Date,QQQ,QLD
2006-06-21,33.109832763671875,0.9833744764328003
2006-06-22,32.69038772583008,0.9602368474006653
2006-06-23,32.65615463256836,0.9573785662651062
2006-06-26,32.74175262451172,0.9609169960021973
2006-06-27,32.12540817260742,0.9249847531318665
2006-06-28,32.36509704589844,0.9362817406654358
2006-06-29,33.34950256347656,0.9929026365280151
2006-06-30,33.18687057495117,0.9833744764328003
2006-07-03,33.38374328613281,0.9948074817657471
2006-07-05,32.65615463256836,0.9556087851524353
2006-07-06,32.62191390991211,0.950028657913208
2006-07-07,32.26239013671875,0.9292042255401611
2006-07-10,31.97992515563965,0.9138243198394775
2006-07-11,32.21958923339844,0.9287955164909363
2006-07-12,31.611846923828125,0.8920471668243408
2006-07-13,31.081119537353516,0.8636002540588379
2006-07-14,30.76439666748047,0.8459067940711975
2006-07-17,30.84144401550293,0.8499893546104431
2006-07-18,30.944164276123047,0.8547534346580505
2006-07-19,31.346481323242188,0.8732640743255615
2006-07-20,30.88423728942871,0.8494449853897095
2006-07-21,30.55896759033203,0.8302541375160217
2006-07-24,31.166719436645508,0.860878050327301
2006-07-25,31.346481323242188,0.8693171739578247
2006-07-26,31.320796966552734,0.8710863590240479
2006-07-27,31.1153564453125,0.8622394800186157
2006-07-28,31.765926361083984,0.8966742753982544
2006-07-31,31.757354736328125,0.8949050903320312
2006-08-01,31.226640701293945,0.8642814755439758
2006-08-02,31.577594757080078,0.8802057504653931
2006-08-03,31.774471282958984,0.8949050903320312
2006-08-04,31.628955841064453,0.8867388963699341
2006-08-07,31.423505783081055,0.8759860396385193
2006-08-08,31.226640701293945,0.8649616837501526
2006-08-09,31.269445419311523,0.8645530343055725
2006-08-10,31.491989135742188,0.8755776882171631
2006-08-11,31.269445419311523,0.8670033812522888
2006-08-14,31.474882125854492,0.8748972415924072
2006-08-15,32.270957946777344,0.9204933047294617
2006-08-16,33.032798767089844,0.96431964635849
2006-08-17,33.152618408203125,0.9704447388648987
2006-08-18,33.203983306884766,0.9690834283828735
2006-08-21,32.88725662231445,0.9513897895812988
2006-08-22,32.895835876464844,0.9538397789001465
2006-08-23,32.64760208129883,0.9377790689468384
2006-08-24,32.74175262451172,0.9449926614761353
2006-08-25,32.801666259765625,0.9486678242683411
2006-08-28,33.049896240234375,0.9622787833213806
2006-08-29,33.152618408203125,0.9684031009674072
2006-08-30,33.30670928955078,0.9769778251647949
2006-08-31,33.272457122802734,0.9758893251419067
2006-09-01,33.45222091674805,0.9847358465194702
2006-09-05,33.77750778198242,1.0024293661117554
2006-09-06,33.101261138916016,0.9633674025535583
2006-09-07,32.94719314575195,0.9547925591468811
2006-09-08,33.144073486328125,0.96431964635849
2006-09-11,33.34950256347656,0.977249801158905
2006-09-12,33.96581268310547,1.0152243375778198
2006-09-13,34.19694519042969,1.0269287824630737
2006-09-14,34.2311897277832,1.0258400440216064
2006-09-15,34.35366439819336,1.0357764959335327
2006-09-18,34.36220932006836,1.0349591970443726
2006-09-19,34.13095474243164,1.0224376916885376
2006-09-20,34.627716064453125,1.052789568901062
2006-09-21,34.41360855102539,1.0391786098480225
2006-09-22,34.148094177246094,1.0212126970291138
2006-09-25,34.747623443603516,1.0589141845703125
2006-09-26,34.91893005371094,1.0676252841949463
2006-09-27,34.8761100769043,1.062180757522583
2006-09-28,34.970314025878906,1.0684422254562378
2006-09-29,34.8161506652832,1.0602755546569824
2006-10-02,34.37933349609375,1.0344151258468628
2006-10-03,34.52494430541992,1.0417649745941162
2006-10-04,35.372867584228516,1.0895379781723022
2006-10-05,35.544166564941406,1.1038297414779663
2006-10-06,35.467071533203125,1.0977044105529785
2006-10-09,35.58698272705078,1.1031485795974731
2006-10-10,35.64695739746094,1.1092742681503296
2006-10-11,35.57843780517578,1.1051907539367676
2006-10-12,36.143707275390625,1.1419399976730347
2006-10-13,36.34071731567383,1.150650978088379
2006-10-16,36.37495803833008,1.152828574180603
2006-10-17,35.97240447998047,1.1303703784942627
2006-10-18,35.80112075805664,1.1147186756134033
2006-10-19,35.88676071166992,1.1242456436157227
2006-10-20,35.97240447998047,1.1269677877426147
2006-10-23,36.34071731567383,1.1471116542816162
2006-10-24,36.09231185913086,1.136223316192627
2006-10-25,36.34071731567383,1.15010666847229
2006-10-26,36.674720764160156,1.168480396270752
2006-10-27,36.152278900146484,1.1354069709777832
2006-10-30,36.38353729248047,1.148745059967041
2006-10-31,36.46917724609375,1.1555507183074951
2006-11-01,35.97240447998047,1.1242456436157227
2006-11-02,36.00667953491211,1.125334620475769
2006-11-03,35.91244125366211,1.1188013553619385
2006-11-06,36.434913635253906,1.1439812183380127
2006-11-07,36.68327331542969,1.1671195030212402
2006-11-08,36.85460662841797,1.1829086542129517
2006-11-09,36.68327331542969,1.1664390563964844
2006-11-10,36.85460662841797,1.1793687343597412
2006-11-13,37.231449127197266,1.1984243392944336
2006-11-14,37.62543869018555,1.229048728942871
2006-11-15,37.77960205078125,1.2368063926696777
2006-11-16,37.94232940673828,1.2494643926620483
2006-11-17,37.94232940673828,1.2467421293258667
2006-11-20,38.019412994384766,1.2515062093734741
2006-11-21,38.070796966552734,1.254908561706543
2006-11-22,38.31061553955078,1.2706972360610962
2006-11-24,38.24211120605469,1.2626667022705078
2006-11-27,37.37702941894531,1.205773949623108
2006-11-28,37.48839569091797,1.2093125581741333
2006-11-29,37.745330810546875,1.229048728942871
2006-11-30,37.71965408325195,1.225237488746643
2006-12-01,37.3941764831543,1.2089048624038696
2006-12-04,37.9080696105957,1.2392563819885254
2006-12-05,38.045108795166016,1.2452452182769775
2006-12-06,37.9080696105957,1.23612642288208
2006-12-07,37.428436279296875,1.205910086631775
2006-12-08,37.5997428894043,1.2181600332260132
2006-12-11,37.736785888671875,1.227686882019043
2006-12-12,37.51408767700195,1.2116271257400513
2006-12-13,37.5826301574707,1.214756965637207
2006-12-14,38.002288818359375,1.2406173944473267
2006-12-15,38.100040435791016,1.248784065246582
2006-12-18,37.72273254394531,1.2202012538909912
2006-12-19,37.60267639160156,1.2154381275177002
2006-12-20,37.4654655456543,1.2070480585098267
2006-12-21,37.19963073730469,1.1903842687606812
2006-12-22,36.81374740600586,1.1679234504699707
2006-12-26,36.96808624267578,1.1737196445465088
2006-12-27,37.15675354003906,1.1851675510406494
2006-12-28,36.97667694091797,1.175168752670288
2006-12-29,37.010990142822266,1.1742993593215942
2007-01-03,37.07959747314453,1.1780675649642944
2007-01-04,37.78276824951172,1.220379114151001
2007-01-05,37.60267639160156,1.2027004957199097
2007-01-08,37.62841033935547,1.210235357284546
2007-01-09,37.81705093383789,1.2250158786773682
2007-01-10,38.26297378540039,1.2570393085479736
2007-01-11,38.657432556152344,1.278050422668457
2007-01-12,38.854679107666016,1.2910921573638916
2007-01-16,38.82895278930664,1.2910921573638916
2007-01-17,38.511653900146484,1.2676173448562622
2007-01-18,37.7999153137207,1.2157418727874756
2007-01-19,37.87708282470703,1.2193642854690552
2007-01-22,37.4654655456543,1.195455551147461
2007-01-23,37.37114715576172,1.1898043155670166
2007-01-24,37.988563537597656,1.225885033607483
2007-01-25,37.499755859375,1.192557692527771
2007-01-26,37.36257553100586,1.1842973232269287
2007-01-29,37.3968620300293,1.191252589225769
2007-01-30,37.41401672363281,1.1944406032562256
2007-01-31,37.79133605957031,1.2092211246490479
2007-02-01,37.73130416870117,1.2106702327728271
2007-02-02,37.8685188293457,1.2211031913757324
2007-02-05,37.83420181274414,1.2169013023376465
2007-02-06,37.78276824951172,1.2113945484161377
2007-02-07,38.12576675415039,1.240230679512024
2007-02-08,38.117191314697266,1.2406655550003052
2007-02-09,37.62841033935547,1.2019760608673096
2007-02-12,37.48259735107422,1.1924117803573608
2007-02-13,37.61125183105469,1.2054537534713745
2007-02-14,38.24581527709961,1.2415345907211304
2007-02-15,38.4687614440918,1.2547208070755005
2007-02-16,38.340152740478516,1.2505189180374146
2007-02-20,38.63172149658203,1.2650095224380493
2007-02-21,38.75177001953125,1.2732688188552856
2007-02-22,38.94900131225586,1.2867445945739746
2007-02-23,38.81178283691406,1.2751519680023193
2007-02-26,38.62313461303711,1.2635600566864014
2007-02-27,37.036712646484375,1.1418406963348389
2007-02-28,37.15675354003906,1.1663295030593872
2007-03-01,36.98526382446289,1.1541574001312256
2007-03-02,36.42786407470703,1.113729476928711
2007-03-05,36.14488220214844,1.098369836807251
2007-03-06,36.74513626098633,1.1385074853897095
2007-03-07,36.599365234375,1.1280750036239624
2007-03-08,36.848045349121094,1.149086356163025
2007-03-09,36.81374740600586,1.1450294256210327
2007-03-12,37.05385208129883,1.1556068658828735
2007-03-13,36.33353042602539,1.11184561252594
2007-03-14,36.86518096923828,1.142710566520691
2007-03-15,36.77945327758789,1.1395220756530762
2007-03-16,36.75114059448242,1.1353206634521484
2007-03-19,37.12866973876953,1.1582149267196655
2007-03-20,37.39466857910156,1.1737196445465088
2007-03-21,38.11545944213867,1.2171907424926758
2007-03-22,37.978179931640625,1.2099459171295166
2007-03-23,37.858028411865234,1.199367642402649
2007-03-26,38.01249694824219,1.2086410522460938
2007-03-27,37.74649429321289,1.1957728862762451
2007-03-28,37.34320068359375,1.1709903478622437
2007-03-29,37.3861083984375,1.1695414781570435
2007-03-30,37.351783752441406,1.1735994815826416
2007-04-02,37.403263092041016,1.169251561164856
2007-04-03,37.892372131347656,1.2030186653137207
2007-04-04,38.04682159423828,1.2101203203201294
2007-04-05,38.23558044433594,1.2231632471084595
2007-04-09,38.14120864868164,1.217221736907959
2007-04-10,38.338565826416016,1.2266411781311035
2007-04-11,37.93526840209961,1.201569676399231
2007-04-12,38.23558044433594,1.222439169883728
2007-04-13,38.31279754638672,1.2267861366271973
2007-04-16,38.66463088989258,1.248234748840332
2007-04-17,38.750431060791016,1.2533079385757446
2007-04-18,38.62171173095703,1.2485253810882568
2007-04-19,38.74183654785156,1.2495399713516235
2007-04-20,38.95637512207031,1.26837956905365
2007-04-23,39.01642608642578,1.2689595222473145
2007-04-24,39.213783264160156,1.279104471206665
2007-04-25,39.73720169067383,1.3159151077270508
2007-04-26,39.94315719604492,1.3296829462051392
2007-04-27,39.9603271484375,1.3311318159103394
2007-04-30,39.43690490722656,1.2963500022888184
2007-05-01,39.40258026123047,1.304321050643921
2007-05-02,39.831607818603516,1.320987343788147
2007-05-03,39.97747039794922,1.3311318159103394
2007-05-04,40.01179122924805,1.3343204259872437
2007-05-07,40.01179122924805,1.3312771320343018
2007-05-08,40.09761047363281,1.3305518627166748
2007-05-09,40.18341064453125,1.3404067754745483
2007-05-10,39.634254455566406,1.3067845106124878
2007-05-11,40.140499114990234,1.3375086784362793
2007-05-14,39.86592483520508,1.318233847618103
2007-05-15,39.55701446533203,1.2992486953735352
2007-05-16,39.94315719604492,1.323451280593872
2007-05-17,39.7543830871582,1.3092490434646606
2007-05-18,40.08045196533203,1.330697774887085
2007-05-21,40.33787536621094,1.349247932434082
2007-05-22,40.3721923828125,1.3508415222167969
2007-05-23,40.18341064453125,1.3389581441879272
2007-05-24,39.608524322509766,1.301133394241333
2007-05-25,39.85734558105469,1.315045714378357
2007-05-29,40.16625213623047,1.3318570852279663
2007-05-30,40.492305755615234,1.3554790019989014
2007-05-31,40.68108367919922,1.3725807666778564
2007-06-01,40.706844329833984,1.371421217918396
2007-06-04,40.82695770263672,1.3753342628479004
2007-06-05,40.82695770263672,1.377218246459961
2007-06-06,40.38935089111328,1.3457697629928589
2007-06-07,39.76295471191406,1.3008427619934082
2007-06-08,40.25206756591797,1.3357690572738647
2007-06-11,40.17483139038086,1.3304072618484497
2007-06-12,39.93458938598633,1.312436580657959
2007-06-13,40.3721923828125,1.3383783102035522
2007-06-14,40.63818359375,1.362001657485962
2007-06-15,41.013450622558594,1.38765287399292
2007-06-18,41.02204895019531,1.3862030506134033
2007-06-19,41.013450622558594,1.3844636678695679
2007-06-20,40.627017974853516,1.359682559967041
2007-06-21,40.99629592895508,1.3851892948150635
2007-06-22,40.609840393066406,1.3580883741378784
2007-06-25,40.438087463378906,1.3514212369918823
2007-06-26,40.20624542236328,1.3362045288085938
2007-06-27,40.82453155517578,1.3666391372680664
2007-06-28,40.8073616027832,1.370117425918579
2007-06-29,40.87605667114258,1.3786672353744507
2007-07-02,41.24531936645508,1.396203875541687
2007-07-03,41.48575973510742,1.4122897386550903
2007-07-05,41.78632354736328,1.4283764362335205
2007-07-06,41.95807647705078,1.4456228017807007
2007-07-09,41.98383331298828,1.4469268321990967
2007-07-10,41.631744384765625,1.4233042001724243
2007-07-11,41.91514205932617,1.4473618268966675
2007-07-12,42.55918884277344,1.4847519397735596
2007-07-13,42.851173400878906,1.5066359043121338
2007-07-16,42.80821990966797,1.5050413608551025
2007-07-17,43.134544372558594,1.5201137065887451
2007-07-18,43.08301544189453,1.5217080116271973
2007-07-19,43.211822509765625,1.5283746719360352
2007-07-20,42.97996520996094,1.515475869178772
2007-07-23,42.99714279174805,1.513012409210205
2007-07-24,42.361698150634766,1.4718540906906128
2007-07-25,42.42180633544922,1.4738836288452148
2007-07-26,42.061126708984375,1.441274642944336
2007-07-27,41.210968017578125,1.383884310722351
2007-07-30,41.69185256958008,1.4228700399398804
2007-07-31,40.815940856933594,1.3622905015945435
2007-08-01,41.13368606567383,1.378812313079834
2007-08-02,41.51152801513672,1.406058430671692
2007-08-03,40.72148895263672,1.3502618074417114
2007-08-06,41.19379425048828,1.3767834901809692
2007-08-07,41.48575973510742,1.3937392234802246
2007-08-08,41.9409065246582,1.4346084594726562
2007-08-09,40.97052001953125,1.3630154132843018
2007-08-10,40.60124969482422,1.3373637199401855
2007-08-13,40.87605667114258,1.35475492477417
2007-08-14,40.18047332763672,1.311567783355713
2007-08-15,39.41619873046875,1.2630177736282349
2007-08-16,39.029762268066406,1.2340333461761475
2007-08-17,39.768280029296875,1.2779452800750732
2007-08-20,39.95720291137695,1.2862058877944946
2007-08-21,40.37799072265625,1.3224363327026367
2007-08-22,40.927574157714844,1.3533061742782593
2007-08-23,40.815940856933594,1.347798466682434
2007-08-24,41.39130401611328,1.38765287399292
2007-08-27,41.11651611328125,1.3604069948196411
2007-08-28,40.13753128051758,1.3021471500396729
2007-08-29,41.28826141357422,1.373740315437317
2007-08-30,41.502933502197266,1.394898533821106
2007-08-31,41.966678619384766,1.419245719909668
2007-09-04,42.66225051879883,1.4688106775283813
2007-09-05,42.232887268066406,1.4385216236114502
2007-09-06,42.19850540161133,1.434753179550171
2007-09-07,41.41706466674805,1.3873623609542847
2007-09-10,41.39130401611328,1.3851892948150635
2007-09-11,42.0181884765625,1.4202605485916138
2007-09-12,42.02676773071289,1.426492691040039
2007-09-13,42.232887268066406,1.4327247142791748
2007-09-14,42.267215728759766,1.4325789213180542
2007-09-17,41.91514205932617,1.4085218906402588
2007-09-18,42.97138977050781,1.4819988012313843
2007-09-19,43.08301544189453,1.4908391237258911
2007-09-20,42.96280288696289,1.4812735319137573
2007-09-21,43.268680572509766,1.499243974685669
2007-09-24,43.46628189086914,1.515475869178772
2007-09-25,43.878684997558594,1.541852593421936
2007-09-26,44.09347915649414,1.555620789527893
2007-09-27,44.3168830871582,1.5760550498962402
2007-09-28,44.170814514160156,1.5666351318359375
2007-10-01,44.6777458190918,1.5934455394744873
2007-10-02,44.68632507324219,1.5970689058303833
2007-10-03,44.37702178955078,1.5724319219589233
2007-10-04,44.480125427246094,1.5796778202056885
2007-10-05,45.38228225708008,1.6527197360992432
2007-10-08,45.66580581665039,1.6651837825775146
2007-10-09,45.863407135009766,1.684023380279541
2007-10-10,45.9751091003418,1.6934435367584229
2007-10-11,45.24480438232422,1.6441688537597656
2007-10-12,45.99229049682617,1.6917040348052979
2007-10-15,45.6400260925293,1.6634445190429688
2007-10-16,45.42523956298828,1.6557629108428955
2007-10-17,46.00947570800781,1.6911245584487915
2007-10-18,46.20708084106445,1.7025740146636963
2007-10-19,45.055782318115234,1.6211265325546265
2007-10-22,45.59705352783203,1.655328631401062
2007-10-23,46.55074691772461,1.7127190828323364
2007-10-24,46.198509216308594,1.7021384239196777
2007-10-25,45.57987594604492,1.6828638315200806
2007-10-26,46.33598327636719,1.7040232419967651
2007-10-29,46.524986267089844,1.7206891775131226
2007-10-30,46.61949157714844,1.7209795713424683
2007-10-31,47.281089782714844,1.7748916149139404
2007-11-01,46.396121978759766,1.7217036485671997
2007-11-02,46.75697708129883,1.7399647235870361
2007-11-05,46.45623779296875,1.718805193901062
2007-11-06,46.98036193847656,1.7470656633377075
2007-11-07,45.83763122558594,1.6653283834457397
2007-11-08,44.44575881958008,1.5463451147079468
2007-11-09,42.9593505859375,1.458376169204712
2007-11-12,41.868186950683594,1.3818562030792236
2007-11-13,43.59515380859375,1.4937376976013184
2007-11-14,43.03669357299805,1.4734481573104858
2007-11-15,42.80470657348633,1.4456228017807007
2007-11-16,43.1999397277832,1.4740281105041504
2007-11-19,42.701595306396484,1.4364925622940063
2007-11-20,42.87344741821289,1.4472169876098633
2007-11-21,42.36652755737305,1.4028698205947876
2007-11-23,42.821868896484375,1.4370722770690918
2007-11-26,42.083011627197266,1.3985224962234497
2007-11-27,42.924991607666016,1.4417093992233276
2007-11-28,44.23096466064453,1.5282293558120728
2007-11-29,44.41997146606445,1.5398231744766235
2007-11-30,44.08490753173828,1.5283746719360352
2007-12-03,43.7154541015625,1.5004035234451294
2007-12-04,43.53501510620117,1.486056923866272
2007-12-05,44.3168830871582,1.5386635065078735
2007-12-06,44.95266342163086,1.5730119943618774
2007-12-07,44.96128463745117,1.5835909843444824
2007-12-10,45.141700744628906,1.5928659439086914
2007-12-11,44.09347915649414,1.5241711139678955
2007-12-12,44.488704681396484,1.5446066856384277
2007-12-13,44.24813461303711,1.5218526124954224
2007-12-14,43.79277420043945,1.498520016670227
2007-12-17,42.72737503051758,1.429826259613037
2007-12-18,42.86484909057617,1.432434320449829
2007-12-19,42.85626220703125,1.4456228017807007
2007-12-20,43.73263168334961,1.5054563283920288
2007-12-21,44.595298767089844,1.5576841831207275
2007-12-24,44.93071365356445,1.5760096311569214
2007-12-26,45.15436553955078,1.5920443534851074
2007-12-27,44.61249923706055,1.5477579832077026
2007-12-28,44.56948471069336,1.5434821844100952
2007-12-31,44.05344009399414,1.5152302980422974
2008-01-02,43.35676574707031,1.466818928718567
2008-01-03,43.537391662597656,1.475218415260315
2008-01-04,41.628013610839844,1.3475494384765625
2008-01-07,41.43016815185547,1.3301405906677246
2008-01-08,40.35508346557617,1.2689013481140137
2008-01-09,41.215171813964844,1.3095239400863647
2008-01-10,41.275390625,1.310287594795227
2008-01-11,40.46690368652344,1.2740941047668457
2008-01-14,41.17217254638672,1.3073855638504028
2008-01-15,40.0368537902832,1.2476747035980225
2008-01-16,39.60681915283203,1.2110236883163452
2008-01-17,39.05635452270508,1.1777313947677612
2008-01-18,39.004764556884766,1.1713179349899292
2008-01-22,37.99845504760742,1.107635259628296
2008-01-23,37.85224914550781,1.1174087524414062
2008-01-24,38.62632751464844,1.1499378681182861
2008-01-25,37.83504867553711,1.099541425704956
2008-01-28,38.127479553222656,1.1163411140441895
2008-01-29,38.1962890625,1.121532917022705
2008-01-30,38.161861419677734,1.1201584339141846
2008-01-31,38.815528869628906,1.1461195945739746
2008-02-01,39.21116256713867,1.1835352182388306
2008-02-04,38.66072463989258,1.1421492099761963
2008-02-05,37.55979537963867,1.0877829790115356
2008-02-06,36.82015609741211,1.0415107011795044
2008-02-07,37.07817077636719,1.0628899335861206
2008-02-08,37.49960708618164,1.0766352415084839
2008-02-11,37.903839111328125,1.1007636785507202
2008-02-12,37.6888313293457,1.0926697254180908
2008-02-13,38.51451110839844,1.131611943244934
2008-02-14,37.81783676147461,1.0958765745162964
2008-02-15,37.6888313293457,1.0919064283370972
2008-02-19,37.62002182006836,1.0815216302871704
2008-02-20,37.79203414916992,1.0914480686187744
2008-02-21,37.43080139160156,1.0748021602630615
2008-02-22,37.568416595458984,1.0842703580856323
2008-02-25,37.757652282714844,1.0886991024017334
2008-02-26,37.903839111328125,1.0987783670425415
2008-02-27,38.093055725097656,1.1058027744293213
2008-02-28,37.946834564208984,1.0819791555404663
2008-02-29,36.940555572509766,1.049757480621338
2008-03-03,36.69972610473633,1.0270020961761475
2008-03-04,36.906158447265625,1.0354018211364746
2008-03-05,37.086761474609375,1.0552549362182617
2008-03-06,36.26968765258789,1.001499891281128
2008-03-07,36.18367004394531,0.9961547255516052
2008-03-10,35.48701477050781,0.9564488530158997
2008-03-11,36.837337493896484,1.043190360069275
2008-03-12,36.734134674072266,1.0228798389434814
2008-03-13,37.017948150634766,1.0393725633621216
2008-03-14,36.3385009765625,0.9975284934043884
2008-03-17,35.676239013671875,0.9718726873397827
2008-03-18,37.267364501953125,1.0560184717178345
2008-03-19,36.34709548950195,1.0033323764801025
2008-03-20,37.089935302734375,1.0317363739013672
2008-03-24,38.372459411621094,1.1163411140441895
2008-03-25,38.587642669677734,1.124739646911621
2008-03-26,38.47573471069336,1.1025960445404053
2008-03-27,37.62358856201172,1.079994559288025
2008-03-28,37.43424606323242,1.063653588294983
2008-03-31,37.632198333740234,1.0682357549667358
2008-04-01,39.2418098449707,1.1580313444137573
2008-04-02,39.155757904052734,1.1659727096557617
2008-04-03,39.2418098449707,1.1679577827453613
2008-04-04,39.474220275878906,1.173761010169983
2008-04-07,39.38813400268555,1.1671944856643677
2008-04-08,39.08687973022461,1.156809687614441
2008-04-09,38.64789581298828,1.131611943244934
2008-04-10,39.19878387451172,1.1584898233413696
2008-04-11,38.11423110961914,1.0963349342346191
2008-04-14,37.942073822021484,1.0804530382156372
2008-04-15,37.99371337890625,1.0819791555404663
2008-04-16,39.05244827270508,1.1620014905929565
2008-04-17,38.96636962890625,1.1644450426101685
2008-04-18,40.20585632324219,1.2108701467514038
2008-04-21,40.48990249633789,1.2270581722259521
2008-04-22,39.88737106323242,1.2033873796463013
2008-04-23,40.32635498046875,1.2162151336669922
2008-04-24,40.68788528442383,1.23270845413208
2008-04-25,40.58458709716797,1.233930230140686
2008-04-28,40.662078857421875,1.2382062673568726
2008-04-29,40.97193908691406,1.2534778118133545
2008-04-30,40.63623809814453,1.234693169593811
2008-05-01,41.918758392333984,1.3119676113128662
2008-05-02,41.97901916503906,1.3263219594955444
2008-05-05,41.858516693115234,1.3092178106307983
2008-05-06,42.11674499511719,1.3379286527633667
2008-05-07,41.35066604614258,1.2858527898788452
2008-05-08,41.66053009033203,1.2875328063964844
2008-05-09,41.49700164794922,1.2867696285247803
2008-05-12,42.25446319580078,1.3348740339279175
2008-05-13,42.36635208129883,1.3426622152328491
2008-05-14,42.27167510986328,1.331514835357666
2008-05-15,43.01192092895508,1.3835901021957397
2008-05-16,43.04636001586914,1.3835901021957397
2008-05-19,42.73648452758789,1.3701512813568115
2008-05-20,42.40939712524414,1.3452585935592651
2008-05-21,41.47116470336914,1.289976716041565
2008-05-22,41.61748504638672,1.2873809337615967
2008-05-23,41.48838806152344,1.283104419708252
2008-05-27,42.220035552978516,1.3264753818511963
2008-05-28,42.392181396484375,1.3418995141983032
2008-05-29,42.770904541015625,1.3663337230682373
2008-05-30,43.04636001586914,1.3820632696151733
2008-06-02,42.52130126953125,1.3510621786117554
2008-06-03,42.28889846801758,1.3345686197280884
2008-06-04,42.83115768432617,1.3573230504989624
2008-06-05,43.51116180419922,1.408634901046753
2008-06-06,42.20281982421875,1.3153263330459595
2008-06-09,41.97901916503906,1.3127307891845703
2008-06-10,41.78103256225586,1.2956266403198242
2008-06-11,40.77395248413086,1.2362210750579834
2008-06-12,40.8170051574707,1.2385120391845703
2008-06-13,41.634708404541016,1.2849371433258057
2008-06-16,42.00484848022461,1.303415298461914
2008-06-17,41.78103256225586,1.297000765800476
2008-06-18,41.33345413208008,1.268290638923645
2008-06-19,41.97901916503906,1.3041789531707764
2008-06-20,40.8454704284668,1.2400386333465576
2008-06-23,40.526790618896484,1.2123979330062866
2008-06-24,40.32005310058594,1.2048051357269287
2008-06-25,40.97468185424805,1.2307769060134888
2008-06-26,39.320892333984375,1.143694519996643
2008-06-27,39.320892333984375,1.1469024419784546
2008-06-30,38.907432556152344,1.1206245422363281
2008-07-01,39.45868682861328,1.1499578952789307
2008-07-02,38.51121139526367,1.093583106994629
2008-07-03,38.442283630371094,1.087777018547058
2008-07-07,38.67486572265625,1.1042773723602295
2008-07-08,39.596519470214844,1.1433881521224976
2008-07-09,38.545650482177734,1.0998468399047852
2008-07-10,39.002166748046875,1.1187909841537476
2008-07-11,38.38199996948242,1.0842630863189697
2008-07-14,38.09774398803711,1.0685275793075562
2008-07-15,38.106353759765625,1.063943862915039
2008-07-16,39.05385208129883,1.1148186922073364
2008-07-17,39.312255859375,1.1100833415985107
2008-07-18,38.4078369140625,1.0960276126861572
2008-07-21,38.571495056152344,1.096943736076355
2008-07-22,38.571495056152344,1.0960276126861572
2008-07-23,39.07968521118164,1.12108314037323
2008-07-24,38.49396514892578,1.082735538482666
2008-07-25,38.9935417175293,1.1117630004882812
2008-07-28,38.26139831542969,1.0779991149902344
2008-07-29,39.05385208129883,1.110235571861267
2008-07-30,39.251991271972656,1.1293325424194336
2008-07-31,39.157222747802734,1.1255137920379639
2008-08-01,38.657630920410156,1.0983186960220337
2008-08-04,38.27003479003906,1.0763182640075684
2008-08-05,39.562049865722656,1.1424719095230103
2008-08-06,40.16501235961914,1.1766942739486694
2008-08-07,39.85491180419922,1.1644721031188965
2008-08-08,40.75933074951172,1.2101517915725708
2008-08-11,41.12970733642578,1.2329167127609253
2008-08-12,41.17278289794922,1.2378052473068237
2008-08-13,41.08665084838867,1.231846809387207
2008-08-14,41.560386657714844,1.2613327503204346
2008-08-15,41.48285675048828,1.2620964050292969
2008-08-18,41.0004997253418,1.234749674797058
2008-08-19,40.49231719970703,1.203887939453125
2008-08-20,40.561222076416016,1.1970137357711792
2008-08-21,40.37173080444336,1.182805061340332
2008-08-22,40.90577697753906,1.2161104679107666
2008-08-25,40.04441833496094,1.1708881855010986
2008-08-26,39.99272537231445,1.1661518812179565
2008-08-27,40.25113296508789,1.177762746810913
2008-08-28,40.578453063964844,1.1841799020767212
2008-08-29,39.7256965637207,1.1470545530319214
2008-09-02,39.2347526550293,1.1181800365447998
2008-09-03,38.864356994628906,1.0977075099945068
2008-09-04,37.60678482055664,1.0269720554351807
2008-09-05,37.42588806152344,1.0234580039978027
2008-09-08,37.356971740722656,1.0118470191955566
2008-09-09,36.564544677734375,0.9738053679466248
2008-09-10,36.86601638793945,0.9826661348342896
2008-09-11,37.55509948730469,1.0223884582519531
2008-09-12,37.4086799621582,1.0263609886169434
2008-09-15,36.24584197998047,0.959291398525238
2008-09-16,36.530086517333984,0.9655550122261047
2008-09-17,34.63509750366211,0.8693055510520935
2008-09-18,35.806541442871094,0.9320964217185974
2008-09-19,36.97705078125,0.9676943421363831
2008-09-22,35.23595428466797,0.8945135474205017
2008-09-23,34.968746185302734,0.8769439458847046
2008-09-24,35.2100944519043,0.8951246738433838
2008-09-25,35.770362854003906,0.9042912125587463
2008-09-26,35.408321380615234,0.8983328342437744
2008-09-29,32.59843063354492,0.7249298691749573
2008-09-30,33.53792953491211,0.8002499341964722
2008-10-01,33.184539794921875,0.7793186902999878
2008-10-02,31.676136016845703,0.7165279388427734
2008-10-03,31.184850692749023,0.6836801171302795
2008-10-06,30.047094345092773,0.6196663975715637
2008-10-07,28.142213821411133,0.5576391220092773
2008-10-08,27.918102264404297,0.5434300899505615
2008-10-09,27.168224334716797,0.5014169216156006
2008-10-10,26.995834350585938,0.5089027285575867
2008-10-13,30.279815673828125,0.6340278387069702
2008-10-14,28.969669342041016,0.5752077102661133
2008-10-15,26.3752384185791,0.47009655833244324
2008-10-16,27.80605125427246,0.5235692858695984
2008-10-17,27.84054183959961,0.5224997401237488
2008-10-20,28.61627769470215,0.5576391220092773
2008-10-21,27.13374900817871,0.501569390296936
2008-10-22,26.383861541748047,0.46765226125717163
2008-10-23,26.280433654785156,0.4633745551109314
2008-10-24,25.435728073120117,0.43663910031318665
2008-10-27,24.728944778442383,0.4111250340938568
2008-10-28,27.461286544799805,0.49713900685310364
2008-10-29,27.39232635498047,0.502485454082489
2008-10-30,28.30598258972168,0.52861088514328
2008-10-31,28.349075317382812,0.5313612222671509
2008-11-03,28.288740158081055,0.5338057279586792
2008-11-04,29.0903377532959,0.5642077326774597
2008-11-05,27.573331832885742,0.50263911485672
2008-11-06,26.340761184692383,0.45512494444847107
2008-11-07,26.88378143310547,0.47498562932014465
2008-11-10,26.521780014038086,0.46704113483428955
2008-11-11,25.944271087646484,0.4485552906990051
2008-11-12,24.74618148803711,0.4031805396080017
2008-11-13,26.254573822021484,0.450388640165329
2008-11-14,24.978900909423828,0.4060836434364319
2008-11-17,24.453126907348633,0.39034727215766907
2008-11-18,24.427261352539062,0.38683319091796875
2008-11-19,23.151599884033203,0.34680578112602234
2008-11-20,22.031091690063477,0.31518062949180603
2008-11-21,22.98782730102539,0.33993008732795715
2008-11-24,24.39278793334961,0.38041695952415466
2008-11-25,24.28074073791504,0.3778190016746521
2008-11-26,25.297822952270508,0.4089856445789337
2008-11-28,25.099578857421875,0.4039442241191864
2008-12-01,23.211933135986328,0.3439027667045593
2008-12-02,23.987674713134766,0.36590278148651123
2008-12-03,24.668601989746094,0.3842361271381378
2008-12-04,23.970436096191406,0.3636109232902527
2008-12-05,24.944429397583008,0.39279165863990784
2008-12-08,25.92703628540039,0.4239582419395447
2008-12-09,25.866697311401367,0.420596718788147
2008-12-10,25.780506134033203,0.4201391041278839
2008-12-11,25.073720932006836,0.3969169557094574
2008-12-12,25.58226203918457,0.4123472273349762
2008-12-15,25.13405418395996,0.39798566699028015
2008-12-16,26.340761184692383,0.43541690707206726
2008-12-17,26.021846771240234,0.42518046498298645
2008-12-18,25.565021514892578,0.41143009066581726
2008-12-19,25.774778366088867,0.4160139262676239
2008-12-22,25.213699340820312,0.39981895685195923
2008-12-23,25.084232330322266,0.3947775363922119
2008-12-24,25.15328598022461,0.3958471417427063
2008-12-26,25.1446533203125,0.3961522579193115
2008-12-29,24.937480926513672,0.3860694468021393
2008-12-30,25.455406188964844,0.4036390781402588
2008-12-31,25.671194076538086,0.4108189642429352
2009-01-02,26.784704208374023,0.4470280110836029
2009-01-05,26.77607536315918,0.4470280110836029
2009-01-06,27.043663024902344,0.456194669008255
2009-01-07,26.27543067932129,0.4306805729866028
2009-01-08,26.5516414642334,0.4399997591972351
2009-01-09,25.956043243408203,0.42044419050216675
2009-01-12,25.48129653930664,0.40486133098602295
2009-01-13,25.489927291870117,0.4044027626514435
2009-01-14,24.713056564331055,0.38011085987091064
2009-01-15,25.118757247924805,0.3912634253501892
2009-01-16,25.394969940185547,0.4010412096977234
2009-01-20,24.134719848632812,0.36284729838371277
2009-01-21,25.161911010742188,0.39065226912498474
2009-01-22,24.825265884399414,0.38240280747413635
2009-01-23,24.946117401123047,0.3839300870895386
2009-01-26,25.12738609313965,0.3897361159324646
2009-01-27,25.30864906311035,0.3961522579193115
2009-01-28,26.19773292541504,0.42258358001708984
2009-01-29,25.533090591430664,0.4022633731365204
2009-01-30,25.084232330322266,0.3869856297969818
2009-02-02,25.386333465576172,0.3970694839954376
2009-02-03,25.78341293334961,0.4097503125667572
2009-02-04,25.81793785095215,0.41005533933639526
2009-02-05,26.38764190673828,0.4286946952342987
2009-02-06,27.07818603515625,0.45054104924201965
2009-02-09,27.190410614013672,0.45558351278305054
2009-02-10,26.189102172851562,0.4213613271713257
2009-02-11,26.06825065612793,0.4183058440685272
2009-02-12,26.38764190673828,0.42777755856513977
2009-02-13,26.266794204711914,0.4231947064399719
2009-02-17,25.222335815429688,0.3911108374595642
2009-02-18,25.239606857299805,0.3900412917137146
2009-02-19,24.851177215576172,0.3788886070251465
2009-02-20,24.92022705078125,0.37995827198028564
2009-02-23,24.048398971557617,0.3538331389427185
2009-02-24,24.8425350189209,0.375833123922348
2009-02-25,24.678531646728516,0.37155529856681824
2009-02-26,23.98797607421875,0.3513885736465454
2009-02-27,23.763540267944336,0.3440553545951843
2009-03-02,22.995315551757812,0.32236137986183167
2009-03-03,22.97805404663086,0.321750283241272
2009-03-04,23.590913772583008,0.3380967378616333
2009-03-05,22.883098602294922,0.3185412585735321
2009-03-06,22.701826095581055,0.31365230679512024
2009-03-09,22.21843719482422,0.2994442582130432
2009-03-10,23.590913772583008,0.335958331823349
2009-03-11,23.953447341918945,0.3460412919521332
2009-03-12,24.74757194519043,0.3694169521331787
2009-03-13,24.80799674987793,0.3721664249897003
2009-03-16,24.393678665161133,0.3585694432258606
2009-03-17,25.31728172302246,0.3856109082698822
2009-03-18,25.636669158935547,0.3953886032104492
2009-03-19,25.619403839111328,0.3952361047267914
2009-03-20,25.229467391967773,0.38377755880355835
2009-03-23,26.716598510742188,0.42899978160858154
2009-03-24,26.22376823425293,0.4138745367527008
2009-03-25,26.344820022583008,0.4166249930858612
2009-03-26,27.157550811767578,0.44275015592575073
2009-03-27,26.647424697875977,0.425027996301651
2009-03-30,25.990314483642578,0.4034856855869293
2009-03-31,26.21512794494629,0.41265225410461426
2009-04-01,26.604206085205078,0.4241107702255249
2009-04-02,27.460163116455078,0.4513058364391327
2009-04-03,27.970298767089844,0.46780580282211304
2009-04-06,27.9011173248291,0.4650551974773407
2009-04-07,27.166196823120117,0.43954116106033325
2009-04-08,27.624446868896484,0.456194669008255
2009-04-09,28.48041343688965,0.4835411012172699
2009-04-13,28.437179565429688,0.4823189675807953
2009-04-14,28.091339111328125,0.46994417905807495
2009-04-15,28.013521194458008,0.46933305263519287
2009-04-16,28.73980712890625,0.492555171251297
2009-04-17,28.80031394958496,0.492861270904541
2009-04-20,27.87517547607422,0.4610835313796997
2009-04-21,28.26425552368164,0.4743745028972626
2009-04-22,28.350719451904297,0.4786522686481476
2009-04-23,28.627399444580078,0.4885835349559784
2009-04-24,29.128870010375977,0.5047774910926819
2009-04-27,29.16346549987793,0.5052359700202942
2009-04-28,28.94729995727539,0.4982077181339264
2009-04-29,29.34503173828125,0.5114997625350952
2009-04-30,29.638992309570312,0.5212774276733398
2009-05-01,29.716819763183594,0.524027943611145
2009-05-04,30.30474090576172,0.5461804866790771
2009-05-05,30.278806686401367,0.5444995164871216
2009-05-06,30.287458419799805,0.5443469882011414
2009-05-07,29.578466415405273,0.5183744430541992
2009-05-08,29.59575843811035,0.5202077627182007
2009-05-11,29.69951820373535,0.5234167575836182
2009-05-12,29.336376190185547,0.510429859161377
2009-05-13,28.54958724975586,0.4821663796901703
2009-05-14,28.86948585510254,0.492555171251297
2009-05-15,28.852190017700195,0.49148547649383545
2009-05-18,29.604413986206055,0.5176107883453369
2009-05-19,29.742746353149414,0.5235692858695984
2009-05-20,29.638992309570312,0.5192916393280029
2009-05-21,29.094284057617188,0.5003471374511719
2009-05-22,28.999187469482422,0.49652785062789917
2009-05-26,30.079954147338867,0.534416913986206
2009-05-27,29.872447967529297,0.5255553126335144
2009-05-28,30.21829605102539,0.539763331413269
2009-05-29,30.590085983276367,0.5515280365943909
2009-06-01,31.46333122253418,0.5848329067230225
2009-06-02,31.506568908691406,0.5848329067230225
2009-06-03,31.411470413208008,0.5833056569099426
2009-06-04,31.76597785949707,0.5950692892074585
2009-06-05,31.800521850585938,0.5965966582298279
2009-06-08,31.70543098449707,0.5920137763023376
2009-06-09,31.9475154876709,0.6019439697265625
2009-06-10,31.835107803344727,0.5972077250480652
2009-06-11,31.835107803344727,0.5965966582298279
2009-06-12,31.688142776489258,0.5923188328742981
2009-06-15,31.039657592773438,0.5668056607246399
2009-06-16,30.737056732177734,0.5568743944168091
2009-06-17,31.03101348876953,0.5661945343017578
2009-06-18,30.97050666809082,0.5632916688919067
2009-06-19,31.302921295166016,0.5759724378585815
2009-06-22,30.367984771728516,0.5434300899505615
2009-06-23,30.298736572265625,0.5403743386268616
2009-06-24,30.809478759765625,0.5579440593719482
2009-06-25,31.415468215942383,0.580707848072052
2009-06-26,31.484699249267578,0.5828471779823303
2009-06-29,31.553970336914062,0.5845282077789307
2009-06-30,31.49336814880371,0.5820833444595337
2009-07-01,31.51069450378418,0.5829995274543762
2009-07-02,30.818140029907227,0.5579440593719482
2009-07-06,30.653669357299805,0.5527501702308655
2009-07-07,29.891878128051758,0.5250966548919678
2009-07-08,30.04768943786621,0.5298331379890442
2009-07-09,30.099637985229492,0.5309026837348938
2009-07-10,30.229476928710938,0.5362501740455627
2009-07-13,30.809478759765625,0.5561108589172363
2009-07-14,30.92203140258789,0.5600835680961609
2009-07-15,31.96083641052246,0.5973613262176514
2009-07-16,32.341732025146484,0.6117218136787415
2009-07-17,32.51485824584961,0.6182916760444641
2009-07-20,32.82651901245117,0.6303612589836121
2009-07-21,33.05159378051758,0.6401388645172119
2009-07-22,33.32860565185547,0.6493056416511536
2009-07-23,34.064449310302734,0.6786389946937561
2009-07-24,33.804744720458984,0.6780278086662292
2009-07-27,34.064449310302734,0.6790966987609863
2009-07-28,33.83071517944336,0.683527946472168
2009-07-29,34.05577087402344,0.6780278086662292
2009-07-30,34.25489807128906,0.6858187913894653
2009-07-31,34.151004791259766,0.681083619594574
2009-08-03,34.66175079345703,0.7017075419425964
2009-08-04,34.66175079345703,0.7012500762939453
2009-08-05,34.39339065551758,0.6916248202323914
2009-08-06,34.090415954589844,0.6795551180839539
2009-08-07,34.523258209228516,0.6951388120651245
2009-08-10,34.28086471557617,0.6876518726348877
2009-08-11,33.98652648925781,0.6752774119377136
2009-08-12,34.514591217041016,0.6960552334785461
2009-08-13,34.705047607421875,0.7030833959579468
2009-08-14,34.30684280395508,0.6870409846305847
2009-08-17,33.31129455566406,0.647013783454895
2009-08-18,33.787418365478516,0.6651946306228638
2009-08-19,34.02115249633789,0.6745135188102722
2009-08-20,34.41935729980469,0.690861165523529
2009-08-21,34.8781623840332,0.7079722881317139
2009-08-24,34.84355926513672,0.7069025635719299
2009-08-25,34.947418212890625,0.7116389870643616
2009-08-26,34.88683319091797,0.7098057270050049
2009-08-27,34.973388671875,0.7127073407173157
2009-08-28,35.00802993774414,0.714388370513916
2009-08-31,34.653076171875,0.6992632150650024
2009-09-01,34.003841400146484,0.6732914447784424
2009-09-02,33.9778938293457,0.671916663646698
2009-09-03,34.20295333862305,0.681083619594574
2009-09-04,34.938785552978516,0.7098057270050049
2009-09-08,35.26772689819336,0.7240135073661804
2009-09-09,35.57073211669922,0.7360833287239075
2009-09-10,35.90834426879883,0.7498327493667603
2009-09-11,35.94295883178711,0.751055121421814
2009-09-14,36.08146667480469,0.7570136785507202
2009-09-15,36.194000244140625,0.7620552182197571
2009-09-16,36.722068786621094,0.7843610644340515
2009-09-17,36.71342086791992,0.783750057220459
2009-09-18,36.77492904663086,0.7875691056251526
2009-09-21,36.88758087158203,0.7909298539161682
2009-09-22,36.956905364990234,0.7942914366722107
2009-09-23,36.78361129760742,0.7860410809516907
2009-09-24,36.454322814941406,0.7725964188575745
2009-09-25,36.13371658325195,0.7591519951820374
2009-09-28,36.748939514160156,0.7848187685012817
2009-09-29,36.584312438964844,0.7782500386238098
2009-09-30,36.61030197143555,0.7787075638771057
2009-10-01,35.52715301513672,0.7333327531814575
2009-10-02,35.423179626464844,0.7282915711402893
2009-10-05,35.7091178894043,0.7403610348701477
2009-10-06,36.3416748046875,0.7660277485847473
2009-10-07,36.445655822753906,0.7704581022262573
2009-10-08,36.60163497924805,0.7774853706359863
2009-10-09,36.80960464477539,0.7854297757148743
2009-10-12,36.88758087158203,0.7892501950263977
2009-10-13,36.8962516784668,0.7890965342521667
2009-10-14,37.39883804321289,0.810791552066803
2009-10-15,37.31218338012695,0.8078884482383728
2009-10-16,37.06956481933594,0.7974994778633118
2009-10-19,37.44215774536133,0.8121662735939026
2009-10-20,37.45082473754883,0.8130832314491272
2009-10-21,37.381500244140625,0.8098742961883545
2009-10-22,37.528804779052734,0.8170550465583801
2009-10-23,37.37282943725586,0.810485303401947
2009-10-26,37.251522064208984,0.8046804070472717
2009-10-27,36.68828201293945,0.780846893787384
2009-10-28,35.86508560180664,0.7452501058578491
2009-10-29,36.47163772583008,0.76984703540802
2009-10-30,35.492496490478516,0.7287499308586121
2009-11-02,35.63980484008789,0.734555184841156
2009-11-03,35.75245666503906,0.7395964860916138
2009-11-04,35.8131103515625,0.7420409321784973
2009-11-05,36.69695281982422,0.7779438495635986
2009-11-06,36.9135856628418,0.7875691056251526
2009-11-09,37.70209884643555,0.8213328123092651
2009-11-10,37.79741287231445,0.8239299654960632
2009-11-11,38.04005432128906,0.8352358937263489
2009-11-12,37.82341384887695,0.8265277147293091
2009-11-13,38.135379791259766,0.8404297232627869
2009-11-16,38.525306701660156,0.8575409054756165
2009-11-17,38.6466064453125,0.8621246814727783
2009-11-18,38.429996490478516,0.8532629609107971
2009-11-19,37.83208465576172,0.8257632851600647
2009-11-20,37.641456604003906,0.8185833096504211
2009-11-23,38.248008728027344,0.8433327078819275
2009-11-24,38.11804962158203,0.8379852771759033
2009-11-25,38.28266906738281,0.8450135588645935
2009-11-27,37.70209884643555,0.8198054432868958
2009-11-30,37.74544143676758,0.8207217454910278
2009-12-01,38.135379791259766,0.8381387591362
2009-12-02,38.187355041503906,0.8410409688949585
2009-12-03,38.031375885009766,0.8341659307479858
2009-12-04,38.230682373046875,0.8424167037010193
2009-12-07,38.04871368408203,0.8341659307479858
2009-12-08,37.814754486083984,0.8239299654960632
2009-12-09,38.196022033691406,0.8404297232627869
2009-12-10,38.386661529541016,0.8489853143692017
2009-12-11,38.23934555053711,0.8428741693496704
2009-12-14,38.603271484375,0.8583053350448608
2009-12-15,38.386661529541016,0.8492915034294128
2009-12-16,38.43864059448242,0.8515831828117371
2009-12-17,37.97072219848633,0.8311106562614441
2009-12-18,38.5895881652832,0.8570833802223206
2009-12-21,39.02356719970703,0.8769439458847046
2009-12-22,39.25790023803711,0.8873327970504761
2009-12-23,39.54435729980469,0.8998610377311707
2009-12-24,39.90888977050781,0.9163609743118286
2009-12-28,40.117191314697266,0.9255276918411255
2009-12-29,39.95228576660156,0.9183468818664551
2009-12-30,40.07380676269531,0.9236945509910583
2009-12-31,39.70925521850586,0.9087215662002563
2010-01-04,40.290802001953125,0.9330136775970459
2010-01-05,40.290802001953125,0.9336247444152832
2010-01-06,40.047767639160156,0.9233881831169128
2010-01-07,40.07380676269531,0.9235410094261169
2010-01-08,40.403629302978516,0.9385136365890503
2010-01-11,40.23870849609375,0.9316388368606567
2010-01-12,39.73530197143555,0.9084166288375854
2010-01-13,40.23003387451172,0.9301103949546814
2010-01-14,40.2647590637207,0.9313327670097351
2010-01-15,39.79606628417969,0.9105548858642578
2010-01-19,40.43833541870117,0.9391247034072876
2010-01-20,39.856815338134766,0.9128469824790955
2010-01-21,39.483585357666016,0.8949722647666931
2010-01-22,38.329193115234375,0.843485414981842
2010-01-25,38.459388732910156,0.8483742475509644
2010-01-26,38.494110107421875,0.8502076268196106
2010-01-27,38.79789352416992,0.8628882765769958
2010-01-28,37.79972839355469,0.8198054432868958
2010-01-29,37.14009475708008,0.7904722094535828
2010-02-01,37.54802703857422,0.8069722652435303
2010-02-02,37.886531829833984,0.821791410446167
2010-02-03,38.0948371887207,0.8312631249427795
2010-02-04,36.9925422668457,0.7840550541877747
2010-02-05,37.304988861083984,0.7952075600624084
2010-02-08,37.03593063354492,0.7851247787475586
2010-02-09,37.4178352355957,0.8013187646865845
2010-02-10,37.3397102355957,0.7979580760002136
2010-02-11,37.90388870239258,0.8213328123092651
2010-02-12,37.98202133178711,0.8253055214881897
2010-02-16,38.46806716918945,0.8460833430290222
2010-02-17,38.68505859375,0.8550962805747986
2010-02-18,38.92808532714844,0.8660964965820312
2010-02-19,38.91073226928711,0.8650277853012085
2010-02-22,38.832611083984375,0.8613611459732056
2010-02-23,38.329193115234375,0.8395135402679443
2010-02-24,38.71977233886719,0.8560136556625366
2010-02-25,38.71107864379883,0.8578467965126038
2010-02-26,38.849979400634766,0.8628882765769958
2010-03-01,39.41415023803711,0.8871803283691406
2010-03-02,39.53568649291992,0.8925276398658752
2010-03-03,39.57905578613281,0.8946660757064819
2010-03-04,39.70925521850586,0.9003186821937561
2010-03-05,40.30814743041992,0.9269024133682251
2010-03-08,40.386268615722656,0.9311802387237549
2010-03-09,40.6119384765625,0.9438611268997192
2010-03-10,40.941768646240234,0.956694483757019
2010-03-11,41.097984313964844,0.9635690450668335
2010-03-12,41.10666275024414,0.9649437665939331
2010-03-15,41.002525329589844,0.9609720706939697
2010-03-16,41.26291275024414,0.9727358222007751
2010-03-17,41.375728607177734,0.9762499332427979
2010-03-18,41.51464080810547,0.9831246733665466
2010-03-19,41.26350021362305,0.971818745136261
2010-03-22,41.63711166381836,0.9892357587814331
2010-03-23,41.92386245727539,1.0034438371658325
2010-03-24,41.72403335571289,0.9938187599182129
2010-03-25,41.6631965637207,0.9895405173301697
2010-03-26,41.70663070678711,0.9930547475814819
2010-03-29,41.9064826965332,1.0019166469573975
2010-03-30,42.045509338378906,1.0083327293395996
2010-03-31,41.84565734863281,0.9997767806053162
2010-04-01,41.84565734863281,0.9988613128662109
2010-04-05,42.236671447753906,1.0165833234786987
2010-04-06,42.35831069946289,1.0222355127334595
2010-04-07,42.2540397644043,1.0184166431427002
2010-04-08,42.349632263183594,1.021318793296814
2010-04-09,42.60158920288086,1.0339992046356201
2010-04-12,42.636356353759766,1.0355275869369507
2010-04-13,42.85356903076172,1.0462214946746826
2010-04-14,43.366207122802734,1.0714296102523804
2010-04-15,43.5573844909668,1.08074951171875
2010-04-16,43.03604507446289,1.0552358627319336
2010-04-19,43.00996017456055,1.0534021854400635
2010-04-20,43.22719955444336,1.064402461051941
2010-04-21,43.470481872558594,1.0763182640075684
2010-04-22,43.71376419067383,1.0876246690750122
2010-04-23,43.89625930786133,1.096943736076355
2010-04-26,43.80067825317383,1.0915963649749756
2010-04-27,42.870933532714844,1.0466800928115845
2010-04-28,42.897003173828125,1.0475962162017822
2010-04-29,43.644248962402344,1.0828886032104492
2010-04-30,42.78406524658203,1.041943907737732
2010-05-03,43.38360595703125,1.0699023008346558
2010-05-04,42.080257415771484,1.0052772760391235
2010-05-05,41.86304473876953,0.9954996109008789
2010-05-06,40.4641227722168,0.9296520352363586
2010-05-07,39.45621871948242,0.884888231754303
2010-05-10,41.50678253173828,0.9731943011283875
2010-05-11,41.46335220336914,0.9721246957778931
2010-05-12,42.24534225463867,1.0083327293395996
2010-05-13,41.57630157470703,0.9768612384796143
2010-05-14,40.77693176269531,0.9401941299438477
2010-05-17,40.907257080078125,0.9459994435310364
2010-05-18,40.342472076416016,0.9198741912841797
2010-05-19,40.02100372314453,0.9036802649497986
2010-05-20,38.53519821166992,0.8384440541267395
2010-05-21,38.9609489440918,0.8557074666023254
2010-05-24,38.80455017089844,0.8479164838790894
2010-05-25,38.83931350708008,0.8499026298522949
2010-05-26,38.40486526489258,0.8292770981788635
2010-05-27,39.85590744018555,0.8943608403205872
2010-05-28,39.62129592895508,0.8829026222229004
2010-06-01,39.25638198852539,0.8659439086914062
2010-06-02,40.186073303222656,0.9084166288375854
2010-06-03,40.56840133666992,0.9244580864906311
2010-06-04,39.17818069458008,0.8636520504951477
2010-06-07,38.465694427490234,0.831416666507721
2010-06-08,38.39617156982422,0.827902615070343
2010-06-09,38.07467269897461,0.8132356405258179
2010-06-10,39.160804748535156,0.8595277667045593
2010-06-11,39.53441619873047,0.8755691051483154
2010-06-14,39.52573013305664,0.8757218718528748
2010-06-15,40.58576965332031,0.922318696975708
2010-06-16,40.750858306884766,0.9311802387237549
2010-06-17,40.881202697753906,0.9365275502204895
2010-06-18,40.915138244628906,0.9391247034072876
2010-06-21,40.566932678222656,0.9255276918411255
2010-06-22,40.253543853759766,0.9073469638824463
2010-06-23,40.088134765625,0.9009298086166382
2010-06-24,39.47877502441406,0.8728187084197998
2010-06-25,39.48661804199219,0.8693055510520935
2010-06-28,39.34703826904297,0.8639578223228455
2010-06-29,37.829349517822266,0.7973470687866211
2010-06-30,37.25365447998047,0.7730551958084106
2010-07-01,37.14900207519531,0.7684722542762756
2010-07-02,37.04432678222656,0.7640411257743835
2010-07-06,37.157711029052734,0.7680137157440186
2010-07-07,38.34397506713867,0.8167500495910645
2010-07-08,38.55331039428711,0.8253055214881897
2010-07-09,38.919647216796875,0.8418056964874268
2010-07-12,39.033042907714844,0.8463884592056274
2010-07-13,39.5389404296875,0.8671659827232361
2010-07-14,39.73956298828125,0.8772500157356262
2010-07-15,39.774452209472656,0.8793884515762329
2010-07-16,38.67540740966797,0.8309579491615295
2010-07-19,39.00688552856445,0.8444024920463562
2010-07-20,39.477882385253906,0.8638055920600891
2010-07-21,38.93709945678711,0.8413469791412354
2010-07-22,39.9227409362793,0.8835136294364929
2010-07-23,40.175697326660156,0.8948187232017517
2010-07-26,40.50715255737305,0.9087215662002563
2010-07-27,40.48970413208008,0.908110499382019
2010-07-28,40.166961669921875,0.8942074179649353
2010-07-29,39.87039566040039,0.880763053894043
2010-07-30,39.95762252807617,0.8851944804191589
2010-08-02,40.7077751159668,0.9175831079483032
2010-08-03,40.533329010009766,0.9104023575782776
2010-08-04,40.943275451660156,0.9288883805274963
2010-08-05,40.847312927246094,0.9244580864906311
2010-08-06,40.78627395629883,0.921402633190155
2010-08-09,41.06538009643555,0.9331661462783813
2010-08-10,40.7077751159668,0.9186518788337708
2010-08-11,39.600006103515625,0.8677772283554077
2010-08-12,39.2860107421875,0.853110671043396
2010-08-13,39.00688552856445,0.8411944508552551
2010-08-16,39.07666015625,0.8444024920463562
2010-08-17,39.5738410949707,0.865791380405426
2010-08-18,39.730831146240234,0.8722075819969177
2010-08-19,39.12900161743164,0.8460833430290222
2010-08-20,39.18132019042969,0.8482215404510498
2010-08-23,38.79753112792969,0.8315690159797668
2010-08-24,38.073577880859375,0.801472008228302
2010-08-25,38.439918518066406,0.8156802654266357
2010-08-26,37.977630615234375,0.7968882918357849
2010-08-27,38.439918518066406,0.8169025778770447
2010-08-30,38.038692474365234,0.7991801500320435
2010-08-31,37.907859802246094,0.7947499752044678
2010-09-01,39.041778564453125,0.8402772545814514
2010-09-02,39.477882385253906,0.8598328828811646
2010-09-03,40.132080078125,0.8891660571098328
2010-09-07,39.861690521240234,0.8760276436805725
2010-09-08,40.34141540527344,0.896805465221405
2010-09-09,40.4984130859375,0.9035277366638184
2010-09-10,40.646705627441406,0.9100966453552246
2010-09-13,41.21367263793945,0.9362215399742126
2010-09-14,41.388118743896484,0.9437075257301331
2010-09-15,41.6497917175293,0.9557769894599915
2010-09-16,41.815513610839844,0.9631103277206421
2010-09-17,41.9571418762207,0.9693741202354431
2010-09-20,42.691551208496094,1.003138780593872
2010-09-21,42.682823181152344,1.0008468627929688
2010-09-22,42.56915283203125,0.9974848628044128
2010-09-23,42.551658630371094,0.9967218041419983
2010-09-24,43.41721725463867,1.0369024276733398
2010-09-27,43.181156158447266,1.0262075662612915
2010-09-28,43.16366195678711,1.0277355909347534
2010-09-29,43.09373092651367,1.0217771530151367
2010-09-30,42.9013786315918,1.0127633810043335
2010-10-01,42.84892654418945,1.0106247663497925
2010-10-04,42.38555908203125,0.988472044467926
2010-10-05,43.41721725463867,1.0359853506088257
2010-10-06,43.0412712097168,1.0194851160049438
2010-10-07,43.19862747192383,1.0251386165618896
2010-10-08,43.49589538574219,1.0376659631729126
2010-10-11,43.51338577270508,1.0407216548919678
2010-10-12,43.810638427734375,1.0559992790222168
2010-10-13,44.16910934448242,1.0723469257354736
2010-10-14,44.0816764831543,1.0682216882705688
2010-10-15,45.01716995239258,1.1132913827896118
2010-10-18,44.851043701171875,1.1100833415985107
2010-10-19,44.43138885498047,1.0836517810821533
2010-10-20,44.754878997802734,1.0995405912399292
2010-10-21,44.8422966003418,1.1039716005325317
2010-10-22,45.14830017089844,1.119249701499939
2010-10-25,45.36686706542969,1.1284164190292358
2010-10-26,45.489280700683594,1.1351386308670044
2010-10-27,45.629154205322266,1.143235683441162
2010-10-28,45.7253532409668,1.1476659774780273
2010-10-29,45.62041473388672,1.1438466310501099
2010-11-01,45.65540313720703,1.1441518068313599
2010-11-02,46.14498519897461,1.1681386232376099
2010-11-03,46.354820251464844,1.179596185684204
2010-11-04,46.92310333251953,1.2074023485183716
2010-11-05,46.92310333251953,1.2077075242996216
2010-11-08,46.98430633544922,1.2107630968093872
2010-11-09,46.73077392578125,1.195485234260559
2010-11-10,46.96683120727539,1.1916654109954834
2010-11-11,46.66957473754883,1.1945687532424927
2010-11-12,45.908939361572266,1.154388427734375
2010-11-15,45.73409652709961,1.147207260131836
2010-11-16,44.982181549072266,1.1087075471878052
2010-11-17,45.113338470458984,1.1148186922073364
2010-11-18,45.8389892578125,1.1505684852600098
2010-11-19,45.87397766113281,1.1522495746612549
2010-11-22,46.258644104003906,1.1724162101745605
2010-11-23,45.52424621582031,1.1357495784759521
2010-11-24,46.442256927490234,1.1805135011672974
2010-11-26,46.13624954223633,1.1646249294281006
2010-11-29,46.101295471191406,1.1641656160354614
2010-11-30,45.541744232177734,1.1342216730117798
2010-12-01,46.503440856933594,1.182347059249878
2010-12-02,46.9755859375,1.2072498798370361
2010-12-03,47.09797668457031,1.212749719619751
2010-12-06,47.08050537109375,1.2116801738739014
2010-12-07,47.10671615600586,1.2141245603561401
2010-12-08,47.28156280517578,1.2235959768295288
2010-12-09,47.325286865234375,1.2246662378311157
2010-12-10,47.64002990722656,1.2410130500793457
2010-12-13,47.473915100097656,1.2327629327774048
2010-12-14,47.561344146728516,1.2353607416152954
2010-12-15,47.35150909423828,1.2257354259490967
2010-12-16,47.71872329711914,1.2431520223617554
2010-12-17,47.760765075683594,1.2469717264175415
2010-12-20,47.795799255371094,1.2495689392089844
2010-12-21,48.084896087646484,1.2627073526382446
2010-12-22,48.076141357421875,1.2639293670654297
2010-12-23,47.953487396240234,1.2572070360183716
2010-12-27,47.979774475097656,1.257360816001892
2010-12-28,47.892154693603516,1.2536940574645996
2010-12-29,47.99729919433594,1.2587355375289917
2010-12-30,47.88339614868164,1.2523186206817627
2010-12-31,47.70820999145508,1.24406898021698
2011-01-03,48.45280838012695,1.2822628021240234
2011-01-04,48.41777420043945,1.279971957206726
2011-01-05,48.82952880859375,1.3022770881652832
2011-01-06,48.98719787597656,1.3102216720581055
2011-01-07,48.943382263183594,1.3085405826568604
2011-01-10,49.12736511230469,1.3172496557235718
2011-01-11,49.19744873046875,1.3207629919052124
2011-01-12,49.54785919189453,1.3394023180007935
2011-01-13,49.565372467041016,1.342457890510559
2011-01-14,49.933319091796875,1.3617074489593506
2011-01-18,50.0734748840332,1.3690407276153564
2011-01-19,49.50403594970703,1.3383326530456543
2011-01-20,49.15364074707031,1.3174021244049072
2011-01-21,48.77694320678711,1.297694206237793
2011-01-24,49.45148468017578,1.3342074155807495
2011-01-25,49.52157974243164,1.3371102809906006
2011-01-26,49.78438186645508,1.3526941537857056
2011-01-27,50.09099578857422,1.368888020515442
2011-01-28,48.82075119018555,1.2993741035461426
2011-01-31,49.057273864746094,1.3123608827590942
2011-02-01,49.97710418701172,1.3606384992599487
2011-02-02,49.898250579833984,1.3563607931137085
2011-02-03,49.98585891723633,1.3603328466415405
2011-02-04,50.26618576049805,1.3768326044082642
2011-02-07,50.502716064453125,1.3901243209838867
2011-02-08,50.835628509521484,1.4098320007324219
2011-02-09,50.747989654541016,1.4035687446594238
2011-02-10,50.82685470581055,1.4086105823516846
2011-02-11,51.19477462768555,1.4277069568634033
2011-02-14,51.317420959472656,1.4345827102661133
2011-02-15,51.24734115600586,1.4310686588287354
2011-02-16,51.580238342285156,1.450013279914856
2011-02-17,51.56270217895508,1.4487911462783813
2011-02-18,51.448822021484375,1.4428322315216064
2011-02-22,49.9595832824707,1.3574291467666626
2011-02-23,49.54785919189453,1.3354294300079346
2011-02-24,49.81065368652344,1.3484163284301758
2011-02-25,50.502716064453125,1.3867624998092651
2011-02-28,50.60783767700195,1.3937914371490479
2011-03-01,49.79313278198242,1.3493328094482422
2011-03-02,50.05592727661133,1.3624716997146606
2011-03-03,51.04584884643555,1.4159436225891113
2011-03-04,50.78304672241211,1.4003608226776123
2011-03-07,50.09975814819336,1.3641515970230103
2011-03-08,50.30122756958008,1.3743879795074463
2011-03-09,49.9595832824707,1.3551385402679443
2011-03-10,49.17991638183594,1.3141940832138062
2011-03-11,49.48652267456055,1.3291654586791992
2011-03-14,49.311336517333984,1.3195406198501587
2011-03-15,48.610511779785156,1.2836382389068604
2011-03-16,47.4366455078125,1.2217628955841064
2011-03-17,47.87464904785156,1.2429991960525513
2011-03-18,47.766746520996094,1.2379577159881592
2011-03-21,48.68785858154297,1.2833328247070312
2011-03-22,48.600154876708984,1.281805157661438
2011-03-23,48.87207794189453,1.294638752937317
2011-03-24,49.74058151245117,1.343679666519165
2011-03-25,49.8633918762207,1.3470406532287598
2011-03-28,49.5914421081543,1.3309992551803589
2011-03-29,50.07392120361328,1.3571242094039917
2011-03-30,50.31080627441406,1.3704167604446411
2011-03-31,50.3809928894043,1.3745406866073608
2011-04-01,50.40729904174805,1.375610113143921
2011-04-04,50.24061584472656,1.367360234260559
2011-04-05,50.10902786254883,1.3589578866958618
2011-04-06,50.231842041015625,1.3655273914337158
2011-04-07,50.196754455566406,1.3649166822433472
2011-04-08,49.95990753173828,1.3516243696212769
2011-04-11,49.793212890625,1.3426101207733154
2011-04-12,49.451087951660156,1.324735403060913
2011-04-13,49.872169494628906,1.3465828895568848
2011-04-14,49.78443908691406,1.3407772779464722
2011-04-15,49.696720123291016,1.3364992141723633
2011-04-18,49.34579849243164,1.3172496557235718
2011-04-19,49.65284729003906,1.3339022397994995
2011-04-20,50.7757453918457,1.3933322429656982
2011-04-21,51.179290771484375,1.415485143661499
2011-04-25,51.31086730957031,1.423582911491394
2011-04-26,51.600364685058594,1.4385550022125244
2011-04-27,51.95127868652344,1.4587215185165405
2011-04-28,51.87233352661133,1.455054521560669
2011-04-29,51.82844924926758,1.4538322687149048
2011-05-02,51.731956481933594,1.447568655014038
2011-05-03,51.48631286621094,1.4325960874557495
2011-05-04,51.40737533569336,1.4295403957366943
2011-05-05,51.12665557861328,1.412277102470398
2011-05-06,51.29332733154297,1.4232770204544067
2011-05-09,51.48631286621094,1.4335134029388428
2011-05-10,51.92494201660156,1.4570403099060059
2011-05-11,51.547752380371094,1.4356517791748047
2011-05-12,51.85476303100586,1.4518464803695679
2011-05-13,51.24069595336914,1.4182356595993042
2011-05-16,50.35466384887695,1.368888020515442
2011-05-17,50.49502182006836,1.3759163618087769
2011-05-18,50.91611099243164,1.400207281112671
2011-05-19,51.065242767333984,1.4078466892242432
2011-05-20,50.67924118041992,1.3864576816558838
2011-05-23,49.93357467651367,1.3468881845474243
2011-05-24,49.62653732299805,1.3296242952346802
2011-05-25,49.81953430175781,1.339554786682129
2011-05-26,50.126564025878906,1.356666088104248
2011-05-27,50.3809928894043,1.3699575662612915
2011-05-31,51.19683074951172,1.4124293327331543
2011-06-01,50.08271408081055,1.3516243696212769
2011-06-02,50.18799591064453,1.358040452003479
2011-06-03,49.43354415893555,1.3177074193954468
2011-06-06,49.03000259399414,1.2947914600372314
2011-06-07,48.942283630371094,1.2911242246627808
2011-06-08,48.59137725830078,1.2715691328048706
2011-06-09,48.67910385131836,1.275235652923584
2011-06-10,47.933433532714844,1.2376517057418823
2011-06-13,47.933433532714844,1.2358187437057495
2011-06-14,48.54751205444336,1.2668325901031494
2011-06-15,47.62638854980469,1.2223740816116333
2011-06-16,47.44215774536133,1.2119849920272827
2011-06-17,47.293575286865234,1.2037357091903687
2011-06-20,47.53975296020508,1.2154992818832397
2011-06-21,48.559661865234375,1.2672911882400513
2011-06-22,48.20795440673828,1.2503324747085571
2011-06-23,48.6563835144043,1.2735545635223389
2011-06-24,47.81230926513672,1.2290962934494019
2011-06-27,48.57724380493164,1.2689719200134277
2011-06-28,49.2982063293457,1.3056385517120361
2011-06-29,49.50044250488281,1.3170961141586304
2011-06-30,50.15985107421875,1.35101318359375
2011-07-01,50.915992736816406,1.39241623878479
2011-07-05,51.17094802856445,1.4055542945861816
2011-07-06,51.3380126953125,1.413651704788208
2011-07-07,52.04138946533203,1.4544436931610107
2011-07-08,51.90071487426758,1.4454295635223389
2011-07-11,50.959938049316406,1.3947069644927979
2011-07-12,50.573081970214844,1.3714852333068848
2011-07-13,50.78409957885742,1.3834022283554077
2011-07-14,50.19502639770508,1.3516243696212769
2011-07-15,50.86323165893555,1.3872212171554565
2011-07-18,50.59067916870117,1.3728606700897217
2011-07-19,51.742462158203125,1.4356517791748047
2011-07-20,51.52265930175781,1.4222073554992676
2011-07-21,51.86555480957031,1.442984700202942
2011-07-22,52.401885986328125,1.4717073440551758
2011-07-25,52.29637908935547,1.466665506362915
2011-07-26,52.42824172973633,1.4718610048294067
2011-07-27,51.07425308227539,1.3974577188491821
2011-07-28,51.162166595458984,1.401888132095337
2011-07-29,50.9951171875,1.391957402229309
2011-08-01,50.75771713256836,1.3818740844726562
2011-08-02,49.474063873291016,1.3105272054672241
2011-08-03,49.948829650878906,1.333749771118164
2011-08-04,47.627685546875,1.211527705192566
2011-08-05,47.32874298095703,1.195180058479309
2011-08-08,44.48004913330078,1.0552358627319336
2011-08-09,46.6253662109375,1.1528611183166504
2011-08-10,44.71745681762695,1.0584441423416138
2011-08-11,46.68689727783203,1.1514849662780762
2011-08-12,47.10015869140625,1.170735239982605
2011-08-15,47.79473114013672,1.2051103115081787
2011-08-16,47.39029312133789,1.1847914457321167
2011-08-17,47.10892868041992,1.1718053817749023
2011-08-18,44.79658508300781,1.0576801300048828
2011-08-19,43.98768997192383,1.019027590751648
2011-08-22,44.14592742919922,1.0255963802337646
2011-08-23,45.965946197509766,1.109013557434082
2011-08-24,46.3264274597168,1.126124382019043
2011-08-25,45.570281982421875,1.0906801223754883
2011-08-26,46.713287353515625,1.1438466310501099
2011-08-29,48.014530181884766,1.2099989652633667
2011-08-30,48.33106231689453,1.224513292312622
2011-08-31,48.41018295288086,1.230165719985962
2011-09-01,47.97056579589844,1.2060273885726929
2011-09-02,46.84516525268555,1.1496517658233643
2011-09-06,46.85397720336914,1.1501108407974243
2011-09-07,48.04092025756836,1.2078604698181152
2011-09-08,47.82110595703125,1.1967074871063232
2011-09-09,46.75723648071289,1.1435402631759644
2011-09-12,47.3551139831543,1.1739436388015747
2011-09-13,47.98815155029297,1.2040411233901978
2011-09-14,48.67395782470703,1.2385691404342651
2011-09-15,49.39491271972656,1.275235652923584
2011-09-16,49.84769058227539,1.2969294786453247
2011-09-19,49.86530303955078,1.2998327016830444
2011-09-20,49.645084381103516,1.2886801958084106
2011-09-21,48.78184509277344,1.2433053255081177
2011-09-22,47.19629669189453,1.1629436016082764
2011-09-23,47.698402404785156,1.1869295835494995
2011-09-26,48.25334930419922,1.2141245603561401
2011-09-27,48.75541687011719,1.2394850254058838
2011-09-28,48.03312301635742,1.202818512916565
2011-09-29,47.460575103759766,1.1750136613845825
2011-09-30,46.236175537109375,1.1145132780075073
2011-10-03,45.04701232910156,1.0563052892684937
2011-10-04,45.97190475463867,1.0995405912399292
2011-10-05,47.15225601196289,1.1560689210891724
2011-10-06,47.94504165649414,1.194262981414795
2011-10-07,47.6279296875,1.1792913675308228
2011-10-10,49.2751350402832,1.2599573135375977
2011-10-11,49.60985565185547,1.2758464813232422
2011-10-12,49.856483459472656,1.290513515472412
2011-10-13,50.31452560424805,1.3146519660949707
2011-10-14,51.248252868652344,1.3620132207870483
2011-10-17,50.45547103881836,1.322291374206543
2011-10-18,51.08087921142578,1.353151559829712
2011-10-19,50.094322204589844,1.3010547161102295
2011-10-20,49.84769058227539,1.2894434928894043
2011-10-21,50.47309494018555,1.3206102848052979
2011-10-24,51.52131652832031,1.3751518726348877
2011-10-25,50.50833511352539,1.321985125541687
2011-10-26,50.4466552734375,1.31816565990448
2011-10-27,51.83842849731445,1.3916517496109009
2011-10-28,51.91769027709961,1.394554615020752
2011-10-31,51.0456428527832,1.3485691547393799
2011-11-01,49.71555709838867,1.2775278091430664
2011-11-02,50.13835906982422,1.2981517314910889
2011-11-03,51.17778015136719,1.3526941537857056
2011-11-04,50.91352081298828,1.339249849319458
2011-11-07,51.27467727661133,1.3577353954315186
2011-11-08,51.86485290527344,1.3889023065567017
2011-11-09,50.04146957397461,1.2929579019546509
2011-11-10,50.01503372192383,1.2894434928894043
2011-11-11,50.95756149291992,1.337568998336792
2011-11-14,50.64046096801758,1.322291374206543
2011-11-15,51.20420455932617,1.35101318359375
2011-11-16,50.358585357666016,1.3051797151565552
2011-11-17,49.17822265625,1.2474294900894165
2011-11-18,48.79947280883789,1.2261943817138672
2011-11-21,47.86575698852539,1.1797497272491455
2011-11-22,48.02430725097656,1.1857075691223145
2011-11-23,46.94086837768555,1.1320828199386597
2011-11-25,46.57971954345703,1.1157357692718506
2011-11-28,48.20048141479492,1.192429542541504
2011-11-29,47.90098190307617,1.178221344947815
2011-11-30,49.671504974365234,1.2651516199111938
2011-12-01,50.01503372192383,1.2828739881515503
2011-12-02,49.87411117553711,1.2735545635223389
2011-12-05,50.42023468017578,1.3028877973556519
2011-12-06,50.2793083190918,1.2966246604919434
2011-12-07,50.2793083190918,1.2978464365005493
2011-12-08,49.43366622924805,1.2533882856369019
2011-12-09,50.22644805908203,1.2929579019546509
2011-12-12,49.66271209716797,1.2646939754486084
2011-12-13,49.116580963134766,1.23551344871521
2011-12-14,48.35022735595703,1.1983882188796997
2011-12-15,48.21809768676758,1.1907498836517334
2011-12-16,48.46634292602539,1.2015959024429321
2011-12-19,47.98930358886719,1.1802074909210205
2011-12-20,49.4116325378418,1.2489581108093262
2011-12-21,48.70487976074219,1.2124437093734741
2011-12-22,49.1201057434082,1.2332215309143066
2011-12-23,49.54417419433594,1.2549161911010742
2011-12-27,49.728965759277344,1.2622499465942383
2011-12-28,49.15422821044922,1.2353607416152954
2011-12-29,49.50791549682617,1.250484824180603
2011-12-30,49.366424560546875,1.2445272207260132
2012-01-03,50.31256103515625,1.2899023294448853
2012-01-04,50.52477264404297,1.3010547161102295
2012-01-05,50.940364837646484,1.323207139968872
2012-01-06,51.11720275878906,1.3316102027893066
2012-01-09,50.949195861816406,1.3239719867706299
2012-01-10,51.32058334350586,1.3430689573287964
2012-01-11,51.426700592041016,1.3491798639297485
2012-01-12,51.63005828857422,1.360180139541626
2012-01-13,51.44437789916992,1.3505548238754272
2012-01-17,51.91300964355469,1.3727071285247803
2012-01-18,52.602718353271484,1.4093739986419678
2012-01-19,52.92987060546875,1.4280132055282593
2012-01-20,52.85029983520508,1.4241939783096313
2012-01-23,52.86797332763672,1.4244991540908813
2012-01-24,52.770713806152344,1.4194575548171997
2012-01-25,53.43388748168945,1.4545962810516357
2012-01-26,53.24818801879883,1.4440544843673706
2012-01-27,53.4073486328125,1.4542911052703857
2012-01-30,53.451576232910156,1.4559718370437622
2012-01-31,53.52230453491211,1.4594846963882446
2012-02-01,53.95558547973633,1.4824022054672241
2012-02-02,54.12356948852539,1.4926382303237915
2012-02-03,54.8663330078125,1.5332766771316528
2012-02-06,54.82210922241211,1.5319018363952637
2012-02-07,54.937076568603516,1.5378608703613281
2012-02-08,55.228858947753906,1.552068829536438
2012-02-09,55.626773834228516,1.5759022235870361
2012-02-10,55.23771667480469,1.553749680519104
2012-02-13,55.75055694580078,1.5810960531234741
2012-02-14,55.892032623291016,1.589805006980896
2012-02-15,55.50297164916992,1.566887617111206
2012-02-16,56.26342010498047,1.6110402345657349
2012-02-17,56.086578369140625,1.6011101007461548
2012-02-21,56.2457275390625,1.609054446220398
2012-02-22,55.98929977416992,1.5953049659729004
2012-02-23,56.36069107055664,1.6166940927505493
2012-02-24,56.555213928222656,1.6273877620697021
2012-02-27,56.634788513183594,1.6313605308532715
2012-02-28,57.20953369140625,1.664360523223877
2012-02-29,56.95311737060547,1.6507625579833984
2012-03-01,57.4040412902832,1.6750550270080566
2012-03-02,57.35987091064453,1.6732213497161865
2012-03-05,56.76740646362305,1.6396100521087646
2012-03-06,56.210350036621094,1.6067627668380737
2012-03-07,56.64363479614258,1.6304433345794678
2012-03-08,57.25374221801758,1.6663461923599243
2012-03-09,57.49248504638672,1.6804019212722778
2012-03-12,57.519012451171875,1.681776762008667
2012-03-13,58.58893585205078,1.7434988021850586
2012-03-14,58.79230499267578,1.7570960521697998
2012-03-15,58.96031951904297,1.7653467655181885
2012-03-16,58.9186897277832,1.7624433040618896
2012-03-19,59.334991455078125,1.7900956869125366
2012-03-20,59.44124984741211,1.7952910661697388
2012-03-21,59.45013427734375,1.7962071895599365
2012-03-22,59.326133728027344,1.7878053188323975
2012-03-23,59.29069137573242,1.787346363067627
2012-03-26,60.32698440551758,1.8486100435256958
2012-03-27,60.41557312011719,1.853193759918213
2012-03-28,60.17641067504883,1.8385270833969116
2012-03-29,59.94613265991211,1.8266099691390991
2012-03-30,59.83099365234375,1.8172911405563354
2012-04-02,60.45100021362305,1.8544158935546875
2012-04-03,60.43328857421875,1.8547207117080688
2012-04-04,59.60955047607422,1.8044577836990356
2012-04-05,59.98155212402344,1.8252352476119995
2012-04-09,59.52983474731445,1.7988046407699585
2012-04-10,58.5732307434082,1.7393735647201538
2012-04-11,58.85667037963867,1.757707118988037
2012-04-12,59.52983474731445,1.7963606119155884
2012-04-13,58.62641143798828,1.7430400848388672
2012-04-16,57.9709587097168,1.705916166305542
2012-04-17,59.14896774291992,1.7728321552276611
2012-04-18,58.99839782714844,1.7629016637802124
2012-04-19,58.3341064453125,1.726540446281433
2012-04-20,58.174678802490234,1.7147767543792725
2012-04-23,57.64322280883789,1.68544340133667
2012-04-24,57.333248138427734,1.6652767658233643
2012-04-25,58.85667037963867,1.7537353038787842
2012-04-26,59.20210647583008,1.7746655941009521
2012-04-27,59.55637741088867,1.795749306678772
2012-04-30,59.13125991821289,1.7705402374267578
2012-05-01,59.22867965698242,1.7757353782653809
2012-05-02,59.3969612121582,1.7839844226837158
2012-05-03,58.76809310913086,1.7468605041503906
2012-05-04,57.30664825439453,1.6602352857589722
2012-05-07,57.359806060791016,1.6625272035598755
2012-05-08,57.14722442626953,1.6499991416931152
2012-05-09,56.97007751464844,1.6444991827011108
2012-05-10,56.854942321777344,1.6322767734527588
2012-05-11,56.84607696533203,1.633193850517273
2012-05-14,56.31463623046875,1.6032497882843018
2012-05-15,56.12863540649414,1.5916383266448975
2012-05-16,55.747772216796875,1.5699434280395508
2012-05-17,54.569740295410156,1.5036382675170898
2012-05-18,53.86117172241211,1.4657498598098755
2012-05-21,55.36690902709961,1.544582724571228
2012-05-22,55.304908752441406,1.541832447052002
2012-05-23,55.41119384765625,1.5503880977630615
2012-05-24,55.048030853271484,1.5302211046218872
2012-05-25,54.97718048095703,1.5241104364395142
2012-05-29,55.676902770996094,1.5623050928115845
2012-05-30,55.20745849609375,1.5369434356689453
2012-05-31,54.96833038330078,1.523805022239685
2012-06-01,53.50687789916992,1.4419163465499878
2012-06-04,53.9143180847168,1.4633052349090576
2012-06-05,54.1357421875,1.4761384725570679
2012-06-06,55.37575149536133,1.5448880195617676
2012-06-07,55.15432357788086,1.531138300895691
2012-06-08,55.68578338623047,1.5623050928115845
2012-06-11,54.746891021728516,1.5124989748001099
2012-06-12,55.41119384765625,1.544582724571228
2012-06-13,55.03032302856445,1.523805022239685
2012-06-14,55.234046936035156,1.5354162454605103
2012-06-15,55.920291900634766,1.5729990005493164
2012-06-18,56.444068908691406,1.6026383638381958
2012-06-19,57.030006408691406,1.6353325843811035
2012-06-20,57.074378967285156,1.639915943145752
2012-06-21,55.65396499633789,1.5564990043640137
2012-06-22,56.23988723754883,1.5885828733444214
2012-06-25,55.15682601928711,1.5268604755401611
2012-06-26,55.503028869628906,1.5476384162902832
2012-06-27,55.840389251708984,1.565665602684021
2012-06-28,55.21895217895508,1.5320544242858887
2012-06-29,56.958980560302734,1.626776933670044
2012-07-02,57.12764358520508,1.6371656656265259
2012-07-03,57.60702133178711,1.6640546321868896
2012-07-05,57.64254379272461,1.6658880710601807
2012-07-06,56.92347717285156,1.6240270137786865
2012-07-09,56.816925048828125,1.6194432973861694
2012-07-10,56.25763702392578,1.58705472946167
2012-07-11,55.94691848754883,1.5687211751937866
2012-07-12,55.42314910888672,1.5409162044525146
2012-07-13,56.26651382446289,1.5855274200439453
2012-07-16,56.10672378540039,1.5775831937789917
2012-07-17,56.39968490600586,1.5925545692443848
2012-07-18,57.16315460205078,1.6365543603897095
2012-07-19,57.79347229003906,1.6719986200332642
2012-07-20,57.030006408691406,1.6295273303985596
2012-07-23,56.33753204345703,1.5910274982452393
2012-07-24,55.893646240234375,1.5638325214385986
2012-07-25,55.52079772949219,1.5421383380889893
2012-07-26,56.25763702392578,1.5818606615066528
2012-07-27,57.589298248291016,1.6613050699234009
2012-07-30,57.544898986816406,1.656110167503357
2012-07-31,57.527130126953125,1.6533607244491577
2012-08-01,57.35847473144531,1.644804835319519
2012-08-02,57.154296875,1.633499026298523
2012-08-03,58.237342834472656,1.69369375705719
2012-08-06,58.68124771118164,1.7208877801895142
2012-08-07,59.16951370239258,1.7499160766601562
2012-08-08,59.14286804199219,1.7465543746948242
2012-08-09,59.32042694091797,1.757249355316162
2012-08-10,59.355934143066406,1.7609158754348755
2012-08-13,59.49797821044922,1.7685546875
2012-08-14,59.52461624145508,1.7706938982009888
2012-08-15,59.675537109375,1.7795546054840088
2012-08-16,60.38572692871094,1.8211097717285156
2012-08-17,60.65207290649414,1.8369988203048706
2012-08-20,60.7408332824707,1.8431103229522705
2012-08-21,60.50115966796875,1.829054355621338
2012-08-22,60.749725341796875,1.84280526638031
2012-08-23,60.25258255004883,1.8137768507003784
2012-08-24,60.62542724609375,1.8345540761947632
2012-08-27,60.72310256958008,1.8409714698791504
2012-08-28,60.72310256958008,1.8409714698791504
2012-08-29,60.72310256958008,1.8406658172607422
2012-08-30,60.11052703857422,1.8039990663528442
2012-08-31,60.51002502441406,1.8293604850769043
2012-09-04,60.44790267944336,1.8247768878936768
2012-09-05,60.38572692871094,1.8201942443847656
2012-09-06,61.72627639770508,1.899943470954895
2012-09-07,61.637489318847656,1.894749641418457
2012-09-10,60.84738540649414,1.8476940393447876
2012-09-11,60.749725341796875,1.8415826559066772
2012-09-12,60.927276611328125,1.853193759918213
2012-09-13,61.75288391113281,1.9005545377731323
2012-09-14,62.30332565307617,1.936305046081543
2012-09-17,62.32994842529297,1.9375269412994385
2012-09-18,62.38322830200195,1.9411935806274414
2012-09-19,62.498600006103516,1.9473047256469727
2012-09-20,62.43648147583008,1.9442493915557861
2012-09-21,62.454280853271484,1.9457765817642212
2012-09-24,62.08927536010742,1.920109748840332
2012-09-25,61.21678161621094,1.8672494888305664
2012-09-26,60.718196868896484,1.8382209539413452
2012-09-27,61.555084228515625,1.8877211809158325
2012-09-28,61.047630310058594,1.8586935997009277
2012-10-01,60.95859146118164,1.8501380681991577
2012-10-02,61.136627197265625,1.862971544265747
2012-10-03,61.52837371826172,1.88405442237854
2012-10-04,61.74205017089844,1.8981094360351562
2012-10-05,61.4126091003418,1.8770272731781006
2012-10-08,60.85176086425781,1.8452491760253906
2012-10-09,59.88134002685547,1.7868880033493042
2012-10-10,59.57863998413086,1.7685546875
2012-10-11,59.39168167114258,1.7548049688339233
2012-10-12,59.364967346191406,1.7538878917694092
2012-10-15,59.801204681396484,1.778638243675232
2012-10-16,60.64698791503906,1.8302768468856812
2012-10-17,60.61137771606445,1.829054355621338
2012-10-18,59.908042907714844,1.7871935367584229
2012-10-19,58.47468566894531,1.7010270357131958
2012-10-22,58.77736282348633,1.7193603515625
2012-10-23,58.21647262573242,1.6851383447647095
2012-10-24,58.011714935302734,1.6704717874526978
2012-10-25,58.011714935302734,1.6726101636886597
2012-10-26,58.18083953857422,1.6823879480361938
2012-10-31,57.824737548828125,1.6613050699234009
2012-11-01,58.64381408691406,1.7089717388153076
2012-11-02,58.020599365234375,1.6680272817611694
2012-11-05,58.40342712402344,1.69369375705719
2012-11-06,58.51028823852539,1.7010270357131958
2012-11-07,57.130306243896484,1.6194432973861694
2012-11-08,56.23112106323242,1.571777105331421
2012-11-09,56.471527099609375,1.5836942195892334
2012-11-12,56.462589263916016,1.5809435844421387
2012-11-13,56.07085418701172,1.5610827207565308
2012-11-14,55.41203689575195,1.522582769393921
2012-11-15,55.225074768066406,1.5112769603729248
2012-11-16,55.465450286865234,1.5241104364395142
2012-11-19,56.78310775756836,1.5974435806274414
2012-11-20,56.80088806152344,1.598360300064087
2012-11-21,56.916648864746094,1.6059989929199219
2012-11-23,57.78023147583008,1.6536654233932495
2012-11-26,58.02952194213867,1.670165777206421
2012-11-27,57.833648681640625,1.657027006149292
2012-11-28,58.33220672607422,1.68544340133667
2012-11-29,58.679439544677734,1.7053054571151733
2012-11-30,58.58150100708008,1.7013325691223145
2012-12-03,58.465763092041016,1.6955273151397705
2012-12-04,58.43014907836914,1.6884992122650146
2012-12-05,57.78023147583008,1.6530543565750122
2012-12-06,58.15414810180664,1.6741385459899902
2012-12-07,57.80693054199219,1.6539719104766846
2012-12-10,57.976097106933594,1.664360523223877
2012-12-11,58.73284149169922,1.7080544233322144
2012-12-12,58.608211517333984,1.6988879442214966
2012-12-13,58.14523696899414,1.6729164123535156
2012-12-14,57.59328079223633,1.6417497396469116
2012-12-17,58.35893249511719,1.686665415763855
2012-12-18,59.24921798706055,1.7364718914031982
2012-12-19,58.991031646728516,1.7211936712265015
2012-12-20,58.991031646728516,1.719971776008606
2012-12-21,58.37062454223633,1.6860545873641968
2012-12-24,58.254215240478516,1.676888108253479
2012-12-26,57.74394989013672,1.6503269672393799
2012-12-27,57.654415130615234,1.6442065238952637
2012-12-28,57.099361419677734,1.6120749711990356
2012-12-31,58.307945251464844,1.6772561073303223
2013-01-02,60.16110610961914,1.7855842113494873
2013-01-03,59.84778594970703,1.7690598964691162
2013-01-04,59.65082931518555,1.7562072277069092
2013-01-07,59.66875076293945,1.7595731019973755
2013-01-08,59.55234909057617,1.7546766996383667
2013-01-09,59.776161193847656,1.7626330852508545
2013-01-10,60.1342658996582,1.7843601703643799
2013-01-11,60.214847564697266,1.790174126625061
2013-01-14,59.946258544921875,1.7733440399169922
2013-01-15,59.65082931518555,1.7565128803253174
2013-01-16,59.8925666809082,1.769977331161499
2013-01-17,60.179039001464844,1.7861965894699097
2013-01-18,60.04475784301758,1.7797698974609375
2013-01-22,60.14322280883789,1.7861965894699097
2013-01-23,60.51026916503906,1.8039453029632568
2013-01-24,59.67768478393555,1.756819486618042
2013-01-25,59.98207092285156,1.7745680809020996
2013-01-28,60.116397857666016,1.7819126844406128
2013-01-29,60.12531661987305,1.7751803398132324
2013-01-30,59.999969482421875,1.7767096757888794
2013-01-31,59.86570739746094,1.7663052082061768
2013-02-01,60.57299041748047,1.8076175451278687
2013-02-04,59.51655960083008,1.744272232055664
2013-02-05,60.39389419555664,1.798437237739563
2013-02-06,60.19693374633789,1.7849727869033813
2013-02-07,60.25065612792969,1.7886449098587036
2013-02-08,60.868385314941406,1.8250596523284912
2013-02-11,60.886295318603516,1.8253666162490845
2013-02-12,60.63562774658203,1.8103711605072021
2013-02-13,60.850494384765625,1.8232237100601196
2013-02-14,60.83258056640625,1.8210819959640503
2013-02-15,60.65351867675781,1.8122073411941528
2013-02-19,61.09218215942383,1.8376069068908691
2013-02-20,60.15217208862305,1.7809938192367554
2013-02-21,59.50761413574219,1.742742657661438
2013-02-22,60.10742950439453,1.7773219347000122
2013-02-25,59.36436080932617,1.7329500913619995
2013-02-26,59.58816146850586,1.7454966306686401
2013-02-27,60.19693374633789,1.7806884050369263
2013-02-28,60.07161331176758,1.7748736143112183
2013-03-01,60.3222770690918,1.7892568111419678
2013-03-04,60.59084701538086,1.8057814836502075
2013-03-05,61.4860954284668,1.860251545906067
2013-03-06,61.333927154541016,1.8498473167419434
2013-03-07,61.49505615234375,1.860251545906067
2013-03-08,61.566688537597656,1.8623931407928467
2013-03-11,61.74576187133789,1.8752455711364746
2013-03-12,61.52192306518555,1.8620877265930176
2013-03-13,61.44135665893555,1.8556607961654663
2013-03-14,61.64724349975586,1.8688204288482666
2013-03-15,61.47587585449219,1.8584157228469849
2013-03-18,61.34128189086914,1.8486230373382568
2013-03-19,61.22459411621094,1.8434205055236816
2013-03-20,61.65529251098633,1.8664523363113403
2013-03-21,60.95539093017578,1.8268910646438599
2013-03-22,61.54765701293945,1.8609321117401123
2013-03-25,61.32333755493164,1.8465187549591064
2013-03-26,61.65529251098633,1.8679860830307007
2013-03-27,61.736087799072266,1.8725862503051758
2013-03-28,61.88866424560547,1.882706642150879
2013-04-01,61.46689224243164,1.8557190895080566
2013-04-02,61.95145034790039,1.8851604461669922
2013-04-03,61.386131286621094,1.8508121967315674
2013-04-04,61.404083251953125,1.8523452281951904
2013-04-05,60.892581939697266,1.8207576274871826
2013-04-08,61.21562957763672,1.84038507938385
2013-04-09,61.62840270996094,1.8636927604675293
2013-04-10,62.83084487915039,1.9372960329055786
2013-04-11,62.803897857666016,1.933615803718567
2013-04-12,62.759029388427734,1.9320815801620483
2013-04-15,61.520713806152344,1.856332540512085
2013-04-16,62.3372917175293,1.906014323234558
2013-04-17,61.11692810058594,1.8314909934997559
2013-04-18,60.273441314697266,1.7799688577651978
2013-04-19,61.098976135253906,1.8293447494506836
2013-04-22,61.72711181640625,1.864612102508545
2013-04-23,62.31935501098633,1.900800347328186
2013-04-24,62.29241943359375,1.8992674350738525
2013-04-25,62.62444305419922,1.9195083379745483
2013-04-26,62.427005767822266,1.9087741374969482
2013-04-29,63.00129699707031,1.943429708480835
2013-04-30,63.458961486816406,1.9704172611236572
2013-05-01,63.16284942626953,1.9538564682006836
2013-05-02,63.96147918701172,2.002312421798706
2013-05-03,64.71519470214844,2.049846887588501
2013-05-06,64.9664535522461,2.0648748874664307
2013-05-07,64.9305648803711,2.0624210834503174
2013-05-08,65.24464416503906,2.082968235015869
2013-05-09,65.15491485595703,2.078981637954712
2013-05-10,65.54972839355469,2.1010632514953613
2013-05-13,65.63047790527344,2.108116388320923
2013-05-14,65.97146606445312,2.1292779445648193
2013-05-15,66.1060562133789,2.137557029724121
2013-05-16,66.03428649902344,2.1338768005371094
2013-05-17,66.67140197753906,2.172825336456299
2013-05-20,66.57267761230469,2.166692018508911
2013-05-21,66.64447021484375,2.170677900314331
2013-05-22,66.06118774414062,2.1360244750976562
2013-05-23,65.90866088867188,2.122530460357666
2013-05-24,65.87275695800781,2.122223377227783
2013-05-28,66.303466796875,2.1492109298706055
2013-05-29,65.98943328857422,2.12835693359375
2013-05-30,66.33937072753906,2.150437831878662
2013-05-31,65.72920989990234,2.1105692386627197
2013-06-03,65.84584045410156,2.1194634437561035
2013-06-04,65.50482177734375,2.0973830223083496
2013-06-05,64.65238952636719,2.044020175933838
2013-06-06,64.9664535522461,2.0590474605560303
2013-06-07,65.85480499267578,2.117316961288452
2013-06-10,65.88175201416016,2.1203830242156982
2013-06-11,65.22669219970703,2.077754259109497
2013-06-12,64.47295379638672,2.0293002128601074
2013-06-13,65.28952026367188,2.078981637954712
2013-06-14,64.85877990722656,2.053527355194092
2013-06-17,65.48692321777344,2.091249465942383
2013-06-18,66.02528381347656,2.125903367996216
2013-06-19,65.28952026367188,2.078368663787842
2013-06-20,63.737144470214844,1.9768571853637695
2013-06-21,63.39868927001953,1.9596830606460571
2013-06-24,62.7685546875,1.920121669769287
2013-06-25,63.22764205932617,1.9468023777008057
2013-06-26,63.794769287109375,1.9799238443374634
2013-06-27,64.0647964477539,1.9995511770248413
2013-06-28,64.15478515625,2.001391649246216
2013-07-01,64.55086517333984,2.030219793319702
2013-07-02,64.57788848876953,2.0308332443237305
2013-07-03,64.83892822265625,2.048006057739258
2013-07-05,65.33401489257812,2.077754259109497
2013-07-08,65.39702606201172,2.081434488296509
2013-07-09,65.79312133789062,2.10688853263855
2013-07-10,66.17115783691406,2.1323437690734863
2013-07-11,67.48542022705078,2.220360517501831
2013-07-12,67.78248596191406,2.236614942550659
2013-07-15,67.9355239868164,2.247042417526245
2013-07-16,67.845458984375,2.2412147521972656
2013-07-17,68.0165023803711,2.251335859298706
2013-07-18,67.845458984375,2.2399885654449463
2013-07-19,67.14335632324219,2.194599151611328
2013-07-22,67.34140014648438,2.205333948135376
2013-07-23,66.84626007080078,2.1749725341796875
2013-07-24,67.06236267089844,2.1881601810455322
2013-07-25,67.48542022705078,2.2142271995544434
2013-07-26,67.845458984375,2.2381482124328613
2013-07-29,67.71944427490234,2.2301738262176514
2013-07-30,68.07954406738281,2.252868413925171
2013-07-31,68.20555877685547,2.262683153152466
2013-08-01,68.8987045288086,2.307457447052002
2013-08-02,69.2857437133789,2.3344457149505615
2013-08-05,69.33073425292969,2.3378193378448486
2013-08-06,68.91669464111328,2.3099112510681152
2013-08-07,68.79067993164062,2.3013246059417725
2013-08-08,69.1327133178711,2.322178840637207
2013-08-09,68.85367584228516,2.3053112030029297
2013-08-12,69.01571655273438,2.3138983249664307
2013-08-13,69.40274810791016,2.3396594524383545
2013-08-14,69.14173126220703,2.3234047889709473
2013-08-15,67.97151184082031,2.246121883392334
2013-08-16,67.94450378417969,2.241828203201294
2013-08-19,67.82746887207031,2.2347753047943115
2013-08-20,68.12454986572266,2.2544021606445312
2013-08-21,67.8905029296875,2.2387616634368896
2013-08-22,68.55661010742188,2.281083345413208
2013-08-23,69.01571655273438,2.313591480255127
2013-08-26,69.05171966552734,2.314204454421997
2013-08-27,67.63845825195312,2.2185206413269043
2013-08-28,67.89949035644531,2.2384555339813232
2013-08-29,68.3765869140625,2.2688162326812744
2013-08-30,67.9355239868164,2.239067792892456
2013-09-03,68.32254791259766,2.262376070022583
2013-09-04,69.05171966552734,2.3132851123809814
2013-09-05,69.1687240600586,2.321258544921875
2013-09-06,69.24974060058594,2.3264718055725098
2013-09-09,70.05989837646484,2.379833936691284
2013-09-10,70.40193939208984,2.404062509536743
2013-09-11,70.26692199707031,2.395167350769043
2013-09-12,70.22190856933594,2.3905680179595947
2013-09-13,70.26692199707031,2.394862413406372
2013-09-16,70.07788848876953,2.3810606002807617
2013-09-17,70.54598236083984,2.4135687351226807
2013-09-18,71.39214324951172,2.470918655395508
2013-09-19,71.56317901611328,2.4822652339935303
2013-09-20,71.31759643554688,2.464477777481079
2013-09-23,71.17313385009766,2.454050302505493
2013-09-24,71.17313385009766,2.4549713134765625
2013-09-25,70.92933654785156,2.4402503967285156
2013-09-26,71.4801254272461,2.4764387607574463
2013-09-27,71.38981628417969,2.470918655395508
2013-09-30,71.21826934814453,2.453131675720215
2013-10-01,71.9405746459961,2.508026361465454
2013-10-02,71.9134750366211,2.5052661895751953
2013-10-03,71.07381439208984,2.447611093521118
2013-10-04,71.68773651123047,2.488398790359497
2013-10-07,71.09182739257812,2.4473037719726562
2013-10-08,69.7195053100586,2.3559134006500244
2013-10-09,69.5028305053711,2.3387391567230225
2013-10-10,70.97449493408203,2.4356496334075928
2013-10-11,71.53428649902344,2.475825309753418
2013-10-14,72.0398941040039,2.509866237640381
2013-10-15,71.75999450683594,2.491159677505493
2013-10-16,72.57259368896484,2.547281503677368
2013-10-17,72.98788452148438,2.576416015625
2013-10-18,74.17063903808594,2.6595261096954346
2013-10-21,74.33318328857422,2.6705663204193115
2013-10-22,74.44152069091797,2.6751673221588135
2013-10-23,73.9901123046875,2.647258996963501
2013-10-24,74.31513214111328,2.669339418411255
2013-10-25,74.84781646728516,2.7064483165740967
2013-10-28,74.8658676147461,2.7092082500457764
2013-10-29,74.99225616455078,2.7168755531311035
2013-10-30,74.92002868652344,2.7122750282287598
2013-10-31,74.74848937988281,2.7000081539154053
2013-11-01,74.76654815673828,2.700928211212158
2013-11-04,74.87487030029297,2.7073678970336914
2013-11-05,74.95613098144531,2.7150349617004395
2013-11-06,74.93810272216797,2.7135019302368164
2013-11-07,73.52965545654297,2.6119911670684814
2013-11-08,74.52276611328125,2.682527542114258
2013-11-11,74.40541076660156,2.6742465496063232
2013-11-12,74.52276611328125,2.681300640106201
2013-11-13,75.42565155029297,2.74692964553833
2013-11-14,75.6603775024414,2.7619574069976807
2013-11-15,75.80484771728516,2.772691488265991
2013-11-18,75.06450653076172,2.7217824459075928
2013-11-19,74.84781646728516,2.7030744552612305
2013-11-20,74.66724395751953,2.692647695541382
2013-11-21,75.42565155029297,2.743556499481201
2013-11-22,75.83192443847656,2.7748377323150635
2013-11-25,76.01248931884766,2.787104845046997
2013-11-26,76.40978240966797,2.816239356994629
2013-11-27,76.94245147705078,2.854881763458252
2013-11-29,77.4029312133789,2.8864693641662598
2013-12-02,77.17720794677734,2.8717477321624756
2013-12-03,77.1139907836914,2.8671481609344482
2013-12-04,77.18622589111328,2.872668981552124
2013-12-05,77.08694458007812,2.867454767227173
2013-12-06,77.6467056274414,2.90762996673584
2013-12-09,77.96270751953125,2.9303250312805176
2013-12-10,77.90851593017578,2.9269516468048096
2013-12-11,76.90631866455078,2.852120876312256
2013-12-12,76.70770263671875,2.83832049369812
2013-12-13,76.6084213256836,2.829120635986328
2013-12-16,77.0327377319336,2.8600945472717285
2013-12-17,76.8792495727539,2.8499748706817627
2013-12-18,77.77311706542969,2.91621732711792
2013-12-19,77.55641174316406,2.8972034454345703
2013-12-20,78.34619140625,2.955472707748413
2013-12-23,79.17041778564453,3.0180349349975586
2013-12-24,79.20667266845703,3.022021770477295
2013-12-26,79.4693374633789,3.04072904586792
2013-12-27,79.2700424194336,3.025088310241699
2013-12-30,79.15233612060547,3.015887498855591
2013-12-31,79.66859436035156,3.054529905319214
2014-01-02,79.04360961914062,3.007607936859131
2014-01-03,78.47303009033203,2.9649789333343506
2014-01-06,78.18317413330078,2.940751552581787
2014-01-07,78.9077377319336,2.994420289993286
2014-01-08,79.0798568725586,3.009753704071045
2014-01-09,78.81719970703125,2.988286256790161
2014-01-10,79.07080841064453,3.007607936859131
2014-01-13,77.90238189697266,2.9165239334106445
2014-01-14,79.38777923583984,3.030302047729492
2014-01-15,80.03994750976562,3.0784494876861572
2014-01-16,80.04899597167969,3.08182430267334
2014-01-17,79.59610748291016,3.0456361770629883
2014-01-21,80.20295715332031,3.0916378498077393
2014-01-22,80.4112777709961,3.109731912612915
2014-01-23,80.13955688476562,3.087344169616699
2014-01-24,78.5635986328125,2.9616057872772217
2014-01-27,77.80278778076172,2.9085500240325928
2014-01-28,77.75749206542969,2.904256820678711
2014-01-29,76.9242172241211,2.8426148891448975
2014-01-30,78.34619140625,2.942591905593872
2014-01-31,78.1379165649414,2.9300177097320557
2014-02-03,76.34455108642578,2.798452377319336
2014-02-04,76.90608978271484,2.8361737728118896
2014-02-05,76.70684814453125,2.8214521408081055
2014-02-06,77.6850357055664,2.8907628059387207
2014-02-07,79.07080841064453,2.9941139221191406
2014-02-10,79.52369689941406,3.029381036758423
2014-02-11,80.42942810058594,3.0980775356292725
2014-02-12,80.58338165283203,3.1103456020355225
2014-02-13,81.1811752319336,3.155733823776245
2014-02-14,81.3442153930664,3.1698405742645264
2014-02-18,81.74275970458984,3.200815439224243
2014-02-19,81.1811752319336,3.1572670936584473
2014-02-20,81.56156921386719,3.1830286979675293
2014-02-21,81.4529037475586,3.1741342544555664
2014-02-24,81.88763427734375,3.212162494659424
2014-02-25,81.79708862304688,3.2023494243621826
2014-02-26,81.724609375,3.1971356868743896
2014-02-27,82.2548599243164,3.239457368850708
2014-02-28,82.16387939453125,3.230563163757324
2014-03-03,81.55455780029297,3.1833345890045166
2014-03-04,82.59137725830078,3.2646052837371826
2014-03-05,82.81871795654297,3.2826991081237793
2014-03-06,82.7459487915039,3.2750325202941895
2014-03-07,82.3366928100586,3.243137836456299
2014-03-10,82.40946197509766,3.248044967651367
2014-03-11,82.05475616455078,3.2216708660125732
2014-03-12,82.3639907836914,3.2440574169158936
2014-03-13,81.1998519897461,3.154200315475464
2014-03-14,80.64501190185547,3.1088123321533203
2014-03-17,81.35440826416016,3.1655476093292236
2014-03-18,82.3366928100586,3.241297960281372
2014-03-19,81.89104461669922,3.207563638687134
2014-03-20,82.11842346191406,3.223203420639038
2014-03-21,81.13026428222656,3.144693613052368
2014-03-24,80.41926574707031,3.0919442176818848
2014-03-25,80.6836166381836,3.1100385189056396
2014-03-26,79.64437866210938,3.0299954414367676
2014-03-27,79.19772338867188,2.9962596893310547
2014-03-28,79.35271453857422,3.0088346004486084
2014-03-31,79.91790008544922,3.0499298572540283
2014-04-01,81.32171630859375,3.1563475131988525
2014-04-02,81.5313491821289,3.1732141971588135
2014-04-03,80.88416290283203,3.123532772064209
2014-04-04,78.73282623291016,2.9548592567443848
2014-04-07,77.98536682128906,2.9021100997924805
2014-04-08,78.70547485351562,2.9530184268951416
2014-04-09,80.05464172363281,3.055143117904663
2014-04-10,77.57512664794922,2.866535186767578
2014-04-11,76.67268371582031,2.799984931945801
2014-04-14,77.27428436279297,2.8426148891448975
2014-04-15,77.5295639038086,2.860708236694336
2014-04-16,78.55962371826172,2.9352309703826904
2014-04-17,78.57784271240234,2.9370720386505127
2014-04-21,79.16128540039062,2.9815399646759033
2014-04-22,79.79025268554688,3.029688596725464
2014-04-23,79.08832550048828,2.97510027885437
2014-04-24,79.84496307373047,3.033061981201172
2014-04-25,78.56877136230469,2.9352309703826904
2014-04-28,78.823974609375,2.956392288208008
2014-04-29,79.45299530029297,3.0008609294891357
2014-04-30,79.66263580322266,3.016808271408081
2014-05-01,79.89966583251953,3.0361289978027344
2014-05-02,79.75377655029297,3.024474859237671
2014-05-05,80.17310333251953,3.055143117904663
2014-05-06,79.13391876220703,2.9754064083099365
2014-05-07,78.90602111816406,2.9573123455047607
2014-05-08,78.8331069946289,2.952712059020996
2014-05-09,79.12481689453125,2.9754064083099365
2014-05-12,80.4283676147461,3.0707836151123047
2014-05-13,80.48304748535156,3.07477068901062
2014-05-14,80.06372833251953,3.042569875717163
2014-05-15,79.4347152709961,2.9965672492980957
2014-05-16,79.95433044433594,3.0352087020874023
2014-05-19,80.51040649414062,3.079064130783081
2014-05-20,80.21870422363281,3.056063652038574
2014-05-21,80.98442077636719,3.1137192249298096
2014-05-22,81.3399429321289,3.1391725540161133
2014-05-23,81.9324722290039,3.1864013671875
2014-05-27,82.95343780517578,3.266751527786255
2014-05-28,82.69820404052734,3.2449774742126465
2014-05-29,83.22689819335938,3.2857658863067627
2014-05-30,83.23600769042969,3.2879130840301514
2014-06-02,83.15396881103516,3.279632329940796
2014-06-03,83.11754608154297,3.278099298477173
2014-06-04,83.42744445800781,3.300180435180664
2014-06-05,84.1293716430664,3.3569154739379883
2014-06-06,84.61247253417969,3.3949432373046875
2014-06-09,84.5487060546875,3.38973069190979
2014-06-10,84.6945571899414,3.400157928466797
2014-06-11,84.67630767822266,3.398317575454712
2014-06-12,83.91059112548828,3.340355157852173
2014-06-13,84.15670013427734,3.3584494590759277
2014-06-16,84.22964477539062,3.3636631965637207
2014-06-17,84.27519226074219,3.3670361042022705
2014-06-18,84.74923706054688,3.4081315994262695
2014-06-19,84.6945571899414,3.400770902633667
2014-06-20,84.79415130615234,3.4072113037109375
2014-06-23,84.81243133544922,3.4090511798858643
2014-06-24,84.73017120361328,3.4029173851013184
2014-06-25,85.26945495605469,3.4468443393707275
2014-06-26,85.31517791748047,3.449608087539673
2014-06-27,85.6899185180664,3.478483200073242
2014-06-30,85.83617401123047,3.4926135540008545
2014-07-01,86.77761840820312,3.5697150230407715
2014-07-02,86.92383575439453,3.5804660320281982
2014-07-03,87.47225952148438,3.6225507259368896
2014-07-07,87.20720672607422,3.6016619205474854
2014-07-08,86.15608978271484,3.516573190689087
2014-07-09,86.79584503173828,3.5681800842285156
2014-07-10,86.52166748046875,3.546062469482422
2014-07-11,87.0792007446289,3.588146448135376
2014-07-14,87.6002197265625,3.635143995285034
2014-07-15,87.2986068725586,3.609955072402954
2014-07-16,87.64594268798828,3.6372945308685303
2014-07-17,86.48511505126953,3.5414557456970215
2014-07-18,87.8561782836914,3.649888515472412
2014-07-21,87.7464828491211,3.6415953636169434
2014-07-22,88.30401611328125,3.6910502910614014
2014-07-23,88.87071990966797,3.7362053394317627
2014-07-24,88.77017211914062,3.7288336753845215
2014-07-25,88.4228515625,3.6959657669067383
2014-07-28,88.45027923583984,3.700265407562256
2014-07-29,88.29487609863281,3.6892077922821045
2014-07-30,88.6422119140625,3.7174670696258545
2014-07-31,86.8507308959961,3.5657219886779785
2014-08-01,86.5307846069336,3.540226936340332
2014-08-04,87.12494659423828,3.5866098403930664
2014-08-05,86.45769500732422,3.533468723297119
2014-08-06,86.39370727539062,3.5264031887054443
2014-08-07,86.11953735351562,3.5055148601531982
2014-08-08,86.74104309082031,3.554356575012207
2014-08-11,87.2529067993164,3.5973618030548096
2014-08-12,87.21631622314453,3.592139482498169
2014-08-13,88.1395034790039,3.6704695224761963
2014-08-14,88.59651947021484,3.708252429962158
2014-08-15,89.02608489990234,3.7426557540893555
2014-08-18,89.7116470336914,3.8019418716430664
2014-08-19,90.2143325805664,3.8437178134918213
2014-08-20,90.2143325805664,3.8458683490753174
2014-08-21,90.39713287353516,3.859077215194702
2014-08-22,90.53425598144531,3.869828939437866
2014-08-25,90.8541488647461,3.898088216781616
2014-08-26,90.94556427001953,3.9073033332824707
2014-08-27,90.96381378173828,3.907611131668091
2014-08-28,90.86328887939453,3.896245002746582
2014-08-29,91.20148468017578,3.927577018737793
2014-09-02,91.4665756225586,3.950002431869507
2014-09-03,90.92728424072266,3.9036178588867188
2014-09-04,90.84501647949219,3.8931734561920166
2014-09-05,91.30201721191406,3.9367928504943848
2014-09-08,91.47570037841797,3.949387550354004
2014-09-09,90.7170639038086,3.884880304336548
2014-09-10,91.4665756225586,3.945087432861328
2014-09-11,91.39342498779297,3.9420156478881836
2014-09-12,90.92728424072266,3.9002387523651123
2014-09-15,90.04981231689453,3.8234450817108154
2014-09-16,90.83586883544922,3.890716314315796
2014-09-17,90.97297668457031,3.90484619140625
2014-09-18,91.65851593017578,3.961367130279541
2014-09-19,91.6016845703125,3.954303741455078
2014-09-22,90.7496109008789,3.8836522102355957
2014-09-23,90.50225067138672,3.8621490001678467
2014-09-24,91.47343444824219,3.9444737434387207
2014-09-25,89.54942321777344,3.7792108058929443
2014-09-26,90.50225067138672,3.861534595489502
2014-09-29,90.38313293457031,3.850168466567993
2014-09-30,90.51139831542969,3.8618414402008057
2014-10-01,89.06383514404297,3.7368204593658447
2014-10-02,89.06383514404297,3.734362840652466
2014-10-03,89.94336700439453,3.809314012527466
2014-10-06,89.75096893310547,3.79272723197937
2014-10-07,88.47745513916016,3.6855218410491943
2014-10-08,90.19992065429688,3.832045793533325
2014-10-09,88.7431411743164,3.7033374309539795
2014-10-10,86.52595520019531,3.5178022384643555
2014-10-13,85.16993713378906,3.4093682765960693
2014-10-14,85.17915344238281,3.407832622528076
2014-10-15,84.62943267822266,3.366670846939087
2014-10-16,84.09801483154297,3.322129964828491
2014-10-17,85.20661926269531,3.4109041690826416
2014-10-20,86.48013305664062,3.5116584300994873
2014-10-21,88.75230407714844,3.6953513622283936
2014-10-22,88.29422760009766,3.6560325622558594
2014-10-23,89.6226806640625,3.7681519985198975
2014-10-24,90.35565185546875,3.825594425201416
2014-10-27,90.41981506347656,3.8357315063476562
2014-10-28,91.78494262695312,3.9490795135498047
2014-10-29,91.4459457397461,3.9186697006225586
2014-10-30,91.6383285522461,3.9377148151397705
2014-10-31,92.90270233154297,4.044307231903076
2014-11-03,93.17753601074219,4.067650318145752
2014-11-04,92.86603546142578,4.042462348937988
2014-11-05,92.87520599365234,4.040004253387451
2014-11-06,93.16841888427734,4.067036151885986
2014-11-07,93.08592987060547,4.057820796966553
2014-11-10,93.41576385498047,4.088848114013672
2014-11-11,93.7089614868164,4.112192630767822
2014-11-12,93.87384033203125,4.12755012512207
2014-11-13,94.2769775390625,4.161955833435059
2014-11-14,94.5701675415039,4.186835765838623
2014-11-17,94.28617858886719,4.161033630371094
2014-11-18,94.99161529541016,4.225846767425537
2014-11-19,94.56100463867188,4.186835765838623
2014-11-20,94.98248291015625,4.224618434906006
2014-11-21,95.16572570800781,4.240283966064453
2014-11-24,95.90782928466797,4.307863712310791
2014-11-25,96.05439758300781,4.320765018463135
2014-11-26,96.67743682861328,4.376978874206543
2014-11-28,97.12639617919922,4.415989875793457
2014-12-01,96.02693939208984,4.315236568450928
2014-12-02,96.41175079345703,4.349639892578125
2014-12-03,96.58580780029297,4.3671488761901855
2014-12-04,96.54000091552734,4.360391139984131
2014-12-05,96.54912567138672,4.362541675567627
2014-12-08,95.86203002929688,4.297727584838867
2014-12-09,96.16436004638672,4.329367160797119
2014-12-10,94.65264129638672,4.191136837005615
2014-12-11,95.10160064697266,4.231375694274902
2014-12-12,94.06627655029297,4.139224052429199
2014-12-15,93.0950927734375,4.054749011993408
2014-12-16,91.6016845703125,3.9211270809173584
2014-12-17,93.26917266845703,4.060586452484131
2014-12-18,95.51387786865234,4.261172294616699
2014-12-19,95.93412780761719,4.28973913192749
2014-12-22,96.1732406616211,4.319247722625732
2014-12-23,95.83296966552734,4.290970325469971
2014-12-24,95.9157485961914,4.295888900756836
2014-12-26,96.59622955322266,4.356744766235352
2014-12-29,96.57785034179688,4.354901313781738
2014-12-30,95.93412780761719,4.29311990737915
2014-12-31,94.95013427734375,4.2027587890625
2015-01-02,94.66505432128906,4.185239791870117
2015-01-05,93.27642822265625,4.057686805725098
2015-01-06,92.02577209472656,3.95072865486145
2015-01-07,93.21206665039062,4.0493879318237305
2015-01-08,94.9961166381836,4.2042951583862305
2015-01-09,94.37081146240234,4.150202751159668
2015-01-12,93.38681030273438,4.064757823944092
2015-01-13,93.35921478271484,4.058610439300537
2015-01-14,92.8442611694336,4.018346786499023
2015-01-15,91.63954162597656,3.9123098850250244
2015-01-16,92.71549224853516,4.004517555236816
2015-01-20,93.4511947631836,4.066295623779297
2015-01-21,93.92936706542969,4.107480525970459
2015-01-22,95.66743469238281,4.259312629699707
2015-01-23,95.87895965576172,4.277753829956055
2015-01-26,95.76861572265625,4.2691473960876465
2015-01-27,93.28564453125,4.050311088562012
2015-01-28,92.80744171142578,4.006052494049072
2015-01-29,93.69947052001953,4.079509735107422
2015-01-30,92.97295379638672,4.01988410949707
2015-02-02,93.7822265625,4.088115692138672
2015-02-03,94.68345642089844,4.166491985321045
2015-02-04,94.60072326660156,4.15696382522583
2015-02-05,95.41912841796875,4.229805946350098
2015-02-06,94.83980560302734,4.17848014831543
2015-02-09,94.53630065917969,4.151432037353516
2015-02-10,96.00773620605469,4.281135082244873
2015-02-11,96.35716247558594,4.313098430633545
2015-02-12,97.47909545898438,4.411452293395996
2015-02-13,98.31593322753906,4.486754417419434
2015-02-17,98.40789031982422,4.495667934417725
2015-02-18,98.54586029052734,4.508884429931641
2015-02-19,99.03324890136719,4.552835941314697
2015-02-20,99.69538116455078,4.613384246826172
2015-02-23,99.7965316772461,4.624140739440918
2015-02-24,99.87007141113281,4.62998104095459
2015-02-25,99.62174987792969,4.606008052825928
2015-02-26,100.1275634765625,4.6527252197265625
2015-02-27,99.6861572265625,4.612154483795166
2015-03-02,100.58738708496094,4.695140838623047
2015-03-03,100.11840057373047,4.649036884307861
2015-03-04,99.73213195800781,4.615536212921143
2015-03-05,99.90686798095703,4.629674434661865
2015-03-06,98.7757339477539,4.522715091705322
2015-03-09,99.06082153320312,4.547917366027832
2015-03-10,97.22160339355469,4.3847126960754395
2015-03-11,96.6606216430664,4.331541538238525
2015-03-12,97.29517364501953,4.39024543762207
2015-03-13,96.87214660644531,4.349674224853516
2015-03-16,98.122802734375,4.464318752288818
2015-03-17,98.27912902832031,4.475381374359131
2015-03-18,99.2447509765625,4.564821243286133
2015-03-19,99.3918685913086,4.577116012573242
2015-03-20,100.03524780273438,4.6401238441467285
2015-03-23,99.84168243408203,4.617073059082031
2015-03-24,99.48221588134766,4.584185600280762
2015-03-25,97.20553588867188,4.373814582824707
2015-03-26,96.87371826171875,4.34459924697876
2015-03-27,97.26082611083984,4.379965305328369
2015-03-30,98.3761215209961,4.486672878265381
2015-03-31,97.3345718383789,4.3836541175842285
2015-04-01,96.82764434814453,4.338448524475098
2015-04-02,96.89218139648438,4.342753887176514
2015-04-06,97.68482208251953,4.414098739624023
2015-04-07,97.51892852783203,4.398721218109131
2015-04-08,98.29317474365234,4.468529224395752
2015-04-09,98.9107437133789,4.524497032165527
2015-04-10,99.3163070678711,4.560784339904785
2015-04-13,99.0674819946289,4.537412166595459
2015-04-14,98.78170013427734,4.512195110321045
2015-04-15,99.3992691040039,4.565088748931885
2015-04-16,99.26101684570312,4.554018974304199
2015-04-17,97.71248626708984,4.413791179656982
2015-04-20,99.17804718017578,4.54509973526001
2015-04-21,99.60202026367188,4.58261775970459
2015-04-22,100.1458740234375,4.632127285003662
2015-04-23,100.52375030517578,4.669337272644043
2015-04-24,101.88793182373047,4.792959213256836
2015-04-27,101.62984466552734,4.771124362945557
2015-04-28,101.42704772949219,4.748676776885986
2015-04-29,100.79105377197266,4.691787242889404
2015-04-30,99.20569610595703,4.540794372558594
2015-05-01,100.51455688476562,4.6644158363342285
2015-05-04,100.68045806884766,4.677024841308594
2015-05-05,99.03975677490234,4.528493404388428
2015-05-06,98.35772705078125,4.467912673950195
2015-05-07,98.9476089477539,4.516501426696777
2015-05-08,100.18270874023438,4.627514362335205
2015-05-11,99.79559326171875,4.5899977684021
2015-05-12,99.34394836425781,4.551558017730713
2015-05-13,99.54674530029297,4.569087028503418
2015-05-14,101.00305938720703,4.701319694519043
2015-05-15,101.00305938720703,4.7034711837768555
2015-05-18,101.44549560546875,4.743755340576172
2015-05-19,101.33488464355469,4.731149196624756
2015-05-20,101.39940643310547,4.73637580871582
2015-05-21,101.9248046875,4.787423133850098
2015-05-22,101.82341766357422,4.781272888183594
2015-05-26,100.65278625488281,4.666875839233398
2015-05-27,102.27501678466797,4.816945552825928
2015-05-28,102.04460144042969,4.796035289764404
2015-05-29,101.436279296875,4.741910457611084
2015-06-01,101.77730560302734,4.768357753753662
2015-06-02,101.4547119140625,4.739450931549072
2015-06-03,101.75887298583984,4.767126560211182
2015-06-04,100.98462677001953,4.698243141174316
2015-06-05,100.7449951171875,4.673642158508301
2015-06-08,99.72186279296875,4.5795416831970215
2015-06-09,99.55596160888672,4.5647807121276855
2015-06-10,100.92012023925781,4.682868003845215
2015-06-11,101.06758880615234,4.699474811553955
2015-06-12,100.2380142211914,4.622594356536865
2015-06-15,99.74030303955078,4.578927040100098
2015-06-16,100.28414916992188,4.625054359436035
2015-06-17,100.56063842773438,4.650886535644531
2015-06-18,102.02620697021484,4.783117771148682
2015-06-19,101.52175903320312,4.737606525421143
2015-06-22,102.27008819580078,4.807718276977539
2015-06-23,102.3532485961914,4.816330432891846
2015-06-24,101.8266372680664,4.768971920013428
2015-06-25,101.6233901977539,4.7462158203125
2015-06-26,100.94898223876953,4.688404083251953
2015-06-29,98.56544494628906,4.468836307525635
2015-06-30,98.91649627685547,4.498971462249756
2015-07-01,99.7017822265625,4.5672407150268555
2015-07-02,99.72948455810547,4.570931434631348
2015-07-06,99.49852752685547,4.549405097961426
2015-07-07,99.74799346923828,4.5672407150268555
2015-07-08,98.01115417480469,4.410408020019531
2015-07-09,97.9557113647461,4.404256343841553
2015-07-10,99.45231628417969,4.542026042938232
2015-07-13,101.19842529296875,4.696399211883545
2015-07-14,101.86358642578125,4.759131908416748
2015-07-15,101.97441864013672,4.77020263671875
2015-07-16,103.41565704345703,4.903048515319824
2015-07-17,104.93998718261719,5.045738220214844
2015-07-20,105.30032348632812,5.084485054016113
2015-07-21,105.23562622070312,5.074644565582275
2015-07-22,104.04388427734375,4.9645538330078125
2015-07-23,103.65583801269531,4.922730922698975
2015-07-24,102.63961029052734,4.829245090484619
2015-07-27,101.78968048095703,4.7462158203125
2015-07-28,102.6673355102539,4.82801628112793
2015-07-29,103.05535125732422,4.867992401123047
2015-07-30,103.54497528076172,4.911660194396973
2015-07-31,103.42487335205078,4.899974822998047
2015-08-03,103.1015396118164,4.872913360595703
2015-08-04,102.90753936767578,4.850155830383301
2015-08-05,103.70204162597656,4.923961639404297
2015-08-06,102.03910064697266,4.77020263671875
2015-08-07,101.9097671508789,4.754211902618408
2015-08-10,103.0738296508789,4.861842632293701
2015-08-11,101.75271606445312,4.740065574645996
2015-08-12,102.10379028320312,4.768357753753662
2015-08-13,101.93751525878906,4.75113582611084
2015-08-14,102.09455871582031,4.766512393951416
2015-08-17,102.94449615478516,4.845851898193359
2015-08-18,102.41791534423828,4.799108982086182
2015-08-19,101.74351501464844,4.734530925750732
2015-08-20,98.92576599121094,4.474987983703613
2015-08-21,94.60214233398438,4.091206073760986
2015-08-24,90.962158203125,3.7830731868743896
2015-08-25,90.620361328125,3.73879075050354
2015-08-26,95.1841812133789,4.113346099853516
2015-08-27,97.59540557861328,4.319997310638428
2015-08-28,97.5769271850586,4.324917793273926
2015-08-31,96.36669158935547,4.213596820831299
2015-09-01,93.35494995117188,3.9589734077453613
2015-09-02,95.9878921508789,4.17362117767334
2015-09-03,95.51673889160156,4.128108024597168
2015-09-04,94.38040924072266,4.031548500061035
2015-09-08,97.04112243652344,4.257879257202148
2015-09-09,95.95096588134766,4.164394378662109
2015-09-10,96.9948959350586,4.251114368438721
2015-09-11,97.53074645996094,4.299086093902588
2015-09-14,97.23507690429688,4.272640228271484
2015-09-15,98.38066864013672,4.371660232543945
2015-09-16,98.93498229980469,4.422708511352539
2015-09-17,98.97193145751953,4.427012920379639
2015-09-18,97.56427001953125,4.304006576538086
2015-09-21,97.86988830566406,4.329224109649658
2015-09-22,96.40663146972656,4.200681686401367
2015-09-23,96.48074340820312,4.203141689300537
2015-09-24,96.12882995605469,4.177310466766357
2015-09-25,95.31385803222656,4.103506088256836
2015-09-28,92.60041046142578,3.86979341506958
2015-09-29,92.11885070800781,3.831660509109497
2015-09-30,94.23957824707031,4.000794410705566
2015-10-01,94.66558074951172,4.0376973152160645
2015-10-02,96.32332611083984,4.179154396057129
2015-10-05,97.70317840576172,4.302776336669922
2015-10-06,97.24012756347656,4.262183666229248
2015-10-07,97.82354736328125,4.310157775878906
2015-10-08,98.21257781982422,4.34459924697876
2015-10-09,98.65708923339844,4.380887031555176
2015-10-12,98.89787292480469,4.406103610992432
2015-10-13,98.25885009765625,4.345213413238525
2015-10-14,98.1014175415039,4.335373401641846
2015-10-15,99.71282196044922,4.47744607925415
2015-10-16,100.12957763671875,4.51680850982666
2015-10-19,100.7037353515625,4.5678558349609375
2015-10-20,100.18516540527344,4.520499229431152
2015-10-21,99.57391357421875,4.4633002281188965
2015-10-22,101.60205841064453,4.645966053009033
2015-10-23,104.44515991210938,4.905511379241943
2015-10-26,104.50997924804688,4.912890911102295
2015-10-27,104.7230224609375,4.929495334625244
2015-10-28,105.59353637695312,5.012526512145996
2015-10-29,105.42684936523438,4.997149467468262
2015-10-30,104.95452880859375,4.953481674194336
2015-11-02,106.13993072509766,5.066648960113525
2015-11-03,106.51038360595703,5.100475788116455
2015-11-04,106.51963806152344,5.101705551147461
2015-11-05,106.23252868652344,5.067264080047607
2015-11-06,106.30662536621094,5.079563140869141
2015-11-09,105.17678833007812,4.971933364868164
2015-11-10,104.9082260131836,4.941797733306885
2015-11-11,104.778564453125,4.931955814361572
2015-11-12,103.7598648071289,4.834782123565674
2015-11-13,101.72244262695312,4.646580696105957
2015-11-16,103.1856918334961,4.778812885284424
2015-11-17,103.25049591064453,4.784963130950928
2015-11-18,105.23234558105469,4.96578311920166
2015-11-19,105.3064193725586,4.97439432144165
2015-11-20,106.01953125,5.040202617645264
2015-11-23,105.71392822265625,5.01314115524292
2015-11-24,105.621337890625,5.006991863250732
2015-11-25,105.71392822265625,5.011910438537598
2015-11-27,105.86210632324219,5.027901649475098
2015-11-30,105.59353637695312,5.0008392333984375
2015-12-01,106.64928436279297,5.101090908050537
2015-12-02,105.99175262451172,5.0408172607421875
2015-12-03,104.19512939453125,4.8673787117004395
2015-12-04,106.63075256347656,5.091865539550781
2015-12-07,106.14920806884766,5.048197269439697
2015-12-08,106.158447265625,5.050042152404785
2015-12-09,104.54705047607422,4.8956685066223145
2015-12-10,105.01937103271484,4.938107490539551
2015-12-11,102.60223388671875,4.713003635406494
2015-12-14,103.38017272949219,4.786192893981934
2015-12-15,104.00989532470703,4.841547012329102
2015-12-16,105.55650329589844,4.977468967437744
2015-12-17,104.01918029785156,4.839702129364014
2015-12-18,102.02383422851562,4.660111427307129
2015-12-21,103.1571273803711,4.756056785583496
2015-12-22,103.83525848388672,4.817965984344482
2015-12-23,104.60628509521484,4.890583515167236
2015-12-24,104.58766174316406,4.886890411376953
2015-12-28,104.53192901611328,4.877659797668457
2015-12-29,106.17610931396484,5.030894756317139
2015-12-30,105.21932983398438,4.944122791290283
2015-12-31,103.90955352783203,4.822274684906006
2016-01-04,101.71727752685547,4.62103796005249
2016-01-05,101.54077911376953,4.59642219543457
2016-01-06,100.56542205810547,4.513343811035156
2016-01-07,97.41636657714844,4.232105731964111
2016-01-08,96.61750030517578,4.158258438110352
2016-01-11,96.91474151611328,4.187796592712402
2016-01-12,98.03875732421875,4.285029888153076
2016-01-13,94.657470703125,3.986560583114624
2016-01-14,96.6732177734375,4.153949737548828
2016-01-15,93.67276763916016,3.896712064743042
2016-01-19,93.87713623046875,3.9133288860321045
2016-01-20,93.58917999267578,3.891174077987671
2016-01-21,93.68209075927734,3.900404691696167
2016-01-22,96.3945541381836,4.12256383895874
2016-01-25,94.96397399902344,4.002561569213867
2016-01-26,95.818603515625,4.073332786560059
2016-01-27,93.43126678466797,3.869019031524658
2016-01-28,94.7503662109375,3.97609806060791
2016-01-29,96.72896575927734,4.1428728103637695
2016-02-01,96.98907470703125,4.159487247467041
2016-02-02,94.88968658447266,3.9834835529327393
2016-02-03,94.43453979492188,3.9471755027770996
2016-02-04,94.42524719238281,3.9459445476531982
2016-02-05,91.1461181640625,3.6690142154693604
2016-02-08,89.75273895263672,3.557626962661743
2016-02-09,89.47406005859375,3.5336265563964844
2016-02-10,89.81776428222656,3.5637807846069336
2016-02-11,89.6877212524414,3.557011365890503
2016-02-12,91.05322265625,3.659167528152466
2016-02-16,93.10616302490234,3.818556070327759
2016-02-17,95.21482849121094,3.996405601501465
2016-02-18,94.12796783447266,3.907789468765259
2016-02-19,94.40664672851562,3.9305596351623535
2016-02-22,95.93938446044922,4.0567169189453125
2016-02-23,94.36021423339844,3.923175096511841
2016-02-24,95.26126861572266,3.998253107070923
2016-02-25,96.1994857788086,4.074562072753906
2016-02-26,96.07872772216797,4.065331935882568
2016-02-29,95.21482849121094,3.9927141666412354
2016-03-01,98.27098846435547,4.246874809265137
2016-03-02,98.30816650390625,4.251182556152344
2016-03-03,98.122314453125,4.236413478851318
2016-03-04,98.15950775146484,4.240106582641602
2016-03-07,97.5556869506836,4.189027786254883
2016-03-08,96.74752807617188,4.115793228149414
2016-03-09,97.36994171142578,4.169949054718018
2016-03-10,97.22129821777344,4.159487247467041
2016-03-11,98.92121887207031,4.301645278930664
2016-03-14,99.08844757080078,4.314569473266602
2016-03-15,99.0512924194336,4.312723159790039
2016-03-16,99.93375396728516,4.389031410217285
2016-03-17,99.87802124023438,4.384109020233154
2016-03-18,100.03453826904297,4.4007248878479
2016-03-21,100.42585754394531,4.43272590637207
2016-03-22,100.73332977294922,4.457342147827148
2016-03-23,99.90410614013672,4.379801273345947
2016-03-24,99.93203735351562,4.382263660430908
2016-03-28,99.79229736328125,4.371185779571533
2016-03-29,101.394775390625,4.505343437194824
2016-03-30,101.88858032226562,4.5558061599731445
2016-03-31,101.73953247070312,4.541651725769043
2016-04-01,102.82025146484375,4.63519287109375
2016-04-04,102.42896270751953,4.598267555236816
2016-04-05,101.44136810302734,4.515188694000244
2016-04-06,103.10908508300781,4.660423755645752
2016-04-07,101.62769317626953,4.520111560821533
2016-04-08,101.55315399169922,4.520111560821533
2016-04-11,101.1805191040039,4.485034942626953
2016-04-12,102.0283203125,4.561959743499756
2016-04-13,103.33268737792969,4.67765474319458
2016-04-14,103.34200286865234,4.677039623260498
2016-04-15,103.08113098144531,4.65242338180542
2016-04-18,103.63084411621094,4.701655387878418
2016-04-19,102.99726867675781,4.643807411193848
2016-04-20,103.08113098144531,4.64934778213501
2016-04-21,103.0904541015625,4.6518073081970215
2016-04-22,101.5345230102539,4.513343811035156
2016-04-25,101.5345230102539,4.512727737426758
2016-04-26,101.0407485961914,4.471495628356934
2016-04-27,100.23019409179688,4.394571781158447
2016-04-28,99.01898956298828,4.292415142059326
2016-04-29,98.49725341796875,4.243797302246094
2016-05-02,99.42893981933594,4.322568416595459
2016-05-03,98.50658416748047,4.244412899017334
2016-05-04,97.87306213378906,4.189027786254883
2016-05-05,97.8450698852539,4.188411712646484
2016-05-06,98.36682891845703,4.2314910888671875
2016-05-09,98.64635467529297,4.2536444664001465
2016-05-10,99.99728393554688,4.370568752288818
2016-05-11,99.09355926513672,4.293030261993408
2016-05-12,98.65565490722656,4.2536444664001465
2016-05-13,98.29227447509766,4.224106311798096
2016-05-16,99.5221176147461,4.3262619972229
2016-05-17,98.27367401123047,4.219181537628174
2016-05-18,98.627685546875,4.248720645904541
2016-05-19,98.11527252197266,4.205643177032471
2016-05-20,99.1960220336914,4.294260025024414
2016-05-23,99.0655746459961,4.282567501068115
2016-05-24,101.05007934570312,4.457342147827148
2016-05-25,101.77680969238281,4.52134370803833
2016-05-26,102.07490539550781,4.546574115753174
2016-05-27,102.6059799194336,4.593344211578369
2016-05-31,102.80164337158203,4.611806392669678
2016-06-01,102.81092834472656,4.60934591293335
2016-06-02,103.02523803710938,4.631499767303467
2016-06-03,102.54078674316406,4.585960388183594
2016-06-06,102.91343688964844,4.617345809936523
2016-06-07,102.652587890625,4.598884582519531
2016-06-08,102.82959747314453,4.611190319061279
2016-06-09,102.6618881225586,4.595190525054932
2016-06-10,101.49729919433594,4.492420196533203
2016-06-13,100.64944458007812,4.4142632484436035
2016-06-14,100.64944458007812,4.418571472167969
2016-06-15,100.36062622070312,4.391494274139404
2016-06-16,100.65876770019531,4.417957305908203
2016-06-17,99.47892761230469,4.315799713134766
2016-06-20,100.10481262207031,4.365646839141846
2016-06-21,100.42240905761719,4.393956184387207
2016-06-22,100.17953491210938,4.372403621673584
2016-06-23,101.60880279541016,4.495553016662598
2016-06-24,97.42379760742188,4.130415439605713
2016-06-27,95.49005889892578,3.9709393978118896
2016-06-28,97.58257293701172,4.137804985046387
2016-06-29,99.31079864501953,4.282505989074707
2016-06-30,100.45977783203125,4.381640434265137
2016-07-01,100.96424102783203,4.425359725952148
2016-07-05,100.34768676757812,4.369941234588623
2016-07-06,101.16976928710938,4.4407525062561035
2016-07-07,101.46868896484375,4.469076633453369
2016-07-08,103.03807830810547,4.6070027351379395
2016-07-11,103.6265869140625,4.661188125610352
2016-07-12,104.14974212646484,4.705523490905762
2016-07-13,103.8974838256836,4.685202598571777
2016-07-14,104.60745239257812,4.744314670562744
2016-07-15,104.4393539428711,4.730767726898193
2016-07-18,105.13060760498047,4.793574810028076
2016-07-19,104.74759674072266,4.757861137390137
2016-07-20,105.97136688232422,4.8699259757995605
2016-07-21,105.72846221923828,4.8483757972717285
2016-07-22,106.16752624511719,4.886550426483154
2016-07-25,106.17684936523438,4.88901424407959
2016-07-26,106.29830932617188,4.901329040527344
2016-07-27,107.03627014160156,4.964134693145752
2016-07-28,107.40995788574219,5.002311706542969
2016-07-29,107.64350891113281,5.02139949798584
2016-08-01,108.21331787109375,5.073737144470215
2016-08-02,107.39127349853516,4.996769428253174
2016-08-03,107.74626159667969,5.031867027282715
2016-08-04,108.0545425415039,5.059575080871582
2016-08-05,109.09144592285156,5.1556315422058105
2016-08-08,108.97000885009766,5.145779609680176
2016-08-09,109.22220611572266,5.169178009033203
2016-08-10,108.94197082519531,5.1427001953125
2016-08-11,109.4090576171875,5.185802936553955
2016-08-12,109.4837875366211,5.192576885223389
2016-08-15,109.95085906982422,5.236910343170166
2016-08-16,109.3436508178711,5.179645538330078
2016-08-17,109.53986358642578,5.19503927230835
2016-08-18,109.56787109375,5.1999664306640625
2016-08-19,109.53986358642578,5.19565486907959
2016-08-22,109.6239242553711,5.201812744140625
2016-08-23,109.82008361816406,5.219669342041016
2016-08-24,109.11014556884766,5.151322841644287
2016-08-25,108.9326400756836,5.134079933166504
2016-08-26,109.09144592285156,5.15009069442749
2016-08-29,109.24090576171875,5.164867877960205
2016-08-30,108.88591003417969,5.131002426147461
2016-08-31,108.77384185791016,5.117455959320068
2016-09-01,109.05406951904297,5.143933296203613
2016-09-02,109.4090576171875,5.176568031311035
2016-09-06,110.09101104736328,5.2418365478515625
2016-09-07,110.15640258789062,5.250455856323242
2016-09-08,109.5118179321289,5.1870341300964355
2016-09-09,106.75603485107422,4.924112796783447
2016-09-12,108.67108154296875,5.098368167877197
2016-09-13,107.69953918457031,5.010931491851807
2016-09-14,108.21331787109375,5.061422824859619
2016-09-15,109.89483642578125,5.217822074890137
2016-09-16,109.8423843383789,5.211048603057861
2016-09-19,109.36477661132812,5.164252281188965
2016-09-20,109.57078552246094,5.183340072631836
2016-09-21,110.64775848388672,5.283705711364746
2016-09-22,111.528076171875,5.36991024017334
2016-09-23,110.81633758544922,5.299715995788574
2016-09-26,109.88922119140625,5.212279319763184
2016-09-27,110.97555541992188,5.313261985778809
2016-09-28,111.16287231445312,5.333581924438477
2016-09-29,110.35742950439453,5.2529191970825195
2016-09-30,111.18158721923828,5.328656196594238
2016-10-03,111.02238464355469,5.315725326538086
2016-10-04,110.85379791259766,5.301562786102295
2016-10-05,111.24713897705078,5.336661338806152
2016-10-06,111.19094848632812,5.3329668045043945
2016-10-07,110.94744873046875,5.308951377868652
2016-10-10,111.64981842041016,5.372374534606934
2016-10-11,110.05777740478516,5.217822074890137
2016-10-12,109.9641342163086,5.2141265869140625
2016-10-13,109.57078552246094,5.176568031311035
2016-10-14,109.70191192626953,5.184573173522949
2016-10-17,109.4022445678711,5.158095836639404
2016-10-18,110.37617492675781,5.249226093292236
2016-10-19,110.3668441772461,5.2461466789245605
2016-10-20,110.2357177734375,5.236294746398926
2016-10-21,110.64775848388672,5.275702476501465
2016-10-24,111.97760772705078,5.40192985534668
2016-10-25,111.62176513671875,5.3643693923950195
2016-10-26,110.86316680908203,5.294790744781494
2016-10-27,110.35742950439453,5.247994899749756
2016-10-28,109.66446685791016,5.1753363609313965
2016-10-31,109.5614013671875,5.1654839515686035
2016-11-01,108.7373046875,5.091594696044922
2016-11-02,107.8663558959961,5.007236957550049
2016-11-03,106.80811309814453,4.911181926727295
2016-11-04,106.43354034423828,4.873620510101318
2016-11-07,108.96204376220703,5.109451770782471
2016-11-08,109.67379760742188,5.1753363609313965
2016-11-09,110.17950439453125,5.219052791595459
2016-11-10,108.4001693725586,5.049723148345947
2016-11-11,108.447021484375,5.0552659034729
2016-11-14,107.35130310058594,4.954282760620117
2016-11-15,108.8403091430664,5.092209815979004
2016-11-16,109.48651885986328,5.150705337524414
2016-11-17,110.28255462646484,5.2245941162109375
2016-11-18,109.87049102783203,5.1870341300964355
2016-11-21,111.01300048828125,5.291711807250977
2016-11-22,111.35015869140625,5.3261942863464355
2016-11-23,110.90062713623047,5.2830915451049805
2016-11-25,111.25650787353516,5.315725326538086
2016-11-28,111.00365447998047,5.292941570281982
2016-11-29,111.38761901855469,5.328040599822998
2016-11-30,110.03905487060547,5.19503927230835
2016-12-01,108.13797760009766,5.020783424377441
2016-12-02,108.35333251953125,5.0361762046813965
2016-12-05,109.1961898803711,5.1137614250183105
2016-12-06,109.45841217041016,5.140238285064697
2016-12-07,110.84445190429688,5.2689290046691895
2016-12-08,111.0411148071289,5.28678560256958
2016-12-09,111.91204071044922,5.369296073913574
2016-12-12,111.40633392333984,5.320035457611084
2016-12-13,112.81108093261719,5.454884052276611
2016-12-14,112.57695770263672,5.4302544593811035
2016-12-15,112.75489044189453,5.447494983673096
2016-12-16,112.33690643310547,5.4111647605896
2016-12-19,112.79716491699219,5.454267978668213
2016-12-20,113.2292251586914,5.496754169464111
2016-12-21,113.14469146728516,5.484987258911133
2016-12-22,112.82534790039062,5.453563213348389
2016-12-23,112.9005126953125,5.459724426269531
2016-12-27,113.48284912109375,5.520107746124268
2016-12-28,112.59992218017578,5.432614326477051
2016-12-29,112.44024658203125,5.414129257202148
2016-12-30,111.28495025634766,5.306302547454834
2017-01-03,112.28054809570312,5.3981099128723145
2017-01-04,112.89109802246094,5.454794406890869
2017-01-05,113.52977752685547,5.515794277191162
2017-01-06,114.52544403076172,5.6125311851501465
2017-01-09,114.9011459350586,5.6501145362854
2017-01-10,115.15475463867188,5.674760818481445
2017-01-11,115.4647445678711,5.701257228851318
2017-01-12,115.28624725341797,5.6840033531188965
2017-01-13,115.68077087402344,5.72467041015625
2017-01-17,115.33319854736328,5.6889328956604
2017-01-18,115.56800842285156,5.714810848236084
2017-01-19,115.51168060302734,5.705568790435791
2017-01-20,115.76527404785156,5.730831623077393
2017-01-23,115.8592300415039,5.739457130432129
2017-01-24,116.63878631591797,5.817708492279053
2017-01-25,117.8128662109375,5.9335455894470215
2017-01-26,117.93499755859375,5.9427876472473145
2017-01-27,118.16043090820312,5.965584754943848
2017-01-30,117.23992919921875,5.876244068145752
2017-01-31,117.00511932373047,5.851596832275391
2017-02-01,117.8128662109375,5.9310808181762695
2017-02-02,117.70955657958984,5.92060661315918
2017-02-03,118.04771423339844,5.951413631439209
2017-02-06,118.18861389160156,5.967433929443359
2017-02-07,118.62064361572266,6.010564804077148
2017-02-08,118.81790161132812,6.033360958099365
2017-02-09,119.24996185302734,6.075258731842041
2017-02-10,119.64446258544922,6.114077568054199
2017-02-13,120.32075500488281,6.183703899383545
2017-02-14,120.724609375,6.223137378692627
2017-02-15,121.4384765625,6.29461145401001
2017-02-16,121.40087127685547,6.292762756347656
2017-02-17,121.92691040039062,6.347598552703857
2017-02-21,122.52799987792969,6.407982349395752
2017-02-22,122.57502746582031,6.413527011871338
2017-02-23,122.11474609375,6.367316246032715
2017-02-24,122.34956359863281,6.387033462524414
2017-02-27,122.49983215332031,6.404901027679443
2017-02-28,122.1241683959961,6.3642354011535645
2017-03-01,123.45790100097656,6.502254486083984
2017-03-02,122.83800506591797,6.438175678253174
2017-03-03,123.06342315673828,6.460354804992676
2017-03-06,122.79102325439453,6.432629108428955
2017-03-07,122.58440399169922,6.4067511558532715
2017-03-08,122.80046081542969,6.430163860321045
2017-03-09,122.89437103271484,6.438790321350098
2017-03-10,123.41097259521484,6.494243621826172
2017-03-13,123.61758422851562,6.513960361480713
2017-03-14,123.31700897216797,6.480072498321533
2017-03-15,124.07783508300781,6.560788631439209
2017-03-16,123.9932861328125,6.55586051940918
2017-03-17,123.95003509521484,6.5435357093811035
2017-03-20,124.06292724609375,6.5577073097229
2017-03-21,122.18051147460938,6.363003730773926
2017-03-22,123.00879669189453,6.446137428283691
2017-03-23,122.69817352294922,6.415942192077637
2017-03-24,122.95230865478516,6.43442964553833
2017-03-27,123.14998626708984,6.4603118896484375
2017-03-28,123.9029312133789,6.5373454093933105
2017-03-29,124.47706604003906,6.5983567237854
2017-03-30,124.68416595458984,6.616844177246094
2017-03-31,124.59941101074219,6.610064506530762
2017-04-03,124.52418518066406,6.600204944610596
2017-04-04,124.72177124023438,6.618691921234131
2017-04-05,124.21350860595703,6.568159103393555
2017-04-06,124.2794189453125,6.5743231773376465
2017-04-07,124.21350860595703,6.567542552947998
2017-04-10,124.2605972290039,6.573704242706299
2017-04-11,123.7240982055664,6.517625331878662
2017-04-12,123.22525787353516,6.463393688201904
2017-04-13,122.73580932617188,6.408546447753906
2017-04-17,123.7523422241211,6.51331090927124
2017-04-18,123.56414031982422,6.496671676635742
2017-04-19,123.76178741455078,6.515158653259277
2017-04-20,124.79710388183594,6.618691921234131
2017-04-21,124.76883697509766,6.618691921234131
2017-04-24,126.27481842041016,6.778305530548096
2017-04-25,127.18780517578125,6.876908302307129
2017-04-26,127.00902557373047,6.857186317443848
2017-04-27,127.77134704589844,6.9373016357421875
2017-04-28,127.99727630615234,6.9619526863098145
2017-05-01,129.13616943359375,7.079659461975098
2017-05-02,129.35264587402344,7.108623504638672
2017-05-03,128.93850708007812,7.062403678894043
2017-05-04,128.98556518554688,7.067333698272705
2017-05-05,129.45616149902344,7.117868423461914
2017-05-08,129.73854064941406,7.148680686950684
2017-05-09,130.19033813476562,7.199214458465576
2017-05-10,130.26560974121094,7.205377101898193
2017-05-11,130.16207885742188,7.193668365478516
2017-05-12,130.45388793945312,7.226329803466797
2017-05-15,130.8680419921875,7.270702362060547
2017-05-16,131.4139404296875,7.333560466766357
2017-05-17,128.07260131835938,6.957637310028076
2017-05-18,129.19259643554688,7.075961589813232
2017-05-19,129.73854064941406,7.139436721801758
2017-05-22,130.83038330078125,7.259609699249268
2017-05-23,130.96212768554688,7.271317481994629
2017-05-24,131.5644989013672,7.340339660644531
2017-05-25,132.68455505371094,7.46174430847168
2017-05-26,132.9198760986328,7.4876275062561035
2017-05-30,133.0328369140625,7.50180196762085
2017-05-31,132.9857940673828,7.492557525634766
2017-06-01,133.50341796875,7.557880401611328
2017-06-02,135.02822875976562,7.721807479858398
2017-06-05,134.99996948242188,7.72057580947876
2017-06-06,134.46353149414062,7.663878917694092
2017-06-07,134.9906005859375,7.718726634979248
2017-06-08,135.1317901611328,7.736597061157227
2017-06-09,131.75279235839844,7.347734451293945
2017-06-12,131.04684448242188,7.266387939453125
2017-06-13,132.11041259765625,7.384093761444092
2017-06-14,131.53627014160156,7.3181538581848145
2017-06-15,130.95269775390625,7.2497477531433105
2017-06-16,130.384521484375,7.197365760803223
2017-06-19,132.56468200683594,7.428464889526367
2017-06-20,131.5265655517578,7.314455986022949
2017-06-21,132.82896423339844,7.457253932952881
2017-06-22,132.79119873046875,7.451706886291504
2017-06-23,133.3009033203125,7.506558418273926
2017-06-26,132.67800903320312,7.439380168914795
2017-06-27,130.27127075195312,7.1694416999816895
2017-06-28,132.1494598388672,7.369123935699463
2017-06-29,129.8560028076172,7.115822792053223
2017-06-30,129.90322875976562,7.107195854187012
2017-07-03,128.5347137451172,6.970992088317871
2017-07-05,129.79940795898438,7.106578826904297
2017-07-06,128.629150390625,6.97653865814209
2017-07-07,130.0164794921875,7.12198543548584
2017-07-10,130.8659210205078,7.220594882965088
2017-07-11,131.23397827148438,7.260038375854492
2017-07-12,132.79119873046875,7.435683727264404
2017-07-13,133.08380126953125,7.466498374938965
2017-07-14,134.13136291503906,7.579898357391357
2017-07-17,134.19744873046875,7.587910175323486
2017-07-18,135.09405517578125,7.6914496421813965
2017-07-19,135.8868408203125,7.7801971435546875
2017-07-20,136.06622314453125,7.799917697906494
2017-07-21,136.00955200195312,7.788825035095215
2017-07-24,136.6324005126953,7.857850551605225
2017-07-25,136.28321838378906,7.8245697021484375
2017-07-26,136.72683715820312,7.872641086578369
2017-07-27,135.8679656982422,7.7801971435546875
2017-07-28,135.7547149658203,7.759242534637451
2017-07-31,135.17898559570312,7.690215587615967
2017-08-01,135.49050903320312,7.723496437072754
2017-08-02,135.85848999023438,7.765405654907227
2017-08-03,135.33001708984375,7.7136359214782715
2017-08-04,135.5753936767578,7.733356952667236
2017-08-07,136.4342498779297,7.827035903930664
2017-08-08,136.1983184814453,7.8048481941223145
2017-08-09,136.01901245117188,7.782661437988281
2017-08-10,133.10264587402344,7.4449286460876465
2017-08-11,134.112548828125,7.557094573974609
2017-08-14,135.83969116210938,7.753080368041992
2017-08-15,135.93405151367188,7.762938499450684
2017-08-16,136.1699981689453,7.79252290725708
2017-08-17,133.38580322265625,7.474510192871094
2017-08-18,133.2914276123047,7.454789161682129
2017-08-21,133.12155151367188,7.446161270141602
2017-08-22,135.15069580078125,7.668029308319092
2017-08-23,134.66937255859375,7.610096454620361
2017-08-24,134.27296447753906,7.570652961730957
2017-08-25,133.9898223876953,7.536141395568848
2017-08-28,134.40509033203125,7.574352264404297
2017-08-29,134.93362426757812,7.637214183807373
2017-08-30,136.51918029785156,7.819639682769775
2017-08-31,137.9820556640625,7.965086460113525
2017-09-01,137.79331970214844,7.963852882385254
2017-09-05,136.55694580078125,7.817174434661865
2017-09-06,136.97222900390625,7.8627800941467285
2017-09-07,137.29307556152344,7.900990009307861
2017-09-08,136.10389709472656,7.766637802124023
2017-09-11,137.6706085205078,7.934271812438965
2017-09-12,138.0009307861328,7.978646278381348
2017-09-13,138.18972778320312,8.000833511352539
2017-09-14,137.37802124023438,7.904690742492676
2017-09-15,137.84994506835938,7.955227375030518
2017-09-18,137.6692657470703,7.937971115112305
2017-09-19,137.90576171875,7.965086460113525
2017-09-20,137.48008728027344,7.918249130249023
2017-09-21,136.63832092285156,7.8147101402282715
2017-09-22,136.5059051513672,7.8023834228515625
2017-09-25,135.06822204589844,7.639678001403809
2017-09-26,135.41812133789062,7.676657199859619
2017-09-27,136.63832092285156,7.813476085662842
2017-09-28,136.59100341796875,7.806082248687744
2017-09-29,137.57467651367188,7.9157819747924805
2017-10-02,137.69764709472656,7.926876068115234
2017-10-03,137.99087524414062,7.966319561004639
2017-10-04,138.123291015625,7.977412700653076
2017-10-05,139.47579956054688,8.135186195373535
2017-10-06,139.66500854492188,8.152441024780273
2017-10-09,139.5042266845703,8.137651443481445
2017-10-10,139.6082763671875,8.148744583129883
2017-10-11,140.02447509765625,8.198049545288086
2017-10-12,139.7690887451172,8.167235374450684
2017-10-13,140.30821228027344,8.226399421691895
2017-10-16,140.79061889648438,8.283099174499512
2017-10-17,140.97032165527344,8.301589012145996
2017-10-18,140.800048828125,8.283099174499512
2017-10-19,140.27981567382812,8.221468925476074
2017-10-20,140.6581268310547,8.26337718963623
2017-10-23,139.74073791503906,8.156139373779297
2017-10-24,139.97715759277344,8.186956405639648
2017-10-25,139.44744873046875,8.12039566040039
2017-10-26,139.00294494628906,8.073554992675781
2017-10-27,143.05120849609375,8.529618263244629
2017-10-30,143.37278747558594,8.576457977294922
2017-10-31,143.9119415283203,8.638089179992676
2017-11-01,143.8646240234375,8.634390830993652
2017-11-02,143.59036254882812,8.59494686126709
2017-11-03,144.97129821777344,8.75765323638916
2017-11-06,145.46310424804688,8.819282531738281
2017-11-07,145.54824829101562,8.829140663146973
2017-11-08,146.13470458984375,8.901865005493164
2017-11-09,145.36849975585938,8.80325698852539
2017-11-10,145.359130859375,8.805724143981934
2017-11-13,145.5387725830078,8.824213027954102
2017-11-14,145.00914001464844,8.763815879821777
2017-11-15,144.3280792236328,8.672600746154785
2017-11-16,146.1725616455078,8.89816951751709
2017-11-17,145.61444091796875,8.830375671386719
2017-11-20,145.5010223388672,8.815583229064941
2017-11-21,147.08055114746094,9.002938270568848
2017-11-22,147.26025390625,9.027592658996582
2017-11-24,147.7994384765625,9.094151496887207
2017-11-27,147.73318481445312,9.0842924118042
2017-11-28,148.11151123046875,9.129897117614746
2017-11-29,145.52935791015625,8.816816329956055
2017-11-30,146.74954223632812,8.958568572998047
2017-12-01,146.12518310546875,8.882143020629883
2017-12-04,144.4416046142578,8.677533149719238
2017-12-05,144.53614807128906,8.679997444152832
2017-12-06,145.18882751464844,8.758883476257324
2017-12-07,145.68067932128906,8.820513725280762
2017-12-08,146.32386779785156,8.89816951751709
2017-12-11,147.4588623046875,9.03622055053711
2017-12-12,147.26025390625,9.010334014892578
2017-12-13,147.54400634765625,9.042381286621094
2017-12-14,147.44003295898438,9.028822898864746
2017-12-15,149.1141357421875,9.226038932800293
2017-12-18,150.3643341064453,9.385046005249023
2017-12-19,149.47335815429688,9.279044151306152
2017-12-20,149.3121795654297,9.255622863769531
2017-12-21,149.3311767578125,9.256857872009277
2017-12-22,149.1605682373047,9.234668731689453
2017-12-26,148.3549346923828,9.13482666015625
2017-12-27,148.3738555908203,9.13606071472168
2017-12-28,148.553955078125,9.154549598693848
2017-12-29,147.6345672607422,9.038684844970703
2018-01-02,150.22213745117188,9.351767539978027
2018-01-03,151.68182373046875,9.534191131591797
2018-01-04,151.94717407226562,9.568706512451172
2018-01-05,153.47325134277344,9.758526802062988
2018-01-08,154.0703582763672,9.831250190734863
2018-01-09,154.07981872558594,9.839876174926758
2018-01-10,153.7196502685547,9.78564167022705
2018-01-11,154.77175903320312,9.921229362487793
2018-01-12,155.90914916992188,10.061745643615723
2018-01-16,155.46368408203125,10.005047798156738
2018-01-17,157.141357421875,10.220751762390137
2018-01-18,157.1697998046875,10.224452018737793
2018-01-19,157.6626434326172,10.289778709411621
2018-01-22,159.3497314453125,10.507949829101562
2018-01-23,160.667236328125,10.679280281066895
2018-01-24,159.62464904785156,10.548623085021973
2018-01-25,159.56781005859375,10.535065650939941
2018-01-26,162.0131378173828,10.843218803405762
2018-01-29,161.22650146484375,10.745842933654785
2018-01-30,159.8995361328125,10.57327651977539
2018-01-31,160.56301879882812,10.650932312011719
2018-02-01,159.1981201171875,10.4746675491333
2018-02-02,156.0228729248047,10.050652503967285
2018-02-05,149.8715057373047,9.272879600524902
2018-02-06,153.84283447265625,9.744967460632324
2018-02-07,151.85238647460938,9.495983123779297
2018-02-08,145.445068359375,8.704651832580566
2018-02-09,147.95681762695312,8.990614891052246
2018-02-12,150.58226013183594,9.318485260009766
2018-02-13,151.35958862304688,9.402304649353027
2018-02-14,154.1935577392578,9.762224197387695
2018-02-15,157.05601501464844,10.112282752990723
2018-02-16,156.3546600341797,10.037093162536621
2018-02-20,156.66741943359375,10.061745643615723
2018-02-21,156.22195434570312,10.002581596374512
2018-02-22,156.2030029296875,10.013675689697266
2018-02-23,159.3971405029297,10.409339904785156
2018-02-26,161.5108642578125,10.682978630065918
2018-02-27,159.5109100341797,10.416738510131836
2018-02-28,158.4872589111328,10.286080360412598
2018-03-01,155.89967346191406,9.960670471191406
2018-03-02,157.33091735839844,10.134469985961914
2018-03-05,159.0749053955078,10.353874206542969
2018-03-06,159.7478790283203,10.440156936645508
2018-03-07,160.1174774169922,10.486993789672852
2018-03-08,160.99900817871094,10.60409164428711
2018-03-09,164.12681579589844,11.00715446472168
2018-03-12,164.99888610839844,11.108227729797363
2018-03-13,162.75253295898438,10.834589004516602
2018-03-14,162.72406005859375,10.825960159301758
2018-03-15,162.58187866210938,10.796377182006836
2018-03-16,162.0985107421875,10.744609832763672
2018-03-19,158.63992309570312,10.288546562194824
2018-03-20,159.16207885742188,10.346477508544922
2018-03-21,158.46908569335938,10.250334739685059
2018-03-22,154.55764770507812,9.74003791809082
2018-03-23,150.48483276367188,9.222341537475586
2018-03-26,156.0766143798828,9.916297912597656
2018-03-27,151.0260009765625,9.261785507202148
2018-03-28,149.2886199951172,9.059639930725098
2018-03-29,152.02279663085938,9.392441749572754
2018-04-02,147.63674926757812,8.852560997009277
2018-04-03,149.29811096191406,9.042381286621094
2018-04-04,151.65255737304688,9.27657699584961
2018-04-05,152.51644897460938,9.426958084106445
2018-04-06,148.6999969482422,8.972125053405762
2018-04-09,149.74435424804688,9.076895713806152
2018-04-10,153.04811096191406,9.476259231567383
2018-04-11,152.1652069091797,9.37765121459961
2018-04-12,153.99749755859375,9.59212589263916
2018-04-13,153.2000274658203,9.502143859863281
2018-04-16,154.36778259277344,9.63649845123291
2018-04-17,157.6905975341797,10.046955108642578
2018-04-18,158.0133819580078,10.093793869018555
2018-04-19,156.56082153320312,9.922462463378906
2018-04-20,154.0829620361328,9.599517822265625
2018-04-23,153.6937255859375,9.547752380371094
2018-04-24,150.43736267089844,9.14222526550293
2018-04-25,150.6177215576172,9.170574188232422
2018-04-26,153.78868103027344,9.540356636047363
2018-04-27,153.88360595703125,9.556377410888672
2018-04-30,152.79183959960938,9.417096138000488
2018-05-01,154.53868103027344,9.624173164367676
2018-05-02,153.62730407714844,9.52063274383545
2018-05-03,153.60826110839844,9.514473915100098
2018-05-04,156.5228729248047,9.87315845489502
2018-05-07,157.82350158691406,10.028464317321777
2018-05-08,157.662109375,10.006278991699219
2018-05-09,159.3804473876953,10.23801040649414
2018-05-10,161.03236389160156,10.445086479187012
2018-05-11,160.8804931640625,10.425365447998047
2018-05-14,161.15577697753906,10.456178665161133
2018-05-15,159.37094116210938,10.225683212280273
2018-05-16,160.4247589111328,10.362502098083496
2018-05-17,159.80764770507812,10.274988174438477
2018-05-18,158.9817352294922,10.168983459472656
2018-05-21,159.87411499023438,10.287312507629395
2018-05-22,159.66526794433594,10.257731437683105
2018-05-23,161.01339721679688,10.429061889648438
2018-05-24,160.96592712402344,10.41920280456543
2018-05-25,161.12725830078125,10.441387176513672
2018-05-29,160.415283203125,10.347711563110352
2018-05-30,161.56402587890625,10.491924285888672
2018-05-31,161.45957946777344,10.478365898132324
2018-06-01,163.99432373046875,10.807472229003906
2018-06-04,165.47540283203125,10.992362022399902
2018-06-05,165.98805236816406,11.063854217529297
2018-06-06,166.95648193359375,11.195741653442383
2018-06-07,165.5988311767578,11.020712852478027
2018-06-08,165.6083221435547,11.009615898132324
2018-06-11,166.0545196533203,11.068784713745117
2018-06-12,166.92796325683594,11.185880661010742
2018-06-13,166.91848754882812,11.176018714904785
2018-06-14,168.60833740234375,11.40898323059082
2018-06-15,168.01974487304688,11.328863143920898
2018-06-18,167.9226531982422,11.315302848815918
2018-06-19,167.4469757080078,11.2462797164917
2018-06-20,168.63619995117188,11.406518936157227
2018-06-21,167.1710662841797,11.204370498657227
2018-06-22,166.80001831054688,11.132879257202148
2018-06-25,163.04197692871094,10.648465156555176
2018-06-26,163.70797729492188,10.738446235656738
2018-06-27,161.48165893554688,10.433991432189941
2018-06-28,162.87074279785156,10.623815536499023
2018-06-29,163.30831909179688,10.65709400177002
2018-07-02,164.40248107910156,10.817333221435547
2018-07-03,162.49972534179688,10.56464958190918
2018-07-05,164.51666259765625,10.827193260192871
2018-07-06,167.075927734375,11.153833389282227
2018-07-09,168.5791473388672,11.36091136932373
2018-07-10,168.70285034179688,11.378166198730469
2018-07-11,167.84657287597656,11.26476764678955
2018-07-12,170.73883056640625,11.634549140930176
2018-07-13,170.88153076171875,11.657968521118164
2018-07-16,170.47242736816406,11.607433319091797
2018-07-17,171.509521484375,11.752880096435547
2018-07-18,171.18603515625,11.701107025146484
2018-07-19,170.32974243164062,11.586477279663086
2018-07-20,170.29168701171875,11.571687698364258
2018-07-23,170.83396911621094,11.6444091796875
2018-07-24,171.53799438476562,11.745484352111816
2018-07-25,173.9355926513672,12.067194938659668
2018-07-26,171.30018615722656,11.717132568359375
2018-07-27,168.98828125,11.394193649291992
2018-07-30,166.60025024414062,11.067553520202637
2018-07-31,167.87509155273438,11.194507598876953
2018-08-01,168.5125732421875,11.31283950805664
2018-08-02,170.805419921875,11.620988845825195
2018-08-03,171.32864379882812,11.687551498413086
2018-08-06,172.33718872070312,11.832999229431152
2018-08-07,172.965087890625,11.903258323669434
2018-08-08,173.17445373535156,11.924210548400879
2018-08-09,173.06979370117188,11.914350509643555
2018-08-10,171.747314453125,11.736855506896973
2018-08-13,171.5570831298828,11.715900421142578
2018-08-14,172.632080078125,11.857648849487305
2018-08-15,170.52000427246094,11.572919845581055
2018-08-16,171.0813751220703,11.63701343536377
2018-08-17,171.119384765625,11.643177032470703
2018-08-20,170.96717834472656,11.625920295715332
2018-08-21,171.59512329101562,11.706042289733887
2018-08-22,172.2611083984375,11.79232120513916
2018-08-23,172.01370239257812,11.757810592651367
2018-08-24,173.61203002929688,11.973512649536133
2018-08-27,175.38169860839844,12.215106964111328
2018-08-28,175.6385498046875,12.253314018249512
2018-08-29,177.66510009765625,12.536815643310547
2018-08-30,177.35108947753906,12.48381233215332
2018-08-31,177.5794219970703,12.513394355773926
2018-09-04,176.81826782226562,12.412322044372559
2018-09-05,174.53494262695312,12.090611457824707
2018-09-06,172.97459411621094,11.872444152832031
2018-09-07,172.3086395263672,11.79848575592041
2018-09-10,172.88902282714844,11.852720260620117
2018-09-11,174.2209930419922,12.03268051147461
2018-09-12,173.70718383789062,11.968585968017578
2018-09-13,175.56243896484375,12.202779769897461
2018-09-14,175.0487060546875,12.13868522644043
2018-09-17,172.5274658203125,11.796018600463867
2018-09-18,173.95458984375,11.984607696533203
2018-09-19,173.82138061523438,11.969817161560059
2018-09-20,175.7432098388672,12.218803405761719
2018-09-21,174.78233337402344,12.094308853149414
2018-09-24,175.2683868408203,12.153474807739258
2018-09-25,175.5066375732422,12.191685676574707
2018-09-26,175.63058471679688,12.200313568115234
2018-09-27,177.117431640625,12.407393455505371
2018-09-28,177.07928466796875,12.409857749938965
2018-10-01,177.44146728515625,12.450532913208008
2018-10-02,177.0411834716797,12.392600059509277
2018-10-03,177.23182678222656,12.42834758758545
2018-10-04,173.82916259765625,11.94639778137207
2018-10-05,171.7036895751953,11.660432815551758
2018-10-08,170.65528869628906,11.51005744934082
2018-10-09,171.2081298828125,11.574153900146484
2018-10-10,163.67848205566406,10.565881729125977
2018-10-11,161.6483917236328,10.300871849060059
2018-10-12,166.1470489501953,10.872798919677734
2018-10-15,164.1360321044922,10.596698760986328
2018-10-16,168.91110229492188,11.213000297546387
2018-10-17,168.97781372070312,11.226557731628418
2018-10-18,165.06053161621094,10.72488784790039
2018-10-19,164.9080352783203,10.684212684631348
2018-10-22,165.7562713623047,10.796377182006836
2018-10-23,165.1462860107422,10.726119041442871
2018-10-24,157.58810424804688,9.730175018310547
2018-10-25,163.03988647460938,10.387152671813965
2018-10-26,158.84619140625,9.889183044433594
2018-10-29,155.57704162597656,9.508306503295898
2018-10-30,158.14089965820312,9.758526802062988
2018-10-31,161.85809326171875,10.207193374633789
2018-11-01,163.9930419921875,10.501786231994629
2018-11-02,161.43870544433594,10.185006141662598
2018-11-05,161.0384063720703,10.114748001098633
2018-11-06,162.25833129882812,10.268823623657227
2018-11-07,167.34800720214844,10.903615951538086
2018-11-08,166.28048706054688,10.770493507385254
2018-11-09,163.4783935546875,10.404412269592285
2018-11-12,158.53172302246094,9.78934097290039
2018-11-13,158.66513061523438,9.793038368225098
2018-11-14,157.4546356201172,9.629103660583496
2018-11-15,160.2091827392578,9.971768379211426
2018-11-16,159.64683532714844,9.905205726623535
2018-11-19,154.4618682861328,9.253156661987305
2018-11-20,151.6978302001953,8.928983688354492
2018-11-21,152.85110473632812,9.055941581726074
2018-11-23,151.74549865722656,8.924053192138672
2018-11-26,155.25296020507812,9.335742950439453
2018-11-27,155.77719116210938,9.402304649353027
2018-11-28,160.79054260253906,9.993952751159668
2018-11-29,160.26634216308594,9.93478775024414
2018-11-30,161.42909240722656,10.087631225585938
2018-12-03,164.25039672851562,10.42289924621582
2018-12-04,157.9502716064453,9.624173164367676
2018-12-06,159.06546020507812,9.762224197387695
2018-12-07,153.8137969970703,9.108943939208984
2018-12-10,155.424560546875,9.30369758605957
2018-12-11,155.93922424316406,9.361627578735352
2018-12-12,157.31167602539062,9.52802848815918
2018-12-13,157.35934448242188,9.536659240722656
2018-12-14,153.52781677246094,9.043615341186523
2018-12-17,150.04896545410156,8.66397476196289
2018-12-18,150.9925537109375,8.758883476257324
2018-12-19,147.28494262695312,8.344730377197266
2018-12-20,145.14993286132812,8.094510078430176
2018-12-21,140.65122985839844,7.573119640350342
2018-12-24,137.16336059570312,7.213199138641357
2018-12-26,145.72769165039062,8.101280212402344
2018-12-27,146.2917022705078,8.169119834899902
2018-12-28,146.21519470214844,8.159253120422363
2018-12-31,147.44821166992188,8.287531852722168
2019-01-02,148.0408477783203,8.349204063415527
2019-01-03,143.2042999267578,7.789219856262207
2019-01-04,149.33123779296875,8.487348556518555
2019-01-07,151.10910034179688,8.658798217773438
2019-01-08,152.47596740722656,8.831480979919434
2019-01-09,153.71856689453125,8.963460922241211
2019-01-10,154.15826416015625,9.009096145629883
2019-01-11,153.59429931640625,8.954825401306152
2019-01-14,152.23699951171875,8.792011260986328
2019-01-15,155.20968627929688,9.138608932495117
2019-01-16,155.18099975585938,9.136141777038574
2019-01-17,156.40447998046875,9.265655517578125
2019-01-18,157.95294189453125,9.445737838745117
2019-01-22,154.7890625,9.0855712890625
2019-01-23,154.98985290527344,9.096673011779785
2019-01-24,155.9934539794922,9.20644760131836
2019-01-25,157.85736083984375,9.438336372375488
2019-01-28,155.9073944091797,9.196581840515137
2019-01-29,154.43544006347656,9.016497611999512
2019-01-30,158.3639678955078,9.492609977722168
2019-01-31,160.7344207763672,9.765201568603516
2019-02-01,160.05577087402344,9.67516040802002
2019-02-04,162.04391479492188,9.913215637207031
2019-02-05,163.47772216796875,10.092066764831543
2019-02-06,162.99024963378906,10.025458335876465
2019-02-07,160.8013458251953,9.755331993103027
2019-02-08,161.1167755126953,9.78617000579834
2019-02-11,160.96383666992188,9.773834228515625
2019-02-12,163.3438720703125,10.066162109375
2019-02-13,163.45855712890625,10.072328567504883
2019-02-14,163.65933227539062,10.089595794677734
2019-02-15,164.34754943847656,10.184574127197266
2019-02-19,164.67251586914062,10.217877388000488
2019-02-20,164.64382934570312,10.216643333435059
2019-02-21,164.04164123535156,10.132769584655762
2019-02-22,165.2555389404297,10.286949157714844
2019-02-25,165.85775756835938,10.360956192016602
2019-02-26,166.02978515625,10.3794584274292
2019-02-27,165.92462158203125,10.362189292907715
2019-02-28,165.5423126220703,10.314085960388184
2019-03-01,166.6893310546875,10.46456527709961
2019-03-04,166.71800231933594,10.459630012512207
2019-03-05,166.84226989746094,10.474431991577148
2019-03-06,165.8959503173828,10.351089477539062
2019-03-07,163.8600311279297,10.099467277526855
2019-03-08,163.6115264892578,10.063695907592773
2019-03-11,167.0142822265625,10.484301567077637
2019-03-12,167.93191528320312,10.602710723876953
2019-03-13,169.19363403320312,10.756892204284668
2019-03-14,168.90687561035156,10.71618938446045
2019-03-15,170.4744873046875,10.899972915649414
2019-03-18,170.88043212890625,10.956711769104004
2019-03-19,171.45504760742188,11.035652160644531
2019-03-20,172.13491821289062,11.126128196716309
2019-03-21,174.82571411132812,11.468032836914062
2019-03-22,170.9857940673828,10.954556465148926
2019-03-25,170.66026306152344,10.926167488098145
2019-03-26,171.45504760742188,11.024910926818848
2019-03-27,170.35379028320312,10.894073486328125
2019-03-28,170.74644470214844,10.928637504577637
2019-03-29,172.0391387939453,11.100208282470703
2019-04-01,174.31813049316406,11.397675514221191
2019-04-02,174.9789276123047,11.468032836914062
2019-04-03,175.984375,11.600104331970215
2019-04-04,175.9174041748047,11.590230941772461
2019-04-05,176.8270721435547,11.703788757324219
2019-04-08,177.27713012695312,11.764267921447754
2019-04-09,176.65475463867188,11.681568145751953
2019-04-10,177.6026611328125,11.807470321655273
2019-04-11,177.18138122558594,11.749455451965332
2019-04-12,177.94740295410156,11.845734596252441
2019-04-15,177.97616577148438,11.846969604492188
2019-04-16,178.58901977539062,11.927197456359863
2019-04-17,179.21145629882812,12.007429122924805
2019-04-18,179.44126892089844,12.033348083496094
2019-04-22,179.94874572753906,12.104940414428711
2019-04-23,182.23741149902344,12.409815788269043
2019-04-24,181.66285705566406,12.33082103729248
2019-04-25,182.40017700195312,12.414752960205078
2019-04-26,182.56301879882812,12.4517822265625
2019-04-29,182.91726684570312,12.488811492919922
2019-04-30,181.50003051757812,12.303666114807129
2019-05-01,180.91590881347656,12.208621978759766
2019-05-02,180.1307373046875,12.116047859191895
2019-05-03,183.0034637451172,12.496216773986816
2019-05-06,181.88311767578125,12.350567817687988
2019-05-07,178.3400421142578,11.854373931884766
2019-05-08,177.8899688720703,11.782782554626465
2019-05-09,176.93238830566406,11.674163818359375
2019-05-10,177.15267944335938,11.697616577148438
2019-05-13,171.0050048828125,10.876794815063477
2019-05-14,172.88185119628906,11.116251945495605
2019-05-15,175.3236541748047,11.419893264770508
2019-05-16,177.0856170654297,11.651944160461426
2019-05-17,175.27578735351562,11.413724899291992
2019-05-20,172.3168182373047,11.037256240844727
2019-05-21,174.11708068847656,11.258197784423828
2019-05-22,173.34149169921875,11.158220291137695
2019-05-23,170.68896484375,10.81137466430664
2019-05-24,170.6027374267578,10.796565055847168
2019-05-28,169.961181640625,10.715099334716797
2019-05-29,168.56309509277344,10.543530464172363
2019-05-30,169.2717742919922,10.633634567260742
2019-05-31,166.57138061523438,10.278151512145996
2019-06-03,162.90379333496094,9.846141815185547
2019-06-04,167.49061584472656,10.38430118560791
2019-06-05,168.73548889160156,10.537359237670898
2019-06-06,170.07608032226562,10.699055671691895
2019-06-07,173.36062622070312,11.108845710754395
2019-06-10,175.38113403320312,11.363115310668945
2019-06-11,175.62051391601562,11.40261459350586
2019-06-12,174.60546875,11.276712417602539
2019-06-13,175.6396484375,11.407551765441895
2019-06-14,174.89276123046875,11.29399299621582
2019-06-17,175.9460906982422,11.437174797058105
2019-06-18,178.5028533935547,11.770441055297852
2019-06-19,179.1731719970703,11.856840133666992
2019-06-20,180.83932495117188,12.072847366333008
2019-06-21,180.57119750976562,12.043225288391113
2019-06-24,180.57701110839844,12.039521217346191
2019-06-25,177.4771270751953,11.622270584106445
2019-06-26,178.30247497558594,11.725996017456055
2019-06-27,178.98387145996094,11.819845199584961
2019-06-28,179.21417236328125,11.8556547164917
2019-07-01,181.63262939453125,12.163127899169922
2019-07-02,182.35240173339844,12.261914253234863
2019-07-03,183.72476196289062,12.436026573181152
2019-07-05,183.35049438476562,12.395278930664062
2019-07-08,182.06451416015625,12.212522506713867
2019-07-09,182.97621154785156,12.336005210876465
2019-07-10,184.7996063232422,12.576798439025879
2019-07-11,184.66525268554688,12.55704116821289
2019-07-12,185.7305450439453,12.701517105102539
2019-07-15,186.32562255859375,12.771903991699219
2019-07-16,185.3658447265625,12.644713401794434
2019-07-17,184.4541778564453,12.523698806762695
2019-07-18,184.66525268554688,12.563214302062988
2019-07-19,183.31211853027344,12.349587440490723
2019-07-22,184.77084350585938,12.561978340148926
2019-07-23,185.9800567626953,12.720038414001465
2019-07-24,187.2852020263672,12.896620750427246
2019-07-25,185.50979614257812,12.64718246459961
2019-07-26,187.4196319580078,12.901559829711914
2019-07-29,186.776611328125,12.822528839111328
2019-07-30,185.9705047607422,12.703987121582031
2019-07-31,183.3984832763672,12.366875648498535
2019-08-01,182.48678588867188,12.227337837219238
2019-08-02,179.7996368408203,11.871706008911133
2019-08-05,173.44642639160156,11.011026382446289
2019-08-06,175.87445068359375,11.334554672241211
2019-08-07,176.82456970214844,11.432106971740723
2019-08-08,180.67294311523438,11.948266983032227
2019-08-09,178.97427368164062,11.721054077148438
2019-08-12,176.92051696777344,11.45433235168457
2019-08-13,180.7976837158203,11.968022346496582
2019-08-14,175.3946075439453,11.223419189453125
2019-08-15,175.19309997558594,11.208600044250488
2019-08-16,178.0050048828125,11.562997817993164
2019-08-19,180.83609008789062,11.91616153717041
2019-08-20,179.43496704101562,11.755630493164062
2019-08-21,181.02804565429688,11.959380149841309
2019-08-22,180.442626953125,11.881586074829102
2019-08-23,174.732421875,11.13327407836914
2019-08-26,177.37158203125,11.458038330078125
2019-08-27,176.9972686767578,11.418521881103516
2019-08-28,177.6306610107422,11.485203742980957
2019-08-29,180.34664916992188,11.83713150024414
2019-08-30,179.91481018066406,11.78403377532959
2019-09-03,178.16810607910156,11.55064868927002
2019-09-04,180.74017333984375,11.884056091308594
2019-09-05,184.05108642578125,12.321186065673828
2019-09-06,183.86874389648438,12.292783737182617
2019-09-09,183.48484802246094,12.234749794006348
2019-09-10,182.95701599121094,12.176711082458496
2019-09-11,184.6748504638672,12.395278930664062
2019-09-12,185.44264221191406,12.487890243530273
2019-09-13,184.78045654296875,12.406391143798828
2019-09-16,183.95510864257812,12.281672477722168
2019-09-17,184.83804321289062,12.3989839553833
2019-09-18,184.76129150390625,12.397747039794922
2019-09-19,185.068359375,12.433557510375977
2019-09-20,183.110595703125,12.170536041259766
2019-09-23,183.19131469726562,12.177946090698242
2019-09-24,180.7583770751953,11.84701156616211
2019-09-25,182.7874755859375,12.114970207214355
2019-09-26,182.11428833007812,12.026060104370117
2019-09-27,179.85450744628906,11.738344192504883
2019-09-30,181.566162109375,11.944563865661621
2019-10-01,180.08526611328125,11.748222351074219
2019-10-02,176.98880004882812,11.344432830810547
2019-10-03,178.93128967285156,11.597572326660156
2019-10-04,181.566162109375,11.939621925354004
2019-10-07,181.01805114746094,11.859358787536621
2019-10-08,178.3062286376953,11.491374969482422
2019-10-09,180.04678344726562,11.737110137939453
2019-10-10,181.44114685058594,11.900108337402344
2019-10-11,183.77793884277344,12.201407432556152
2019-10-14,183.75872802734375,12.212522506713867
2019-10-15,186.0955047607422,12.51382064819336
2019-10-16,185.6339111328125,12.450844764709473
2019-10-17,186.1243133544922,12.519997596740723
2019-10-18,184.33567810058594,12.277966499328613
2019-10-21,185.9705047607422,12.49406623840332
2019-10-22,184.48953247070312,12.294020652770996
2019-10-23,184.84536743164062,12.339709281921387
2019-10-24,186.6435546875,12.573094367980957
2019-10-25,188.1341552734375,12.766963958740234
2019-10-28,189.99014282226562,13.025043487548828
2019-10-29,188.5187530517578,12.829939842224121
2019-10-30,189.4324188232422,12.932430267333984
2019-10-31,189.51889038085938,12.952187538146973
2019-11-01,191.240234375,13.194215774536133
2019-11-04,192.4230194091797,13.346100807189941
2019-11-05,192.52879333496094,13.35103988647461
2019-11-06,192.0961151123047,13.302881240844727
2019-11-07,192.74038696289062,13.391790390014648
2019-11-08,193.5097198486328,13.497983932495117
2019-11-11,193.25006103515625,13.459705352783203
2019-11-12,193.8077850341797,13.53009033203125
2019-11-13,193.85585021972656,13.511567115783691
2019-11-14,193.70196533203125,13.518978118896484
2019-11-15,195.12522888183594,13.68691349029541
2019-11-18,195.27908325195312,13.74124813079834
2019-11-19,195.56752014160156,13.772119522094727
2019-11-20,194.39439392089844,13.605415344238281
2019-11-21,193.96165466308594,13.54367446899414
2019-11-22,194.08670043945312,13.563430786132812
2019-11-25,196.38497924804688,13.882019996643066
2019-11-26,196.75999450683594,13.933879852294922
2019-11-27,198.13514709472656,14.126516342163086
2019-11-29,197.23121643066406,13.993155479431152
2019-12-02,195.2117462158203,13.684446334838867
2019-12-03,193.68280029296875,13.485636711120605
2019-12-04,194.6636505126953,13.622703552246094
2019-12-05,195.04827880859375,13.674566268920898
2019-12-06,197.1350555419922,13.959813117980957
2019-12-09,196.24072265625,13.84250259399414
2019-12-10,196.0771942138672,13.81904125213623
2019-12-11,197.11582946777344,13.9672212600708
2019-12-12,198.5870819091797,14.175911903381348
2019-12-13,199.24105834960938,14.261112213134766
2019-12-16,201.24124145507812,14.534012794494629
2019-12-17,201.35662841796875,14.550063133239746
2019-12-18,201.51046752929688,14.571056365966797
2019-12-19,202.7701873779297,14.763689994812012
2019-12-20,203.58763122558594,14.885939598083496
2019-12-23,204.1253662109375,14.953855514526367
2019-12-24,204.23138427734375,14.961267471313477
2019-12-26,206.03353881835938,15.234278678894043
2019-12-27,205.8600616455078,15.197218894958496
2019-12-30,204.51084899902344,14.992151260375977
2019-12-31,204.89634704589844,15.057623863220215
2020-01-02,208.31759643554688,15.551762580871582
2020-01-03,206.4093780517578,15.276283264160156
2020-01-06,207.7393341064453,15.457876205444336
2020-01-07,207.71038818359375,15.45046329498291
2020-01-08,209.27159118652344,15.683943748474121
2020-01-09,211.04489135742188,15.961894989013672
2020-01-10,210.50515747070312,15.877893447875977
2020-01-13,212.93377685546875,16.233675003051758
2020-01-14,212.09530639648438,16.11384391784668
2020-01-15,212.18209838867188,16.116315841674805
2020-01-16,214.21551513671875,16.420215606689453
2020-01-17,215.27565002441406,16.58698272705078
2020-01-21,215.17926025390625,16.572153091430664
2020-01-22,215.74781799316406,16.65616226196289
2020-01-23,216.44171142578125,16.754989624023438
2020-01-24,214.6202850341797,16.46839141845703
2020-01-27,210.18714904785156,15.790184020996094
2020-01-28,213.41563415527344,16.267030715942383
2020-01-29,213.76254272460938,16.317672729492188
2020-01-30,214.52389526367188,16.43626594543457
2020-01-31,211.1219482421875,15.903836250305176
2020-02-03,214.3118896484375,16.37697410583496
2020-02-04,219.21719360351562,17.130538940429688
2020-02-05,219.94000244140625,17.26148223876953
2020-02-06,221.83851623535156,17.548080444335938
2020-02-07,220.8844451904297,17.389955520629883
2020-02-10,223.55393981933594,17.821088790893555
2020-02-11,223.5924530029297,17.821088790893555
2020-02-12,225.77052307128906,18.170696258544922
2020-02-13,225.48138427734375,18.11016273498535
2020-02-14,226.12705993652344,18.20651626586914
2020-02-18,226.21383666992188,18.237407684326172
2020-02-19,228.38217163085938,18.5795955657959
2020-02-20,226.2620086669922,18.218870162963867
2020-02-21,221.91563415527344,17.540668487548828
2020-02-24,213.3577880859375,16.17808723449707
2020-02-25,207.5561981201172,15.304692268371582
2020-02-26,208.6259002685547,15.436877250671387
2020-02-27,198.17921447753906,13.891459465026855
2020-02-28,198.33343505859375,14.03105354309082
2020-03-02,208.568115234375,15.351634979248047
2020-03-03,201.87991333007812,14.3720064163208
2020-03-04,210.3028106689453,15.551762580871582
2020-03-05,203.91331481933594,14.615370750427246
2020-03-06,200.47293090820312,14.122467994689941
2020-03-09,186.5471649169922,12.178034782409668
2020-03-10,196.70477294921875,13.483793258666992
2020-03-11,188.13729858398438,12.307745933532715
2020-03-12,170.88670349121094,10.029770851135254
2020-03-13,185.36175537109375,11.940847396850586
2020-03-16,163.1576690673828,9.041492462158203
2020-03-17,175.5318145751953,10.260777473449707
2020-03-18,170.19281005859375,9.618399620056152
2020-03-19,171.21432495117188,9.750581741333008
2020-03-20,164.5068817138672,8.97107982635498
2020-03-23,164.62564086914062,9.016786575317383
2020-03-24,177.37384033203125,10.38925552368164
2020-03-25,176.06044006347656,10.203808784484863
2020-03-26,185.3318634033203,11.30215072631836
2020-03-27,178.95770263671875,10.473142623901367
2020-03-30,185.46702575683594,11.274969100952148
2020-03-31,183.8831787109375,11.06740665435791
2020-04-01,176.07008361816406,10.143269538879395
2020-04-02,179.64340209960938,10.546036720275879
2020-04-03,177.09376525878906,10.259407043457031
2020-04-06,189.7550811767578,11.71850299835205
2020-04-07,189.67782592773438,11.672792434692383
2020-04-08,193.70509338378906,12.180573463439941
2020-04-09,193.9851837158203,12.211462020874023
2020-04-13,196.0808868408203,12.491913795471191
2020-04-14,204.608642578125,13.571722030639648
2020-04-15,202.26181030273438,13.261615753173828
2020-04-16,205.9510955810547,13.764456748962402
2020-04-17,207.92123413085938,13.991783142089844
2020-04-20,205.45852661132812,13.668087005615234
2020-04-21,197.87721252441406,12.651289939880371
2020-04-22,203.74911499023438,13.433348655700684
2020-04-23,203.3144989013672,13.369102478027344
2020-04-24,206.52085876464844,13.80893325805664
2020-04-27,208.18202209472656,13.976956367492676
2020-04-28,204.26097106933594,13.479059219360352
2020-04-29,211.50425720214844,14.39825439453125
2020-04-30,211.41737365722656,14.452615737915039
2020-05-01,205.45852661132812,13.579134941101074
2020-05-04,207.85365295410156,13.918890953063965
2020-05-05,210.21014404296875,14.228994369506836
2020-05-06,211.50425720214844,14.401963233947754
2020-05-07,214.22781372070312,14.783724784851074
2020-05-08,217.16372680664062,15.17166519165039
2020-05-11,219.10491943359375,15.423700332641602
2020-05-12,214.51748657226562,14.80843448638916
2020-05-13,211.83261108398438,14.439026832580566
2020-05-14,214.2374267578125,14.754073143005371
2020-05-15,215.62811279296875,14.944336891174316
2020-05-18,219.64572143554688,15.516364097595215
2020-05-19,219.09524536132812,15.416289329528809
2020-05-20,223.47021484375,16.043912887573242
2020-05-21,221.03646850585938,15.69056510925293
2020-05-22,221.79942321777344,15.788167953491211
2020-05-26,221.20062255859375,15.725157737731934
2020-05-27,222.4078369140625,15.874652862548828
2020-05-28,222.1180877685547,15.812875747680664
2020-05-29,225.372802734375,16.24282455444336
2020-06-01,226.04881286621094,16.415786743164062
2020-06-02,227.56509399414062,16.619646072387695
2020-06-03,228.58880615234375,16.76542854309082
2020-06-04,226.9856414794922,16.525747299194336
2020-06-05,231.4861297607422,17.173139572143555
2020-06-08,233.282470703125,17.4560604095459
2020-06-09,234.97256469726562,17.694509506225586
2020-06-10,237.7925567626953,18.13433837890625
2020-06-11,226.01016235351562,16.341659545898438
2020-06-12,227.8065185546875,16.57022476196289
2020-06-15,230.57826232910156,16.98410987854004
2020-06-16,234.5379638671875,17.594436645507812
2020-06-17,235.28160095214844,17.679685592651367
2020-06-18,235.9189910888672,17.789640426635742
2020-06-19,235.88038635253906,17.76740074157715
2020-06-22,238.70921325683594,18.208467483520508
2020-06-23,240.7408447265625,18.498804092407227
2020-06-24,235.77786254882812,17.757518768310547
2020-06-25,238.0223388671875,18.098512649536133
2020-06-26,232.4014434814453,17.213905334472656
2020-06-29,234.93617248535156,17.577138900756836
2020-06-30,239.54119873046875,18.246768951416016
2020-07-01,242.33712768554688,18.7113094329834
2020-07-02,243.98184204101562,18.964580535888672
2020-07-06,249.9800567626953,19.902307510375977
2020-07-07,248.2579345703125,19.62061882019043
2020-07-08,251.52793884277344,20.129634857177734
2020-07-09,253.64671325683594,20.46445083618164
2020-07-10,255.37847900390625,20.769615173339844
2020-07-13,250.12515258789062,19.9047794342041
2020-07-14,251.8955535888672,20.195119857788086
2020-07-15,252.40838623046875,20.239595413208008
2020-07-16,250.68624877929688,19.9566707611084
2020-07-17,250.97650146484375,20.02091407775879
2020-07-20,258.0970153808594,21.171144485473633
2020-07-21,255.40736389160156,20.72513771057129
2020-07-22,256.3071594238281,20.870920181274414
2020-07-23,249.61241149902344,19.770112991333008
2020-07-24,247.24212646484375,19.389583587646484
2020-07-27,251.6536407470703,20.088871002197266
2020-07-28,248.45144653320312,19.589733123779297
2020-07-29,251.31504821777344,20.043148040771484
2020-07-30,252.63084411621094,20.24453353881836
2020-07-31,257.1391906738281,20.963581085205078
2020-08-03,260.6122741699219,21.518314361572266
2020-08-04,261.57977294921875,21.685104370117188
2020-08-05,262.2279357910156,21.79876708984375
2020-08-06,265.701171875,22.353496551513672
2020-08-07,262.63427734375,21.850658416748047
2020-08-10,261.5120849609375,21.65544891357422
2020-08-11,256.5587158203125,20.84745216369629
2020-08-12,263.0116271972656,21.8963680267334
2020-08-13,263.6114807128906,21.982851028442383
2020-08-14,263.30181884765625,21.94208335876465
2020-08-17,266.3590087890625,22.42885971069336
2020-08-18,268.92279052734375,22.866220474243164
2020-08-19,267.1136779785156,22.567237854003906
2020-08-20,270.8190002441406,23.192384719848633
2020-08-21,272.69580078125,23.50125503540039
2020-08-24,274.3985900878906,23.80518341064453
2020-08-25,276.5558776855469,24.175823211669922
2020-08-26,282.4574279785156,25.20127296447754
2020-08-27,281.57696533203125,25.033246994018555
2020-08-28,283.00885009765625,25.2951717376709
2020-08-31,285.2823791503906,25.73746681213379
2020-09-01,290.1583251953125,26.58747673034668
2020-09-02,292.9059143066406,27.08414077758789
2020-09-03,278.0554504394531,24.30678367614746
2020-09-04,274.35015869140625,23.661865234375
2020-09-08,261.163818359375,21.405885696411133
2020-09-09,268.8356628417969,22.65371322631836
2020-09-10,263.4759826660156,21.724637985229492
2020-09-11,261.64752197265625,21.450361251831055
2020-09-14,266.2042236328125,22.19658851623535
2020-09-15,269.9772644042969,22.82915496826172
2020-09-16,265.67205810546875,22.075510025024414
2020-09-17,261.52178955078125,21.418237686157227
2020-09-18,258.18402099609375,20.852388381958008
2020-09-21,258.8031921386719,21.03277015686035
2020-09-22,263.6114807128906,21.786409378051758
2020-09-23,255.56227111816406,20.447153091430664
2020-09-24,256.752197265625,20.652240753173828
2020-09-25,262.7214050292969,21.6307430267334
2020-09-28,268.17791748046875,22.498048782348633
2020-09-29,266.968505859375,22.295429229736328
2020-09-30,268.7969665527344,22.646305084228516
2020-10-01,273.0633850097656,23.333232879638672
2020-10-02,265.3818359375,22.0186824798584
2020-10-05,271.04144287109375,22.972471237182617
2020-10-06,266.2042236328125,22.11998748779297
2020-10-07,270.80926513671875,22.930463790893555
2020-10-08,272.2507629394531,23.13802146911621
2020-10-09,276.4108581542969,23.83977508544922
2020-10-12,284.9437561035156,25.3050537109375
2020-10-13,284.93414306640625,25.287752151489258
2020-10-14,282.55419921875,24.884986877441406
2020-10-15,280.6579895019531,24.53411293029785
2020-10-16,279.11968994140625,24.277132034301758
2020-10-19,274.56304931640625,23.45924949645996
2020-10-20,275.15313720703125,23.605031967163086
2020-10-21,274.9403076171875,23.54572868347168
2020-10-22,274.9306640625,23.553142547607422
2020-10-23,275.47235107421875,23.65939712524414
2020-10-26,271.3414611816406,22.91069793701172
2020-10-27,273.46014404296875,23.26404571533203
2020-10-28,262.798828125,21.462717056274414
2020-10-29,267.39422607421875,22.17682456970215
2020-10-30,260.6122741699219,21.126667022705078
2020-11-02,261.19287109375,21.18596649169922
2020-11-03,265.7107849121094,21.8951358795166
2020-11-04,277.57171630859375,23.854597091674805
2020-11-05,284.808349609375,25.10984992980957
2020-11-06,285.0210876464844,25.151853561401367
2020-11-09,279.19708251953125,24.086870193481445
2020-11-10,274.1954040527344,23.26156997680664
2020-11-11,280.3290100097656,24.291959762573242
2020-11-12,279.01324462890625,24.062158584594727
2020-11-13,281.4609069824219,24.50446128845215
2020-11-16,283.65704345703125,24.83062744140625
2020-11-17,282.7572326660156,24.67001724243164
2020-11-18,280.6675720214844,24.321613311767578
2020-11-19,282.86376953125,24.68978500366211
2020-11-20,280.9288330078125,24.373502731323242
2020-11-23,280.9385070800781,24.37102699279785
2020-11-24,284.8857727050781,25.067834854125977
2020-11-25,286.6368408203125,25.381649017333984
2020-11-27,289.2779235839844,25.831363677978516
2020-11-30,289.8680725097656,25.898080825805664
2020-12-01,293.5830993652344,26.636892318725586
2020-12-02,293.96051025390625,26.656661987304688
2020-12-03,294.3764343261719,26.71843910217285
2020-12-04,295.57611083984375,26.970476150512695
2020-12-07,297.249755859375,27.2546329498291
2020-12-08,298.2559509277344,27.42266082763672
2020-12-09,291.5030822753906,26.219303131103516
2020-12-10,292.67376708984375,26.38979721069336
2020-12-11,292.02557373046875,26.293432235717773
2020-12-14,294.14422607421875,26.636892318725586
2020-12-15,297.2884521484375,27.229923248291016
2020-12-16,298.92352294921875,27.53137969970703
2020-12-17,300.8777160644531,27.88966941833496
2020-12-18,299.9682922363281,27.69693374633789
2020-12-21,299.4070739746094,27.625280380249023
2020-12-22,300.2213134765625,27.758710861206055
2020-12-23,298.7093505859375,27.481964111328125
2020-12-24,300.0274353027344,27.72164535522461
2020-12-28,303.05133056640625,28.28502082824707
2020-12-29,303.32269287109375,28.336912155151367
2020-12-30,303.33245849609375,28.31220245361328
2020-12-31,304.07867431640625,28.443164825439453
2021-01-04,299.7850646972656,27.642576217651367
2021-01-05,302.25653076171875,28.0922908782959
2021-01-06,298.0696105957031,27.338647842407227
2021-01-07,305.280517578125,28.672964096069336
2021-01-08,309.20587158203125,29.39448356628418
2021-01-11,304.73785400390625,28.51976203918457
2021-01-12,304.2531433105469,28.450576782226562
2021-01-13,306.30780029296875,28.81875228881836
2021-01-14,304.669921875,28.502466201782227
2021-01-15,302.25653076171875,28.060169219970703
2021-01-19,306.6664123535156,28.89040756225586
2021-01-20,313.7998352050781,30.212369918823242
2021-01-21,316.31011962890625,30.721385955810547
2021-01-22,315.3990173339844,30.528656005859375
2021-01-25,318.0061340332031,31.06978988647461
2021-01-26,318.47137451171875,31.114267349243164
2021-01-27,309.5933837890625,29.4389591217041
2021-01-28,311.4252624511719,29.733001708984375
2021-01-29,304.8734436035156,28.50741195678711
2021-02-01,312.4914245605469,29.90843963623047
2021-02-02,317.58941650390625,30.889408111572266
2021-02-03,316.3294677734375,30.622547149658203
2021-02-04,320.0705871582031,31.353952407836914
2021-02-05,321.15606689453125,31.573863983154297
2021-02-08,323.3077087402344,31.96921730041504
2021-02-09,323.2398986816406,31.959333419799805
2021-02-10,322.5032958984375,31.80367088317871
2021-02-11,324.2768859863281,32.15700912475586
2021-02-12,326.08935546875,32.51283264160156
2021-02-16,325.2074279785156,32.34479522705078
2021-02-17,323.64691162109375,32.03099060058594
2021-02-18,322.2319030761719,31.739416122436523
2021-02-19,320.8266296386719,31.47255516052246
2021-02-22,312.5107727050781,29.841724395751953
2021-02-23,311.580322265625,29.65640640258789
2021-02-24,314.1487731933594,30.140710830688477
2021-02-25,303.1967468261719,28.00580406188965
2021-02-26,304.4663391113281,28.302316665649414
2021-03-01,313.6253356933594,29.975156784057617
2021-03-02,308.5951843261719,29.004072189331055
2021-03-03,299.6397399902344,27.33370590209961
2021-03-04,294.73553466796875,26.41697883605957
2021-03-05,299.1745300292969,27.227453231811523
2021-03-08,290.7037048339844,25.678165435791016
2021-03-09,302.1693420410156,27.70928955078125
2021-03-10,301.3067932128906,27.543737411499023
2021-03-11,308.2462463378906,28.82122039794922
2021-03-12,305.74578857421875,28.339385986328125
2021-03-15,309.0119323730469,28.95218276977539
2021-03-16,310.7080993652344,29.268461227416992
2021-03-17,311.9874572753906,29.500734329223633
2021-03-18,302.4311218261719,27.682111740112305
2021-03-19,303.4972229003906,27.93167495727539
2021-03-22,309.1888122558594,28.93488311767578
2021-03-23,307.83990478515625,28.635900497436523
2021-03-24,302.6480712890625,27.687053680419922
2021-03-25,302.1239929199219,27.607982635498047
2021-03-26,306.65594482421875,28.43081283569336
2021-03-29,306.5685729980469,28.406099319458008
2021-03-30,305.0256652832031,28.12935447692871
2021-03-31,309.693359375,28.95711898803711
2021-04-01,314.9725646972656,29.972684860229492
2021-04-05,321.260986328125,31.17357063293457
2021-04-06,321.0377197265625,31.106855392456055
2021-04-07,321.8139953613281,31.260053634643555
2021-04-08,325.1717834472656,31.91732406616211
2021-04-09,327.14166259765625,32.3077392578125
2021-04-12,326.7147521972656,32.21384048461914
2021-04-13,330.528564453125,32.96501541137695
2021-04-14,326.55938720703125,32.17183303833008
2021-04-15,331.5086364746094,33.13797378540039
2021-04-16,331.8968200683594,33.22693634033203
2021-04-19,328.859375,32.6141357421875
2021-04-20,326.4623718261719,32.11747360229492
2021-04-21,329.25726318359375,32.685791015625
2021-04-22,325.2881774902344,31.9000301361084
2021-04-23,329.3834228515625,32.700618743896484
2021-04-26,331.52813720703125,33.12316131591797
2021-04-27,330.091796875,32.81923294067383
2021-04-28,328.9757995605469,32.55976867675781
2021-04-29,330.1597595214844,32.831573486328125
2021-04-30,327.9956970214844,32.38681411743164
2021-05-03,326.2488708496094,32.055702209472656
2021-05-04,320.3778381347656,30.89682388305664
2021-05-05,319.3006286621094,30.674434661865234
2021-05-06,321.7073059082031,31.15380096435547
2021-05-07,324.31781005859375,31.643051147460938
2021-05-10,316.1273498535156,30.034461975097656
2021-05-11,315.690673828125,29.97762680053711
2021-05-12,307.5196228027344,28.425867080688477
2021-05-13,309.8971252441406,28.86570167541504
2021-05-14,316.73870849609375,30.125883102416992
2021-05-17,314.81719970703125,29.762653350830078
2021-05-18,312.6920471191406,29.35247802734375
2021-05-19,313.05108642578125,29.421661376953125
2021-05-20,319.1064758300781,30.56077003479004
2021-05-21,317.3403625488281,30.21483612060547
2021-05-24,322.677734375,31.240285873413086
2021-05-25,323.12408447265625,31.321828842163086
2021-05-26,324.24981689453125,31.529386520385742
2021-05-27,323.0367736816406,31.30205726623535
2021-05-28,324.0556945800781,31.475025177001953
2021-06-01,322.9786071777344,31.28229331970215
2021-06-02,323.6093444824219,31.40089988708496
2021-06-03,320.241943359375,30.72385597229004
2021-06-04,325.6764221191406,31.806133270263672
2021-06-07,326.6467590332031,31.96921730041504
2021-06-08,326.8020935058594,31.993919372558594
2021-06-09,326.8796691894531,32.02357864379883
2021-06-10,330.2859191894531,32.6956787109375
2021-06-11,331.149658203125,32.853824615478516
2021-06-14,334.32293701171875,33.4814453125
2021-06-15,332.1393737792969,33.03666687011719
2021-06-16,330.9263610839844,32.799461364746094
2021-06-17,335.1282958984375,33.629703521728516
2021-06-18,332.49853515625,33.105857849121094
2021-06-21,334.56500244140625,33.50615310668945
2021-06-22,337.6836242675781,34.1337776184082
2021-06-23,337.84881591796875,34.158485412597656
2021-06-24,339.9377136230469,34.583492279052734
2021-06-25,339.5198974609375,34.50935745239258
2021-06-28,343.6490478515625,35.339599609375
2021-06-29,344.892578125,35.591636657714844
2021-06-30,344.3484802246094,35.487857818603516
2021-07-01,344.4845886230469,35.51256561279297
2021-07-02,348.4388427734375,36.31315231323242
2021-07-06,349.9447021484375,36.61955642700195
2021-07-07,350.68304443359375,36.748046875
2021-07-08,348.5650939941406,36.352691650390625
2021-07-09,350.7413635253906,36.792518615722656
2021-07-12,352.11126708984375,37.0742073059082
2021-07-13,352.11126708984375,37.05938720703125
2021-07-14,352.7427978515625,37.18787384033203
2021-07-15,350.2652282714844,36.66403579711914
2021-07-16,347.4283752441406,36.07594299316406
2021-07-19,344.5816955566406,35.48291015625
2021-07-20,348.58453369140625,36.30821990966797
2021-07-21,351.27569580078125,36.84194564819336
2021-07-22,353.5977478027344,37.35589599609375
2021-07-23,357.72686767578125,38.205902099609375
2021-07-26,358.0085144042969,38.2899169921875
2021-07-27,354.06402587890625,37.44979476928711
2021-07-28,355.42431640625,37.71665573120117
2021-07-29,356.0557861328125,37.86492156982422
2021-07-30,354.2000732421875,37.459678649902344
2021-08-02,354.229248046875,37.45473861694336
2021-08-03,356.3764343261719,37.90938949584961
2021-08-04,356.8913879394531,38.03294372558594
2021-08-05,359.1550598144531,38.512298583984375
2021-08-06,357.5811462402344,38.16143035888672
2021-08-09,358.2418212890625,38.299808502197266
2021-08-10,356.405517578125,37.914344787597656
2021-08-11,355.7933349609375,37.79079055786133
2021-08-12,357.075927734375,38.05765151977539
2021-08-13,358.3291931152344,38.30474090576172
2021-08-16,358.48468017578125,38.33439254760742
2021-08-17,355.3271789550781,37.66230010986328
2021-08-18,351.9072265625,36.93089294433594
2021-08-19,353.607421875,37.296592712402344
2021-08-20,357.2702331542969,38.07247543334961
2021-08-23,362.61383056640625,39.1992301940918
2021-08-24,363.72137451171875,39.441383361816406
2021-08-25,364.13909912109375,39.485862731933594
2021-08-26,361.8268737792969,39.02626419067383
2021-08-27,365.3439025878906,39.792259216308594
2021-08-30,369.4438781738281,40.68674850463867
2021-08-31,369.14263916015625,40.60272979736328
2021-09-01,369.75469970703125,40.746055603027344
2021-09-02,369.57989501953125,40.69662857055664
2021-09-03,370.7165832519531,40.953609466552734
2021-09-07,371.2412109375,41.052452087402344
2021-09-08,369.94903564453125,40.78558349609375
2021-09-09,368.6763000488281,40.464359283447266
2021-09-10,365.87811279296875,39.861446380615234
2021-09-13,365.6256103515625,39.80708312988281
2021-09-14,364.5860595703125,39.5748176574707
2021-09-15,367.2967224121094,40.157958984375
2021-09-16,367.5492858886719,40.232093811035156
2021-09-17,363.1966552734375,39.27830123901367
2021-09-20,355.69183349609375,37.64253234863281
2021-09-21,356.1295471191406,37.71665573120117
2021-09-22,359.4560546875,38.438175201416016
2021-09-23,362.7725524902344,39.13992691040039
2021-09-24,363.1130676269531,39.204185485839844
2021-09-27,360.214599609375,38.596317291259766
2021-09-28,350.0213928222656,36.3922233581543
2021-09-29,349.44757080078125,36.30326461791992
2021-09-30,348.1636657714844,35.962276458740234
2021-10-01,350.3229675292969,36.446590423583984
2021-10-04,342.9698486328125,34.93436050415039
2021-10-05,347.5995178222656,35.868385314941406
2021-10-06,349.826904296875,36.31809997558594
2021-10-07,353.03656005859375,36.985252380371094
2021-10-08,351.2760925292969,36.60966873168945
2021-10-11,348.58197021484375,36.05122756958008
2021-10-12,347.36614990234375,35.80908203125
2021-10-13,350.1478271484375,36.372459411621094
2021-10-14,356.59637451171875,37.7067756652832
2021-10-15,358.84320068359375,38.18119812011719
2021-10-18,362.4516296386719,38.95213317871094
2021-10-19,365.1944885253906,39.52045440673828
2021-10-20,364.7179260253906,39.42655563354492
2021-10-21,366.94525146484375,39.91087341308594
2021-10-22,363.86199951171875,39.2288818359375
2021-10-25,367.58709716796875,40.029476165771484
2021-10-26,368.74462890625,40.251861572265625
2021-10-27,369.6005859375,40.45941925048828
2021-10-28,373.705078125,41.3736686706543
2021-10-29,375.5433349609375,41.77890396118164
2021-11-01,376.8272399902344,42.06059646606445
2021-11-02,378.40283203125,42.416419982910156
2021-11-03,382.4198303222656,43.31089782714844
2021-11-04,387.32196044921875,44.40800476074219
2021-11-05,387.6915588378906,44.49696731567383
2021-11-08,387.166259765625,44.378360748291016
2021-11-09,384.5012512207031,43.750728607177734
2021-11-10,378.85028076171875,42.4757194519043
2021-11-11,379.9007568359375,42.712928771972656
2021-11-12,383.8982238769531,43.60741424560547
2021-11-15,383.8106994628906,43.592594146728516
2021-11-16,386.5438232421875,44.205379486083984
2021-11-17,386.7480773925781,44.24491882324219
2021-11-18,390.7553405761719,45.154239654541016
2021-11-19,392.9339904785156,45.65336227416992
2021-11-22,388.37237548828125,44.610626220703125
2021-11-23,386.6021728515625,44.1905632019043
2021-11-24,387.84710693359375,44.50189971923828
2021-11-26,380.4940490722656,42.722808837890625
2021-11-29,388.751708984375,44.62050247192383
2021-11-30,383.0422668457031,43.29607391357422
2021-12-01,376.5256652832031,41.82832717895508
2021-12-02,379.2392883300781,42.44606399536133
2021-12-03,372.6448669433594,40.96843719482422
2021-12-06,375.6308288574219,41.64052963256836
2021-12-07,386.94256591796875,44.14608383178711
2021-12-08,388.6738586425781,44.516719818115234
2021-12-09,382.9548034667969,43.20218276977539
2021-12-10,387.11761474609375,44.136199951171875
2021-12-13,381.52496337890625,42.85624694824219
2021-12-14,377.576171875,41.99635314941406
2021-12-15,386.1839904785156,43.87427520751953
2021-12-16,376.25335693359375,41.63064956665039
2021-12-17,374.376220703125,41.20564651489258
2021-12-20,370.7446594238281,40.375404357910156
2021-12-21,379.04193115234375,42.184146881103516
2021-12-22,383.65814208984375,43.22194290161133
2021-12-23,386.5505676269531,43.8841667175293
2021-12-27,392.9391784667969,45.29261016845703
2021-12-28,391.1180114746094,44.921966552734375
2021-12-29,391.0595703125,44.882423400878906
2021-12-30,389.8909606933594,44.57108688354492
2021-12-31,387.4562683105469,43.992881774902344
2022-01-03,391.1862487792969,44.90713882446289
2022-01-04,386.1122741699219,43.7309684753418
2022-01-05,374.2506103515625,41.012908935546875
2022-01-06,373.987548828125,40.9832649230957
2022-01-07,369.936279296875,40.07888412475586
2022-01-10,370.1796875,40.172786712646484
2022-01-11,375.7405700683594,41.353904724121094
2022-01-12,377.2305603027344,41.68007278442383
2022-01-13,367.7936706542969,39.56987380981445
2022-01-14,370.0823059082031,40.06900405883789
2022-01-18,360.8694763183594,38.102134704589844
2022-01-19,356.9058532714844,37.222469329833984
2022-01-20,352.2701416015625,36.23902893066406
2022-01-21,342.502197265625,34.198020935058594
2022-01-24,344.0701599121094,34.613136291503906
2022-01-25,336.09405517578125,32.88347244262695
2022-01-26,335.5682373046875,32.93783187866211
2022-01-27,332.1888122558594,32.17183303833008
2022-01-28,342.6092834472656,34.23261260986328
2022-01-31,353.5654296875,36.42681884765625
2022-02-01,355.97088623046875,36.8617057800293
2022-02-02,358.86322021484375,37.47944259643555
2022-02-03,344.3135986328125,34.40558624267578
2022-02-04,348.6571350097656,35.285240173339844
2022-02-07,345.8523254394531,34.73174285888672
2022-02-08,349.7380676269531,35.51256561279297
2022-02-09,357.1492614746094,37.01984405517578
2022-02-10,349.0660705566406,35.334659576416016
2022-02-11,337.9931640625,33.105857849121094
2022-02-14,338.411865234375,33.19480895996094
2022-02-15,346.8262023925781,34.82069396972656
2022-02-16,346.7385559082031,34.786102294921875
2022-02-17,336.4251708984375,32.72039031982422
2022-02-18,332.5881652832031,31.96427345275879
2022-02-22,329.2477111816406,31.316884994506836
2022-02-23,320.8139343261719,29.72559356689453
2022-02-24,331.59478759765625,31.71717643737793
2022-02-25,336.7368469238281,32.6956787109375
2022-02-28,337.73992919921875,32.94771194458008
2022-03-01,332.5686950683594,31.865434646606445
2022-03-02,338.14892578125,32.91312026977539
2022-03-03,333.3185729980469,31.974163055419922
2022-03-04,328.4880676269531,31.074731826782227
2022-03-07,316.373046875,28.76685905456543
2022-03-08,314.90252685546875,28.485170364379883
2022-03-09,326.23846435546875,30.570655822753906
2022-03-10,322.61566162109375,29.88373374938965
2022-03-11,315.925048828125,28.618602752685547
2022-03-14,309.8578796386719,27.536327362060547
2022-03-15,319.5771179199219,29.236337661743164
2022-03-16,331.4292907714844,31.425607681274414
2022-03-17,335.44158935546875,32.15700912475586
2022-03-18,342.3074035644531,33.49626541137695
2022-03-21,341.3557434082031,33.308475494384766
2022-03-22,348.064208984375,34.603248596191406
2022-03-23,343.0621032714844,33.609928131103516
2022-03-24,350.68719482421875,35.107337951660156
2022-03-25,350.3947448730469,35.05791091918945
2022-03-28,355.81610107421875,36.14018630981445
2022-03-29,361.9396667480469,37.35589599609375
2022-03-30,357.94183349609375,36.56025314331055
2022-03-31,353.50518798828125,35.54221725463867
2022-04-01,352.83245849609375,35.51750946044922
2022-04-04,360.0967712402344,36.94572067260742
2022-04-05,352.10113525390625,35.3297119140625
2022-04-06,344.45648193359375,33.75324630737305
2022-04-07,345.2755126953125,33.93609619140625
2022-04-08,340.44891357421875,32.9724235534668
2022-04-11,332.3947448730469,31.42066764831543
2022-04-12,330.9906921386719,31.17357063293457
2022-04-13,337.71868896484375,32.4090461730957
2022-04-14,329.9961242675781,30.921533584594727
2022-04-18,330.2496032714844,31.02037239074707
2022-04-19,337.6310119628906,32.334922790527344
2022-04-20,332.7068176269531,31.391016006469727
2022-04-21,325.8227233886719,30.13576889038086
2022-04-22,317.29071044921875,28.524707794189453
2022-04-25,321.36663818359375,29.275876998901367
2022-04-26,309.23663330078125,27.01742172241211
2022-04-27,308.8660583496094,26.987773895263672
2022-04-28,319.835693359375,28.88546371459961
2022-04-29,305.44354248046875,26.290964126586914
2022-05-02,310.5432434082031,27.175565719604492
2022-05-03,310.874755859375,27.259578704833984
2022-05-04,321.3861083984375,29.08808135986328
2022-05-05,305.1997375488281,26.197063446044922
2022-05-06,301.5433044433594,25.539794921875
2022-05-09,289.7448425292969,23.51361083984375
2022-05-10,293.26483154296875,24.091814041137695
2022-05-11,284.56719970703125,22.64383316040039
2022-05-12,283.894287109375,22.544994354248047
2022-05-13,294.4154357910156,24.19065284729004
2022-05-16,291.002685546875,23.64703941345215
2022-05-17,298.5400085449219,24.867692947387695
2022-05-18,283.8846130371094,22.3967342376709
2022-05-19,282.3634033203125,22.17435073852539
2022-05-20,281.48590087890625,22.021150588989258
2022-05-23,286.16632080078125,22.75750160217285
2022-05-24,280.0817565917969,21.78394317626953
2022-05-25,284.0015869140625,22.4066219329834
2022-05-26,291.8704528808594,23.63715934753418
2022-05-27,301.39703369140625,25.203744888305664
2022-05-31,300.597412109375,25.040658950805664
2022-06-01,298.3742370605469,24.674957275390625
2022-06-02,306.5453186035156,26.033981323242188
2022-06-03,298.5692443847656,24.640363693237305
2022-06-06,299.5638122558594,24.828155517578125
2022-06-07,302.1477966308594,25.267988204956055
2022-06-08,299.9733581542969,24.887462615966797
2022-06-09,291.93865966796875,23.5284366607666
2022-06-10,281.6418762207031,21.85312843322754
2022-06-13,268.5465393066406,19.841766357421875
2022-06-14,269.03411865234375,19.935667037963867
2022-06-15,275.7524108886719,20.909221649169922
2022-06-16,264.626708984375,19.233915328979492
2022-06-17,267.844482421875,19.67868423461914
2022-06-21,274.6021728515625,20.67201042175293
2022-06-22,274.20159912109375,20.60282325744629
2022-06-23,278.2851867675781,21.215620040893555
2022-06-24,287.8202819824219,22.708078384399414
2022-06-27,285.7100830078125,22.32260513305664
2022-06-28,277.00537109375,20.95370101928711
2022-06-29,277.2593994140625,21.013004302978516
2022-06-30,273.820556640625,20.46445083618164
2022-07-01,275.62799072265625,20.73131561279297
2022-07-05,280.3465576171875,21.442947387695312
2022-07-06,282.14422607421875,21.70486831665039
2022-07-07,288.1817626953125,22.629009246826172
2022-07-08,288.543212890625,22.70313262939453
2022-07-11,282.37872314453125,21.70486831665039
2022-07-12,279.64324951171875,21.29469108581543
2022-07-13,279.06683349609375,21.215620040893555
2022-07-14,280.06329345703125,21.358936309814453
2022-07-15,285.1434326171875,22.11998748779297
2022-07-18,282.7303771972656,21.749345779418945
2022-07-19,291.42529296875,23.073780059814453
2022-07-20,296.0462646484375,23.80518341064453
2022-07-21,300.2959899902344,24.487165451049805
2022-07-22,295.0301818847656,23.62727165222168
2022-07-25,293.3498840332031,23.37523651123047
2022-07-26,287.5858154296875,22.431331634521484
2022-07-27,299.73907470703125,24.329025268554688
2022-07-28,302.6700134277344,24.788619995117188
2022-07-29,308.1898193359375,25.70781898498535
2022-08-01,308.0042419433594,25.678165435791016
2022-08-02,307.0857849121094,25.50520133972168
2022-08-03,315.44854736328125,26.893875122070312
2022-08-04,316.9237060546875,27.126142501831055
2022-08-05,314.3348388671875,26.69620132446289
2022-08-08,313.31884765625,26.523231506347656
2022-08-09,309.7724609375,25.915372848510742
2022-08-10,318.4184265136719,27.358417510986328
2022-08-11,316.61114501953125,27.047073364257812
2022-08-12,322.7757263183594,28.114526748657227
2022-08-15,325.3841247558594,28.539533615112305
2022-08-16,324.6221008300781,28.406099319458008
2022-08-17,320.91949462890625,27.748823165893555
2022-08-18,321.6913146972656,27.89214324951172
2022-08-19,315.4192810058594,26.795040130615234
2022-08-22,307.1151428222656,25.376707077026367
2022-08-23,306.86114501953125,25.332231521606445
2022-08-24,307.75018310546875,25.475547790527344
2022-08-25,313.1917724609375,26.360149383544922
2022-08-26,300.35467529296875,24.19559097290039
2022-08-29,297.3944396972656,23.72117042541504
2022-08-30,294.0826110839844,23.18744468688965
2022-08-31,292.3728942871094,22.915637969970703
2022-09-01,292.4998474121094,22.930463790893555
2022-09-02,288.367431640625,22.2731876373291
2022-09-06,286.2962646484375,21.951963424682617
2022-09-07,292.0798034667969,22.831626892089844
2022-09-08,293.5940856933594,23.063894271850586
2022-09-09,300.01263427734375,24.062158584594727
2022-09-12,303.57855224609375,24.63047981262207
2022-09-13,286.9312744140625,21.91737174987793
2022-09-14,289.20758056640625,22.278135299682617
2022-09-15,284.3912048339844,21.50719451904297
2022-09-16,282.6522216796875,21.24527359008789
2022-09-19,284.85333251953125,21.58626365661621
2022-09-20,282.58270263671875,21.225505828857422
2022-09-21,277.5227966308594,20.45951271057129
2022-09-22,274.10711669921875,19.96531867980957
2022-09-23,269.6441650390625,19.312986373901367
2022-09-26,268.5284118652344,19.120250701904297
2022-09-27,268.6361083984375,19.1696720123291
2022-09-28,273.9798583984375,19.9158935546875
2022-09-29,266.0816955566406,18.794082641601562
2022-09-30,261.56988525390625,18.117042541503906
2022-10-03,267.7063903808594,18.97199249267578
2022-10-04,276.1233215332031,20.162992477416992
2022-10-05,275.9764404296875,20.128398895263672
2022-10-06,273.8036804199219,19.80717658996582
2022-10-07,263.37066650390625,18.29000473022461
2022-10-10,260.7379455566406,17.899600982666016
2022-10-11,257.1558837890625,17.454824447631836
2022-10-12,257.0678405761719,17.4251766204834
2022-10-13,263.09661865234375,18.21588134765625
2022-10-14,255.18856811523438,17.108890533447266
2022-10-17,263.6153259277344,18.27024269104004
2022-10-18,265.70001220703125,18.55687141418457
2022-10-19,264.73114013671875,18.398731231689453
2022-10-20,263.38043212890625,18.19117546081543
2022-10-21,269.5561828613281,19.060945510864258
2022-10-24,272.5216064453125,19.47606658935547
2022-10-25,278.15899658203125,20.271717071533203
2022-10-26,272.0126037597656,19.362403869628906
2022-10-27,267.0603942871094,18.645828247070312
2022-10-28,275.2326354980469,19.797292709350586
2022-10-31,272.0322570800781,19.312986373901367
2022-11-01,269.2527160644531,18.92257308959961
2022-11-02,260.0234375,17.627792358398438
2022-11-03,254.9439239501953,16.94087028503418
2022-11-04,259.0447692871094,17.47953224182129
2022-11-07,261.8927307128906,17.860063552856445
2022-11-08,263.8013000488281,18.10715675354004
2022-11-09,257.7137451171875,17.257150650024414
2022-11-10,276.73004150390625,19.80717658996582
2022-11-11,281.8291015625,20.5385799407959
2022-11-14,279.3627624511719,20.167938232421875
2022-11-15,283.2286682128906,20.73625373840332
2022-11-16,279.3627624511719,20.15805435180664
2022-11-17,278.74615478515625,20.054269790649414
2022-11-18,278.7560119628906,20.059213638305664
2022-11-21,275.88836669921875,19.639150619506836
2022-11-22,279.8619384765625,20.202531814575195
2022-11-23,282.67083740234375,20.60282325744629
2022-11-25,280.8113098144531,20.321136474609375
2022-11-28,276.69091796875,19.718223571777344
2022-11-29,274.596435546875,19.426651000976562
2022-11-30,287.1141662597656,21.200796127319336
2022-12-01,287.4664611816406,21.24032974243164
2022-12-02,286.32135009765625,21.072301864624023
2022-12-05,281.5159912109375,20.340900421142578
2022-12-06,275.6828308105469,19.50078010559082
2022-12-07,274.55731201171875,19.33275032043457
2022-12-08,277.8066101074219,19.802234649658203
2022-12-09,276.03515625,19.545255661010742
2022-12-12,279.4997863769531,20.019681930541992
2022-12-13,282.50439453125,20.45456314086914
2022-12-14,280.4100036621094,20.13828468322754
2022-12-15,270.9948425292969,18.78420066833496
2022-12-16,268.4110412597656,18.413555145263672
2022-12-19,264.6388854980469,17.914426803588867
2022-12-20,264.4328918457031,17.865007400512695
2022-12-21,268.268798828125,18.38884925842285
2022-12-22,261.70556640625,17.476369857788086
2022-12-23,262.29412841796875,17.560630798339844
2022-12-27,258.58575439453125,17.030288696289062
2022-12-28,255.1716766357422,16.57925796508789
2022-12-29,261.3915710449219,17.38219451904297
2022-12-30,261.2345886230469,17.36733055114746
2023-01-03,259.46875,17.124465942382812
2023-01-04,260.7048645019531,17.288026809692383
2023-01-05,256.6236572265625,16.722990036010742
2023-01-06,263.70684814453125,17.644886016845703
2023-01-09,265.4139404296875,17.877840042114258
2023-01-10,267.66046142578125,18.1801815032959
2023-01-11,272.291015625,18.794776916503906
2023-01-12,273.7626037597656,18.973209381103516
2023-01-13,275.64630126953125,19.235902786254883
2023-01-17,276.2054748535156,19.30033302307129
2023-01-18,272.6148681640625,18.804689407348633
2023-01-19,269.93658447265625,18.428003311157227
2023-01-20,277.32391357421875,19.458940505981445
2023-01-23,283.4848327636719,20.311445236206055
2023-01-24,282.9060363769531,20.217275619506836
2023-01-25,282.2781982421875,20.108234405517578
2023-01-26,287.7818908691406,20.886394500732422
2023-01-27,290.6465759277344,21.29777717590332
2023-01-30,284.77008056640625,20.420486450195312
2023-01-31,289.0376892089844,21.049957275390625
2023-02-01,295.2182312011719,21.96194076538086
2023-02-02,305.8136291503906,23.508346557617188
2023-02-03,300.37860107421875,22.660795211791992
2023-02-06,297.83770751953125,22.284109115600586
2023-02-07,304.0085754394531,23.210962295532227
2023-02-08,298.6029052734375,22.3634090423584
2023-02-09,295.9638977050781,21.9520263671875
2023-02-10,294.0214538574219,21.674463272094727
2023-02-13,298.73040771484375,22.373323440551758
2023-02-14,300.937744140625,22.6756649017334
2023-02-15,303.24334716796875,23.042442321777344
2023-02-16,297.5531921386719,22.14036750793457
2023-02-17,295.4537658691406,21.823158264160156
2023-02-21,288.45880126953125,20.787261962890625
2023-02-22,288.6746520996094,20.81700325012207
2023-02-23,291.1959228515625,21.178821563720703
2023-02-24,286.32012939453125,20.450223922729492
2023-02-27,288.3705749511719,20.7525691986084
2023-02-28,287.9977111816406,20.683177947998047
2023-03-01,285.6824951171875,20.35110092163086
2023-03-02,288.0467529296875,20.698047637939453
2023-03-03,294.00177001953125,21.540639877319336
2023-03-06,294.3352966308594,21.57037925720215
2023-03-07,290.72503662109375,21.040040969848633
2023-03-08,292.17706298828125,21.25812339782715
2023-03-09,287.11480712890625,20.479963302612305
2023-03-10,283.0826416015625,19.909975051879883
2023-03-13,285.18206787109375,20.212318420410156
2023-03-14,291.735595703125,21.14412498474121
2023-03-15,293.2659912109375,21.3523006439209
2023-03-16,300.9966735839844,22.46749496459961
2023-03-17,299.5741271972656,22.24445152282715
2023-03-20,300.6373291015625,22.408018112182617
2023-03-21,304.9311218261719,23.03252601623535
2023-03-22,300.78466796875,22.403060913085938
2023-03-23,304.3514099121094,22.948266983032227
2023-03-24,305.4715576171875,23.10191535949707
2023-03-27,303.378662109375,22.769834518432617
2023-03-28,301.7672424316406,22.541837692260742
2023-03-29,307.2696838378906,23.36956214904785
2023-03-30,310.1780700683594,23.780948638916016
2023-03-31,315.3365478515625,24.569021224975586
2023-04-03,314.570068359375,24.445110321044922
2023-04-04,313.50897216796875,24.28154754638672
2023-04-05,310.4139099121094,23.775991439819336
2023-04-06,312.5067443847656,24.117982864379883
2023-04-10,312.3298645019531,24.06346321105957
2023-04-11,310.3254089355469,23.756166458129883
2023-04-12,307.5841064453125,23.3249568939209
2023-04-13,313.6072692871094,24.236940383911133
2023-04-14,313.01763916015625,24.13285255432129
2023-04-17,313.282958984375,24.157636642456055
2023-04-18,313.3025817871094,24.172508239746094
2023-04-19,313.1551818847656,24.14276885986328
2023-04-20,310.76763916015625,23.77103614807129
2023-04-21,311.091796875,23.80077362060547
2023-04-24,310.4433288574219,23.69668960571289
2023-04-25,304.5872802734375,22.80948829650879
2023-04-26,306.4344177246094,23.06722068786621
2023-04-27,314.7667236328125,24.321195602416992
2023-04-28,316.93817138671875,24.653278350830078
2023-05-01,316.5745544433594,24.58884620666504
2023-05-02,313.8135681152344,24.147724151611328
2023-05-03,311.7599792480469,23.850339889526367
2023-05-04,310.6595764160156,23.666950225830078
2023-05-05,317.2624206542969,24.658233642578125
2023-05-08,318.04840087890625,24.772235870361328
2023-05-09,316.0342102050781,24.459978103637695
2023-05-10,319.4731750488281,24.990312576293945
2023-05-11,320.51470947265625,25.139009475708008
2023-05-12,319.3651123046875,24.95561981201172
2023-05-15,321.09442138671875,25.223264694213867
2023-05-16,321.4580078125,25.267879486083984
2023-05-17,325.34893798828125,25.88743019104004
2023-05-18,331.39178466796875,26.819238662719727
2023-05-19,330.64501953125,26.70028305053711
2023-05-22,331.7554016113281,26.858890533447266
2023-05-23,327.54986572265625,26.1848201751709
2023-05-24,325.8697509765625,25.907255172729492
2023-05-25,333.7991027832031,27.15131950378418
2023-05-26,342.3278503417969,28.54407501220703
2023-05-30,343.88031005859375,28.78693962097168
2023-05-31,341.9249267578125,28.410253524780273
2023-06-01,345.8748779296875,29.114065170288086
2023-06-02,348.4688720703125,29.540315628051758
2023-06-05,348.71453857421875,29.575014114379883
2023-06-06,348.6555480957031,29.565101623535156
2023-06-07,342.7404479980469,28.54903221130371
2023-06-08,346.9949645996094,29.23797607421875
2023-06-09,348.32147216796875,29.451101303100586
2023-06-12,354.20703125,30.457256317138672
2023-06-13,356.92877197265625,30.903337478637695
2023-06-14,359.5228271484375,31.354372024536133
2023-06-15,363.8067626953125,32.0780143737793
2023-06-16,361.5174255371094,31.661670684814453
2023-06-20,360.9998779296875,31.58732032775879
2023-06-21,356.08026123046875,30.72490692138672
2023-06-22,360.2816162109375,31.433673858642578
2023-06-23,356.7099609375,30.799251556396484
2023-06-26,351.9281311035156,29.971529006958008
2023-06-27,357.979248046875,30.992551803588867
2023-06-28,358.6778564453125,31.096637725830078
2023-06-29,357.9595642089844,30.95785903930664
2023-06-30,363.4793701171875,31.90949249267578
2023-07-03,364.33538818359375,32.06313705444336
2023-07-05,364.3254699707031,32.03835678100586
2023-07-06,361.5508117675781,31.542713165283203
2023-07-07,360.3504638671875,31.31471824645996
2023-07-10,360.46856689453125,31.354372024536133
2023-07-11,362.2494812011719,31.641843795776367
2023-07-12,366.82464599609375,32.44478988647461
2023-07-13,373.05291748046875,33.51042938232422
2023-07-14,372.9742126464844,33.49555206298828
2023-07-17,376.45721435546875,34.10519027709961
2023-07-18,379.536865234375,34.67517852783203
2023-07-19,379.4483642578125,34.58596420288086
2023-07-20,370.70123291015625,33.01974105834961
2023-07-21,369.58953857421875,32.81652069091797
2023-07-24,370.1798095703125,32.92060470581055
2023-07-25,372.6888732910156,33.37659454345703
2023-07-26,371.4490661621094,33.14364242553711
2023-07-27,370.5635681152344,32.96025466918945
2023-07-28,377.313232421875,34.154754638671875
2023-07-31,377.5099792480469,34.214229583740234
2023-08-01,376.6343688964844,34.020931243896484
2023-08-02,368.36944580078125,32.51417541503906
2023-08-03,367.7790832519531,32.39521789550781
2023-08-04,366.05718994140625,32.08296585083008
2023-08-07,369.15655517578125,32.628177642822266
2023-08-08,366.0178527832031,32.058189392089844
2023-08-09,361.9936218261719,31.34446144104004
2023-08-10,362.6626892089844,31.448545455932617
2023-08-11,360.3504638671875,31.037160873413086
2023-08-14,364.3943786621094,31.74097442626953
2023-08-15,360.527587890625,31.052032470703125
2023-08-16,356.7099609375,30.377954483032227
2023-08-17,352.8136901855469,29.69892692565918
2023-08-18,352.37091064453125,29.619619369506836
2023-08-21,358.0480651855469,30.581167221069336
2023-08-22,357.5364685058594,30.486995697021484
2023-08-23,363.17431640625,31.438631057739258
2023-08-24,355.41119384765625,30.0557861328125
2023-08-25,358.16619873046875,30.54647445678711
2023-08-28,360.86212158203125,31.007423400878906
2023-08-29,368.7432861328125,32.33573532104492
2023-08-30,370.7997131347656,32.69260787963867
2023-08-31,371.9114990234375,32.85121154785156
2023-09-01,371.51788330078125,32.806610107421875
2023-09-05,371.990234375,32.866085052490234
2023-09-06,368.7138366699219,32.28618240356445
2023-09-07,366.076904296875,31.800451278686523
2023-09-08,366.5885009765625,31.87479591369629
2023-09-11,370.9079284667969,32.628177642822266
2023-09-12,366.795166015625,31.9045352935791
2023-09-13,368.19232177734375,32.13749313354492
2023-09-14,371.2031555175781,32.64799880981445
2023-09-15,364.84698486328125,31.50306510925293
2023-09-18,365.2273254394531,31.582372665405273
2023-09-19,364.4488830566406,31.443584442138672
2023-09-20,359.1970520019531,30.616544723510742
2023-09-21,352.6148681640625,29.458484649658203
2023-09-22,352.6641845703125,29.483333587646484
2023-09-25,354.3393249511719,29.74675750732422
2023-09-26,349.0184326171875,28.842174530029297
2023-09-27,349.8363037109375,28.99625587463379
2023-09-28,352.7627868652344,29.453510284423828
2023-09-29,353.0189208984375,29.498241424560547
2023-10-02,355.96514892578125,29.970413208007812
2023-10-03,349.718017578125,28.911760330200195
2023-10-04,354.4772644042969,29.69208335876465
2023-10-05,353.4327392578125,29.498241424560547
2023-10-06,359.354736328125,30.472408294677734
2023-10-09,361.1873779296875,30.790502548217773
2023-10-10,363.1876525878906,31.108598709106445
2023-10-11,365.7791442871094,31.560882568359375
2023-10-12,364.50799560546875,31.307405471801758
2023-10-13,359.9261779785156,30.53204917907715
2023-10-16,363.99566650390625,31.232851028442383
2023-10-17,362.80340576171875,31.019132614135742
2023-10-18,358.044189453125,30.14437484741211
2023-10-19,354.6940002441406,29.60262107849121
2023-10-20,349.4027099609375,28.722890853881836
2023-10-23,350.4570617675781,28.87696647644043
2023-10-24,353.8663024902344,29.453510284423828
2023-10-25,345.2051696777344,27.99226951599121
2023-10-26,338.6230773925781,26.91373062133789
2023-10-27,340.24884033203125,27.17218017578125
2023-10-30,344.08184814453125,27.758668899536133
2023-10-31,345.7273864746094,28.041969299316406
2023-11-01,351.7281494140625,29.016132354736328
2023-11-02,358.1131591796875,30.04496955871582
2023-11-03,362.3205261230469,30.74079704284668
2023-11-06,363.7985534667969,30.9793701171875
2023-11-07,367.2374267578125,31.555917739868164
2023-11-08,367.4739685058594,31.605615615844727
2023-11-09,364.6459655761719,31.10362434387207
2023-11-10,372.84405517578125,32.46546936035156
2023-11-13,371.68133544921875,32.271629333496094
2023-11-14,379.68231201171875,33.64837646484375
2023-11-15,379.96807861328125,33.693111419677734
2023-11-16,380.293212890625,33.75274658203125
2023-11-17,380.3818664550781,33.74778747558594
2023-11-20,385.0129699707031,34.572837829589844
2023-11-21,382.77630615234375,34.130489349365234
2023-11-22,384.34295654296875,34.42373275756836
2023-11-24,383.8010559082031,34.304443359375
2023-11-27,383.46600341796875,34.24479675292969
2023-11-28,384.4710693359375,34.413787841796875
2023-11-29,384.09661865234375,34.334259033203125
2023-11-30,383.13104248046875,34.15037155151367
2023-12-01,384.2247314453125,34.34917449951172
2023-12-04,380.6578063964844,33.68813705444336
2023-12-05,381.6136474609375,33.8521614074707
2023-12-06,379.4064025878906,33.459510803222656
2023-12-07,384.70751953125,34.39887619018555
2023-12-08,386.4220886230469,34.667274475097656
2023-12-11,389.72296142578125,35.263694763183594
2023-12-12,392.8268127441406,35.82533264160156
2023-12-13,397.8225402832031,36.719974517822266
2023-12-14,397.4776306152344,36.640445709228516
2023-12-15,399.3990173339844,36.908836364746094
2023-12-18,401.9146728515625,37.44561767578125
2023-12-19,403.9683532714844,37.81342315673828
2023-12-20,397.9654541015625,36.673072814941406
2023-12-21,402.5959167480469,37.523860931396484
2023-12-22,403.1982421875,37.62833786010742
2023-12-26,405.66650390625,38.066165924072266
2023-12-27,406.4923095703125,38.210453033447266
2023-12-28,406.29473876953125,38.14079284667969
2023-12-29,404.536376953125,37.81242370605469
2024-01-02,397.6907653808594,36.53874588012695
2024-01-03,393.48260498046875,35.75762176513672
2024-01-04,391.45758056640625,35.364566802978516
2024-01-05,391.92181396484375,35.454124450683594
2024-01-08,400.0220031738281,36.906917572021484
2024-01-09,400.8122863769531,37.05120086669922
2024-01-10,403.52880859375,37.5338020324707
2024-01-11,404.36846923828125,37.65321350097656
2024-01-12,404.5759582519531,37.70296859741211
2024-01-16,404.536376953125,37.68803787231445
2024-01-17,402.2545471191406,37.2452392578125
2024-01-18,407.96417236328125,38.309959411621094
2024-01-19,416.0545349121094,39.79757308959961
2024-01-22,416.59783935546875,39.89708709716797
2024-01-23,418.3265380859375,40.21550369262695
2024-01-24,420.6479187011719,40.64339065551758
2024-01-25,421.1615905761719,40.722984313964844
2024-01-26,418.65252685546875,40.22545623779297
2024-01-29,422.9397277832031,41.06130599975586
2024-01-30,420.1244201660156,40.4891471862793
2024-01-31,411.8957824707031,38.90699768066406
2024-02-01,416.7460632324219,39.83240509033203
2024-02-02,423.78924560546875,41.165794372558594
2024-02-05,423.23602294921875,41.016536712646484
2024-02-06,422.3865051269531,40.86726760864258
2024-02-07,426.73297119140625,41.688201904296875
2024-02-08,427.52325439453125,41.822532653808594
2024-02-09,431.7314147949219,42.628536224365234
2024-02-12,430.042236328125,42.28026580810547
2024-02-13,423.3348693847656,40.951847076416016
2024-02-14,427.9480285644531,41.852386474609375
2024-02-15,429.2223205566406,42.06134796142578
2024-02-16,425.3302307128906,41.30012512207031
2024-02-20,422.1198425292969,40.66826248168945
2024-02-21,420.4306640625,40.32994079589844
2024-02-22,432.739013671875,42.683265686035156
2024-02-23,431.4646911621094,42.40962219238281
2024-02-26,431.2374572753906,42.35986328125
2024-02-27,432.2746887207031,42.5638542175293
2024-02-28,429.97308349609375,42.08124923706055
2024-02-29,433.65765380859375,42.807647705078125
2024-03-01,440.1871643066406,44.086307525634766
2024-03-04,438.6165466308594,43.72807693481445
2024-03-05,430.74359130859375,42.170806884765625
2024-03-06,433.45025634765625,42.6882438659668
2024-03-07,440.0291442871094,43.97187042236328
2024-03-08,433.67742919921875,42.668338775634766
2024-03-11,432.0672912597656,42.34494400024414
2024-03-12,438.26092529296875,43.573848724365234
2024-03-13,434.89251708984375,42.86735534667969
2024-03-14,433.7959899902344,42.643455505371094
2024-03-15,428.6395263671875,41.61357116699219
2024-03-18,432.72760009765625,42.39967346191406
2024-03-19,433.8057556152344,42.598690032958984
2024-03-20,438.9492492675781,43.61181640625
2024-03-21,441.0264587402344,43.990177154541016
2024-03-22,441.5309143066406,44.064857482910156
2024-03-25,439.9285583496094,43.756187438964844
2024-03-26,438.504150390625,43.472412109375
2024-03-27,439.99774169921875,43.76116943359375
2024-03-28,439.1866149902344,43.55207443237305
2024-04-01,440.116455078125,43.756187438964844
2024-04-02,436.3181457519531,42.97953796386719
2024-04-03,437.2973937988281,43.14881134033203
2024-04-04,430.61083984375,41.80460739135742
2024-04-05,435.68511962890625,42.800315856933594
2024-04-08,435.813720703125,42.82520294189453
2024-04-09,437.426025390625,43.1239128112793
2024-04-10,433.6079406738281,42.337310791015625
2024-04-11,440.5318603515625,43.706398010253906
2024-04-12,433.5090026855469,42.29249954223633
2024-04-15,426.3773498535156,40.883583068847656
2024-04-16,426.41693115234375,40.883583068847656
2024-04-17,421.2140197753906,39.88290786743164
2024-04-18,418.81048583984375,39.39500427246094
2024-04-19,410.1455993652344,37.77698516845703
2024-04-22,414.2702941894531,38.5187873840332
2024-04-23,420.4524230957031,39.673805236816406
2024-04-24,421.8768005371094,39.93268585205078
2024-04-25,419.8391418457031,39.50951385498047
2024-04-26,426.3179931640625,40.73920822143555
2024-04-29,428.04901123046875,41.0528564453125
2024-04-30,419.97760009765625,39.48959732055664
2024-05-01,416.9409484863281,38.90711212158203
2024-05-02,422.26251220703125,39.887874603271484
2024-05-03,430.74932861328125,41.48101043701172
2024-05-06,435.467529296875,42.40700912475586
2024-05-07,435.53680419921875,42.387088775634766
2024-05-08,435.279541015625,42.34229278564453
2024-05-09,436.2291564941406,42.49662399291992
2024-05-10,437.2578125,42.70074462890625
2024-05-13,438.2667541503906,42.889923095703125
2024-05-14,441.0858154296875,43.422630310058594
2024-05-15,447.9800720214844,44.75686264038086
2024-05-16,447.0700988769531,44.572662353515625
2024-05-17,446.8524475097656,44.52785873413086
2024-05-20,449.96826171875,45.1352424621582
2024-05-21,450.8485412597656,45.28956985473633
2024-05-22,450.7595520019531,45.27463912963867
2024-05-23,448.7318420410156,44.83652877807617
2024-05-24,452.9752502441406,45.6828727722168
2024-05-28,454.68646240234375,46.0064811706543
2024-05-29,451.4815673828125,45.3592643737793
2024-05-30,446.6447448730469,44.3685417175293
2024-05-31,445.8138732910156,44.3685417175293
2024-06-03,448.2076110839844,44.652320861816406
2024-06-04,449.43408203125,44.8763542175293
2024-06-05,458.4945983886719,46.688533782958984
2024-06-06,458.3363342285156,46.64870071411133
2024-06-07,457.9308166503906,46.53917694091797
2024-06-10,459.78045654296875,46.907596588134766
2024-06-11,462.93585205078125,47.5299072265625
2024-06-12,468.99920654296875,48.77950668334961
2024-06-13,471.54132080078125,49.28234100341797
2024-06-14,473.9845275878906,49.77023696899414
2024-06-17,479.79071044921875,50.980010986328125
2024-06-18,479.9390869140625,50.99494934082031
2024-06-20,476.2397155761719,50.18345260620117
2024-06-21,474.9637451171875,49.884742736816406
2024-06-24,469.5564270019531,48.76457595825195
2024-06-25,474.92608642578125,49.87478256225586
2024-06-26,475.9069519042969,50.07712936401367
2024-06-27,477.1353759765625,50.30638122558594
2024-06-28,474.6585693359375,49.74320983886719
2024-07-01,477.4425048828125,50.351234436035156
2024-07-02,482.45550537109375,51.39284896850586
2024-07-03,486.4777526855469,52.22513961791992
2024-07-05,491.5501708984375,53.28668975830078
2024-07-08,492.71923828125,53.55082321166992
2024-07-09,493.1452331542969,53.605648040771484
2024-07-10,498.2869873046875,54.73697280883789
2024-07-11,487.3594970703125,52.29990005493164
2024-07-12,490.2226867675781,52.89297103881836
2024-07-15,491.54034423828125,53.18701171875
2024-07-16,491.7285461425781,53.216915130615234
2024-07-17,477.2938537597656,50.08210372924805
2024-07-18,475.0350646972656,49.588714599609375
2024-07-19,470.8245544433594,48.6866455078125
2024-07-22,477.83880615234375,50.11201477050781
2024-07-23,476.1545715332031,49.768131256103516
2024-07-24,459.07476806640625,46.16983413696289
2024-07-25,454.01220703125,45.15812301635742
2024-07-26,458.6685485839844,46.070159912109375
2024-07-29,459.58990478515625,46.2097053527832
2024-07-30,453.27911376953125,44.93385696411133
2024-07-31,466.6933288574219,47.60018539428711
2024-08-01,455.38934326171875,45.297672271728516
2024-08-02,444.5807189941406,43.10978698730469
2024-08-05,431.3250427246094,40.612911224365234
2024-08-06,435.44635009765625,41.31562805175781
2024-08-07,430.7305603027344,40.39860534667969
2024-08-08,443.9070129394531,42.880531311035156
2024-08-09,446.2252502441406,43.31412887573242
2024-08-12,447.18621826171875,43.473609924316406
2024-08-13,458.2822265625,45.616634368896484
2024-08-14,458.4307861328125,45.65151596069336
2024-08-15,470.0121765136719,47.93409729003906
2024-08-16,470.61651611328125,48.01882553100586
2024-08-19,476.7985534667969,49.279720306396484
2024-08-20,475.7979736328125,49.0604362487793
2024-08-21,478.01708984375,49.533897399902344
2024-08-22,470.438232421875,47.92413330078125
2024-08-23,475.5403137207031,48.95577621459961
2024-08-26,470.9236145019531,47.98891830444336
2024-08-27,472.33038330078125,48.27299880981445
2024-08-28,466.9706726074219,47.15663146972656
2024-08-29,466.2871398925781,47.0120964050293
2024-08-30,471.844970703125,48.118499755859375
2024-09-03,457.51934814453125,45.163108825683594
2024-09-04,456.3304748535156,44.923885345458984
2024-09-05,456.7564392089844,45.01359558105469
2024-09-06,444.5212707519531,42.58150863647461
2024-09-09,450.2376403808594,43.648040771484375
2024-09-10,454.39862060546875,44.44045639038086
2024-09-11,464.26611328125,46.33430099487305
2024-09-12,468.8233947753906,47.28122329711914
2024-09-13,470.9236145019531,47.65998458862305
2024-09-16,468.8431701660156,47.22640609741211
2024-09-17,469.0908203125,47.27623748779297
2024-09-18,467.05987548828125,46.832679748535156
2024-09-19,478.8691101074219,49.22489547729492
2024-09-20,477.95770263671875,49.00062942504883
2024-09-23,479.224609375,49.25978469848633
2024-09-24,481.53619384765625,49.72826385498047
2024-09-25,481.9826354980469,49.84843063354492
2024-09-26,485.603759765625,50.55649185180664
2024-09-27,482.9052734375,49.96311569213867
2024-09-30,484.2148742675781,50.21243667602539
2024-10-01,477.4685363769531,48.791324615478516
2024-10-02,478.1432189941406,48.95587921142578
2024-10-03,477.7860412597656,48.876094818115234
2024-10-04,483.47076416015625,50.03791427612305
2024-10-07,478.29205322265625,48.9109992980957
2024-10-08,485.4350891113281,50.37199783325195
2024-10-09,489.2547302246094,51.154850006103516
2024-10-10,488.6991882324219,51.0451545715332
2024-10-11,489.4630432128906,51.14986801147461
2024-10-14,493.57037353515625,52.00751876831055
2024-10-15,486.972900390625,50.6113395690918
2024-10-16,487.0323791503906,50.62630081176758
2024-10-17,487.3697509765625,50.70608901977539
2024-10-18,490.5643005371094,51.32439422607422
2024-10-21,491.50677490234375,51.51885223388672
2024-10-22,492.04254150390625,51.61857986450195
2024-10-23,484.5025329589844,50.02295684814453
2024-10-24,488.4312744140625,50.82575225830078
2024-10-25,491.4076232910156,51.40915298461914
2024-10-28,491.4869079589844,51.429100036621094
2024-10-29,496.2093200683594,52.40143585205078
2024-10-30,492.459228515625,51.608612060546875
2024-10-31,480.0282287597656,49.005733489990234
2024-11-01,483.5798645019531,49.688865661621094
2024-11-04,482.171142578125,49.37971115112305
2024-11-05,488.3221435546875,50.641258239746094
2024-11-06,501.5865173339844,53.39371871948242
2024-11-07,509.483642578125,55.07411575317383
2024-11-08,510.0788879394531,55.148902893066406
2024-11-11,509.78131103515625,55.0791015625
2024-11-12,508.8586120605469,54.88463592529297
2024-11-13,508.2038879394531,54.73005676269531
2024-11-14,504.6719970703125,53.94221496582031
2024-11-15,492.6477355957031,51.3343620300293
2024-11-18,496.0704650878906,52.06735610961914
2024-11-19,499.4832763671875,52.76045227050781
2024-11-20,499.1955871582031,52.69562530517578
2024-11-21,500.9913024902344,53.0795783996582
2024-11-22,501.7948913574219,53.214210510253906
2024-11-25,502.58856201171875,53.378761291503906
2024-11-26,505.2870788574219,53.937232971191406
2024-11-27,501.3087463378906,53.0795783996582
2024-11-29,505.7136535644531,53.957176208496094
2024-12-02,511.2198486328125,55.13395309448242
2024-12-03,512.787353515625,55.482994079589844
2024-12-04,519.1270141601562,56.834293365478516
2024-12-05,517.6884155273438,56.5201530456543
2024-12-06,522.3213500976562,57.507450103759766
2024-12-09,518.25390625,56.58498001098633
2024-12-10,516.48779296875,56.171112060546875
2024-12-11,525.7343139648438,58.19556427001953
2024-12-12,522.34130859375,57.43265914916992
2024-12-13,526.3394775390625,58.280330657958984
2024-12-16,533.9191284179688,59.960731506347656
2024-12-17,531.56787109375,59.427188873291016
2024-12-18,512.3904418945312,55.13893508911133
2024-12-19,510.1086730957031,54.605403900146484
2024-12-20,514.5631713867188,55.57274627685547
2024-12-23,519.5764770507812,56.615962982177734
2024-12-24,526.621826171875,58.14262008666992
2024-12-26,526.2639770507812,58.03784942626953
2024-12-27,519.2683715820312,56.45631408691406
2024-12-30,512.3621215820312,54.94462585449219
2024-12-31,508.0097961425781,54.00168991088867
2025-01-02,507.01611328125,53.762210845947266
2025-01-03,515.3135375976562,55.51837158203125
2025-01-06,521.2359008789062,56.780601501464844
2025-01-07,511.9348449707031,54.735084533691406
2025-01-08,512.0242919921875,54.74506378173828
2025-01-10,503.9952392578125,52.99889373779297
2025-01-13,502.37548828125,52.66961669921875
2025-01-14,501.89849853515625,52.54487991333008
2025-01-15,513.4453735351562,54.919681549072266
2025-01-16,509.84814453125,54.18628692626953
2025-01-17,518.4535522460938,55.97237777709961
2025-01-21,521.4943237304688,56.576053619384766
2025-01-22,528.1620483398438,58.052818298339844
2025-01-23,529.284912109375,58.30725860595703
2025-01-24,526.2938842773438,57.61876678466797
2025-01-27,510.9710693359375,54.21123504638672
2025-01-28,518.5231323242188,55.84265899658203
2025-01-29,517.54931640625,55.61814880371094
2025-01-30,519.7552490234375,56.08213806152344
2025-01-31,519.0000610351562,55.882572174072266
2025-02-03,514.8463745117188,54.99451446533203
2025-02-04,521.1663818359375,56.336570739746094
2025-02-05,523.5313720703125,56.83049392700195
2025-02-06,526.2639770507812,57.40423583984375
2025-02-07,519.6260986328125,55.95241928100586
2025-02-10,525.9161987304688,57.269535064697266
2025-02-11,524.6641845703125,57.000118255615234
2025-02-12,524.9722900390625,57.064979553222656
2025-02-13,532.5243530273438,58.69142150878906
2025-02-14,534.7601928710938,59.14043426513672
2025-02-18,535.9724731445312,59.399864196777344
2025-02-19,536.1216430664062,59.429805755615234
2025-02-20,533.845947265625,58.90095520019531
2025-02-21,522.766357421875,56.44633483886719
2025-02-24,516.5952758789062,55.084320068359375
2025-02-25,510.0865783691406,53.687381744384766
2025-02-26,511.3187561035156,53.93184280395508
2025-02-27,497.1188049316406,50.95835494995117
2025-02-28,504.9691162109375,52.5299186706543
2025-03-03,493.9190673828125,50.28483581542969
2025-03-04,492.42852783203125,49.9156494140625
2025-03-05,498.84783935546875,51.222782135009766
2025-03-06,485.1248779296875,48.40395736694336
2025-03-07,488.6922302246094,49.07249450683594
2025-03-10,469.7522888183594,45.35563278198242
2025-03-11,468.6294250488281,45.0263557434082
2025-03-12,473.9159240722656,46.064083099365234
2025-03-13,465.3899230957031,44.37777328491211
2025-03-14,476.6386413574219,46.493141174316406
2025-03-17,479.72900390625,47.09182357788086
2025-03-18,471.5509033203125,45.50031280517578
2025-03-19,477.86090087890625,46.657779693603516
2025-03-20,476.2411804199219,46.34846115112305
2025-03-21,477.8111877441406,46.677738189697266
2025-03-24,488.2964172363281,48.6434326171875
2025-03-25,491.08294677734375,49.22216033935547
2025-03-26,482.0466613769531,47.41364669799805
2025-03-27,479.29998779296875,46.849735260009766
2025-03-28,466.6810607910156,44.38448715209961
2025-03-31,466.66119384765625,44.35453796386719
2025-04-01,470.4229736328125,45.04820251464844
2025-04-02,473.8563232421875,45.706932067871094
2025-04-03,448.4891357421875,40.82135009765625
2025-04-04,420.63397216796875,35.83595275878906
2025-04-07,421.6490478515625,35.94074630737305
2025-04-08,414.0557861328125,34.603328704833984
2025-04-09,463.7552490234375,42.732666015625
2025-04-10,444.0306701660156,39.23939514160156
2025-04-11,452.2110900878906,40.62672424316406
2025-04-14,455.2762451171875,41.19063949584961
2025-04-15,455.7837829589844,41.28545379638672
2025-04-16,442.04034423828125,38.80522918701172
2025-04-17,441.9607238769531,38.7453498840332
2025-04-21,431.0236511230469,36.849002838134766
2025-04-22,442.3388977050781,38.73037338256836
2025-04-23,452.37030029296875,40.452064514160156
2025-04-24,465.0987243652344,42.752628326416016
2025-04-25,470.2835998535156,43.69580841064453
2025-04-28,470.1343688964844,43.675846099853516
2025-04-29,473.23931884765625,44.21480941772461
2025-04-30,473.17962646484375,44.20482635498047
2025-05-01,479.35968017578125,45.287742614746094
2025-05-02,486.4752502441406,46.6800651550293
2025-05-05,483.5892028808594,46.13112258911133
2025-05-06,479.09100341796875,45.282752990722656
2025-05-07,480.97186279296875,45.62209701538086
2025-05-08,485.9378967285156,46.53034591674805
2025-05-09,485.619384765625,46.450504302978516
2025-05-12,505.4036560058594,50.23321533203125
2025-05-13,513.1064453125,51.74530029296875
2025-05-14,516.1814575195312,52.36410903930664
2025-05-15,516.7486572265625,52.4788932800293
2025-05-16,518.9978637695312,52.92802047729492
2025-05-19,519.4954223632812,53.00287628173828
2025-05-20,517.7637939453125,52.62360763549805
2025-05-21,510.5685729980469,51.16142272949219
2025-05-22,511.5240173339844,51.3510627746582
2025-05-23,506.7868957519531,50.372947692871094
2025-05-27,518.709228515625,52.71343231201172
2025-05-28,516.4102783203125,52.26430130004883
2025-05-29,517.4254150390625,52.453941345214844
2025-05-30,516.609375,52.26430130004883
2025-06-02,520.6896362304688,53.0677490234375
2025-06-03,524.7599487304688,53.911128997802734
2025-06-04,526.2228393554688,54.190589904785156
2025-06-05,522.261962890625,53.34222412109375
2025-06-06,527.3673095703125,54.3702392578125
2025-06-09,528.1436157226562,54.519954681396484
2025-06-10,531.6365966796875,55.24855041503906
2025-06-11,529.84521484375,54.86429214477539
2025-06-12,531.0892944335938,55.11381530761719
2025-06-13,524.421630859375,53.701534271240234
2025-06-16,531.71630859375,55.17868423461914
2025-06-17,526.5313720703125,54.08080291748047
2025-06-18,526.4417724609375,54.05584716796875
2025-06-20,524.292236328125,53.57177734375
2025-06-23,529.6832275390625,54.68962478637695
2025-06-24,537.7831420898438,56.346439361572266
2025-06-25,539.157958984375,56.61820983886719
2025-06-26,544.1992797851562,57.68732833862305
2025-06-27,546.0623779296875,58.067012786865234
2025-06-30,549.5992431640625,58.80640411376953
2025-07-01,544.9664306640625,57.78225326538086
2025-07-02,548.7623291015625,58.59657287597656
2025-07-03,554.1622314453125,59.69567108154297
2025-07-07,549.9878540039062,58.8014030456543
2025-07-08,550.2966918945312,58.846370697021484
2025-07-09,554.1921997070312,59.675682067871094
2025-07-10,553.3951416015625,59.48583984375
2025-07-11,552.1497802734375,59.20107650756836
2025-07-14,554.1524047851562,59.60573959350586
2025-07-15,554.660400390625,59.700660705566406
2025-07-16,555.228271484375,59.8305549621582
2025-07-17,559.7216186523438,60.78976058959961
2025-07-18,559.1836547851562,60.634891510009766
2025-07-21,562.0828857421875,61.25937271118164
2025-07-22,559.1737060546875,60.614906311035156
2025-07-23,561.7242431640625,61.159454345703125
2025-07-24,562.9197387695312,61.42923355102539
2025-07-25,564.2747192382812,61.674034118652344
2025-07-28,566.0382080078125,62.06371307373047
2025-07-29,565.1614990234375,61.87886428833008
2025-07-30,565.9186401367188,62.02374267578125
2025-07-31,562.9197387695312,61.334312438964844
2025-08-01,551.8309936523438,58.8863410949707
2025-08-04,562.0131225585938,61.0495491027832
2025-08-05,558.1973266601562,60.20524978637695
2025-08-06,565.2212524414062,61.718994140625
2025-08-07,567.1340942382812,62.1336555480957
2025-08-08,572.4244995117188,63.25772476196289
2025-08-11,570.7307739257812,62.84806442260742
2025-08-12,577.904052734375,64.44673919677734
2025-08-13,578.1930541992188,64.4967041015625
2025-08-14,577.7448120117188,64.38179016113281
2025-08-15,575.2041625976562,63.77729415893555
2025-08-18,574.9749755859375,63.737327575683594
2025-08-19,567.1739501953125,61.988773345947266
2025-08-20,563.8065185546875,61.23439407348633
2025-08-21,561.1962280273438,60.67485809326172
2025-08-22,569.85400390625,62.518333435058594
2025-08-25,568.2101440429688,62.14364242553711
2025-08-26,570.4916381835938,62.64323043823242
2025-08-27,571.3684692382812,62.81808853149414
2025-08-28,574.9451904296875,63.58245086669922
2025-08-29,568.2898559570312,62.058712005615234
2025-09-02,563.527587890625,61.02956771850586
2025-09-03,567.9610595703125,61.95879364013672
2025-09-04,573.1019897460938,63.08786392211914
2025-09-05,573.9288940429688,63.227745056152344
2025-09-08,576.728515625,63.84723663330078
2025-09-09,578.3624877929688,64.19194793701172
2025-09-10,578.5517578125,64.23192596435547
2025-09-11,581.919189453125,64.96131134033203
2025-09-12,584.4896240234375,65.5208511352539
2025-09-15,589.4910888671875,66.63493347167969
2025-09-16,588.9929809570312,66.48506164550781
2025-09-17,587.8173217773438,66.2002944946289
2025-09-18,593.11767578125,67.42428588867188
2025-09-19,597.1326904296875,68.30355834960938
2025-09-22,600.667724609375,69.097900390625
2025-09-23,596.6779174804688,68.1636734008789
2025-09-24,594.583251953125,67.68941497802734
2025-09-25,592.0198364257812,67.07974243164062
2025-09-26,594.4535522460938,67.61945343017578
2025-09-29,597.20654296875,68.2241439819336
2025-09-30,598.8424072265625,68.56395721435547
2025-10-01,601.7150268554688,69.22361755371094
2025-10-02,604.188720703125,69.78331756591797
2025-10-03,601.645263671875,69.15364837646484
2025-10-06,606.1636962890625,70.19810485839844
2025-10-07,602.9718627929688,69.4435043334961
2025-10-08,609.88427734375,71.02266693115234
2025-10-09,609.1461181640625,70.8377685546875
2025-10-10,588.0000610351562,65.87037658691406
2025-10-13,600.4782104492188,68.67889404296875
2025-10-14,596.4783935546875,67.7643814086914
2025-10-15,600.6876220703125,68.68389892578125
2025-10-16,598.4633178710938,68.17416381835938
2025-10-17,602.393310546875,69.04370880126953
2025-10-20,609.98388671875,70.7677993774414
2025-10-21,609.8244018554688,70.72782897949219
2025-10-22,603.9493408203125,69.32356262207031
2025-10-23,609.0264282226562,70.512939453125
2025-10-24,615.52978515625,71.95217895507812
2025-10-27,626.4918823242188,74.53082275390625
2025-10-28,631.3095703125,75.65523529052734
2025-10-29,634.15234375,76.3448715209961
2025-10-30,624.45703125,73.98611450195312
2025-10-31,627.4693603515625,74.70072937011719
2025-11-03,630.4716796875,75.3703842163086
2025-11-04,617.6743774414062,72.2820053100586
2025-11-05,621.6941528320312,73.23149871826172
2025-11-06,610.1136474609375,70.4929428100586
2025-11-07,608.1885375976562,70.01819610595703
2025-11-10,621.6442260742188,73.08657836914062
2025-11-11,619.9884643554688,72.69679260253906
2025-11-12,619.4996948242188,72.57185363769531
2025-11-13,606.8519897460938,69.58842468261719
2025-11-14,607.310791015625,69.65838623046875
2025-11-17,602.1240234375,68.4640121459961
2025-11-18,594.792724609375,66.79988098144531
2025-11-19,598.3436889648438,67.55949401855469
2025-11-20,584.1798095703125,64.37615966796875
2025-11-21,588.568603515625,65.32566833496094
2025-11-24,603.6201782226562,68.69389343261719
2025-11-25,607.3406982421875,69.4734878540039
2025-11-26,612.70703125,70.70283508300781
2025-11-28,617.6743774414062,71.77227020263672
2025-12-01,615.599609375,71.31251525878906
2025-12-02,620.4173583984375,72.43193054199219
2025-12-03,621.9335327148438,72.75176239013672
2025-12-04,621.35498046875,72.58184814453125
2025-12-05,623.8884887695312,73.18153381347656
2025-12-08,622.6915893554688,72.8517074584961
2025-12-09,623.4595947265625,73.06159210205078
2025-12-10,626.0130615234375,73.62130737304688
2025-12-11,623.98828125,73.14155578613281
2025-12-12,612.0587158203125,70.30303955078125
2025-12-15,608.9865112304688,69.59341430664062
2025-12-16,610.1934204101562,69.86328125
2025-12-17,598.8822631835938,67.2446517944336
2025-12-18,607.5601806640625,69.20362091064453
2025-12-19,615.4799194335938,71.01268005371094
2025-12-22,618.4302368164062,71.6323471069336
2025-12-23,621.3265380859375,72.32198333740234
2025-12-24,623.144287109375,72.71491241455078
2025-12-26,623.1043090820312,72.6649169921875
2025-12-29,620.088134765625,71.94506072998047
2025-12-30,618.64990234375,71.59513854980469
