Date,AdjClose,Close,High,Low,Open,Volume
2008-01-03,40.79999923706055,40.79999923706055,40.79999923706055,40.79999923706055,40.79999923706055,0
2008-01-04,40.20000076293945,40.20000076293945,40.20000076293945,40.20000076293945,40.20000076293945,0
2008-01-07,39.38999938964844,39.38999938964844,39.38999938964844,39.38999938964844,39.38999938964844,0
2008-01-08,39.75,39.75,39.75,39.75,39.75,0
2008-01-09,39.2400016784668,39.2400016784668,39.2400016784668,39.2400016784668,39.2400016784668,0
2008-01-10,38.97999954223633,38.97999954223633,38.97999954223633,38.97999954223633,38.97999954223633,0
2008-01-11,38.47999954223633,38.47999954223633,38.47999954223633,38.47999954223633,38.47999954223633,0
2008-01-14,38.54999923706055,38.54999923706055,38.54999923706055,38.54999923706055,38.54999923706055,0
2008-01-15,38.33000183105469,38.33000183105469,38.33000183105469,38.33000183105469,38.33000183105469,0
2008-01-16,37.2599983215332,37.2599983215332,37.2599983215332,37.2599983215332,37.2599983215332,0
2008-01-17,37.720001220703125,37.720001220703125,37.720001220703125,37.720001220703125,37.720001220703125,0
2008-01-18,36.900001525878906,36.900001525878906,36.900001525878906,36.900001525878906,36.900001525878906,0
2008-01-21,35.75,35.75,35.75,35.75,35.75,0
2008-01-22,34.06999969482422,34.06999969482422,34.06999969482422,34.06999969482422,34.06999969482422,0
2008-01-23,35.75,35.75,35.75,35.75,35.75,0
2008-01-24,35.29999923706055,35.29999923706055,35.29999923706055,35.29999923706055,35.29999923706055,0
2008-01-25,36.650001525878906,36.650001525878906,36.650001525878906,36.650001525878906,36.650001525878906,0
2008-01-28,35.290000915527344,35.290000915527344,35.290000915527344,35.290000915527344,35.290000915527344,0
2008-01-29,36.04999923706055,36.04999923706055,36.04999923706055,36.04999923706055,36.04999923706055,0
2008-01-30,36.189998626708984,36.189998626708984,36.189998626708984,36.189998626708984,36.189998626708984,0
2008-01-31,35.630001068115234,35.630001068115234,35.630001068115234,35.630001068115234,35.630001068115234,0
2008-02-01,36.45000076293945,36.45000076293945,36.45000076293945,36.45000076293945,36.45000076293945,0
2008-02-04,36.95000076293945,36.95000076293945,36.95000076293945,36.95000076293945,36.95000076293945,0
2008-02-05,36.63999938964844,36.63999938964844,36.63999938964844,36.63999938964844,36.63999938964844,0
2008-02-06,35.5,35.5,35.5,35.5,35.5,0
2008-02-07,35.58000183105469,35.58000183105469,35.58000183105469,35.58000183105469,35.58000183105469,0
2008-02-08,35.189998626708984,35.189998626708984,35.189998626708984,35.189998626708984,35.189998626708984,0
2008-02-11,35.20000076293945,35.20000076293945,35.20000076293945,35.20000076293945,35.20000076293945,0
2008-02-12,35.099998474121094,35.099998474121094,35.099998474121094,35.099998474121094,35.099998474121094,0
2008-02-13,35.959999084472656,35.959999084472656,35.959999084472656,35.959999084472656,35.959999084472656,0
2008-02-14,36.66999816894531,36.66999816894531,36.66999816894531,36.66999816894531,36.66999816894531,0
2008-02-15,36.220001220703125,36.220001220703125,36.220001220703125,36.220001220703125,36.220001220703125,0
2008-02-18,36.22999954223633,36.22999954223633,36.22999954223633,36.22999954223633,36.22999954223633,0
2008-02-19,35.79999923706055,35.79999923706055,35.79999923706055,35.79999923706055,35.79999923706055,0
2008-02-20,36.099998474121094,36.099998474121094,36.099998474121094,36.099998474121094,36.099998474121094,0
2008-02-21,36.04999923706055,36.04999923706055,36.04999923706055,36.04999923706055,36.04999923706055,0
2008-02-22,35.84000015258789,35.84000015258789,35.84000015258789,35.84000015258789,35.84000015258789,0
2008-02-25,36.349998474121094,36.349998474121094,36.349998474121094,36.349998474121094,36.349998474121094,0
2008-02-26,36.720001220703125,36.720001220703125,36.720001220703125,36.720001220703125,36.720001220703125,0
2008-02-27,36.779998779296875,36.779998779296875,36.779998779296875,36.779998779296875,36.779998779296875,0
2008-02-28,36.54999923706055,36.54999923706055,36.54999923706055,36.54999923706055,36.54999923706055,0
2008-02-29,35.689998626708984,35.689998626708984,35.689998626708984,35.689998626708984,35.689998626708984,0
2008-03-03,35.15999984741211,35.15999984741211,35.15999984741211,35.15999984741211,35.15999984741211,0
2008-03-04,34.939998626708984,34.939998626708984,34.939998626708984,34.939998626708984,34.939998626708984,0
2008-03-05,34.90999984741211,34.90999984741211,34.90999984741211,34.90999984741211,34.90999984741211,0
2008-03-06,35.130001068115234,35.130001068115234,35.130001068115234,35.130001068115234,35.130001068115234,0
2008-03-07,34.40999984741211,34.40999984741211,34.40999984741211,34.40999984741211,34.40999984741211,0
2008-03-10,34.34000015258789,34.34000015258789,34.34000015258789,34.34000015258789,34.34000015258789,0
2008-03-11,34.29999923706055,34.29999923706055,34.29999923706055,34.29999923706055,34.29999923706055,0
2008-03-12,35.02000045776367,35.02000045776367,35.02000045776367,35.02000045776367,35.02000045776367,0
2008-03-13,34.38999938964844,34.38999938964844,34.38999938964844,34.38999938964844,34.38999938964844,0
2008-03-14,34.4900016784668,34.4900016784668,34.4900016784668,34.4900016784668,34.4900016784668,0
2008-03-17,33.0,33.0,33.0,33.0,33.0,0
2008-03-18,33.16999816894531,33.16999816894531,33.16999816894531,33.16999816894531,33.16999816894531,0
2008-03-19,33.380001068115234,33.380001068115234,33.380001068115234,33.380001068115234,33.380001068115234,0
2008-03-20,33.13999938964844,33.13999938964844,33.13999938964844,33.13999938964844,33.13999938964844,0
2008-03-25,34.310001373291016,34.310001373291016,34.310001373291016,34.310001373291016,34.310001373291016,0
2008-03-26,34.220001220703125,34.220001220703125,34.220001220703125,34.220001220703125,34.220001220703125,0
2008-03-27,34.56999969482422,34.56999969482422,34.56999969482422,34.56999969482422,34.56999969482422,0
2008-03-28,34.59000015258789,34.59000015258789,34.59000015258789,34.59000015258789,34.59000015258789,0
2008-03-31,34.18000030517578,34.18000030517578,34.18000030517578,34.18000030517578,34.18000030517578,0
2008-04-01,34.79999923706055,34.79999923706055,34.79999923706055,34.79999923706055,34.79999923706055,0
2008-04-02,35.72999954223633,35.72999954223633,35.72999954223633,35.72999954223633,35.72999954223633,0
2008-04-03,35.849998474121094,35.849998474121094,35.849998474121094,35.849998474121094,35.849998474121094,0
2008-04-04,35.790000915527344,35.790000915527344,35.790000915527344,35.790000915527344,35.790000915527344,0
2008-04-07,35.970001220703125,35.970001220703125,35.970001220703125,35.970001220703125,35.970001220703125,0
2008-04-08,35.7400016784668,35.7400016784668,35.7400016784668,35.7400016784668,35.7400016784668,0
2008-04-09,35.58000183105469,35.58000183105469,35.58000183105469,35.58000183105469,35.58000183105469,0
2008-04-10,35.400001525878906,35.400001525878906,35.400001525878906,35.400001525878906,35.400001525878906,0
2008-04-11,35.619998931884766,35.619998931884766,35.619998931884766,35.619998931884766,35.619998931884766,0
2008-04-14,34.72999954223633,34.72999954223633,34.72999954223633,34.72999954223633,34.72999954223633,0
2008-04-15,34.689998626708984,34.689998626708984,34.689998626708984,34.689998626708984,34.689998626708984,0
2008-04-16,35.119998931884766,35.119998931884766,35.119998931884766,35.119998931884766,35.119998931884766,0
2008-04-17,35.52000045776367,35.52000045776367,35.52000045776367,35.52000045776367,35.52000045776367,0
2008-04-18,35.439998626708984,35.439998626708984,35.439998626708984,35.439998626708984,35.439998626708984,0
2008-04-21,36.11000061035156,36.11000061035156,36.11000061035156,36.11000061035156,36.11000061035156,0
2008-04-22,35.63999938964844,35.63999938964844,35.63999938964844,35.63999938964844,35.63999938964844,0
2008-04-23,35.689998626708984,35.689998626708984,35.689998626708984,35.689998626708984,35.689998626708984,0
2008-04-24,35.5099983215332,35.5099983215332,35.5099983215332,35.5099983215332,35.5099983215332,0
2008-04-25,36.220001220703125,36.220001220703125,36.220001220703125,36.220001220703125,36.220001220703125,0
2008-04-28,36.4900016784668,36.4900016784668,36.4900016784668,36.4900016784668,36.4900016784668,0
2008-04-29,36.5,36.5,36.5,36.5,36.5,0
2008-04-30,36.290000915527344,36.290000915527344,36.290000915527344,36.290000915527344,36.290000915527344,0
2008-05-02,36.95000076293945,36.95000076293945,36.95000076293945,36.95000076293945,36.95000076293945,0
2008-05-05,37.15999984741211,37.15999984741211,37.15999984741211,37.15999984741211,37.15999984741211,0
2008-05-06,36.970001220703125,36.970001220703125,36.970001220703125,36.970001220703125,36.970001220703125,0
2008-05-07,37.150001525878906,37.150001525878906,37.150001525878906,37.150001525878906,37.150001525878906,0
2008-05-08,37.119998931884766,37.119998931884766,37.119998931884766,37.119998931884766,37.119998931884766,0
2008-05-09,36.810001373291016,36.810001373291016,36.810001373291016,36.810001373291016,36.810001373291016,0
2008-05-12,37.11000061035156,37.11000061035156,37.11000061035156,37.11000061035156,37.11000061035156,0
2008-05-13,37.08000183105469,37.08000183105469,37.08000183105469,37.08000183105469,37.08000183105469,0
2008-05-14,37.0099983215332,37.0099983215332,37.0099983215332,37.0099983215332,37.0099983215332,0
2008-05-15,36.970001220703125,36.970001220703125,36.970001220703125,36.970001220703125,36.970001220703125,0
2008-05-16,37.5,37.5,37.5,37.5,37.5,0
2008-05-19,37.5,37.5,37.5,37.5,37.5,0
2008-05-20,37.540000915527344,37.540000915527344,37.540000915527344,37.540000915527344,37.540000915527344,0
2008-05-21,37.189998626708984,37.189998626708984,37.189998626708984,37.189998626708984,37.189998626708984,0
2008-05-22,36.849998474121094,36.849998474121094,36.849998474121094,36.849998474121094,36.849998474121094,0
2008-05-23,36.779998779296875,36.779998779296875,36.779998779296875,36.779998779296875,36.779998779296875,0
2008-05-26,36.43000030517578,36.43000030517578,36.43000030517578,36.43000030517578,36.43000030517578,0
2008-05-27,36.25,36.25,36.25,36.25,36.25,0
2008-05-28,36.459999084472656,36.459999084472656,36.459999084472656,36.459999084472656,36.459999084472656,0
2008-05-29,36.77000045776367,36.77000045776367,36.77000045776367,36.77000045776367,36.77000045776367,0
2008-05-30,36.790000915527344,36.790000915527344,36.790000915527344,36.790000915527344,36.790000915527344,0
2008-06-02,36.36000061035156,36.36000061035156,36.36000061035156,36.36000061035156,36.36000061035156,0
2008-06-03,36.34000015258789,36.34000015258789,36.34000015258789,36.34000015258789,36.34000015258789,0
2008-06-04,36.08000183105469,36.08000183105469,36.08000183105469,36.08000183105469,36.08000183105469,0
2008-06-05,36.33000183105469,36.33000183105469,36.33000183105469,36.33000183105469,36.33000183105469,0
2008-06-06,36.29999923706055,36.29999923706055,36.29999923706055,36.29999923706055,36.29999923706055,0
2008-06-09,35.25,35.25,35.25,35.25,35.25,0
2008-06-10,35.0099983215332,35.0099983215332,35.0099983215332,35.0099983215332,35.0099983215332,0
2008-06-11,35.11000061035156,35.11000061035156,35.11000061035156,35.11000061035156,35.11000061035156,0
2008-06-12,34.54999923706055,34.54999923706055,34.54999923706055,34.54999923706055,34.54999923706055,0
2008-06-13,34.470001220703125,34.470001220703125,34.470001220703125,34.470001220703125,34.470001220703125,0
2008-06-16,35.02000045776367,35.02000045776367,35.02000045776367,35.02000045776367,35.02000045776367,0
2008-06-17,35.130001068115234,35.130001068115234,35.130001068115234,35.130001068115234,35.130001068115234,0
2008-06-18,34.7599983215332,34.7599983215332,34.7599983215332,34.7599983215332,34.7599983215332,0
2008-06-19,34.63999938964844,34.63999938964844,34.63999938964844,34.63999938964844,34.63999938964844,0
2008-06-20,33.900001525878906,33.900001525878906,33.900001525878906,33.900001525878906,33.900001525878906,0
2008-06-23,33.84000015258789,33.84000015258789,33.84000015258789,33.84000015258789,33.84000015258789,0
2008-06-24,33.310001373291016,33.310001373291016,33.310001373291016,33.310001373291016,33.310001373291016,0
2008-06-25,33.790000915527344,33.790000915527344,33.790000915527344,33.790000915527344,33.790000915527344,0
2008-06-26,33.4900016784668,33.4900016784668,33.4900016784668,33.4900016784668,33.4900016784668,0
2008-06-27,32.7599983215332,32.7599983215332,32.7599983215332,32.7599983215332,32.7599983215332,0
2008-06-30,32.7400016784668,32.7400016784668,32.7400016784668,32.7400016784668,32.7400016784668,0
2008-07-01,32.38999938964844,32.38999938964844,32.38999938964844,32.38999938964844,32.38999938964844,0
2008-07-02,32.560001373291016,32.560001373291016,32.560001373291016,32.560001373291016,32.560001373291016,0
2008-07-03,31.93000030517578,31.93000030517578,31.93000030517578,31.93000030517578,31.93000030517578,0
2008-07-04,32.310001373291016,32.310001373291016,32.310001373291016,32.310001373291016,32.310001373291016,0
2008-07-07,32.09000015258789,32.09000015258789,32.09000015258789,32.09000015258789,32.09000015258789,0
2008-07-08,32.0,32.0,32.0,32.0,32.0,0
2008-07-09,32.41999816894531,32.41999816894531,32.41999816894531,32.41999816894531,32.41999816894531,0
2008-07-10,32.02000045776367,32.02000045776367,32.02000045776367,32.02000045776367,32.02000045776367,0
2008-07-11,31.989999771118164,31.989999771118164,31.989999771118164,31.989999771118164,31.989999771118164,0
2008-07-14,31.309999465942383,31.309999465942383,31.309999465942383,31.309999465942383,31.309999465942383,0
2008-07-15,30.829999923706055,30.829999923706055,30.829999923706055,30.829999923706055,30.829999923706055,0
2008-07-16,30.43000030517578,30.43000030517578,30.43000030517578,30.43000030517578,30.43000030517578,0
2008-07-17,31.25,31.25,31.25,31.25,31.25,0
2008-07-18,31.3700008392334,31.3700008392334,31.3700008392334,31.3700008392334,31.3700008392334,0
2008-07-21,32.16999816894531,32.16999816894531,32.16999816894531,32.16999816894531,32.16999816894531,0
2008-07-22,31.850000381469727,31.850000381469727,31.850000381469727,31.850000381469727,31.850000381469727,0
2008-07-23,32.470001220703125,32.470001220703125,32.470001220703125,32.470001220703125,32.470001220703125,0
2008-07-24,32.81999969482422,32.81999969482422,32.81999969482422,32.81999969482422,32.81999969482422,0
2008-07-25,31.969999313354492,31.969999313354492,31.969999313354492,31.969999313354492,31.969999313354492,0
2008-07-28,31.979999542236328,31.979999542236328,31.979999542236328,31.979999542236328,31.979999542236328,0
2008-07-29,31.5,31.5,31.5,31.5,31.5,0
2008-07-30,32.41999816894531,32.41999816894531,32.41999816894531,32.41999816894531,32.41999816894531,0
2008-07-31,32.349998474121094,32.349998474121094,32.349998474121094,32.349998474121094,32.349998474121094,0
2008-08-01,32.2400016784668,32.2400016784668,32.2400016784668,32.2400016784668,32.2400016784668,0
2008-08-04,32.900001525878906,32.900001525878906,32.900001525878906,32.900001525878906,32.900001525878906,0
2008-08-05,31.770000457763672,31.770000457763672,31.770000457763672,31.770000457763672,31.770000457763672,0
2008-08-06,32.81999969482422,32.81999969482422,32.81999969482422,32.81999969482422,32.81999969482422,0
2008-08-07,32.79999923706055,32.79999923706055,32.79999923706055,32.79999923706055,32.79999923706055,0
2008-08-08,33.060001373291016,33.060001373291016,33.060001373291016,33.060001373291016,33.060001373291016,0
2008-08-11,33.47999954223633,33.47999954223633,33.47999954223633,33.47999954223633,33.47999954223633,0
2008-08-12,33.5099983215332,33.5099983215332,33.5099983215332,33.5099983215332,33.5099983215332,0
2008-08-13,33.15999984741211,33.15999984741211,33.15999984741211,33.15999984741211,33.15999984741211,0
2008-08-14,32.93000030517578,32.93000030517578,32.93000030517578,32.93000030517578,32.93000030517578,0
2008-08-18,32.779998779296875,32.779998779296875,32.779998779296875,32.779998779296875,32.779998779296875,0
2008-08-19,32.41999816894531,32.41999816894531,32.41999816894531,32.41999816894531,32.41999816894531,0
2008-08-20,32.22999954223633,32.22999954223633,32.22999954223633,32.22999954223633,32.22999954223633,0
2008-08-21,31.8799991607666,31.8799991607666,31.8799991607666,31.8799991607666,31.8799991607666,0
2008-08-22,31.889999389648438,31.889999389648438,31.889999389648438,31.889999389648438,31.889999389648438,0
2008-08-25,32.5,32.5,32.5,32.5,32.5,0
2008-08-26,32.209999084472656,32.209999084472656,32.209999084472656,32.209999084472656,32.209999084472656,0
2008-08-27,32.400001525878906,32.400001525878906,32.400001525878906,32.400001525878906,32.400001525878906,0
2008-08-28,32.290000915527344,32.290000915527344,32.290000915527344,32.290000915527344,32.290000915527344,0
2008-08-29,33.119998931884766,33.119998931884766,33.119998931884766,33.119998931884766,33.119998931884766,0
2008-09-01,32.84000015258789,32.84000015258789,32.84000015258789,32.84000015258789,32.84000015258789,0
2008-09-02,33.290000915527344,33.290000915527344,33.290000915527344,33.290000915527344,33.290000915527344,0
2008-09-03,33.040000915527344,33.040000915527344,33.040000915527344,33.040000915527344,33.040000915527344,0
2008-09-04,32.869998931884766,32.869998931884766,32.869998931884766,32.869998931884766,32.869998931884766,0
2008-09-05,31.479999542236328,31.479999542236328,31.479999542236328,31.479999542236328,31.479999542236328,0
2008-09-08,32.459999084472656,32.459999084472656,32.459999084472656,32.459999084472656,32.459999084472656,0
2008-09-09,32.4900016784668,32.4900016784668,32.4900016784668,32.4900016784668,32.4900016784668,0
2008-09-10,31.899999618530273,31.899999618530273,31.899999618530273,31.899999618530273,31.899999618530273,0
2008-09-11,31.81999969482422,31.81999969482422,31.81999969482422,31.81999969482422,31.81999969482422,0
2008-09-12,32.04999923706055,32.04999923706055,32.04999923706055,32.04999923706055,32.04999923706055,0
2008-09-15,31.31999969482422,31.31999969482422,31.31999969482422,31.31999969482422,31.31999969482422,0
2008-09-16,30.610000610351562,30.610000610351562,30.610000610351562,30.610000610351562,30.610000610351562,0
2008-09-17,30.139999389648438,30.139999389648438,30.139999389648438,30.139999389648438,30.139999389648438,0
2008-09-18,29.84000015258789,29.84000015258789,29.84000015258789,29.84000015258789,29.84000015258789,0
2008-09-19,31.149999618530273,31.149999618530273,31.149999618530273,31.149999618530273,31.149999618530273,0
2008-09-22,31.979999542236328,31.979999542236328,31.979999542236328,31.979999542236328,31.979999542236328,0
2008-09-23,30.889999389648438,30.889999389648438,30.889999389648438,30.889999389648438,30.889999389648438,0
2008-09-24,30.889999389648438,30.889999389648438,30.889999389648438,30.889999389648438,30.889999389648438,0
2008-09-25,30.860000610351562,30.860000610351562,30.860000610351562,30.860000610351562,30.860000610351562,0
2008-09-26,30.68000030517578,30.68000030517578,30.68000030517578,30.68000030517578,30.68000030517578,0
2008-09-29,30.299999237060547,30.299999237060547,30.299999237060547,30.299999237060547,30.299999237060547,0
2008-09-30,28.729999542236328,28.729999542236328,28.729999542236328,28.729999542236328,28.729999542236328,0
2008-10-01,29.649999618530273,29.649999618530273,29.649999618530273,29.649999618530273,29.649999618530273,0
2008-10-02,29.90999984741211,29.90999984741211,29.90999984741211,29.90999984741211,29.90999984741211,0
2008-10-03,29.18000030517578,29.18000030517578,29.18000030517578,29.18000030517578,29.18000030517578,0
2008-10-06,29.040000915527344,29.040000915527344,29.040000915527344,29.040000915527344,29.040000915527344,0
2008-10-07,28.559999465942383,28.559999465942383,28.559999465942383,28.559999465942383,28.559999465942383,0
2008-10-08,26.079999923706055,26.079999923706055,26.079999923706055,26.079999923706055,26.079999923706055,0
2008-10-09,26.639999389648438,26.639999389648438,26.639999389648438,26.639999389648438,26.639999389648438,0
2008-10-10,25.010000228881836,25.010000228881836,25.010000228881836,25.010000228881836,25.010000228881836,0
2008-10-13,24.940000534057617,24.940000534057617,24.940000534057617,24.940000534057617,24.940000534057617,0
2008-10-14,26.889999389648438,26.889999389648438,26.889999389648438,26.889999389648438,26.889999389648438,0
2008-10-15,26.190000534057617,26.190000534057617,26.190000534057617,26.190000534057617,26.190000534057617,0
2008-10-16,24.309999465942383,24.309999465942383,24.309999465942383,24.309999465942383,24.309999465942383,0
2008-10-17,24.5,24.5,24.5,24.5,24.5,0
2008-10-20,25.209999084472656,25.209999084472656,25.209999084472656,25.209999084472656,25.209999084472656,0
2008-10-21,25.860000610351562,25.860000610351562,25.860000610351562,25.860000610351562,25.860000610351562,0
2008-10-22,25.0,25.0,25.0,25.0,25.0,0
2008-10-23,24.299999237060547,24.299999237060547,24.299999237060547,24.299999237060547,24.299999237060547,0
2008-10-24,23.059999465942383,23.059999465942383,23.059999465942383,23.059999465942383,23.059999465942383,0
2008-10-27,21.8700008392334,21.8700008392334,21.8700008392334,21.8700008392334,21.8700008392334,0
2008-10-28,23.040000915527344,23.040000915527344,23.040000915527344,23.040000915527344,23.040000915527344,0
2008-10-29,24.06999969482422,24.06999969482422,24.06999969482422,24.06999969482422,24.06999969482422,0
2008-10-30,24.860000610351562,24.860000610351562,24.860000610351562,24.860000610351562,24.860000610351562,0
2008-10-31,24.889999389648438,24.889999389648438,24.889999389648438,24.889999389648438,24.889999389648438,0
2008-11-03,25.920000076293945,25.920000076293945,25.920000076293945,25.920000076293945,25.920000076293945,0
2008-11-04,25.899999618530273,25.899999618530273,25.899999618530273,25.899999618530273,25.899999618530273,0
2008-11-05,26.190000534057617,26.190000534057617,26.190000534057617,26.190000534057617,26.190000534057617,0
2008-11-06,25.790000915527344,25.790000915527344,25.790000915527344,25.790000915527344,25.790000915527344,0
2008-11-07,24.899999618530273,24.899999618530273,24.899999618530273,24.899999618530273,24.899999618530273,0
2008-11-10,26.030000686645508,26.030000686645508,26.030000686645508,26.030000686645508,26.030000686645508,0
2008-11-11,25.030000686645508,25.030000686645508,25.030000686645508,25.030000686645508,25.030000686645508,0
2008-11-12,24.84000015258789,24.84000015258789,24.84000015258789,24.84000015258789,24.84000015258789,0
2008-11-13,23.670000076293945,23.670000076293945,23.670000076293945,23.670000076293945,23.670000076293945,0
2008-11-14,24.260000228881836,24.260000228881836,24.260000228881836,24.260000228881836,24.260000228881836,0
2008-11-17,23.68000030517578,23.68000030517578,23.68000030517578,23.68000030517578,23.68000030517578,0
2008-11-18,23.020000457763672,23.020000457763672,23.020000457763672,23.020000457763672,23.020000457763672,0
2008-11-19,23.110000610351562,23.110000610351562,23.110000610351562,23.110000610351562,23.110000610351562,0
2008-11-20,21.780000686645508,21.780000686645508,21.780000686645508,21.780000686645508,21.780000686645508,0
2008-11-21,21.889999389648438,21.889999389648438,21.889999389648438,21.889999389648438,21.889999389648438,0
2008-11-24,21.579999923706055,21.579999923706055,21.579999923706055,21.579999923706055,21.579999923706055,0
2008-11-25,22.510000228881836,22.510000228881836,22.510000228881836,22.510000228881836,22.510000228881836,0
2008-11-26,22.729999542236328,22.729999542236328,22.729999542236328,22.729999542236328,22.729999542236328,0
2008-11-27,23.540000915527344,23.540000915527344,23.540000915527344,23.540000915527344,23.540000915527344,0
2008-11-28,23.579999923706055,23.579999923706055,23.579999923706055,23.579999923706055,23.579999923706055,0
2008-12-01,23.5,23.5,23.5,23.5,23.5,0
2008-12-02,22.3799991607666,22.3799991607666,22.3799991607666,22.3799991607666,22.3799991607666,0
2008-12-03,22.40999984741211,22.40999984741211,22.40999984741211,22.40999984741211,22.40999984741211,0
2008-12-04,22.81999969482422,22.81999969482422,22.81999969482422,22.81999969482422,22.81999969482422,0
2008-12-05,22.600000381469727,22.600000381469727,22.600000381469727,22.600000381469727,22.600000381469727,0
2008-12-08,23.190000534057617,23.190000534057617,23.190000534057617,23.190000534057617,23.190000534057617,0
2008-12-09,23.25,23.25,23.25,23.25,23.25,0
2008-12-10,23.68000030517578,23.68000030517578,23.68000030517578,23.68000030517578,23.68000030517578,0
2008-12-11,23.510000228881836,23.510000228881836,23.510000228881836,23.510000228881836,23.510000228881836,0
2008-12-12,22.790000915527344,22.790000915527344,22.790000915527344,22.790000915527344,22.790000915527344,0
2008-12-15,23.25,23.25,23.25,23.25,23.25,0
2008-12-16,23.100000381469727,23.100000381469727,23.100000381469727,23.100000381469727,23.100000381469727,0
2008-12-17,23.209999084472656,23.209999084472656,23.209999084472656,23.209999084472656,23.209999084472656,0
2008-12-18,22.850000381469727,22.850000381469727,22.850000381469727,22.850000381469727,22.850000381469727,0
2008-12-19,22.59000015258789,22.59000015258789,22.59000015258789,22.59000015258789,22.59000015258789,0
2008-12-22,22.389999389648438,22.389999389648438,22.389999389648438,22.389999389648438,22.389999389648438,0
2008-12-23,22.709999084472656,22.709999084472656,22.709999084472656,22.709999084472656,22.709999084472656,0
2008-12-29,22.299999237060547,22.299999237060547,22.299999237060547,22.299999237060547,22.299999237060547,0
2008-12-30,22.700000762939453,22.700000762939453,22.700000762939453,22.700000762939453,22.700000762939453,0
2009-01-02,23.549999237060547,23.549999237060547,23.549999237060547,23.3700008392334,23.389999389648438,1409
2009-01-05,24.06999969482422,24.06999969482422,24.100000381469727,24.040000915527344,24.100000381469727,342
2009-01-06,24.84000015258789,24.84000015258789,24.84000015258789,24.489999771118164,24.489999771118164,383
2009-01-07,24.3799991607666,24.3799991607666,24.6299991607666,24.329999923706055,24.40999984741211,7109
2009-01-08,24.200000762939453,24.200000762939453,24.25,23.8799991607666,24.1200008392334,30389
2009-01-09,24.309999465942383,24.309999465942383,24.309999465942383,24.079999923706055,24.270000457763672,2398
2009-01-12,23.829999923706055,23.829999923706055,23.93000030517578,23.809999465942383,23.809999465942383,386
2009-01-13,23.219999313354492,23.219999313354492,23.360000610351562,23.110000610351562,23.360000610351562,53588
2009-01-14,22.299999237060547,22.299999237060547,23.229999542236328,22.219999313354492,23.229999542236328,85611
2009-01-15,21.969999313354492,21.969999313354492,22.420000076293945,21.969999313354492,22.25,7364
2009-01-16,22.520000457763672,22.520000457763672,22.809999465942383,22.520000457763672,22.65999984741211,19850
2009-01-19,22.59000015258789,22.59000015258789,22.6200008392334,22.549999237060547,22.56999969482422,5596
2009-01-20,21.459999084472656,21.459999084472656,22.059999465942383,21.450000762939453,22.040000915527344,36886
2009-01-21,21.290000915527344,21.290000915527344,21.399999618530273,21.020000457763672,21.31999969482422,25036
2009-01-22,21.299999237060547,21.299999237060547,21.84000015258789,21.149999618530273,21.75,34993
2009-01-23,21.0,21.0,21.0,20.790000915527344,20.950000762939453,7385
2009-01-26,21.81999969482422,21.81999969482422,21.81999969482422,21.18000030517578,21.18000030517578,9049
2009-01-27,21.579999923706055,21.579999923706055,21.809999465942383,21.5,21.790000915527344,7976
2009-01-28,22.510000228881836,22.510000228881836,22.510000228881836,22.040000915527344,22.049999237060547,15173
2009-01-29,22.190000534057617,22.190000534057617,22.34000015258789,21.979999542236328,22.34000015258789,11424
2009-01-30,22.020000457763672,22.020000457763672,22.280000686645508,22.020000457763672,22.190000534057617,5247
2009-02-02,21.670000076293945,21.670000076293945,21.780000686645508,21.3799991607666,21.780000686645508,41359
2009-02-03,21.700000762939453,21.700000762939453,21.700000762939453,21.579999923706055,21.700000762939453,1212
2009-02-04,22.600000381469727,22.600000381469727,22.600000381469727,22.139999389648438,22.15999984741211,7761
2009-02-05,22.540000915527344,22.540000915527344,22.540000915527344,22.100000381469727,22.100000381469727,30567
2009-02-06,23.020000457763672,23.020000457763672,23.030000686645508,22.6299991607666,22.860000610351562,8630
2009-02-09,23.200000762939453,23.200000762939453,23.200000762939453,22.860000610351562,22.950000762939453,18847
2009-02-10,22.899999618530273,22.899999618530273,23.079999923706055,22.81999969482422,23.079999923706055,18814
2009-02-11,22.420000076293945,22.420000076293945,22.700000762939453,22.280000686645508,22.309999465942383,101505
2009-02-12,22.049999237060547,22.049999237060547,22.170000076293945,22.030000686645508,22.100000381469727,63408
2009-02-13,22.299999237060547,22.299999237060547,22.59000015258789,22.200000762939453,22.59000015258789,13011
2009-02-16,22.059999465942383,22.059999465942383,22.100000381469727,21.979999542236328,22.09000015258789,3416
2009-02-17,21.309999465942383,21.309999465942383,21.670000076293945,21.309999465942383,21.65999984741211,25702
2009-02-18,20.969999313354492,20.969999313354492,21.3799991607666,20.969999313354492,21.3799991607666,14757
2009-02-19,21.280000686645508,21.280000686645508,21.530000686645508,21.280000686645508,21.31999969482422,18766
2009-02-20,20.700000762939453,20.700000762939453,20.780000686645508,20.579999923706055,20.770000457763672,51055
2009-02-23,20.389999389648438,20.389999389648438,20.8799991607666,20.389999389648438,20.770000457763672,40306
2009-02-24,20.0,20.0,20.190000534057617,19.969999313354492,20.190000534057617,32976
2009-02-25,19.899999618530273,19.899999618530273,20.350000381469727,19.899999618530273,20.350000381469727,45370
2009-02-26,20.459999084472656,20.459999084472656,20.459999084472656,20.219999313354492,20.31999969482422,7515
2009-02-27,20.020000457763672,20.020000457763672,20.1299991607666,19.799999237060547,20.049999237060547,44499
2009-03-02,19.209999084472656,19.209999084472656,19.530000686645508,19.209999084472656,19.530000686645508,19869
2009-03-03,18.889999389648438,18.889999389648438,19.229999542236328,18.809999465942383,19.229999542236328,52889
2009-03-04,19.31999969482422,19.31999969482422,19.31999969482422,19.049999237060547,19.049999237060547,29986
2009-03-05,19.049999237060547,19.049999237060547,19.260000228881836,18.989999771118164,19.260000228881836,12328
2009-03-06,18.6299991607666,18.6299991607666,18.850000381469727,18.510000228881836,18.850000381469727,16781
2009-03-09,18.40999984741211,18.40999984741211,18.40999984741211,18.09000015258789,18.200000762939453,8836
2009-03-10,19.190000534057617,19.190000534057617,19.190000534057617,18.540000915527344,18.540000915527344,51211
2009-03-11,19.420000076293945,19.420000076293945,19.639999389648438,19.09000015258789,19.239999771118164,49067
2009-03-12,19.280000686645508,19.280000686645508,19.280000686645508,18.950000762939453,19.06999969482422,23703
2009-03-13,19.770000457763672,19.770000457763672,19.90999984741211,19.770000457763672,19.81999969482422,8626
2009-03-16,20.049999237060547,20.049999237060547,20.15999984741211,19.979999542236328,20.010000228881836,34026
2009-03-17,19.979999542236328,19.979999542236328,20.049999237060547,19.780000686645508,19.950000762939453,46060
2009-03-18,19.75,19.75,20.190000534057617,19.65999984741211,20.149999618530273,40737
2009-03-19,20.040000915527344,20.040000915527344,20.309999465942383,19.959999084472656,19.969999313354492,20302
2009-03-20,20.09000015258789,20.09000015258789,20.09000015258789,19.790000915527344,19.799999237060547,2585
2009-03-23,20.579999923706055,20.579999923706055,20.579999923706055,20.260000228881836,20.43000030517578,129740
2009-03-24,20.75,20.75,20.790000915527344,20.670000076293945,20.760000228881836,5566
2009-03-25,20.940000534057617,20.940000534057617,20.940000534057617,20.530000686645508,20.530000686645508,24907
2009-03-26,20.719999313354492,20.719999313354492,20.809999465942383,20.719999313354492,20.719999313354492,62062
2009-03-27,20.610000610351562,20.610000610351562,20.850000381469727,20.610000610351562,20.850000381469727,3024
2009-03-30,19.950000762939453,19.950000762939453,20.190000534057617,19.940000534057617,20.06999969482422,11357
2009-03-31,20.34000015258789,20.34000015258789,20.34000015258789,20.139999389648438,20.149999618530273,4082
2009-04-01,20.770000457763672,20.770000457763672,20.780000686645508,20.34000015258789,20.34000015258789,24059
2009-04-02,21.690000534057617,21.690000534057617,21.729999542236328,21.489999771118164,21.610000610351562,76839
2009-04-03,21.549999237060547,21.549999237060547,21.8799991607666,21.549999237060547,21.829999923706055,120707
2009-04-06,21.3799991607666,21.3799991607666,21.889999389648438,21.3799991607666,21.889999389648438,36410
2009-04-07,21.280000686645508,21.280000686645508,21.65999984741211,21.209999084472656,21.65999984741211,7453
2009-04-08,21.270000457763672,21.270000457763672,21.350000381469727,21.0,21.0,17565
2009-04-09,21.829999923706055,21.829999923706055,21.829999923706055,21.399999618530273,21.399999618530273,1679
2009-04-14,22.139999389648438,22.139999389648438,22.209999084472656,22.0,22.059999465942383,16704
2009-04-15,22.100000381469727,22.100000381469727,22.229999542236328,22.079999923706055,22.200000762939453,40145
2009-04-16,22.510000228881836,22.510000228881836,22.540000915527344,22.239999771118164,22.540000915527344,10653
2009-04-17,22.93000030517578,22.93000030517578,22.93000030517578,22.56999969482422,22.600000381469727,26192
2009-04-20,22.170000076293945,22.170000076293945,22.940000534057617,22.170000076293945,22.940000534057617,1734
2009-04-21,21.770000457763672,21.770000457763672,22.290000915527344,21.6299991607666,22.049999237060547,58935
2009-04-22,22.34000015258789,22.34000015258789,22.34000015258789,21.969999313354492,22.209999084472656,12851
2009-04-23,22.420000076293945,22.420000076293945,22.530000686645508,22.200000762939453,22.200000762939453,3326
2009-04-24,22.8700008392334,22.8700008392334,22.8700008392334,22.389999389648438,22.389999389648438,7351
2009-04-27,22.610000610351562,22.610000610351562,22.65999984741211,22.59000015258789,22.65999984741211,284
2009-04-28,22.469999313354492,22.469999313354492,22.489999771118164,22.450000762939453,22.489999771118164,1412
2009-04-29,22.81999969482422,22.81999969482422,22.8799991607666,22.770000457763672,22.770000457763672,40484
2009-04-30,23.600000381469727,23.600000381469727,23.600000381469727,23.450000762939453,23.5,1510
2009-05-04,24.059999465942383,24.059999465942383,24.059999465942383,23.639999389648438,23.639999389648438,18342
2009-05-05,24.18000030517578,24.18000030517578,24.290000915527344,24.040000915527344,24.040000915527344,3019
2009-05-06,24.540000915527344,24.540000915527344,24.540000915527344,24.31999969482422,24.31999969482422,10388
2009-05-07,24.290000915527344,24.290000915527344,24.8799991607666,24.290000915527344,24.760000228881836,47166
2009-05-08,24.43000030517578,24.43000030517578,24.670000076293945,24.43000030517578,24.489999771118164,108
2009-05-11,24.290000915527344,24.290000915527344,24.360000610351562,24.229999542236328,24.360000610351562,547
2009-05-12,24.209999084472656,24.209999084472656,24.510000228881836,24.15999984741211,24.31999969482422,8397
2009-05-13,23.709999084472656,23.709999084472656,24.40999984741211,23.670000076293945,24.360000610351562,15434
2009-05-14,23.68000030517578,23.68000030517578,23.68000030517578,23.540000915527344,23.579999923706055,15418
2009-05-15,23.989999771118164,23.989999771118164,24.010000228881836,23.899999618530273,24.010000228881836,6147
2009-05-18,24.43000030517578,24.43000030517578,24.43000030517578,23.6200008392334,23.6200008392334,21629
2009-05-19,24.84000015258789,24.84000015258789,24.969999313354492,24.75,24.780000686645508,15091
2009-05-20,24.90999984741211,24.90999984741211,24.90999984741211,24.799999237060547,24.799999237060547,3839
2009-05-21,24.610000610351562,24.610000610351562,24.6200008392334,24.540000915527344,24.59000015258789,8427
2009-05-22,24.469999313354492,24.469999313354492,24.639999389648438,24.420000076293945,24.579999923706055,5772
2009-05-25,24.309999465942383,24.309999465942383,24.309999465942383,24.239999771118164,24.239999771118164,161
2009-05-26,24.760000228881836,24.760000228881836,24.760000228881836,24.15999984741211,24.239999771118164,38409
2009-05-27,24.950000762939453,24.950000762939453,24.950000762939453,24.739999771118164,24.920000076293945,2366
2009-05-28,24.6200008392334,24.6200008392334,24.68000030517578,24.56999969482422,24.610000610351562,3277
2009-05-29,24.739999771118164,24.739999771118164,24.90999984741211,24.709999084472656,24.90999984741211,2765
2009-06-01,25.510000228881836,25.510000228881836,25.510000228881836,25.34000015258789,25.350000381469727,6754
2009-06-02,25.420000076293945,25.420000076293945,25.420000076293945,25.31999969482422,25.31999969482422,478
2009-06-03,25.0,25.0,25.420000076293945,25.0,25.420000076293945,442
2009-06-04,25.010000228881836,25.010000228881836,25.010000228881836,25.010000228881836,25.010000228881836,300
2009-06-05,24.940000534057617,24.940000534057617,25.0,24.899999618530273,24.969999313354492,145
2009-06-08,24.700000762939453,24.700000762939453,24.700000762939453,24.700000762939453,24.700000762939453,1000
2009-06-09,25.020000457763672,25.020000457763672,25.06999969482422,24.950000762939453,25.06999969482422,40626
2009-06-10,25.3799991607666,25.3799991607666,25.559999465942383,25.3799991607666,25.450000762939453,59035
2009-06-11,25.540000915527344,25.540000915527344,25.540000915527344,25.239999771118164,25.239999771118164,11648
2009-06-12,25.469999313354492,25.469999313354492,25.469999313354492,25.450000762939453,25.450000762939453,3697
2009-06-15,24.8700008392334,24.8700008392334,25.040000915527344,24.8700008392334,25.0,517
2009-06-16,24.940000534057617,24.940000534057617,24.940000534057617,24.700000762939453,24.719999313354492,12819
2009-06-17,24.420000076293945,24.420000076293945,24.6299991607666,24.350000381469727,24.6200008392334,13094
2009-06-18,24.389999389648438,24.389999389648438,24.389999389648438,24.049999237060547,24.209999084472656,7064
2009-06-19,24.809999465942383,24.809999465942383,24.809999465942383,24.559999465942383,24.559999465942383,11220
2009-06-22,24.09000015258789,24.09000015258789,24.5,24.09000015258789,24.5,12588
2009-06-23,23.940000534057617,23.940000534057617,24.049999237060547,23.920000076293945,23.920000076293945,2046
2009-06-24,24.1299991607666,24.1299991607666,24.1299991607666,23.920000076293945,23.950000762939453,17000
2009-06-25,24.1299991607666,24.1299991607666,24.290000915527344,24.1299991607666,24.290000915527344,34
2009-06-26,24.270000457763672,24.270000457763672,24.389999389648438,24.270000457763672,24.389999389648438,1306
2009-06-29,24.700000762939453,24.700000762939453,24.700000762939453,24.389999389648438,24.389999389648438,41645
2009-06-30,24.559999465942383,24.559999465942383,24.75,24.559999465942383,24.75,2489
2009-07-01,24.920000076293945,24.920000076293945,24.920000076293945,24.65999984741211,24.670000076293945,11721
2009-07-02,24.219999313354492,24.219999313354492,24.59000015258789,24.219999313354492,24.59000015258789,4336
2009-07-03,24.18000030517578,24.18000030517578,24.200000762939453,24.100000381469727,24.200000762939453,6481
2009-07-06,23.809999465942383,23.809999465942383,23.920000076293945,23.700000762939453,23.920000076293945,61471
2009-07-07,23.770000457763672,23.770000457763672,24.100000381469727,23.770000457763672,23.989999771118164,1203
2009-07-08,23.56999969482422,23.56999969482422,23.610000610351562,23.559999465942383,23.610000610351562,377
2009-07-09,23.75,23.75,23.75,23.700000762939453,23.700000762939453,5197
2009-07-10,23.649999618530273,23.649999618530273,23.68000030517578,23.639999389648438,23.68000030517578,86
2009-07-13,23.34000015258789,23.34000015258789,23.34000015258789,23.34000015258789,23.34000015258789,31
2009-07-14,24.100000381469727,24.100000381469727,24.139999389648438,24.100000381469727,24.1299991607666,5688
2009-07-15,24.559999465942383,24.559999465942383,24.559999465942383,24.3700008392334,24.3700008392334,1449
2009-07-16,24.920000076293945,24.920000076293945,24.950000762939453,24.809999465942383,24.84000015258789,11237
2009-07-17,25.049999237060547,25.049999237060547,25.079999923706055,24.940000534057617,25.040000915527344,32151
2009-07-20,25.329999923706055,25.329999923706055,25.43000030517578,25.219999313354492,25.219999313354492,6034
2009-07-21,25.520000457763672,25.520000457763672,25.520000457763672,25.299999237060547,25.299999237060547,4596
2009-07-22,25.520000457763672,25.520000457763672,25.520000457763672,25.459999084472656,25.459999084472656,102
2009-07-23,26.0,26.0,26.0,25.610000610351562,25.6200008392334,3251
2009-07-24,26.040000915527344,26.040000915527344,26.219999313354492,26.040000915527344,26.18000030517578,3616
2009-07-27,26.09000015258789,26.09000015258789,26.260000228881836,26.09000015258789,26.200000762939453,54380
2009-07-28,26.149999618530273,26.149999618530273,26.3700008392334,26.139999389648438,26.350000381469727,46094
2009-07-29,26.190000534057617,26.190000534057617,26.219999313354492,26.110000610351562,26.149999618530273,11402
2009-07-30,26.729999542236328,26.729999542236328,26.729999542236328,26.299999237060547,26.299999237060547,15286
2009-07-31,26.65999984741211,26.65999984741211,26.75,26.649999618530273,26.729999542236328,4136
2009-08-03,27.1200008392334,27.1200008392334,27.139999389648438,27.030000686645508,27.030000686645508,23673
2009-08-04,26.940000534057617,26.940000534057617,27.049999237060547,26.790000915527344,27.049999237060547,8050
2009-08-05,26.829999923706055,26.829999923706055,27.209999084472656,26.829999923706055,27.079999923706055,4844
2009-08-06,27.010000228881836,27.010000228881836,27.15999984741211,27.0,27.09000015258789,5600
2009-08-07,27.389999389648438,27.389999389648438,27.389999389648438,26.739999771118164,26.8700008392334,1516
2009-08-10,27.239999771118164,27.239999771118164,27.260000228881836,27.170000076293945,27.190000534057617,1150
2009-08-11,26.809999465942383,26.809999465942383,27.260000228881836,26.809999465942383,27.260000228881836,3474
2009-08-12,26.940000534057617,26.940000534057617,26.950000762939453,26.700000762939453,26.81999969482422,6558
2009-08-13,27.360000610351562,27.360000610351562,27.479999542236328,27.280000686645508,27.280000686645508,10724
2009-08-14,27.06999969482422,27.06999969482422,27.5,27.06999969482422,27.5,7259
2009-08-17,26.450000762939453,26.450000762939453,26.889999389648438,26.450000762939453,26.81999969482422,3360
2009-08-18,26.760000228881836,26.760000228881836,26.760000228881836,26.760000228881836,26.760000228881836,666
2009-08-19,26.68000030517578,26.68000030517578,26.68000030517578,26.670000076293945,26.670000076293945,230
2009-08-20,27.290000915527344,27.290000915527344,27.299999237060547,27.260000228881836,27.260000228881836,346
2009-08-21,27.889999389648438,27.889999389648438,27.90999984741211,27.270000457763672,27.270000457763672,8901
2009-08-24,28.110000610351562,28.110000610351562,28.110000610351562,28.0,28.0,326
2009-08-25,28.25,28.25,28.25,28.0,28.0,3604
2009-08-26,28.170000076293945,28.170000076293945,28.299999237060547,28.170000076293945,28.239999771118164,1035
2009-08-27,27.8700008392334,27.8700008392334,28.049999237060547,27.8700008392334,28.049999237060547,2646
2009-08-28,28.31999969482422,28.31999969482422,28.360000610351562,28.170000076293945,28.170000076293945,15026
2009-08-31,27.90999984741211,27.90999984741211,27.979999542236328,27.90999984741211,27.979999542236328,809
2009-09-01,27.84000015258789,27.84000015258789,27.959999084472656,27.65999984741211,27.729999542236328,37635
2009-09-02,27.3799991607666,27.3799991607666,27.3799991607666,27.100000381469727,27.280000686645508,15603
2009-09-03,27.469999313354492,27.469999313354492,27.649999618530273,27.3799991607666,27.3799991607666,1753
2009-09-04,27.6299991607666,27.6299991607666,27.6299991607666,27.540000915527344,27.540000915527344,10781
2009-09-07,28.1299991607666,28.1299991607666,28.170000076293945,28.0,28.0,1800
2009-09-08,28.25,28.25,28.31999969482422,28.239999771118164,28.239999771118164,3584
2009-09-09,28.360000610351562,28.360000610351562,28.360000610351562,28.139999389648438,28.139999389648438,273
2009-09-10,28.649999618530273,28.649999618530273,28.649999618530273,28.649999618530273,28.649999618530273,2620
2009-09-11,28.780000686645508,28.780000686645508,28.780000686645508,28.780000686645508,28.780000686645508,506
2009-09-14,28.420000076293945,28.420000076293945,28.420000076293945,28.290000915527344,28.3799991607666,1593
2009-09-15,28.709999084472656,28.709999084472656,28.709999084472656,28.59000015258789,28.6299991607666,1827
2009-09-16,29.110000610351562,29.110000610351562,29.1200008392334,28.90999984741211,28.90999984741211,16582
2009-09-17,29.329999923706055,29.329999923706055,29.329999923706055,29.18000030517578,29.25,6923
2009-09-18,29.110000610351562,29.110000610351562,29.219999313354492,28.950000762939453,29.100000381469727,9591
2009-09-21,28.600000381469727,28.600000381469727,28.950000762939453,28.600000381469727,28.950000762939453,10871
2009-09-22,29.059999465942383,29.059999465942383,29.149999618530273,29.049999237060547,29.149999618530273,11392
2009-09-23,29.200000762939453,29.200000762939453,29.200000762939453,29.059999465942383,29.1200008392334,4395
2009-09-24,28.5,28.5,29.040000915527344,28.5,28.719999313354492,4715
2009-09-25,28.440000534057617,28.440000534057617,28.56999969482422,28.3799991607666,28.530000686645508,3826
2009-09-28,28.700000762939453,28.700000762939453,28.700000762939453,28.299999237060547,28.350000381469727,5187
2009-09-29,29.030000686645508,29.030000686645508,29.030000686645508,28.799999237060547,28.93000030517578,5000
2009-09-30,28.6299991607666,28.6299991607666,29.079999923706055,28.6299991607666,29.079999923706055,2922
2009-10-01,28.549999237060547,28.549999237060547,28.84000015258789,28.549999237060547,28.84000015258789,5243
2009-10-02,27.809999465942383,27.809999465942383,28.440000534057617,27.68000030517578,28.440000534057617,3580
2009-10-05,28.079999923706055,28.079999923706055,28.079999923706055,27.799999237060547,27.799999237060547,5087
2009-10-06,28.3700008392334,28.3700008392334,28.3700008392334,28.350000381469727,28.350000381469727,2307
2009-10-07,28.489999771118164,28.489999771118164,28.690000534057617,28.489999771118164,28.68000030517578,31214
2009-10-08,28.780000686645508,28.780000686645508,28.809999465942383,28.780000686645508,28.809999465942383,2404
2009-10-09,28.790000915527344,28.790000915527344,28.90999984741211,28.760000228881836,28.90999984741211,4527
2009-10-12,29.06999969482422,29.06999969482422,29.1200008392334,29.010000228881836,29.010000228881836,24271
2009-10-13,28.709999084472656,28.709999084472656,28.920000076293945,28.709999084472656,28.920000076293945,3426
2009-10-14,29.360000610351562,29.360000610351562,29.360000610351562,29.030000686645508,29.030000686645508,5617
2009-10-15,29.389999389648438,29.389999389648438,29.520000457763672,29.389999389648438,29.399999618530273,13861
2009-10-16,29.209999084472656,29.209999084472656,29.59000015258789,29.079999923706055,29.520000457763672,4175
2009-10-19,29.469999313354492,29.469999313354492,29.510000228881836,29.3700008392334,29.43000030517578,2001
2009-10-20,29.579999923706055,29.579999923706055,29.709999084472656,29.530000686645508,29.530000686645508,118928
2009-10-21,29.56999969482422,29.56999969482422,29.56999969482422,29.56999969482422,29.56999969482422,1855
2009-10-22,29.290000915527344,29.290000915527344,29.290000915527344,29.229999542236328,29.229999542236328,3931
2009-10-23,29.479999542236328,29.479999542236328,29.68000030517578,29.40999984741211,29.68000030517578,3045
2009-10-26,29.200000762939453,29.200000762939453,29.260000228881836,29.200000762939453,29.260000228881836,580
2009-10-27,28.950000762939453,28.950000762939453,28.950000762939453,28.780000686645508,28.790000915527344,25294
2009-10-28,28.360000610351562,28.360000610351562,28.6299991607666,28.360000610351562,28.6299991607666,4464
2009-10-29,28.700000762939453,28.700000762939453,28.700000762939453,28.0,28.0,5825
2009-10-30,28.84000015258789,28.84000015258789,28.860000610351562,28.81999969482422,28.860000610351562,3007
2009-11-02,28.329999923706055,28.329999923706055,28.329999923706055,28.010000228881836,28.170000076293945,61006
2009-11-03,28.059999465942383,28.059999465942383,28.059999465942383,27.729999542236328,27.90999984741211,22378
2009-11-04,28.299999237060547,28.299999237060547,28.3799991607666,28.200000762939453,28.290000915527344,2741
2009-11-05,28.770000457763672,28.770000457763672,28.770000457763672,28.06999969482422,28.06999969482422,23073
2009-11-06,28.68000030517578,28.68000030517578,28.739999771118164,28.399999618530273,28.729999542236328,6859
2009-11-09,29.25,29.25,29.25,29.09000015258789,29.09000015258789,15332
2009-11-10,29.1200008392334,29.1200008392334,29.31999969482422,29.1200008392334,29.25,5084
2009-11-11,29.459999084472656,29.459999084472656,29.459999084472656,29.3799991607666,29.459999084472656,10303
2009-11-12,29.469999313354492,29.469999313354492,29.469999313354492,29.290000915527344,29.360000610351562,7398
2009-11-13,29.459999084472656,29.459999084472656,29.459999084472656,29.459999084472656,29.459999084472656,5261
2009-11-16,29.950000762939453,29.950000762939453,30.0,29.709999084472656,29.75,38291
2009-11-17,29.8700008392334,29.8700008392334,29.959999084472656,29.81999969482422,29.93000030517578,3721
2009-11-18,29.690000534057617,29.690000534057617,29.940000534057617,29.690000534057617,29.940000534057617,6665
2009-11-19,29.610000610351562,29.610000610351562,29.65999984741211,29.530000686645508,29.65999984741211,6314
2009-11-20,29.059999465942383,29.059999465942383,29.399999618530273,28.979999542236328,29.399999618530273,7778
2009-11-23,29.690000534057617,29.690000534057617,29.719999313354492,29.450000762939453,29.489999771118164,6738
2009-11-24,29.65999984741211,29.65999984741211,29.65999984741211,29.600000381469727,29.65999984741211,12047
2009-11-25,29.459999084472656,29.459999084472656,30.5,29.459999084472656,30.5,6213
2009-11-26,28.600000381469727,28.600000381469727,29.0,28.600000381469727,29.0,13111
2009-11-27,28.719999313354492,28.719999313354492,28.719999313354492,28.3799991607666,28.3799991607666,6518
2009-11-30,28.700000762939453,28.700000762939453,28.81999969482422,28.559999465942383,28.700000762939453,49523
2009-12-01,29.18000030517578,29.18000030517578,29.18000030517578,28.889999389648438,28.979999542236328,14044
2009-12-02,29.31999969482422,29.31999969482422,29.31999969482422,29.280000686645508,29.280000686645508,5024
2009-12-03,29.440000534057617,29.440000534057617,29.600000381469727,29.43000030517578,29.600000381469727,11144
2009-12-04,29.90999984741211,29.90999984741211,29.93000030517578,29.18000030517578,29.18000030517578,9298
2009-12-07,29.549999237060547,29.549999237060547,29.549999237060547,29.479999542236328,29.479999542236328,11644
2009-12-09,28.809999465942383,28.809999465942383,29.049999237060547,28.709999084472656,29.049999237060547,22714
2009-12-10,29.059999465942383,29.059999465942383,29.360000610351562,28.75,28.75,13000
2009-12-11,29.290000915527344,29.290000915527344,29.3700008392334,29.260000228881836,29.3700008392334,1900
2009-12-14,29.780000686645508,29.780000686645508,29.780000686645508,29.360000610351562,29.520000457763672,15456
2009-12-15,29.5,29.5,29.5,29.420000076293945,29.489999771118164,11354
2009-12-16,29.739999771118164,29.739999771118164,29.809999465942383,29.700000762939453,29.729999542236328,17422
2009-12-17,29.5,29.5,29.899999618530273,29.5,29.75,35664
2009-12-18,29.520000457763672,29.520000457763672,29.719999313354492,29.520000457763672,29.56999969482422,7027
2009-12-21,29.719999313354492,29.719999313354492,29.719999313354492,29.420000076293945,29.420000076293945,25669
2009-12-22,30.0,30.0,30.0,29.860000610351562,29.860000610351562,8952
2009-12-23,30.010000228881836,30.010000228881836,30.15999984741211,30.0,30.049999237060547,49945
2009-12-28,30.18000030517578,30.18000030517578,30.219999313354492,30.15999984741211,30.170000076293945,13143
2009-12-29,30.329999923706055,30.329999923706055,30.459999084472656,30.239999771118164,30.239999771118164,30903
2009-12-30,30.200000762939453,30.200000762939453,30.200000762939453,30.100000381469727,30.100000381469727,21230
2010-01-04,30.579999923706055,30.579999923706055,30.59000015258789,30.479999542236328,30.5,8574
2010-01-05,30.639999389648438,30.639999389648438,30.729999542236328,30.6299991607666,30.6299991607666,9711
2010-01-06,30.729999542236328,30.729999542236328,30.799999237060547,30.700000762939453,30.799999237060547,5722
2010-01-07,30.81999969482422,30.81999969482422,30.81999969482422,30.549999237060547,30.59000015258789,44680
2010-01-08,30.899999618530273,30.899999618530273,30.959999084472656,30.84000015258789,30.84000015258789,23944
2010-01-11,30.90999984741211,30.90999984741211,31.450000762939453,30.81999969482422,31.1299991607666,66258
2010-01-12,30.540000915527344,30.540000915527344,30.690000534057617,30.5,30.65999984741211,6799
2010-01-13,30.59000015258789,30.59000015258789,30.8799991607666,30.510000228881836,30.56999969482422,42326
2010-01-14,30.770000457763672,30.770000457763672,30.809999465942383,30.75,30.75,7052
2010-01-15,30.530000686645508,30.530000686645508,31.049999237060547,30.530000686645508,31.040000915527344,37039
2010-01-18,30.75,30.75,30.760000228881836,30.690000534057617,30.690000534057617,8583
2010-01-19,31.030000686645508,31.030000686645508,31.030000686645508,30.520000457763672,30.520000457763672,6670
2010-01-20,30.709999084472656,30.709999084472656,30.979999542236328,30.709999084472656,30.90999984741211,9908
2010-01-21,30.190000534057617,30.190000534057617,30.530000686645508,30.190000534057617,30.530000686645508,12368
2010-01-22,29.950000762939453,29.950000762939453,30.010000228881836,29.950000762939453,29.950000762939453,23470
2010-01-25,29.56999969482422,29.56999969482422,29.770000457763672,29.56999969482422,29.770000457763672,23855
2010-01-26,29.600000381469727,29.600000381469727,29.600000381469727,29.299999237060547,29.299999237060547,10217
2010-01-27,29.299999237060547,29.299999237060547,29.6299991607666,29.299999237060547,29.360000610351562,21453
2010-01-28,29.1200008392334,29.1200008392334,29.84000015258789,29.1200008392334,29.739999771118164,53349
2010-01-29,29.350000381469727,29.350000381469727,29.530000686645508,29.190000534057617,29.280000686645508,23167
2010-02-01,29.530000686645508,29.530000686645508,29.610000610351562,29.190000534057617,29.190000534057617,70618
2010-02-02,29.799999237060547,29.799999237060547,29.84000015258789,29.399999618530273,29.399999618530273,54657
2010-02-03,29.610000610351562,29.610000610351562,29.850000381469727,29.610000610351562,29.81999969482422,90316
2010-02-04,28.90999984741211,28.90999984741211,29.469999313354492,28.90999984741211,29.450000762939453,58930
2010-02-05,28.31999969482422,28.31999969482422,28.600000381469727,28.290000915527344,28.549999237060547,28026
2010-02-08,28.309999465942383,28.309999465942383,28.469999313354492,28.06999969482422,28.469999313354492,29371
2010-02-09,28.479999542236328,28.479999542236328,28.610000610351562,28.3799991607666,28.3799991607666,24586
2010-02-10,28.579999923706055,28.579999923706055,28.90999984741211,28.579999923706055,28.6299991607666,95750
2010-02-11,28.68000030517578,28.68000030517578,28.969999313354492,28.600000381469727,28.899999618530273,62362
2010-02-12,28.610000610351562,28.610000610351562,29.059999465942383,28.610000610351562,29.0,38836
2010-02-15,29.0,29.0,29.010000228881836,28.93000030517578,29.010000228881836,16358
2010-02-16,28.950000762939453,28.950000762939453,29.15999984741211,28.899999618530273,29.030000686645508,19230
2010-02-17,29.610000610351562,29.610000610351562,29.610000610351562,29.3799991607666,29.440000534057617,12837
2010-02-18,29.649999618530273,29.649999618530273,29.690000534057617,29.479999542236328,29.479999542236328,13201
2010-02-19,29.709999084472656,29.709999084472656,29.709999084472656,29.540000915527344,29.540000915527344,9768
2010-02-22,29.799999237060547,29.799999237060547,29.920000076293945,29.799999237060547,29.799999237060547,7481
2010-02-23,29.489999771118164,29.489999771118164,29.799999237060547,29.489999771118164,29.799999237060547,15460
2010-02-24,29.549999237060547,29.549999237060547,29.549999237060547,29.3700008392334,29.3700008392334,8197
2010-02-25,29.1200008392334,29.1200008392334,29.600000381469727,29.1200008392334,29.40999984741211,9164
2010-02-26,29.139999389648438,29.139999389648438,29.25,29.139999389648438,29.25,5563
2010-03-01,29.3799991607666,29.3799991607666,29.6299991607666,29.3799991607666,29.6299991607666,8140
2010-03-02,29.790000915527344,29.790000915527344,29.899999618530273,29.68000030517578,29.68000030517578,10480
2010-03-03,29.899999618530273,29.899999618530273,29.899999618530273,29.850000381469727,29.850000381469727,6887
2010-03-04,30.25,30.25,30.260000228881836,30.110000610351562,30.110000610351562,7993
2010-03-05,30.65999984741211,30.65999984741211,30.65999984741211,30.299999237060547,30.299999237060547,7655
2010-03-08,30.729999542236328,30.729999542236328,30.81999969482422,30.690000534057617,30.809999465942383,12794
2010-03-09,30.649999618530273,30.649999618530273,30.649999618530273,30.43000030517578,30.5,19622
2010-03-10,30.799999237060547,30.799999237060547,30.829999923706055,30.6299991607666,30.65999984741211,11248
2010-03-11,30.799999237060547,30.799999237060547,30.920000076293945,30.670000076293945,30.809999465942383,179852
2010-03-12,31.020000457763672,31.020000457763672,31.020000457763672,30.799999237060547,30.799999237060547,10533
2010-03-15,30.709999084472656,30.709999084472656,30.770000457763672,30.670000076293945,30.690000534057617,9894
2010-03-16,30.829999923706055,30.829999923706055,30.940000534057617,30.81999969482422,30.850000381469727,13036
2010-03-17,31.260000228881836,31.260000228881836,31.260000228881836,31.049999237060547,31.079999923706055,3274
2010-03-18,31.200000762939453,31.200000762939453,31.34000015258789,31.139999389648438,31.139999389648438,22399
2010-03-19,31.350000381469727,31.350000381469727,31.3700008392334,31.290000915527344,31.290000915527344,17455
2010-03-22,30.8700008392334,30.8700008392334,30.90999984741211,30.700000762939453,30.90999984741211,15751
2010-03-23,31.260000228881836,31.260000228881836,31.299999237060547,31.229999542236328,31.229999542236328,11786
2010-03-24,31.329999923706055,31.329999923706055,31.329999923706055,31.280000686645508,31.290000915527344,8623
2010-03-25,31.639999389648438,31.639999389648438,31.639999389648438,31.440000534057617,31.440000534057617,15516
2010-03-26,31.469999313354492,31.469999313354492,31.559999465942383,31.469999313354492,31.510000228881836,8353
2010-03-29,31.510000228881836,31.510000228881836,31.600000381469727,31.40999984741211,31.579999923706055,29596
2010-03-30,31.600000381469727,31.600000381469727,31.709999084472656,31.59000015258789,31.709999084472656,32512
2010-03-31,31.329999923706055,31.329999923706055,31.6200008392334,31.329999923706055,31.56999969482422,11351
2010-04-01,31.979999542236328,31.979999542236328,31.979999542236328,31.770000457763672,31.780000686645508,28590
2010-04-06,32.060001373291016,32.060001373291016,32.16999816894531,32.0,32.08000183105469,13532
2010-04-07,32.119998931884766,32.119998931884766,32.18000030517578,32.099998474121094,32.18000030517578,13072
2010-04-08,31.770000457763672,31.770000457763672,31.959999084472656,31.709999084472656,31.959999084472656,4700
2010-04-09,32.09000015258789,32.09000015258789,32.189998626708984,32.09000015258789,32.119998931884766,18914
2010-04-12,32.150001525878906,32.150001525878906,32.2400016784668,32.150001525878906,32.2400016784668,10167
2010-04-13,32.220001220703125,32.220001220703125,32.220001220703125,32.119998931884766,32.119998931884766,4070
2010-04-14,32.34000015258789,32.34000015258789,32.40999984741211,32.22999954223633,32.290000915527344,38778
2010-04-15,32.52000045776367,32.52000045776367,32.52000045776367,32.29999923706055,32.40999984741211,4704
2010-04-16,32.279998779296875,32.279998779296875,32.56999969482422,32.279998779296875,32.439998626708984,35535
2010-04-19,31.709999084472656,31.709999084472656,31.829999923706055,31.690000534057617,31.829999923706055,4542
2010-04-20,32.2400016784668,32.2400016784668,32.2400016784668,31.979999542236328,32.029998779296875,22539
2010-04-21,32.150001525878906,32.150001525878906,32.369998931884766,32.150001525878906,32.27000045776367,7562
2010-04-22,31.670000076293945,31.670000076293945,32.29999923706055,31.639999389648438,32.29999923706055,47712
2010-04-23,32.09000015258789,32.09000015258789,32.099998474121094,31.770000457763672,31.770000457763672,23459
2010-04-26,32.31999969482422,32.31999969482422,32.43000030517578,32.27000045776367,32.43000030517578,53642
2010-04-27,31.809999465942383,31.809999465942383,32.06999969482422,31.780000686645508,32.060001373291016,87821
2010-04-28,31.15999984741211,31.15999984741211,31.229999542236328,30.719999313354492,31.209999084472656,65026
2010-04-29,31.309999465942383,31.309999465942383,31.34000015258789,30.950000762939453,30.979999542236328,94673
2010-04-30,31.190000534057617,31.190000534057617,31.479999542236328,31.190000534057617,31.479999542236328,194972
2010-05-03,31.229999542236328,31.229999542236328,31.229999542236328,30.950000762939453,30.950000762939453,12332
2010-05-04,30.200000762939453,30.200000762939453,31.200000762939453,30.200000762939453,31.200000762939453,22470
2010-05-05,30.1200008392334,30.1200008392334,30.510000228881836,30.030000686645508,30.440000534057617,11031
2010-05-06,29.8799991607666,29.8799991607666,30.31999969482422,29.8799991607666,30.010000228881836,5504
2010-05-07,28.700000762939453,28.700000762939453,29.290000915527344,28.700000762939453,29.010000228881836,70747
2010-05-10,30.43000030517578,30.43000030517578,30.440000534057617,29.8799991607666,29.8799991607666,3067
2010-05-11,30.149999618530273,30.149999618530273,30.299999237060547,29.989999771118164,30.299999237060547,23211
2010-05-12,31.030000686645508,31.030000686645508,31.030000686645508,30.719999313354492,30.719999313354492,14796
2010-05-13,31.010000228881836,31.010000228881836,31.059999465942383,31.010000228881836,31.059999465942383,6788
2010-05-14,30.09000015258789,30.09000015258789,30.59000015258789,30.09000015258789,30.59000015258789,75689
2010-05-17,30.139999389648438,30.139999389648438,30.31999969482422,29.950000762939453,29.950000762939453,12423
2010-05-18,30.440000534057617,30.440000534057617,30.520000457763672,30.100000381469727,30.100000381469727,69422
2010-05-19,29.510000228881836,29.510000228881836,30.100000381469727,29.510000228881836,30.0,65588
2010-05-20,28.709999084472656,28.709999084472656,29.68000030517578,28.3799991607666,29.530000686645508,70536
2010-05-21,28.639999389648438,28.639999389648438,28.799999237060547,28.0,28.56999969482422,66187
2010-05-24,28.65999984741211,28.65999984741211,28.770000457763672,28.549999237060547,28.75,12726
2010-05-25,28.1200008392334,28.1200008392334,28.1200008392334,28.010000228881836,28.110000610351562,22038
2010-05-26,29.059999465942383,29.059999465942383,29.059999465942383,28.690000534057617,28.690000534057617,16946
2010-05-27,29.459999084472656,29.459999084472656,29.489999771118164,28.979999542236328,28.979999542236328,4514
2010-05-28,29.600000381469727,29.600000381469727,29.84000015258789,29.600000381469727,29.729999542236328,4415
2010-05-31,29.719999313354492,29.719999313354492,29.799999237060547,29.690000534057617,29.799999237060547,16060
2010-06-01,29.18000030517578,29.18000030517578,29.18000030517578,29.1200008392334,29.1200008392334,1165
2010-06-03,30.299999237060547,30.299999237060547,30.489999771118164,30.280000686645508,30.489999771118164,14859
2010-06-04,29.809999465942383,29.809999465942383,30.559999465942383,29.809999465942383,30.489999771118164,20690
2010-06-07,29.420000076293945,29.420000076293945,29.670000076293945,29.229999542236328,29.229999542236328,5787
2010-06-08,29.149999618530273,29.149999618530273,29.510000228881836,29.079999923706055,29.510000228881836,2990
2010-06-09,29.540000915527344,29.540000915527344,29.540000915527344,29.360000610351562,29.5,2720
2010-06-10,29.959999084472656,29.959999084472656,29.959999084472656,29.59000015258789,29.59000015258789,2652
2010-06-11,30.280000686645508,30.280000686645508,30.450000762939453,30.100000381469727,30.270000457763672,20823
2010-06-14,30.549999237060547,30.549999237060547,30.670000076293945,30.530000686645508,30.530000686645508,4924
2010-06-15,30.940000534057617,30.940000534057617,30.940000534057617,30.510000228881836,30.510000228881836,5023
2010-06-16,30.8799991607666,30.8799991607666,30.979999542236328,30.84000015258789,30.979999542236328,31605
2010-06-17,30.8700008392334,30.8700008392334,31.1200008392334,30.829999923706055,30.829999923706055,6551
2010-06-18,31.1299991607666,31.1299991607666,31.219999313354492,31.049999237060547,31.049999237060547,1183
2010-06-21,31.3700008392334,31.3700008392334,31.459999084472656,31.350000381469727,31.440000534057617,16023
2010-06-22,31.149999618530273,31.149999618530273,31.34000015258789,31.100000381469727,31.31999969482422,9375
2010-06-23,30.81999969482422,30.81999969482422,31.219999313354492,30.81999969482422,31.219999313354492,76500
2010-06-24,30.670000076293945,30.670000076293945,30.799999237060547,30.649999618530273,30.670000076293945,4601
2010-06-25,30.290000915527344,30.290000915527344,30.290000915527344,30.219999313354492,30.219999313354492,2981
2010-06-28,30.3700008392334,30.3700008392334,30.440000534057617,30.350000381469727,30.440000534057617,5190
2010-06-29,29.969999313354492,29.969999313354492,30.049999237060547,29.959999084472656,29.959999084472656,17728
2010-06-30,29.3799991607666,29.3799991607666,29.8799991607666,29.3799991607666,29.709999084472656,6273
2010-07-01,28.75,28.75,29.280000686645508,28.75,29.149999618530273,7928
2010-07-02,28.989999771118164,28.989999771118164,29.010000228881836,28.90999984741211,28.90999984741211,3374
2010-07-05,28.81999969482422,28.81999969482422,28.93000030517578,28.81999969482422,28.93000030517578,2510
2010-07-06,29.579999923706055,29.579999923706055,29.579999923706055,29.290000915527344,29.290000915527344,3685
2010-07-07,29.18000030517578,29.18000030517578,29.389999389648438,29.110000610351562,29.360000610351562,8513
2010-07-08,30.170000076293945,30.170000076293945,30.280000686645508,30.040000915527344,30.040000915527344,7595
2010-07-09,30.479999542236328,30.479999542236328,30.479999542236328,30.219999313354492,30.299999237060547,2662
2010-07-12,30.360000610351562,30.360000610351562,30.3799991607666,30.280000686645508,30.280000686645508,4827
2010-07-13,31.0,31.0,31.0,30.59000015258789,30.59000015258789,7696
2010-07-14,31.06999969482422,31.06999969482422,31.149999618530273,31.040000915527344,31.09000015258789,7699
2010-07-15,30.670000076293945,30.670000076293945,31.079999923706055,30.670000076293945,31.079999923706055,26977
2010-07-16,30.799999237060547,30.799999237060547,30.799999237060547,30.700000762939453,30.700000762939453,2508
2010-07-19,30.219999313354492,30.219999313354492,30.219999313354492,30.049999237060547,30.049999237060547,2465
2010-07-20,29.719999313354492,29.719999313354492,30.1299991607666,29.719999313354492,30.1299991607666,4363
2010-07-21,30.5,30.5,30.5,30.149999618530273,30.200000762939453,11600
2010-07-22,30.850000381469727,30.850000381469727,30.850000381469727,30.270000457763672,30.270000457763672,14110
2010-07-23,31.010000228881836,31.010000228881836,31.010000228881836,30.950000762939453,30.950000762939453,3030
2010-07-27,31.389999389648438,31.389999389648438,31.389999389648438,31.350000381469727,31.350000381469727,3101
2010-07-28,31.200000762939453,31.200000762939453,31.469999313354492,31.200000762939453,31.450000762939453,3390
2010-07-29,31.3799991607666,31.3799991607666,31.420000076293945,31.360000610351562,31.360000610351562,11728
2010-07-30,30.940000534057617,30.940000534057617,31.139999389648438,30.90999984741211,31.030000686645508,10170
2010-08-02,31.690000534057617,31.690000534057617,31.690000534057617,31.639999389648438,31.670000076293945,5095
2010-08-03,31.709999084472656,31.709999084472656,31.81999969482422,31.709999084472656,31.739999771118164,5832
2010-08-04,31.670000076293945,31.670000076293945,31.670000076293945,31.549999237060547,31.600000381469727,9185
2010-08-05,31.760000228881836,31.760000228881836,32.040000915527344,31.75,32.040000915527344,165478
2010-08-06,31.65999984741211,31.65999984741211,31.940000534057617,31.639999389648438,31.940000534057617,2139
2010-08-09,31.850000381469727,31.850000381469727,31.8799991607666,31.780000686645508,31.8799991607666,1423
2010-08-10,31.610000610351562,31.610000610351562,31.610000610351562,31.610000610351562,31.610000610351562,524
2010-08-11,31.43000030517578,31.43000030517578,31.43000030517578,31.325000762939453,31.325000762939453,2031
2010-08-12,31.135000228881836,31.135000228881836,31.135000228881836,30.969999313354492,31.059999465942383,14717
2010-08-13,30.940000534057617,30.940000534057617,30.989999771118164,30.770000457763672,30.850000381469727,23904
2010-08-16,30.989999771118164,30.989999771118164,31.1299991607666,30.950000762939453,31.1299991607666,21193
2010-08-17,31.334999084472656,31.334999084472656,31.375,31.274999618530273,31.274999618530273,4428
2010-08-18,31.31999969482422,31.31999969482422,31.31999969482422,31.219999313354492,31.270000457763672,3410
2010-08-19,31.190000534057617,31.190000534057617,31.520000457763672,31.190000534057617,31.280000686645508,11657
2010-08-20,30.809999465942383,30.809999465942383,30.809999465942383,30.760000228881836,30.760000228881836,2723
2010-08-23,30.950000762939453,30.950000762939453,30.975000381469727,30.864999771118164,30.864999771118164,21945
2010-08-24,30.549999237060547,30.549999237060547,30.549999237060547,30.549999237060547,30.549999237060547,587
2010-08-25,30.110000610351562,30.110000610351562,30.475000381469727,30.110000610351562,30.475000381469727,3939
2010-08-26,30.299999237060547,30.299999237060547,30.434999465942383,30.299999237060547,30.434999465942383,32801
2010-08-27,30.43000030517578,30.43000030517578,30.43000030517578,30.28499984741211,30.28499984741211,549
2010-08-30,30.549999237060547,30.549999237060547,30.799999237060547,30.549999237060547,30.760000228881836,1494
2010-08-31,30.600000381469727,30.600000381469727,30.600000381469727,30.219999313354492,30.270000457763672,1705
2010-09-01,31.3799991607666,31.3799991607666,31.3799991607666,30.68000030517578,30.68000030517578,1061
2010-09-02,31.440000534057617,31.440000534057617,31.440000534057617,31.350000381469727,31.399999618530273,13816
2010-09-03,31.549999237060547,31.549999237060547,31.549999237060547,31.530000686645508,31.549999237060547,9081
2010-09-06,31.739999771118164,31.739999771118164,31.739999771118164,31.739999771118164,31.739999771118164,1902
2010-09-07,31.5,31.5,31.639999389648438,31.5,31.639999389648438,26040
2010-09-08,31.979999542236328,31.979999542236328,31.979999542236328,31.639999389648438,31.639999389648438,530
2010-09-09,32.27000045776367,32.27000045776367,32.275001525878906,32.029998779296875,32.029998779296875,83497
2010-09-10,32.2599983215332,32.2599983215332,32.279998779296875,32.1349983215332,32.1349983215332,3817
2010-09-13,32.494998931884766,32.494998931884766,32.599998474121094,32.40999984741211,32.56999969482422,5232
2010-09-14,32.404998779296875,32.404998779296875,32.4900016784668,32.400001525878906,32.4900016784668,7572
2010-09-15,32.439998626708984,32.439998626708984,32.4900016784668,32.400001525878906,32.400001525878906,153814
2010-09-16,32.209999084472656,32.209999084472656,32.39500045776367,32.119998931884766,32.27000045776367,40113
2010-09-17,32.084999084472656,32.084999084472656,32.45500183105469,32.084999084472656,32.45500183105469,12283
2010-09-20,32.16999816894531,32.16999816894531,32.45500183105469,32.154998779296875,32.45500183105469,9358
2010-09-21,32.525001525878906,32.525001525878906,32.599998474121094,32.439998626708984,32.459999084472656,118746
2010-09-22,31.895000457763672,31.895000457763672,32.25,31.895000457763672,32.25,10677
2010-09-23,31.579999923706055,31.579999923706055,31.690000534057617,31.579999923706055,31.604999542236328,2740
2010-09-24,31.6200008392334,31.6200008392334,31.729999542236328,31.6200008392334,31.729999542236328,5409
2010-09-27,32.22999954223633,32.22999954223633,32.22999954223633,32.16999816894531,32.16999816894531,1555
2010-09-28,31.860000610351562,31.860000610351562,32.04499816894531,31.735000610351562,31.78499984741211,130107
2010-09-29,31.829999923706055,31.829999923706055,31.829999923706055,31.829999923706055,31.829999923706055,12591
2010-09-30,31.979999542236328,31.979999542236328,31.979999542236328,31.65999984741211,31.65999984741211,4829
2010-10-01,31.549999237060547,31.549999237060547,31.8700008392334,31.549999237060547,31.700000762939453,102494
2010-10-04,31.459999084472656,31.459999084472656,31.549999237060547,31.40999984741211,31.43000030517578,28154
2010-10-05,31.700000762939453,31.700000762939453,31.700000762939453,31.454999923706055,31.469999313354492,18986
2010-10-06,32.095001220703125,32.095001220703125,32.095001220703125,32.029998779296875,32.084999084472656,31038
2010-10-07,31.94499969482422,31.94499969482422,31.959999084472656,31.799999237060547,31.799999237060547,9187
2010-10-08,31.950000762939453,31.950000762939453,31.950000762939453,31.799999237060547,31.864999771118164,11451
2010-10-11,32.08000183105469,32.08000183105469,32.084999084472656,32.0099983215332,32.0099983215332,56331
2010-10-12,31.989999771118164,31.989999771118164,31.989999771118164,31.709999084472656,31.709999084472656,5097
2010-10-13,32.5,32.5,32.5,32.16999816894531,32.16999816894531,61302
2010-10-14,32.40999984741211,32.40999984741211,32.654998779296875,32.400001525878906,32.654998779296875,7598
2010-10-15,32.2400016784668,32.2400016784668,32.439998626708984,32.2400016784668,32.30500030517578,8302
2010-10-18,32.5,32.5,32.540000915527344,32.33000183105469,32.33000183105469,6626
2010-10-19,32.349998474121094,32.349998474121094,32.529998779296875,32.31999969482422,32.4900016784668,6721
2010-10-20,32.369998931884766,32.369998931884766,32.369998931884766,32.36000061035156,32.36000061035156,19001
2010-10-21,32.650001525878906,32.650001525878906,32.689998626708984,32.38999938964844,32.38999938964844,23023
2010-10-22,32.6150016784668,32.6150016784668,32.6150016784668,32.48500061035156,32.5099983215332,12313
2010-10-25,32.70000076293945,32.70000076293945,32.70000076293945,32.60499954223633,32.61000061035156,28937
2010-10-26,32.51499938964844,32.51499938964844,32.61000061035156,32.51499938964844,32.61000061035156,23024
2010-10-27,32.43000030517578,32.43000030517578,32.5,32.3650016784668,32.3650016784668,122311
2010-10-28,32.5099983215332,32.5099983215332,32.529998779296875,32.5099983215332,32.529998779296875,1559
2010-10-29,32.45000076293945,32.45000076293945,32.45000076293945,32.345001220703125,32.349998474121094,2457
2010-11-01,32.36000061035156,32.36000061035156,32.36000061035156,32.36000061035156,32.36000061035156,64
2010-11-02,32.52000045776367,32.52000045776367,32.52000045776367,32.459999084472656,32.459999084472656,3211
2010-11-03,32.54999923706055,32.54999923706055,32.744998931884766,32.54999923706055,32.60499954223633,16866
2010-11-04,33.09000015258789,33.09000015258789,33.09000015258789,32.875,32.875,28129
2010-11-05,33.18000030517578,33.18000030517578,33.18000030517578,32.9900016784668,33.119998931884766,6101
2010-11-08,33.13999938964844,33.13999938964844,33.2400016784668,33.13999938964844,33.165000915527344,2508
2010-11-09,33.369998931884766,33.369998931884766,33.45500183105469,33.33000183105469,33.33000183105469,11046
2010-11-10,33.1349983215332,33.1349983215332,33.3650016784668,33.1349983215332,33.27000045776367,9446
2010-11-11,33.040000915527344,33.040000915527344,33.20000076293945,33.040000915527344,33.17499923706055,12988
2010-11-12,32.91999816894531,32.91999816894531,33.0,32.599998474121094,32.900001525878906,19275
2010-11-15,33.18000030517578,33.18000030517578,33.209999084472656,32.869998931884766,32.869998931884766,10761
2010-11-16,32.834999084472656,32.834999084472656,33.0099983215332,32.834999084472656,32.970001220703125,38500
2010-11-17,32.68000030517578,32.68000030517578,32.709999084472656,32.619998931884766,32.619998931884766,16184
2010-11-18,33.01499938964844,33.01499938964844,33.01499938964844,32.904998779296875,32.904998779296875,4489
2010-11-19,32.79999923706055,32.79999923706055,33.04499816894531,32.79999923706055,33.0,8052
2010-11-22,32.68000030517578,32.68000030517578,32.88999938964844,32.66999816894531,32.869998931884766,104794
2010-11-23,32.494998931884766,32.494998931884766,32.53499984741211,32.459999084472656,32.53499984741211,2677
2010-11-24,32.52000045776367,32.52000045776367,32.52000045776367,32.25,32.279998779296875,6003
2010-11-25,32.724998474121094,32.724998474121094,32.724998474121094,32.650001525878906,32.650001525878906,4712
2010-11-26,32.619998931884766,32.619998931884766,32.66999816894531,32.345001220703125,32.65999984741211,44475
2010-11-29,32.119998931884766,32.119998931884766,32.79999923706055,32.119998931884766,32.61000061035156,11850
2010-11-30,32.06999969482422,32.06999969482422,32.06999969482422,32.01499938964844,32.01499938964844,6540
2010-12-01,32.619998931884766,32.619998931884766,32.619998931884766,32.27000045776367,32.33000183105469,8035
2010-12-02,32.845001220703125,32.845001220703125,32.95000076293945,32.71500015258789,32.71500015258789,11280
2010-12-03,33.10499954223633,33.10499954223633,33.290000915527344,33.0,33.22999954223633,35679
2010-12-06,33.18000030517578,33.18000030517578,33.18000030517578,33.029998779296875,33.060001373291016,1769
2010-12-07,33.58000183105469,33.58000183105469,33.58000183105469,33.16999816894531,33.16999816894531,4782
2010-12-08,33.54999923706055,33.54999923706055,33.54999923706055,33.54999923706055,33.54999923706055,2000
2010-12-09,33.65999984741211,33.65999984741211,33.744998931884766,33.59000015258789,33.66999816894531,53239
2010-12-10,33.76499938964844,33.76499938964844,33.79999923706055,33.724998474121094,33.72999954223633,16306
2010-12-13,33.869998931884766,33.869998931884766,33.92499923706055,33.845001220703125,33.845001220703125,18968
2010-12-14,33.849998474121094,33.849998474121094,33.849998474121094,33.70000076293945,33.70000076293945,108715
2010-12-15,33.869998931884766,33.869998931884766,33.869998931884766,33.70000076293945,33.81999969482422,6010
2010-12-16,33.7599983215332,33.7599983215332,33.849998474121094,33.7599983215332,33.849998474121094,22413
2010-12-17,33.7400016784668,33.7400016784668,33.90999984741211,33.68000030517578,33.90999984741211,9032
2010-12-20,33.959999084472656,33.959999084472656,34.11000061035156,33.959999084472656,34.04499816894531,74469
2010-12-21,34.30500030517578,34.30500030517578,34.310001373291016,34.099998474121094,34.15999984741211,12159
2010-12-22,34.34000015258789,34.34000015258789,34.400001525878906,34.2599983215332,34.2599983215332,7247
2010-12-23,34.400001525878906,34.400001525878906,34.45500183105469,34.349998474121094,34.349998474121094,113342
2010-12-27,34.064998626708984,34.064998626708984,34.119998931884766,33.900001525878906,34.040000915527344,24728
2010-12-28,34.099998474121094,34.099998474121094,34.17499923706055,33.959999084472656,33.959999084472656,25618
2010-12-29,34.23500061035156,34.23500061035156,34.27000045776367,34.17499923706055,34.20500183105469,3926
2010-12-30,33.88999938964844,33.88999938964844,34.23500061035156,33.85499954223633,34.23500061035156,92922
2011-01-03,34.15999984741211,34.15999984741211,34.88999938964844,34.08000183105469,34.084999084472656,29561
2011-01-04,34.33000183105469,34.33000183105469,34.33000183105469,34.02000045776367,34.02000045776367,13008
2011-01-05,34.1150016784668,34.1150016784668,34.1150016784668,33.900001525878906,34.08000183105469,3473
2011-01-06,34.529998779296875,34.529998779296875,34.529998779296875,34.529998779296875,34.529998779296875,140
2011-01-07,34.45000076293945,34.45000076293945,34.5,34.255001068115234,34.5,10517
2011-01-10,34.04499816894531,34.04499816894531,34.16999816894531,34.04499816894531,34.095001220703125,5405
2011-01-11,34.375,34.375,34.375,34.20500183105469,34.20500183105469,6984
2011-01-12,34.779998779296875,34.779998779296875,34.779998779296875,34.529998779296875,34.529998779296875,4303
2011-01-13,34.584999084472656,34.584999084472656,34.82500076293945,34.584999084472656,34.77000045776367,10165
2011-01-14,34.599998474121094,34.599998474121094,34.599998474121094,34.404998779296875,34.5,13338
2011-01-17,34.63999938964844,34.63999938964844,34.71500015258789,34.63999938964844,34.685001373291016,20227
2011-01-18,34.959999084472656,34.959999084472656,35.04499816894531,34.93000030517578,34.994998931884766,35050
2011-01-19,34.82500076293945,34.82500076293945,35.01499938964844,34.82500076293945,35.01499938964844,7382
2011-01-20,34.45000076293945,34.45000076293945,34.52000045776367,34.39500045776367,34.52000045776367,9917
2011-01-21,34.33000183105469,34.33000183105469,34.630001068115234,34.10499954223633,34.10499954223633,90185
2011-01-24,34.43000030517578,34.43000030517578,34.43000030517578,34.23500061035156,34.2599983215332,16265
2011-01-25,34.2599983215332,34.2599983215332,34.459999084472656,34.2599983215332,34.459999084472656,73005
2011-01-26,34.505001068115234,34.505001068115234,34.6349983215332,34.31999969482422,34.31999969482422,19021
2011-01-27,34.584999084472656,34.584999084472656,34.584999084472656,34.47999954223633,34.47999954223633,6877
2011-01-28,34.525001525878906,34.525001525878906,34.525001525878906,34.400001525878906,34.400001525878906,10113
2011-01-31,34.25,34.25,34.25,34.0,34.0,23341
2011-02-01,34.63999938964844,34.63999938964844,34.63999938964844,34.459999084472656,34.48500061035156,42618
2011-02-02,34.82500076293945,34.82500076293945,34.85499954223633,34.80500030517578,34.80500030517578,14057
2011-02-03,34.83000183105469,34.83000183105469,34.849998474121094,34.71500015258789,34.78499984741211,49428
2011-02-04,34.935001373291016,34.935001373291016,35.029998779296875,34.875,34.97999954223633,67331
2011-02-07,35.244998931884766,35.244998931884766,35.29999923706055,35.19499969482422,35.29499816894531,88622
2011-02-08,35.19499969482422,35.19499969482422,35.19499969482422,35.17499923706055,35.185001373291016,25909
2011-02-09,35.220001220703125,35.220001220703125,35.279998779296875,35.220001220703125,35.25,11101
2011-02-10,34.935001373291016,34.935001373291016,34.94499969482422,34.79499816894531,34.94499969482422,90518
2011-02-11,35.084999084472656,35.084999084472656,35.084999084472656,34.880001068115234,34.98500061035156,15229
2011-02-14,35.380001068115234,35.380001068115234,35.45500183105469,35.29999923706055,35.42499923706055,11993
2011-02-15,35.40999984741211,35.40999984741211,35.46500015258789,35.29999923706055,35.43000030517578,38388
2011-02-16,35.564998626708984,35.564998626708984,35.64500045776367,35.45500183105469,35.45500183105469,19938
2011-02-17,35.48500061035156,35.48500061035156,35.6349983215332,35.48500061035156,35.61000061035156,31921
2011-02-18,35.60499954223633,35.60499954223633,35.67499923706055,35.51499938964844,35.67499923706055,13837
2011-02-21,35.404998779296875,35.404998779296875,35.57500076293945,35.39500045776367,35.564998626708984,66349
2011-02-22,35.03499984741211,35.03499984741211,35.03499984741211,34.85499954223633,34.85499954223633,6584
2011-02-23,34.814998626708984,34.814998626708984,34.875,34.73500061035156,34.849998474121094,7265
2011-02-24,34.375,34.375,34.375,34.30500030517578,34.375,8961
2011-02-25,34.755001068115234,34.755001068115234,34.755001068115234,34.560001373291016,34.560001373291016,22512
2011-02-28,35.16999816894531,35.16999816894531,35.20000076293945,34.685001373291016,34.685001373291016,11388
2011-03-01,34.935001373291016,34.935001373291016,35.375,34.810001373291016,35.29499816894531,10837
2011-03-02,34.71500015258789,34.71500015258789,34.71500015258789,34.564998626708984,34.58000183105469,58054
2011-03-03,34.68000030517578,34.68000030517578,34.869998931884766,34.66999816894531,34.66999816894531,10601
2011-03-04,34.58000183105469,34.58000183105469,35.75,34.58000183105469,34.96500015258789,19588
2011-03-07,34.56999969482422,34.56999969482422,34.68000030517578,34.56999969482422,34.650001525878906,10256
2011-03-08,34.38999938964844,34.38999938964844,34.56999969482422,34.20500183105469,34.56999969482422,10448
2011-03-09,34.47999954223633,34.47999954223633,34.66999816894531,34.47999954223633,34.53499984741211,16790
2011-03-10,34.11000061035156,34.11000061035156,34.35499954223633,34.11000061035156,34.35499954223633,11005
2011-03-11,33.81999969482422,33.81999969482422,33.845001220703125,33.66999816894531,33.775001525878906,19857
2011-03-14,33.415000915527344,33.415000915527344,33.560001373291016,33.415000915527344,33.560001373291016,9839
2011-03-15,32.279998779296875,32.279998779296875,32.584999084472656,32.279998779296875,32.584999084472656,11766
2011-03-16,32.69499969482422,32.69499969482422,32.755001068115234,32.540000915527344,32.755001068115234,14722
2011-03-17,32.7400016784668,32.7400016784668,32.7400016784668,32.41999816894531,32.41999816894531,6960
2011-03-18,32.75,32.75,33.06999969482422,32.68000030517578,32.79999923706055,14381
2011-03-21,33.375,33.375,33.375,33.19499969482422,33.19499969482422,10854
2011-03-22,33.3650016784668,33.3650016784668,33.45500183105469,33.3650016784668,33.45500183105469,3655
2011-03-23,33.22999954223633,33.22999954223633,33.400001525878906,33.20000076293945,33.39500045776367,6538
2011-03-24,33.78499984741211,33.78499984741211,33.78499984741211,33.6150016784668,33.6150016784668,15110
2011-03-25,33.85499954223633,33.85499954223633,33.91999816894531,33.79499816894531,33.810001373291016,16947
2011-03-28,33.88999938964844,33.88999938964844,33.9900016784668,33.779998779296875,33.779998779296875,5509
2011-03-29,33.76499938964844,33.76499938964844,33.84000015258789,33.70000076293945,33.84000015258789,8103
2011-03-30,34.209999084472656,34.209999084472656,34.2400016784668,34.060001373291016,34.060001373291016,13996
2011-03-31,34.06999969482422,34.06999969482422,34.130001068115234,33.939998626708984,34.130001068115234,27044
2011-04-01,34.32500076293945,34.32500076293945,34.32500076293945,34.029998779296875,34.029998779296875,38826
2011-04-04,34.41999816894531,34.41999816894531,34.43000030517578,34.36000061035156,34.36000061035156,87176
2011-04-05,34.45000076293945,34.45000076293945,34.45000076293945,34.345001220703125,34.3849983215332,30412
2011-04-06,34.61000061035156,34.61000061035156,34.654998779296875,34.38999938964844,34.46500015258789,10169
2011-04-07,34.51499938964844,34.51499938964844,34.82500076293945,34.4900016784668,34.709999084472656,12789
2011-04-08,34.56999969482422,34.56999969482422,34.689998626708984,34.54999923706055,34.63999938964844,21713
2011-04-11,34.46500015258789,34.46500015258789,34.55500030517578,34.46500015258789,34.505001068115234,7038
2011-04-12,34.040000915527344,34.040000915527344,34.19499969482422,34.040000915527344,34.1349983215332,997
2011-04-13,34.32500076293945,34.32500076293945,34.32500076293945,34.05500030517578,34.05500030517578,6342
2011-04-14,34.025001525878906,34.025001525878906,34.025001525878906,33.95000076293945,34.01499938964844,8356
2011-04-15,34.099998474121094,34.099998474121094,34.099998474121094,34.025001525878906,34.03499984741211,2877
2011-04-18,33.42499923706055,33.42499923706055,33.939998626708984,33.345001220703125,33.939998626708984,14896
2011-04-19,33.79999923706055,33.79999923706055,33.880001068115234,33.68000030517578,33.73500061035156,5333
2011-04-20,34.275001525878906,34.275001525878906,34.275001525878906,34.05500030517578,34.1349983215332,7437
2011-04-21,34.5099983215332,34.5099983215332,34.5099983215332,34.29499816894531,34.29499816894531,4794
2011-04-26,34.665000915527344,34.665000915527344,34.71500015258789,34.599998474121094,34.71500015258789,8623
2011-04-27,34.689998626708984,34.689998626708984,34.84000015258789,34.45000076293945,34.45000076293945,126192
2011-04-28,34.81999969482422,34.81999969482422,34.81999969482422,34.72999954223633,34.790000915527344,24020
2011-04-29,35.025001525878906,35.025001525878906,35.025001525878906,34.790000915527344,34.79999923706055,47568
2011-05-02,35.06999969482422,35.06999969482422,35.2400016784668,35.06999969482422,35.165000915527344,5227
2011-05-03,34.80500030517578,34.80500030517578,34.98500061035156,34.79999923706055,34.98500061035156,9359
2011-05-04,34.584999084472656,34.584999084472656,34.73500061035156,34.584999084472656,34.69499969482422,6662
2011-05-05,34.34000015258789,34.34000015258789,34.380001068115234,34.20500183105469,34.380001068115234,12222
2011-05-06,34.814998626708984,34.814998626708984,34.814998626708984,34.29499816894531,34.29499816894531,14424
2011-05-09,34.58000183105469,34.58000183105469,34.76499938964844,34.4900016784668,34.76499938964844,3192
2011-05-10,35.01499938964844,35.01499938964844,35.040000915527344,34.79499816894531,34.79499816894531,796
2011-05-11,35.11000061035156,35.11000061035156,35.279998779296875,34.994998931884766,35.095001220703125,27657
2011-05-12,34.709999084472656,34.709999084472656,34.900001525878906,34.64500045776367,34.845001220703125,9787
2011-05-13,34.80500030517578,34.80500030517578,35.060001373291016,34.71500015258789,34.9900016784668,6842
2011-05-16,34.75,34.75,34.75,34.45500183105469,34.58000183105469,29701
2011-05-17,34.33000183105469,34.33000183105469,34.775001525878906,34.33000183105469,34.61000061035156,46061
2011-05-18,34.560001373291016,34.560001373291016,34.56999969482422,34.404998779296875,34.53499984741211,7449
2011-05-19,34.71500015258789,34.71500015258789,34.96500015258789,34.71500015258789,34.78499984741211,9980
2011-05-20,34.75,34.75,35.02000045776367,34.724998474121094,34.85499954223633,2274
2011-05-23,34.20000076293945,34.20000076293945,34.470001220703125,34.099998474121094,34.470001220703125,15356
2011-05-24,34.310001373291016,34.310001373291016,34.32500076293945,34.150001525878906,34.25,30699
2011-05-25,34.38999938964844,34.38999938964844,34.38999938964844,34.14500045776367,34.14500045776367,123752
2011-05-26,34.38999938964844,34.38999938964844,34.564998626708984,34.29999923706055,34.564998626708984,9191
2011-05-27,34.57500076293945,34.57500076293945,34.72999954223633,34.525001525878906,34.69499969482422,30771
2011-05-30,34.60499954223633,34.60499954223633,34.71500015258789,34.60499954223633,34.71500015258789,1509
2011-05-31,34.814998626708984,34.814998626708984,34.97999954223633,34.810001373291016,34.849998474121094,15590
2011-06-01,34.755001068115234,34.755001068115234,34.875,34.755001068115234,34.814998626708984,2150
2011-06-02,34.09000015258789,34.09000015258789,34.244998931884766,34.09000015258789,34.154998779296875,8712
2011-06-03,33.78499984741211,33.78499984741211,34.01499938964844,33.78499984741211,33.970001220703125,4940
2011-06-06,33.73500061035156,33.73500061035156,33.869998931884766,33.73500061035156,33.849998474121094,9908
2011-06-07,33.83000183105469,33.83000183105469,33.974998474121094,33.755001068115234,33.79499816894531,10410
2011-06-08,33.39500045776367,33.39500045776367,33.41999816894531,33.36000061035156,33.36000061035156,3176
2011-06-09,33.75,33.75,33.76499938964844,33.40999984741211,33.599998474121094,11817
2011-06-10,33.41999816894531,33.41999816894531,33.75,33.41999816894531,33.64500045776367,53156
2011-06-14,33.720001220703125,33.720001220703125,33.7400016784668,33.59000015258789,33.70000076293945,105495
2011-06-15,33.54999923706055,33.54999923706055,33.65999984741211,33.52000045776367,33.65999984741211,560
2011-06-16,33.099998474121094,33.099998474121094,33.119998931884766,32.959999084472656,32.994998931884766,856628
2011-06-17,33.19499969482422,33.19499969482422,33.38999938964844,32.810001373291016,32.939998626708984,10986
2011-06-20,33.0,33.0,33.0,32.915000915527344,32.915000915527344,8539
2011-06-21,33.369998931884766,33.369998931884766,33.369998931884766,33.209999084472656,33.209999084472656,434
2011-06-22,33.31999969482422,33.31999969482422,33.3849983215332,33.31999969482422,33.3849983215332,1339
2011-06-23,33.10499954223633,33.10499954223633,33.1349983215332,33.10499954223633,33.1349983215332,210
2011-06-24,33.005001068115234,33.005001068115234,33.23500061035156,32.97999954223633,33.23500061035156,3278
2011-06-27,32.875,32.875,32.92499923706055,32.834999084472656,32.92499923706055,3217
2011-06-28,33.040000915527344,33.040000915527344,33.040000915527344,32.834999084472656,32.834999084472656,3253
2011-06-29,33.36000061035156,33.36000061035156,33.505001068115234,33.2400016784668,33.2400016784668,1718
2011-06-30,33.779998779296875,33.779998779296875,33.779998779296875,33.58000183105469,33.59000015258789,8209
2011-07-01,34.220001220703125,34.220001220703125,34.244998931884766,33.83000183105469,33.95000076293945,38886
2011-07-04,34.224998474121094,34.224998474121094,34.224998474121094,34.15999984741211,34.220001220703125,380
2011-07-05,34.39500045776367,34.39500045776367,34.39500045776367,34.10499954223633,34.10499954223633,64053
2011-07-06,34.150001525878906,34.150001525878906,34.25,34.095001220703125,34.2400016784668,19759
2011-07-07,34.404998779296875,34.404998779296875,34.45000076293945,34.29999923706055,34.29999923706055,60129
2011-07-08,34.404998779296875,34.404998779296875,34.404998779296875,34.404998779296875,34.404998779296875,995
2011-07-11,33.814998626708984,33.814998626708984,33.814998626708984,33.814998626708984,33.814998626708984,516
2011-07-12,33.40999984741211,33.40999984741211,33.40999984741211,33.0099983215332,33.18000030517578,7802
2011-07-13,33.66999816894531,33.66999816894531,33.66999816894531,33.345001220703125,33.345001220703125,6575
2011-07-14,33.380001068115234,33.380001068115234,33.4900016784668,33.35499954223633,33.4900016784668,9504
2011-07-15,33.31999969482422,33.31999969482422,33.32500076293945,33.17499923706055,33.17499923706055,24359
2011-07-19,32.970001220703125,32.970001220703125,32.970001220703125,32.779998779296875,32.779998779296875,9197
2011-07-20,33.375,33.375,33.375,32.90999984741211,32.90999984741211,19826
2011-07-21,33.849998474121094,33.849998474121094,33.849998474121094,33.119998931884766,33.4900016784668,240227
2011-07-22,33.869998931884766,33.869998931884766,33.95500183105469,33.869998931884766,33.95500183105469,252
2011-07-25,33.8849983215332,33.8849983215332,33.8849983215332,33.76499938964844,33.76499938964844,804
2011-07-26,33.73500061035156,33.73500061035156,33.779998779296875,33.73500061035156,33.779998779296875,1441
2011-07-27,33.314998626708984,33.314998626708984,33.54499816894531,33.314998626708984,33.54499816894531,3286
2011-07-28,33.15999984741211,33.15999984741211,33.26499938964844,33.04499816894531,33.255001068115234,2499
2011-07-29,33.26499938964844,33.26499938964844,33.26499938964844,32.810001373291016,32.834999084472656,29424
2011-08-01,32.599998474121094,32.599998474121094,33.39500045776367,32.599998474121094,33.349998474121094,130645
2011-08-02,32.07500076293945,32.07500076293945,32.470001220703125,32.07500076293945,32.470001220703125,104974
2011-08-03,31.364999771118164,31.364999771118164,31.96500015258789,31.364999771118164,31.8700008392334,21492
2011-08-04,30.899999618530273,30.899999618530273,31.725000381469727,30.899999618530273,31.709999084472656,102499
2011-08-05,29.989999771118164,29.989999771118164,30.53499984741211,29.645000457763672,29.8700008392334,17382
2011-08-08,28.90999984741211,28.90999984741211,30.040000915527344,28.649999618530273,29.684999465942383,381970
2011-08-09,28.934999465942383,28.934999465942383,29.100000381469727,28.0,28.8700008392334,84313
2011-08-10,28.020000457763672,28.020000457763672,29.399999618530273,28.020000457763672,29.399999618530273,71916
2011-08-11,28.479999542236328,28.479999542236328,28.684999465942383,27.364999771118164,28.565000534057617,78356
2011-08-12,29.440000534057617,29.440000534057617,29.459999084472656,29.049999237060547,29.049999237060547,3852
2011-08-16,29.6200008392334,29.6200008392334,29.6200008392334,29.350000381469727,29.434999465942383,6287
2011-08-17,29.885000228881836,29.885000228881836,29.885000228881836,29.3700008392334,29.3700008392334,5404
2011-08-18,28.290000915527344,28.290000915527344,29.075000762939453,28.290000915527344,29.075000762939453,21812
2011-08-19,27.729999542236328,27.729999542236328,28.34000015258789,27.729999542236328,28.34000015258789,13808
2011-08-22,28.18000030517578,28.18000030517578,28.18000030517578,28.155000686645508,28.155000686645508,328
2011-08-23,28.299999237060547,28.299999237060547,28.690000534057617,28.299999237060547,28.690000534057617,490
2011-08-24,28.655000686645508,28.655000686645508,28.655000686645508,28.420000076293945,28.420000076293945,1500
2011-08-25,28.350000381469727,28.350000381469727,28.969999313354492,28.295000076293945,28.969999313354492,18308
2011-08-26,28.06999969482422,28.06999969482422,28.459999084472656,27.979999542236328,28.325000762939453,12927
2011-08-29,28.530000686645508,28.530000686645508,28.530000686645508,28.530000686645508,28.530000686645508,6110
2011-08-30,28.96500015258789,28.96500015258789,28.96500015258789,28.96500015258789,28.96500015258789,15
2011-08-31,29.700000762939453,29.700000762939453,29.700000762939453,29.15999984741211,29.15999984741211,1432
2011-09-01,29.540000915527344,29.540000915527344,29.674999237060547,29.524999618530273,29.674999237060547,452
2011-09-02,29.344999313354492,29.344999313354492,29.385000228881836,29.31999969482422,29.31999969482422,44388
2011-09-05,28.520000457763672,28.520000457763672,29.200000762939453,28.520000457763672,29.200000762939453,3071
2011-09-06,27.889999389648438,27.889999389648438,27.889999389648438,27.575000762939453,27.575000762939453,5967
2011-09-07,28.510000228881836,28.510000228881836,28.510000228881836,28.30500030517578,28.30500030517578,6498
2011-09-08,28.514999389648438,28.514999389648438,28.954999923706055,28.514999389648438,28.6299991607666,14396
2011-09-09,28.625,28.625,28.625,28.575000762939453,28.575000762939453,908
2011-09-12,27.649999618530273,27.649999618530273,27.649999618530273,27.5049991607666,27.53499984741211,112000
2011-09-13,27.68000030517578,27.68000030517578,27.68000030517578,27.149999618530273,27.149999618530273,5864
2011-09-15,28.604999542236328,28.604999542236328,28.604999542236328,28.4950008392334,28.4950008392334,7532
2011-09-16,28.670000076293945,28.670000076293945,28.670000076293945,28.65999984741211,28.65999984741211,255
2011-09-19,28.264999389648438,28.264999389648438,28.389999389648438,28.219999313354492,28.389999389648438,5701
2011-09-20,28.719999313354492,28.719999313354492,28.719999313354492,28.104999542236328,28.104999542236328,44567
2011-09-21,28.489999771118164,28.489999771118164,28.489999771118164,28.489999771118164,28.489999771118164,2575
2011-09-22,27.15999984741211,27.15999984741211,27.239999771118164,27.0,27.239999771118164,8207
2011-09-23,26.65999984741211,26.65999984741211,26.739999771118164,26.28499984741211,26.28499984741211,5925
2011-09-26,27.579999923706055,27.579999923706055,27.579999923706055,27.579999923706055,27.579999923706055,540
2011-09-27,28.584999084472656,28.584999084472656,28.584999084472656,28.05500030517578,28.05500030517578,692
2011-09-28,28.510000228881836,28.510000228881836,28.510000228881836,28.510000228881836,28.510000228881836,50
2011-09-29,28.46500015258789,28.46500015258789,28.46500015258789,28.46500015258789,28.46500015258789,2275
2011-10-03,27.94499969482422,27.94499969482422,27.94499969482422,27.770000457763672,27.899999618530273,393
2011-10-04,27.450000762939453,27.450000762939453,27.690000534057617,27.40999984741211,27.690000534057617,8904
2011-10-06,28.59000015258789,28.59000015258789,28.59000015258789,28.375,28.375,13584
2011-10-07,28.854999542236328,28.854999542236328,28.854999542236328,28.854999542236328,28.854999542236328,825
2011-10-10,29.31999969482422,29.31999969482422,29.31999969482422,29.31999969482422,29.31999969482422,52
2011-10-11,29.405000686645508,29.405000686645508,29.405000686645508,29.405000686645508,29.405000686645508,200
2011-10-13,29.690000534057617,29.690000534057617,29.989999771118164,29.690000534057617,29.989999771118164,2418
2011-10-14,30.110000610351562,30.110000610351562,30.110000610351562,29.920000076293945,29.920000076293945,12955
2011-10-17,29.979999542236328,29.979999542236328,30.204999923706055,29.979999542236328,30.204999923706055,7457
2011-10-18,29.549999237060547,29.549999237060547,29.549999237060547,29.350000381469727,29.350000381469727,2881
2011-10-19,29.704999923706055,29.704999923706055,29.81999969482422,29.700000762939453,29.700000762939453,11618
2011-10-20,29.489999771118164,29.489999771118164,29.59000015258789,29.489999771118164,29.59000015258789,107948
2011-10-21,29.799999237060547,29.799999237060547,29.799999237060547,29.5,29.559999465942383,7313
2011-10-24,30.170000076293945,30.170000076293945,30.200000762939453,30.170000076293945,30.200000762939453,6250
2011-10-25,30.459999084472656,30.459999084472656,30.459999084472656,30.459999084472656,30.459999084472656,727
2011-10-26,30.200000762939453,30.200000762939453,30.350000381469727,30.049999237060547,30.350000381469727,17970
2011-10-27,31.2450008392334,31.2450008392334,31.2450008392334,30.905000686645508,30.905000686645508,5181
2011-10-28,31.270000457763672,31.270000457763672,31.524999618530273,31.270000457763672,31.399999618530273,44737
2011-10-31,30.8700008392334,30.8700008392334,30.950000762939453,30.8700008392334,30.950000762939453,16343
2011-11-02,29.545000076293945,29.545000076293945,29.799999237060547,29.545000076293945,29.799999237060547,1411
2011-11-03,29.985000610351562,29.985000610351562,29.985000610351562,29.985000610351562,29.985000610351562,5000
2011-11-04,30.190000534057617,30.190000534057617,30.530000686645508,30.190000534057617,30.530000686645508,2354
2011-11-07,30.045000076293945,30.045000076293945,30.045000076293945,30.0049991607666,30.0049991607666,5003
2011-11-08,30.459999084472656,30.459999084472656,30.459999084472656,30.459999084472656,30.459999084472656,15000
2011-11-09,29.684999465942383,29.684999465942383,29.684999465942383,29.684999465942383,29.684999465942383,34
2011-11-10,29.719999313354492,29.719999313354492,29.719999313354492,29.719999313354492,29.719999313354492,400
2011-11-11,29.950000762939453,29.950000762939453,29.950000762939453,29.75,29.75,2874
2011-11-14,30.024999618530273,30.024999618530273,30.399999618530273,30.024999618530273,30.399999618530273,20297
2011-11-15,29.864999771118164,29.864999771118164,29.864999771118164,29.700000762939453,29.739999771118164,1273
2011-11-16,29.739999771118164,29.739999771118164,29.739999771118164,29.739999771118164,29.739999771118164,7501
2011-11-17,29.56999969482422,29.56999969482422,29.56999969482422,29.56999969482422,29.56999969482422,7501
2011-11-18,29.450000762939453,29.450000762939453,29.450000762939453,29.270000457763672,29.299999237060547,21877
2011-11-21,28.559999465942383,28.559999465942383,28.684999465942383,28.559999465942383,28.684999465942383,442
2011-11-22,28.399999618530273,28.399999618530273,28.53499984741211,28.270000457763672,28.53499984741211,10300
2011-11-23,28.094999313354492,28.094999313354492,28.139999389648438,28.094999313354492,28.139999389648438,650
2011-11-24,27.584999084472656,27.584999084472656,28.125,27.584999084472656,28.125,463
2011-11-25,28.05500030517578,28.05500030517578,28.05500030517578,27.530000686645508,27.530000686645508,15005
2011-11-28,28.924999237060547,28.924999237060547,28.924999237060547,28.530000686645508,28.530000686645508,7851
2011-11-29,29.165000915527344,29.165000915527344,29.165000915527344,28.979999542236328,28.979999542236328,15264
2011-11-30,28.924999237060547,28.924999237060547,28.924999237060547,28.924999237060547,28.924999237060547,7501
2011-12-01,30.364999771118164,30.364999771118164,30.364999771118164,30.200000762939453,30.2450008392334,7135
2011-12-02,30.434999465942383,30.434999465942383,30.549999237060547,30.405000686645508,30.405000686645508,32470
2011-12-05,30.520000457763672,30.520000457763672,30.520000457763672,30.520000457763672,30.520000457763672,109
2011-12-06,30.475000381469727,30.475000381469727,30.475000381469727,30.475000381469727,30.475000381469727,20
2011-12-07,30.299999237060547,30.299999237060547,30.90999984741211,30.299999237060547,30.90999984741211,42383
2011-12-08,30.1200008392334,30.1200008392334,30.565000534057617,30.1200008392334,30.399999618530273,56844
2011-12-09,30.274999618530273,30.274999618530273,30.274999618530273,30.274999618530273,30.274999618530273,7501
2011-12-12,30.09000015258789,30.09000015258789,30.104999542236328,30.09000015258789,30.104999542236328,5100
2011-12-13,29.96500015258789,29.96500015258789,30.174999237060547,29.81999969482422,29.8700008392334,42298
2011-12-14,29.719999313354492,29.719999313354492,29.719999313354492,29.719999313354492,29.719999313354492,582
2011-12-15,29.59000015258789,29.59000015258789,29.59000015258789,29.59000015258789,29.59000015258789,23
2011-12-16,29.55500030517578,29.55500030517578,29.739999771118164,29.55500030517578,29.739999771118164,31141
2011-12-19,29.639999389648438,29.639999389648438,29.80500030517578,29.639999389648438,29.709999084472656,1523
2011-12-20,29.639999389648438,29.639999389648438,29.639999389648438,29.639999389648438,29.639999389648438,70
2011-12-22,30.2549991607666,30.2549991607666,30.2549991607666,30.2549991607666,30.2549991607666,793
2011-12-23,30.639999389648438,30.639999389648438,30.639999389648438,30.454999923706055,30.454999923706055,3867
2011-12-28,30.395000457763672,30.395000457763672,30.700000762939453,30.395000457763672,30.700000762939453,1944
2011-12-29,30.350000381469727,30.350000381469727,30.350000381469727,30.350000381469727,30.350000381469727,363
2011-12-30,30.899999618530273,30.899999618530273,30.899999618530273,30.700000762939453,30.700000762939453,10400
2012-01-02,31.364999771118164,31.364999771118164,31.3700008392334,31.30500030517578,31.350000381469727,20249
2012-01-06,31.469999313354492,31.469999313354492,31.469999313354492,31.415000915527344,31.415000915527344,286
2012-01-09,31.25,31.25,31.25,31.25,31.25,35
2012-01-11,31.670000076293945,31.670000076293945,31.670000076293945,31.670000076293945,31.670000076293945,201
2012-01-13,31.604999542236328,31.604999542236328,31.649999618530273,31.604999542236328,31.649999618530273,1310
2012-01-16,31.424999237060547,31.424999237060547,31.489999771118164,31.424999237060547,31.489999771118164,5864
2012-01-17,31.899999618530273,31.899999618530273,32.084999084472656,31.815000534057617,31.815000534057617,90210
2012-01-19,32.04999923706055,32.04999923706055,32.04999923706055,32.04999923706055,32.04999923706055,304
2012-01-20,32.2599983215332,32.2599983215332,32.2599983215332,32.2599983215332,32.2599983215332,1000
2012-01-23,32.36000061035156,32.36000061035156,32.46500015258789,32.36000061035156,32.46500015258789,8251
2012-01-25,32.14500045776367,32.14500045776367,32.349998474121094,32.04499816894531,32.349998474121094,51059
2012-01-26,32.47999954223633,32.47999954223633,32.47999954223633,32.29999923706055,32.29999923706055,6602
2012-01-27,32.27000045776367,32.27000045776367,32.54999923706055,32.27000045776367,32.54999923706055,3006
2012-01-30,31.850000381469727,31.850000381469727,32.005001068115234,31.850000381469727,31.989999771118164,7071
2012-01-31,32.16999816894531,32.16999816894531,32.16999816894531,32.025001525878906,32.025001525878906,3150
2012-02-01,32.564998626708984,32.564998626708984,32.564998626708984,32.529998779296875,32.529998779296875,115
2012-02-02,32.81999969482422,32.81999969482422,32.81999969482422,32.755001068115234,32.7599983215332,7478
2012-02-03,33.08000183105469,33.08000183105469,33.08000183105469,32.98500061035156,32.98500061035156,650
2012-02-06,33.275001525878906,33.275001525878906,33.279998779296875,33.20000076293945,33.20000076293945,70000
2012-02-07,33.119998931884766,33.119998931884766,33.17499923706055,33.119998931884766,33.17499923706055,2906
2012-02-09,33.220001220703125,33.220001220703125,33.290000915527344,33.220001220703125,33.22999954223633,41383
2012-02-10,33.025001525878906,33.025001525878906,33.060001373291016,32.915000915527344,33.060001373291016,44401
2012-02-13,33.220001220703125,33.220001220703125,33.220001220703125,33.165000915527344,33.165000915527344,7701
2012-02-14,33.11000061035156,33.11000061035156,33.150001525878906,33.11000061035156,33.150001525878906,43237
2012-02-15,33.32500076293945,33.32500076293945,33.45000076293945,33.32500076293945,33.33000183105469,15230
2012-02-16,33.255001068115234,33.255001068115234,33.255001068115234,33.1150016784668,33.1150016784668,9011
2012-02-17,33.61000061035156,33.61000061035156,33.61000061035156,33.56999969482422,33.56999969482422,2047
2012-02-20,33.83000183105469,33.83000183105469,33.83000183105469,33.79999923706055,33.82500076293945,4190
2012-02-21,33.68000030517578,33.68000030517578,33.78499984741211,33.6349983215332,33.779998779296875,50891
2012-02-22,33.43000030517578,33.43000030517578,33.630001068115234,33.43000030517578,33.630001068115234,5169
2012-02-23,33.27000045776367,33.27000045776367,33.525001525878906,33.27000045776367,33.52000045776367,43888
2012-02-24,33.415000915527344,33.415000915527344,33.415000915527344,33.415000915527344,33.415000915527344,45
2012-02-27,33.16999816894531,33.16999816894531,33.185001373291016,33.1150016784668,33.185001373291016,138390
2012-02-28,33.314998626708984,33.314998626708984,33.41999816894531,33.185001373291016,33.41999816894531,14403
2012-02-29,33.369998931884766,33.369998931884766,33.584999084472656,33.369998931884766,33.564998626708984,17551
2012-03-01,33.69499969482422,33.69499969482422,33.7400016784668,33.29499816894531,33.29499816894531,52959
2012-03-05,33.5,33.5,33.66999816894531,33.435001373291016,33.66999816894531,739
2012-03-07,32.845001220703125,32.845001220703125,32.845001220703125,32.744998931884766,32.744998931884766,14692
2012-03-08,33.14500045776367,33.14500045776367,33.21500015258789,33.14500045776367,33.21500015258789,3530
2012-03-09,33.689998626708984,33.689998626708984,33.689998626708984,33.39500045776367,33.39500045776367,2000
2012-03-13,33.904998779296875,33.904998779296875,33.904998779296875,33.685001373291016,33.685001373291016,8464
2012-03-14,34.29999923706055,34.29999923706055,34.29999923706055,34.20000076293945,34.20000076293945,1385
2012-03-15,34.2599983215332,34.2599983215332,34.2599983215332,34.13999938964844,34.17499923706055,130000
2012-03-16,34.48500061035156,34.48500061035156,34.48500061035156,34.369998931884766,34.369998931884766,1238
2012-03-19,34.40999984741211,34.40999984741211,34.415000915527344,34.3650016784668,34.3650016784668,2114
2012-03-20,34.220001220703125,34.220001220703125,34.220001220703125,34.220001220703125,34.220001220703125,712
2012-03-21,33.95500183105469,33.95500183105469,34.07500076293945,33.95500183105469,34.07500076293945,55638
2012-03-22,33.564998626708984,33.564998626708984,33.93000030517578,33.564998626708984,33.875,76143
2012-03-23,33.56999969482422,33.56999969482422,33.720001220703125,33.38999938964844,33.720001220703125,40820
2012-03-26,33.95500183105469,33.95500183105469,33.95500183105469,33.599998474121094,33.7400016784668,23103
2012-03-27,33.97999954223633,33.97999954223633,34.099998474121094,33.8849983215332,34.04499816894531,33320
2012-03-28,33.470001220703125,33.470001220703125,33.744998931884766,33.470001220703125,33.744998931884766,45350
2012-03-29,32.935001373291016,32.935001373291016,33.28499984741211,32.935001373291016,33.28499984741211,2648
2012-03-30,33.20000076293945,33.20000076293945,33.20000076293945,33.20000076293945,33.20000076293945,28906
2012-04-02,33.665000915527344,33.665000915527344,33.665000915527344,33.209999084472656,33.314998626708984,38855
2012-04-04,33.08000183105469,33.08000183105469,33.48500061035156,33.08000183105469,33.48500061035156,30015
2012-04-05,32.779998779296875,32.779998779296875,32.779998779296875,32.599998474121094,32.599998474121094,22501
2012-04-10,32.14500045776367,32.14500045776367,32.54499816894531,32.14500045776367,32.43000030517578,17461
2012-04-11,32.275001525878906,32.275001525878906,32.290000915527344,32.04499816894531,32.07500076293945,43161
2012-04-12,32.10499954223633,32.10499954223633,32.20000076293945,32.10499954223633,32.20000076293945,8820
2012-04-13,32.099998474121094,32.099998474121094,32.53499984741211,32.099998474121094,32.53499984741211,20248
2012-04-16,32.314998626708984,32.314998626708984,32.470001220703125,32.1349983215332,32.1349983215332,113399
2012-04-17,32.834999084472656,32.834999084472656,32.834999084472656,32.619998931884766,32.63999938964844,6226
2012-04-18,32.744998931884766,32.744998931884766,32.849998474121094,32.67499923706055,32.67499923706055,30700
2012-04-19,32.810001373291016,32.810001373291016,32.92499923706055,32.73500061035156,32.92499923706055,11016
2012-04-20,32.71500015258789,32.71500015258789,32.71500015258789,32.505001068115234,32.505001068115234,27116
2012-04-23,31.93000030517578,31.93000030517578,32.3849983215332,31.93000030517578,32.3849983215332,2595
2012-04-24,32.29999923706055,32.29999923706055,32.29999923706055,32.20500183105469,32.20500183105469,12003
2012-04-25,32.665000915527344,32.665000915527344,32.685001373291016,32.57500076293945,32.6349983215332,9729
2012-04-26,32.67499923706055,32.67499923706055,32.71500015258789,32.52000045776367,32.709999084472656,15698
2012-04-27,32.9900016784668,32.9900016784668,33.029998779296875,32.775001525878906,32.775001525878906,41466
2012-04-30,32.82500076293945,32.82500076293945,33.06999969482422,32.82500076293945,33.06999969482422,6504
2012-05-02,33.025001525878906,33.025001525878906,33.275001525878906,33.025001525878906,33.275001525878906,2740
2012-05-03,32.81999969482422,32.81999969482422,33.060001373291016,32.724998474121094,33.040000915527344,56893
2012-05-04,32.279998779296875,32.279998779296875,32.73500061035156,32.2400016784668,32.67499923706055,55753
2012-05-07,32.619998931884766,32.619998931884766,32.65999984741211,31.934999465942383,31.934999465942383,18104
2012-05-08,32.224998474121094,32.224998474121094,32.244998931884766,32.224998474121094,32.244998931884766,11126
2012-05-09,31.68000030517578,31.68000030517578,32.15999984741211,31.68000030517578,32.15999984741211,82484
2012-05-10,32.255001068115234,32.255001068115234,32.255001068115234,31.899999618530273,32.05500030517578,22850
2012-05-11,31.975000381469727,31.975000381469727,32.07500076293945,31.975000381469727,32.07500076293945,15063
2012-05-14,31.6200008392334,31.6200008392334,31.6200008392334,31.6200008392334,31.6200008392334,1136
2012-05-15,31.530000686645508,31.530000686645508,31.760000228881836,31.334999084472656,31.704999923706055,40132
2012-05-16,31.575000762939453,31.575000762939453,31.575000762939453,31.239999771118164,31.239999771118164,15569
2012-05-17,30.940000534057617,30.940000534057617,31.145000457763672,30.93000030517578,31.145000457763672,8953
2012-05-18,30.725000381469727,30.725000381469727,30.985000610351562,30.725000381469727,30.985000610351562,1167
2012-05-21,30.850000381469727,30.850000381469727,30.850000381469727,30.450000762939453,30.450000762939453,11900
2012-05-22,31.3799991607666,31.3799991607666,31.3799991607666,30.989999771118164,31.184999465942383,2344
2012-05-23,30.985000610351562,30.985000610351562,31.155000686645508,30.985000610351562,31.110000610351562,45215
2012-05-24,31.149999618530273,31.149999618530273,31.184999465942383,31.149999618530273,31.184999465942383,4551
2012-05-25,31.110000610351562,31.110000610351562,31.1299991607666,31.110000610351562,31.1299991607666,364
2012-05-28,31.3799991607666,31.3799991607666,31.3799991607666,31.315000534057617,31.325000762939453,1618
2012-05-29,31.479999542236328,31.479999542236328,31.479999542236328,31.174999237060547,31.239999771118164,9305
2012-05-30,30.979999542236328,30.979999542236328,31.100000381469727,30.979999542236328,31.100000381469727,7708
2012-05-31,30.795000076293945,30.795000076293945,31.03499984741211,30.795000076293945,31.03499984741211,16682
2012-06-01,30.44499969482422,30.44499969482422,30.520000457763672,30.44499969482422,30.520000457763672,7516
2012-06-04,30.170000076293945,30.170000076293945,30.235000610351562,30.084999084472656,30.084999084472656,30566
2012-06-05,30.15999984741211,30.15999984741211,30.329999923706055,30.149999618530273,30.149999618530273,6890
2012-06-06,30.81999969482422,30.81999969482422,30.81999969482422,30.584999084472656,30.739999771118164,153230
2012-06-07,31.229999542236328,31.229999542236328,31.274999618530273,31.03499984741211,31.03499984741211,28831
2012-06-08,31.209999084472656,31.209999084472656,31.209999084472656,30.899999618530273,30.90999984741211,41176
2012-06-11,31.71500015258789,31.71500015258789,31.729999542236328,31.71500015258789,31.729999542236328,6033
2012-06-12,31.149999618530273,31.149999618530273,31.309999465942383,31.149999618530273,31.2549991607666,10096
2012-06-13,31.34000015258789,31.34000015258789,31.395000457763672,31.229999542236328,31.395000457763672,60140
2012-06-14,31.020000457763672,31.020000457763672,31.139999389648438,30.979999542236328,31.1200008392334,50147
2012-06-15,31.485000610351562,31.485000610351562,31.485000610351562,31.440000534057617,31.475000381469727,17499
2012-06-18,31.545000076293945,31.545000076293945,31.780000686645508,31.540000915527344,31.780000686645508,42223
2012-06-19,32.05500030517578,32.05500030517578,32.060001373291016,31.5,31.5,47985
2012-06-20,32.0099983215332,32.0099983215332,32.0099983215332,32.005001068115234,32.005001068115234,35000
2012-06-21,32.18000030517578,32.18000030517578,32.18000030517578,31.954999923706055,32.07500076293945,37476
2012-06-25,31.315000534057617,31.315000534057617,31.44499969482422,31.315000534057617,31.44499969482422,524
2012-06-28,31.479999542236328,31.479999542236328,31.670000076293945,31.424999237060547,31.670000076293945,64539
2012-06-29,32.33000183105469,32.33000183105469,32.33000183105469,32.20500183105469,32.20500183105469,16069
2012-07-02,32.81999969482422,32.81999969482422,32.81999969482422,32.72999954223633,32.73500061035156,71897
2012-07-03,33.10499954223633,33.10499954223633,33.13999938964844,32.94499969482422,32.994998931884766,89332
2012-07-04,33.130001068115234,33.130001068115234,33.130001068115234,33.130001068115234,33.130001068115234,31
2012-07-05,33.2599983215332,33.2599983215332,33.2599983215332,33.2599983215332,33.2599983215332,227
2012-07-06,32.8650016784668,32.8650016784668,33.095001220703125,32.8650016784668,33.07500076293945,20796
2012-07-09,32.75,32.75,32.75,32.75,32.75,313
2012-07-11,33.029998779296875,33.029998779296875,33.029998779296875,33.029998779296875,33.029998779296875,150
2012-07-12,32.76499938964844,32.76499938964844,32.88999938964844,32.720001220703125,32.724998474121094,3736
2012-07-13,33.119998931884766,33.119998931884766,33.125,32.900001525878906,32.900001525878906,358
2012-07-16,33.125,33.125,33.125,33.125,33.125,18
2012-07-17,33.19499969482422,33.19499969482422,33.27000045776367,33.19499969482422,33.25,44827
2012-07-18,33.439998626708984,33.439998626708984,33.439998626708984,33.17499923706055,33.20500183105469,29859
2012-07-19,33.790000915527344,33.790000915527344,33.810001373291016,33.709999084472656,33.720001220703125,37376
2012-07-20,33.35499954223633,33.35499954223633,33.72999954223633,33.35499954223633,33.72999954223633,26176
2012-07-24,32.43000030517578,32.43000030517578,32.6349983215332,32.43000030517578,32.6349983215332,4713
2012-07-25,32.369998931884766,32.369998931884766,32.47999954223633,32.369998931884766,32.470001220703125,63182
2012-07-26,33.0099983215332,33.0099983215332,33.0099983215332,32.35499954223633,32.35499954223633,190
2012-07-27,33.529998779296875,33.529998779296875,33.529998779296875,33.084999084472656,33.084999084472656,2168
2012-07-30,34.09000015258789,34.09000015258789,34.09000015258789,33.654998779296875,33.654998779296875,11550
2012-07-31,34.05500030517578,34.05500030517578,34.11000061035156,34.04999923706055,34.07500076293945,590
2012-08-01,33.880001068115234,33.880001068115234,33.880001068115234,33.880001068115234,33.880001068115234,14
2012-08-02,33.79499816894531,33.79499816894531,34.32500076293945,33.67499923706055,34.32500076293945,6910
2012-08-03,33.994998931884766,33.994998931884766,33.994998931884766,33.869998931884766,33.869998931884766,351
2012-08-06,34.6349983215332,34.6349983215332,34.6349983215332,34.415000915527344,34.415000915527344,13145
2012-08-07,34.63999938964844,34.63999938964844,34.68000030517578,34.5099983215332,34.68000030517578,3854
2012-08-08,34.755001068115234,34.755001068115234,34.755001068115234,34.68000030517578,34.72999954223633,8383
2012-08-09,34.89500045776367,34.89500045776367,34.89500045776367,34.89500045776367,34.89500045776367,4000
2012-08-10,34.95500183105469,34.95500183105469,34.95500183105469,34.79999923706055,34.8849983215332,20701
2012-08-14,34.98500061035156,34.98500061035156,35.005001068115234,34.939998626708984,35.005001068115234,30066
2012-08-16,35.14500045776367,35.14500045776367,35.14500045776367,34.95000076293945,34.970001220703125,19499
2012-08-20,35.29999923706055,35.29999923706055,35.29999923706055,35.29999923706055,35.29999923706055,6500
2012-08-21,35.369998931884766,35.369998931884766,35.369998931884766,35.369998931884766,35.369998931884766,15
2012-08-22,35.07500076293945,35.07500076293945,35.08000183105469,35.07500076293945,35.08000183105469,120
2012-08-23,34.689998626708984,34.689998626708984,35.0,34.689998626708984,35.0,101
2012-08-28,34.599998474121094,34.599998474121094,34.7400016784668,34.529998779296875,34.7400016784668,129295
2012-08-29,34.619998931884766,34.619998931884766,34.65999984741211,34.494998931884766,34.505001068115234,18876
2012-08-30,34.35499954223633,34.35499954223633,34.459999084472656,34.35499954223633,34.35499954223633,3464
2012-08-31,34.53499984741211,34.53499984741211,34.625,34.34000015258789,34.56999969482422,100901
2012-09-03,34.65999984741211,34.65999984741211,34.709999084472656,34.564998626708984,34.564998626708984,59781
2012-09-04,34.380001068115234,34.380001068115234,34.64500045776367,34.380001068115234,34.64500045776367,13632
2012-09-05,34.400001525878906,34.400001525878906,34.400001525878906,34.380001068115234,34.380001068115234,1618
2012-09-06,35.06999969482422,35.06999969482422,35.08000183105469,34.619998931884766,34.619998931884766,315
2012-09-07,35.189998626708984,35.189998626708984,35.3849983215332,35.189998626708984,35.32500076293945,31284
2012-09-11,35.20000076293945,35.20000076293945,35.20000076293945,35.005001068115234,35.005001068115234,65608
2012-09-12,35.38999938964844,35.38999938964844,35.494998931884766,35.17499923706055,35.209999084472656,1434
2012-09-13,35.19499969482422,35.19499969482422,35.19499969482422,34.90999984741211,34.90999984741211,5585
2012-09-14,35.689998626708984,35.689998626708984,35.7599983215332,35.625,35.69499969482422,85497
2012-09-17,35.625,35.625,35.66999816894531,35.625,35.66999816894531,2486
2012-09-18,35.35499954223633,35.35499954223633,35.44499969482422,35.314998626708984,35.44499969482422,2745
2012-09-19,35.5099983215332,35.5099983215332,35.63999938964844,35.5099983215332,35.63999938964844,6071
2012-09-20,35.5099983215332,35.5099983215332,35.5099983215332,35.474998474121094,35.474998474121094,14
2012-09-24,35.564998626708984,35.564998626708984,35.57500076293945,35.46500015258789,35.57500076293945,13077
2012-09-25,35.68000030517578,35.68000030517578,35.68000030517578,35.595001220703125,35.595001220703125,15591
2012-09-26,34.994998931884766,34.994998931884766,35.220001220703125,34.994998931884766,35.220001220703125,2055
2012-09-27,35.17499923706055,35.17499923706055,35.244998931884766,35.17499923706055,35.220001220703125,1006
2012-09-28,34.869998931884766,34.869998931884766,34.90999984741211,34.869998931884766,34.900001525878906,551
2012-10-01,35.125,35.125,35.125,35.040000915527344,35.040000915527344,593
2012-10-02,35.334999084472656,35.334999084472656,35.334999084472656,35.11000061035156,35.11000061035156,8392
2012-10-03,35.185001373291016,35.185001373291016,35.20000076293945,35.025001525878906,35.025001525878906,231
2012-10-04,35.084999084472656,35.084999084472656,35.18000030517578,35.03499984741211,35.18000030517578,205
2012-10-05,35.51499938964844,35.51499938964844,35.51499938964844,35.51499938964844,35.51499938964844,3
2012-10-08,35.125,35.125,35.23500061035156,35.125,35.23500061035156,11052
2012-10-09,34.97999954223633,34.97999954223633,34.97999954223633,34.84000015258789,34.84000015258789,550
2012-10-10,34.83000183105469,34.83000183105469,34.83000183105469,34.83000183105469,34.83000183105469,3
2012-10-11,35.119998931884766,35.119998931884766,35.119998931884766,34.915000915527344,34.92499923706055,2459
2012-10-15,35.07500076293945,35.07500076293945,35.14500045776367,34.86000061035156,34.86000061035156,40530
2012-10-16,35.349998474121094,35.349998474121094,35.349998474121094,35.125,35.130001068115234,299
2012-10-17,35.625,35.625,35.625,35.57500076293945,35.57500076293945,441
2012-10-18,35.685001373291016,35.685001373291016,35.685001373291016,35.685001373291016,35.685001373291016,9
2012-10-19,35.584999084472656,35.584999084472656,35.619998931884766,35.529998779296875,35.619998931884766,464
2012-10-22,35.349998474121094,35.349998474121094,35.52000045776367,35.349998474121094,35.400001525878906,259
2012-10-23,35.0,35.0,35.0,35.0,35.0,2245
2012-10-24,34.88999938964844,34.88999938964844,34.95000076293945,34.72999954223633,34.72999954223633,4464
2012-10-25,35.025001525878906,35.025001525878906,35.11000061035156,35.01499938964844,35.01499938964844,162852
2012-10-26,35.06999969482422,35.06999969482422,35.06999969482422,34.7599983215332,34.7599983215332,1053
2012-10-29,34.849998474121094,34.849998474121094,35.0099983215332,34.849998474121094,35.0099983215332,103
2012-10-30,35.15999984741211,35.15999984741211,35.15999984741211,35.095001220703125,35.095001220703125,243
2012-10-31,35.05500030517578,35.05500030517578,35.275001525878906,35.05500030517578,35.275001525878906,8
2012-11-01,35.165000915527344,35.165000915527344,35.165000915527344,34.9900016784668,34.9900016784668,958
2012-11-02,35.51499938964844,35.51499938964844,35.54499816894531,35.45500183105469,35.494998931884766,120286
2012-11-05,35.38999938964844,35.38999938964844,35.38999938964844,35.36000061035156,35.36000061035156,1654
2012-11-06,35.57500076293945,35.57500076293945,35.57500076293945,35.415000915527344,35.42499923706055,15968
2012-11-07,35.08000183105469,35.08000183105469,35.810001373291016,35.08000183105469,35.810001373291016,120
2012-11-08,35.11000061035156,35.11000061035156,35.19499969482422,35.08000183105469,35.185001373291016,15503
2012-11-09,34.8849983215332,34.8849983215332,35.03499984741211,34.75,35.03499984741211,13312
2012-11-12,34.970001220703125,34.970001220703125,35.04999923706055,34.96500015258789,35.025001525878906,1406
2012-11-13,34.91999816894531,34.91999816894531,34.93000030517578,34.689998626708984,34.81999969482422,143324
2012-11-14,34.90999984741211,34.90999984741211,35.02000045776367,34.900001525878906,35.02000045776367,76948
2012-11-15,34.40999984741211,34.40999984741211,34.6150016784668,34.40999984741211,34.6150016784668,12981
2012-11-16,34.125,34.125,34.290000915527344,34.125,34.290000915527344,2156
2012-11-19,34.69499969482422,34.69499969482422,34.69499969482422,34.369998931884766,34.38999938964844,15697
2012-11-20,34.93000030517578,34.93000030517578,34.939998626708984,34.65999984741211,34.665000915527344,21118
2012-11-21,35.040000915527344,35.040000915527344,35.040000915527344,34.869998931884766,34.880001068115234,27923
2012-11-22,35.209999084472656,35.209999084472656,35.209999084472656,35.1349983215332,35.189998626708984,3972
2012-11-23,35.40999984741211,35.40999984741211,35.40999984741211,35.165000915527344,35.16999816894531,39270
2012-11-26,35.25,35.25,35.39500045776367,35.22999954223633,35.279998779296875,182382
2012-11-27,35.369998931884766,35.369998931884766,35.470001220703125,35.369998931884766,35.470001220703125,400
2012-11-28,35.28499984741211,35.28499984741211,35.32500076293945,35.165000915527344,35.165000915527344,43530
2012-11-29,35.70000076293945,35.70000076293945,35.70000076293945,35.4900016784668,35.494998931884766,14117
2012-11-30,35.880001068115234,35.880001068115234,35.93000030517578,35.86000061035156,35.86000061035156,25250
2012-12-03,35.775001525878906,35.775001525878906,36.0,35.76499938964844,35.904998779296875,5173
2012-12-04,35.79999923706055,35.79999923706055,35.904998779296875,35.79999923706055,35.88999938964844,3529
2012-12-05,35.84000015258789,35.84000015258789,35.98500061035156,35.0,35.0,22104
2012-12-06,36.154998779296875,36.154998779296875,36.154998779296875,36.06999969482422,36.08000183105469,5131
2012-12-07,36.2400016784668,36.2400016784668,36.25,36.2400016784668,36.25,10346
2012-12-10,36.209999084472656,36.209999084472656,36.209999084472656,36.005001068115234,36.005001068115234,5980
2012-12-11,36.349998474121094,36.349998474121094,36.349998474121094,36.349998474121094,36.349998474121094,254
2012-12-12,36.435001373291016,36.435001373291016,36.435001373291016,36.435001373291016,36.435001373291016,275
2012-12-13,36.23500061035156,36.23500061035156,36.23500061035156,36.23500061035156,36.23500061035156,280
2012-12-14,36.314998626708984,36.314998626708984,36.314998626708984,36.314998626708984,36.314998626708984,12435
2012-12-17,36.130001068115234,36.130001068115234,36.130001068115234,36.099998474121094,36.119998931884766,1328
2012-12-18,36.310001373291016,36.310001373291016,36.31999969482422,36.279998779296875,36.31999969482422,1534
2012-12-19,36.560001373291016,36.560001373291016,36.56999969482422,36.560001373291016,36.56999969482422,2624
2012-12-20,36.525001525878906,36.525001525878906,36.560001373291016,36.525001525878906,36.54999923706055,36007
2012-12-21,36.38999938964844,36.38999938964844,36.525001525878906,36.38999938964844,36.404998779296875,993
2012-12-27,36.43000030517578,36.43000030517578,36.494998931884766,36.43000030517578,36.494998931884766,36
2012-12-28,36.310001373291016,36.310001373291016,36.310001373291016,36.310001373291016,36.310001373291016,5000
2013-01-02,37.01499938964844,37.01499938964844,37.064998626708984,36.689998626708984,36.689998626708984,1114
2013-01-03,37.09000015258789,37.09000015258789,37.09000015258789,37.060001373291016,37.060001373291016,1080
2013-01-04,37.25,37.25,37.25,37.09000015258789,37.09000015258789,1538
2013-01-07,37.15999984741211,37.15999984741211,37.290000915527344,37.15999984741211,37.290000915527344,328
2013-01-08,37.1349983215332,37.1349983215332,37.2400016784668,37.1349983215332,37.20000076293945,19561
2013-01-09,37.380001068115234,37.380001068115234,37.380001068115234,37.185001373291016,37.21500015258789,16307
2013-01-10,37.20500183105469,37.20500183105469,37.40999984741211,37.20500183105469,37.290000915527344,13739
2013-01-11,37.16999816894531,37.16999816894531,37.290000915527344,37.16999816894531,37.290000915527344,20085
2013-01-14,37.04999923706055,37.04999923706055,37.279998779296875,37.04999923706055,37.279998779296875,2810
2013-01-15,37.099998474121094,37.099998474121094,37.099998474121094,37.099998474121094,37.099998474121094,115
2013-01-16,37.04999923706055,37.04999923706055,37.04999923706055,37.0,37.0099983215332,65085
2013-01-17,37.29499816894531,37.29499816894531,37.29499816894531,37.06999969482422,37.06999969482422,543
2013-01-18,37.29999923706055,37.29999923706055,37.29999923706055,37.26499938964844,37.279998779296875,10631
2013-01-21,37.31999969482422,37.31999969482422,37.33000183105469,37.31999969482422,37.33000183105469,1131
2013-01-22,37.27000045776367,37.27000045776367,37.27000045776367,37.189998626708984,37.189998626708984,1412
2013-01-23,37.290000915527344,37.290000915527344,37.30500030517578,37.28499984741211,37.28499984741211,15705
2013-01-24,37.375,37.375,37.375,37.33000183105469,37.34000015258789,681
2013-01-25,37.5099983215332,37.5099983215332,37.56999969482422,37.5099983215332,37.55500030517578,6823
2013-01-28,37.595001220703125,37.595001220703125,37.63999938964844,37.529998779296875,37.560001373291016,8431
2013-01-29,37.599998474121094,37.599998474121094,37.599998474121094,37.52000045776367,37.52000045776367,3425
2013-01-30,37.45000076293945,37.45000076293945,37.630001068115234,37.45000076293945,37.619998931884766,38544
2013-01-31,37.36000061035156,37.36000061035156,37.400001525878906,37.290000915527344,37.400001525878906,22302
2013-02-01,37.380001068115234,37.380001068115234,37.415000915527344,37.31999969482422,37.40999984741211,4764
2013-02-04,37.09000015258789,37.09000015258789,37.43000030517578,37.09000015258789,37.43000030517578,8474
2013-02-05,37.1150016784668,37.1150016784668,37.1150016784668,36.970001220703125,36.9900016784668,2143
2013-02-06,36.79999923706055,36.79999923706055,37.18000030517578,36.77000045776367,37.18000030517578,22145
2013-02-07,37.029998779296875,37.029998779296875,37.029998779296875,36.959999084472656,36.959999084472656,237
2013-02-11,37.02000045776367,37.02000045776367,37.150001525878906,37.02000045776367,37.150001525878906,202
2013-02-13,37.314998626708984,37.314998626708984,37.314998626708984,37.189998626708984,37.20000076293945,4143
2013-02-14,37.275001525878906,37.275001525878906,37.275001525878906,37.18000030517578,37.18000030517578,1691
2013-02-15,37.310001373291016,37.310001373291016,37.310001373291016,37.310001373291016,37.310001373291016,5920
2013-02-18,37.1349983215332,37.1349983215332,37.1349983215332,37.099998474121094,37.099998474121094,987
2013-02-19,37.57500076293945,37.57500076293945,37.57500076293945,37.43000030517578,37.43000030517578,3492
2013-02-20,37.529998779296875,37.529998779296875,37.529998779296875,37.52000045776367,37.52000045776367,21409
2013-02-21,37.02000045776367,37.02000045776367,37.02000045776367,36.98500061035156,36.98500061035156,7650
2013-02-22,37.310001373291016,37.310001373291016,37.310001373291016,37.310001373291016,37.310001373291016,6
2013-02-25,37.43000030517578,37.43000030517578,37.43000030517578,37.43000030517578,37.43000030517578,1400
2013-02-26,36.880001068115234,36.880001068115234,37.16999816894531,36.73500061035156,36.73500061035156,17492
2013-02-27,37.0,37.0,37.0,37.0,37.0,6
2013-02-28,37.560001373291016,37.560001373291016,37.560001373291016,37.459999084472656,37.459999084472656,57060
2013-03-01,37.540000915527344,37.540000915527344,37.540000915527344,37.23500061035156,37.349998474121094,5695
2013-03-04,37.540000915527344,37.540000915527344,37.540000915527344,37.38999938964844,37.38999938964844,937
2013-03-05,38.10499954223633,38.10499954223633,38.10499954223633,37.845001220703125,37.845001220703125,2015
2013-03-06,38.21500015258789,38.21500015258789,38.275001525878906,38.185001373291016,38.220001220703125,41879
2013-03-07,38.1150016784668,38.1150016784668,38.220001220703125,38.09000015258789,38.09000015258789,15146
2013-03-08,38.209999084472656,38.209999084472656,38.244998931884766,38.209999084472656,38.244998931884766,19912
2013-03-11,38.29999923706055,38.29999923706055,38.29999923706055,38.29999923706055,38.29999923706055,200
2013-03-12,38.41999816894531,38.41999816894531,38.41999816894531,38.36000061035156,38.41999816894531,6656
2013-03-13,38.349998474121094,38.349998474121094,38.349998474121094,38.2400016784668,38.29999923706055,3745
2013-03-15,38.65999984741211,38.65999984741211,38.80500030517578,38.65999984741211,38.80500030517578,14335
2013-03-18,38.439998626708984,38.439998626708984,38.439998626708984,38.32500076293945,38.32500076293945,895
2013-03-19,38.54999923706055,38.54999923706055,38.54999923706055,38.470001220703125,38.48500061035156,785
2013-03-20,38.47999954223633,38.47999954223633,38.47999954223633,38.47999954223633,38.47999954223633,256
2013-03-21,38.32500076293945,38.32500076293945,38.349998474121094,38.2400016784668,38.349998474121094,230
2013-03-22,38.369998931884766,38.369998931884766,38.369998931884766,38.220001220703125,38.2400016784668,80
2013-03-25,38.290000915527344,38.290000915527344,38.540000915527344,38.290000915527344,38.529998779296875,145
2013-03-26,38.20500183105469,38.20500183105469,38.209999084472656,38.20500183105469,38.209999084472656,782
2013-03-27,38.13999938964844,38.13999938964844,38.13999938964844,38.13999938964844,38.13999938964844,389
2013-03-28,38.2599983215332,38.2599983215332,38.2599983215332,38.25,38.25,10
2013-04-02,38.540000915527344,38.540000915527344,38.54499816894531,38.5099983215332,38.5099983215332,1634
2013-04-03,38.63999938964844,38.63999938964844,38.63999938964844,38.63999938964844,38.63999938964844,853
2013-04-04,38.34000015258789,38.34000015258789,38.34000015258789,38.34000015258789,38.34000015258789,930
2013-04-05,37.404998779296875,37.404998779296875,38.005001068115234,37.400001525878906,38.005001068115234,5765
2013-04-08,37.4900016784668,37.4900016784668,37.60499954223633,37.4900016784668,37.60499954223633,1526
2013-04-09,37.52000045776367,37.52000045776367,37.70000076293945,37.46500015258789,37.689998626708984,36986
2013-04-11,38.505001068115234,38.505001068115234,38.505001068115234,38.2400016784668,38.2400016784668,7763
2013-04-12,38.2599983215332,38.2599983215332,38.34000015258789,38.2599983215332,38.34000015258789,14000
2013-04-15,37.82500076293945,37.82500076293945,37.834999084472656,37.82500076293945,37.834999084472656,402
2013-04-16,37.64500045776367,37.64500045776367,37.82500076293945,37.59000015258789,37.82500076293945,23897
2013-04-17,37.17499923706055,37.17499923706055,37.2400016784668,37.17499923706055,37.2400016784668,51602
2013-04-18,37.09000015258789,37.09000015258789,37.185001373291016,37.09000015258789,37.09000015258789,209
2013-04-19,37.22999954223633,37.22999954223633,37.22999954223633,37.22999954223633,37.22999954223633,2000
2013-04-22,37.375,37.375,37.375,37.375,37.375,15000
2013-04-23,37.790000915527344,37.790000915527344,37.790000915527344,37.470001220703125,37.470001220703125,8291
2013-04-26,38.65999984741211,38.65999984741211,38.65999984741211,38.65999984741211,38.65999984741211,651
2013-04-29,38.92499923706055,38.92499923706055,38.92499923706055,38.814998626708984,38.814998626708984,13130
2013-04-30,39.119998931884766,39.119998931884766,39.119998931884766,39.119998931884766,39.119998931884766,1890
2013-05-02,39.095001220703125,39.095001220703125,39.095001220703125,38.80500030517578,38.80500030517578,18204
2013-05-03,39.0,39.0,39.04999923706055,39.0,39.04999923706055,369
2013-05-06,39.45000076293945,39.45000076293945,39.48500061035156,39.45000076293945,39.48500061035156,580
2013-05-07,39.599998474121094,39.599998474121094,39.599998474121094,39.599998474121094,39.599998474121094,199
2013-05-08,39.814998626708984,39.814998626708984,39.814998626708984,39.709999084472656,39.709999084472656,4356
2013-05-09,39.88999938964844,39.88999938964844,39.88999938964844,39.790000915527344,39.790000915527344,4165
2013-05-10,40.05500030517578,40.05500030517578,40.119998931884766,40.0,40.099998474121094,6477
2013-05-13,39.915000915527344,39.915000915527344,40.005001068115234,39.915000915527344,39.935001373291016,79260
2013-05-14,40.13999938964844,40.13999938964844,40.13999938964844,40.13999938964844,40.13999938964844,500
2013-05-15,40.36000061035156,40.36000061035156,40.36000061035156,40.23500061035156,40.2599983215332,9304
2013-05-16,40.415000915527344,40.415000915527344,40.415000915527344,40.415000915527344,40.415000915527344,1045
2013-05-17,40.540000915527344,40.540000915527344,40.540000915527344,40.439998626708984,40.439998626708984,16046
2013-05-20,40.6349983215332,40.6349983215332,40.724998474121094,40.540000915527344,40.540000915527344,462
2013-05-21,40.58000183105469,40.58000183105469,40.709999084472656,40.58000183105469,40.665000915527344,76810
2013-05-22,40.81999969482422,40.81999969482422,40.81999969482422,40.560001373291016,40.650001525878906,2125
2013-05-23,39.994998931884766,39.994998931884766,40.119998931884766,39.959999084472656,40.099998474121094,5067
2013-05-24,39.869998931884766,39.869998931884766,39.90999984741211,39.79999923706055,39.90999984741211,7657
2013-05-27,40.125,40.125,40.130001068115234,40.04999923706055,40.130001068115234,2954
2013-05-28,40.55500030517578,40.55500030517578,40.595001220703125,40.55500030517578,40.595001220703125,278
2013-05-29,39.85499954223633,39.85499954223633,40.334999084472656,39.85499954223633,40.334999084472656,1838
2013-05-30,39.970001220703125,39.970001220703125,39.970001220703125,39.775001525878906,39.779998779296875,4687
2013-05-31,39.599998474121094,39.599998474121094,39.880001068115234,39.59000015258789,39.880001068115234,2115
2013-06-03,39.46500015258789,39.46500015258789,39.63999938964844,39.255001068115234,39.255001068115234,3033
2013-06-04,39.59000015258789,39.59000015258789,39.59000015258789,39.59000015258789,39.59000015258789,704
2013-06-05,39.1349983215332,39.1349983215332,39.375,39.08000183105469,39.310001373291016,67995
2013-06-06,38.95000076293945,38.95000076293945,38.98500061035156,38.915000915527344,38.98500061035156,1424
2013-06-07,38.45000076293945,38.45000076293945,38.470001220703125,38.45000076293945,38.45500183105469,16632
2013-06-10,38.95500183105469,38.95500183105469,38.95500183105469,38.89500045776367,38.89500045776367,239
2013-06-11,38.310001373291016,38.310001373291016,38.310001373291016,38.22999954223633,38.22999954223633,90
2013-06-12,38.43000030517578,38.43000030517578,38.744998931884766,38.43000030517578,38.560001373291016,72554
2013-06-13,37.849998474121094,37.849998474121094,37.849998474121094,37.849998474121094,37.849998474121094,5
2013-06-14,38.349998474121094,38.349998474121094,38.459999084472656,38.349998474121094,38.459999084472656,38
2013-06-17,38.790000915527344,38.790000915527344,38.790000915527344,38.650001525878906,38.650001525878906,106
2013-06-18,38.68000030517578,38.68000030517578,38.68000030517578,38.494998931884766,38.494998931884766,1931
2013-06-20,37.900001525878906,37.900001525878906,37.900001525878906,37.79499816894531,37.79499816894531,7512
2013-06-21,37.20000076293945,37.20000076293945,37.630001068115234,37.15999984741211,37.52000045776367,146186
2013-06-24,36.400001525878906,36.400001525878906,37.0,36.38999938964844,36.97999954223633,21457
2013-06-25,36.849998474121094,36.849998474121094,36.849998474121094,36.849998474121094,36.849998474121094,613
2013-06-26,36.970001220703125,36.970001220703125,36.970001220703125,36.91999816894531,36.91999816894531,3000
2013-06-27,37.849998474121094,37.849998474121094,37.849998474121094,37.7599983215332,37.7599983215332,10126
2013-06-28,37.68000030517578,37.68000030517578,37.7400016784668,37.61000061035156,37.7400016784668,16605
2013-07-01,37.790000915527344,37.790000915527344,37.86000061035156,37.56999969482422,37.86000061035156,8047
2013-07-02,37.900001525878906,37.900001525878906,37.900001525878906,37.81999969482422,37.85499954223633,72660
2013-07-05,38.525001525878906,38.525001525878906,38.650001525878906,38.525001525878906,38.650001525878906,7700
2013-07-08,38.525001525878906,38.525001525878906,38.525001525878906,38.41999816894531,38.41999816894531,8708
2013-07-09,38.66999816894531,38.66999816894531,38.904998779296875,38.66999816894531,38.810001373291016,12031
2013-07-10,38.83000183105469,38.83000183105469,38.86000061035156,38.755001068115234,38.755001068115234,17148
2013-07-11,39.154998779296875,39.154998779296875,39.15999984741211,39.154998779296875,39.15999984741211,1076
2013-07-12,39.119998931884766,39.119998931884766,39.279998779296875,39.119998931884766,39.22999954223633,209
2013-07-15,39.275001525878906,39.275001525878906,39.42499923706055,39.275001525878906,39.42499923706055,78
2013-07-16,39.13999938964844,39.13999938964844,39.13999938964844,39.025001525878906,39.08000183105469,16212
2013-07-17,39.185001373291016,39.185001373291016,39.26499938964844,38.915000915527344,39.0099983215332,70320
2013-07-18,39.560001373291016,39.560001373291016,39.560001373291016,39.310001373291016,39.310001373291016,9390
2013-07-19,39.595001220703125,39.595001220703125,39.595001220703125,39.36000061035156,39.400001525878906,13403
2013-07-22,39.595001220703125,39.595001220703125,39.65999984741211,39.52000045776367,39.54499816894531,16356
2013-07-23,39.654998779296875,39.654998779296875,39.755001068115234,39.64500045776367,39.72999954223633,150232
2013-07-24,39.709999084472656,39.709999084472656,39.720001220703125,39.58000183105469,39.720001220703125,5704
2013-07-25,39.529998779296875,39.529998779296875,39.529998779296875,39.529998779296875,39.529998779296875,250
2013-07-26,39.400001525878906,39.400001525878906,39.619998931884766,39.400001525878906,39.619998931884766,2054
2013-07-29,39.4900016784668,39.4900016784668,39.56999969482422,39.4900016784668,39.56999969482422,3684
2013-07-30,39.494998931884766,39.494998931884766,39.529998779296875,39.400001525878906,39.400001525878906,3546
2013-07-31,39.5099983215332,39.5099983215332,39.5099983215332,39.40999984741211,39.40999984741211,39076
2013-08-01,39.935001373291016,39.935001373291016,39.935001373291016,39.935001373291016,39.935001373291016,92
2013-08-02,40.060001373291016,40.060001373291016,40.060001373291016,39.95500183105469,39.95500183105469,1364
2013-08-05,40.09000015258789,40.09000015258789,40.275001525878906,40.08000183105469,40.275001525878906,28676
2013-08-06,39.80500030517578,39.80500030517578,40.209999084472656,39.80500030517578,40.14500045776367,10405
2013-08-07,39.90999984741211,39.90999984741211,39.90999984741211,39.880001068115234,39.88999938964844,440
2013-08-08,40.09000015258789,40.09000015258789,40.09000015258789,39.90999984741211,39.90999984741211,614
2013-08-09,40.13999938964844,40.13999938964844,40.13999938964844,40.13999938964844,40.13999938964844,15000
2013-08-12,40.33000183105469,40.33000183105469,40.400001525878906,40.125,40.400001525878906,2488
2013-08-13,40.5,40.5,40.5099983215332,40.48500061035156,40.494998931884766,1481
2013-08-14,40.67499923706055,40.67499923706055,40.67499923706055,40.54499816894531,40.54499816894531,1465
2013-08-16,40.40999984741211,40.40999984741211,40.40999984741211,40.20500183105469,40.2599983215332,46461
2013-08-19,40.17499923706055,40.17499923706055,40.34000015258789,40.17499923706055,40.34000015258789,3569
2013-08-20,39.779998779296875,39.779998779296875,39.79999923706055,39.77000045776367,39.77000045776367,15439
2013-08-21,39.75,39.75,39.75,39.71500015258789,39.71500015258789,276
2013-08-22,40.16999816894531,40.16999816894531,40.16999816894531,39.90999984741211,39.90999984741211,1212
2013-08-23,40.224998474121094,40.224998474121094,40.224998474121094,40.0,40.0,17965
2013-08-26,40.119998931884766,40.119998931884766,40.849998474121094,40.119998931884766,40.849998474121094,316
2013-08-27,39.45500183105469,39.45500183105469,39.69499969482422,39.45500183105469,39.69499969482422,99627
2013-08-28,39.369998931884766,39.369998931884766,39.400001525878906,39.154998779296875,39.400001525878906,4534
2013-08-29,39.650001525878906,39.650001525878906,39.650001525878906,39.4900016784668,39.61000061035156,11359
2013-08-30,39.39500045776367,39.39500045776367,39.46500015258789,39.39500045776367,39.45500183105469,14002
2013-09-02,39.98500061035156,39.98500061035156,40.03499984741211,39.82500076293945,39.82500076293945,6208
2013-09-03,39.98500061035156,39.98500061035156,40.095001220703125,39.814998626708984,40.095001220703125,354
2013-09-04,39.86000061035156,39.86000061035156,39.86000061035156,39.6349983215332,39.66999816894531,16142
2013-09-05,40.13999938964844,40.13999938964844,40.154998779296875,39.900001525878906,39.900001525878906,1566
2013-09-06,39.994998931884766,39.994998931884766,40.244998931884766,39.994998931884766,40.244998931884766,1187
2013-09-09,40.2599983215332,40.2599983215332,40.34000015258789,40.2599983215332,40.34000015258789,2295
2013-09-11,40.91999816894531,40.91999816894531,41.73500061035156,40.904998779296875,41.73500061035156,915
2013-09-12,40.970001220703125,40.970001220703125,41.02000045776367,40.93000030517578,41.02000045776367,30937
2013-09-13,40.904998779296875,40.904998779296875,40.904998779296875,40.904998779296875,40.904998779296875,636
2013-09-16,41.310001373291016,41.310001373291016,41.4900016784668,41.310001373291016,41.380001068115234,54447
2013-09-17,41.20000076293945,41.20000076293945,41.25,41.13999938964844,41.25,2212
2013-09-18,41.279998779296875,41.279998779296875,41.28499984741211,41.279998779296875,41.28499984741211,508
2013-09-19,41.72999954223633,41.72999954223633,41.8650016784668,41.720001220703125,41.83000183105469,30864
2013-09-20,41.52000045776367,41.52000045776367,41.64500045776367,41.5099983215332,41.595001220703125,15614
2013-09-23,41.349998474121094,41.349998474121094,41.505001068115234,41.349998474121094,41.505001068115234,953
2013-09-24,41.334999084472656,41.334999084472656,41.334999084472656,41.334999084472656,41.334999084472656,100
2013-09-25,41.3650016784668,41.3650016784668,42.130001068115234,41.290000915527344,42.130001068115234,16624
2013-09-26,41.29999923706055,41.29999923706055,41.29999923706055,41.29999923706055,41.29999923706055,100
2013-09-30,40.88999938964844,40.88999938964844,41.095001220703125,40.7599983215332,40.7599983215332,24054
2013-10-01,41.025001525878906,41.025001525878906,41.08000183105469,41.025001525878906,41.08000183105469,2636
2013-10-02,40.900001525878906,40.900001525878906,41.08000183105469,40.900001525878906,40.95500183105469,67350
2013-10-04,40.970001220703125,40.970001220703125,40.970001220703125,40.75,40.75,30026
2013-10-07,40.720001220703125,40.720001220703125,40.720001220703125,40.505001068115234,40.505001068115234,5496
2013-10-08,40.790000915527344,40.790000915527344,40.790000915527344,40.77000045776367,40.77000045776367,3588
2013-10-09,40.30500030517578,40.30500030517578,40.470001220703125,40.30500030517578,40.345001220703125,10743
2013-10-10,40.70000076293945,40.70000076293945,40.70000076293945,40.66999816894531,40.66999816894531,74
2013-10-11,41.099998474121094,41.099998474121094,41.099998474121094,41.064998626708984,41.08000183105469,10198
2013-10-14,41.130001068115234,41.130001068115234,41.130001068115234,40.97999954223633,40.97999954223633,153
2013-10-15,41.5099983215332,41.5099983215332,41.564998626708984,41.43000030517578,41.45000076293945,1424
2013-10-16,41.650001525878906,41.650001525878906,41.650001525878906,41.3849983215332,41.3849983215332,200
2013-10-17,41.61000061035156,41.61000061035156,41.61000061035156,41.54499816894531,41.54499816894531,750
2013-10-18,41.939998626708984,41.939998626708984,41.95000076293945,41.80500030517578,41.80500030517578,27548
2013-10-21,42.150001525878906,42.150001525878906,42.17499923706055,42.07500076293945,42.07500076293945,30093
2013-10-22,42.38999938964844,42.38999938964844,42.38999938964844,42.1349983215332,42.16999816894531,73499
2013-10-23,42.09000015258789,42.09000015258789,42.189998626708984,42.08000183105469,42.189998626708984,3231
2013-10-24,42.275001525878906,42.275001525878906,42.279998779296875,42.18000030517578,42.279998779296875,18101
2013-10-25,42.279998779296875,42.279998779296875,42.380001068115234,42.16999816894531,42.16999816894531,1574
2013-10-28,42.189998626708984,42.189998626708984,42.279998779296875,42.189998626708984,42.279998779296875,40
2013-10-29,42.349998474121094,42.349998474121094,42.380001068115234,42.2599983215332,42.2599983215332,21943
2013-10-30,42.3849983215332,42.3849983215332,42.6150016784668,42.3849983215332,42.48500061035156,21463
2013-10-31,42.310001373291016,42.310001373291016,42.35499954223633,42.310001373291016,42.349998474121094,1138
2013-11-01,42.40999984741211,42.40999984741211,42.474998474121094,42.40999984741211,42.474998474121094,172
2013-11-04,42.55500030517578,42.55500030517578,42.625,42.55500030517578,42.584999084472656,993
2013-11-05,42.52000045776367,42.52000045776367,42.68000030517578,42.4900016784668,42.654998779296875,51596
2013-11-06,42.78499984741211,42.78499984741211,42.790000915527344,42.78499984741211,42.790000915527344,177
2013-11-07,42.61000061035156,42.61000061035156,42.70500183105469,42.61000061035156,42.68000030517578,513
2013-11-08,42.619998931884766,42.619998931884766,42.619998931884766,42.33000183105469,42.494998931884766,2825
2013-11-11,42.755001068115234,42.755001068115234,42.755001068115234,42.70000076293945,42.70000076293945,201
2013-11-12,42.54499816894531,42.54499816894531,42.54499816894531,42.525001525878906,42.529998779296875,2306
2013-11-13,42.33000183105469,42.33000183105469,42.435001373291016,42.29999923706055,42.435001373291016,43116
2013-11-14,42.619998931884766,42.619998931884766,42.619998931884766,42.619998931884766,42.619998931884766,300
2013-11-15,42.775001525878906,42.775001525878906,42.80500030517578,42.73500061035156,42.73500061035156,2349
2013-11-18,42.959999084472656,42.959999084472656,42.959999084472656,42.71500015258789,42.900001525878906,524
2013-11-19,42.77000045776367,42.77000045776367,42.790000915527344,42.70000076293945,42.73500061035156,652
2013-11-20,42.744998931884766,42.744998931884766,42.744998931884766,42.619998931884766,42.619998931884766,9287
2013-11-21,42.56999969482422,42.56999969482422,42.595001220703125,42.56999969482422,42.595001220703125,15272
2013-11-22,42.70000076293945,42.70000076293945,42.875,42.70000076293945,42.875,1050
2013-11-25,42.8849983215332,42.8849983215332,42.970001220703125,42.8849983215332,42.90999984741211,1277
2013-11-26,42.779998779296875,42.779998779296875,42.875,42.77000045776367,42.875,2406
2013-11-27,42.869998931884766,42.869998931884766,42.869998931884766,42.77000045776367,42.77000045776367,25284
2013-11-29,43.07500076293945,43.07500076293945,43.09000015258789,43.0099983215332,43.0099983215332,7127
2013-12-02,42.8849983215332,42.8849983215332,43.06999969482422,42.85499954223633,43.06999969482422,22916
2013-12-03,42.38999938964844,42.38999938964844,42.79999923706055,42.38999938964844,42.79999923706055,66507
2013-12-04,42.064998626708984,42.064998626708984,42.28499984741211,41.82500076293945,42.28499984741211,10201
2013-12-05,41.630001068115234,41.630001068115234,42.01499938964844,41.630001068115234,41.82500076293945,16324
2013-12-06,41.845001220703125,41.845001220703125,41.845001220703125,41.71500015258789,41.779998779296875,43569
2013-12-09,42.0099983215332,42.0099983215332,42.0099983215332,41.86000061035156,41.88999938964844,7389
2013-12-10,41.75,41.75,42.17499923706055,41.75,42.06999969482422,126780
2013-12-11,41.685001373291016,41.685001373291016,41.685001373291016,41.685001373291016,41.685001373291016,288
2013-12-12,41.26499938964844,41.26499938964844,41.334999084472656,41.26499938964844,41.290000915527344,12501
2013-12-13,41.099998474121094,41.099998474121094,41.189998626708984,41.09000015258789,41.09000015258789,6709
2013-12-16,41.54999923706055,41.54999923706055,41.599998474121094,41.130001068115234,41.130001068115234,280724
2013-12-17,41.45000076293945,41.45000076293945,41.45500183105469,41.3849983215332,41.404998779296875,59539
2013-12-18,41.65999984741211,41.65999984741211,41.67499923706055,41.65999984741211,41.67499923706055,800
2013-12-19,42.29999923706055,42.29999923706055,42.29999923706055,42.17499923706055,42.17499923706055,19146
2013-12-20,42.54999923706055,42.54999923706055,42.564998626708984,42.470001220703125,42.470001220703125,28720
2013-12-23,42.689998626708984,42.689998626708984,42.709999084472656,42.59000015258789,42.709999084472656,4795
2013-12-27,43.43000030517578,43.43000030517578,43.43000030517578,43.25,43.279998779296875,12442
2013-12-30,43.345001220703125,43.345001220703125,43.5,43.34000015258789,43.5,29391
2014-01-02,43.31999969482422,43.31999969482422,43.380001068115234,43.31999969482422,43.380001068115234,273
2014-01-03,43.189998626708984,43.189998626708984,43.220001220703125,43.05500030517578,43.05500030517578,2787
2014-01-06,43.28499984741211,43.28499984741211,43.28499984741211,43.28499984741211,43.28499984741211,5
2014-01-07,43.599998474121094,43.599998474121094,43.599998474121094,43.209999084472656,43.32500076293945,26519
2014-01-08,43.47999954223633,43.47999954223633,43.59000015258789,43.47999954223633,43.525001525878906,10177
2014-01-09,43.369998931884766,43.369998931884766,43.73500061035156,43.369998931884766,43.61000061035156,28443
2014-01-10,43.70000076293945,43.70000076293945,43.70000076293945,43.630001068115234,43.630001068115234,129691
2014-01-13,43.790000915527344,43.790000915527344,43.810001373291016,43.709999084472656,43.709999084472656,1530
2014-01-14,43.904998779296875,43.904998779296875,43.904998779296875,43.400001525878906,43.400001525878906,10030
2014-01-15,44.35499954223633,44.35499954223633,44.35499954223633,44.01499938964844,44.01499938964844,4581
2014-01-16,44.31999969482422,44.31999969482422,44.35499954223633,44.20500183105469,44.35499954223633,22648
2014-01-17,44.529998779296875,44.529998779296875,44.529998779296875,44.314998626708984,44.31999969482422,152988
2014-01-20,44.470001220703125,44.470001220703125,44.470001220703125,44.43000030517578,44.43000030517578,337
2014-01-21,44.5,44.5,44.654998779296875,44.5,44.57500076293945,27309
2014-01-22,44.584999084472656,44.584999084472656,44.66999816894531,44.494998931884766,44.665000915527344,11892
2014-01-23,44.08000183105469,44.08000183105469,44.525001525878906,44.08000183105469,44.525001525878906,52178
2014-01-24,43.849998474121094,43.849998474121094,44.18000030517578,43.849998474121094,44.18000030517578,40562
2014-01-27,42.790000915527344,42.790000915527344,43.01499938964844,42.709999084472656,43.01499938964844,20041
2014-01-28,42.98500061035156,42.98500061035156,43.04499816894531,42.875,42.8849983215332,25764
2014-01-29,42.654998779296875,42.654998779296875,43.345001220703125,42.51499938964844,43.33000183105469,12399
2014-01-30,42.77000045776367,42.77000045776367,42.77000045776367,42.505001068115234,42.505001068115234,11402
2014-01-31,42.67499923706055,42.67499923706055,42.70500183105469,42.26499938964844,42.70500183105469,10829
2014-02-03,42.28499984741211,42.28499984741211,42.525001525878906,42.28499984741211,42.47999954223633,24410
2014-02-04,42.064998626708984,42.064998626708984,42.064998626708984,41.790000915527344,41.935001373291016,65687
2014-02-05,42.154998779296875,42.154998779296875,42.189998626708984,41.9900016784668,41.9900016784668,25697
2014-02-06,42.69499969482422,42.69499969482422,42.69499969482422,42.310001373291016,42.33000183105469,43029
2014-02-07,43.040000915527344,43.040000915527344,43.040000915527344,42.66999816894531,42.810001373291016,143847
2014-02-10,43.029998779296875,43.029998779296875,43.029998779296875,43.029998779296875,43.029998779296875,1867
2014-02-11,43.57500076293945,43.57500076293945,43.57500076293945,43.220001220703125,43.220001220703125,60255
2014-02-12,43.994998931884766,43.994998931884766,44.05500030517578,43.775001525878906,43.814998626708984,32918
2014-02-13,43.82500076293945,43.82500076293945,43.939998626708984,43.6150016784668,43.89500045776367,33971
2014-02-14,44.03499984741211,44.03499984741211,44.165000915527344,43.869998931884766,43.92499923706055,20821
2014-02-17,44.185001373291016,44.185001373291016,44.22999954223633,44.185001373291016,44.22999954223633,25
2014-02-18,44.220001220703125,44.220001220703125,44.345001220703125,44.119998931884766,44.32500076293945,17372
2014-02-19,44.2599983215332,44.2599983215332,44.3650016784668,44.20500183105469,44.34000015258789,21402
2014-02-20,44.21500015258789,44.21500015258789,44.21500015258789,43.95500183105469,43.95500183105469,24750
2014-02-21,44.494998931884766,44.494998931884766,44.494998931884766,44.45000076293945,44.474998474121094,14116
2014-02-24,44.71500015258789,44.71500015258789,44.71500015258789,44.35499954223633,44.35499954223633,11131
2014-02-25,44.599998474121094,44.599998474121094,44.654998779296875,44.599998474121094,44.654998779296875,906
2014-02-26,44.599998474121094,44.599998474121094,44.85499954223633,44.599998474121094,44.85499954223633,19354
2014-02-27,44.64500045776367,44.64500045776367,44.77000045776367,44.64500045776367,44.77000045776367,35575
2014-03-03,43.76499938964844,43.76499938964844,44.099998474121094,43.689998626708984,44.099998474121094,1381
2014-03-04,44.595001220703125,44.595001220703125,44.595001220703125,44.21500015258789,44.21500015258789,8208
2014-03-05,44.65999984741211,44.65999984741211,44.65999984741211,44.4900016784668,44.52000045776367,4452
2014-03-06,44.619998931884766,44.619998931884766,44.82500076293945,44.619998931884766,44.82500076293945,28885
2014-03-07,44.18000030517578,44.18000030517578,44.560001373291016,44.18000030517578,44.560001373291016,6749
2014-03-10,43.86000061035156,43.86000061035156,44.21500015258789,43.72999954223633,43.94499969482422,5217
2014-03-11,43.98500061035156,43.98500061035156,44.11000061035156,43.8849983215332,43.91999816894531,3281
2014-03-12,43.459999084472656,43.459999084472656,43.540000915527344,43.459999084472656,43.540000915527344,270
2014-03-13,43.3849983215332,43.3849983215332,43.38999938964844,43.3849983215332,43.38999938964844,729
2014-03-14,42.77000045776367,42.77000045776367,42.79999923706055,42.505001068115234,42.79999923706055,6015
2014-03-17,43.154998779296875,43.154998779296875,43.154998779296875,42.70000076293945,42.70000076293945,31153
2014-03-18,43.3650016784668,43.3650016784668,43.41999816894531,42.849998474121094,43.03499984741211,14066
2014-03-19,43.400001525878906,43.400001525878906,43.435001373291016,43.349998474121094,43.40999984741211,47310
2014-03-20,43.3650016784668,43.3650016784668,43.3650016784668,43.04999923706055,43.185001373291016,41152
2014-03-21,43.540000915527344,43.540000915527344,43.58000183105469,43.540000915527344,43.58000183105469,1526
2014-03-24,43.04499816894531,43.04499816894531,43.28499984741211,43.04499816894531,43.28499984741211,460
2014-03-25,43.54999923706055,43.54999923706055,43.60499954223633,43.150001525878906,43.150001525878906,14669
2014-03-26,43.85499954223633,43.85499954223633,44.01499938964844,43.85499954223633,44.01499938964844,2852
2014-03-27,43.915000915527344,43.915000915527344,43.94499969482422,43.689998626708984,43.689998626708984,39397
2014-03-31,44.42499923706055,44.42499923706055,44.4900016784668,44.42499923706055,44.4900016784668,9200
2014-04-01,44.65999984741211,44.65999984741211,44.65999984741211,44.54499816894531,44.54499816894531,142
2014-04-02,44.724998474121094,44.724998474121094,44.7400016784668,44.650001525878906,44.650001525878906,589
2014-04-03,44.79499816894531,44.79499816894531,44.79499816894531,44.720001220703125,44.77000045776367,12043
2014-04-04,45.09000015258789,45.09000015258789,45.09000015258789,44.849998474121094,44.85499954223633,14122
2014-04-07,44.63999938964844,44.63999938964844,44.779998779296875,44.63999938964844,44.71500015258789,2484
2014-04-08,44.41999816894531,44.41999816894531,44.53499984741211,44.209999084472656,44.53499984741211,89328
2014-04-09,44.70000076293945,44.70000076293945,44.70000076293945,44.39500045776367,44.45500183105469,6717
2014-04-10,44.345001220703125,44.345001220703125,44.775001525878906,44.345001220703125,44.71500015258789,10884
2014-04-11,43.79499816894531,43.79499816894531,43.79499816894531,43.505001068115234,43.68000030517578,2180
2014-04-15,43.60499954223633,43.60499954223633,43.73500061035156,43.60499954223633,43.73500061035156,62
2014-04-16,43.84000015258789,43.84000015258789,43.994998931884766,43.84000015258789,43.994998931884766,9178
2014-04-17,44.36000061035156,44.36000061035156,44.36000061035156,44.029998779296875,44.04999923706055,24860
2014-04-22,44.85499954223633,44.85499954223633,44.85499954223633,44.70000076293945,44.70000076293945,1019
2014-04-23,44.65999984741211,44.65999984741211,44.86000061035156,44.65999984741211,44.86000061035156,855
2014-04-24,44.83000183105469,44.83000183105469,45.0,44.79499816894531,44.91999816894531,5944
2014-04-25,44.435001373291016,44.435001373291016,44.724998474121094,44.435001373291016,44.724998474121094,3352
2014-04-28,44.584999084472656,44.584999084472656,44.665000915527344,44.584999084472656,44.665000915527344,10
2014-04-29,45.060001373291016,45.060001373291016,45.060001373291016,44.88999938964844,44.88999938964844,371
2014-04-30,45.10499954223633,45.10499954223633,45.20000076293945,45.10499954223633,45.17499923706055,22688
2014-05-02,45.125,45.125,45.314998626708984,45.125,45.314998626708984,3697
2014-05-06,44.97999954223633,44.97999954223633,44.97999954223633,44.880001068115234,44.880001068115234,417
2014-05-07,45.0,45.0,45.005001068115234,44.86000061035156,44.86000061035156,26038
2014-05-08,45.1349983215332,45.1349983215332,45.165000915527344,45.025001525878906,45.025001525878906,12984
2014-05-09,45.41999816894531,45.41999816894531,45.45500183105469,45.400001525878906,45.404998779296875,3452
2014-05-12,45.724998474121094,45.724998474121094,45.724998474121094,45.48500061035156,45.48500061035156,17612
2014-05-13,45.89500045776367,45.89500045776367,45.90999984741211,45.875,45.875,11436
2014-05-14,46.01499938964844,46.01499938964844,46.01499938964844,45.95500183105469,45.9900016784668,9486
2014-05-15,45.60499954223633,45.60499954223633,46.125,45.60499954223633,45.9900016784668,14983
2014-05-16,45.7400016784668,45.7400016784668,45.7400016784668,45.57500076293945,45.60499954223633,23012
2014-05-19,45.56999969482422,45.56999969482422,45.654998779296875,45.380001068115234,45.654998779296875,4654
2014-05-20,45.724998474121094,45.724998474121094,45.775001525878906,45.724998474121094,45.7400016784668,23333
2014-05-21,45.98500061035156,45.98500061035156,45.98500061035156,45.95000076293945,45.95000076293945,14001
2014-05-22,45.93000030517578,45.93000030517578,46.1150016784668,45.93000030517578,46.06999969482422,37377
2014-05-23,46.185001373291016,46.185001373291016,46.185001373291016,46.0,46.04999923706055,11639
2014-05-26,46.525001525878906,46.525001525878906,46.525001525878906,46.404998779296875,46.439998626708984,7393
2014-05-27,46.525001525878906,46.525001525878906,46.53499984741211,46.39500045776367,46.39500045776367,5997
2014-05-28,46.40999984741211,46.40999984741211,46.470001220703125,46.40999984741211,46.40999984741211,15174
2014-05-29,46.54499816894531,46.54499816894531,46.54999923706055,46.45000076293945,46.54999923706055,26817
2014-05-30,46.439998626708984,46.439998626708984,46.5,46.439998626708984,46.4900016784668,24227
2014-06-02,46.5,46.5,46.6150016784668,46.5,46.6150016784668,111
2014-06-03,46.5,46.5,46.5,46.5,46.5,1110
2014-06-04,46.275001525878906,46.275001525878906,46.349998474121094,46.2400016784668,46.310001373291016,9885
2014-06-05,46.7400016784668,46.7400016784668,46.7400016784668,46.32500076293945,46.32500076293945,35598
2014-06-06,46.849998474121094,46.849998474121094,46.849998474121094,46.70000076293945,46.70000076293945,172
2014-06-09,46.98500061035156,46.98500061035156,47.0099983215332,46.834999084472656,46.834999084472656,17282
2014-06-10,47.099998474121094,47.099998474121094,47.099998474121094,47.099998474121094,47.099998474121094,120
2014-06-11,47.0,47.0,47.13999938964844,47.0,47.13999938964844,20370
2014-06-12,46.900001525878906,46.900001525878906,47.029998779296875,46.900001525878906,47.029998779296875,16480
2014-06-13,46.88999938964844,46.88999938964844,46.88999938964844,46.88999938964844,46.88999938964844,5343
2014-06-16,46.755001068115234,46.755001068115234,46.8849983215332,46.755001068115234,46.810001373291016,27285
2014-06-17,46.81999969482422,46.81999969482422,46.81999969482422,46.7400016784668,46.810001373291016,4300
2014-06-18,46.78499984741211,46.78499984741211,46.95500183105469,46.78499984741211,46.95500183105469,727
2014-06-19,47.154998779296875,47.154998779296875,47.154998779296875,46.880001068115234,46.880001068115234,9369
2014-06-20,47.125,47.125,47.125,47.11000061035156,47.11000061035156,759
2014-06-23,46.775001525878906,46.775001525878906,46.775001525878906,46.775001525878906,46.775001525878906,100
2014-06-24,46.68000030517578,46.68000030517578,46.68000030517578,46.68000030517578,46.68000030517578,180
2014-06-25,46.529998779296875,46.529998779296875,46.540000915527344,46.45000076293945,46.525001525878906,7754
2014-06-26,46.3650016784668,46.3650016784668,46.459999084472656,46.3650016784668,46.459999084472656,22661
2014-06-27,46.29999923706055,46.29999923706055,46.40999984741211,46.29999923706055,46.40999984741211,603
2014-06-30,46.26499938964844,46.26499938964844,46.3849983215332,46.2400016784668,46.25,12352
2014-07-01,46.525001525878906,46.525001525878906,46.525001525878906,46.310001373291016,46.310001373291016,5728
2014-07-02,46.79999923706055,46.79999923706055,46.79999923706055,46.790000915527344,46.790000915527344,7700
2014-07-03,47.2599983215332,47.2599983215332,47.2599983215332,46.845001220703125,46.845001220703125,7423
2014-07-04,47.209999084472656,47.209999084472656,47.209999084472656,47.209999084472656,47.209999084472656,127
2014-07-07,46.93000030517578,46.93000030517578,46.9900016784668,46.93000030517578,46.9900016784668,110
2014-07-08,46.380001068115234,46.380001068115234,46.779998779296875,46.380001068115234,46.779998779296875,1070
2014-07-09,45.845001220703125,45.845001220703125,45.845001220703125,45.845001220703125,45.845001220703125,250
2014-07-10,45.4900016784668,45.4900016784668,45.91999816894531,45.349998474121094,45.8650016784668,26322
2014-07-11,45.5099983215332,45.5099983215332,45.724998474121094,45.5099983215332,45.67499923706055,13467
2014-07-14,45.970001220703125,45.970001220703125,45.970001220703125,45.880001068115234,45.8849983215332,300
2014-07-15,45.89500045776367,45.89500045776367,45.900001525878906,45.89500045776367,45.900001525878906,500
2014-07-16,46.505001068115234,46.505001068115234,46.505001068115234,46.095001220703125,46.095001220703125,10753
2014-07-17,46.255001068115234,46.255001068115234,46.34000015258789,46.220001220703125,46.28499984741211,21048
2014-07-18,46.060001373291016,46.060001373291016,46.060001373291016,45.810001373291016,45.810001373291016,8803
2014-07-21,45.724998474121094,45.724998474121094,45.724998474121094,45.724998474121094,45.724998474121094,26928
2014-07-22,46.125,46.125,46.125,46.119998931884766,46.119998931884766,14676
2014-07-23,46.46500015258789,46.46500015258789,46.595001220703125,46.46500015258789,46.474998474121094,1444
2014-07-24,46.68000030517578,46.68000030517578,46.68000030517578,46.349998474121094,46.349998474121094,1528
2014-07-25,46.67499923706055,46.67499923706055,46.67499923706055,46.67499923706055,46.67499923706055,43
2014-07-28,46.244998931884766,46.244998931884766,46.35499954223633,46.244998931884766,46.35499954223633,14951
2014-07-29,46.349998474121094,46.349998474121094,46.349998474121094,46.349998474121094,46.349998474121094,130
2014-07-30,46.375,46.375,46.375,46.34000015258789,46.36000061035156,1578
2014-07-31,45.599998474121094,45.599998474121094,46.21500015258789,45.51499938964844,46.21500015258789,19550
2014-08-01,44.89500045776367,44.89500045776367,45.30500030517578,44.875,45.30500030517578,5567
2014-08-04,44.970001220703125,44.970001220703125,45.0,44.970001220703125,45.0,3340
2014-08-05,45.064998626708984,45.064998626708984,45.18000030517578,45.064998626708984,45.07500076293945,21205
2014-08-06,44.72999954223633,44.72999954223633,44.7400016784668,44.474998474121094,44.7400016784668,8164
2014-08-07,44.57500076293945,44.57500076293945,44.625,44.57500076293945,44.625,1487
2014-08-08,44.02000045776367,44.02000045776367,44.02000045776367,43.85499954223633,43.85499954223633,432
2014-08-11,44.51499938964844,44.51499938964844,44.51499938964844,44.099998474121094,44.099998474121094,3167
2014-08-13,44.779998779296875,44.779998779296875,44.779998779296875,44.685001373291016,44.71500015258789,26712
2014-08-18,45.220001220703125,45.220001220703125,45.220001220703125,45.099998474121094,45.11000061035156,5052
2014-08-19,45.404998779296875,45.404998779296875,45.470001220703125,45.404998779296875,45.470001220703125,10988
2014-08-20,45.415000915527344,45.415000915527344,45.47999954223633,45.40999984741211,45.47999954223633,18683
2014-08-21,45.834999084472656,45.834999084472656,45.834999084472656,45.5,45.5,28810
2014-08-22,45.68000030517578,45.68000030517578,45.790000915527344,45.68000030517578,45.790000915527344,2352
2014-08-25,46.22999954223633,46.22999954223633,46.22999954223633,46.20500183105469,46.20500183105469,4665
2014-08-26,46.275001525878906,46.275001525878906,46.275001525878906,46.275001525878906,46.275001525878906,245
2014-08-27,46.63999938964844,46.63999938964844,46.63999938964844,46.540000915527344,46.560001373291016,26149
2014-08-29,46.459999084472656,46.459999084472656,46.459999084472656,46.459999084472656,46.459999084472656,200
2014-09-01,46.459999084472656,46.459999084472656,46.459999084472656,46.459999084472656,46.459999084472656,2
2014-09-02,46.57500076293945,46.57500076293945,46.654998779296875,46.57500076293945,46.654998779296875,3018
2014-09-03,46.904998779296875,46.904998779296875,46.92499923706055,46.70000076293945,46.70000076293945,486
2014-09-04,47.33000183105469,47.33000183105469,47.33000183105469,46.685001373291016,46.685001373291016,32482
2014-09-05,47.2599983215332,47.2599983215332,47.2599983215332,47.154998779296875,47.154998779296875,220
2014-09-08,46.8650016784668,46.8650016784668,46.95000076293945,46.8650016784668,46.95000076293945,3219
2014-09-09,46.86000061035156,46.86000061035156,47.099998474121094,46.86000061035156,47.03499984741211,53519
2014-09-10,46.625,46.625,46.625,46.625,46.625,4230
2014-09-11,46.5099983215332,46.5099983215332,46.880001068115234,46.5099983215332,46.875,5254
2014-09-12,46.69499969482422,46.69499969482422,46.814998626708984,46.69499969482422,46.79999923706055,420
2014-09-15,46.61000061035156,46.61000061035156,46.70000076293945,46.60499954223633,46.68000030517578,2068
2014-09-16,46.5,46.5,46.54499816894531,46.40999984741211,46.40999984741211,3348
2014-09-17,46.72999954223633,46.72999954223633,46.779998779296875,46.689998626708984,46.77000045776367,14935
2014-09-18,47.125,47.125,46.96500015258789,46.96500015258789,46.96500015258789,19008
2014-09-22,47.0,47.0,47.02000045776367,47.0,47.0,243
2014-09-23,46.46500015258789,46.46500015258789,46.4900016784668,46.45000076293945,46.45000076293945,1174
2014-09-24,46.724998474121094,46.724998474121094,46.755001068115234,46.40999984741211,46.51499938964844,8658
2014-09-25,46.26499938964844,46.26499938964844,46.96500015258789,46.185001373291016,46.96500015258789,403
2014-09-26,46.474998474121094,46.474998474121094,46.470001220703125,46.11000061035156,46.1349983215332,6952
2014-09-29,46.244998931884766,46.244998931884766,46.5099983215332,46.20000076293945,46.5099983215332,1022
2014-09-30,46.6150016784668,46.6150016784668,46.46500015258789,46.38999938964844,46.38999938964844,11269
2014-10-01,46.18000030517578,46.18000030517578,46.55500030517578,46.095001220703125,46.55500030517578,718
2014-10-02,45.17499923706055,45.17499923706055,45.89500045776367,45.17499923706055,45.89500045776367,5957
2014-10-03,45.41999816894531,45.41999816894531,45.564998626708984,45.22999954223633,45.290000915527344,13187
2014-10-06,45.505001068115234,45.505001068115234,45.80500030517578,45.57500076293945,45.68000030517578,159
2014-10-07,44.8849983215332,44.8849983215332,45.255001068115234,44.93000030517578,45.255001068115234,7646
2014-10-08,44.54999923706055,44.54999923706055,44.59000015258789,44.404998779296875,44.564998626708984,78251
2014-10-09,44.314998626708984,44.314998626708984,44.935001373291016,44.65999984741211,44.935001373291016,31966
2014-10-10,43.69499969482422,43.69499969482422,43.970001220703125,43.970001220703125,43.970001220703125,3069
2014-10-13,43.595001220703125,43.595001220703125,43.775001525878906,43.38999938964844,43.38999938964844,96019
2014-10-14,43.66999816894531,43.66999816894531,43.56999969482422,43.15999984741211,43.43000030517578,4442
2014-10-15,42.310001373291016,42.310001373291016,43.28499984741211,42.31999969482422,43.28499984741211,46211
2014-10-16,42.185001373291016,42.185001373291016,42.58000183105469,41.25,42.58000183105469,22639
2014-10-17,43.224998474121094,43.224998474121094,42.845001220703125,42.845001220703125,42.845001220703125,3
2014-10-20,43.064998626708984,43.064998626708984,43.040000915527344,43.0,43.040000915527344,9105
2014-10-21,43.82500076293945,43.82500076293945,43.869998931884766,43.099998474121094,43.099998474121094,10504
2014-10-22,44.130001068115234,44.130001068115234,44.130001068115234,43.75,43.85499954223633,28525
2014-10-23,44.540000915527344,44.540000915527344,44.59000015258789,43.92499923706055,44.02000045776367,162081
2014-10-24,44.41999816894531,44.41999816894531,44.404998779296875,44.404998779296875,44.404998779296875,74
2014-10-28,44.560001373291016,44.560001373291016,44.625,44.474998474121094,44.474998474121094,7076
2014-10-29,44.63999938964844,44.63999938964844,44.755001068115234,44.65999984741211,44.73500061035156,1694
2014-10-30,44.849998474121094,44.849998474121094,44.900001525878906,44.369998931884766,44.369998931884766,618
2014-10-31,45.59000015258789,45.59000015258789,45.689998626708984,45.505001068115234,45.540000915527344,3232
2014-11-03,45.31999969482422,45.31999969482422,45.75,45.334999084472656,45.75,4695
2014-11-04,44.845001220703125,44.845001220703125,45.560001373291016,45.189998626708984,45.560001373291016,333
2014-11-05,45.564998626708984,45.564998626708984,45.54999923706055,45.18000030517578,45.185001373291016,3134
2014-11-06,45.744998931884766,45.744998931884766,45.98500061035156,45.46500015258789,45.46500015258789,16600
2014-11-07,45.529998779296875,45.529998779296875,45.900001525878906,45.55500030517578,45.900001525878906,6796
2014-11-10,45.80500030517578,45.80500030517578,45.72999954223633,45.72999954223633,45.72999954223633,1800
2014-11-11,46.029998779296875,46.029998779296875,46.06999969482422,45.98500061035156,46.025001525878906,5686
2014-11-12,45.51499938964844,45.51499938964844,45.970001220703125,45.439998626708984,45.970001220703125,79627
2014-11-13,45.63999938964844,45.63999938964844,45.77000045776367,45.459999084472656,45.709999084472656,17306
2014-11-14,45.61000061035156,45.61000061035156,45.64500045776367,45.474998474121094,45.64500045776367,1830
2014-11-17,45.849998474121094,45.849998474121094,45.51499938964844,45.42499923706055,45.42499923706055,531
2014-11-18,46.064998626708984,46.064998626708984,46.04999923706055,46.04499816894531,46.04499816894531,2188
2014-11-19,46.04999923706055,46.04999923706055,46.154998779296875,46.1150016784668,46.1150016784668,3613
2014-11-20,45.95500183105469,45.95500183105469,45.935001373291016,45.935001373291016,45.935001373291016,18267
2014-11-21,46.959999084472656,46.959999084472656,46.93000030517578,46.30500030517578,46.30500030517578,2431
2014-11-24,46.97999954223633,46.97999954223633,47.13999938964844,47.064998626708984,47.095001220703125,61862
2014-11-25,46.97999954223633,46.97999954223633,47.16999816894531,47.064998626708984,47.064998626708984,11090
2014-11-26,47.08000183105469,47.08000183105469,47.15999984741211,47.064998626708984,47.130001068115234,2888
2014-11-27,47.17499923706055,47.17499923706055,47.220001220703125,47.025001525878906,47.025001525878906,1704
2014-11-28,47.16999816894531,47.16999816894531,47.11000061035156,47.0,47.0,21955
2014-12-01,46.869998931884766,46.869998931884766,46.959999084472656,46.8849983215332,46.91999816894531,5071
2014-12-02,47.14500045776367,47.14500045776367,47.130001068115234,47.130001068115234,47.130001068115234,2122
2014-12-03,47.43000030517578,47.43000030517578,47.38999938964844,47.3849983215332,47.38999938964844,999
2014-12-04,46.8650016784668,46.8650016784668,47.599998474121094,46.849998474121094,47.52000045776367,115004
2014-12-05,47.61000061035156,47.61000061035156,47.34000015258789,47.18000030517578,47.18000030517578,6601
2014-12-09,46.26499938964844,46.26499938964844,46.90999984741211,46.25,46.90999984741211,10945
2014-12-10,46.084999084472656,46.084999084472656,46.095001220703125,46.095001220703125,46.095001220703125,100
2014-12-11,46.1150016784668,46.1150016784668,46.10499954223633,45.80500030517578,46.10499954223633,5247
2014-12-12,44.939998626708984,44.939998626708984,45.66999816894531,44.97999954223633,45.66999816894531,6730
2014-12-15,43.7599983215332,43.7599983215332,45.04499816894531,44.0099983215332,44.915000915527344,1497475
2014-12-16,44.494998931884766,44.494998931884766,44.0,43.29499816894531,43.78499984741211,25069
2014-12-17,44.724998474121094,44.724998474121094,44.26499938964844,44.064998626708984,44.064998626708984,9230
2014-12-18,45.915000915527344,45.915000915527344,45.8650016784668,45.19499969482422,45.19499969482422,13175
2014-12-19,46.21500015258789,46.21500015258789,45.939998626708984,45.939998626708984,45.939998626708984,1814
2014-12-22,46.334999084472656,46.334999084472656,46.5,46.48500061035156,46.5,75
2014-12-23,46.71500015258789,46.71500015258789,46.71500015258789,46.61000061035156,46.61000061035156,691
2014-12-29,46.814998626708984,46.814998626708984,46.814998626708984,46.55500030517578,46.67499923706055,3652
2014-12-30,46.255001068115234,46.255001068115234,46.44499969482422,46.415000915527344,46.415000915527344,2514
2015-01-02,46.244998931884766,46.244998931884766,46.88999938964844,46.15999984741211,46.88999938964844,490
2015-01-05,45.25,45.25,46.51499938964844,45.25,46.51499938964844,15995
2015-01-06,44.880001068115234,44.880001068115234,45.2599983215332,44.880001068115234,45.1349983215332,8228
2015-01-07,45.09000015258789,45.09000015258789,45.5099983215332,45.09000015258789,45.505001068115234,3956
2015-01-08,46.52000045776367,46.52000045776367,46.564998626708984,45.77000045776367,45.77000045776367,9587
2015-01-09,45.709999084472656,45.709999084472656,46.42499923706055,45.71500015258789,46.29999923706055,446
2015-01-12,46.08000183105469,46.08000183105469,46.275001525878906,45.7599983215332,46.07500076293945,40448
2015-01-13,46.66999816894531,46.66999816894531,46.7400016784668,46.0,46.0,23295
2015-01-14,46.02000045776367,46.02000045776367,46.540000915527344,45.970001220703125,46.150001525878906,32816
2015-01-15,47.21500015258789,47.21500015258789,46.974998474121094,46.470001220703125,46.470001220703125,19217
2015-01-16,47.77000045776367,47.77000045776367,47.040000915527344,46.849998474121094,47.040000915527344,2959
2015-01-19,47.79999923706055,47.79999923706055,47.834999084472656,47.79999923706055,47.80500030517578,978
2015-01-20,48.224998474121094,48.224998474121094,48.404998779296875,48.07500076293945,48.07500076293945,963
2015-01-21,48.45000076293945,48.45000076293945,48.505001068115234,48.165000915527344,48.345001220703125,2108
2015-01-22,49.375,49.375,49.439998626708984,48.46500015258789,48.46500015258789,20207
2015-01-23,50.25,50.25,50.5,49.77000045776367,49.77000045776367,25410
2015-01-26,50.4900016784668,50.4900016784668,50.400001525878906,50.0099983215332,50.20000076293945,29352
2015-01-27,50.06999969482422,50.06999969482422,50.56999969482422,49.849998474121094,50.5,7658
2015-01-28,49.98500061035156,49.98500061035156,50.27000045776367,50.0,50.27000045776367,6662
2015-01-29,50.08000183105469,50.08000183105469,50.119998931884766,49.755001068115234,49.755001068115234,3609
2015-01-30,49.665000915527344,49.665000915527344,50.220001220703125,49.814998626708984,50.220001220703125,179235
2015-02-02,49.69499969482422,49.69499969482422,49.77000045776367,49.43000030517578,49.77000045776367,21523
2015-02-03,50.15999984741211,50.15999984741211,50.470001220703125,50.08000183105469,50.08000183105469,25265
2015-02-04,50.38999938964844,50.38999938964844,50.40999984741211,50.16999816894531,50.18000030517578,78225
2015-02-05,50.52000045776367,50.52000045776367,50.540000915527344,50.31999969482422,50.380001068115234,88992
2015-02-06,50.650001525878906,50.650001525878906,50.619998931884766,50.349998474121094,50.400001525878906,10597
2015-02-09,50.290000915527344,50.290000915527344,50.220001220703125,50.040000915527344,50.099998474121094,4324
2015-02-10,50.560001373291016,50.560001373291016,50.72999954223633,50.09000015258789,50.290000915527344,25458
2015-02-11,50.459999084472656,50.459999084472656,50.61000061035156,50.439998626708984,50.58000183105469,21690
2015-02-12,50.849998474121094,50.849998474121094,51.02000045776367,50.77000045776367,50.77000045776367,125
2015-02-13,51.189998626708984,51.189998626708984,51.2400016784668,51.08000183105469,51.08000183105469,8044
2015-02-16,51.16999816894531,51.16999816894531,51.25,51.150001525878906,51.189998626708984,8098
2015-02-17,51.16999816894531,51.16999816894531,51.2599983215332,50.720001220703125,51.150001525878906,76960
2015-02-18,51.630001068115234,51.630001068115234,51.689998626708984,51.52000045776367,51.560001373291016,1105
2015-02-19,51.84000015258789,51.84000015258789,51.900001525878906,51.58000183105469,51.599998474121094,1760
2015-02-20,51.95000076293945,51.95000076293945,51.970001220703125,51.75,51.849998474121094,2772
2015-02-23,52.2599983215332,52.2599983215332,52.290000915527344,52.18000030517578,52.20000076293945,12428
2015-02-24,52.619998931884766,52.619998931884766,52.459999084472656,52.29999923706055,52.43000030517578,4157
2015-02-25,52.619998931884766,52.619998931884766,52.619998931884766,52.5,52.540000915527344,8981
2015-02-26,53.119998931884766,53.119998931884766,53.119998931884766,52.45000076293945,52.45000076293945,32
2015-02-27,53.16999816894531,53.16999816894531,53.25,53.04999923706055,53.16999816894531,414
2015-03-02,53.15999984741211,53.15999984741211,53.59000015258789,53.119998931884766,53.59000015258789,11226
2015-03-03,52.83000183105469,52.83000183105469,53.349998474121094,52.83000183105469,53.290000915527344,15174
2015-03-04,53.099998474121094,53.099998474121094,53.099998474121094,52.61000061035156,52.83000183105469,982
2015-03-05,53.54999923706055,53.54999923706055,53.630001068115234,53.189998626708984,53.189998626708984,11355
2015-03-06,53.560001373291016,53.560001373291016,53.77000045776367,53.58000183105469,53.68000030517578,4680
2015-03-09,53.459999084472656,53.459999084472656,53.56999969482422,53.220001220703125,53.56999969482422,5517
2015-03-10,53.02000045776367,53.02000045776367,53.540000915527344,53.060001373291016,53.439998626708984,3239
2015-03-11,53.720001220703125,53.720001220703125,53.77000045776367,53.41999816894531,53.41999816894531,1742
2015-03-12,53.630001068115234,53.630001068115234,53.93000030517578,53.630001068115234,53.86000061035156,3748
2015-03-13,53.849998474121094,53.849998474121094,54.04999923706055,53.619998931884766,54.04999923706055,874
2015-03-16,54.369998931884766,54.369998931884766,54.41999816894531,54.06999969482422,54.209999084472656,5010
2015-03-17,54.04999923706055,54.04999923706055,54.220001220703125,53.95000076293945,54.220001220703125,427
2015-03-18,54.2599983215332,54.2599983215332,54.2599983215332,53.81999969482422,54.08000183105469,12252
2015-03-19,54.47999954223633,54.47999954223633,54.65999984741211,54.29999923706055,54.47999954223633,11311
2015-03-20,54.93000030517578,54.93000030517578,54.9900016784668,54.65999984741211,54.66999816894531,15623
2015-03-23,54.650001525878906,54.650001525878906,55.0099983215332,54.470001220703125,55.0099983215332,1183
2015-03-24,54.779998779296875,54.779998779296875,54.939998626708984,54.43000030517578,54.43000030517578,5467
2015-03-25,54.209999084472656,54.209999084472656,54.54999923706055,54.209999084472656,54.54999923706055,79
2015-03-26,53.709999084472656,53.709999084472656,53.779998779296875,53.459999084472656,53.779998779296875,10810
2015-03-27,53.90999984741211,53.90999984741211,54.22999954223633,53.91999816894531,54.22999954223633,196
2015-03-30,54.540000915527344,54.540000915527344,54.59000015258789,53.880001068115234,53.880001068115234,4379
2015-03-31,54.209999084472656,54.209999084472656,54.7599983215332,54.04999923706055,54.65999984741211,620
2015-04-01,54.27000045776367,54.27000045776367,54.560001373291016,54.22999954223633,54.439998626708984,2553
2015-04-02,54.18000030517578,54.18000030517578,54.2599983215332,54.150001525878906,54.15999984741211,15666
2015-04-07,54.970001220703125,54.970001220703125,55.099998474121094,54.5,54.5,862
2015-04-08,55.06999969482422,55.06999969482422,55.290000915527344,55.150001525878906,55.290000915527344,998
2015-04-09,55.68000030517578,55.68000030517578,55.56999969482422,55.34000015258789,55.349998474121094,10922
2015-04-10,56.25,56.25,56.290000915527344,55.880001068115234,56.04999923706055,32461
2015-04-13,56.40999984741211,56.40999984741211,56.459999084472656,56.279998779296875,56.279998779296875,2901
2015-04-14,56.11000061035156,56.11000061035156,56.41999816894531,56.150001525878906,56.41999816894531,8211
2015-04-15,56.54999923706055,56.54999923706055,56.630001068115234,56.5099983215332,56.5099983215332,1849
2015-04-16,56.2400016784668,56.2400016784668,56.439998626708984,56.119998931884766,56.40999984741211,303391
2015-04-17,55.09000015258789,55.09000015258789,56.06999969482422,55.290000915527344,56.06999969482422,94061
2015-04-20,55.59000015258789,55.59000015258789,55.63999938964844,55.43000030517578,55.560001373291016,3973
2015-04-21,55.95000076293945,55.95000076293945,56.310001373291016,55.849998474121094,56.2400016784668,81176
2015-04-22,55.84000015258789,55.84000015258789,56.279998779296875,55.70000076293945,56.279998779296875,4893
2015-04-23,55.56999969482422,55.56999969482422,56.2599983215332,55.560001373291016,56.2599983215332,17034
2015-04-24,55.880001068115234,55.880001068115234,55.959999084472656,55.619998931884766,55.619998931884766,3780
2015-04-27,56.349998474121094,56.349998474121094,56.400001525878906,55.54999923706055,55.61000061035156,52827
2015-04-28,55.540000915527344,55.540000915527344,56.15999984741211,55.27000045776367,56.099998474121094,3664
2015-04-29,54.529998779296875,54.529998779296875,55.7400016784668,54.59000015258789,55.52000045776367,6239
2015-04-30,54.29999923706055,54.29999923706055,54.400001525878906,54.150001525878906,54.2400016784668,13649
2015-05-04,54.540000915527344,54.540000915527344,54.5099983215332,53.61000061035156,54.040000915527344,16219
2015-05-05,53.619998931884766,53.619998931884766,54.72999954223633,54.09000015258789,54.09000015258789,34330
2015-05-06,53.33000183105469,53.33000183105469,53.72999954223633,53.310001373291016,53.689998626708984,16436
2015-05-07,53.41999816894531,53.41999816894531,52.79999923706055,52.529998779296875,52.79999923706055,18077
2015-05-08,54.900001525878906,54.900001525878906,54.900001525878906,54.08000183105469,54.22999954223633,300759
2015-05-11,55.119998931884766,55.119998931884766,55.11000061035156,54.81999969482422,54.900001525878906,7270
2015-05-12,54.459999084472656,54.459999084472656,54.59000015258789,54.209999084472656,54.540000915527344,295959
2015-05-13,54.20000076293945,54.20000076293945,54.86000061035156,54.38999938964844,54.86000061035156,5812
2015-05-14,54.84000015258789,54.84000015258789,54.61000061035156,54.29999923706055,54.29999923706055,701
2015-05-15,54.5,54.5,55.13999938964844,54.66999816894531,54.849998474121094,16844
2015-05-18,54.65999984741211,54.65999984741211,54.599998474121094,54.2599983215332,54.560001373291016,33429
2015-05-19,55.56999969482422,55.56999969482422,55.599998474121094,55.0,55.0,5302
2015-05-20,55.90999984741211,55.90999984741211,55.900001525878906,55.5099983215332,55.66999816894531,3091
2015-05-21,56.060001373291016,56.060001373291016,55.95000076293945,55.72999954223633,55.77000045776367,3629
2015-05-22,56.0,56.0,56.130001068115234,55.91999816894531,56.04999923706055,5452
2015-05-25,55.9900016784668,55.9900016784668,56.099998474121094,55.7400016784668,56.0,743
2015-05-26,55.380001068115234,55.380001068115234,56.0099983215332,55.599998474121094,55.880001068115234,536
2015-05-27,56.209999084472656,56.209999084472656,55.81999969482422,55.65999984741211,55.65999984741211,11473
2015-05-28,55.959999084472656,55.959999084472656,56.209999084472656,56.029998779296875,56.209999084472656,11668
2015-05-29,55.130001068115234,55.130001068115234,55.77000045776367,55.58000183105469,55.58000183105469,146
2015-06-01,55.06999969482422,55.06999969482422,55.220001220703125,55.029998779296875,55.04999923706055,4939
2015-06-02,54.56999969482422,54.56999969482422,54.88999938964844,54.66999816894531,54.88999938964844,14422
2015-06-03,54.56999969482422,54.56999969482422,54.68000030517578,54.560001373291016,54.599998474121094,7494
2015-06-04,54.099998474121094,54.099998474121094,54.41999816894531,53.4900016784668,54.18000030517578,21076
2015-06-05,53.56999969482422,53.56999969482422,53.68000030517578,53.41999816894531,53.66999816894531,4711
2015-06-08,53.189998626708984,53.189998626708984,53.29999923706055,53.29999923706055,53.29999923706055,400
2015-06-09,52.779998779296875,52.779998779296875,52.97999954223633,52.54999923706055,52.90999984741211,5858
2015-06-10,53.77000045776367,53.77000045776367,53.79999923706055,52.63999938964844,52.63999938964844,3572
2015-06-11,54.0,54.0,54.060001373291016,53.790000915527344,53.790000915527344,1916
2015-06-12,53.709999084472656,53.709999084472656,54.220001220703125,53.459999084472656,54.220001220703125,4984
2015-06-15,52.88999938964844,52.88999938964844,53.29999923706055,52.77000045776367,53.29999923706055,3997
2015-06-16,53.13999938964844,53.13999938964844,53.0099983215332,52.290000915527344,52.290000915527344,3930
2015-06-17,52.939998626708984,52.939998626708984,53.08000183105469,52.869998931884766,52.900001525878906,16083
2015-06-18,52.810001373291016,52.810001373291016,52.900001525878906,52.25,52.650001525878906,3949
2015-06-19,53.18000030517578,53.18000030517578,53.58000183105469,53.08000183105469,53.099998474121094,7680
2015-06-22,54.34000015258789,54.34000015258789,54.34000015258789,53.900001525878906,54.34000015258789,820
2015-06-23,54.93000030517578,54.93000030517578,55.0099983215332,54.779998779296875,54.81999969482422,9612
2015-06-24,54.68000030517578,54.68000030517578,54.97999954223633,54.7400016784668,54.97999954223633,8680
2015-06-25,54.560001373291016,54.560001373291016,54.75,54.47999954223633,54.47999954223633,11995
2015-06-26,54.709999084472656,54.709999084472656,54.790000915527344,54.2400016784668,54.2400016784668,45000
2015-06-29,53.16999816894531,53.16999816894531,53.619998931884766,53.290000915527344,53.43000030517578,4690
2015-06-30,52.790000915527344,52.790000915527344,52.869998931884766,52.54999923706055,52.56999969482422,3305
2015-07-01,53.2599983215332,53.2599983215332,53.5099983215332,52.95000076293945,52.95000076293945,1695
2015-07-02,53.04999923706055,53.04999923706055,53.31999969482422,53.18000030517578,53.220001220703125,14574
2015-07-03,52.77000045776367,52.77000045776367,52.95000076293945,52.79999923706055,52.95000076293945,2664
2015-07-06,52.119998931884766,52.119998931884766,52.27000045776367,51.529998779296875,51.529998779296875,6785
2015-07-07,51.33000183105469,51.33000183105469,52.2400016784668,51.38999938964844,52.22999954223633,4156
2015-07-08,51.290000915527344,51.290000915527344,51.31999969482422,51.150001525878906,51.15999984741211,43357
2015-07-09,52.529998779296875,52.529998779296875,52.59000015258789,51.540000915527344,51.540000915527344,114962
2015-07-10,53.59000015258789,53.59000015258789,53.540000915527344,52.0,52.0,20285
2015-07-13,54.599998474121094,54.599998474121094,54.56999969482422,54.400001525878906,54.54999923706055,2563
2015-07-14,54.83000183105469,54.83000183105469,54.439998626708984,54.439998626708984,54.439998626708984,206
2015-07-15,55.130001068115234,55.130001068115234,55.130001068115234,54.86000061035156,54.86000061035156,34583
2015-07-16,55.810001373291016,55.810001373291016,55.84000015258789,55.40999984741211,55.40999984741211,17410
2015-07-17,55.79999923706055,55.79999923706055,55.939998626708984,55.77000045776367,55.939998626708984,23654
2015-07-20,55.9900016784668,55.9900016784668,56.290000915527344,55.869998931884766,56.099998474121094,55914
2015-07-21,55.349998474121094,55.349998474121094,56.09000015258789,55.86000061035156,56.09000015258789,3634
2015-07-22,55.08000183105469,55.08000183105469,55.27000045776367,55.150001525878906,55.15999984741211,9405
2015-07-23,54.79999923706055,54.79999923706055,55.310001373291016,54.88999938964844,55.310001373291016,1169
2015-07-24,54.279998779296875,54.279998779296875,54.970001220703125,54.290000915527344,54.779998779296875,13167
2015-07-27,53.130001068115234,53.130001068115234,53.779998779296875,53.209999084472656,53.70000076293945,6275
2015-07-28,53.630001068115234,53.630001068115234,53.790000915527344,53.290000915527344,53.290000915527344,112769
2015-07-29,54.25,54.25,54.25,53.720001220703125,54.0,132873
2015-07-30,54.52000045776367,54.52000045776367,55.0,54.2599983215332,55.0,63447
2015-07-31,54.54999923706055,54.54999923706055,54.66999816894531,54.25,54.650001525878906,56058
2015-08-03,54.939998626708984,54.939998626708984,55.04999923706055,54.689998626708984,54.75,7974
2015-08-04,54.86000061035156,54.86000061035156,54.90999984741211,54.13999938964844,54.13999938964844,23661
2015-08-05,55.599998474121094,55.599998474121094,55.45000076293945,55.18000030517578,55.18000030517578,15022
2015-08-06,55.279998779296875,55.279998779296875,55.470001220703125,55.41999816894531,55.41999816894531,17718
2015-08-07,54.720001220703125,54.720001220703125,55.06999969482422,55.060001373291016,55.060001373291016,7242
2015-08-10,55.040000915527344,55.040000915527344,54.72999954223633,54.36000061035156,54.36000061035156,42081
2015-08-11,54.130001068115234,54.130001068115234,54.849998474121094,54.40999984741211,54.849998474121094,97270
2015-08-12,52.59000015258789,52.59000015258789,53.279998779296875,52.70000076293945,53.279998779296875,14188
2015-08-13,53.31999969482422,53.31999969482422,53.79999923706055,53.369998931884766,53.65999984741211,7897
2015-08-14,53.27000045776367,53.27000045776367,53.61000061035156,53.27000045776367,53.36000061035156,17648
2015-08-17,53.439998626708984,53.439998626708984,53.380001068115234,53.029998779296875,53.380001068115234,115
2015-08-18,53.52000045776367,53.52000045776367,53.400001525878906,53.349998474121094,53.400001525878906,12960
2015-08-19,52.529998779296875,52.529998779296875,53.16999816894531,52.529998779296875,53.16999816894531,29238
2015-08-20,51.38999938964844,51.38999938964844,52.25,52.20000076293945,52.22999954223633,10110
2015-08-21,49.85499954223633,49.85499954223633,51.150001525878906,50.41999816894531,50.810001373291016,19060
2015-08-24,47.01499938964844,47.01499938964844,48.30500030517578,46.415000915527344,48.20000076293945,19503
2015-08-25,49.209999084472656,49.209999084472656,49.189998626708984,47.75,47.75,235413
2015-08-26,48.29499816894531,48.29499816894531,48.89500045776367,48.20500183105469,48.29999923706055,6650
2015-08-27,50.0,50.0,49.994998931884766,49.39500045776367,49.39500045776367,387
2015-08-28,49.91999816894531,49.91999816894531,49.939998626708984,49.650001525878906,49.939998626708984,45363
2015-08-31,49.7400016784668,49.7400016784668,49.845001220703125,49.73500061035156,49.845001220703125,1400
2015-09-01,48.6349983215332,48.6349983215332,49.209999084472656,48.349998474121094,49.209999084472656,22595
2015-09-02,48.790000915527344,48.790000915527344,49.04999923706055,48.349998474121094,48.650001525878906,16312
2015-09-03,49.85499954223633,49.85499954223633,50.029998779296875,49.35499954223633,49.41999816894531,10659
2015-09-04,48.64500045776367,48.64500045776367,49.290000915527344,48.599998474121094,49.220001220703125,42881
2015-09-07,48.810001373291016,48.810001373291016,49.14500045776367,48.775001525878906,49.119998931884766,45151
2015-09-08,49.46500015258789,49.46500015258789,49.83000183105469,49.33000183105469,49.33000183105469,19670
2015-09-09,50.09000015258789,50.09000015258789,50.529998779296875,50.189998626708984,50.40999984741211,20108
2015-09-10,49.39500045776367,49.39500045776367,49.779998779296875,49.415000915527344,49.5099983215332,22092
2015-09-11,48.875,48.875,49.31999969482422,49.02000045776367,49.31999969482422,27030
2015-09-14,48.7400016784668,48.7400016784668,49.08000183105469,48.60499954223633,48.974998474121094,14977
2015-09-15,49.09000015258789,49.09000015258789,48.86000061035156,48.380001068115234,48.810001373291016,22208
2015-09-16,49.81999969482422,49.81999969482422,49.79999923706055,49.51499938964844,49.51499938964844,93782
2015-09-17,49.755001068115234,49.755001068115234,49.7599983215332,49.66999816894531,49.72999954223633,15458
2015-09-18,48.900001525878906,48.900001525878906,49.22999954223633,48.79999923706055,49.20000076293945,43635
2015-09-21,49.244998931884766,49.244998931884766,49.31999969482422,49.025001525878906,49.025001525878906,18213
2015-09-22,47.619998931884766,47.619998931884766,49.33000183105469,47.70500183105469,49.33000183105469,906
2015-09-23,47.70000076293945,47.70000076293945,47.97999954223633,47.81999969482422,47.81999969482422,30024
2015-09-24,46.60499954223633,46.60499954223633,47.494998931884766,46.619998931884766,47.494998931884766,20042
2015-09-25,47.94499969482422,47.94499969482422,48.060001373291016,47.60499954223633,47.60499954223633,8024
2015-09-28,46.939998626708984,46.939998626708984,48.10499954223633,47.61000061035156,48.10499954223633,57
2015-09-29,46.6349983215332,46.6349983215332,46.79999923706055,46.040000915527344,46.04999923706055,13417
2015-09-30,47.6349983215332,47.6349983215332,47.689998626708984,47.470001220703125,47.529998779296875,2116
2015-10-01,47.525001525878906,47.525001525878906,48.334999084472656,47.529998779296875,48.22999954223633,10275
2015-10-02,47.70500183105469,47.70500183105469,48.36000061035156,47.775001525878906,48.064998626708984,18345
2015-10-05,49.165000915527344,49.165000915527344,49.185001373291016,48.650001525878906,48.775001525878906,29427
2015-10-06,49.64500045776367,49.64500045776367,49.380001068115234,48.939998626708984,48.95500183105469,2436
2015-10-07,49.560001373291016,49.560001373291016,50.20000076293945,49.9900016784668,49.9900016784668,11
2015-10-08,49.724998474121094,49.724998474121094,49.7599983215332,49.595001220703125,49.595001220703125,12358
2015-10-09,49.96500015258789,49.96500015258789,50.33000183105469,49.95000076293945,50.25,17876
2015-10-12,49.869998931884766,49.869998931884766,50.029998779296875,49.81999969482422,50.029998779296875,1492
2015-10-13,49.439998626708984,49.439998626708984,49.20000076293945,49.20000076293945,49.20000076293945,9999
2015-10-14,49.03499984741211,49.03499984741211,49.06999969482422,49.06999969482422,49.06999969482422,9999
2015-10-15,49.68000030517578,49.68000030517578,49.71500015258789,49.404998779296875,49.404998779296875,8249
2015-10-16,50.08000183105469,50.08000183105469,50.189998626708984,49.92499923706055,50.0099983215332,6860
2015-10-19,50.20000076293945,50.20000076293945,50.31999969482422,50.13999938964844,50.13999938964844,6514
2015-10-20,49.970001220703125,49.970001220703125,49.779998779296875,49.779998779296875,49.779998779296875,1086
2015-10-21,49.9900016784668,49.9900016784668,50.11000061035156,49.69499969482422,49.69499969482422,324
2015-10-22,51.099998474121094,51.099998474121094,51.029998779296875,49.80500030517578,49.80500030517578,77383
2015-10-23,52.029998779296875,52.029998779296875,52.15999984741211,51.47999954223633,51.47999954223633,6538
2015-10-26,51.790000915527344,51.790000915527344,52.060001373291016,51.970001220703125,52.060001373291016,3959
2015-10-27,51.369998931884766,51.369998931884766,51.720001220703125,51.5099983215332,51.529998779296875,25446
2015-10-28,51.81999969482422,51.81999969482422,51.790000915527344,51.43000030517578,51.43000030517578,8499
2015-10-29,51.66999816894531,51.66999816894531,51.650001525878906,51.56999969482422,51.56999969482422,1827
2015-10-30,51.72999954223633,51.72999954223633,51.84000015258789,51.7400016784668,51.7400016784668,12929
2015-11-02,51.90999984741211,51.90999984741211,51.900001525878906,51.86000061035156,51.86000061035156,547
2015-11-03,52.06999969482422,52.06999969482422,52.150001525878906,51.869998931884766,51.869998931884766,3122
2015-11-04,52.40999984741211,52.40999984741211,52.630001068115234,52.36000061035156,52.36000061035156,1448
2015-11-05,52.20000076293945,52.20000076293945,52.540000915527344,52.33000183105469,52.540000915527344,13036
2015-11-06,52.29999923706055,52.29999923706055,52.209999084472656,51.959999084472656,52.04999923706055,1006
2015-11-09,51.7599983215332,51.7599983215332,52.34000015258789,51.810001373291016,52.310001373291016,10798
2015-11-10,51.720001220703125,51.720001220703125,51.68000030517578,51.68000030517578,51.68000030517578,5
2015-11-11,52.040000915527344,52.040000915527344,52.209999084472656,51.90999984741211,52.029998779296875,24945
2015-11-12,51.33000183105469,51.33000183105469,51.9900016784668,51.540000915527344,51.81999969482422,8482
2015-11-13,50.779998779296875,50.779998779296875,50.88999938964844,50.880001068115234,50.880001068115234,7867
2015-11-16,50.88999938964844,50.88999938964844,51.0099983215332,50.79999923706055,51.0099983215332,7169
2015-11-17,52.15999984741211,52.15999984741211,52.08000183105469,51.560001373291016,51.560001373291016,47728
2015-11-18,52.15999984741211,52.15999984741211,52.11000061035156,51.900001525878906,51.900001525878906,3652
2015-11-19,52.34000015258789,52.34000015258789,52.7400016784668,52.54999923706055,52.54999923706055,3621
2015-11-20,52.52000045776367,52.52000045776367,52.65999984741211,52.380001068115234,52.650001525878906,7879
2015-11-23,52.43000030517578,52.43000030517578,52.290000915527344,52.20000076293945,52.20000076293945,1486
2015-11-24,51.689998626708984,51.689998626708984,51.70000076293945,51.349998474121094,51.70000076293945,311
2015-11-25,52.40999984741211,52.40999984741211,52.45000076293945,51.709999084472656,51.709999084472656,2664
2015-11-26,52.900001525878906,52.900001525878906,52.689998626708984,52.689998626708984,52.689998626708984,100
2015-11-27,52.7599983215332,52.7599983215332,52.95000076293945,52.810001373291016,52.849998474121094,4354
2015-11-30,52.959999084472656,52.959999084472656,53.0,52.70000076293945,52.779998779296875,6639
2015-12-01,52.81999969482422,52.81999969482422,53.20000076293945,52.97999954223633,53.20000076293945,9463
2015-12-02,52.81999969482422,52.81999969482422,53.119998931884766,52.959999084472656,52.959999084472656,660
2015-12-03,51.209999084472656,51.209999084472656,53.380001068115234,52.439998626708984,52.810001373291016,13570
2015-12-04,50.88999938964844,50.88999938964844,51.04999923706055,50.880001068115234,50.939998626708984,41693
2015-12-07,51.09000015258789,51.09000015258789,51.689998626708984,51.16999816894531,51.560001373291016,8049
2015-12-08,50.290000915527344,50.290000915527344,50.869998931884766,50.869998931884766,50.869998931884766,4676
2015-12-09,50.04999923706055,50.04999923706055,50.43000030517578,49.959999084472656,50.43000030517578,5600
2015-12-10,49.935001373291016,49.935001373291016,50.20000076293945,49.689998626708984,49.689998626708984,26320
2015-12-11,48.939998626708984,48.939998626708984,49.83000183105469,48.93000030517578,49.83000183105469,2887
2015-12-14,47.97999954223633,47.97999954223633,49.10499954223633,48.18000030517578,49.10499954223633,13039
2015-12-15,49.349998474121094,49.349998474121094,49.28499984741211,48.59000015258789,48.8650016784668,6767
2015-12-16,49.46500015258789,49.46500015258789,49.650001525878906,49.279998779296875,49.279998779296875,42454
2015-12-17,50.16999816894531,50.16999816894531,50.599998474121094,50.06999969482422,50.310001373291016,7331
2015-12-18,49.595001220703125,49.595001220703125,49.9900016784668,49.654998779296875,49.91999816894531,10216
2015-12-21,49.14500045776367,49.14500045776367,49.790000915527344,49.724998474121094,49.724998474121094,15122
2015-12-22,48.94499969482422,48.94499969482422,49.43000030517578,48.900001525878906,49.43000030517578,6413
2015-12-23,50.349998474121094,50.349998474121094,49.97999954223633,49.95000076293945,49.95000076293945,1990
2015-12-28,50.0,50.0,50.22999954223633,49.900001525878906,50.150001525878906,6341
2015-12-29,50.7400016784668,50.7400016784668,50.790000915527344,50.400001525878906,50.400001525878906,4351
2015-12-30,50.61000061035156,50.61000061035156,50.72999954223633,50.61000061035156,50.72999954223633,947
2016-01-04,48.95000076293945,48.95000076293945,49.209999084472656,48.88999938964844,49.209999084472656,19292
2016-01-05,49.23500061035156,49.23500061035156,48.869998931884766,48.869998931884766,48.869998931884766,81
2016-01-06,48.654998779296875,48.654998779296875,49.41999816894531,48.47999954223633,49.119998931884766,24865
2016-01-07,47.525001525878906,47.525001525878906,47.63999938964844,46.939998626708984,47.54999923706055,65419
2016-01-08,46.875,46.875,47.91999816894531,47.58000183105469,47.625,22300
2016-01-11,46.75,46.75,47.150001525878906,46.88999938964844,47.1150016784668,16830
2016-01-12,47.09000015258789,47.09000015258789,47.45500183105469,46.67499923706055,46.685001373291016,118669
2016-01-13,47.27000045776367,47.27000045776367,47.935001373291016,47.65999984741211,47.73500061035156,48145
2016-01-14,46.709999084472656,46.709999084472656,46.66999816894531,45.880001068115234,46.66999816894531,11938
2016-01-15,45.224998474121094,45.224998474121094,46.58000183105469,45.29999923706055,46.58000183105469,4881
2016-01-18,45.1349983215332,45.1349983215332,45.845001220703125,45.14500045776367,45.55500030517578,6055
2016-01-19,45.724998474121094,45.724998474121094,46.10499954223633,45.80500030517578,46.10499954223633,27007
2016-01-20,44.18000030517578,44.18000030517578,44.88999938964844,44.189998626708984,44.88999938964844,29591
2016-01-21,45.154998779296875,45.154998779296875,45.25,44.38999938964844,44.43000030517578,15990
2016-01-22,46.474998474121094,46.474998474121094,46.67499923706055,46.0099983215332,46.0099983215332,73107
2016-01-25,46.22999954223633,46.22999954223633,46.474998474121094,46.07500076293945,46.474998474121094,937
2016-01-26,46.709999084472656,46.709999084472656,46.20000076293945,45.31999969482422,45.31999969482422,3734
2016-01-27,46.71500015258789,46.71500015258789,46.5,46.22999954223633,46.5,25638
2016-01-28,46.029998779296875,46.029998779296875,46.81999969482422,46.5,46.599998474121094,5599
2016-01-29,47.189998626708984,47.189998626708984,47.189998626708984,46.459999084472656,46.81999969482422,53276
2016-02-01,47.005001068115234,47.005001068115234,47.2599983215332,46.70500183105469,47.16999816894531,113830
2016-02-02,46.005001068115234,46.005001068115234,46.75,45.880001068115234,46.75,27373
2016-02-03,45.30500030517578,45.30500030517578,46.0,45.685001373291016,46.0,3570
2016-02-04,45.255001068115234,45.255001068115234,45.755001068115234,45.040000915527344,45.689998626708984,9953
2016-02-05,44.86000061035156,44.86000061035156,45.400001525878906,44.974998474121094,45.369998931884766,29223
2016-02-08,43.334999084472656,43.334999084472656,45.17499923706055,43.15999984741211,45.17499923706055,68067
2016-02-09,42.67499923706055,42.67499923706055,43.36000061035156,42.56999969482422,43.36000061035156,2813
2016-02-10,43.334999084472656,43.334999084472656,43.59000015258789,42.78499984741211,42.78499984741211,15582
2016-02-11,41.7400016784668,41.7400016784668,42.47999954223633,41.689998626708984,42.47999954223633,21374
2016-02-12,43.0099983215332,43.0099983215332,42.81999969482422,42.380001068115234,42.41999816894531,13684
2016-02-15,44.28499984741211,44.28499984741211,44.41999816894531,44.209999084472656,44.209999084472656,3343
2016-02-16,44.130001068115234,44.130001068115234,44.58000183105469,44.0,44.58000183105469,56140
2016-02-17,45.314998626708984,45.314998626708984,45.1150016784668,44.22999954223633,44.27000045776367,36232
2016-02-18,45.334999084472656,45.334999084472656,45.81999969482422,45.2599983215332,45.36000061035156,9387
2016-02-19,44.96500015258789,44.96500015258789,45.35499954223633,44.939998626708984,45.29499816894531,5320
2016-02-22,45.75,45.75,45.72999954223633,45.59000015258789,45.619998931884766,48183
2016-02-23,45.189998626708984,45.189998626708984,45.665000915527344,45.435001373291016,45.435001373291016,17226
2016-02-24,44.04999923706055,44.04999923706055,44.900001525878906,44.0,44.900001525878906,53130
2016-02-25,44.97999954223633,44.97999954223633,44.9900016784668,44.9900016784668,44.9900016784668,596
2016-02-26,45.755001068115234,45.755001068115234,45.849998474121094,45.56999969482422,45.61000061035156,213795
2016-02-29,45.93000030517578,45.93000030517578,45.72999954223633,45.2400016784668,45.279998779296875,7855
2016-03-01,46.69499969482422,46.69499969482422,46.58000183105469,46.099998474121094,46.16999816894531,140277
2016-03-02,47.005001068115234,47.005001068115234,47.01499938964844,46.76499938964844,47.01499938964844,22589
2016-03-03,46.79999923706055,46.79999923706055,47.084999084472656,46.900001525878906,47.0,6510
2016-03-04,47.165000915527344,47.165000915527344,47.16999816894531,46.849998474121094,46.939998626708984,12757
2016-03-07,47.09000015258789,47.09000015258789,46.79999923706055,46.77000045776367,46.79999923706055,9015
2016-03-08,46.63999938964844,46.63999938964844,46.849998474121094,46.43000030517578,46.540000915527344,37587
2016-03-09,46.875,46.875,47.099998474121094,46.630001068115234,46.63999938964844,53534
2016-03-10,46.10499954223633,46.10499954223633,47.02000045776367,46.310001373291016,46.88999938964844,17389
2016-03-11,47.279998779296875,47.279998779296875,47.185001373291016,46.91999816894531,46.91999816894531,21310
2016-03-14,47.584999084472656,47.584999084472656,47.810001373291016,47.58000183105469,47.709999084472656,4786
2016-03-15,47.1349983215332,47.1349983215332,47.310001373291016,47.08000183105469,47.310001373291016,42358
2016-03-16,47.14500045776367,47.14500045776367,47.25,46.904998779296875,47.25,24942
2016-03-17,47.060001373291016,47.060001373291016,47.39500045776367,46.290000915527344,47.34000015258789,28092
2016-03-18,47.31999969482422,47.31999969482422,47.31999969482422,47.060001373291016,47.060001373291016,10325
2016-03-21,47.17499923706055,47.17499923706055,47.505001068115234,46.90999984741211,46.90999984741211,13452
2016-03-22,47.11000061035156,47.11000061035156,46.95000076293945,46.7400016784668,46.77000045776367,15615
2016-03-23,47.064998626708984,47.064998626708984,47.32500076293945,46.90999984741211,47.2599983215332,39181
2016-03-24,46.404998779296875,46.404998779296875,46.599998474121094,46.279998779296875,46.540000915527344,8600
2016-03-29,46.53499984741211,46.53499984741211,46.720001220703125,46.625,46.720001220703125,999
2016-03-30,47.185001373291016,47.185001373291016,47.15999984741211,47.099998474121094,47.099998474121094,207
2016-03-31,46.72999954223633,46.72999954223633,46.88999938964844,46.61000061035156,46.84000015258789,25750
2016-04-01,46.0099983215332,46.0099983215332,46.14500045776367,45.72999954223633,46.14500045776367,48357
2016-04-04,46.279998779296875,46.279998779296875,46.275001525878906,46.20500183105469,46.20500183105469,2023
2016-04-05,45.41999816894531,45.41999816894531,45.720001220703125,45.45000076293945,45.720001220703125,20421
2016-04-06,45.77000045776367,45.77000045776367,45.685001373291016,45.400001525878906,45.63999938964844,559
2016-04-07,45.39500045776367,45.39500045776367,45.915000915527344,45.30500030517578,45.85499954223633,8600
2016-04-08,46.0,46.0,46.029998779296875,45.7400016784668,45.75,33879
2016-04-11,46.27000045776367,46.27000045776367,46.290000915527344,45.81999969482422,45.81999969482422,6955
2016-04-12,46.47999954223633,46.47999954223633,46.369998931884766,46.0099983215332,46.189998626708984,5453
2016-04-13,47.60499954223633,47.60499954223633,47.584999084472656,47.095001220703125,47.095001220703125,2317
2016-04-14,47.82500076293945,47.82500076293945,47.689998626708984,47.56999969482422,47.619998931884766,25318
2016-04-15,47.72999954223633,47.72999954223633,47.790000915527344,47.630001068115234,47.72999954223633,13208
2016-04-18,47.935001373291016,47.935001373291016,47.80500030517578,47.14500045776367,47.14500045776367,14480
2016-04-19,48.560001373291016,48.560001373291016,48.599998474121094,48.13999938964844,48.13999938964844,16343
2016-04-20,48.86000061035156,48.86000061035156,48.64500045776367,48.58000183105469,48.59000015258789,56421
2016-04-21,48.70500183105469,48.70500183105469,48.779998779296875,48.52000045776367,48.7400016784668,1219
2016-04-22,48.45500183105469,48.45500183105469,48.54999923706055,48.45000076293945,48.45000076293945,1501
2016-04-25,48.25,48.25,48.44499969482422,48.220001220703125,48.44499969482422,63397
2016-04-26,48.375,48.375,48.58000183105469,48.349998474121094,48.41999816894531,7641
2016-04-27,48.5,48.5,48.564998626708984,48.25,48.2599983215332,15653
2016-04-28,48.595001220703125,48.595001220703125,48.650001525878906,47.90999984741211,48.11000061035156,4179
2016-04-29,47.67499923706055,47.67499923706055,48.209999084472656,47.630001068115234,48.08000183105469,4303
2016-05-02,47.665000915527344,47.665000915527344,47.755001068115234,47.630001068115234,47.755001068115234,38206
2016-05-03,46.84000015258789,46.84000015258789,47.165000915527344,47.099998474121094,47.165000915527344,1840
2016-05-04,46.22999954223633,46.22999954223633,46.869998931884766,46.40999984741211,46.7400016784668,6795
2016-05-05,46.400001525878906,46.400001525878906,46.70000076293945,46.43000030517578,46.43000030517578,2374
2016-05-06,46.38999938964844,46.38999938964844,46.275001525878906,46.18000030517578,46.185001373291016,18233
2016-05-09,46.540000915527344,46.540000915527344,47.0099983215332,46.459999084472656,46.60499954223633,16963
2016-05-10,46.935001373291016,46.935001373291016,47.220001220703125,46.904998779296875,47.01499938964844,1111
2016-05-11,46.810001373291016,46.810001373291016,46.849998474121094,46.650001525878906,46.849998474121094,7375
2016-05-12,46.564998626708984,46.564998626708984,47.119998931884766,46.349998474121094,46.505001068115234,9412
2016-05-13,46.86000061035156,46.86000061035156,46.5,46.220001220703125,46.5,2883
2016-05-16,46.85499954223633,46.85499954223633,46.6349983215332,46.45000076293945,46.45000076293945,4255
2016-05-17,46.814998626708984,46.814998626708984,47.42499923706055,46.90999984741211,47.209999084472656,32211
2016-05-18,47.2599983215332,47.2599983215332,46.83000183105469,46.744998931884766,46.744998931884766,28364
2016-05-19,46.81999969482422,46.81999969482422,47.13999938964844,47.029998779296875,47.07500076293945,4768
2016-05-20,47.310001373291016,47.310001373291016,47.33000183105469,47.14500045776367,47.31999969482422,8924
2016-05-23,47.22999954223633,47.22999954223633,47.58000183105469,47.33000183105469,47.58000183105469,626
2016-05-24,48.290000915527344,48.290000915527344,47.650001525878906,46.900001525878906,47.07500076293945,1216
2016-05-25,48.82500076293945,48.82500076293945,48.88999938964844,48.75,48.75,5931
2016-05-26,48.97999954223633,48.97999954223633,48.959999084472656,48.81999969482422,48.869998931884766,12591
2016-05-27,49.04999923706055,49.04999923706055,49.040000915527344,48.86000061035156,48.86000061035156,899
2016-05-31,48.79999923706055,48.79999923706055,49.275001525878906,48.974998474121094,49.275001525878906,3244
2016-06-01,48.29999923706055,48.29999923706055,48.650001525878906,48.16999816894531,48.64500045776367,43323
2016-06-02,48.459999084472656,48.459999084472656,48.51499938964844,48.29999923706055,48.29999923706055,16202
2016-06-03,47.994998931884766,47.994998931884766,48.67499923706055,47.88999938964844,48.55500030517578,54943
2016-06-06,48.18000030517578,48.18000030517578,48.18000030517578,47.97999954223633,47.9900016784668,78014
2016-06-07,48.665000915527344,48.665000915527344,48.72999954223633,48.34000015258789,48.34000015258789,7086
2016-06-08,48.400001525878906,48.400001525878906,48.599998474121094,48.375,48.40999984741211,9873
2016-06-09,47.994998931884766,47.994998931884766,48.08000183105469,48.08000183105469,48.08000183105469,53
2016-06-10,46.86000061035156,46.86000061035156,47.665000915527344,46.755001068115234,47.665000915527344,70805
2016-06-13,46.060001373291016,46.060001373291016,46.35499954223633,46.11000061035156,46.33000183105469,6633
2016-06-14,45.08000183105469,45.08000183105469,45.529998779296875,45.099998474121094,45.36000061035156,2886
2016-06-15,45.54499816894531,45.54499816894531,45.70000076293945,45.584999084472656,45.599998474121094,2872
2016-06-16,45.29999923706055,45.29999923706055,45.345001220703125,45.02000045776367,45.02000045776367,996
2016-06-17,45.709999084472656,45.709999084472656,45.845001220703125,45.77000045776367,45.84000015258789,13646
2016-06-20,47.53499984741211,47.53499984741211,47.400001525878906,47.1349983215332,47.1349983215332,4147
2016-06-21,47.96500015258789,47.96500015258789,47.57500076293945,47.279998779296875,47.279998779296875,17117
2016-06-22,48.310001373291016,48.310001373291016,48.20000076293945,47.810001373291016,48.029998779296875,13387
2016-06-23,48.67499923706055,48.67499923706055,48.71500015258789,48.220001220703125,48.220001220703125,23105
2016-06-24,45.244998931884766,45.244998931884766,45.97999954223633,44.95000076293945,45.6349983215332,178450
2016-06-27,43.630001068115234,43.630001068115234,44.584999084472656,43.4900016784668,44.584999084472656,7074
2016-06-28,44.67499923706055,44.67499923706055,44.53499984741211,44.53499984741211,44.53499984741211,17000
2016-06-29,46.04999923706055,46.04999923706055,46.0,45.380001068115234,45.380001068115234,11879
2016-06-30,46.5099983215332,46.5099983215332,46.29499816894531,46.099998474121094,46.099998474121094,20390
2016-07-01,46.939998626708984,46.939998626708984,46.90999984741211,46.69499969482422,46.779998779296875,20523
2016-07-04,46.709999084472656,46.709999084472656,46.875,46.66999816894531,46.875,10148
2016-07-05,45.96500015258789,45.96500015258789,46.07500076293945,45.869998931884766,46.0,23693
2016-07-06,45.16999816894531,45.16999816894531,45.70500183105469,45.04999923706055,45.70500183105469,3557
2016-07-07,45.67499923706055,45.67499923706055,45.83000183105469,45.77000045776367,45.775001525878906,2552
2016-07-08,46.3849983215332,46.3849983215332,45.91999816894531,45.55500030517578,45.55500030517578,25025
2016-07-11,47.060001373291016,47.060001373291016,46.77000045776367,46.5099983215332,46.77000045776367,13103
2016-07-12,47.630001068115234,47.630001068115234,47.52000045776367,47.189998626708984,47.189998626708984,7336
2016-07-13,47.584999084472656,47.584999084472656,47.810001373291016,47.564998626708984,47.58000183105469,4543
2016-07-14,47.95000076293945,47.95000076293945,48.025001525878906,47.755001068115234,47.849998474121094,5135
2016-07-15,47.77000045776367,47.77000045776367,47.88999938964844,47.630001068115234,47.88999938964844,77484
2016-07-18,47.939998626708984,47.939998626708984,48.07500076293945,47.79999923706055,48.060001373291016,8056
2016-07-19,47.755001068115234,47.755001068115234,47.7400016784668,47.45000076293945,47.7400016784668,135315
2016-07-20,48.20000076293945,48.20000076293945,48.154998779296875,47.8650016784668,47.900001525878906,7597
2016-07-21,48.18000030517578,48.18000030517578,48.30500030517578,47.94499969482422,48.05500030517578,23290
2016-07-22,48.099998474121094,48.099998474121094,48.11000061035156,47.81999969482422,48.0099983215332,5485
2016-07-25,48.125,48.125,48.46500015258789,48.16999816894531,48.439998626708984,881
2016-07-26,48.290000915527344,48.290000915527344,48.255001068115234,47.98500061035156,48.130001068115234,9394
2016-07-27,48.45000076293945,48.45000076293945,48.59000015258789,48.38999938964844,48.38999938964844,30319
2016-07-28,48.03499984741211,48.03499984741211,48.51499938964844,48.040000915527344,48.2400016784668,12398
2016-07-29,48.224998474121094,48.224998474121094,48.18000030517578,47.9900016784668,47.9900016784668,3224
2016-08-01,48.01499938964844,48.01499938964844,48.540000915527344,48.0,48.505001068115234,36585
2016-08-02,47.380001068115234,47.380001068115234,47.869998931884766,47.349998474121094,47.869998931884766,10188
2016-08-03,47.380001068115234,47.380001068115234,47.44499969482422,47.30500030517578,47.349998474121094,5274
2016-08-04,47.71500015258789,47.71500015258789,47.720001220703125,47.595001220703125,47.619998931884766,11345
2016-08-05,48.20000076293945,48.20000076293945,48.20000076293945,47.98500061035156,47.98500061035156,1099
2016-08-08,48.27000045776367,48.27000045776367,48.3650016784668,48.189998626708984,48.3650016784668,2232
2016-08-09,48.709999084472656,48.709999084472656,48.619998931884766,48.15999984741211,48.15999984741211,2253
2016-08-10,48.564998626708984,48.564998626708984,48.709999084472656,48.52000045776367,48.529998779296875,10943
2016-08-11,48.994998931884766,48.994998931884766,48.790000915527344,48.790000915527344,48.790000915527344,274
2016-08-12,49.0099983215332,49.0099983215332,49.095001220703125,49.0,49.040000915527344,1922
2016-08-16,48.68000030517578,48.68000030517578,48.92499923706055,48.689998626708984,48.71500015258789,11947
2016-08-17,48.220001220703125,48.220001220703125,48.64500045776367,48.15999984741211,48.64500045776367,14428
2016-08-18,48.494998931884766,48.494998931884766,48.47999954223633,48.400001525878906,48.43000030517578,447
2016-08-19,48.19499969482422,48.19499969482422,48.43000030517578,48.189998626708984,48.43000030517578,4304
2016-08-22,48.1349983215332,48.1349983215332,48.130001068115234,47.994998931884766,48.130001068115234,1482
2016-08-23,48.654998779296875,48.654998779296875,48.709999084472656,48.38999938964844,48.38999938964844,2619
2016-08-24,48.79499816894531,48.79499816894531,48.8849983215332,48.415000915527344,48.45000076293945,61390
2016-08-25,48.415000915527344,48.415000915527344,48.45000076293945,48.28499984741211,48.369998931884766,18648
2016-08-26,48.71500015258789,48.71500015258789,48.36000061035156,48.33000183105469,48.33000183105469,2889
2016-08-29,48.599998474121094,48.599998474121094,48.540000915527344,48.33000183105469,48.334999084472656,14296
2016-08-30,48.880001068115234,48.880001068115234,48.875,48.84000015258789,48.845001220703125,13100
2016-08-31,48.71500015258789,48.71500015258789,49.029998779296875,48.720001220703125,48.845001220703125,1108
2016-09-01,48.64500045776367,48.64500045776367,49.084999084472656,49.005001068115234,49.005001068115234,3770
2016-09-02,49.724998474121094,49.724998474121094,48.94499969482422,48.81999969482422,48.81999969482422,3519
2016-09-05,49.689998626708984,49.689998626708984,49.79499816894531,49.70000076293945,49.7599983215332,29103
2016-09-06,49.46500015258789,49.46500015258789,49.72999954223633,49.6150016784668,49.72999954223633,12549
2016-09-07,49.6150016784668,49.6150016784668,49.63999938964844,49.51499938964844,49.54499816894531,13897
2016-09-08,49.5099983215332,49.5099983215332,49.70500183105469,49.150001525878906,49.59000015258789,31636
2016-09-09,48.94499969482422,48.94499969482422,49.3650016784668,49.2599983215332,49.32500076293945,47732
2016-09-12,48.44499969482422,48.44499969482422,48.404998779296875,47.93000030517578,48.375,144643
2016-09-13,47.95500183105469,47.95500183105469,48.67499923706055,48.650001525878906,48.67499923706055,255
2016-09-14,48.0,48.0,48.2400016784668,48.04999923706055,48.209999084472656,989
2016-09-15,48.255001068115234,48.255001068115234,48.16999816894531,47.84000015258789,47.84000015258789,2795
2016-09-16,47.790000915527344,47.790000915527344,48.150001525878906,47.81999969482422,48.150001525878906,2096
2016-09-19,48.345001220703125,48.345001220703125,48.28499984741211,48.279998779296875,48.279998779296875,2912
2016-09-20,48.32500076293945,48.32500076293945,48.435001373291016,48.314998626708984,48.345001220703125,12271
2016-09-21,48.525001525878906,48.525001525878906,48.77000045776367,48.60499954223633,48.72999954223633,18308
2016-09-22,49.27000045776367,49.27000045776367,49.36000061035156,48.814998626708984,48.81999969482422,9679
2016-09-23,48.94499969482422,48.94499969482422,49.02000045776367,48.94499969482422,49.02000045776367,35240
2016-09-26,48.165000915527344,48.165000915527344,48.310001373291016,48.224998474121094,48.2400016784668,14289
2016-09-27,48.165000915527344,48.165000915527344,48.42499923706055,48.255001068115234,48.42499923706055,3263
2016-09-28,48.505001068115234,48.505001068115234,48.685001373291016,48.525001525878906,48.525001525878906,13893
2016-09-29,48.57500076293945,48.57500076293945,48.849998474121094,48.83000183105469,48.849998474121094,96
2016-09-30,48.66999816894531,48.66999816894531,48.65999984741211,47.97999954223633,47.98500061035156,59156
2016-10-03,48.6349983215332,48.6349983215332,48.810001373291016,48.494998931884766,48.494998931884766,7274
2016-10-04,49.20000076293945,49.20000076293945,49.025001525878906,48.83000183105469,48.83000183105469,1358
2016-10-05,48.85499954223633,48.85499954223633,48.810001373291016,48.529998779296875,48.529998779296875,48947
2016-10-06,48.709999084472656,48.709999084472656,48.915000915527344,48.685001373291016,48.915000915527344,9489
2016-10-07,48.20500183105469,48.20500183105469,48.51499938964844,48.16999816894531,48.36000061035156,39123
2016-10-10,48.58000183105469,48.58000183105469,48.529998779296875,48.0,48.0,1187
2016-10-11,48.2400016784668,48.2400016784668,48.65999984741211,48.459999084472656,48.5,2498
2016-10-12,48.064998626708984,48.064998626708984,48.31999969482422,48.05500030517578,48.20000076293945,6718
2016-10-13,47.630001068115234,47.630001068115234,47.63999938964844,47.47999954223633,47.6349983215332,12489
2016-10-14,48.25,48.25,48.404998779296875,47.78499984741211,47.78499984741211,19112
2016-10-17,47.900001525878906,47.900001525878906,48.150001525878906,47.900001525878906,48.150001525878906,3999
2016-10-18,48.595001220703125,48.595001220703125,48.560001373291016,48.41999816894531,48.41999816894531,3754
2016-10-19,48.77000045776367,48.77000045776367,48.849998474121094,48.51499938964844,48.51499938964844,5017
2016-10-20,48.84000015258789,48.84000015258789,48.810001373291016,48.54499816894531,48.650001525878906,11550
2016-10-21,48.8849983215332,48.8849983215332,49.02000045776367,48.93000030517578,49.005001068115234,8105
2016-10-24,48.904998779296875,48.904998779296875,49.14500045776367,49.07500076293945,49.14500045776367,4990
2016-10-25,48.689998626708984,48.689998626708984,49.06999969482422,48.720001220703125,49.06999969482422,26469
2016-10-26,48.58000183105469,48.58000183105469,48.665000915527344,48.32500076293945,48.665000915527344,2286
2016-10-27,48.564998626708984,48.564998626708984,48.790000915527344,48.39500045776367,48.400001525878906,14860
2016-10-28,48.42499923706055,48.42499923706055,48.375,48.15999984741211,48.209999084472656,12063
2016-10-31,48.244998931884766,48.244998931884766,48.185001373291016,48.185001373291016,48.185001373291016,4
2016-11-01,47.6150016784668,47.6150016784668,48.279998779296875,48.279998779296875,48.279998779296875,135
2016-11-02,47.209999084472656,47.209999084472656,47.525001525878906,47.2599983215332,47.31999969482422,73525
2016-11-03,47.18000030517578,47.18000030517578,47.47999954223633,47.154998779296875,47.154998779296875,11336
2016-11-04,46.779998779296875,46.779998779296875,46.88999938964844,46.71500015258789,46.88999938964844,993
2016-11-07,47.46500015258789,47.46500015258789,47.435001373291016,47.23500061035156,47.380001068115234,13800
2016-11-08,47.654998779296875,47.654998779296875,47.63999938964844,47.45000076293945,47.63999938964844,22338
2016-11-09,48.375,48.375,48.345001220703125,46.970001220703125,46.994998931884766,50146
2016-11-10,48.334999084472656,48.334999084472656,48.875,48.439998626708984,48.875,2182
2016-11-11,47.95500183105469,47.95500183105469,48.529998779296875,48.060001373291016,48.529998779296875,1244
2016-11-14,48.17499923706055,48.17499923706055,48.52000045776367,48.0099983215332,48.52000045776367,19529
2016-11-15,48.31999969482422,48.31999969482422,48.2400016784668,48.125,48.15999984741211,24865
2016-11-16,48.275001525878906,48.275001525878906,48.51499938964844,48.209999084472656,48.51499938964844,78493
2016-11-17,48.54499816894531,48.54499816894531,48.459999084472656,48.125,48.16999816894531,10822
2016-11-18,48.380001068115234,48.380001068115234,48.69499969482422,48.34000015258789,48.69499969482422,4000
2016-11-21,48.474998474121094,48.474998474121094,48.54999923706055,48.15999984741211,48.22999954223633,7021
2016-11-22,48.59000015258789,48.59000015258789,48.82500076293945,48.68000030517578,48.82500076293945,16544
2016-11-23,48.625,48.625,48.68000030517578,48.39500045776367,48.67499923706055,7984
2016-11-24,48.70500183105469,48.70500183105469,48.689998626708984,48.584999084472656,48.685001373291016,10426
2016-11-25,48.834999084472656,48.834999084472656,48.81999969482422,48.6150016784668,48.71500015258789,16857
2016-11-28,48.415000915527344,48.415000915527344,48.63999938964844,48.31999969482422,48.63999938964844,15402
2016-11-29,48.54499816894531,48.54499816894531,48.58000183105469,48.43000030517578,48.43000030517578,5919
2016-11-30,48.78499984741211,48.78499984741211,48.79999923706055,48.57500076293945,48.57500076293945,446
2016-12-01,48.48500061035156,48.48500061035156,48.80500030517578,48.43000030517578,48.619998931884766,120395
2016-12-02,48.41999816894531,48.41999816894531,48.33000183105469,48.08000183105469,48.1349983215332,29853
2016-12-05,48.69499969482422,48.69499969482422,49.07500076293945,48.64500045776367,49.07500076293945,98
2016-12-06,49.13999938964844,49.13999938964844,49.06999969482422,48.63999938964844,48.63999938964844,8980
2016-12-07,49.599998474121094,49.599998474121094,49.529998779296875,49.48500061035156,49.494998931884766,3198
2016-12-08,50.27000045776367,50.27000045776367,50.220001220703125,49.66999816894531,49.71500015258789,23509
2016-12-09,50.720001220703125,50.720001220703125,50.720001220703125,50.27000045776367,50.290000915527344,1538
2016-12-12,50.47999954223633,50.47999954223633,50.720001220703125,50.529998779296875,50.720001220703125,3594
2016-12-13,51.040000915527344,51.040000915527344,50.959999084472656,50.400001525878906,50.400001525878906,21848
2016-12-14,50.84000015258789,50.84000015258789,50.90999984741211,50.7400016784668,50.900001525878906,4850
2016-12-15,51.2599983215332,51.2599983215332,51.310001373291016,50.939998626708984,50.95000076293945,1360
2016-12-16,51.2400016784668,51.2400016784668,51.369998931884766,51.04999923706055,51.209999084472656,14206
2016-12-19,51.369998931884766,51.369998931884766,51.36000061035156,51.25,51.27000045776367,20134
2016-12-20,51.630001068115234,51.630001068115234,51.54999923706055,51.439998626708984,51.52000045776367,1832
2016-12-21,51.47999954223633,51.47999954223633,51.58000183105469,51.47999954223633,51.47999954223633,5785
2016-12-22,51.310001373291016,51.310001373291016,51.459999084472656,51.22999954223633,51.45000076293945,17688
2016-12-23,51.369998931884766,51.369998931884766,51.41999816894531,51.36000061035156,51.40999984741211,13837
2016-12-27,51.5099983215332,51.5099983215332,51.5099983215332,51.38999938964844,51.5099983215332,1560
2016-12-28,51.58000183105469,51.58000183105469,51.599998474121094,51.5,51.5,1313
2016-12-29,51.38999938964844,51.38999938964844,51.4900016784668,51.2599983215332,51.2599983215332,39295
2016-12-30,51.439998626708984,51.439998626708984,51.54999923706055,51.209999084472656,51.209999084472656,1311
2017-01-02,51.880001068115234,51.880001068115234,51.91999816894531,51.81999969482422,51.81999969482422,234
2017-01-03,52.130001068115234,52.130001068115234,52.36000061035156,52.099998474121094,52.119998931884766,26088
2017-01-04,52.09000015258789,52.09000015258789,52.2599983215332,52.0099983215332,52.2599983215332,33255
2017-01-05,52.15999984741211,52.15999984741211,52.130001068115234,51.93000030517578,51.93000030517578,3765
2017-01-06,52.16999816894531,52.16999816894531,52.09000015258789,52.06999969482422,52.08000183105469,3354
2017-01-09,51.93000030517578,51.93000030517578,51.939998626708984,51.81999969482422,51.939998626708984,9908
2017-01-10,51.97999954223633,51.97999954223633,51.97999954223633,51.7400016784668,51.91999816894531,23643
2017-01-11,52.06999969482422,52.06999969482422,52.09000015258789,51.90999984741211,51.90999984741211,14080
2017-01-12,51.75,51.75,52.029998779296875,51.81999969482422,51.81999969482422,9583
2017-01-13,52.220001220703125,52.220001220703125,52.189998626708984,51.90999984741211,51.939998626708984,14035
2017-01-16,51.810001373291016,51.810001373291016,51.939998626708984,51.810001373291016,51.86000061035156,17644
2017-01-17,51.720001220703125,51.720001220703125,51.61000061035156,51.529998779296875,51.61000061035156,3866
2017-01-18,51.77000045776367,51.77000045776367,51.880001068115234,51.52000045776367,51.849998474121094,2855
2017-01-19,51.720001220703125,51.720001220703125,51.86000061035156,51.61000061035156,51.86000061035156,12024
2017-01-20,51.709999084472656,51.709999084472656,51.810001373291016,51.709999084472656,51.779998779296875,1519
2017-01-23,51.4900016784668,51.4900016784668,51.58000183105469,51.400001525878906,51.400001525878906,1152
2017-01-24,51.61000061035156,51.61000061035156,51.65999984741211,51.560001373291016,51.560001373291016,13921
2017-01-25,52.33000183105469,52.33000183105469,52.150001525878906,52.150001525878906,52.150001525878906,896
2017-01-26,52.36000061035156,52.36000061035156,52.61000061035156,52.5,52.540000915527344,2289
2017-01-27,52.2400016784668,52.2400016784668,52.25,52.189998626708984,52.189998626708984,37312
2017-01-30,51.65999984741211,51.65999984741211,51.9900016784668,51.75,51.90999984741211,1185
2017-01-31,51.41999816894531,51.41999816894531,51.84000015258789,51.70000076293945,51.84000015258789,1173
2017-02-01,51.7400016784668,51.7400016784668,51.9900016784668,51.7400016784668,51.77000045776367,10505
2017-02-02,51.689998626708984,51.689998626708984,51.790000915527344,51.58000183105469,51.72999954223633,19098
2017-02-03,52.0,52.0,51.970001220703125,51.630001068115234,51.630001068115234,41385
2017-02-06,51.63999938964844,51.63999938964844,52.06999969482422,51.650001525878906,51.97999954223633,7895
2017-02-07,51.77000045776367,51.77000045776367,51.88999938964844,51.58000183105469,51.58000183105469,5135
2017-02-08,51.90999984741211,51.90999984741211,52.040000915527344,51.90999984741211,51.90999984741211,3020
2017-02-09,52.380001068115234,52.380001068115234,52.25,52.060001373291016,52.060001373291016,23713
2017-02-10,52.439998626708984,52.439998626708984,52.470001220703125,52.33000183105469,52.380001068115234,4628
2017-02-13,52.869998931884766,52.869998931884766,52.900001525878906,52.540000915527344,52.540000915527344,30077
2017-02-14,52.83000183105469,52.83000183105469,52.849998474121094,52.720001220703125,52.720001220703125,1658
2017-02-15,53.029998779296875,53.029998779296875,53.06999969482422,52.81999969482422,52.86000061035156,2500
2017-02-16,52.81999969482422,52.81999969482422,52.900001525878906,52.81999969482422,52.900001525878906,653
2017-02-17,52.79999923706055,52.79999923706055,52.84000015258789,52.560001373291016,52.84000015258789,2337
2017-02-20,52.97999954223633,52.97999954223633,53.0099983215332,52.88999938964844,52.939998626708984,1009
2017-02-21,53.279998779296875,53.279998779296875,53.130001068115234,52.90999984741211,52.90999984741211,1641
2017-02-22,53.290000915527344,53.290000915527344,53.2599983215332,53.220001220703125,53.2599983215332,548
2017-02-23,53.220001220703125,53.220001220703125,53.40999984741211,53.29999923706055,53.310001373291016,39209
2017-02-24,52.88999938964844,52.88999938964844,53.08000183105469,52.72999954223633,53.08000183105469,493
2017-02-27,52.779998779296875,52.779998779296875,52.849998474121094,52.650001525878906,52.849998474121094,3742
2017-02-28,52.90999984741211,52.90999984741211,52.88999938964844,52.75,52.779998779296875,445
2017-03-01,53.619998931884766,53.619998931884766,53.540000915527344,53.34000015258789,53.34000015258789,11114
2017-03-02,53.68000030517578,53.68000030517578,53.66999816894531,53.560001373291016,53.560001373291016,789
2017-03-03,53.630001068115234,53.630001068115234,53.630001068115234,53.43000030517578,53.43000030517578,3451
2017-03-06,53.380001068115234,53.380001068115234,53.47999954223633,53.290000915527344,53.47999954223633,2764
2017-03-07,53.18000030517578,53.18000030517578,53.31999969482422,53.27000045776367,53.31999969482422,6939
2017-03-08,53.310001373291016,53.310001373291016,53.31999969482422,53.18000030517578,53.220001220703125,31414
2017-03-09,53.310001373291016,53.310001373291016,53.22999954223633,53.220001220703125,53.220001220703125,14811
2017-03-10,53.34000015258789,53.34000015258789,53.58000183105469,53.41999816894531,53.45000076293945,5822
2017-03-13,53.560001373291016,53.560001373291016,53.43000030517578,53.38999938964844,53.38999938964844,5560
2017-03-14,53.34000015258789,53.34000015258789,53.45000076293945,53.34000015258789,53.400001525878906,2027
2017-03-15,53.58000183105469,53.58000183105469,53.56999969482422,53.470001220703125,53.56999969482422,1322
2017-03-16,53.9900016784668,53.9900016784668,54.0,53.630001068115234,53.630001068115234,14888
2017-03-17,54.06999969482422,54.06999969482422,54.09000015258789,53.90999984741211,53.90999984741211,27579
2017-03-20,54.02000045776367,54.02000045776367,54.060001373291016,53.9900016784668,54.060001373291016,669
2017-03-21,53.720001220703125,53.720001220703125,54.119998931884766,53.70000076293945,53.939998626708984,9268
2017-03-22,53.540000915527344,53.540000915527344,53.38999938964844,53.209999084472656,53.369998931884766,4767
2017-03-23,53.959999084472656,53.959999084472656,53.689998626708984,53.47999954223633,53.47999954223633,2103
2017-03-24,53.90999984741211,53.90999984741211,53.939998626708984,53.77000045776367,53.84000015258789,16418
2017-03-27,53.7400016784668,53.7400016784668,53.689998626708984,53.43000030517578,53.47999954223633,11444
2017-03-28,54.06999969482422,54.06999969482422,53.939998626708984,53.779998779296875,53.939998626708984,1670
2017-03-29,54.2400016784668,54.2400016784668,54.209999084472656,54.02000045776367,54.18000030517578,4521
2017-03-30,54.540000915527344,54.540000915527344,54.349998474121094,54.2400016784668,54.29999923706055,6006
2017-03-31,54.689998626708984,54.689998626708984,54.599998474121094,54.310001373291016,54.439998626708984,4558
2017-04-03,54.40999984741211,54.40999984741211,54.810001373291016,54.72999954223633,54.810001373291016,3915
2017-04-04,54.459999084472656,54.459999084472656,54.459999084472656,54.33000183105469,54.459999084472656,2248
2017-04-05,54.5,54.5,54.720001220703125,54.560001373291016,54.560001373291016,6103
2017-04-06,54.65999984741211,54.65999984741211,54.56999969482422,54.2400016784668,54.2400016784668,786
2017-04-07,54.709999084472656,54.709999084472656,54.630001068115234,54.369998931884766,54.470001220703125,5036
2017-04-10,54.779998779296875,54.779998779296875,54.790000915527344,54.619998931884766,54.70000076293945,2500
2017-04-11,54.7400016784668,54.7400016784668,54.83000183105469,54.41999816894531,54.41999816894531,6529
2017-04-12,54.84000015258789,54.84000015258789,55.0,54.880001068115234,54.880001068115234,897
2017-04-13,54.58000183105469,54.58000183105469,54.599998474121094,54.52000045776367,54.560001373291016,576
2017-04-18,54.099998474121094,54.099998474121094,54.689998626708984,54.06999969482422,54.5,14861
2017-04-19,54.15999984741211,54.15999984741211,54.20000076293945,54.0,54.0,3566
2017-04-20,54.25,54.25,54.2400016784668,54.15999984741211,54.220001220703125,11481
2017-04-21,54.279998779296875,54.279998779296875,54.31999969482422,54.220001220703125,54.29999923706055,25290
2017-04-24,55.380001068115234,55.380001068115234,55.41999816894531,55.04999923706055,55.04999923706055,13574
2017-04-25,55.54999923706055,55.54999923706055,55.599998474121094,55.5,55.5,4110
2017-04-26,55.779998779296875,55.779998779296875,55.790000915527344,55.40999984741211,55.40999984741211,7521
2017-04-27,55.66999816894531,55.66999816894531,55.75,55.4900016784668,55.4900016784668,105
2017-04-28,55.63999938964844,55.63999938964844,55.68000030517578,55.52000045776367,55.58000183105469,1062
2017-05-02,55.93000030517578,55.93000030517578,55.869998931884766,55.66999816894531,55.66999816894531,15534
2017-05-03,55.90999984741211,55.90999984741211,56.0,55.81999969482422,55.84000015258789,8021
2017-05-04,56.34000015258789,56.34000015258789,56.290000915527344,56.0,56.0,14284
2017-05-05,56.75,56.75,56.650001525878906,56.20000076293945,56.439998626708984,21061
2017-05-08,56.7400016784668,56.7400016784668,56.97999954223633,56.70000076293945,56.97999954223633,1965
2017-05-09,57.08000183105469,57.08000183105469,57.119998931884766,56.93000030517578,56.93000030517578,12555
2017-05-10,57.150001525878906,57.150001525878906,57.16999816894531,56.939998626708984,57.130001068115234,4419
2017-05-11,56.93000030517578,56.93000030517578,57.209999084472656,56.90999984741211,57.209999084472656,766
2017-05-12,57.119998931884766,57.119998931884766,57.060001373291016,56.959999084472656,57.060001373291016,17876
2017-05-15,57.209999084472656,57.209999084472656,57.2599983215332,57.130001068115234,57.2599983215332,894
2017-05-16,57.310001373291016,57.310001373291016,57.18000030517578,57.099998474121094,57.13999938964844,4153
2017-05-17,56.54999923706055,56.54999923706055,57.150001525878906,56.849998474121094,57.150001525878906,6160
2017-05-18,56.349998474121094,56.349998474121094,56.36000061035156,56.099998474121094,56.34000015258789,2191
2017-05-19,56.65999984741211,56.65999984741211,56.66999816894531,56.59000015258789,56.59000015258789,471
2017-05-23,56.84000015258789,56.84000015258789,56.75,56.650001525878906,56.650001525878906,935
2017-05-24,56.790000915527344,56.790000915527344,56.880001068115234,56.72999954223633,56.810001373291016,4350
2017-05-25,56.77000045776367,56.77000045776367,56.86000061035156,56.77000045776367,56.81999969482422,1292
2017-05-26,56.650001525878906,56.650001525878906,56.650001525878906,56.349998474121094,56.650001525878906,22198
2017-05-29,56.65999984741211,56.65999984741211,56.599998474121094,56.599998474121094,56.599998474121094,600
2017-05-30,56.54999923706055,56.54999923706055,56.66999816894531,56.560001373291016,56.66999816894531,278
2017-05-31,56.61000061035156,56.61000061035156,56.849998474121094,56.54999923706055,56.599998474121094,2128
2017-06-01,56.83000183105469,56.83000183105469,56.84000015258789,56.709999084472656,56.7599983215332,1110
2017-06-02,56.900001525878906,56.900001525878906,57.0,56.95000076293945,57.0,3692
2017-06-05,56.77000045776367,56.77000045776367,56.900001525878906,56.779998779296875,56.900001525878906,311
2017-06-06,56.4900016784668,56.4900016784668,56.70000076293945,56.52000045776367,56.70000076293945,468
2017-06-07,56.41999816894531,56.41999816894531,56.7599983215332,56.58000183105469,56.619998931884766,952
2017-06-08,56.470001220703125,56.470001220703125,56.529998779296875,56.529998779296875,56.529998779296875,113
2017-06-09,56.619998931884766,56.619998931884766,56.65999984741211,56.470001220703125,56.470001220703125,1084
2017-06-12,56.18000030517578,56.18000030517578,56.36000061035156,56.2400016784668,56.36000061035156,1605
2017-06-13,56.400001525878906,56.400001525878906,56.43000030517578,56.369998931884766,56.369998931884766,9614
2017-06-14,56.33000183105469,56.33000183105469,56.84000015258789,56.47999954223633,56.720001220703125,40624
2017-06-15,56.11000061035156,56.11000061035156,56.0,55.810001373291016,56.0,2514
2017-06-16,56.380001068115234,56.380001068115234,56.380001068115234,56.33000183105469,56.33000183105469,7720
2017-06-19,56.939998626708984,56.939998626708984,56.880001068115234,56.849998474121094,56.869998931884766,9468
2017-06-20,56.58000183105469,56.58000183105469,57.04999923706055,56.63999938964844,57.04999923706055,1277
2017-06-21,56.41999816894531,56.41999816894531,56.439998626708984,56.06999969482422,56.09000015258789,2012
2017-06-22,56.439998626708984,56.439998626708984,56.25,56.15999984741211,56.220001220703125,811
2017-06-26,56.52000045776367,56.52000045776367,56.709999084472656,56.650001525878906,56.689998626708984,17968
2017-06-27,56.08000183105469,56.08000183105469,56.369998931884766,56.119998931884766,56.369998931884766,41230
2017-06-28,56.119998931884766,56.119998931884766,56.119998931884766,55.720001220703125,55.720001220703125,40737
2017-06-29,55.33000183105469,55.33000183105469,56.290000915527344,55.45000076293945,56.290000915527344,19274
2017-06-30,55.099998474121094,55.099998474121094,55.619998931884766,55.43000030517578,55.439998626708984,2103
2017-07-03,55.779998779296875,55.779998779296875,55.58000183105469,55.400001525878906,55.400001525878906,133
2017-07-04,55.65999984741211,55.65999984741211,55.70000076293945,55.65999984741211,55.65999984741211,457
2017-07-05,55.68000030517578,55.68000030517578,55.720001220703125,55.56999969482422,55.599998474121094,8341
2017-07-06,55.29999923706055,55.29999923706055,55.349998474121094,55.150001525878906,55.150001525878906,5350
2017-07-07,55.25,55.25,55.22999954223633,55.099998474121094,55.22999954223633,2839
2017-07-10,55.5,55.5,55.38999938964844,55.38999938964844,55.38999938964844,1500
2017-07-11,55.099998474121094,55.099998474121094,55.529998779296875,55.25,55.529998779296875,1715
2017-07-12,56.0099983215332,56.0099983215332,56.029998779296875,55.27000045776367,55.27000045776367,5535
2017-07-13,56.16999816894531,56.16999816894531,56.27000045776367,56.0099983215332,56.11000061035156,13311
2017-07-14,56.18000030517578,56.18000030517578,56.22999954223633,56.18000030517578,56.18000030517578,2326
2017-07-17,56.290000915527344,56.290000915527344,56.310001373291016,56.150001525878906,56.150001525878906,65917
2017-07-18,55.65999984741211,55.65999984741211,56.150001525878906,55.58000183105469,56.150001525878906,15548
2017-07-19,55.970001220703125,55.970001220703125,56.060001373291016,55.7400016784668,55.7400016784668,11855
2017-07-20,55.83000183105469,55.83000183105469,56.310001373291016,55.779998779296875,56.310001373291016,8791
2017-07-21,55.2599983215332,55.2599983215332,55.91999816894531,55.849998474121094,55.849998474121094,947
2017-07-24,55.040000915527344,55.040000915527344,55.209999084472656,55.04999923706055,55.13999938964844,6499
2017-07-25,55.41999816894531,55.41999816894531,55.5,55.18000030517578,55.20000076293945,5714
2017-07-26,55.650001525878906,55.650001525878906,55.810001373291016,55.68000030517578,55.77000045776367,7012
2017-07-27,55.529998779296875,55.529998779296875,55.689998626708984,55.689998626708984,55.689998626708984,68
2017-07-28,54.959999084472656,54.959999084472656,55.09000015258789,54.970001220703125,55.02000045776367,14049
2017-07-31,54.97999954223633,54.97999954223633,55.2599983215332,54.939998626708984,55.209999084472656,9595
2017-08-01,55.34000015258789,55.34000015258789,55.400001525878906,55.09000015258789,55.09000015258789,32735
2017-08-02,55.06999969482422,55.06999969482422,55.209999084472656,55.189998626708984,55.209999084472656,585
2017-08-03,55.060001373291016,55.060001373291016,55.099998474121094,54.93000030517578,54.93000030517578,82562
2017-08-04,55.61000061035156,55.61000061035156,55.650001525878906,55.029998779296875,55.04999923706055,10925
2017-08-07,55.52000045776367,55.52000045776367,55.619998931884766,55.619998931884766,55.619998931884766,615
2017-08-08,55.630001068115234,55.630001068115234,55.709999084472656,55.36000061035156,55.47999954223633,10961
2017-08-09,55.22999954223633,55.22999954223633,55.29999923706055,55.119998931884766,55.29999923706055,786
2017-08-10,54.68000030517578,54.68000030517578,55.060001373291016,55.060001373291016,55.060001373291016,319
2017-08-11,54.11000061035156,54.11000061035156,54.29999923706055,54.119998931884766,54.29999923706055,15443
2017-08-14,54.779998779296875,54.779998779296875,54.56999969482422,54.540000915527344,54.540000915527344,2128
2017-08-16,55.150001525878906,55.150001525878906,55.20000076293945,55.16999816894531,55.16999816894531,108
2017-08-17,54.880001068115234,54.880001068115234,55.099998474121094,55.09000015258789,55.09000015258789,620
2017-08-18,54.470001220703125,54.470001220703125,54.43000030517578,54.380001068115234,54.41999816894531,1698
2017-08-21,54.189998626708984,54.189998626708984,54.31999969482422,54.31999969482422,54.31999969482422,280
2017-08-22,54.709999084472656,54.709999084472656,54.650001525878906,54.650001525878906,54.650001525878906,3000
2017-08-23,54.43000030517578,54.43000030517578,54.540000915527344,54.5099983215332,54.5099983215332,5825
2017-08-24,54.58000183105469,54.58000183105469,54.619998931884766,54.529998779296875,54.529998779296875,2393
2017-08-25,54.5,54.5,54.65999984741211,54.630001068115234,54.630001068115234,2836
2017-08-28,54.150001525878906,54.150001525878906,54.38999938964844,54.33000183105469,54.33000183105469,353
2017-08-29,53.630001068115234,53.630001068115234,54.0,53.2599983215332,54.0,7787
2017-08-30,54.040000915527344,54.040000915527344,53.970001220703125,53.90999984741211,53.970001220703125,1479
2017-08-31,54.47999954223633,54.47999954223633,54.40999984741211,54.279998779296875,54.279998779296875,2068
2017-09-01,54.779998779296875,54.779998779296875,54.72999954223633,54.619998931884766,54.70000076293945,22823
2017-09-04,54.470001220703125,54.470001220703125,54.52000045776367,54.439998626708984,54.439998626708984,1343
2017-09-05,54.40999984741211,54.40999984741211,54.709999084472656,54.5,54.709999084472656,6174
2017-09-06,54.439998626708984,54.439998626708984,54.4900016784668,53.970001220703125,53.970001220703125,16436
2017-09-07,54.56999969482422,54.56999969482422,54.68000030517578,54.47999954223633,54.47999954223633,12209
2017-09-08,54.650001525878906,54.650001525878906,54.560001373291016,54.380001068115234,54.380001068115234,3472
2017-09-11,55.189998626708984,55.189998626708984,55.16999816894531,55.029998779296875,55.029998779296875,11093
2017-09-12,55.529998779296875,55.529998779296875,55.59000015258789,55.40999984741211,55.40999984741211,6168
2017-09-13,55.529998779296875,55.529998779296875,55.529998779296875,55.529998779296875,55.529998779296875,0
2017-09-14,55.66999816894531,55.66999816894531,55.63999938964844,55.400001525878906,55.43000030517578,102889
2017-09-15,55.40999984741211,55.40999984741211,55.63999938964844,55.38999938964844,55.540000915527344,18671
2017-09-18,55.65999984741211,55.65999984741211,55.66999816894531,55.47999954223633,55.47999954223633,23
2017-09-19,55.70000076293945,55.70000076293945,55.709999084472656,55.63999938964844,55.63999938964844,3024
2017-09-20,55.650001525878906,55.650001525878906,55.68000030517578,55.650001525878906,55.68000030517578,428
2017-09-21,55.869998931884766,55.869998931884766,55.900001525878906,55.810001373291016,55.900001525878906,461
2017-09-22,55.86000061035156,55.86000061035156,55.880001068115234,55.72999954223633,55.72999954223633,3677
2017-09-25,56.06999969482422,56.06999969482422,56.11000061035156,55.93000030517578,56.11000061035156,10325
2017-09-26,56.02000045776367,56.02000045776367,56.130001068115234,55.9900016784668,56.130001068115234,297
2017-09-27,56.279998779296875,56.279998779296875,56.29999923706055,56.15999984741211,56.15999984741211,3616
2017-09-28,56.349998474121094,56.349998474121094,56.27000045776367,56.15999984741211,56.220001220703125,8370
2017-09-29,56.56999969482422,56.56999969482422,56.5,56.38999938964844,56.41999816894531,993
2017-10-02,56.869998931884766,56.869998931884766,56.810001373291016,56.709999084472656,56.709999084472656,3208
2017-10-03,57.099998474121094,57.099998474121094,57.099998474121094,56.91999816894531,56.97999954223633,10074
2017-10-04,56.970001220703125,56.970001220703125,57.29999923706055,56.88999938964844,57.29999923706055,787
2017-10-05,57.04999923706055,57.04999923706055,57.04999923706055,56.84000015258789,56.84000015258789,9056
2017-10-06,56.84000015258789,56.84000015258789,57.02000045776367,56.880001068115234,57.02000045776367,2241
2017-10-09,56.959999084472656,56.959999084472656,57.040000915527344,56.939998626708984,57.040000915527344,2127
2017-10-10,56.959999084472656,56.959999084472656,56.95000076293945,56.86000061035156,56.88999938964844,3309
2017-10-11,56.970001220703125,56.970001220703125,56.959999084472656,56.900001525878906,56.90999984741211,16979
2017-10-12,56.9900016784668,56.9900016784668,57.0,56.97999954223633,56.97999954223633,4851
2017-10-13,57.209999084472656,57.209999084472656,57.189998626708984,57.060001373291016,57.189998626708984,3546
2017-10-16,57.16999816894531,57.16999816894531,57.2599983215332,57.220001220703125,57.22999954223633,1008
2017-10-17,57.119998931884766,57.119998931884766,57.220001220703125,57.130001068115234,57.20000076293945,24004
2017-10-18,57.189998626708984,57.189998626708984,57.25,57.06999969482422,57.06999969482422,30398
2017-10-19,56.83000183105469,56.83000183105469,56.880001068115234,56.66999816894531,56.810001373291016,23385
2017-10-20,57.0099983215332,57.0099983215332,57.04999923706055,56.93000030517578,56.93000030517578,43688
2017-10-23,57.06999969482422,57.06999969482422,57.15999984741211,57.08000183105469,57.08000183105469,9254
2017-10-24,56.93000030517578,56.93000030517578,57.029998779296875,56.900001525878906,57.029998779296875,7571
2017-10-25,56.54999923706055,56.54999923706055,57.0,56.54999923706055,56.970001220703125,8362
2017-10-26,57.209999084472656,57.209999084472656,56.970001220703125,56.970001220703125,56.970001220703125,5112
2017-10-27,57.5099983215332,57.5099983215332,57.459999084472656,57.400001525878906,57.41999816894531,1371
2017-10-30,57.5,57.5,57.56999969482422,57.369998931884766,57.38999938964844,15575
2017-10-31,57.790000915527344,57.790000915527344,57.779998779296875,57.52000045776367,57.52000045776367,4310
2017-11-01,57.970001220703125,57.970001220703125,58.09000015258789,57.97999954223633,58.08000183105469,7438
2017-11-02,57.709999084472656,57.709999084472656,57.900001525878906,57.560001373291016,57.88999938964844,5910
2017-11-03,57.86000061035156,57.86000061035156,57.77000045776367,57.75,57.7599983215332,1584
2017-11-06,57.959999084472656,57.959999084472656,57.93000030517578,57.7599983215332,57.77000045776367,37384
2017-11-07,57.65999984741211,57.65999984741211,58.060001373291016,57.65999984741211,57.88999938964844,65122
2017-11-08,57.58000183105469,57.58000183105469,57.66999816894531,57.470001220703125,57.66999816894531,779
2017-11-09,57.02000045776367,57.02000045776367,57.040000915527344,57.029998779296875,57.029998779296875,557
2017-11-10,56.7400016784668,56.7400016784668,56.900001525878906,56.720001220703125,56.779998779296875,27844
2017-11-13,56.439998626708984,56.439998626708984,56.70000076293945,56.5,56.70000076293945,1177
2017-11-14,56.060001373291016,56.060001373291016,56.150001525878906,56.040000915527344,56.150001525878906,11611
2017-11-15,55.84000015258789,55.84000015258789,55.88999938964844,55.54999923706055,55.54999923706055,30
2017-11-16,56.189998626708984,56.189998626708984,56.220001220703125,56.13999938964844,56.13999938964844,360
2017-11-17,56.029998779296875,56.029998779296875,56.09000015258789,56.0,56.02000045776367,15169
2017-11-20,56.400001525878906,56.400001525878906,56.400001525878906,56.130001068115234,56.130001068115234,549
2017-11-21,56.61000061035156,56.61000061035156,56.70000076293945,56.540000915527344,56.540000915527344,742
2017-11-22,56.470001220703125,56.470001220703125,56.709999084472656,56.619998931884766,56.689998626708984,290
2017-11-23,56.470001220703125,56.470001220703125,56.54999923706055,56.40999984741211,56.40999984741211,21013
2017-11-24,56.43000030517578,56.43000030517578,56.75,56.47999954223633,56.75,479
2017-11-27,56.16999816894531,56.16999816894531,56.47999954223633,56.34000015258789,56.470001220703125,1205
2017-11-28,56.5,56.5,56.52000045776367,56.41999816894531,56.41999816894531,1431
2017-11-29,56.630001068115234,56.630001068115234,56.9900016784668,56.83000183105469,56.849998474121094,10527
2017-11-30,56.439998626708984,56.439998626708984,57.0099983215332,56.56999969482422,57.0099983215332,7810
2017-12-01,55.97999954223633,55.97999954223633,56.119998931884766,56.099998474121094,56.099998474121094,355
2017-12-04,56.59000015258789,56.59000015258789,56.650001525878906,56.470001220703125,56.470001220703125,29772
2017-12-05,56.61000061035156,56.61000061035156,56.599998474121094,56.400001525878906,56.599998474121094,4617
2017-12-06,56.54999923706055,56.54999923706055,56.279998779296875,56.189998626708984,56.189998626708984,789
2017-12-07,56.54999923706055,56.54999923706055,56.650001525878906,56.61000061035156,56.650001525878906,183
2017-12-08,57.0,57.0,56.97999954223633,56.97999954223633,56.97999954223633,2404
2017-12-11,56.91999816894531,56.91999816894531,57.02000045776367,56.790000915527344,56.790000915527344,415
2017-12-12,57.34000015258789,57.34000015258789,57.13999938964844,57.060001373291016,57.060001373291016,1034
2017-12-13,57.220001220703125,57.220001220703125,57.290000915527344,57.27000045776367,57.27000045776367,428
2017-12-14,57.0099983215332,57.0099983215332,57.15999984741211,57.04999923706055,57.15999984741211,36528
2017-12-15,56.75,56.75,56.790000915527344,56.619998931884766,56.75,4539
2017-12-18,57.43000030517578,57.43000030517578,57.5099983215332,56.849998474121094,56.849998474121094,4347
2017-12-19,57.150001525878906,57.150001525878906,57.439998626708984,57.36000061035156,57.439998626708984,394
2017-12-20,56.75,56.75,57.18000030517578,57.060001373291016,57.18000030517578,4685
2017-12-21,57.11000061035156,57.11000061035156,56.720001220703125,56.56999969482422,56.619998931884766,2855
2017-12-22,57.04999923706055,57.04999923706055,57.11000061035156,56.959999084472656,57.08000183105469,6744
2017-12-27,57.09000015258789,57.09000015258789,57.220001220703125,56.97999954223633,57.220001220703125,633
2017-12-28,57.09000015258789,57.09000015258789,57.09000015258789,57.09000015258789,57.09000015258789,0
2017-12-29,57.09000015258789,57.09000015258789,57.09000015258789,57.09000015258789,57.09000015258789,0
2018-01-02,56.66999816894531,56.66999816894531,56.77000045776367,56.52000045776367,56.720001220703125,842
2018-01-03,57.13999938964844,57.13999938964844,57.209999084472656,56.869998931884766,56.869998931884766,40205
2018-01-04,57.630001068115234,57.630001068115234,57.650001525878906,57.38999938964844,57.470001220703125,6172
2018-01-05,58.119998931884766,58.119998931884766,58.060001373291016,57.86000061035156,57.86000061035156,2364
2018-01-08,58.349998474121094,58.349998474121094,58.349998474121094,58.279998779296875,58.31999969482422,6706
2018-01-09,58.58000183105469,58.58000183105469,58.529998779296875,58.470001220703125,58.4900016784668,8287
2018-01-10,58.310001373291016,58.310001373291016,58.31999969482422,58.31999969482422,58.31999969482422,340
2018-01-11,58.20000076293945,58.20000076293945,58.29999923706055,58.209999084472656,58.29999923706055,715
2018-01-12,58.20000076293945,58.20000076293945,58.20000076293945,58.20000076293945,58.20000076293945,0
2018-01-15,58.31999969482422,58.31999969482422,58.31999969482422,58.2400016784668,58.2400016784668,3025
2018-01-16,58.2400016784668,58.2400016784668,58.5099983215332,58.279998779296875,58.5099983215332,16102
2018-01-17,58.209999084472656,58.209999084472656,58.209999084472656,58.15999984741211,58.209999084472656,2563
2018-01-18,58.310001373291016,58.310001373291016,58.31999969482422,58.22999954223633,58.279998779296875,12159
2018-01-19,58.650001525878906,58.650001525878906,58.619998931884766,58.43000030517578,58.43000030517578,822
2018-01-22,58.81999969482422,58.81999969482422,58.849998474121094,58.689998626708984,58.689998626708984,7291
2018-01-23,58.79999923706055,58.79999923706055,59.08000183105469,58.79999923706055,59.0099983215332,34018
2018-01-24,58.650001525878906,58.650001525878906,58.95000076293945,58.63999938964844,58.869998931884766,2700
2018-01-25,58.220001220703125,58.220001220703125,58.7400016784668,58.16999816894531,58.58000183105469,73287
2018-01-26,58.560001373291016,58.560001373291016,58.619998931884766,58.470001220703125,58.470001220703125,10235
2018-01-29,58.43000030517578,58.43000030517578,58.58000183105469,58.43000030517578,58.43000030517578,11447
2018-01-30,57.959999084472656,57.959999084472656,58.310001373291016,57.83000183105469,58.290000915527344,15083
2018-01-31,57.7400016784668,57.7400016784668,58.040000915527344,57.880001068115234,58.040000915527344,906
2018-02-01,57.38999938964844,57.38999938964844,58.16999816894531,57.61000061035156,58.16999816894531,810
2018-02-02,56.68000030517578,56.68000030517578,57.02000045776367,56.900001525878906,56.939998626708984,816
2018-02-05,55.83000183105469,55.83000183105469,56.619998931884766,55.779998779296875,56.619998931884766,18451
2018-02-06,54.439998626708984,54.439998626708984,55.11000061035156,54.209999084472656,55.02000045776367,30534
2018-02-07,55.540000915527344,55.540000915527344,55.599998474121094,54.709999084472656,54.709999084472656,12661
2018-02-08,54.41999816894531,54.41999816894531,55.33000183105469,54.5,55.33000183105469,9159
2018-02-09,54.0099983215332,54.0099983215332,54.31999969482422,53.65999984741211,54.31999969482422,19864
2018-02-12,54.529998779296875,54.529998779296875,54.720001220703125,54.5099983215332,54.720001220703125,27334
2018-02-13,54.16999816894531,54.16999816894531,54.7400016784668,54.33000183105469,54.7400016784668,4803
2018-02-14,54.77000045776367,54.77000045776367,54.619998931884766,54.459999084472656,54.47999954223633,14065
2018-02-15,55.0,55.0,55.279998779296875,54.939998626708984,55.119998931884766,3767
2018-02-16,55.63999938964844,55.63999938964844,55.68000030517578,55.439998626708984,55.439998626708984,280
2018-02-19,55.22999954223633,55.22999954223633,55.529998779296875,55.529998779296875,55.529998779296875,35
2018-02-20,55.619998931884766,55.619998931884766,55.459999084472656,55.189998626708984,55.189998626708984,5794
2018-02-21,55.689998626708984,55.689998626708984,55.5,55.349998474121094,55.349998474121094,1043
2018-02-22,55.7400016784668,55.7400016784668,55.15999984741211,55.15999984741211,55.15999984741211,214
2018-02-23,55.7599983215332,55.7599983215332,55.709999084472656,55.54999923706055,55.54999923706055,7193
2018-02-26,56.099998474121094,56.099998474121094,56.119998931884766,56.0099983215332,56.0099983215332,763
2018-02-27,55.939998626708984,55.939998626708984,55.970001220703125,55.83000183105469,55.970001220703125,2585
2018-02-28,55.439998626708984,55.439998626708984,55.939998626708984,55.439998626708984,55.88999938964844,17121
2018-03-01,54.81999969482422,54.81999969482422,55.369998931884766,54.93000030517578,55.36000061035156,37277
2018-03-02,53.7599983215332,53.7599983215332,53.91999816894531,53.7400016784668,53.91999816894531,352
2018-03-05,54.34000015258789,54.34000015258789,54.04999923706055,54.04999923706055,54.04999923706055,6144
2018-03-06,54.38999938964844,54.38999938964844,54.79999923706055,54.619998931884766,54.68000030517578,9237
2018-03-07,54.54999923706055,54.54999923706055,54.5099983215332,54.119998931884766,54.220001220703125,24232
2018-03-08,55.130001068115234,55.130001068115234,55.040000915527344,55.040000915527344,55.040000915527344,73
2018-03-09,55.31999969482422,55.31999969482422,55.09000015258789,55.08000183105469,55.08000183105469,959
2018-03-12,55.4900016784668,55.4900016784668,55.52000045776367,55.5099983215332,55.5099983215332,76
2018-03-13,54.88999938964844,54.88999938964844,55.56999969482422,54.779998779296875,55.56999969482422,3687
2018-03-14,54.88999938964844,54.88999938964844,55.13999938964844,54.869998931884766,55.13999938964844,444
2018-03-15,55.209999084472656,55.209999084472656,54.9900016784668,54.959999084472656,54.959999084472656,222
2018-03-16,55.34000015258789,55.34000015258789,55.290000915527344,55.25,55.25,224
2018-03-19,54.7400016784668,54.7400016784668,55.099998474121094,54.79999923706055,55.0099983215332,1072
2018-03-20,55.02000045776367,55.02000045776367,54.81999969482422,54.650001525878906,54.650001525878906,130
2018-03-21,55.02000045776367,55.02000045776367,55.02000045776367,55.02000045776367,55.02000045776367,0
2018-03-22,54.040000915527344,54.040000915527344,54.41999816894531,54.099998474121094,54.41999816894531,316
2018-03-23,53.66999816894531,53.66999816894531,53.72999954223633,53.279998779296875,53.689998626708984,1711
2018-03-26,53.220001220703125,53.220001220703125,53.9900016784668,53.09000015258789,53.9900016784668,7473
2018-03-27,53.88999938964844,53.88999938964844,54.0099983215332,53.84000015258789,53.849998474121094,12738
2018-03-28,54.06999969482422,54.06999969482422,54.0,53.459999084472656,53.459999084472656,28472
2018-03-29,54.560001373291016,54.560001373291016,54.58000183105469,54.189998626708984,54.2400016784668,1447
2018-04-03,54.22999954223633,54.22999954223633,54.31999969482422,53.880001068115234,54.04999923706055,14730
2018-04-04,53.95000076293945,53.95000076293945,54.279998779296875,53.560001373291016,54.279998779296875,32820
2018-04-05,55.29999923706055,55.29999923706055,54.81999969482422,54.81999969482422,54.81999969482422,3
2018-04-06,55.04999923706055,55.04999923706055,55.119998931884766,55.06999969482422,55.06999969482422,19606
2018-04-09,55.18000030517578,55.18000030517578,55.47999954223633,55.04999923706055,55.45000076293945,11649
2018-04-10,55.68000030517578,55.68000030517578,55.59000015258789,55.59000015258789,55.59000015258789,324
2018-04-11,55.33000183105469,55.33000183105469,55.560001373291016,55.29999923706055,55.560001373291016,165
2018-04-12,55.70000076293945,55.70000076293945,55.36000061035156,55.290000915527344,55.36000061035156,637
2018-04-13,55.77000045776367,55.77000045776367,55.970001220703125,55.880001068115234,55.880001068115234,726
2018-04-16,55.59000015258789,55.59000015258789,55.790000915527344,55.540000915527344,55.790000915527344,386
2018-04-17,56.099998474121094,56.099998474121094,56.040000915527344,55.779998779296875,55.779998779296875,10236
2018-04-18,56.220001220703125,56.220001220703125,56.2400016784668,56.099998474121094,56.099998474121094,3114
2018-04-19,56.2599983215332,56.2599983215332,56.290000915527344,56.209999084472656,56.2599983215332,19183
2018-04-20,56.2400016784668,56.2400016784668,56.310001373291016,56.13999938964844,56.13999938964844,357
2018-04-23,56.4900016784668,56.4900016784668,56.220001220703125,56.119998931884766,56.119998931884766,4038
2018-04-24,56.45000076293945,56.45000076293945,56.58000183105469,56.529998779296875,56.54999923706055,600
2018-04-25,56.45000076293945,56.45000076293945,56.45000076293945,56.45000076293945,56.45000076293945,0
2018-04-26,56.65999984741211,56.65999984741211,56.369998931884766,56.15999984741211,56.2400016784668,11885
2018-04-27,56.83000183105469,56.83000183105469,56.79999923706055,56.779998779296875,56.779998779296875,242
2018-04-30,56.959999084472656,56.959999084472656,56.95000076293945,56.88999938964844,56.900001525878906,983
2018-05-02,57.380001068115234,57.380001068115234,57.349998474121094,57.20000076293945,57.20000076293945,1969
2018-05-03,57.380001068115234,57.380001068115234,57.380001068115234,57.380001068115234,57.380001068115234,0
2018-05-04,57.33000183105469,57.33000183105469,57.20000076293945,57.09000015258789,57.20000076293945,7491
2018-05-07,57.84000015258789,57.84000015258789,57.619998931884766,57.38999938964844,57.38999938964844,242
2018-05-08,57.790000915527344,57.790000915527344,57.77000045776367,57.58000183105469,57.58000183105469,6495
2018-05-09,58.22999954223633,58.22999954223633,58.13999938964844,57.93000030517578,57.93000030517578,1221
2018-05-10,58.290000915527344,58.290000915527344,58.33000183105469,58.11000061035156,58.33000183105469,2825
2018-05-11,58.34000015258789,58.34000015258789,58.279998779296875,58.220001220703125,58.279998779296875,1661
2018-05-14,58.33000183105469,58.33000183105469,58.349998474121094,58.2400016784668,58.349998474121094,31740
2018-05-15,58.43000030517578,58.43000030517578,58.540000915527344,58.38999938964844,58.38999938964844,444
2018-05-16,58.540000915527344,58.540000915527344,58.5,58.380001068115234,58.5,1527
2018-05-17,58.849998474121094,58.849998474121094,58.84000015258789,58.61000061035156,58.61000061035156,481
2018-05-18,58.779998779296875,58.779998779296875,58.880001068115234,58.84000015258789,58.880001068115234,5362
2018-05-21,59.119998931884766,59.119998931884766,59.27000045776367,58.9900016784668,58.9900016784668,29870
2018-05-22,59.29999923706055,59.29999923706055,59.220001220703125,58.9900016784668,59.02000045776367,5763
2018-05-23,58.5099983215332,58.5099983215332,59.0,58.470001220703125,59.0,6553
2018-05-24,58.25,58.25,58.720001220703125,58.54999923706055,58.54999923706055,4580
2018-05-25,58.27000045776367,58.27000045776367,58.459999084472656,58.279998779296875,58.40999984741211,2411
2018-05-28,58.060001373291016,58.060001373291016,58.54999923706055,57.959999084472656,58.54999923706055,1879
2018-05-29,57.33000183105469,57.33000183105469,57.709999084472656,57.20000076293945,57.709999084472656,1080
2018-05-30,57.290000915527344,57.290000915527344,57.540000915527344,57.18000030517578,57.310001373291016,2461
2018-05-31,57.16999816894531,57.16999816894531,57.560001373291016,56.68000030517578,57.29999923706055,31080
2018-06-01,57.61000061035156,57.61000061035156,57.68000030517578,57.68000030517578,57.68000030517578,70
2018-06-04,57.84000015258789,57.84000015258789,57.95000076293945,57.810001373291016,57.939998626708984,1053
2018-06-05,57.689998626708984,57.689998626708984,57.81999969482422,57.81999969482422,57.81999969482422,500
2018-06-06,57.63999938964844,57.63999938964844,57.7400016784668,57.29999923706055,57.7400016784668,13128
2018-06-07,57.560001373291016,57.560001373291016,57.970001220703125,57.70000076293945,57.970001220703125,4643
2018-06-08,57.38999938964844,57.38999938964844,57.18000030517578,57.099998474121094,57.099998474121094,1886
2018-06-11,57.86000061035156,57.86000061035156,57.79999923706055,57.63999938964844,57.63999938964844,885
2018-06-12,57.79999923706055,57.79999923706055,57.86000061035156,57.75,57.77000045776367,22189
2018-06-13,57.900001525878906,57.900001525878906,57.970001220703125,57.90999984741211,57.970001220703125,1484
2018-06-14,58.66999816894531,58.66999816894531,58.20000076293945,57.540000915527344,57.540000915527344,1027
2018-06-15,58.09000015258789,58.09000015258789,59.52000045776367,58.41999816894531,59.52000045776367,19594
2018-06-18,57.540000915527344,57.540000915527344,57.72999954223633,57.38999938964844,57.72999954223633,226
2018-06-19,57.13999938964844,57.13999938964844,57.02000045776367,57.02000045776367,57.02000045776367,6720
2018-06-20,57.369998931884766,57.369998931884766,57.5,57.349998474121094,57.5,1999
2018-06-21,56.779998779296875,56.779998779296875,57.34000015258789,56.810001373291016,57.31999969482422,4987
2018-06-22,57.43000030517578,57.43000030517578,57.36000061035156,56.869998931884766,56.869998931884766,2878
2018-06-25,57.43000030517578,57.43000030517578,57.43000030517578,57.43000030517578,57.43000030517578,0
2018-06-26,56.29999923706055,56.29999923706055,56.45000076293945,56.2400016784668,56.45000076293945,7962
2018-06-27,56.650001525878906,56.650001525878906,56.66999816894531,55.86000061035156,56.130001068115234,1294
2018-06-28,56.209999084472656,56.209999084472656,56.63999938964844,56.099998474121094,56.54999923706055,8359
2018-06-29,56.79999923706055,56.79999923706055,56.84000015258789,56.77000045776367,56.84000015258789,4229
2018-07-02,56.2599983215332,56.2599983215332,56.380001068115234,56.0,56.20000076293945,10343
2018-07-03,56.68000030517578,56.68000030517578,56.790000915527344,56.689998626708984,56.689998626708984,1106
2018-07-04,56.72999954223633,56.72999954223633,56.630001068115234,56.630001068115234,56.630001068115234,248
2018-07-05,56.9900016784668,56.9900016784668,57.02000045776367,56.939998626708984,56.97999954223633,8623
2018-07-06,56.9900016784668,56.9900016784668,56.9900016784668,56.9900016784668,56.9900016784668,0
2018-07-09,56.9900016784668,56.9900016784668,56.9900016784668,56.9900016784668,56.9900016784668,0
2018-07-10,57.70000076293945,57.70000076293945,57.630001068115234,57.52000045776367,57.52000045776367,646
2018-07-11,56.970001220703125,56.970001220703125,57.029998779296875,57.029998779296875,57.029998779296875,8
2018-07-12,57.400001525878906,57.400001525878906,57.380001068115234,57.0099983215332,57.11000061035156,3386
2018-07-13,57.560001373291016,57.560001373291016,57.58000183105469,57.439998626708984,57.439998626708984,49654
2018-07-16,57.34000015258789,57.34000015258789,57.58000183105469,57.29999923706055,57.529998779296875,15525
2018-07-17,57.47999954223633,57.47999954223633,57.31999969482422,57.2400016784668,57.31999969482422,1353
2018-07-18,57.7599983215332,57.7599983215332,57.75,57.75,57.75,340
2018-07-19,57.650001525878906,57.650001525878906,57.61000061035156,57.61000061035156,57.61000061035156,180
2018-07-20,57.599998474121094,57.599998474121094,57.70000076293945,57.31999969482422,57.65999984741211,1012
2018-07-23,57.43000030517578,57.43000030517578,57.31999969482422,57.31999969482422,57.31999969482422,583
2018-07-24,58.040000915527344,58.040000915527344,57.97999954223633,57.63999938964844,57.63999938964844,2746
2018-07-25,58.040000915527344,58.040000915527344,58.040000915527344,58.040000915527344,58.040000915527344,0
2018-07-26,58.2599983215332,58.2599983215332,58.16999816894531,58.0099983215332,58.16999816894531,876
2018-07-27,58.52000045776367,58.52000045776367,58.52000045776367,58.38999938964844,58.38999938964844,15933
2018-07-30,58.349998474121094,58.349998474121094,58.45000076293945,58.369998931884766,58.369998931884766,7262
2018-07-31,58.560001373291016,58.560001373291016,58.58000183105469,58.400001525878906,58.400001525878906,69
2018-08-01,58.15999984741211,58.15999984741211,58.27000045776367,58.209999084472656,58.209999084472656,14044
2018-08-02,57.720001220703125,57.720001220703125,57.75,57.75,57.75,48
2018-08-03,58.13999938964844,58.13999938964844,57.970001220703125,57.970001220703125,57.970001220703125,63
2018-08-06,58.0099983215332,58.0099983215332,58.029998779296875,58.029998779296875,58.029998779296875,545
2018-08-07,58.38999938964844,58.38999938964844,58.45000076293945,58.22999954223633,58.22999954223633,2170
2018-08-08,58.209999084472656,58.209999084472656,58.27000045776367,58.20000076293945,58.20000076293945,1914
2018-08-09,58.33000183105469,58.33000183105469,58.06999969482422,58.06999969482422,58.06999969482422,14
2018-08-10,57.689998626708984,57.689998626708984,57.93000030517578,57.7599983215332,57.81999969482422,6327
2018-08-13,57.59000015258789,57.59000015258789,57.58000183105469,57.5099983215332,57.5099983215332,2085
2018-08-14,57.619998931884766,57.619998931884766,57.75,57.599998474121094,57.7400016784668,16000
2018-08-16,57.02000045776367,57.02000045776367,57.060001373291016,56.91999816894531,56.97999954223633,4988
2018-08-17,57.0,57.0,57.08000183105469,56.7400016784668,57.08000183105469,14648
2018-08-20,57.0,57.0,57.0,57.0,57.0,0
2018-08-21,57.5,57.5,57.540000915527344,57.540000915527344,57.540000915527344,20
2018-08-22,57.47999954223633,57.47999954223633,57.470001220703125,57.470001220703125,57.470001220703125,7000
2018-08-23,57.34000015258789,57.34000015258789,57.58000183105469,57.540000915527344,57.54999923706055,1350
2018-08-24,57.38999938964844,57.38999938964844,57.5099983215332,57.40999984741211,57.5099983215332,1600
2018-08-27,57.7599983215332,57.7599983215332,57.720001220703125,57.4900016784668,57.4900016784668,7093
2018-08-28,57.720001220703125,57.720001220703125,57.75,57.66999816894531,57.66999816894531,355
2018-08-29,57.81999969482422,57.81999969482422,57.68000030517578,57.68000030517578,57.68000030517578,53
2018-08-30,57.81999969482422,57.81999969482422,57.81999969482422,57.81999969482422,57.81999969482422,0
2018-08-31,57.119998931884766,57.119998931884766,57.349998474121094,57.130001068115234,57.29999923706055,6017
2018-09-03,57.209999084472656,57.209999084472656,57.220001220703125,57.16999816894531,57.189998626708984,820
2018-09-04,56.790000915527344,56.790000915527344,57.31999969482422,56.63999938964844,57.31999969482422,3448
2018-09-05,56.13999938964844,56.13999938964844,56.63999938964844,56.209999084472656,56.63999938964844,43716
2018-09-06,55.849998474121094,55.849998474121094,56.279998779296875,55.880001068115234,56.029998779296875,11409
2018-09-07,55.880001068115234,55.880001068115234,55.93000030517578,55.630001068115234,55.93000030517578,3261
2018-09-10,56.16999816894531,56.16999816894531,56.189998626708984,55.900001525878906,55.95000076293945,12469
2018-09-11,56.06999969482422,56.06999969482422,56.18000030517578,56.150001525878906,56.18000030517578,709
2018-09-12,56.34000015258789,56.34000015258789,56.369998931884766,56.189998626708984,56.369998931884766,3203
2018-09-13,56.310001373291016,56.310001373291016,56.540000915527344,56.439998626708984,56.529998779296875,1373
2018-09-14,56.529998779296875,56.529998779296875,56.5,56.349998474121094,56.47999954223633,4821
2018-09-17,56.560001373291016,56.560001373291016,56.58000183105469,56.29999923706055,56.29999923706055,3972
2018-09-18,56.599998474121094,56.599998474121094,56.63999938964844,56.54999923706055,56.560001373291016,22675
2018-09-19,56.83000183105469,56.83000183105469,56.849998474121094,56.66999816894531,56.79999923706055,1272
2018-09-20,57.2599983215332,57.2599983215332,57.16999816894531,56.91999816894531,56.939998626708984,8160
2018-09-21,57.4900016784668,57.4900016784668,57.599998474121094,57.4900016784668,57.59000015258789,4929
2018-09-24,57.2400016784668,57.2400016784668,57.43000030517578,57.16999816894531,57.369998931884766,3460
2018-09-25,57.5,57.5,57.47999954223633,57.349998474121094,57.349998474121094,1429
2018-09-26,57.66999816894531,57.66999816894531,57.599998474121094,57.459999084472656,57.459999084472656,1861
2018-09-27,57.90999984741211,57.90999984741211,57.83000183105469,57.400001525878906,57.400001525878906,380
2018-09-28,57.47999954223633,57.47999954223633,57.7599983215332,57.29999923706055,57.720001220703125,9720
2018-10-01,57.630001068115234,57.630001068115234,57.68000030517578,57.4900016784668,57.4900016784668,13577
2018-10-02,57.27000045776367,57.27000045776367,57.40999984741211,57.18000030517578,57.40999984741211,1952
2018-10-03,57.65999984741211,57.65999984741211,57.72999954223633,57.40999984741211,57.470001220703125,10427
2018-10-04,57.02000045776367,57.02000045776367,57.439998626708984,57.0,57.439998626708984,24824
2018-10-05,56.529998779296875,56.529998779296875,56.939998626708984,56.58000183105469,56.939998626708984,14917
2018-10-08,55.93000030517578,55.93000030517578,56.09000015258789,56.04999923706055,56.09000015258789,66
2018-10-09,56.099998474121094,56.099998474121094,56.06999969482422,55.709999084472656,55.970001220703125,11216
2018-10-10,55.27000045776367,55.27000045776367,55.970001220703125,55.88999938964844,55.88999938964844,1129
2018-10-11,54.11000061035156,54.11000061035156,54.52000045776367,54.130001068115234,54.52000045776367,3164
2018-10-12,53.959999084472656,53.959999084472656,54.560001373291016,54.040000915527344,54.560001373291016,5809
2018-10-15,54.04999923706055,54.04999923706055,54.0099983215332,53.65999984741211,53.77000045776367,48667
2018-10-16,54.790000915527344,54.790000915527344,54.599998474121094,54.13999938964844,54.13999938964844,4652
2018-10-17,54.58000183105469,54.58000183105469,54.93000030517578,54.56999969482422,54.86000061035156,25173
2018-10-18,54.349998474121094,54.349998474121094,54.86000061035156,54.36000061035156,54.810001373291016,4009
2018-10-19,54.2599983215332,54.2599983215332,54.470001220703125,54.040000915527344,54.349998474121094,13085
2018-10-22,54.06999969482422,54.06999969482422,54.65999984741211,54.06999969482422,54.58000183105469,14355
2018-10-23,53.20000076293945,53.20000076293945,53.63999938964844,53.20000076293945,53.459999084472656,15712
2018-10-24,53.11000061035156,53.11000061035156,53.91999816894531,53.11000061035156,53.5099983215332,4043
2018-10-25,53.45000076293945,53.45000076293945,53.349998474121094,52.63999938964844,52.720001220703125,10305
2018-10-26,52.84000015258789,52.84000015258789,53.099998474121094,52.599998474121094,53.099998474121094,4370
2018-10-29,53.529998779296875,53.529998779296875,53.810001373291016,53.189998626708984,53.189998626708984,5333
2018-10-30,53.58000183105469,53.58000183105469,53.68000030517578,53.439998626708984,53.66999816894531,2079
2018-10-31,54.47999954223633,54.47999954223633,54.54999923706055,54.29999923706055,54.43000030517578,26304
2018-11-01,54.560001373291016,54.560001373291016,54.810001373291016,54.59000015258789,54.66999816894531,164
2018-11-02,54.81999969482422,54.81999969482422,55.209999084472656,54.779998779296875,55.209999084472656,1663
2018-11-05,54.81999969482422,54.81999969482422,54.81999969482422,54.81999969482422,54.81999969482422,0
2018-11-06,54.56999969482422,54.56999969482422,54.70000076293945,54.470001220703125,54.70000076293945,54212
2018-11-07,55.11000061035156,55.11000061035156,55.150001525878906,55.06999969482422,55.06999969482422,37594
2018-11-08,55.16999816894531,55.16999816894531,55.5,55.189998626708984,55.380001068115234,47803
2018-11-09,55.02000045776367,55.02000045776367,55.0099983215332,54.83000183105469,54.88999938964844,3330
2018-11-12,54.56999969482422,54.56999969482422,55.209999084472656,54.58000183105469,55.209999084472656,17712
2018-11-13,54.9900016784668,54.9900016784668,54.84000015258789,54.68000030517578,54.84000015258789,6016
2018-11-14,54.650001525878906,54.650001525878906,55.08000183105469,54.29999923706055,54.29999923706055,308
2018-11-15,54.11000061035156,54.11000061035156,54.34000015258789,54.31999969482422,54.31999969482422,40
2018-11-16,54.08000183105469,54.08000183105469,54.529998779296875,53.84000015258789,54.52000045776367,12723
2018-11-19,53.630001068115234,53.630001068115234,54.099998474121094,54.029998779296875,54.099998474121094,8190
2018-11-20,53.040000915527344,53.040000915527344,53.29999923706055,52.90999984741211,53.2599983215332,546
2018-11-21,53.650001525878906,53.650001525878906,53.34000015258789,53.189998626708984,53.189998626708984,24815
2018-11-22,53.2599983215332,53.2599983215332,53.310001373291016,53.25,53.25,4692
2018-11-23,53.470001220703125,53.470001220703125,53.41999816894531,53.33000183105469,53.41999816894531,348
2018-11-26,54.15999984741211,54.15999984741211,54.099998474121094,53.91999816894531,54.029998779296875,58844
2018-11-27,54.0,54.0,54.11000061035156,53.900001525878906,54.04999923706055,1634
2018-11-28,54.0,54.0,54.0,54.0,54.0,0
2018-11-29,54.15999984741211,54.15999984741211,54.130001068115234,54.02000045776367,54.02000045776367,8834
2018-11-30,53.93000030517578,53.93000030517578,54.06999969482422,53.81999969482422,53.81999969482422,900
2018-12-03,54.599998474121094,54.599998474121094,55.0099983215332,54.61000061035156,54.939998626708984,19741
2018-12-04,54.189998626708984,54.189998626708984,54.52000045776367,54.189998626708984,54.5,1690
2018-12-05,53.52000045776367,53.52000045776367,53.70000076293945,53.619998931884766,53.619998931884766,86
2018-12-06,51.68000030517578,51.68000030517578,52.709999084472656,51.810001373291016,52.709999084472656,3874
2018-12-07,52.209999084472656,52.209999084472656,52.61000061035156,52.119998931884766,52.119998931884766,2673
2018-12-10,51.22999954223633,51.22999954223633,51.88999938964844,51.459999084472656,51.880001068115234,8507
2018-12-11,52.13999938964844,52.13999938964844,51.61000061035156,51.61000061035156,51.61000061035156,165
2018-12-12,52.13999938964844,52.13999938964844,52.13999938964844,52.13999938964844,52.13999938964844,0
2018-12-13,52.790000915527344,52.790000915527344,53.04999923706055,52.7599983215332,53.04999923706055,2138
2018-12-14,52.439998626708984,52.439998626708984,52.630001068115234,52.099998474121094,52.11000061035156,20287
2018-12-17,51.91999816894531,51.91999816894531,52.439998626708984,51.93000030517578,52.439998626708984,7326
2018-12-18,51.52000045776367,51.52000045776367,51.83000183105469,51.56999969482422,51.599998474121094,29322
2018-12-19,51.68000030517578,51.68000030517578,51.709999084472656,51.529998779296875,51.529998779296875,1457
2018-12-20,50.849998474121094,50.849998474121094,51.119998931884766,50.77000045776367,51.06999969482422,18137
2018-12-21,50.77000045776367,50.77000045776367,50.880001068115234,50.45000076293945,50.45000076293945,1564
2018-12-27,49.79999923706055,49.79999923706055,50.86000061035156,49.654998779296875,50.86000061035156,35
2018-12-28,50.75,50.75,50.86000061035156,50.04999923706055,50.06999969482422,9081
2019-01-02,50.88999938964844,50.88999938964844,51.119998931884766,50.40999984741211,50.40999984741211,1613
2019-01-03,50.529998779296875,50.529998779296875,50.720001220703125,50.560001373291016,50.70000076293945,4834
2019-01-04,51.86000061035156,51.86000061035156,51.91999816894531,50.79999923706055,50.83000183105469,8930
2019-01-07,51.689998626708984,51.689998626708984,51.68000030517578,51.599998474121094,51.599998474121094,656
2019-01-08,52.2400016784668,52.2400016784668,52.459999084472656,51.9900016784668,51.9900016784668,7641
2019-01-09,52.459999084472656,52.459999084472656,52.5099983215332,52.43000030517578,52.47999954223633,671
2019-01-10,52.52000045776367,52.52000045776367,52.47999954223633,52.45000076293945,52.45000076293945,1580
2019-01-11,52.599998474121094,52.599998474121094,52.7599983215332,52.47999954223633,52.630001068115234,67885
2019-01-14,52.310001373291016,52.310001373291016,52.36000061035156,52.279998779296875,52.36000061035156,39
2019-01-15,52.58000183105469,52.58000183105469,52.54999923706055,52.400001525878906,52.529998779296875,7243
2019-01-16,52.75,52.75,52.869998931884766,52.61000061035156,52.869998931884766,2988
2019-01-17,52.83000183105469,52.83000183105469,52.7599983215332,52.68000030517578,52.7400016784668,282
2019-01-18,53.81999969482422,53.81999969482422,53.709999084472656,53.27000045776367,53.27000045776367,1404
2019-01-21,53.650001525878906,53.650001525878906,53.650001525878906,53.47999954223633,53.47999954223633,30111
2019-01-22,53.439998626708984,53.439998626708984,53.63999938964844,53.43000030517578,53.619998931884766,1024
2019-01-23,53.400001525878906,53.400001525878906,53.4900016784668,53.16999816894531,53.16999816894531,14684
2019-01-24,53.54999923706055,53.54999923706055,53.65999984741211,53.5,53.5,2611
2019-01-25,53.86000061035156,53.86000061035156,53.939998626708984,53.849998474121094,53.88999938964844,5270
2019-01-28,53.349998474121094,53.349998474121094,53.7400016784668,53.63999938964844,53.63999938964844,2421
2019-01-29,53.7599983215332,53.7599983215332,53.77000045776367,53.720001220703125,53.7400016784668,336
2019-01-30,53.95000076293945,53.95000076293945,54.029998779296875,53.790000915527344,53.790000915527344,5679
2019-01-31,54.06999969482422,54.06999969482422,54.310001373291016,53.81999969482422,54.27000045776367,2137
2019-02-01,54.220001220703125,54.220001220703125,54.220001220703125,54.04999923706055,54.220001220703125,5667
2019-02-04,54.16999816894531,54.16999816894531,54.13999938964844,54.13999938964844,54.13999938964844,87
2019-02-05,55.029998779296875,55.029998779296875,55.0,54.36000061035156,54.36000061035156,2178
2019-02-06,55.099998474121094,55.099998474121094,55.029998779296875,54.95000076293945,54.95000076293945,477
2019-02-07,54.38999938964844,54.38999938964844,55.06999969482422,54.619998931884766,55.06999969482422,1569
2019-02-08,54.04999923706055,54.04999923706055,54.40999984741211,53.97999954223633,54.40999984741211,530
2019-02-11,54.5,54.5,54.47999954223633,54.279998779296875,54.310001373291016,231
2019-02-12,54.5,54.5,54.5,54.5,54.5,0
2019-02-13,55.060001373291016,55.060001373291016,55.16999816894531,54.90999984741211,54.90999984741211,7164
2019-02-14,54.959999084472656,54.959999084472656,55.33000183105469,54.970001220703125,55.33000183105469,10958
2019-02-15,55.689998626708984,55.689998626708984,55.75,55.09000015258789,55.09000015258789,923
2019-02-18,55.77000045776367,55.77000045776367,55.79999923706055,55.63999938964844,55.70000076293945,894
2019-02-19,55.689998626708984,55.689998626708984,55.66999816894531,55.56999969482422,55.56999969482422,888
2019-02-20,56.08000183105469,56.08000183105469,55.970001220703125,55.77000045776367,55.77000045776367,1037
2019-02-21,55.93000030517578,55.93000030517578,56.150001525878906,55.90999984741211,56.150001525878906,13287
2019-02-22,56.119998931884766,56.119998931884766,56.11000061035156,55.97999954223633,55.9900016784668,4112
2019-02-25,56.220001220703125,56.220001220703125,56.2599983215332,56.209999084472656,56.2400016784668,17811
2019-02-26,56.459999084472656,56.459999084472656,56.4900016784668,56.0099983215332,56.0099983215332,676
2019-02-27,56.209999084472656,56.209999084472656,56.25,56.099998474121094,56.16999816894531,767
2019-02-28,56.33000183105469,56.33000183105469,56.2599983215332,56.02000045776367,56.02000045776367,1800
2019-03-01,56.4900016784668,56.4900016784668,56.599998474121094,56.540000915527344,56.599998474121094,6982
2019-03-04,56.68000030517578,56.68000030517578,56.84000015258789,56.72999954223633,56.779998779296875,1612
2019-03-05,56.810001373291016,56.810001373291016,56.630001068115234,56.54999923706055,56.54999923706055,3615
2019-03-06,56.75,56.75,56.790000915527344,56.709999084472656,56.720001220703125,11261
2019-03-07,56.52000045776367,56.52000045776367,56.7400016784668,56.41999816894531,56.560001373291016,1056
2019-03-08,56.130001068115234,56.130001068115234,56.150001525878906,56.02000045776367,56.130001068115234,4868
2019-03-11,56.5,56.5,56.22999954223633,56.22999954223633,56.22999954223633,293
2019-03-12,56.470001220703125,56.470001220703125,56.529998779296875,56.38999938964844,56.529998779296875,126
2019-03-13,56.77000045776367,56.77000045776367,56.75,56.5,56.54999923706055,2041
2019-03-14,57.279998779296875,57.279998779296875,57.2400016784668,57.0,57.2400016784668,7754
2019-03-15,57.68000030517578,57.68000030517578,57.650001525878906,57.43000030517578,57.43000030517578,28666
2019-03-18,57.810001373291016,57.810001373291016,57.75,57.70000076293945,57.70000076293945,93
2019-03-19,58.18000030517578,58.18000030517578,58.310001373291016,57.880001068115234,57.90999984741211,17985
2019-03-20,57.709999084472656,57.709999084472656,57.959999084472656,57.66999816894531,57.95000076293945,3939
2019-03-21,57.619998931884766,57.619998931884766,57.63999938964844,57.54999923706055,57.54999923706055,12095
2019-03-22,56.900001525878906,56.900001525878906,57.599998474121094,56.939998626708984,57.599998474121094,7814
2019-03-25,56.720001220703125,56.720001220703125,56.619998931884766,56.5,56.529998779296875,1400
2019-03-26,57.119998931884766,57.119998931884766,56.869998931884766,56.869998931884766,56.869998931884766,108
2019-03-27,57.16999816894531,57.16999816894531,57.189998626708984,56.97999954223633,57.189998626708984,185
2019-03-28,57.06999969482422,57.06999969482422,57.369998931884766,57.220001220703125,57.31999969482422,755
2019-03-29,57.439998626708984,57.439998626708984,57.27000045776367,57.27000045776367,57.27000045776367,5
2019-04-01,58.130001068115234,58.130001068115234,58.130001068115234,57.880001068115234,57.880001068115234,1683
2019-04-02,58.380001068115234,58.380001068115234,58.189998626708984,58.119998931884766,58.189998626708984,577
2019-04-03,58.86000061035156,58.86000061035156,58.7599983215332,58.70000076293945,58.70000076293945,941
2019-04-04,58.779998779296875,58.779998779296875,58.72999954223633,58.72999954223633,58.72999954223633,26
2019-04-05,58.959999084472656,58.959999084472656,58.90999984741211,58.810001373291016,58.810001373291016,678
2019-04-08,58.79999923706055,58.79999923706055,58.79999923706055,58.75,58.75,183
2019-04-09,58.59000015258789,58.59000015258789,59.02000045776367,58.65999984741211,59.02000045776367,4210
2019-04-10,58.68000030517578,58.68000030517578,58.68000030517578,58.59000015258789,58.59000015258789,574
2019-04-11,58.79999923706055,58.79999923706055,58.900001525878906,58.540000915527344,58.63999938964844,868
2019-04-12,58.869998931884766,58.869998931884766,58.81999969482422,58.81999969482422,58.81999969482422,2577
2019-04-15,59.04999923706055,59.04999923706055,59.150001525878906,58.849998474121094,58.900001525878906,23253
2019-04-16,59.2599983215332,59.2599983215332,59.279998779296875,59.25,59.279998779296875,2218
2019-04-17,59.279998779296875,59.279998779296875,59.380001068115234,59.15999984741211,59.209999084472656,37145
2019-04-18,59.380001068115234,59.380001068115234,59.47999954223633,59.380001068115234,59.470001220703125,3969
2019-04-23,59.61000061035156,59.61000061035156,59.630001068115234,59.54999923706055,59.54999923706055,372
2019-04-24,59.529998779296875,59.529998779296875,59.68000030517578,59.470001220703125,59.470001220703125,98
2019-04-25,59.459999084472656,59.459999084472656,59.529998779296875,59.310001373291016,59.5,5342
2019-04-26,59.59000015258789,59.59000015258789,59.529998779296875,59.380001068115234,59.43000030517578,14017
2019-04-29,59.66999816894531,59.66999816894531,59.7400016784668,59.560001373291016,59.58000183105469,17767
2019-04-30,59.66999816894531,59.66999816894531,59.66999816894531,59.66999816894531,59.66999816894531,0
2019-05-02,59.41999816894531,59.41999816894531,59.66999816894531,59.540000915527344,59.66999816894531,1901
2019-05-03,59.619998931884766,59.619998931884766,59.63999938964844,59.52000045776367,59.52000045776367,21303
2019-05-06,59.040000915527344,59.040000915527344,58.93000030517578,58.4900016784668,58.4900016784668,9572
2019-05-07,58.25,58.25,59.189998626708984,58.27000045776367,59.08000183105469,3702
2019-05-08,58.439998626708984,58.439998626708984,58.2400016784668,58.08000183105469,58.08000183105469,228
2019-05-09,57.470001220703125,57.470001220703125,58.06999969482422,57.4900016784668,58.06999969482422,431
2019-05-10,57.75,57.75,58.0,57.70000076293945,58.0,932
2019-05-13,57.029998779296875,57.029998779296875,57.70000076293945,57.060001373291016,57.70000076293945,9594
2019-05-14,57.56999969482422,57.56999969482422,57.459999084472656,57.43000030517578,57.43000030517578,3591
2019-05-15,57.880001068115234,57.880001068115234,57.619998931884766,57.56999969482422,57.619998931884766,78
2019-05-16,58.63999938964844,58.63999938964844,58.209999084472656,58.130001068115234,58.209999084472656,4445
2019-05-17,58.63999938964844,58.63999938964844,58.63999938964844,58.63999938964844,58.63999938964844,0
2019-05-20,57.86000061035156,57.86000061035156,57.81999969482422,57.81999969482422,57.81999969482422,282
2019-05-21,58.25,58.25,58.31999969482422,58.310001373291016,58.31999969482422,766
2019-05-22,58.25,58.25,58.22999954223633,58.20000076293945,58.20000076293945,566
2019-05-23,57.40999984741211,57.40999984741211,57.45000076293945,57.45000076293945,57.45000076293945,1339
2019-05-24,57.7400016784668,57.7400016784668,57.880001068115234,57.72999954223633,57.880001068115234,424
2019-05-27,57.900001525878906,57.900001525878906,58.150001525878906,57.869998931884766,58.150001525878906,838
2019-05-28,57.79999923706055,57.79999923706055,57.93000030517578,57.66999816894531,57.66999816894531,4954
2019-05-29,57.029998779296875,57.029998779296875,56.93000030517578,56.93000030517578,56.93000030517578,72
2019-05-30,57.380001068115234,57.380001068115234,57.369998931884766,57.2599983215332,57.369998931884766,1589
2019-05-31,56.880001068115234,56.880001068115234,56.86000061035156,56.599998474121094,56.810001373291016,1210
2019-06-03,57.08000183105469,57.08000183105469,56.91999816894531,56.540000915527344,56.540000915527344,1188
2019-06-04,57.470001220703125,57.470001220703125,57.45000076293945,56.70000076293945,56.720001220703125,1285
2019-06-05,57.54999923706055,57.54999923706055,57.66999816894531,57.45000076293945,57.66999816894531,16442
2019-06-06,57.540000915527344,57.540000915527344,58.0099983215332,57.630001068115234,57.91999816894531,1309
2019-06-07,58.04999923706055,58.04999923706055,58.08000183105469,58.0,58.02000045776367,375
2019-06-10,58.34000015258789,58.34000015258789,58.349998474121094,58.349998474121094,58.349998474121094,271
2019-06-11,58.63999938964844,58.63999938964844,58.650001525878906,58.47999954223633,58.47999954223633,16
2019-06-12,58.470001220703125,58.470001220703125,58.369998931884766,58.310001373291016,58.369998931884766,126
2019-06-13,58.540000915527344,58.540000915527344,58.650001525878906,58.59000015258789,58.650001525878906,374
2019-06-14,58.29999923706055,58.29999923706055,58.33000183105469,58.2400016784668,58.2400016784668,318
2019-06-17,58.31999969482422,58.31999969482422,58.400001525878906,58.29999923706055,58.34000015258789,1252
2019-06-18,59.349998474121094,59.349998474121094,59.38999938964844,58.900001525878906,58.900001525878906,29223
2019-06-19,59.33000183105469,59.33000183105469,59.33000183105469,59.20000076293945,59.20000076293945,179
2019-06-20,59.63999938964844,59.63999938964844,59.689998626708984,59.689998626708984,59.689998626708984,25
2019-06-21,59.22999954223633,59.22999954223633,59.650001525878906,59.630001068115234,59.650001525878906,689
2019-06-24,59.119998931884766,59.119998931884766,59.470001220703125,59.220001220703125,59.38999938964844,17502
2019-06-25,59.130001068115234,59.130001068115234,59.119998931884766,59.06999969482422,59.09000015258789,10242
2019-06-26,58.90999984741211,58.90999984741211,59.09000015258789,58.97999954223633,58.97999954223633,347
2019-06-27,58.939998626708984,58.939998626708984,59.09000015258789,58.93000030517578,59.06999969482422,3465
2019-06-28,59.36000061035156,59.36000061035156,59.25,58.939998626708984,58.939998626708984,5056
2019-07-01,59.77000045776367,59.77000045776367,59.90999984741211,59.77000045776367,59.880001068115234,43238
2019-07-02,60.02000045776367,60.02000045776367,60.040000915527344,59.779998779296875,59.779998779296875,9692
2019-07-03,60.4900016784668,60.4900016784668,60.4900016784668,60.470001220703125,60.470001220703125,2262
2019-07-04,60.560001373291016,60.560001373291016,60.58000183105469,60.5,60.560001373291016,570
2019-07-05,60.13999938964844,60.13999938964844,60.380001068115234,60.02000045776367,60.36000061035156,2611
2019-07-08,60.11000061035156,60.11000061035156,60.209999084472656,60.099998474121094,60.209999084472656,11
2019-07-09,59.810001373291016,59.810001373291016,59.91999816894531,59.810001373291016,59.81999969482422,1143
2019-07-10,59.70000076293945,59.70000076293945,59.93000030517578,59.70000076293945,59.70000076293945,374
2019-07-11,59.599998474121094,59.599998474121094,59.86000061035156,59.66999816894531,59.790000915527344,11562
2019-07-12,59.56999969482422,59.56999969482422,59.65999984741211,59.63999938964844,59.63999938964844,820
2019-07-15,59.779998779296875,59.779998779296875,59.79999923706055,59.45000076293945,59.63999938964844,487
2019-07-16,59.900001525878906,59.900001525878906,59.810001373291016,59.72999954223633,59.810001373291016,619
2019-07-17,59.70000076293945,59.70000076293945,59.9900016784668,59.959999084472656,59.9900016784668,240
2019-07-18,59.47999954223633,59.47999954223633,59.47999954223633,59.400001525878906,59.400001525878906,6257
2019-07-19,59.619998931884766,59.619998931884766,59.86000061035156,59.58000183105469,59.86000061035156,392
2019-07-22,59.65999984741211,59.65999984741211,59.65999984741211,59.65999984741211,59.65999984741211,2537
2019-07-23,60.380001068115234,60.380001068115234,60.45000076293945,60.0,60.0,1077
2019-07-24,60.310001373291016,60.310001373291016,60.40999984741211,60.310001373291016,60.33000183105469,2783
2019-07-25,60.060001373291016,60.060001373291016,60.83000183105469,60.040000915527344,60.630001068115234,4726
2019-07-26,60.060001373291016,60.060001373291016,60.060001373291016,60.060001373291016,60.060001373291016,0
2019-07-29,60.310001373291016,60.310001373291016,60.380001068115234,60.290000915527344,60.290000915527344,335
2019-07-30,59.43000030517578,59.43000030517578,60.13999938964844,59.279998779296875,60.119998931884766,14316
2019-07-31,59.529998779296875,59.529998779296875,59.61000061035156,59.33000183105469,59.380001068115234,6539
2019-08-01,59.810001373291016,59.810001373291016,59.810001373291016,59.599998474121094,59.619998931884766,642
2019-08-02,58.349998474121094,58.349998474121094,58.849998474121094,58.439998626708984,58.599998474121094,1883
2019-08-05,56.970001220703125,56.970001220703125,57.209999084472656,57.0099983215332,57.209999084472656,1000
2019-08-06,56.689998626708984,56.689998626708984,57.220001220703125,56.959999084472656,56.959999084472656,400
2019-08-07,56.75,56.75,57.22999954223633,56.40999984741211,56.810001373291016,4525
2019-08-08,57.66999816894531,57.66999816894531,57.470001220703125,57.27000045776367,57.27000045776367,4062
2019-08-09,57.27000045776367,57.27000045776367,57.54999923706055,57.540000915527344,57.540000915527344,197
2019-08-12,57.27000045776367,57.27000045776367,57.27000045776367,57.27000045776367,57.27000045776367,0
2019-08-13,57.5,57.5,57.59000015258789,56.66999816894531,56.95000076293945,12380
2019-08-14,56.439998626708984,56.439998626708984,57.31999969482422,56.52000045776367,57.31999969482422,6842
2019-08-16,57.11000061035156,57.11000061035156,57.150001525878906,56.93000030517578,57.0099983215332,4465
2019-08-19,57.7400016784668,57.7400016784668,57.709999084472656,57.4900016784668,57.529998779296875,4358
2019-08-20,57.34000015258789,57.34000015258789,57.88999938964844,57.40999984741211,57.779998779296875,1781
2019-08-21,57.34000015258789,57.34000015258789,57.34000015258789,57.34000015258789,57.34000015258789,0
2019-08-22,57.709999084472656,57.709999084472656,58.150001525878906,57.79999923706055,57.939998626708984,20815
2019-08-23,57.36000061035156,57.36000061035156,58.11000061035156,57.5,58.11000061035156,4678
2019-08-26,57.380001068115234,57.380001068115234,57.47999954223633,57.220001220703125,57.47999954223633,7221
2019-08-27,57.65999984741211,57.65999984741211,57.63999938964844,57.439998626708984,57.439998626708984,4168
2019-08-28,57.650001525878906,57.650001525878906,57.529998779296875,57.310001373291016,57.4900016784668,7070
2019-08-29,58.20000076293945,58.20000076293945,58.189998626708984,57.689998626708984,57.689998626708984,1506
2019-08-30,58.560001373291016,58.560001373291016,58.70000076293945,58.369998931884766,58.369998931884766,14863
2019-09-02,58.84000015258789,58.84000015258789,58.970001220703125,58.790000915527344,58.790000915527344,15238
2019-09-03,58.689998626708984,58.689998626708984,58.72999954223633,58.5,58.54999923706055,2967
2019-09-04,59.290000915527344,59.290000915527344,59.36000061035156,59.189998626708984,59.36000061035156,908
2019-09-05,59.689998626708984,59.689998626708984,59.689998626708984,59.619998931884766,59.619998931884766,920
2019-09-06,59.86000061035156,59.86000061035156,59.869998931884766,59.689998626708984,59.720001220703125,1192
2019-09-09,59.86000061035156,59.86000061035156,59.86000061035156,59.86000061035156,59.86000061035156,0
2019-09-10,59.810001373291016,59.810001373291016,59.79999923706055,59.47999954223633,59.47999954223633,1152
2019-09-11,60.279998779296875,60.279998779296875,60.290000915527344,60.290000915527344,60.290000915527344,4485
2019-09-12,60.43000030517578,60.43000030517578,60.72999954223633,60.290000915527344,60.290000915527344,3151
2019-09-13,60.61000061035156,60.61000061035156,60.5099983215332,60.470001220703125,60.470001220703125,5197
2019-09-16,60.349998474121094,60.349998474121094,60.349998474121094,60.27000045776367,60.27000045776367,173
2019-09-17,60.189998626708984,60.189998626708984,60.27000045776367,59.9900016784668,60.27000045776367,2357
2019-09-18,60.2400016784668,60.2400016784668,60.220001220703125,60.209999084472656,60.209999084472656,1619
2019-09-19,60.59000015258789,60.59000015258789,60.61000061035156,60.34000015258789,60.34000015258789,6720
2019-09-20,60.75,60.75,60.779998779296875,60.63999938964844,60.66999816894531,1260
2019-09-23,60.34000015258789,60.34000015258789,60.61000061035156,60.290000915527344,60.61000061035156,345
2019-09-24,60.290000915527344,60.290000915527344,60.43000030517578,60.34000015258789,60.43000030517578,4061
2019-09-25,59.900001525878906,59.900001525878906,59.5,59.4900016784668,59.4900016784668,3162
2019-09-26,60.369998931884766,60.369998931884766,60.439998626708984,60.27000045776367,60.27000045776367,4177
2019-09-27,60.61000061035156,60.61000061035156,60.689998626708984,60.56999969482422,60.58000183105469,2880
2019-09-30,60.83000183105469,60.83000183105469,60.709999084472656,60.599998474121094,60.68000030517578,24758
2019-10-01,60.099998474121094,60.099998474121094,60.77000045776367,60.16999816894531,60.77000045776367,3865
2019-10-02,58.470001220703125,58.470001220703125,59.4900016784668,59.16999816894531,59.470001220703125,7769
2019-10-03,58.40999984741211,58.40999984741211,58.529998779296875,58.0,58.0,56
2019-10-04,58.810001373291016,58.810001373291016,58.5,58.439998626708984,58.5,2339
2019-10-07,59.22999954223633,59.22999954223633,59.029998779296875,58.77000045776367,58.86000061035156,12032
2019-10-08,58.66999816894531,58.66999816894531,59.11000061035156,58.59000015258789,59.04999923706055,2774
2019-10-09,58.83000183105469,58.83000183105469,58.91999816894531,58.77000045776367,58.77000045776367,510
2019-10-10,59.33000183105469,59.33000183105469,58.90999984741211,58.900001525878906,58.900001525878906,184
2019-10-11,60.5099983215332,60.5099983215332,60.349998474121094,59.58000183105469,59.58000183105469,2586
2019-10-14,60.25,60.25,60.310001373291016,60.08000183105469,60.08000183105469,2037
2019-10-15,60.93000030517578,60.93000030517578,60.970001220703125,60.5,60.66999816894531,1308
2019-10-16,60.869998931884766,60.869998931884766,60.849998474121094,60.7599983215332,60.79999923706055,1399
2019-10-17,60.86000061035156,60.86000061035156,61.2599983215332,60.68000030517578,60.68000030517578,2703
2019-10-18,60.599998474121094,60.599998474121094,60.68000030517578,60.650001525878906,60.650001525878906,81
2019-10-21,60.97999954223633,60.97999954223633,61.0,60.7400016784668,60.790000915527344,16444
2019-10-22,61.060001373291016,61.060001373291016,60.939998626708984,60.75,60.81999969482422,7700
2019-10-23,61.11000061035156,61.11000061035156,61.02000045776367,60.869998931884766,61.02000045776367,7984
2019-10-24,61.47999954223633,61.47999954223633,61.54999923706055,61.380001068115234,61.43000030517578,45525
2019-10-25,61.56999969482422,61.56999969482422,61.439998626708984,61.20000076293945,61.439998626708984,40621
2019-10-28,61.81999969482422,61.81999969482422,61.869998931884766,61.5,61.5,6575
2019-10-29,61.619998931884766,61.619998931884766,61.52000045776367,61.5099983215332,61.52000045776367,4055
2019-10-30,61.70000076293945,61.70000076293945,61.68000030517578,61.47999954223633,61.650001525878906,3553
2019-10-31,61.52000045776367,61.52000045776367,61.81999969482422,61.439998626708984,61.81999969482422,549
2019-11-01,61.75,61.75,61.849998474121094,61.619998931884766,61.619998931884766,1965
2019-11-04,62.43000030517578,62.43000030517578,62.459999084472656,62.18000030517578,62.18000030517578,9040
2019-11-05,62.599998474121094,62.599998474121094,62.560001373291016,62.43000030517578,62.43000030517578,1515
2019-11-06,62.65999984741211,62.65999984741211,62.70000076293945,62.56999969482422,62.56999969482422,580
2019-11-07,62.880001068115234,62.880001068115234,62.95000076293945,62.90999984741211,62.90999984741211,2861
2019-11-08,62.720001220703125,62.720001220703125,62.810001373291016,62.630001068115234,62.70000076293945,1098
2019-11-11,62.77000045776367,62.77000045776367,62.66999816894531,62.560001373291016,62.560001373291016,138
2019-11-12,63.060001373291016,63.060001373291016,63.029998779296875,62.75,62.83000183105469,29557
2019-11-13,62.849998474121094,62.849998474121094,62.689998626708984,62.59000015258789,62.619998931884766,32924
2019-11-14,62.63999938964844,62.63999938964844,62.79999923706055,62.650001525878906,62.790000915527344,348
2019-11-15,62.810001373291016,62.810001373291016,62.779998779296875,62.5099983215332,62.779998779296875,6946
2019-11-18,62.77000045776367,62.77000045776367,62.95000076293945,62.70000076293945,62.88999938964844,2650
2019-11-19,62.720001220703125,62.720001220703125,63.119998931884766,62.81999969482422,63.040000915527344,2609
2019-11-20,62.529998779296875,62.529998779296875,62.45000076293945,62.2400016784668,62.43000030517578,18593
2019-11-21,62.290000915527344,62.290000915527344,62.29999923706055,62.04999923706055,62.04999923706055,6154
2019-11-22,62.56999969482422,62.56999969482422,62.58000183105469,62.52000045776367,62.52000045776367,292
2019-11-25,63.25,63.25,63.06999969482422,63.0,63.06999969482422,6791
2019-11-26,63.279998779296875,63.279998779296875,63.2599983215332,63.09000015258789,63.130001068115234,2191
2019-11-27,63.45000076293945,63.45000076293945,63.40999984741211,63.40999984741211,63.40999984741211,217
2019-11-28,63.36000061035156,63.36000061035156,63.34000015258789,63.34000015258789,63.34000015258789,164
2019-11-29,63.15999984741211,63.15999984741211,63.400001525878906,63.150001525878906,63.400001525878906,575
2019-12-02,62.11000061035156,62.11000061035156,63.380001068115234,62.77000045776367,63.380001068115234,499
2019-12-03,61.68000030517578,61.68000030517578,62.349998474121094,61.599998474121094,62.349998474121094,13217
2019-12-04,62.33000183105469,62.33000183105469,62.31999969482422,62.02000045776367,62.02000045776367,1162
2019-12-05,62.34000015258789,62.34000015258789,62.70000076293945,62.619998931884766,62.70000076293945,13615
2019-12-06,63.06999969482422,63.06999969482422,63.0099983215332,62.41999816894531,62.41999816894531,18344
2019-12-09,62.900001525878906,62.900001525878906,63.060001373291016,62.900001525878906,63.060001373291016,128510
2019-12-10,62.75,62.75,62.79999923706055,62.16999816894531,62.70000076293945,11629
2019-12-11,62.90999984741211,62.90999984741211,62.95000076293945,62.61000061035156,62.720001220703125,38003
2019-12-12,63.189998626708984,63.189998626708984,63.33000183105469,62.790000915527344,63.029998779296875,876
2019-12-13,63.720001220703125,63.720001220703125,64.12000274658203,63.790000915527344,63.939998626708984,21841
2019-12-16,64.66000366210938,64.66000366210938,64.5999984741211,64.33999633789062,64.38999938964844,38302
2019-12-17,64.16999816894531,64.16999816894531,64.31999969482422,64.16999816894531,64.30000305175781,799
2019-12-18,64.2300033569336,64.2300033569336,64.30999755859375,64.2300033569336,64.29000091552734,1250
2019-12-19,64.20999908447266,64.20999908447266,64.19999694824219,64.08000183105469,64.08000183105469,434
2019-12-20,64.72000122070312,64.72000122070312,64.58000183105469,64.58000183105469,64.58000183105469,36
2019-12-23,64.73999786376953,64.73999786376953,64.80000305175781,64.7699966430664,64.79000091552734,475
2019-12-27,64.94000244140625,64.94000244140625,65.12000274658203,64.87999725341797,65.01000213623047,8464
2019-12-30,64.4000015258789,64.4000015258789,64.76000213623047,64.37000274658203,64.76000213623047,2416
2020-01-02,65.05000305175781,65.05000305175781,65.16000366210938,65.05999755859375,65.05999755859375,447
2020-01-03,64.72000122070312,64.72000122070312,64.66999816894531,64.37999725341797,64.5199966430664,7378
2020-01-06,64.48999786376953,64.48999786376953,64.04000091552734,63.93000030517578,64.04000091552734,4153
2020-01-07,64.72000122070312,64.72000122070312,64.91999816894531,64.63999938964844,64.91000366210938,2406
2020-01-08,64.7699966430664,64.7699966430664,64.80000305175781,64.37999725341797,64.44000244140625,933
2020-01-09,64.91999816894531,64.91999816894531,65.18000030517578,64.98999786376953,65.13999938964844,44207
2020-01-10,64.83999633789062,64.83999633789062,64.97000122070312,64.91999816894531,64.93000030517578,446
2020-01-13,64.66999816894531,64.66999816894531,64.91999816894531,64.54000091552734,64.91999816894531,86
2020-01-14,64.87000274658203,64.87000274658203,64.83000183105469,64.4000015258789,64.4000015258789,3425
2020-01-15,64.88999938964844,64.88999938964844,64.9000015258789,64.73999786376953,64.9000015258789,52
2020-01-16,65.04000091552734,65.04000091552734,64.94000244140625,64.81999969482422,64.81999969482422,835
2020-01-17,65.66000366210938,65.66000366210938,65.58999633789062,65.44999694824219,65.44999694824219,339
2020-01-20,65.69000244140625,65.69000244140625,65.69000244140625,65.58999633789062,65.58999633789062,16040
2020-01-21,65.47000122070312,65.47000122070312,65.31999969482422,65.08000183105469,65.08000183105469,3841
2020-01-22,65.37000274658203,65.37000274658203,65.7300033569336,65.36000061035156,65.7300033569336,2415
2020-01-23,64.9800033569336,64.9800033569336,65.3499984741211,65.04000091552734,65.3499984741211,6657
2020-01-24,65.52999877929688,65.52999877929688,65.7699966430664,65.61000061035156,65.7699966430664,357
2020-01-27,64.0199966430664,64.0199966430664,64.44000244140625,64.12000274658203,64.44000244140625,371
2020-01-28,64.56999969482422,64.56999969482422,64.61000061035156,64.16000366210938,64.16000366210938,2664
2020-01-29,64.86000061035156,64.86000061035156,64.76000213623047,64.70999908447266,64.70999908447266,1106
2020-01-30,64.16000366210938,64.16000366210938,64.43000030517578,64.3499984741211,64.43000030517578,2348
2020-01-31,63.4900016784668,63.4900016784668,63.970001220703125,63.5,63.90999984741211,8021
2020-02-03,63.58000183105469,63.58000183105469,63.7400016784668,63.459999084472656,63.459999084472656,7979
2020-02-04,64.58999633789062,64.58999633789062,64.5,64.4000015258789,64.45999908447266,21595
2020-02-05,65.43000030517578,65.43000030517578,65.31999969482422,65.2699966430664,65.2699966430664,1037
2020-02-06,65.70999908447266,65.70999908447266,66.11000061035156,65.5999984741211,66.11000061035156,972
2020-02-07,65.5,65.5,65.62000274658203,65.33999633789062,65.61000061035156,2909
2020-02-10,65.55999755859375,65.55999755859375,65.44999694824219,65.23999786376953,65.23999786376953,837
2020-02-11,66.19000244140625,66.19000244140625,66.12000274658203,65.97000122070312,66.0,224
2020-02-12,66.55000305175781,66.55000305175781,66.52999877929688,66.4800033569336,66.4800033569336,111
2020-02-13,66.44000244140625,66.44000244140625,66.2300033569336,65.9800033569336,66.2300033569336,1360
2020-02-14,66.41999816894531,66.41999816894531,66.63999938964844,66.5,66.63999938964844,2114
2020-02-17,66.62000274658203,66.62000274658203,66.5999984741211,66.54000091552734,66.5999984741211,434
2020-02-18,66.30000305175781,66.30000305175781,66.36000061035156,66.2699966430664,66.2699966430664,172
2020-02-19,66.87999725341797,66.87999725341797,66.79000091552734,66.79000091552734,66.79000091552734,41
2020-02-20,66.87999725341797,66.87999725341797,66.87999725341797,66.87999725341797,66.87999725341797,0
2020-02-21,65.98999786376953,65.98999786376953,66.29000091552734,65.9000015258789,66.29000091552734,122
2020-02-24,63.470001220703125,63.470001220703125,64.51000213623047,63.459999084472656,64.51000213623047,2787
2020-02-25,62.38999938964844,62.38999938964844,63.29999923706055,62.97999954223633,63.2599983215332,26322
2020-02-26,62.400001525878906,62.400001525878906,62.439998626708984,61.369998931884766,61.63999938964844,1599
2020-02-27,60.2400016784668,60.2400016784668,61.15999984741211,60.40999984741211,61.13999938964844,3214
2020-02-28,57.880001068115234,57.880001068115234,58.599998474121094,57.779998779296875,58.349998474121094,1667
2020-03-02,58.189998626708984,58.189998626708984,59.27000045776367,57.4900016784668,59.27000045776367,6716
2020-03-03,58.79999923706055,58.79999923706055,59.939998626708984,59.06999969482422,59.06999969482422,252
2020-03-04,59.720001220703125,59.720001220703125,59.849998474121094,59.56999969482422,59.56999969482422,547
2020-03-05,59.02000045776367,59.02000045776367,59.16999816894531,58.58000183105469,59.130001068115234,18844
2020-03-06,56.79999923706055,56.79999923706055,57.18000030517578,56.45000076293945,56.84000015258789,2347
2020-03-09,52.65999984741211,52.65999984741211,53.38999938964844,52.02000045776367,53.38999938964844,2869
2020-03-10,52.02000045776367,52.02000045776367,54.189998626708984,52.0,53.52000045776367,7158
2020-03-11,51.400001525878906,51.400001525878906,52.61000061035156,51.560001373291016,52.400001525878906,4165
2020-03-12,45.875,45.875,48.70500183105469,46.25,48.439998626708984,3371
2020-03-13,46.095001220703125,46.095001220703125,47.404998779296875,47.404998779296875,47.404998779296875,1053
2020-03-16,44.025001525878906,44.025001525878906,44.2400016784668,41.564998626708984,42.650001525878906,5374
2020-03-17,45.10499954223633,45.10499954223633,44.45000076293945,43.46500015258789,43.46500015258789,2896
2020-03-18,43.36000061035156,43.36000061035156,43.689998626708984,43.375,43.689998626708984,47
2020-03-19,44.91999816894531,44.91999816894531,44.91999816894531,43.275001525878906,43.275001525878906,6717
2020-03-20,45.28499984741211,45.28499984741211,47.084999084472656,45.40999984741211,47.08000183105469,7223
2020-03-23,43.439998626708984,43.439998626708984,43.689998626708984,43.380001068115234,43.54999923706055,1387
2020-03-24,47.029998779296875,47.029998779296875,46.38999938964844,45.83000183105469,45.8849983215332,6479
2020-03-25,48.59000015258789,48.59000015258789,47.5,47.5,47.5,15
2020-03-26,49.79499816894531,49.79499816894531,48.93000030517578,47.91999816894531,47.91999816894531,6342
2020-03-27,48.189998626708984,48.189998626708984,49.20000076293945,47.95500183105469,49.20000076293945,1361
2020-03-30,48.95500183105469,48.95500183105469,48.939998626708984,47.7400016784668,47.7400016784668,33800
2020-03-31,49.775001525878906,49.775001525878906,49.904998779296875,49.0,49.8849983215332,5324
2020-04-01,48.14500045776367,48.14500045776367,48.63999938964844,48.400001525878906,48.44499969482422,182
2020-04-02,48.47999954223633,48.47999954223633,48.57500076293945,48.48500061035156,48.48500061035156,9710
2020-04-03,48.09000015258789,48.09000015258789,48.45500183105469,48.39500045776367,48.45500183105469,27
2020-04-06,49.95000076293945,49.95000076293945,49.900001525878906,49.404998779296875,49.595001220703125,23348
2020-04-07,50.849998474121094,50.849998474121094,51.45000076293945,50.41999816894531,51.279998779296875,4439
2020-04-08,50.72999954223633,50.72999954223633,50.52000045776367,50.0,50.52000045776367,2567
2020-04-09,51.56999969482422,51.56999969482422,51.70000076293945,50.91999816894531,51.0,3081
2020-04-14,51.86000061035156,51.86000061035156,52.15999984741211,52.06999969482422,52.06999969482422,2680
2020-04-15,50.20000076293945,50.20000076293945,50.95000076293945,50.27000045776367,50.95000076293945,2300
2020-04-16,50.61000061035156,50.61000061035156,50.63999938964844,50.63999938964844,50.63999938964844,85
2020-04-17,51.65999984741211,51.65999984741211,52.27000045776367,51.72999954223633,51.790000915527344,38222
2020-04-20,52.060001373291016,52.060001373291016,51.869998931884766,51.25,51.869998931884766,1198
2020-04-21,50.36000061035156,50.36000061035156,51.41999816894531,50.619998931884766,51.25,15207
2020-04-22,51.27000045776367,51.27000045776367,51.34000015258789,50.79999923706055,50.79999923706055,1303
2020-04-23,51.7599983215332,51.7599983215332,51.95000076293945,51.45000076293945,51.47999954223633,1256
2020-04-24,51.310001373291016,51.310001373291016,51.349998474121094,51.310001373291016,51.349998474121094,206
2020-04-27,52.11000061035156,52.11000061035156,52.119998931884766,51.959999084472656,52.060001373291016,8510
2020-04-28,53.029998779296875,53.029998779296875,53.0,52.25,52.25,353
2020-04-29,54.02000045776367,54.02000045776367,53.880001068115234,53.880001068115234,53.880001068115234,93
2020-04-30,52.709999084472656,52.709999084472656,53.15999984741211,53.15999984741211,53.15999984741211,6
2020-05-04,51.150001525878906,51.150001525878906,51.36000061035156,50.959999084472656,51.36000061035156,1002
2020-05-05,52.20000076293945,52.20000076293945,52.04999923706055,51.86000061035156,51.86000061035156,6772
2020-05-06,52.0,52.0,52.400001525878906,52.040000915527344,52.310001373291016,4899
2020-05-07,52.0,52.0,52.0,52.0,52.0,0
2020-05-08,53.22999954223633,53.22999954223633,53.22999954223633,53.22999954223633,53.22999954223633,196
2020-05-11,52.84000015258789,52.84000015258789,53.34000015258789,52.70000076293945,53.34000015258789,5074
2020-05-12,53.040000915527344,53.040000915527344,52.959999084472656,52.959999084472656,52.959999084472656,199
2020-05-13,51.88999938964844,51.88999938964844,52.33000183105469,51.88999938964844,52.25,2910
2020-05-14,50.849998474121094,50.849998474121094,50.90999984741211,50.7599983215332,50.90999984741211,80
2020-05-15,51.150001525878906,51.150001525878906,51.54999923706055,51.150001525878906,51.54999923706055,203
2020-05-18,53.22999954223633,53.22999954223633,52.70000076293945,51.88999938964844,52.11000061035156,9448
2020-05-19,52.93000030517578,52.93000030517578,52.959999084472656,52.779998779296875,52.959999084472656,3404
2020-05-20,52.93000030517578,52.93000030517578,52.93000030517578,52.93000030517578,52.93000030517578,0
2020-05-21,52.880001068115234,52.880001068115234,52.66999816894531,52.66999816894531,52.66999816894531,232
2020-05-22,52.88999938964844,52.88999938964844,52.27000045776367,52.27000045776367,52.27000045776367,99
2020-05-25,53.869998931884766,53.869998931884766,53.72999954223633,53.45000076293945,53.45000076293945,193
2020-05-26,54.29999923706055,54.29999923706055,54.20000076293945,54.099998474121094,54.099998474121094,1475
2020-05-27,54.38999938964844,54.38999938964844,54.84000015258789,54.33000183105469,54.33000183105469,9288
2020-05-28,55.369998931884766,55.369998931884766,55.369998931884766,54.900001525878906,54.900001525878906,209
2020-05-29,54.31999969482422,54.31999969482422,54.790000915527344,54.540000915527344,54.540000915527344,199
2020-06-01,55.34000015258789,55.34000015258789,54.869998931884766,54.869998931884766,54.869998931884766,2
2020-06-02,55.81999969482422,55.81999969482422,55.79999923706055,55.79999923706055,55.79999923706055,81
2020-06-03,57.279998779296875,57.279998779296875,56.68000030517578,56.36000061035156,56.36000061035156,403
2020-06-04,56.88999938964844,56.88999938964844,57.04999923706055,56.869998931884766,57.04999923706055,8226
2020-06-05,58.33000183105469,58.33000183105469,58.189998626708984,57.68000030517578,57.68000030517578,4186
2020-06-08,58.18000030517578,58.18000030517578,58.27000045776367,58.09000015258789,58.09000015258789,2128
2020-06-09,57.470001220703125,57.470001220703125,57.5,57.5,57.5,3
2020-06-10,57.34000015258789,57.34000015258789,57.310001373291016,57.27000045776367,57.310001373291016,88
2020-06-11,55.060001373291016,55.060001373291016,56.09000015258789,55.029998779296875,55.939998626708984,1893
2020-06-12,54.95000076293945,54.95000076293945,55.59000015258789,54.599998474121094,54.599998474121094,5557
2020-06-15,54.90999984741211,54.90999984741211,54.689998626708984,54.689998626708984,54.689998626708984,5
2020-06-16,56.540000915527344,56.540000915527344,56.939998626708984,56.029998779296875,56.04999923706055,20774
2020-06-17,56.900001525878906,56.900001525878906,56.900001525878906,56.68000030517578,56.68000030517578,923
2020-06-18,56.5,56.5,57.04999923706055,56.349998474121094,56.650001525878906,311
2020-06-19,56.90999984741211,56.90999984741211,56.88999938964844,56.88999938964844,56.88999938964844,100
2020-06-22,56.439998626708984,56.439998626708984,56.75,56.689998626708984,56.75,1133
2020-06-23,57.27000045776367,57.27000045776367,57.220001220703125,57.119998931884766,57.119998931884766,132
2020-06-24,55.630001068115234,55.630001068115234,56.400001525878906,56.13999938964844,56.400001525878906,207
2020-06-25,56.13999938964844,56.13999938964844,55.7400016784668,55.47999954223633,55.47999954223633,2728
2020-06-26,55.86000061035156,55.86000061035156,56.5,55.900001525878906,56.459999084472656,4892
2020-06-29,56.099998474121094,56.099998474121094,56.150001525878906,55.81999969482422,55.91999816894531,3558
2020-06-30,56.22999954223633,56.22999954223633,56.220001220703125,55.880001068115234,56.09000015258789,4602
2020-07-01,56.220001220703125,56.220001220703125,57.02000045776367,56.2599983215332,57.02000045776367,28759
2020-07-02,57.349998474121094,57.349998474121094,56.869998931884766,56.869998931884766,56.869998931884766,124
2020-07-03,56.810001373291016,56.810001373291016,57.119998931884766,56.810001373291016,57.119998931884766,462
2020-07-06,57.810001373291016,57.810001373291016,57.75,57.630001068115234,57.75,5644
2020-07-07,57.47999954223633,57.47999954223633,57.459999084472656,57.209999084472656,57.209999084472656,320
2020-07-08,57.08000183105469,57.08000183105469,57.459999084472656,57.04999923706055,57.31999969482422,444
2020-07-09,56.689998626708984,56.689998626708984,57.36000061035156,56.66999816894531,57.34000015258789,345
2020-07-10,57.130001068115234,57.130001068115234,57.209999084472656,56.650001525878906,56.650001525878906,288
2020-07-13,57.790000915527344,57.790000915527344,57.7599983215332,57.560001373291016,57.7599983215332,1713
2020-07-14,57.20000076293945,57.20000076293945,57.099998474121094,57.04999923706055,57.099998474121094,475
2020-07-15,58.310001373291016,58.310001373291016,58.40999984741211,57.70000076293945,57.70000076293945,2749
2020-07-16,58.02000045776367,58.02000045776367,57.88999938964844,57.88999938964844,57.88999938964844,2
2020-07-17,58.08000183105469,58.08000183105469,58.08000183105469,57.86000061035156,57.900001525878906,25
2020-07-20,58.47999954223633,58.47999954223633,58.25,58.15999984741211,58.15999984741211,25052
2020-07-21,58.630001068115234,58.630001068115234,59.040000915527344,59.040000915527344,59.040000915527344,225
2020-07-22,58.099998474121094,58.099998474121094,58.189998626708984,58.099998474121094,58.189998626708984,1762
2020-07-23,58.16999816894531,58.16999816894531,58.58000183105469,58.150001525878906,58.36000061035156,533
2020-07-24,57.13999938964844,57.13999938964844,57.439998626708984,56.90999984741211,57.0,1164
2020-07-27,56.97999954223633,56.97999954223633,57.06999969482422,57.060001373291016,57.060001373291016,1248
2020-07-28,57.209999084472656,57.209999084472656,57.029998779296875,56.86000061035156,57.0,1446
2020-07-29,57.189998626708984,57.189998626708984,57.25,57.25,57.25,200
2020-07-30,55.79999923706055,55.79999923706055,56.41999816894531,56.369998931884766,56.369998931884766,125
2020-07-31,55.79999923706055,55.79999923706055,55.79999923706055,55.79999923706055,55.79999923706055,0
2020-08-03,56.47999954223633,56.47999954223633,56.47999954223633,55.22999954223633,55.22999954223633,224
2020-08-04,56.349998474121094,56.349998474121094,56.29999923706055,56.279998779296875,56.29999923706055,247
2020-08-05,56.61000061035156,56.61000061035156,56.79999923706055,56.58000183105469,56.79999923706055,310
2020-08-06,56.2599983215332,56.2599983215332,56.5,56.06999969482422,56.5,3978
2020-08-07,56.41999816894531,56.41999816894531,56.41999816894531,56.41999816894531,56.41999816894531,266
2020-08-10,56.41999816894531,56.41999816894531,56.41999816894531,56.41999816894531,56.41999816894531,0
2020-08-11,57.560001373291016,57.560001373291016,57.7599983215332,57.7599983215332,57.7599983215332,100
2020-08-12,58.279998779296875,58.279998779296875,58.369998931884766,57.790000915527344,57.83000183105469,628
2020-08-13,58.0,58.0,57.97999954223633,57.97999954223633,57.97999954223633,242
2020-08-14,57.22999954223633,57.22999954223633,57.15999984741211,57.13999938964844,57.15999984741211,98
2020-08-17,57.52000045776367,57.52000045776367,57.52000045776367,57.290000915527344,57.290000915527344,351
2020-08-18,57.040000915527344,57.040000915527344,57.59000015258789,57.59000015258789,57.59000015258789,1121
2020-08-19,57.470001220703125,57.470001220703125,57.47999954223633,57.400001525878906,57.400001525878906,4764
2020-08-20,56.88999938964844,56.88999938964844,56.81999969482422,56.81999969482422,56.81999969482422,6
2020-08-21,56.810001373291016,56.810001373291016,56.810001373291016,56.439998626708984,56.4900016784668,345
2020-08-24,57.709999084472656,57.709999084472656,57.7400016784668,57.7400016784668,57.7400016784668,39
2020-08-25,57.560001373291016,57.560001373291016,58.06999969482422,58.0,58.0,14
2020-08-26,57.95000076293945,57.95000076293945,57.84000015258789,57.63999938964844,57.63999938964844,7421
2020-08-27,57.630001068115234,57.630001068115234,57.83000183105469,57.68000030517578,57.81999969482422,12174
2020-08-28,57.31999969482422,57.31999969482422,57.58000183105469,57.31999969482422,57.4900016784668,43954
2020-08-31,56.83000183105469,56.83000183105469,57.61000061035156,57.0099983215332,57.61000061035156,318
2020-09-01,56.70000076293945,56.70000076293945,57.15999984741211,56.40999984741211,57.029998779296875,780
2020-09-02,56.70000076293945,56.70000076293945,56.70000076293945,56.70000076293945,56.70000076293945,0
2020-09-03,56.79999923706055,56.79999923706055,58.20000076293945,56.72999954223633,58.20000076293945,46600
2020-09-04,56.279998779296875,56.279998779296875,57.279998779296875,56.279998779296875,56.43000030517578,1063
2020-09-07,57.13999938964844,57.13999938964844,57.31999969482422,56.650001525878906,56.68000030517578,26192
2020-09-08,56.58000183105469,56.58000183105469,56.68000030517578,56.15999984741211,56.68000030517578,23161
2020-09-09,57.459999084472656,57.459999084472656,57.459999084472656,57.0,57.0,3036
2020-09-10,57.18000030517578,57.18000030517578,57.25,57.09000015258789,57.22999954223633,14800
2020-09-11,57.27000045776367,57.27000045776367,57.43000030517578,56.97999954223633,57.16999816894531,31090
2020-09-14,57.36000061035156,57.36000061035156,57.5,57.16999816894531,57.45000076293945,176525
2020-09-15,57.75,57.75,57.7400016784668,57.7400016784668,57.7400016784668,823
2020-09-16,57.959999084472656,57.959999084472656,58.0099983215332,57.810001373291016,57.97999954223633,3599
2020-09-17,57.75,57.75,57.810001373291016,57.529998779296875,57.68000030517578,3465
2020-09-18,57.40999984741211,57.40999984741211,57.709999084472656,57.349998474121094,57.70000076293945,22086
2020-09-21,55.40999984741211,55.40999984741211,56.099998474121094,55.77000045776367,56.099998474121094,536
2020-09-22,55.720001220703125,55.720001220703125,55.75,55.75,55.75,1161
2020-09-23,55.939998626708984,55.939998626708984,56.47999954223633,55.959999084472656,55.959999084472656,23345
2020-09-24,55.34000015258789,55.34000015258789,55.34000015258789,55.34000015258789,55.34000015258789,1808
2020-09-25,55.189998626708984,55.189998626708984,55.33000183105469,55.0,55.279998779296875,211
2020-09-28,56.599998474121094,56.599998474121094,56.310001373291016,56.310001373291016,56.310001373291016,400
2020-09-29,56.599998474121094,56.599998474121094,56.599998474121094,56.599998474121094,56.599998474121094,0
2020-09-30,56.18000030517578,56.18000030517578,56.45000076293945,56.040000915527344,56.040000915527344,106
2020-10-01,56.18000030517578,56.18000030517578,56.36000061035156,56.20000076293945,56.209999084472656,4227
2020-10-02,56.290000915527344,56.290000915527344,56.15999984741211,55.849998474121094,55.849998474121094,4616
2020-10-05,56.84000015258789,56.84000015258789,56.86000061035156,56.77000045776367,56.86000061035156,8437
2020-10-06,56.88999938964844,56.88999938964844,56.689998626708984,56.689998626708984,56.689998626708984,469
2020-10-07,56.88999938964844,56.88999938964844,56.88999938964844,56.88999938964844,56.88999938964844,0
2020-10-08,57.310001373291016,57.310001373291016,57.36000061035156,57.20000076293945,57.20000076293945,492
2020-10-09,57.599998474121094,57.599998474121094,57.599998474121094,57.4900016784668,57.4900016784668,937
2020-10-12,57.97999954223633,57.97999954223633,58.02000045776367,57.880001068115234,57.880001068115234,41534
2020-10-13,57.61000061035156,57.61000061035156,57.65999984741211,57.65999984741211,57.65999984741211,27
2020-10-14,57.61000061035156,57.61000061035156,57.630001068115234,57.630001068115234,57.630001068115234,15
2020-10-15,56.38999938964844,56.38999938964844,56.47999954223633,56.29999923706055,56.33000183105469,8444
2020-10-16,57.20000076293945,57.20000076293945,57.310001373291016,56.810001373291016,56.91999816894531,8664
2020-10-19,57.029998779296875,57.029998779296875,57.61000061035156,57.029998779296875,57.58000183105469,620
2020-10-20,57.029998779296875,57.029998779296875,57.029998779296875,57.029998779296875,57.029998779296875,0
2020-10-21,56.09000015258789,56.09000015258789,56.43000030517578,56.279998779296875,56.33000183105469,1436
2020-10-22,56.09000015258789,56.09000015258789,56.09000015258789,56.09000015258789,56.09000015258789,0
2020-10-23,56.33000183105469,56.33000183105469,56.66999816894531,56.310001373291016,56.63999938964844,877
2020-10-26,55.43000030517578,55.43000030517578,55.81999969482422,55.81999969482422,55.81999969482422,168
2020-10-27,54.97999954223633,54.97999954223633,55.11000061035156,55.0,55.11000061035156,49
2020-10-28,53.18000030517578,53.18000030517578,53.970001220703125,53.380001068115234,53.5099983215332,9467
2020-10-29,53.20000076293945,53.20000076293945,53.4900016784668,53.33000183105469,53.4900016784668,981
2020-10-30,53.40999984741211,53.40999984741211,53.16999816894531,53.16999816894531,53.16999816894531,467
2020-11-02,54.18000030517578,54.18000030517578,54.290000915527344,53.310001373291016,53.310001373291016,4188
2020-11-03,55.459999084472656,55.459999084472656,55.29999923706055,55.0,55.02000045776367,12661
2020-11-04,56.529998779296875,56.529998779296875,56.189998626708984,56.130001068115234,56.130001068115234,357
2020-11-05,56.529998779296875,56.529998779296875,56.529998779296875,56.529998779296875,56.529998779296875,0
2020-11-06,56.9900016784668,56.9900016784668,57.2400016784668,56.5099983215332,57.2400016784668,663
2020-11-09,59.41999816894531,59.41999816894531,57.86000061035156,57.7599983215332,57.7599983215332,351
2020-11-10,60.04999923706055,60.04999923706055,59.7400016784668,59.4900016784668,59.4900016784668,7796
2020-11-11,60.63999938964844,60.63999938964844,60.540000915527344,60.18000030517578,60.18000030517578,5244
2020-11-12,60.08000183105469,60.08000183105469,60.04999923706055,59.97999954223633,59.97999954223633,1330
2020-11-13,60.13999938964844,60.13999938964844,59.939998626708984,59.90999984741211,59.90999984741211,3497
2020-11-16,60.84000015258789,60.84000015258789,60.9900016784668,60.400001525878906,60.400001525878906,9210
2020-11-17,60.68000030517578,60.68000030517578,60.40999984741211,60.40999984741211,60.40999984741211,155
2020-11-18,60.900001525878906,60.900001525878906,60.970001220703125,60.619998931884766,60.619998931884766,6977
2020-11-19,60.47999954223633,60.47999954223633,60.540000915527344,60.279998779296875,60.400001525878906,8261
2020-11-20,60.72999954223633,60.72999954223633,60.83000183105469,60.68000030517578,60.83000183105469,1076
2020-11-23,60.7599983215332,60.7599983215332,61.16999816894531,60.77000045776367,61.16999816894531,152
2020-11-24,61.22999954223633,61.22999954223633,61.099998474121094,61.099998474121094,61.099998474121094,227
2020-11-25,61.2400016784668,61.2400016784668,61.31999969482422,61.06999969482422,61.29999923706055,4602
2020-11-26,61.2400016784668,61.2400016784668,61.2400016784668,61.2400016784668,61.2400016784668,0
2020-11-27,61.38999938964844,61.38999938964844,61.380001068115234,61.16999816894531,61.189998626708984,1243
2020-11-30,60.900001525878906,60.900001525878906,61.369998931884766,61.11000061035156,61.34000015258789,203
2020-12-01,61.2400016784668,61.2400016784668,61.29999923706055,61.06999969482422,61.06999969482422,4725
2020-12-02,61.11000061035156,61.11000061035156,61.06999969482422,60.9900016784668,60.9900016784668,219
2020-12-03,61.15999984741211,61.15999984741211,61.130001068115234,61.08000183105469,61.09000015258789,182
2020-12-04,61.5099983215332,61.5099983215332,61.36000061035156,61.29999923706055,61.36000061035156,111
2020-12-07,61.38999938964844,61.38999938964844,61.2400016784668,61.06999969482422,61.06999969482422,1328
2020-12-08,61.38999938964844,61.38999938964844,61.38999938964844,61.38999938964844,61.38999938964844,0
2020-12-09,61.72999954223633,61.72999954223633,61.86000061035156,61.86000061035156,61.86000061035156,1716
2020-12-10,61.369998931884766,61.369998931884766,61.369998931884766,61.369998931884766,61.369998931884766,1766
2020-12-11,60.97999954223633,60.97999954223633,61.150001525878906,60.900001525878906,61.150001525878906,189
2020-12-14,61.2400016784668,61.2400016784668,61.5,61.5,61.5,97
2020-12-15,61.43000030517578,61.43000030517578,61.29999923706055,61.189998626708984,61.290000915527344,991
2020-12-16,61.84000015258789,61.84000015258789,61.84000015258789,61.560001373291016,61.72999954223633,4836
2020-12-17,62.16999816894531,62.16999816894531,62.22999954223633,62.18000030517578,62.18000030517578,13269
2020-12-18,61.93000030517578,61.93000030517578,62.13999938964844,61.9900016784668,62.13999938964844,1781
2020-12-21,60.47999954223633,60.47999954223633,60.4900016784668,60.08000183105469,60.25,1949
2020-12-22,61.18000030517578,61.18000030517578,61.2400016784668,60.779998779296875,60.779998779296875,268
2020-12-23,61.77000045776367,61.77000045776367,61.83000183105469,61.380001068115234,61.380001068115234,610
2020-12-28,62.45000076293945,62.45000076293945,62.47999954223633,62.33000183105469,62.41999816894531,4035
2020-12-29,62.75,62.75,62.869998931884766,62.779998779296875,62.869998931884766,16
2020-12-30,62.5,62.5,62.880001068115234,62.630001068115234,62.790000915527344,157
2021-01-04,62.790000915527344,62.790000915527344,63.310001373291016,63.209999084472656,63.310001373291016,62
2021-01-05,62.63999938964844,62.63999938964844,62.86000061035156,62.439998626708984,62.86000061035156,18595
2021-01-06,63.7599983215332,63.7599983215332,63.33000183105469,63.29999923706055,63.33000183105469,794
2021-01-07,63.91999816894531,63.91999816894531,63.75,63.529998779296875,63.75,3929
2021-01-08,64.08000183105469,64.08000183105469,64.16000366210938,64.0,64.16000366210938,5628
2021-01-11,63.77000045776367,63.77000045776367,63.9900016784668,63.70000076293945,63.939998626708984,415
2021-01-12,63.810001373291016,63.810001373291016,63.849998474121094,63.849998474121094,63.849998474121094,835
2021-01-13,63.869998931884766,63.869998931884766,63.880001068115234,63.720001220703125,63.84000015258789,420
2021-01-14,64.30999755859375,64.30999755859375,64.30000305175781,64.05999755859375,64.0999984741211,1194
2021-01-15,63.65999984741211,63.65999984741211,64.05000305175781,63.75,64.05000305175781,1808
2021-01-18,63.81999969482422,63.81999969482422,63.68000030517578,63.65999984741211,63.65999984741211,549
2021-01-19,63.81999969482422,63.81999969482422,63.81999969482422,63.81999969482422,63.81999969482422,0
2021-01-20,64.12999725341797,64.12999725341797,64.12999725341797,64.04000091552734,64.04000091552734,8821
2021-01-21,64.12999725341797,64.12999725341797,64.4000015258789,64.12999725341797,64.4000015258789,685
2021-01-22,63.720001220703125,63.720001220703125,63.79999923706055,63.650001525878906,63.79999923706055,75
2021-01-25,63.20000076293945,63.20000076293945,64.08000183105469,63.22999954223633,64.08000183105469,159
2021-01-26,63.20000076293945,63.20000076293945,63.20000076293945,63.20000076293945,63.20000076293945,0
2021-01-27,62.97999954223633,62.97999954223633,63.0099983215332,62.560001373291016,62.93000030517578,3643
2021-01-28,62.91999816894531,62.91999816894531,61.849998474121094,61.849998474121094,61.849998474121094,1
2021-01-29,61.790000915527344,61.790000915527344,62.2599983215332,61.849998474121094,61.939998626708984,3777
2021-02-01,62.540000915527344,62.540000915527344,62.54999923706055,62.310001373291016,62.310001373291016,229
2021-02-02,63.290000915527344,63.290000915527344,63.16999816894531,63.099998474121094,63.15999984741211,2044
2021-02-03,63.290000915527344,63.290000915527344,63.290000915527344,63.290000915527344,63.290000915527344,0
2021-02-04,63.849998474121094,63.849998474121094,63.86000061035156,63.790000915527344,63.83000183105469,2319
2021-02-05,63.81999969482422,63.81999969482422,64.1500015258789,64.01000213623047,64.01000213623047,230
2021-02-08,64.11000061035156,64.11000061035156,64.16999816894531,64.06999969482422,64.06999969482422,292
2021-02-09,63.9900016784668,63.9900016784668,64.0,63.83000183105469,64.0,5698
2021-02-10,63.86000061035156,63.86000061035156,64.19000244140625,63.849998474121094,64.01000213623047,1051
2021-02-11,64.11000061035156,64.11000061035156,64.08000183105469,63.93000030517578,63.959999084472656,4155
2021-02-12,64.56999969482422,64.56999969482422,64.52999877929688,64.5199966430664,64.5199966430664,1026
2021-02-15,65.51000213623047,65.51000213623047,65.56999969482422,64.9000015258789,64.9000015258789,1834
2021-02-16,65.4000015258789,65.4000015258789,65.54000091552734,65.47000122070312,65.54000091552734,362
2021-02-17,64.91999816894531,64.91999816894531,65.1500015258789,65.0,65.0,183
2021-02-18,64.41999816894531,64.41999816894531,64.88999938964844,64.44000244140625,64.88999938964844,330
2021-02-19,64.87000274658203,64.87000274658203,64.56999969482422,64.56999969482422,64.56999969482422,107
2021-02-22,64.55000305175781,64.55000305175781,64.1500015258789,64.1500015258789,64.1500015258789,62
2021-02-23,64.19000244140625,64.19000244140625,63.77000045776367,63.709999084472656,63.709999084472656,759
2021-02-24,64.58000183105469,64.58000183105469,64.55000305175781,64.30999755859375,64.30999755859375,5236
2021-02-25,64.47000122070312,64.47000122070312,64.51000213623047,64.51000213623047,64.51000213623047,397
2021-02-26,63.25,63.25,64.06999969482422,63.7599983215332,63.95000076293945,1059
2021-03-01,64.44000244140625,64.44000244140625,64.5,64.23999786376953,64.30000305175781,1780
2021-03-02,64.62000274658203,64.62000274658203,64.87000274658203,64.75,64.87000274658203,4032
2021-03-03,64.63999938964844,64.63999938964844,65.05000305175781,64.5,65.05000305175781,2573
2021-03-04,64.5,64.5,64.5,64.43000030517578,64.43000030517578,3916
2021-03-05,63.9900016784668,63.9900016784668,64.36000061035156,63.849998474121094,63.849998474121094,797
2021-03-08,65.43000030517578,65.43000030517578,64.69999694824219,64.33999633789062,64.44000244140625,355
2021-03-09,65.9000015258789,65.9000015258789,65.91999816894531,65.76000213623047,65.76000213623047,1770
2021-03-10,66.12999725341797,66.12999725341797,65.94999694824219,65.7300033569336,65.7300033569336,55
2021-03-11,66.41999816894531,66.41999816894531,66.33999633789062,66.20999908447266,66.23999786376953,1099
2021-03-12,66.26000213623047,66.26000213623047,66.2699966430664,66.2699966430664,66.2699966430664,2356
2021-03-15,66.29000091552734,66.29000091552734,66.43000030517578,66.43000030517578,66.43000030517578,14
2021-03-16,66.83000183105469,66.83000183105469,66.76000213623047,66.68000030517578,66.68000030517578,4
2021-03-17,66.58999633789062,66.58999633789062,66.5199966430664,66.5199966430664,66.5199966430664,14
2021-03-18,66.93000030517578,66.93000030517578,66.93000030517578,66.80999755859375,66.80999755859375,74
2021-03-19,66.47000122070312,66.47000122070312,66.77999877929688,66.29000091552734,66.73999786376953,454
2021-03-22,66.44999694824219,66.44999694824219,66.44999694824219,66.16000366210938,66.16000366210938,279
2021-03-23,66.3499984741211,66.3499984741211,66.26000213623047,66.26000213623047,66.26000213623047,20
2021-03-24,66.38999938964844,66.38999938964844,66.30999755859375,66.19999694824219,66.30999755859375,13150
2021-03-25,66.38999938964844,66.38999938964844,66.38999938964844,66.38999938964844,66.38999938964844,0
2021-03-26,66.38999938964844,66.38999938964844,66.38999938964844,66.38999938964844,66.38999938964844,0
2021-03-29,67.16999816894531,67.16999816894531,67.22000122070312,67.01000213623047,67.05000305175781,1150
2021-03-30,67.68000030517578,67.68000030517578,67.61000061035156,67.27999877929688,67.47000122070312,644
2021-03-31,67.51000213623047,67.51000213623047,67.70999908447266,67.55000305175781,67.55000305175781,8689
2021-04-01,67.87000274658203,67.87000274658203,67.79000091552734,67.6500015258789,67.79000091552734,1540
2021-04-06,68.30000305175781,68.30000305175781,68.38999938964844,68.31999969482422,68.38999938964844,1560
2021-04-07,68.19000244140625,68.19000244140625,68.26000213623047,68.11000061035156,68.26000213623047,216
2021-04-08,68.54000091552734,68.54000091552734,68.4000015258789,68.4000015258789,68.4000015258789,465
2021-04-09,68.62000274658203,68.62000274658203,68.6500015258789,68.48999786376953,68.48999786376953,458
2021-04-12,68.33999633789062,68.33999633789062,68.5199966430664,68.31999969482422,68.43000030517578,8653
2021-04-13,68.37000274658203,68.37000274658203,68.45999908447266,68.30999755859375,68.43000030517578,4496
2021-04-14,68.5199966430664,68.5199966430664,68.5199966430664,68.5,68.5199966430664,215
2021-04-15,68.87000274658203,68.87000274658203,68.83000183105469,68.72000122070312,68.72000122070312,17
2021-04-16,68.87000274658203,68.87000274658203,68.87000274658203,68.87000274658203,68.87000274658203,0
2021-04-19,69.5,69.5,69.54000091552734,69.52999877929688,69.54000091552734,122
2021-04-20,68.12000274658203,68.12000274658203,69.4000015258789,68.25,69.38999938964844,929
2021-04-21,68.69000244140625,68.69000244140625,68.80000305175781,68.44000244140625,68.44000244140625,1245
2021-04-22,69.11000061035156,69.11000061035156,69.16000366210938,68.94000244140625,68.94000244140625,26
2021-04-23,69.0,69.0,68.93000030517578,68.88999938964844,68.88999938964844,147
2021-04-26,69.18000030517578,69.18000030517578,69.27999877929688,68.9800033569336,69.01000213623047,1721
2021-04-27,69.06999969482422,69.06999969482422,69.20999908447266,69.20999908447266,69.20999908447266,15
2021-04-28,69.18000030517578,69.18000030517578,69.19999694824219,69.19999694824219,69.19999694824219,331
2021-04-29,69.18000030517578,69.18000030517578,69.18000030517578,69.18000030517578,69.18000030517578,0
2021-04-30,68.83000183105469,68.83000183105469,69.12000274658203,68.83999633789062,69.12000274658203,72
2021-05-03,69.33000183105469,69.33000183105469,69.33000183105469,69.2300033569336,69.2300033569336,768
2021-05-04,68.20999908447266,68.20999908447266,69.5,68.56999969482422,69.41999816894531,1100
2021-05-05,69.55999755859375,69.55999755859375,69.54000091552734,68.80000305175781,68.83999633789062,209
2021-05-06,69.5,69.5,69.48999786376953,69.27999877929688,69.48999786376953,1827
2021-05-07,70.13999938964844,70.13999938964844,70.12999725341797,69.80999755859375,69.86000061035156,1297
2021-05-10,70.30000305175781,70.30000305175781,70.29000091552734,70.19000244140625,70.2300033569336,1102
2021-05-11,68.80000305175781,68.80000305175781,69.0199966430664,68.54000091552734,69.0,1912
2021-05-12,68.80000305175781,68.80000305175781,68.80000305175781,68.80000305175781,68.80000305175781,0
2021-05-13,69.08000183105469,69.08000183105469,68.16999816894531,68.16999816894531,68.16999816894531,45
2021-05-14,69.08000183105469,69.08000183105469,69.08000183105469,69.08000183105469,69.08000183105469,0
2021-05-17,70.0,70.0,70.0199966430664,70.0199966430664,70.0199966430664,5
2021-05-18,70.16000366210938,70.16000366210938,70.29000091552734,70.26000213623047,70.26000213623047,85
2021-05-19,70.16000366210938,70.16000366210938,70.16000366210938,70.16000366210938,70.16000366210938,0
2021-05-20,70.16000366210938,70.16000366210938,70.16000366210938,70.16000366210938,70.16000366210938,0
2021-05-21,70.36000061035156,70.36000061035156,70.4000015258789,70.12000274658203,70.12000274658203,1248
2021-05-24,70.62000274658203,70.62000274658203,70.4000015258789,70.4000015258789,70.4000015258789,284
2021-05-25,70.45999908447266,70.45999908447266,70.77999877929688,70.45999908447266,70.77999877929688,149
2021-05-26,70.5199966430664,70.5199966430664,70.4800033569336,70.4800033569336,70.4800033569336,167
2021-05-27,70.62999725341797,70.62999725341797,70.56999969482422,70.4800033569336,70.4800033569336,20
2021-05-28,71.11000061035156,71.11000061035156,71.11000061035156,71.11000061035156,71.11000061035156,264
2021-05-31,70.66999816894531,70.66999816894531,71.0,71.0,71.0,10
2021-06-01,71.25,71.25,71.58999633789062,71.36000061035156,71.36000061035156,95
2021-06-02,71.41000366210938,71.41000366210938,71.4000015258789,71.30000305175781,71.38999938964844,4995
2021-06-03,71.48999786376953,71.48999786376953,71.44000244140625,71.16999816894531,71.3499984741211,8947
2021-06-04,71.66000366210938,71.66000366210938,71.69000244140625,71.45999908447266,71.51000213623047,2286
2021-06-07,71.91999816894531,71.91999816894531,71.9800033569336,71.62000274658203,71.62999725341797,4211
2021-06-08,71.94999694824219,71.94999694824219,72.08999633789062,71.8499984741211,71.91999816894531,1575
2021-06-09,72.04000091552734,72.04000091552734,71.93000030517578,71.93000030517578,71.93000030517578,150
2021-06-10,72.08999633789062,72.08999633789062,72.04000091552734,71.87999725341797,72.04000091552734,384
2021-06-11,72.56999969482422,72.56999969482422,72.55000305175781,72.54000091552734,72.54000091552734,635
2021-06-14,72.7300033569336,72.7300033569336,72.94999694824219,72.62999725341797,72.94999694824219,5367
2021-06-15,72.83999633789062,72.83999633789062,72.94000244140625,72.8499984741211,72.94000244140625,2
2021-06-16,72.83999633789062,72.83999633789062,72.83999633789062,72.83999633789062,72.83999633789062,0
2021-06-17,72.94999694824219,72.94999694824219,72.91999816894531,72.73999786376953,72.83999633789062,155
2021-06-18,71.69000244140625,71.69000244140625,72.80000305175781,71.8499984741211,72.77999877929688,1634
2021-06-21,72.30000305175781,72.30000305175781,72.20999908447266,71.87000274658203,71.87000274658203,14
2021-06-22,72.48999786376953,72.48999786376953,72.51000213623047,72.36000061035156,72.44999694824219,3547
2021-06-23,71.95999908447266,71.95999908447266,71.95999908447266,71.95999908447266,71.95999908447266,1238
2021-06-24,72.63999938964844,72.63999938964844,72.69999694824219,72.44000244140625,72.44000244140625,2887
2021-06-25,72.76000213623047,72.76000213623047,72.79000091552734,72.6500015258789,72.6500015258789,2838
2021-06-28,72.76000213623047,72.76000213623047,72.76000213623047,72.76000213623047,72.76000213623047,0
2021-06-29,72.52999877929688,72.52999877929688,72.7300033569336,72.56999969482422,72.56999969482422,240
2021-06-30,72.01000213623047,72.01000213623047,72.36000061035156,71.9800033569336,72.13999938964844,311
2021-07-01,72.47000122070312,72.47000122070312,72.47000122070312,72.30000305175781,72.37999725341797,3284
2021-07-02,72.47000122070312,72.47000122070312,72.47000122070312,72.47000122070312,72.47000122070312,0
2021-07-05,72.77999877929688,72.77999877929688,72.80999755859375,72.76000213623047,72.79000091552734,5263
2021-07-06,72.30999755859375,72.30999755859375,72.87999725341797,72.7699966430664,72.87999725341797,1223
2021-07-07,72.94999694824219,72.94999694824219,72.94000244140625,72.83999633789062,72.83999633789062,249
2021-07-08,71.7300033569336,71.7300033569336,72.2699966430664,71.41000366210938,72.26000213623047,1570
2021-07-09,72.79000091552734,72.79000091552734,72.79000091552734,72.4800033569336,72.56999969482422,143
2021-07-12,73.25,73.25,73.19000244140625,72.5999984741211,72.5999984741211,600
2021-07-13,73.16999816894531,73.16999816894531,73.26000213623047,73.1500015258789,73.1500015258789,2386
2021-07-14,73.19000244140625,73.19000244140625,73.25,73.18000030517578,73.25,2611
2021-07-15,72.43000030517578,72.43000030517578,72.93000030517578,72.80000305175781,72.9000015258789,1529
2021-07-16,72.43000030517578,72.43000030517578,72.43000030517578,72.43000030517578,72.43000030517578,0
2021-07-19,70.5199966430664,70.5199966430664,71.37000274658203,70.44000244140625,71.37000274658203,6079
2021-07-20,70.5199966430664,70.5199966430664,70.5199966430664,70.5199966430664,70.5199966430664,0
2021-07-21,72.12000274658203,72.12000274658203,72.0999984741211,71.30999755859375,71.30999755859375,731
2021-07-22,72.44000244140625,72.44000244140625,72.44000244140625,72.44000244140625,72.44000244140625,1997
2021-07-23,73.29000091552734,73.29000091552734,73.29000091552734,73.29000091552734,73.29000091552734,1507
2021-07-26,73.29000091552734,73.29000091552734,73.29000091552734,73.29000091552734,73.29000091552734,0
2021-07-27,73.29000091552734,73.29000091552734,73.29000091552734,73.29000091552734,73.29000091552734,0
2021-07-28,73.26000213623047,73.26000213623047,73.12000274658203,73.12000274658203,73.12000274658203,7
2021-07-29,73.6500015258789,73.6500015258789,73.62000274658203,73.54000091552734,73.54000091552734,1386
2021-07-30,73.36000061035156,73.36000061035156,73.5,73.19999694824219,73.19999694824219,4752
2021-08-02,73.72000122070312,73.72000122070312,73.80999755859375,73.66999816894531,73.80999755859375,4201
2021-08-03,73.9000015258789,73.9000015258789,73.8499984741211,73.83999633789062,73.83999633789062,100
2021-08-04,73.9000015258789,73.9000015258789,73.9000015258789,73.9000015258789,73.9000015258789,0
2021-08-05,74.5999984741211,74.5999984741211,74.61000061035156,74.47000122070312,74.47000122070312,1869
2021-08-06,74.62000274658203,74.62000274658203,74.5999984741211,74.5999984741211,74.5999984741211,14
2021-08-09,74.83000183105469,74.83000183105469,74.83000183105469,74.63999938964844,74.63999938964844,805
2021-08-10,75.05000305175781,75.05000305175781,75.12000274658203,74.94999694824219,74.95999908447266,3041
2021-08-11,75.05000305175781,75.05000305175781,75.05000305175781,75.05000305175781,75.05000305175781,0
2021-08-12,75.05000305175781,75.05000305175781,75.05000305175781,75.05000305175781,75.05000305175781,0
2021-08-13,75.6500015258789,75.6500015258789,75.62999725341797,75.56999969482422,75.58999633789062,818
2021-08-16,75.18000030517578,75.18000030517578,75.18000030517578,75.0999984741211,75.18000030517578,4932
2021-08-17,75.27999877929688,75.27999877929688,75.37000274658203,75.31999969482422,75.31999969482422,20033
2021-08-18,75.33000183105469,75.33000183105469,75.29000091552734,75.2300033569336,75.2300033569336,173
2021-08-19,74.20999908447266,74.20999908447266,74.33999633789062,73.98999786376953,73.98999786376953,180
2021-08-20,74.5,74.5,74.5199966430664,73.97000122070312,73.97000122070312,882
2021-08-23,75.01000213623047,75.01000213623047,75.0199966430664,74.63999938964844,74.63999938964844,553
2021-08-24,75.01000213623047,75.01000213623047,75.01000213623047,75.01000213623047,75.01000213623047,0
2021-08-25,75.01000213623047,75.01000213623047,75.01000213623047,75.01000213623047,75.01000213623047,0
2021-08-26,74.69999694824219,74.69999694824219,74.62999725341797,74.62999725341797,74.62999725341797,50
2021-08-27,74.97000122070312,74.97000122070312,75.0199966430664,74.73999786376953,74.73999786376953,161
2021-08-30,75.05000305175781,75.05000305175781,75.11000061035156,74.94000244140625,75.0999984741211,219
2021-08-31,74.7300033569336,74.7300033569336,74.88999938964844,74.68000030517578,74.68000030517578,10230
2021-09-01,75.05999755859375,75.05999755859375,75.16000366210938,75.16000366210938,75.02999877929688,11
2021-09-02,75.38999938964844,75.38999938964844,75.41000366210938,75.27999877929688,75.38999938964844,3602
2021-09-03,74.94999694824219,74.94999694824219,75.0999984741211,74.75,75.0999984741211,1533
2021-09-06,75.4800033569336,75.4800033569336,75.55000305175781,75.3499984741211,75.3499984741211,147
2021-09-07,75.11000061035156,75.11000061035156,75.1500015258789,75.1500015258789,75.1500015258789,107
2021-09-08,74.3499984741211,74.3499984741211,74.30999755859375,74.30999755859375,74.30999755859375,200
2021-09-09,74.3499984741211,74.3499984741211,74.3499984741211,74.3499984741211,74.3499984741211,0
2021-09-10,74.3499984741211,74.3499984741211,74.3499984741211,74.3499984741211,74.3499984741211,0
2021-09-13,74.27999877929688,74.27999877929688,74.56999969482422,74.54000091552734,74.56999969482422,231
2021-09-14,74.27999877929688,74.27999877929688,74.2699966430664,74.2300033569336,74.2300033569336,50
2021-09-15,73.81999969482422,73.81999969482422,74.11000061035156,74.01000213623047,74.11000061035156,432
2021-09-16,74.05000305175781,74.05000305175781,74.36000061035156,74.04000091552734,74.22000122070312,12993
2021-09-17,73.2300033569336,73.2300033569336,74.44999694824219,73.37000274658203,74.44999694824219,5811
2021-09-20,72.16999816894531,72.16999816894531,71.94000244140625,71.87000274658203,71.94000244140625,113
2021-09-21,72.87999725341797,72.87999725341797,72.93000030517578,72.93000030517578,72.95999908447266,34
2021-09-22,73.66000366210938,73.66000366210938,73.68000030517578,73.41999816894531,73.41999816894531,202
2021-09-23,74.31999969482422,74.31999969482422,74.47000122070312,74.13999938964844,74.2699966430664,2766
2021-09-24,73.66999816894531,73.66999816894531,74.0,73.66999816894531,74.0,743
2021-09-27,73.63999938964844,73.63999938964844,74.20999908447266,73.72000122070312,74.20999908447266,2027
2021-09-28,72.16000366210938,72.16000366210938,72.7300033569336,72.06999969482422,72.5999984741211,3839
2021-09-29,72.5999984741211,72.5999984741211,72.87999725341797,72.5199966430664,72.5199966430664,291
2021-09-30,72.75,72.75,73.1500015258789,72.52999877929688,73.1500015258789,528
2021-10-01,72.1500015258789,72.1500015258789,72.5199966430664,72.33000183105469,72.5199966430664,24
2021-10-04,71.9800033569336,71.9800033569336,72.44999694824219,72.38999938964844,72.38999938964844,1006
2021-10-05,72.80000305175781,72.80000305175781,72.7699966430664,72.1500015258789,72.26000213623047,2294
2021-10-06,72.01000213623047,72.01000213623047,72.16000366210938,71.69999694824219,71.97000122070312,109
2021-10-07,73.25,73.25,73.19000244140625,72.77999877929688,72.88999938964844,9498
2021-10-08,73.0999984741211,73.0999984741211,73.30000305175781,73.16999816894531,73.27999877929688,241
2021-10-11,73.05999755859375,73.05999755859375,72.8499984741211,72.8499984741211,72.8499984741211,30
2021-10-12,73.08000183105469,73.08000183105469,73.0199966430664,73.01000213623047,73.0199966430664,2621
2021-10-13,73.62000274658203,73.62000274658203,73.47000122070312,73.04000091552734,73.04000091552734,338
2021-10-14,73.62000274658203,73.62000274658203,73.62000274658203,73.62000274658203,73.62000274658203,0
2021-10-15,74.97000122070312,74.97000122070312,74.70999908447266,74.63999938964844,74.66999816894531,1957
2021-10-18,74.62000274658203,74.62000274658203,74.76000213623047,74.5999984741211,74.76000213623047,11918
2021-10-19,74.91999816894531,74.91999816894531,74.7300033569336,74.7300033569336,74.7300033569336,2312
2021-10-20,75.05000305175781,75.05000305175781,75.12000274658203,74.9000015258789,75.01000213623047,445
2021-10-21,74.98999786376953,74.98999786376953,75.05000305175781,74.98999786376953,75.05000305175781,421
2021-10-22,75.41999816894531,75.41999816894531,75.63999938964844,75.5,75.5,201
2021-10-25,75.4800033569336,75.4800033569336,75.38999938964844,75.33999633789062,75.33999633789062,3900
2021-10-26,76.01000213623047,76.01000213623047,75.88999938964844,75.83999633789062,75.83999633789062,2595
2021-10-27,75.69000244140625,75.69000244140625,75.83999633789062,75.69999694824219,75.72000122070312,1503
2021-10-28,75.80999755859375,75.80999755859375,75.80999755859375,75.6500015258789,75.80999755859375,23
2021-10-29,75.94000244140625,75.94000244140625,75.5999984741211,75.29000091552734,75.5999984741211,151
2021-11-01,76.55999755859375,76.55999755859375,76.37999725341797,76.37999725341797,76.37999725341797,59
2021-11-02,76.58000183105469,76.58000183105469,76.51000213623047,76.4000015258789,76.4000015258789,177
2021-11-03,76.58000183105469,76.58000183105469,76.58000183105469,76.58000183105469,76.58000183105469,0
2021-11-04,77.18000030517578,77.18000030517578,77.2300033569336,77.0999984741211,77.0999984741211,672
2021-11-05,77.18000030517578,77.18000030517578,77.41000366210938,77.41000366210938,77.41000366210938,200
2021-11-08,77.2300033569336,77.2300033569336,77.22000122070312,77.22000122070312,77.22000122070312,100
2021-11-09,77.02999877929688,77.02999877929688,77.22000122070312,77.22000122070312,77.22000122070312,775
2021-11-10,77.19999694824219,77.19999694824219,77.29000091552734,77.01000213623047,77.12999725341797,381
2021-11-11,77.54000091552734,77.54000091552734,77.54000091552734,77.23999786376953,77.23999786376953,403
2021-11-12,77.7699966430664,77.7699966430664,77.5199966430664,77.5199966430664,77.5199966430664,645
2021-11-15,77.94999694824219,77.94999694824219,77.91999816894531,77.73999786376953,77.73999786376953,4703
2021-11-16,78.16000366210938,78.16000366210938,78.30000305175781,78.06999969482422,78.16000366210938,7512
2021-11-17,78.2699966430664,78.2699966430664,78.3499984741211,78.2300033569336,78.2300033569336,6382
2021-11-18,77.91000366210938,77.91000366210938,78.25,77.8499984741211,78.25,1657
2021-11-19,77.66000366210938,77.66000366210938,77.83000183105469,77.83000183105469,77.83000183105469,107
2021-11-22,77.61000061035156,77.61000061035156,77.77999877929688,77.77999877929688,77.77999877929688,30
2021-11-23,76.68000030517578,76.68000030517578,76.97000122070312,76.41000366210938,76.41000366210938,1502
2021-11-24,76.76000213623047,76.76000213623047,76.7300033569336,76.41000366210938,76.41000366210938,12329
2021-11-25,76.76000213623047,76.76000213623047,76.76000213623047,76.76000213623047,76.76000213623047,0
2021-11-26,74.0999984741211,74.0999984741211,74.8499984741211,74.25,74.26000213623047,1169
2021-11-29,74.62999725341797,74.62999725341797,74.62999725341797,74.62999725341797,74.62999725341797,200
2021-11-30,74.02999877929688,74.02999877929688,74.48999786376953,73.69999694824219,74.05999755859375,10137
2021-12-01,75.2699966430664,75.2699966430664,75.37000274658203,74.70999908447266,74.70999908447266,456
2021-12-02,74.44000244140625,74.44000244140625,74.5199966430664,74.36000061035156,74.5199966430664,170
2021-12-03,73.9000015258789,73.9000015258789,74.25,73.76000213623047,74.25,321
2021-12-06,75.08000183105469,75.08000183105469,75.08000183105469,74.36000061035156,74.36000061035156,1687
2021-12-07,76.80999755859375,76.80999755859375,76.38999938964844,76.36000061035156,76.37999725341797,3594
2021-12-08,76.41999816894531,76.41999816894531,76.88999938964844,76.47000122070312,76.75,412
2021-12-09,76.25,76.25,76.2699966430664,76.16000366210938,76.2699966430664,3025
2021-12-10,76.08000183105469,76.08000183105469,76.16999816894531,76.16999816894531,76.16999816894531,1044
2021-12-13,75.7300033569336,75.7300033569336,76.51000213623047,75.72000122070312,76.44999694824219,2548
2021-12-14,75.23999786376953,75.23999786376953,76.12000274658203,75.33999633789062,76.12000274658203,963
2021-12-15,75.33999633789062,75.33999633789062,75.5199966430664,75.33000183105469,75.5199966430664,342
2021-12-16,76.37999725341797,76.37999725341797,76.5199966430664,76.16000366210938,76.16000366210938,7671
2021-12-17,75.93000030517578,75.93000030517578,75.94000244140625,75.70999908447266,75.94000244140625,441
2021-12-20,74.83000183105469,74.83000183105469,74.83000183105469,74.16000366210938,74.16000366210938,3941
2021-12-21,75.86000061035156,75.86000061035156,75.80000305175781,75.30999755859375,75.30999755859375,952
2021-12-22,76.45999908447266,76.45999908447266,75.9800033569336,75.9000015258789,75.9000015258789,76
2021-12-23,77.36000061035156,77.36000061035156,77.38999938964844,76.91999816894531,76.91999816894531,482
2021-12-27,77.83000183105469,77.83000183105469,77.87000274658203,77.63999938964844,77.63999938964844,523
2021-12-28,78.44999694824219,78.44999694824219,78.41999816894531,78.12000274658203,78.16000366210938,11431
2021-12-29,78.0199966430664,78.0199966430664,78.12999725341797,78.05000305175781,78.12999725341797,6
2021-12-30,78.22000122070312,78.22000122070312,78.33000183105469,78.19999694824219,78.19999694824219,928
2022-01-03,78.70999908447266,78.70999908447266,78.86000061035156,78.66000366210938,78.79000091552734,14849
2022-01-04,79.08000183105469,79.08000183105469,79.3499984741211,78.87999725341797,78.94000244140625,3715
2022-01-05,79.08000183105469,79.08000183105469,79.08000183105469,79.08000183105469,79.08000183105469,0
2022-01-06,78.0999984741211,78.0999984741211,78.29000091552734,78.16999816894531,78.16999816894531,330
2022-01-07,78.0999984741211,78.0999984741211,78.0999984741211,78.0999984741211,78.0999984741211,0
2022-01-10,77.05999755859375,77.05999755859375,77.95999908447266,77.19999694824219,77.95999908447266,13413
2022-01-11,77.56999969482422,77.56999969482422,77.52999877929688,77.5199966430664,77.5199966430664,1263
2022-01-12,78.05000305175781,78.05000305175781,78.05000305175781,77.66000366210938,77.88999938964844,9761
2022-01-13,78.1500015258789,78.1500015258789,78.1500015258789,77.97000122070312,77.97000122070312,880
2022-01-14,77.3499984741211,77.3499984741211,77.69000244140625,77.30000305175781,77.69000244140625,586
2022-01-17,77.9800033569336,77.9800033569336,77.81999969482422,77.80000305175781,77.80000305175781,910
2022-01-18,77.36000061035156,77.36000061035156,77.20999908447266,76.91999816894531,77.11000061035156,2789
2022-01-19,77.36000061035156,77.36000061035156,77.75,77.16999816894531,77.16999816894531,2450
2022-01-20,77.75,77.75,77.75,77.5,77.54000091552734,30133
2022-01-21,76.33000183105469,76.33000183105469,76.79000091552734,76.2699966430664,76.55999755859375,7944
2022-01-24,73.63999938964844,73.63999938964844,76.12000274658203,73.69999694824219,76.12000274658203,709
2022-01-25,74.1500015258789,74.1500015258789,74.41000366210938,74.01000213623047,74.08999633789062,1114
2022-01-26,75.41000366210938,75.41000366210938,75.69999694824219,75.12999725341797,75.12999725341797,14869
2022-01-27,75.80999755859375,75.80999755859375,74.80000305175781,74.51000213623047,74.54000091552734,403
2022-01-28,75.20999908447266,75.20999908447266,74.94000244140625,74.3499984741211,74.76000213623047,5709
2022-01-31,75.55000305175781,75.55000305175781,75.83000183105469,75.47000122070312,75.56999969482422,642
2022-02-01,76.52999877929688,76.52999877929688,76.69999694824219,76.27999877929688,76.27999877929688,2020
2022-02-02,76.98999786376953,76.98999786376953,77.05000305175781,77.0,77.0,133
2022-02-03,75.55999755859375,75.55999755859375,76.66000366210938,75.80000305175781,76.66000366210938,42
2022-02-04,74.62000274658203,74.62000274658203,75.38999938964844,74.62999725341797,75.38999938964844,166
2022-02-07,75.26000213623047,75.26000213623047,75.41999816894531,74.66999816894531,74.95999908447266,990
2022-02-08,75.20999908447266,75.20999908447266,75.7300033569336,75.18000030517578,75.7300033569336,4068
2022-02-09,76.4800033569336,76.4800033569336,76.47000122070312,76.25,76.25,7719
2022-02-10,76.37000274658203,76.37000274658203,76.55000305175781,75.95999908447266,76.55000305175781,192
2022-02-11,75.8499984741211,75.8499984741211,75.75,75.5199966430664,75.58999633789062,2208
2022-02-14,74.41999816894531,74.41999816894531,74.68000030517578,73.91999816894531,73.93000030517578,7236
2022-02-15,75.5,75.5,75.4000015258789,75.29000091552734,75.29000091552734,8178
2022-02-16,75.58000183105469,75.58000183105469,75.86000061035156,75.48999786376953,75.8499984741211,326
2022-02-17,75.08999633789062,75.08999633789062,75.55999755859375,75.48999786376953,75.48999786376953,468
2022-02-18,74.55000305175781,74.55000305175781,75.19999694824219,74.56999969482422,75.19999694824219,636
2022-02-21,73.4800033569336,73.4800033569336,74.87999725341797,73.63999938964844,74.87999725341797,166
2022-02-22,73.5199966430664,73.5199966430664,73.55000305175781,73.43000030517578,73.55000305175781,192
2022-02-23,73.38999938964844,73.38999938964844,74.13999938964844,73.55999755859375,74.13999938964844,1367
2022-02-24,71.18000030517578,71.18000030517578,71.7300033569336,70.5,71.7300033569336,5422
2022-02-25,73.44000244140625,73.44000244140625,73.19999694824219,71.55000305175781,71.55000305175781,707
2022-02-28,73.30000305175781,73.30000305175781,73.08000183105469,72.44999694824219,72.58000183105469,3765
2022-03-01,71.72000122070312,71.72000122070312,73.0199966430664,72.06999969482422,73.0199966430664,17072
2022-03-02,72.4000015258789,72.4000015258789,72.19999694824219,71.41000366210938,71.43000030517578,1502
2022-03-03,70.87000274658203,70.87000274658203,70.87000274658203,70.87000274658203,70.87000274658203,2247
2022-03-04,68.43000030517578,68.43000030517578,69.11000061035156,68.5999984741211,68.9800033569336,5861
2022-03-07,67.68000030517578,67.68000030517578,68.16000366210938,65.76000213623047,67.0,10197
2022-03-08,67.4000015258789,67.4000015258789,68.11000061035156,66.97000122070312,68.02999877929688,11725
2022-03-09,70.02999877929688,70.02999877929688,70.05000305175781,69.12999725341797,69.51000213623047,2598
2022-03-10,69.16000366210938,69.16000366210938,70.13999938964844,69.20999908447266,70.13999938964844,858
2022-03-11,69.93000030517578,69.93000030517578,70.87000274658203,69.98999786376953,70.87000274658203,537
2022-03-14,70.69000244140625,70.69000244140625,70.62999725341797,70.22000122070312,70.22000122070312,1535
2022-03-15,70.55000305175781,70.55000305175781,70.69000244140625,69.38999938964844,69.38999938964844,2476
2022-03-16,72.63999938964844,72.63999938964844,72.76000213623047,72.0,72.0,1906
2022-03-17,72.98999786376953,72.98999786376953,72.80999755859375,72.63999938964844,72.63999938964844,1354
2022-03-18,73.5199966430664,73.5199966430664,73.5199966430664,72.62000274658203,72.72000122070312,245
2022-03-21,73.61000061035156,73.61000061035156,73.83999633789062,73.54000091552734,73.54000091552734,2871
2022-03-22,74.19999694824219,74.19999694824219,74.29000091552734,74.0199966430664,74.0199966430664,568
2022-03-23,73.56999969482422,73.56999969482422,73.70999908447266,73.58000183105469,73.70999908447266,727
2022-03-24,73.58000183105469,73.58000183105469,73.70999908447266,73.43000030517578,73.44999694824219,12
2022-03-25,73.51000213623047,73.51000213623047,73.87000274658203,73.33000183105469,73.33000183105469,10818
2022-03-28,73.72000122070312,73.72000122070312,74.18000030517578,73.72000122070312,74.05000305175781,521
2022-03-29,74.88999938964844,74.88999938964844,75.11000061035156,74.3499984741211,74.3499984741211,802
2022-03-30,74.47000122070312,74.47000122070312,74.61000061035156,74.31999969482422,74.58000183105469,2814
2022-03-31,74.06999969482422,74.06999969482422,74.55000305175781,74.48999786376953,74.48999786376953,856
2022-04-01,74.4000015258789,74.4000015258789,74.51000213623047,74.12000274658203,74.12000274658203,4017
2022-04-04,75.08000183105469,75.08000183105469,74.76000213623047,74.31999969482422,74.76000213623047,564
2022-04-05,74.93000030517578,74.93000030517578,74.75,74.75,74.75,341
2022-04-06,73.91999816894531,73.91999816894531,73.87999725341797,73.6500015258789,73.6500015258789,304
2022-04-07,73.81999969482422,73.81999969482422,74.51000213623047,73.86000061035156,74.19999694824219,2547
2022-04-08,74.83000183105469,74.83000183105469,74.77999877929688,74.58000183105469,74.58000183105469,187
2022-04-11,74.48999786376953,74.48999786376953,74.75,74.55999755859375,74.73999786376953,542
2022-04-12,74.37999725341797,74.37999725341797,74.33999633789062,73.68000030517578,73.7300033569336,1712
2022-04-13,74.3499984741211,74.3499984741211,74.3499984741211,73.87999725341797,74.25,5967
2022-04-14,74.8499984741211,74.8499984741211,74.52999877929688,74.41999816894531,74.44000244140625,3698
2022-04-19,74.30999755859375,74.30999755859375,74.0199966430664,74.0199966430664,74.0199966430664,2
2022-04-20,74.94999694824219,74.94999694824219,75.05000305175781,74.68000030517578,74.68000030517578,1040
2022-04-21,75.16000366210938,75.16000366210938,75.23999786376953,75.08000183105469,75.23999786376953,3155
2022-04-22,73.80000305175781,73.80000305175781,74.3499984741211,73.8499984741211,74.31999969482422,968
2022-04-25,72.48999786376953,72.48999786376953,72.8499984741211,72.8499984741211,72.8499984741211,12
2022-04-26,72.48999786376953,72.48999786376953,72.48999786376953,72.48999786376953,72.48999786376953,0
2022-04-27,72.37999725341797,72.37999725341797,72.5999984741211,72.5999984741211,72.5999984741211,103
2022-04-28,72.91999816894531,72.91999816894531,73.44999694824219,73.44999694824219,73.44999694824219,72
2022-04-29,73.4800033569336,73.4800033569336,73.7300033569336,73.48999786376953,73.5999984741211,805
2022-05-02,72.16000366210938,72.16000366210938,72.83999633789062,71.62999725341797,72.7300033569336,1642
2022-05-03,72.16000366210938,72.16000366210938,72.16000366210938,72.16000366210938,72.16000366210938,0
2022-05-04,72.25,72.25,72.72000122070312,72.58999633789062,72.58999633789062,8
2022-05-05,71.75,71.75,73.20999908447266,72.0,73.01000213623047,549
2022-05-06,70.66999816894531,70.66999816894531,71.30000305175781,70.05999755859375,71.30000305175781,399
2022-05-09,68.58000183105469,68.58000183105469,70.44999694824219,68.73999786376953,70.44999694824219,7600
2022-05-10,69.02999877929688,69.02999877929688,69.7300033569336,69.23999786376953,69.23999786376953,2058
2022-05-11,70.08000183105469,70.08000183105469,70.01000213623047,69.33999633789062,69.33999633789062,1234
2022-05-12,69.7300033569336,69.7300033569336,69.7300033569336,68.5999984741211,68.5999984741211,21736
2022-05-13,71.2300033569336,71.2300033569336,71.1500015258789,70.44000244140625,70.44999694824219,422
2022-05-16,71.13999938964844,71.13999938964844,71.18000030517578,71.05000305175781,71.1500015258789,255
2022-05-17,72.0999984741211,72.0999984741211,72.45999908447266,71.80999755859375,71.80999755859375,5303
2022-05-18,71.30000305175781,71.30000305175781,72.16000366210938,71.79000091552734,72.16000366210938,38
2022-05-19,70.2300033569336,70.2300033569336,70.19000244140625,69.77999877929688,70.0,4075
2022-05-20,70.83999633789062,70.83999633789062,71.41999816894531,71.27999877929688,71.27999877929688,607
2022-05-23,71.66999816894531,71.66999816894531,71.19999694824219,71.19999694824219,71.19999694824219,9
2022-05-24,71.66999816894531,71.66999816894531,71.66999816894531,71.66999816894531,71.66999816894531,0
2022-05-25,71.69999694824219,71.69999694824219,71.5,71.23999786376953,71.5,1050
2022-05-26,72.41999816894531,72.41999816894531,71.80000305175781,71.54000091552734,71.54000091552734,716
2022-05-27,73.18000030517578,73.18000030517578,72.56999969482422,72.44000244140625,72.44000244140625,651
2022-05-30,73.61000061035156,73.61000061035156,73.68000030517578,73.48999786376953,73.58999633789062,193
2022-05-31,72.9800033569336,72.9800033569336,73.45999908447266,73.33000183105469,73.45999908447266,2661
2022-06-01,72.37999725341797,72.37999725341797,73.29000091552734,73.29000091552734,73.29000091552734,23
2022-06-02,72.91000366210938,72.91000366210938,72.91000366210938,72.61000061035156,72.7699966430664,3283
2022-06-03,72.61000061035156,72.61000061035156,73.1500015258789,72.83999633789062,73.1500015258789,340
2022-06-06,72.61000061035156,72.61000061035156,72.61000061035156,72.61000061035156,72.61000061035156,0
2022-06-07,73.13999938964844,73.13999938964844,73.13999938964844,72.9800033569336,72.9800033569336,236
2022-06-08,72.5999984741211,72.5999984741211,73.01000213623047,72.58999633789062,73.01000213623047,9
2022-06-09,71.69000244140625,71.69000244140625,72.5,71.9000015258789,72.5,6481
2022-06-10,69.76000213623047,69.76000213623047,70.98999786376953,69.72000122070312,70.98999786376953,1933
2022-06-13,68.23999786376953,68.23999786376953,68.5,68.20999908447266,68.20999908447266,35
2022-06-14,67.41000366210938,67.41000366210938,68.1500015258789,67.47000122070312,68.1500015258789,793
2022-06-15,68.41000366210938,68.41000366210938,68.45999908447266,67.91999816894531,67.91999816894531,67
2022-06-16,66.7699966430664,66.7699966430664,68.19999694824219,66.79000091552734,68.19999694824219,199
2022-06-17,66.66999816894531,66.66999816894531,67.37000274658203,67.37000274658203,67.37000274658203,6
2022-06-20,67.29000091552734,67.29000091552734,67.33999633789062,66.83999633789062,66.83999633789062,244
2022-06-21,67.55000305175781,67.55000305175781,68.05000305175781,67.61000061035156,68.05000305175781,1009
2022-06-22,67.1500015258789,67.1500015258789,66.6500015258789,66.44999694824219,66.55000305175781,3326
2022-06-23,66.62999725341797,66.62999725341797,66.80999755859375,66.20999908447266,66.20999908447266,491
2022-06-24,68.36000061035156,68.36000061035156,68.36000061035156,67.36000061035156,67.36000061035156,145
2022-06-27,68.79000091552734,68.79000091552734,68.91999816894531,68.41000366210938,68.80999755859375,636
2022-06-28,68.86000061035156,68.86000061035156,69.31999969482422,68.86000061035156,69.08999633789062,7488
2022-06-29,68.4800033569336,68.4800033569336,68.44999694824219,67.9800033569336,68.37000274658203,1295
2022-06-30,67.38999938964844,67.38999938964844,67.2699966430664,67.08000183105469,67.2699966430664,1678
2022-07-01,67.36000061035156,67.36000061035156,67.55000305175781,67.37999725341797,67.48999786376953,270
2022-07-04,67.87000274658203,67.87000274658203,68.16000366210938,67.9000015258789,68.1500015258789,514
2022-07-05,66.30999755859375,66.30999755859375,67.66999816894531,67.27999877929688,67.66999816894531,854
2022-07-06,66.30999755859375,66.30999755859375,66.30999755859375,66.30999755859375,66.30999755859375,0
2022-07-07,68.80999755859375,68.80999755859375,68.56999969482422,68.25,68.25,418
2022-07-08,69.08999633789062,69.08999633789062,68.91000366210938,68.76000213623047,68.8499984741211,3521
2022-07-11,68.79000091552734,68.79000091552734,68.87999725341797,68.61000061035156,68.61000061035156,2353
2022-07-12,69.0999984741211,69.0999984741211,68.5199966430664,68.37000274658203,68.37000274658203,31
2022-07-13,68.51000213623047,68.51000213623047,68.7300033569336,68.4000015258789,68.7300033569336,2277
2022-07-14,67.5,67.5,67.9000015258789,67.23999786376953,67.9000015258789,1928
2022-07-15,68.66000366210938,68.66000366210938,68.30999755859375,67.75,67.75,1307
2022-07-18,69.1500015258789,69.1500015258789,69.51000213623047,69.51000213623047,69.51000213623047,3
2022-07-19,70.27999877929688,70.27999877929688,68.79000091552734,68.62999725341797,68.62999725341797,8
2022-07-20,69.98999786376953,69.98999786376953,70.4000015258789,70.06999969482422,70.4000015258789,583
2022-07-21,70.18000030517578,70.18000030517578,70.19999694824219,69.9000015258789,69.91000366210938,28
2022-07-22,70.5,70.5,70.69000244140625,70.54000091552734,70.63999938964844,391
2022-07-25,70.58000183105469,70.58000183105469,70.62000274658203,70.19999694824219,70.20999908447266,582
2022-07-26,70.62999725341797,70.62999725341797,70.77999877929688,70.61000061035156,70.61000061035156,876
2022-07-27,70.98999786376953,70.98999786376953,70.98999786376953,70.94000244140625,70.94000244140625,227
2022-07-28,71.68000030517578,71.68000030517578,71.45999908447266,71.05999755859375,71.41999816894531,1093
2022-07-29,72.70999908447266,72.70999908447266,72.70999908447266,72.30000305175781,72.30000305175781,252
2022-08-01,72.54000091552734,72.54000091552734,72.83999633789062,72.6500015258789,72.79000091552734,279
2022-08-02,72.31999969482422,72.31999969482422,72.3499984741211,72.04000091552734,72.06999969482422,783
2022-08-03,72.58999633789062,72.58999633789062,72.63999938964844,72.0999984741211,72.11000061035156,1765
2022-08-04,72.72000122070312,72.72000122070312,72.86000061035156,72.62000274658203,72.79000091552734,378
2022-08-05,72.2300033569336,72.2300033569336,72.73999786376953,72.2300033569336,72.73999786376953,904
2022-08-08,72.72000122070312,72.72000122070312,72.7699966430664,72.54000091552734,72.7699966430664,32
2022-08-09,72.26000213623047,72.26000213623047,72.5199966430664,72.31999969482422,72.5199966430664,252
2022-08-10,72.83000183105469,72.83000183105469,72.83000183105469,72.05999755859375,72.06999969482422,406
2022-08-11,72.9800033569336,72.9800033569336,72.9800033569336,72.93000030517578,72.97000122070312,315
2022-08-12,73.12000274658203,73.12000274658203,73.19999694824219,73.0,73.16999816894531,499
2022-08-16,73.44999694824219,73.44999694824219,73.5,73.37000274658203,73.5,44
2022-08-17,72.69999694824219,72.69999694824219,73.5199966430664,72.95999908447266,73.5199966430664,260
2022-08-18,73.08999633789062,73.08999633789062,73.0,73.0,73.0,107
2022-08-19,72.58999633789062,72.58999633789062,72.95999908447266,72.83999633789062,72.95999908447266,215
2022-08-22,71.94000244140625,71.94000244140625,72.08000183105469,71.87000274658203,71.88999938964844,328
2022-08-23,71.58000183105469,71.58000183105469,71.9800033569336,71.52999877929688,71.72000122070312,687
2022-08-24,71.58000183105469,71.58000183105469,71.58000183105469,71.58000183105469,71.58000183105469,0
2022-08-25,72.04000091552734,72.04000091552734,72.3499984741211,71.87999725341797,72.3499984741211,7237
2022-08-26,70.81999969482422,70.81999969482422,71.91999816894531,70.80000305175781,71.91999816894531,254
2022-08-29,70.12999725341797,70.12999725341797,70.02999877929688,69.80999755859375,70.02999877929688,50
2022-08-30,69.81999969482422,69.81999969482422,70.8499984741211,69.81999969482422,70.8499984741211,1828
2022-08-31,69.0,69.0,69.43000030517578,69.16000366210938,69.31999969482422,102
2022-09-01,67.69000244140625,67.69000244140625,68.05999755859375,67.70999908447266,67.81999969482422,568
2022-09-02,69.08000183105469,69.08000183105469,69.08000183105469,69.04000091552734,69.04000091552734,768
2022-09-05,68.69999694824219,68.69999694824219,68.19000244140625,67.97000122070312,67.97000122070312,275
2022-09-06,68.9000015258789,68.9000015258789,68.9000015258789,68.37999725341797,68.87000274658203,1448
2022-09-07,68.54000091552734,68.54000091552734,68.62999725341797,68.18000030517578,68.54000091552734,5328
2022-09-08,68.86000061035156,68.86000061035156,68.86000061035156,68.4800033569336,68.58999633789062,877
2022-09-09,69.86000061035156,69.86000061035156,69.88999938964844,69.70999908447266,69.72000122070312,1217
2022-09-12,71.05000305175781,71.05000305175781,71.0999984741211,70.08000183105469,70.08000183105469,575
2022-09-13,71.05000305175781,71.05000305175781,71.05000305175781,71.05000305175781,71.05000305175781,0
2022-09-14,71.05000305175781,71.05000305175781,71.05000305175781,71.05000305175781,71.05000305175781,0
2022-09-15,71.05000305175781,71.05000305175781,71.05000305175781,71.05000305175781,71.05000305175781,0
2022-09-16,71.05000305175781,71.05000305175781,71.05000305175781,71.05000305175781,71.05000305175781,0
2022-09-19,71.05000305175781,71.05000305175781,71.05000305175781,71.05000305175781,71.05000305175781,0
2022-09-20,71.05000305175781,71.05000305175781,71.05000305175781,71.05000305175781,71.05000305175781,0
2022-09-21,67.69000244140625,67.69000244140625,67.37999725341797,67.0999984741211,67.0999984741211,563
2022-09-22,66.44999694824219,66.44999694824219,67.44999694824219,66.72000122070312,67.44999694824219,1297
2022-09-23,65.0,65.0,66.31999969482422,64.73999786376953,66.31999969482422,3131
2022-09-26,64.76000213623047,64.76000213623047,64.83999633789062,64.33999633789062,64.7699966430664,1508
2022-09-27,64.72000122070312,64.72000122070312,65.2300033569336,64.86000061035156,65.04000091552734,541
2022-09-28,64.91999816894531,64.91999816894531,64.81999969482422,63.66999816894531,63.7400016784668,619
2022-09-29,63.90999984741211,63.90999984741211,64.08000183105469,63.63999938964844,63.63999938964844,506
2022-09-30,64.66000366210938,64.66000366210938,64.62000274658203,64.33000183105469,64.51000213623047,663
2022-10-03,65.04000091552734,65.04000091552734,64.98999786376953,64.12999725341797,64.12999725341797,503
2022-10-04,67.06999969482422,67.06999969482422,66.87999725341797,66.37000274658203,66.37000274658203,653
2022-10-05,66.48999786376953,66.48999786376953,66.75,66.41999816894531,66.75,1077
2022-10-06,66.12999725341797,66.12999725341797,66.97000122070312,66.5999984741211,66.97000122070312,129
2022-10-07,65.2699966430664,65.2699966430664,66.18000030517578,65.2699966430664,66.08999633789062,613
2022-10-10,65.12000274658203,65.12000274658203,65.45999908447266,64.81999969482422,65.08999633789062,2009
2022-10-11,64.6500015258789,64.6500015258789,64.56999969482422,64.31999969482422,64.37999725341797,8794
2022-10-12,64.36000061035156,64.36000061035156,64.83999633789062,64.19000244140625,64.72000122070312,1027
2022-10-13,64.9000015258789,64.9000015258789,64.81999969482422,64.0199966430664,64.0199966430664,2637
2022-10-14,65.11000061035156,65.11000061035156,66.08000183105469,65.11000061035156,65.88999938964844,2849
2022-10-17,66.37000274658203,66.37000274658203,66.38999938964844,65.11000061035156,65.48999786376953,287
2022-10-18,66.61000061035156,66.61000061035156,67.26000213623047,66.55999755859375,66.69999694824219,278
2022-10-19,66.33999633789062,66.33999633789062,66.62000274658203,66.38999938964844,66.56999969482422,8265
2022-10-20,66.38999938964844,66.38999938964844,66.55000305175781,65.94000244140625,66.01000213623047,487
2022-10-21,66.0999984741211,66.0999984741211,65.91000366210938,65.3499984741211,65.83000183105469,2201
2022-10-24,66.9800033569336,66.9800033569336,67.37000274658203,66.30999755859375,66.94000244140625,534
2022-10-25,67.94000244140625,67.94000244140625,67.16999816894531,67.02999877929688,67.11000061035156,479
2022-10-26,68.27999877929688,68.27999877929688,67.91000366210938,67.69000244140625,67.91000366210938,489
2022-10-27,68.37000274658203,68.37000274658203,68.08999633789062,67.80000305175781,68.08000183105469,44
2022-10-28,68.36000061035156,68.36000061035156,68.31999969482422,67.62000274658203,67.62000274658203,397
2022-10-31,68.63999938964844,68.63999938964844,68.66000366210938,68.36000061035156,68.36000061035156,321
2022-11-01,69.0199966430664,69.0199966430664,69.56999969482422,69.4800033569336,69.4800033569336,137
2022-11-02,68.8499984741211,68.8499984741211,68.88999938964844,68.87000274658203,68.88999938964844,137
2022-11-03,68.19999694824219,68.19999694824219,68.22000122070312,67.83999633789062,68.05999755859375,1410
2022-11-04,69.52999877929688,69.52999877929688,69.05999755859375,69.05999755859375,69.05999755859375,3
2022-11-07,69.61000061035156,69.61000061035156,69.80999755859375,69.48999786376953,69.54000091552734,1125
2022-11-08,70.12000274658203,70.12000274658203,70.12000274658203,69.31999969482422,69.31999969482422,747
2022-11-09,69.95999908447266,69.95999908447266,69.95999908447266,69.58000183105469,69.58000183105469,2734
2022-11-10,71.93000030517578,71.93000030517578,70.0199966430664,69.69999694824219,69.81999969482422,900
2022-11-11,71.87999725341797,71.87999725341797,72.30000305175781,71.87000274658203,72.30000305175781,775
2022-11-14,71.93000030517578,71.93000030517578,72.16000366210938,72.0199966430664,72.13999938964844,976
2022-11-15,72.12000274658203,72.12000274658203,72.29000091552734,71.9800033569336,72.05999755859375,1981
2022-11-16,71.58999633789062,71.58999633789062,72.0199966430664,71.62000274658203,72.0199966430664,527
2022-11-17,71.27999877929688,71.27999877929688,71.5,71.30000305175781,71.5,504
2022-11-18,72.08000183105469,72.08000183105469,72.0,71.70999908447266,71.70999908447266,3219
2022-11-21,72.13999938964844,72.13999938964844,72.13999938964844,71.98999786376953,72.0,815
2022-11-22,72.62000274658203,72.62000274658203,72.66999816894531,72.08999633789062,72.12000274658203,5683
2022-11-23,72.98999786376953,72.98999786376953,73.02999877929688,72.68000030517578,72.68000030517578,3202
2022-11-24,73.30000305175781,73.30000305175781,73.47000122070312,73.23999786376953,73.23999786376953,408
2022-11-25,73.37000274658203,73.37000274658203,73.25,73.25,73.25,805
2022-11-28,72.93000030517578,72.93000030517578,72.94999694824219,72.69999694824219,72.94999694824219,618
2022-11-29,72.86000061035156,72.86000061035156,73.23999786376953,72.86000061035156,73.23999786376953,470
2022-11-30,73.41000366210938,73.41000366210938,73.47000122070312,73.3499984741211,73.3499984741211,51
2022-12-01,74.01000213623047,74.01000213623047,74.01000213623047,73.8499984741211,73.8499984741211,423
2022-12-02,73.91999816894531,73.91999816894531,73.94999694824219,73.44999694824219,73.91999816894531,325
2022-12-05,73.55000305175781,73.55000305175781,73.83000183105469,73.75,73.83000183105469,33
2022-12-06,73.13999938964844,73.13999938964844,73.37000274658203,73.30000305175781,73.30000305175781,445
2022-12-07,72.75,72.75,72.80999755859375,72.7300033569336,72.80000305175781,13845
2022-12-08,72.58000183105469,72.58000183105469,72.41999816894531,72.41999816894531,72.41999816894531,15
2022-12-09,73.20999908447266,73.20999908447266,73.20999908447266,72.5199966430664,72.5199966430664,366
2022-12-12,72.87000274658203,72.87000274658203,72.87000274658203,72.87000274658203,72.87000274658203,274
2022-12-13,73.5999984741211,73.5999984741211,74.04000091552734,72.88999938964844,72.88999938964844,109
2022-12-14,73.69999694824219,73.69999694824219,73.25,73.2300033569336,73.25,47
2022-12-15,71.54000091552734,71.54000091552734,73.01000213623047,71.54000091552734,72.7699966430664,1170
2022-12-16,70.8499984741211,70.8499984741211,71.5199966430664,70.80000305175781,71.5199966430664,23415
2022-12-19,71.05000305175781,71.05000305175781,71.2300033569336,70.9800033569336,70.9800033569336,569
2022-12-20,70.72000122070312,70.72000122070312,70.91999816894531,70.91999816894531,70.91999816894531,5
2022-12-21,71.95999908447266,71.95999908447266,71.63999938964844,71.36000061035156,71.36000061035156,2818
2022-12-22,71.25,71.25,71.94000244140625,71.94000244140625,71.94000244140625,52
2022-12-23,71.44000244140625,71.44000244140625,71.5199966430664,71.44000244140625,71.5199966430664,3620
2022-12-27,71.44000244140625,71.44000244140625,71.44000244140625,71.44000244140625,71.44000244140625,0
2022-12-28,71.38999938964844,71.38999938964844,71.6500015258789,71.2699966430664,71.6500015258789,13
2022-12-29,71.8499984741211,71.8499984741211,71.8499984741211,71.8499984741211,71.8499984741211,51
2022-12-30,70.7300033569336,70.7300033569336,71.19000244140625,71.19000244140625,71.19000244140625,1
2023-01-02,71.98999786376953,71.98999786376953,71.5,71.48999786376953,71.48999786376953,507
2023-01-03,72.45999908447266,72.45999908447266,72.7699966430664,72.7699966430664,72.7699966430664,23
2023-01-04,73.51000213623047,73.51000213623047,73.51000213623047,73.2699966430664,73.2699966430664,478
2023-01-05,73.37000274658203,73.37000274658203,73.43000030517578,73.43000030517578,73.43000030517578,250
2023-01-06,74.16999816894531,74.16999816894531,73.33999633789062,73.33999633789062,73.33999633789062,85
2023-01-09,74.7699966430664,74.7699966430664,74.8499984741211,74.44000244140625,74.44000244140625,323
2023-01-10,74.36000061035156,74.36000061035156,74.38999938964844,74.38999938964844,74.38999938964844,28
2023-01-11,74.66999816894531,74.66999816894531,74.80000305175781,74.63999938964844,74.80000305175781,1312
2023-01-12,75.16000366210938,75.16000366210938,75.12999725341797,75.0,75.12999725341797,50
2023-01-13,75.5,75.5,75.5,75.23999786376953,75.23999786376953,766
2023-01-16,75.86000061035156,75.86000061035156,75.86000061035156,75.61000061035156,75.61000061035156,271
2023-01-17,76.06999969482422,76.06999969482422,76.12999725341797,75.66000366210938,75.66000366210938,821
2023-01-18,76.33999633789062,76.33999633789062,76.33999633789062,76.30999755859375,76.30999755859375,1356
2023-01-19,75.20999908447266,75.20999908447266,75.55999755859375,75.20999908447266,75.45999908447266,372
2023-01-20,75.41999816894531,75.41999816894531,75.43000030517578,75.19999694824219,75.2300033569336,353
2023-01-23,75.88999938964844,75.88999938964844,75.79000091552734,75.5,75.62000274658203,1370
2023-01-24,75.62999725341797,75.62999725341797,75.86000061035156,75.37000274658203,75.86000061035156,1802
2023-01-25,75.54000091552734,75.54000091552734,75.54000091552734,75.08000183105469,75.41999816894531,1875
2023-01-26,75.7699966430664,75.7699966430664,75.9000015258789,75.7699966430664,75.83000183105469,168
2023-01-27,75.9800033569336,75.9800033569336,75.9800033569336,75.76000213623047,75.8499984741211,1109
2023-01-30,75.79000091552734,75.79000091552734,75.79000091552734,75.31999969482422,75.52999877929688,186
2023-01-31,75.6500015258789,75.6500015258789,75.69000244140625,75.20999908447266,75.69000244140625,200
2023-02-01,75.54000091552734,75.54000091552734,75.7300033569336,75.7300033569336,75.7300033569336,23
2023-02-02,76.5199966430664,76.5199966430664,76.22000122070312,75.97000122070312,76.13999938964844,198
2023-02-03,76.76000213623047,76.76000213623047,76.76000213623047,76.33000183105469,76.37000274658203,2046
2023-02-06,76.2300033569336,76.2300033569336,76.19999694824219,76.05999755859375,76.19999694824219,16
2023-02-07,76.37999725341797,76.37999725341797,76.41999816894531,76.30999755859375,76.41999816894531,864
2023-02-08,76.62000274658203,76.62000274658203,77.02999877929688,76.62000274658203,76.79000091552734,888
2023-02-09,77.11000061035156,77.11000061035156,77.44000244140625,77.11000061035156,77.27999877929688,415
2023-02-10,76.3499984741211,76.3499984741211,76.29000091552734,76.0,76.0,350
2023-02-13,77.1500015258789,77.1500015258789,77.16999816894531,76.62999725341797,76.72000122070312,13119
2023-02-14,77.30999755859375,77.30999755859375,77.54000091552734,77.2300033569336,77.54000091552734,6695
2023-02-15,77.5999984741211,77.5999984741211,77.5999984741211,77.31999969482422,77.36000061035156,1239
2023-02-16,77.75,77.75,78.02999877929688,77.44999694824219,77.93000030517578,3935
2023-02-17,77.58000183105469,77.58000183105469,77.66000366210938,77.16999816894531,77.29000091552734,4315
2023-02-20,77.62999725341797,77.62999725341797,77.68000030517578,77.5199966430664,77.5199966430664,1804
2023-02-21,77.41000366210938,77.41000366210938,77.58999633789062,77.01000213623047,77.01000213623047,7545
2023-02-22,77.13999938964844,77.13999938964844,77.19999694824219,76.68000030517578,76.77999877929688,42
2023-02-23,77.27999877929688,77.27999877929688,77.36000061035156,77.2699966430664,77.31999969482422,4060
2023-02-24,76.37999725341797,76.37999725341797,77.44999694824219,76.37999725341797,77.44999694824219,1612
2023-02-27,77.26000213623047,77.26000213623047,77.41999816894531,76.88999938964844,76.88999938964844,1051
2023-02-28,77.0,77.0,77.27999877929688,77.0199966430664,77.13999938964844,2505
2023-03-01,76.38999938964844,76.38999938964844,77.2300033569336,76.4000015258789,77.02999877929688,531
2023-03-02,76.87000274658203,76.87000274658203,76.91000366210938,76.2699966430664,76.38999938964844,4288
2023-03-03,76.87000274658203,76.87000274658203,76.87000274658203,76.87000274658203,76.87000274658203,0
2023-03-06,77.54000091552734,77.54000091552734,77.66000366210938,77.6500015258789,77.66000366210938,365
2023-03-07,76.94999694824219,76.94999694824219,77.68000030517578,77.26000213623047,77.68000030517578,161
2023-03-08,77.06999969482422,77.06999969482422,77.05000305175781,76.77999877929688,76.77999877929688,402
2023-03-09,76.94999694824219,76.94999694824219,77.08999633789062,76.62999725341797,76.94999694824219,20775
2023-03-10,75.94999694824219,75.94999694824219,75.94999694824219,75.72000122070312,75.72000122070312,4382
2023-03-13,74.13999938964844,74.13999938964844,75.43000030517578,74.0,75.43000030517578,356
2023-03-14,75.13999938964844,75.13999938964844,75.29000091552734,74.12999725341797,74.27999877929688,2125
2023-03-15,73.0,73.0,74.33999633789062,72.94999694824219,74.33999633789062,2204
2023-03-16,74.08000183105469,74.08000183105469,73.66000366210938,72.88999938964844,73.66000366210938,5527
2023-03-17,73.12000274658203,73.12000274658203,74.61000061035156,72.86000061035156,74.61000061035156,27
2023-03-20,73.83999633789062,73.83999633789062,73.94000244140625,72.68000030517578,72.86000061035156,10475
2023-03-21,74.81999969482422,74.81999969482422,75.0199966430664,74.73999786376953,74.94000244140625,1845
2023-03-22,74.81999969482422,74.81999969482422,74.81999969482422,74.81999969482422,74.81999969482422,0
2023-03-23,74.86000061035156,74.86000061035156,74.80999755859375,74.38999938964844,74.38999938964844,131
2023-03-24,73.83999633789062,73.83999633789062,73.62999725341797,73.56999969482422,73.56999969482422,103
2023-03-27,74.7300033569336,74.7300033569336,74.83000183105469,74.66000366210938,74.66999816894531,199
2023-03-28,74.69000244140625,74.69000244140625,74.87999725341797,74.63999938964844,74.87999725341797,2801
2023-03-29,75.56999969482422,75.56999969482422,75.31999969482422,75.31999969482422,75.31999969482422,194
2023-03-30,76.44999694824219,76.44999694824219,76.55999755859375,76.25,76.25,251
2023-03-31,77.04000091552734,77.04000091552734,77.04000091552734,76.66000366210938,76.66000366210938,91
2023-04-03,76.91000366210938,76.91000366210938,77.12000274658203,77.04000091552734,77.04000091552734,248
2023-04-04,76.95999908447266,76.95999908447266,77.41999816894531,77.0,77.2300033569336,1491
2023-04-05,76.83999633789062,76.83999633789062,76.9000015258789,76.76000213623047,76.9000015258789,2723
2023-04-06,77.37999725341797,77.37999725341797,77.26000213623047,77.19000244140625,77.22000122070312,1828
2023-04-11,77.83999633789062,77.83999633789062,78.11000061035156,77.5999984741211,78.11000061035156,2084
2023-04-12,77.94000244140625,77.94000244140625,78.13999938964844,78.01000213623047,78.11000061035156,6913
2023-04-13,78.31999969482422,78.31999969482422,78.25,78.05000305175781,78.25,320
2023-04-14,78.70999908447266,78.70999908447266,78.72000122070312,78.56999969482422,78.56999969482422,1232
2023-04-17,78.72000122070312,78.72000122070312,78.87999725341797,78.72000122070312,78.87999725341797,10053
2023-04-18,78.9800033569336,78.9800033569336,79.16999816894531,78.93000030517578,78.94999694824219,1506
2023-04-19,78.94000244140625,78.94000244140625,78.93000030517578,78.7699966430664,78.86000061035156,7511
2023-04-20,78.81999969482422,78.81999969482422,78.91000366210938,78.62000274658203,78.62000274658203,4915
2023-04-21,79.08000183105469,79.08000183105469,78.9800033569336,78.80999755859375,78.80999755859375,40
2023-04-24,79.08000183105469,79.08000183105469,79.08000183105469,79.08000183105469,79.08000183105469,0
2023-04-25,78.97000122070312,78.97000122070312,78.9800033569336,78.9000015258789,78.9800033569336,105
2023-04-26,78.27999877929688,78.27999877929688,78.38999938964844,78.26000213623047,78.38999938964844,539
2023-04-27,78.48999786376953,78.48999786376953,78.62000274658203,78.4000015258789,78.54000091552734,524
2023-04-28,78.86000061035156,78.86000061035156,78.83000183105469,78.0999984741211,78.16000366210938,1233
2023-05-02,78.0,78.0,78.95999908447266,78.37999725341797,78.95999908447266,236
2023-05-03,78.33000183105469,78.33000183105469,78.36000061035156,78.36000061035156,78.36000061035156,30
2023-05-04,78.0,78.0,77.77999877929688,77.77999877929688,77.77999877929688,16
2023-05-05,78.91000366210938,78.91000366210938,78.58999633789062,78.58999633789062,78.58999633789062,296
2023-05-08,79.29000091552734,79.29000091552734,79.2300033569336,79.12999725341797,79.1500015258789,1210
2023-05-09,79.06999969482422,79.06999969482422,79.06999969482422,78.73999786376953,78.77999877929688,8023
2023-05-10,79.06999969482422,79.06999969482422,79.06999969482422,79.06999969482422,79.06999969482422,0
2023-05-11,78.73999786376953,78.73999786376953,78.68000030517578,78.62000274658203,78.62000274658203,1983
2023-05-12,79.16999816894531,79.16999816894531,79.30000305175781,79.06999969482422,79.30000305175781,1052
2023-05-15,79.31999969482422,79.31999969482422,79.45999908447266,79.26000213623047,79.33999633789062,581
2023-05-16,79.31999969482422,79.31999969482422,79.31999969482422,79.31999969482422,79.31999969482422,0
2023-05-17,78.87000274658203,78.87000274658203,79.0199966430664,78.86000061035156,78.94000244140625,219
2023-05-18,79.47000122070312,79.47000122070312,79.55999755859375,79.30999755859375,79.55999755859375,268
2023-05-19,80.0199966430664,80.0199966430664,80.0199966430664,79.69999694824219,79.69999694824219,6402
2023-05-22,79.94999694824219,79.94999694824219,80.06999969482422,79.86000061035156,80.06999969482422,9180
2023-05-23,79.45999908447266,79.45999908447266,79.72000122070312,79.51000213623047,79.66999816894531,1432
2023-05-24,77.97000122070312,77.97000122070312,78.79000091552734,78.0,78.79000091552734,613
2023-05-25,77.80999755859375,77.80999755859375,78.1500015258789,77.80999755859375,78.1500015258789,120
2023-05-26,77.80999755859375,77.80999755859375,77.80999755859375,77.80999755859375,77.80999755859375,0
2023-05-29,78.7300033569336,78.7300033569336,78.91000366210938,78.62000274658203,78.88999938964844,165
2023-05-30,77.94999694824219,77.94999694824219,78.79000091552734,78.0999984741211,78.66000366210938,2626
2023-05-31,77.05999755859375,77.05999755859375,77.91999816894531,77.22000122070312,77.62000274658203,24
2023-06-01,77.05999755859375,77.05999755859375,77.83000183105469,77.37000274658203,77.83000183105469,150
2023-06-02,78.80000305175781,78.80000305175781,78.0,78.0,78.0,82
2023-06-05,78.45999908447266,78.45999908447266,78.8499984741211,78.43000030517578,78.8499984741211,267
2023-06-06,78.7300033569336,78.7300033569336,78.41000366210938,78.4000015258789,78.4000015258789,315
2023-06-07,78.5199966430664,78.5199966430664,78.7300033569336,78.48999786376953,78.51000213623047,5008
2023-06-08,78.5199966430664,78.5199966430664,78.55000305175781,78.45999908447266,78.5199966430664,4289
2023-06-09,78.38999938964844,78.38999938964844,78.58000183105469,78.25,78.4000015258789,7428
2023-06-12,78.43000030517578,78.43000030517578,78.6500015258789,78.5199966430664,78.6500015258789,107
2023-06-13,79.02999877929688,79.02999877929688,78.6500015258789,78.6500015258789,78.6500015258789,33
2023-06-14,79.30000305175781,79.30000305175781,79.44000244140625,79.22000122070312,79.36000061035156,196
2023-06-15,79.16000366210938,79.16000366210938,79.08000183105469,78.91000366210938,79.0,2252
2023-06-16,79.58999633789062,79.58999633789062,79.5999984741211,79.48999786376953,79.48999786376953,268
2023-06-19,78.80000305175781,78.80000305175781,79.18000030517578,78.80000305175781,79.0199966430664,1881
2023-06-20,78.27999877929688,78.27999877929688,78.66999816894531,78.66999816894531,78.66999816894531,100
2023-06-21,77.95999908447266,77.95999908447266,78.18000030517578,77.97000122070312,78.13999938964844,606
2023-06-22,77.95999908447266,77.95999908447266,77.95999908447266,77.95999908447266,77.95999908447266,0
2023-06-23,77.33999633789062,77.33999633789062,77.69999694824219,77.2300033569336,77.69999694824219,376
2023-06-26,77.25,77.25,77.25,76.87000274658203,77.2300033569336,22650
2023-06-27,77.36000061035156,77.36000061035156,77.18000030517578,77.12999725341797,77.18000030517578,113
2023-06-28,77.88999938964844,77.88999938964844,77.86000061035156,77.7300033569336,77.83000183105469,4438
2023-06-29,77.94000244140625,77.94000244140625,77.9800033569336,77.80000305175781,77.93000030517578,5481
2023-06-30,78.87000274658203,78.87000274658203,78.87000274658203,78.66999816894531,78.68000030517578,4724
2023-07-03,78.66999816894531,78.66999816894531,79.04000091552734,78.94999694824219,79.0199966430664,627
2023-07-04,78.79000091552734,78.79000091552734,78.86000061035156,78.79000091552734,78.81999969482422,57
2023-07-05,78.13999938964844,78.13999938964844,78.36000061035156,78.1500015258789,78.36000061035156,192
2023-07-06,76.29000091552734,76.29000091552734,77.5999984741211,76.30000305175781,77.5999984741211,1228
2023-07-07,76.4000015258789,76.4000015258789,76.51000213623047,76.44999694824219,76.44999694824219,225
2023-07-10,76.52999877929688,76.52999877929688,76.54000091552734,76.45999908447266,76.45999908447266,146
2023-07-11,77.04000091552734,77.04000091552734,77.11000061035156,76.6500015258789,76.6500015258789,261
2023-07-12,78.19000244140625,78.19000244140625,78.19000244140625,77.27999877929688,77.27999877929688,2169
2023-07-13,78.68000030517578,78.68000030517578,78.7699966430664,78.5199966430664,78.5199966430664,890
2023-07-14,78.63999938964844,78.63999938964844,78.8499984741211,78.62000274658203,78.75,80
2023-07-17,78.16000366210938,78.16000366210938,78.43000030517578,78.1500015258789,78.2300033569336,1534
2023-07-18,78.6500015258789,78.6500015258789,78.6500015258789,78.5,78.5,8309
2023-07-19,78.79000091552734,78.79000091552734,78.94999694824219,78.80000305175781,78.87000274658203,2139
2023-07-20,79.13999938964844,79.13999938964844,79.13999938964844,78.94999694824219,78.94999694824219,207
2023-07-21,79.37999725341797,79.37999725341797,79.37999725341797,79.23999786376953,79.23999786376953,47
2023-07-24,79.47000122070312,79.47000122070312,79.51000213623047,79.30000305175781,79.4800033569336,1557
2023-07-25,79.80000305175781,79.80000305175781,79.77999877929688,79.58000183105469,79.58000183105469,17669
2023-07-26,79.3499984741211,79.3499984741211,79.51000213623047,78.91000366210938,79.51000213623047,920
2023-07-27,80.54000091552734,80.54000091552734,80.56999969482422,80.01000213623047,80.05000305175781,238
2023-07-28,80.31999969482422,80.31999969482422,80.31999969482422,80.25,80.25,366
2023-07-31,80.43000030517578,80.43000030517578,80.43000030517578,80.30999755859375,80.30999755859375,268
2023-08-01,79.58999633789062,79.58999633789062,80.25,79.80999755859375,80.25,17109
2023-08-02,78.5999984741211,78.5999984741211,78.7699966430664,78.5999984741211,78.7699966430664,2896
2023-08-03,78.08999633789062,78.08999633789062,78.08999633789062,77.98999786376953,78.01000213623047,776
2023-08-04,78.3499984741211,78.3499984741211,78.3499984741211,77.94000244140625,78.1500015258789,299
2023-08-07,78.4800033569336,78.4800033569336,78.51000213623047,78.01000213623047,78.01000213623047,33549
2023-08-08,78.37999725341797,78.37999725341797,78.37999725341797,78.08999633789062,78.30000305175781,9626
2023-08-09,78.66000366210938,78.66000366210938,79.16000366210938,78.70999908447266,79.16000366210938,3379
2023-08-10,79.37000274658203,79.37000274658203,79.45999908447266,79.0199966430664,79.13999938964844,2868
2023-08-11,78.5,78.5,78.5,78.5,78.5,670
2023-08-14,78.58999633789062,78.58999633789062,78.69000244140625,78.58000183105469,78.66999816894531,68
2023-08-16,77.80000305175781,77.80000305175781,78.02999877929688,77.83999633789062,78.02999877929688,352
2023-08-17,77.16999816894531,77.16999816894531,77.61000061035156,77.5,77.58000183105469,40
2023-08-18,76.73999786376953,76.73999786376953,76.79000091552734,76.58000183105469,76.79000091552734,1237
2023-08-21,76.77999877929688,76.77999877929688,77.37000274658203,77.0999984741211,77.12999725341797,425
2023-08-22,77.3499984741211,77.3499984741211,77.41999816894531,77.22000122070312,77.22000122070312,633
2023-08-23,77.68000030517578,77.68000030517578,77.6500015258789,77.52999877929688,77.55999755859375,72
2023-08-24,77.38999938964844,77.38999938964844,78.23999786376953,78.23999786376953,78.23999786376953,1101
2023-08-25,77.37000274658203,77.37000274658203,77.5999984741211,77.26000213623047,77.5999984741211,86
2023-08-28,78.23999786376953,78.23999786376953,78.16999816894531,78.0,78.16999816894531,5
2023-08-29,78.80000305175781,78.80000305175781,78.55999755859375,78.43000030517578,78.55999755859375,681
2023-08-30,78.63999938964844,78.63999938964844,78.88999938964844,78.73999786376953,78.88999938964844,5344
2023-08-31,78.47000122070312,78.47000122070312,78.91000366210938,78.47000122070312,78.70999908447266,3042
2023-09-01,78.51000213623047,78.51000213623047,78.87000274658203,78.68000030517578,78.68000030517578,458
2023-09-04,78.45999908447266,78.45999908447266,79.13999938964844,78.68000030517578,79.13999938964844,1020
2023-09-05,78.36000061035156,78.36000061035156,78.55999755859375,78.29000091552734,78.36000061035156,7927
2023-09-06,77.93000030517578,77.93000030517578,78.11000061035156,77.77999877929688,78.02999877929688,4114
2023-09-07,77.86000061035156,77.86000061035156,78.01000213623047,77.69000244140625,77.69000244140625,4320
2023-09-08,78.04000091552734,78.04000091552734,78.04000091552734,77.43000030517578,77.54000091552734,8104
2023-09-11,78.25,78.25,78.6500015258789,78.2300033569336,78.6500015258789,1922
2023-09-12,78.12000274658203,78.12000274658203,78.2699966430664,78.2699966430664,78.2699966430664,78
2023-09-13,77.93000030517578,77.93000030517578,77.66999816894531,77.48999786376953,77.66999816894531,81
2023-09-14,77.93000030517578,77.93000030517578,77.93000030517578,77.93000030517578,77.93000030517578,0
2023-09-15,79.30999755859375,79.30999755859375,79.7300033569336,79.2300033569336,79.62000274658203,90
2023-09-18,78.36000061035156,78.36000061035156,79.0,78.4000015258789,79.0,214
2023-09-19,78.31999969482422,78.31999969482422,78.48999786376953,78.26000213623047,78.26000213623047,9026
2023-09-20,79.05999755859375,79.05999755859375,79.05999755859375,78.5199966430664,78.5199966430664,421
2023-09-21,77.98999786376953,77.98999786376953,78.55999755859375,78.52999877929688,78.52999877929688,11
2023-09-22,77.77999877929688,77.77999877929688,77.94000244140625,77.63999938964844,77.73999786376953,5903
2023-09-25,77.2699966430664,77.2699966430664,77.77999877929688,77.04000091552734,77.77999877929688,4207
2023-09-26,76.8499984741211,76.8499984741211,77.05999755859375,76.83000183105469,77.05999755859375,11053
2023-09-27,76.73999786376953,76.73999786376953,76.94000244140625,76.69000244140625,76.94000244140625,483
2023-09-28,77.04000091552734,77.04000091552734,76.7699966430664,76.7699966430664,76.7699966430664,6
2023-09-29,77.43000030517578,77.43000030517578,77.98999786376953,77.37999725341797,77.69000244140625,10748
2023-10-02,76.56999969482422,76.56999969482422,77.41999816894531,76.91999816894531,77.37000274658203,4001
2023-10-03,75.77999877929688,75.77999877929688,76.48999786376953,75.75,76.44999694824219,1919
2023-10-04,75.62999725341797,75.62999725341797,76.02999877929688,75.52999877929688,75.52999877929688,1975
2023-10-05,75.8499984741211,75.8499984741211,75.62999725341797,75.62999725341797,75.62999725341797,156
2023-10-06,76.5,76.5,76.68000030517578,75.83999633789062,76.0999984741211,1168
2023-10-09,76.27999877929688,76.27999877929688,76.44000244140625,76.19999694824219,76.44000244140625,510
2023-10-10,77.81999969482422,77.81999969482422,77.76000213623047,77.12999725341797,77.12999725341797,2791
2023-10-11,77.87999725341797,77.87999725341797,78.12999725341797,77.72000122070312,77.72000122070312,1885
2023-10-12,77.98999786376953,77.98999786376953,78.44999694824219,78.38999938964844,78.38999938964844,103
2023-10-13,77.25,77.25,77.38999938964844,77.30999755859375,77.38999938964844,1317
2023-10-16,77.44000244140625,77.44000244140625,77.41999816894531,77.16999816894531,77.20999908447266,1698
2023-10-17,77.33999633789062,77.33999633789062,77.33999633789062,76.88999938964844,77.19999694824219,4820
2023-10-18,76.55000305175781,76.55000305175781,76.91000366210938,76.75,76.91000366210938,223
2023-10-19,75.68000030517578,75.68000030517578,75.9800033569336,75.69000244140625,75.9800033569336,10086
2023-10-20,74.66999816894531,74.66999816894531,75.0199966430664,74.93000030517578,74.94999694824219,3897
2023-10-23,74.55000305175781,74.55000305175781,74.70999908447266,74.08999633789062,74.70999908447266,693
2023-10-24,74.87000274658203,74.87000274658203,74.62999725341797,74.54000091552734,74.54000091552734,31
2023-10-25,74.9800033569336,74.9800033569336,74.81999969482422,74.7699966430664,74.81999969482422,102
2023-10-26,74.58999633789062,74.58999633789062,74.72000122070312,74.22000122070312,74.22000122070312,253
2023-10-27,73.97000122070312,73.97000122070312,74.4000015258789,74.19999694824219,74.4000015258789,230
2023-10-30,74.19000244140625,74.19000244140625,74.54000091552734,74.16000366210938,74.43000030517578,27478
2023-10-31,74.5999984741211,74.5999984741211,74.7699966430664,74.75,74.7699966430664,90
2023-11-01,75.08999633789062,75.08999633789062,74.95999908447266,74.68000030517578,74.75,30
2023-11-02,76.27999877929688,76.27999877929688,76.30999755859375,75.9800033569336,75.9800033569336,69
2023-11-03,76.36000061035156,76.36000061035156,76.5999984741211,76.33000183105469,76.5999984741211,191
2023-11-06,76.30000305175781,76.30000305175781,76.3499984741211,76.30999755859375,76.3499984741211,8
2023-11-07,76.12999725341797,76.12999725341797,76.12999725341797,76.08000183105469,76.08000183105469,610
2023-11-08,76.37999725341797,76.37999725341797,76.38999938964844,75.9800033569336,75.98999786376953,8252
2023-11-09,77.01000213623047,77.01000213623047,77.0999984741211,76.5199966430664,76.5199966430664,455
2023-11-10,76.19000244140625,76.19000244140625,76.55000305175781,75.8499984741211,76.55000305175781,1522
2023-11-13,76.80000305175781,76.80000305175781,76.80000305175781,76.66000366210938,76.73999786376953,3600
2023-11-14,77.7300033569336,77.7300033569336,77.7300033569336,76.72000122070312,76.79000091552734,103
2023-11-15,78.05000305175781,78.05000305175781,78.23999786376953,78.05999755859375,78.16999816894531,1185
2023-11-16,77.58999633789062,77.58999633789062,77.88999938964844,77.69000244140625,77.88999938964844,903
2023-11-17,78.33000183105469,78.33000183105469,78.36000061035156,77.95999908447266,77.95999908447266,317
2023-11-20,78.4000015258789,78.4000015258789,78.48999786376953,78.33000183105469,78.33000183105469,1044
2023-11-21,78.37000274658203,78.37000274658203,78.37999725341797,78.33000183105469,78.36000061035156,1258
2023-11-22,78.62000274658203,78.62000274658203,78.6500015258789,78.4800033569336,78.4800033569336,1055
2023-11-23,78.83000183105469,78.83000183105469,78.83000183105469,78.58999633789062,78.66000366210938,34
2023-11-24,79.11000061035156,79.11000061035156,79.11000061035156,78.8499984741211,78.8499984741211,1325
2023-11-27,78.77999877929688,78.77999877929688,79.05999755859375,78.77999877929688,79.05999755859375,299
2023-11-28,78.55000305175781,78.55000305175781,78.43000030517578,78.30000305175781,78.31999969482422,7445
2023-11-29,78.88999938964844,78.88999938964844,78.95999908447266,78.86000061035156,78.93000030517578,1919
2023-11-30,79.31999969482422,79.31999969482422,79.08999633789062,79.08999633789062,79.08999633789062,130
2023-12-01,80.08999633789062,80.08999633789062,80.08999633789062,79.69999694824219,79.69999694824219,207
2023-12-04,80.08000183105469,80.08000183105469,80.23999786376953,80.02999877929688,80.08999633789062,35
2023-12-05,80.37999725341797,80.37999725341797,80.37999725341797,80.0,80.01000213623047,535
2023-12-06,80.68000030517578,80.68000030517578,80.88999938964844,80.41999816894531,80.43000030517578,3833
2023-12-07,80.48999786376953,80.48999786376953,80.58999633789062,80.41999816894531,80.41999816894531,2285
2023-12-08,80.48999786376953,80.48999786376953,80.48999786376953,80.48999786376953,80.48999786376953,0
2023-12-11,81.29000091552734,81.29000091552734,81.37000274658203,80.98999786376953,81.25,2321
2023-12-12,81.12999725341797,81.12999725341797,81.44999694824219,81.12999725341797,81.44999694824219,4244
2023-12-13,81.13999938964844,81.13999938964844,81.47000122070312,81.36000061035156,81.43000030517578,468
2023-12-14,81.76000213623047,81.76000213623047,82.33000183105469,81.52999877929688,82.31999969482422,2567
2023-12-15,81.73999786376953,81.73999786376953,82.05000305175781,81.70999908447266,82.05000305175781,4622
2023-12-18,81.61000061035156,81.61000061035156,81.8499984741211,81.47000122070312,81.47000122070312,2599
2023-12-19,81.97000122070312,81.97000122070312,81.97000122070312,81.77999877929688,81.80000305175781,809
2023-12-20,82.05999755859375,82.05999755859375,82.16999816894531,81.87999725341797,82.16999816894531,1046
2023-12-21,81.91999816894531,81.91999816894531,81.94000244140625,81.63999938964844,81.72000122070312,1868
2023-12-22,82.0199966430664,82.0199966430664,82.0199966430664,81.91000366210938,81.91000366210938,117
2023-12-27,82.27999877929688,82.27999877929688,82.33999633789062,81.9800033569336,82.33999633789062,75
2023-12-28,82.1500015258789,82.1500015258789,82.2300033569336,82.1500015258789,82.2300033569336,169
2023-12-29,82.20999908447266,82.20999908447266,82.41000366210938,82.20999908447266,82.41000366210938,1825
2024-01-02,82.16000366210938,82.16000366210938,82.8499984741211,82.08000183105469,82.8499984741211,41
2024-01-03,81.55000305175781,81.55000305175781,81.94999694824219,81.37000274658203,81.94999694824219,62
2024-01-04,82.1500015258789,82.1500015258789,81.93000030517578,81.93000030517578,81.93000030517578,10
2024-01-05,81.91999816894531,81.91999816894531,81.80000305175781,81.3499984741211,81.7300033569336,701
2024-01-08,82.13999938964844,82.13999938964844,81.66000366210938,81.66000366210938,81.66000366210938,13
2024-01-09,82.0,82.0,82.30999755859375,81.81999969482422,82.30999755859375,168
2024-01-10,81.83000183105469,81.83000183105469,82.02999877929688,81.75,82.02999877929688,141
2024-01-11,81.16999816894531,81.16999816894531,82.0999984741211,81.41999816894531,82.0999984741211,423
2024-01-12,81.87000274658203,81.87000274658203,82.0,81.69000244140625,81.86000061035156,913
2024-01-15,81.4800033569336,81.4800033569336,81.72000122070312,81.37000274658203,81.72000122070312,416
2024-01-16,81.20999908447266,81.20999908447266,81.16999816894531,80.91999816894531,81.11000061035156,4026
2024-01-17,80.44999694824219,80.44999694824219,80.44999694824219,80.22000122070312,80.4000015258789,1939
2024-01-18,80.88999938964844,80.88999938964844,80.80999755859375,80.45999908447266,80.58000183105469,96
2024-01-19,80.58999633789062,80.58999633789062,81.01000213623047,80.58999633789062,81.01000213623047,8041
2024-01-22,81.29000091552734,81.29000091552734,81.19999694824219,81.0,81.19999694824219,641
2024-01-23,81.04000091552734,81.04000091552734,81.41999816894531,81.04000091552734,81.41999816894531,642
2024-01-24,82.0,82.0,81.75,81.69000244140625,81.69000244140625,94
2024-01-25,82.22000122070312,82.22000122070312,82.16000366210938,81.7699966430664,81.7699966430664,95
2024-01-26,83.22000122070312,83.22000122070312,83.22000122070312,82.68000030517578,82.68000030517578,2512
2024-01-29,83.41000366210938,83.41000366210938,83.41000366210938,83.20999908447266,83.26000213623047,54
2024-01-30,83.62000274658203,83.62000274658203,83.68000030517578,83.47000122070312,83.62999725341797,18546
2024-01-31,83.55999755859375,83.55999755859375,83.70999908447266,83.6500015258789,83.6500015258789,39
2024-02-01,83.2699966430664,83.2699966430664,83.48999786376953,83.2699966430664,83.48999786376953,302
2024-02-02,83.27999877929688,83.27999877929688,83.79000091552734,83.27999877929688,83.7300033569336,521
2024-02-05,83.16000366210938,83.16000366210938,83.30999755859375,83.19999694824219,83.30999755859375,70
2024-02-06,83.77999877929688,83.77999877929688,83.7300033569336,83.22000122070312,83.38999938964844,3404
2024-02-07,83.45999908447266,83.45999908447266,83.76000213623047,83.5199966430664,83.76000213623047,2876
2024-02-08,83.41999816894531,83.41999816894531,83.7300033569336,83.58000183105469,83.62000274658203,1548
2024-02-09,83.37999725341797,83.37999725341797,83.55999755859375,83.16999816894531,83.43000030517578,1502
2024-02-12,83.7699966430664,83.7699966430664,83.70999908447266,83.4800033569336,83.56999969482422,224
2024-02-13,83.01000213623047,83.01000213623047,83.5999984741211,82.87999725341797,83.5,377
2024-02-14,83.38999938964844,83.38999938964844,83.41999816894531,83.08000183105469,83.08000183105469,2574
2024-02-15,84.01000213623047,84.01000213623047,84.0199966430664,83.9000015258789,84.01000213623047,612
2024-02-16,84.55999755859375,84.55999755859375,84.62000274658203,84.38999938964844,84.38999938964844,9998
2024-02-19,84.72000122070312,84.72000122070312,84.75,84.41999816894531,84.48999786376953,3668
2024-02-20,84.63999938964844,84.63999938964844,84.7300033569336,84.58999633789062,84.58999633789062,559
2024-02-21,84.54000091552734,84.54000091552734,84.54000091552734,84.4000015258789,84.4000015258789,5819
2024-02-22,85.30999755859375,85.30999755859375,85.30999755859375,84.9800033569336,85.08999633789062,200
2024-02-23,85.62000274658203,85.62000274658203,85.69000244140625,85.30000305175781,85.30000305175781,694
2024-02-26,85.26000213623047,85.26000213623047,85.44999694824219,85.26000213623047,85.30999755859375,267
2024-02-27,85.44999694824219,85.44999694824219,85.44999694824219,85.1500015258789,85.33000183105469,3283
2024-02-28,85.12999725341797,85.12999725341797,85.4000015258789,85.12999725341797,85.4000015258789,159
2024-02-29,85.23999786376953,85.23999786376953,85.45999908447266,85.19000244140625,85.45999908447266,221
2024-03-01,85.6500015258789,85.6500015258789,85.6500015258789,85.3499984741211,85.55000305175781,6637
2024-03-04,85.62999725341797,85.62999725341797,85.79000091552734,85.5,85.79000091552734,737
2024-03-05,85.47000122070312,85.47000122070312,85.54000091552734,85.4000015258789,85.5,1804
2024-03-06,85.73999786376953,85.73999786376953,85.73999786376953,85.61000061035156,85.66999816894531,214
2024-03-07,86.83999633789062,86.83999633789062,86.81999969482422,85.70999908447266,85.80000305175781,7362
2024-03-08,86.7300033569336,86.7300033569336,86.91000366210938,86.72000122070312,86.76000213623047,3054
2024-03-11,86.44999694824219,86.44999694824219,86.43000030517578,86.29000091552734,86.36000061035156,959
2024-03-12,87.33000183105469,87.33000183105469,87.33000183105469,86.7300033569336,86.7300033569336,863
2024-03-13,87.44000244140625,87.44000244140625,87.61000061035156,87.41000366210938,87.51000213623047,23547
2024-03-14,87.3499984741211,87.3499984741211,87.83000183105469,87.26000213623047,87.70999908447266,1368
2024-03-15,87.01000213623047,87.01000213623047,87.62000274658203,87.01000213623047,87.48999786376953,855
2024-03-18,86.94000244140625,86.94000244140625,87.19000244140625,86.8499984741211,87.19000244140625,246
2024-03-19,87.11000061035156,87.11000061035156,87.0999984741211,86.77999877929688,86.79000091552734,907
2024-03-20,87.12000274658203,87.12000274658203,87.16000366210938,86.87999725341797,86.88999938964844,13426
2024-03-21,87.93000030517578,87.93000030517578,88.08999633789062,87.56999969482422,88.08999633789062,251
2024-03-22,87.95999908447266,87.95999908447266,88.08999633789062,87.91999816894531,87.91999816894531,1188
2024-03-25,88.05000305175781,88.05000305175781,87.98999786376953,87.72000122070312,87.72000122070312,501
2024-03-26,88.16999816894531,88.16999816894531,88.19000244140625,87.9000015258789,87.9000015258789,230
2024-03-27,88.31999969482422,88.31999969482422,88.3499984741211,88.13999938964844,88.13999938964844,488
2024-03-28,88.54000091552734,88.54000091552734,88.63999938964844,88.54000091552734,88.62000274658203,1532
2024-04-02,87.75,87.75,89.58999633789062,87.75,89.58999633789062,808
2024-04-03,88.05000305175781,88.05000305175781,87.88999938964844,87.69999694824219,87.88999938964844,308
2024-04-04,88.16999816894531,88.16999816894531,88.31999969482422,88.02999877929688,88.13999938964844,485
2024-04-05,87.36000061035156,87.36000061035156,87.37000274658203,87.06999969482422,87.30000305175781,553
2024-04-08,87.83000183105469,87.83000183105469,87.83000183105469,87.36000061035156,87.37000274658203,675
2024-04-09,87.27999877929688,87.27999877929688,87.87000274658203,87.19999694824219,87.69999694824219,47
2024-04-10,87.44999694824219,87.44999694824219,87.9000015258789,86.9000015258789,87.83999633789062,1940
2024-04-11,87.16999816894531,87.16999816894531,87.61000061035156,86.80000305175781,87.61000061035156,943
2024-04-12,87.37000274658203,87.37000274658203,88.20999908447266,87.22000122070312,88.0,1550
2024-04-15,87.58000183105469,87.58000183105469,88.18000030517578,87.5199966430664,87.76000213623047,451
2024-04-16,86.20999908447266,86.20999908447266,86.5999984741211,86.36000061035156,86.5,43
2024-04-17,86.44000244140625,86.44000244140625,86.76000213623047,86.27999877929688,86.33000183105469,776
2024-04-18,86.62999725341797,86.62999725341797,86.58999633789062,86.51000213623047,86.58999633789062,1424
2024-04-19,86.48999786376953,86.48999786376953,86.43000030517578,85.9000015258789,86.05999755859375,5556
2024-04-22,87.16999816894531,87.16999816894531,87.18000030517578,86.8499984741211,87.0,1159
2024-04-23,88.12999725341797,88.12999725341797,88.12999725341797,87.66000366210938,87.73999786376953,1290
2024-04-24,87.83999633789062,87.83999633789062,88.36000061035156,87.69999694824219,88.2699966430664,835
2024-04-25,87.29000091552734,87.29000091552734,87.69999694824219,86.80000305175781,87.69999694824219,190
2024-04-26,88.33999633789062,88.33999633789062,88.54000091552734,87.87000274658203,87.91000366210938,3351
2024-04-29,88.38999938964844,88.38999938964844,88.77999877929688,88.38999938964844,88.70999908447266,2311
2024-04-30,87.87999725341797,87.87999725341797,88.4800033569336,87.88999938964844,88.44999694824219,8266
2024-05-02,87.62999725341797,87.62999725341797,88.12999725341797,87.58999633789062,88.12999725341797,3185
2024-05-03,88.05999755859375,88.05999755859375,88.36000061035156,87.93000030517578,87.97000122070312,324
2024-05-06,88.66999816894531,88.66999816894531,88.69000244140625,88.30999755859375,88.30999755859375,1484
2024-05-07,89.62999725341797,89.62999725341797,89.58999633789062,89.08999633789062,89.08999633789062,1493
2024-05-08,89.94000244140625,89.94000244140625,90.08000183105469,89.80999755859375,89.9000015258789,1142
2024-05-09,90.36000061035156,90.36000061035156,90.36000061035156,89.87999725341797,89.91000366210938,338
2024-05-10,90.9800033569336,90.9800033569336,91.11000061035156,90.72000122070312,90.72000122070312,1094
2024-05-13,90.97000122070312,90.97000122070312,91.05000305175781,90.83000183105469,91.02999877929688,4403
2024-05-14,91.1500015258789,91.1500015258789,91.16000366210938,90.98999786376953,90.98999786376953,1040
2024-05-15,91.69000244140625,91.69000244140625,91.69000244140625,91.33999633789062,91.37000274658203,7757
2024-05-16,91.62000274658203,91.62000274658203,91.76000213623047,91.5199966430664,91.70999908447266,896
2024-05-17,91.45999908447266,91.45999908447266,91.61000061035156,91.19999694824219,91.61000061035156,1444
2024-05-20,91.80000305175781,91.80000305175781,91.83999633789062,91.5999984741211,91.63999938964844,1084
2024-05-21,91.5,91.5,91.5999984741211,91.16000366210938,91.5999984741211,3802
2024-05-22,91.25,91.25,91.31999969482422,91.0999984741211,91.31999969482422,4624
2024-05-23,91.3499984741211,91.3499984741211,91.66000366210938,91.19999694824219,91.4800033569336,6808
2024-05-24,91.26000213623047,91.26000213623047,91.26000213623047,90.69999694824219,90.69999694824219,1198
2024-05-27,91.52999877929688,91.52999877929688,91.54000091552734,91.19000244140625,91.19000244140625,664
2024-05-28,90.95999908447266,90.95999908447266,91.55999755859375,90.87999725341797,91.54000091552734,2569
2024-05-29,90.05999755859375,90.05999755859375,90.81999969482422,90.0,90.81999969482422,217178
2024-05-30,90.62999725341797,90.62999725341797,90.66000366210938,90.27999877929688,90.33999633789062,1057
2024-05-31,90.8499984741211,90.8499984741211,90.83000183105469,90.56999969482422,90.56999969482422,1853
2024-06-03,91.16000366210938,91.16000366210938,91.70999908447266,91.16000366210938,91.70999908447266,4594
2024-06-04,90.72000122070312,90.72000122070312,91.0,90.44999694824219,90.79000091552734,228
2024-06-05,91.68000030517578,91.68000030517578,91.81999969482422,91.2699966430664,91.2699966430664,7413
2024-06-06,92.27999877929688,92.27999877929688,92.3499984741211,92.04000091552734,92.12999725341797,10198
2024-06-07,92.0999984741211,92.0999984741211,92.13999938964844,91.77999877929688,91.83999633789062,17201
2024-06-10,91.7300033569336,91.7300033569336,91.66999816894531,91.31999969482422,91.5,2085
2024-06-11,90.98999786376953,90.98999786376953,92.0199966430664,90.91999816894531,92.0199966430664,2190
2024-06-12,91.79000091552734,91.79000091552734,91.8499984741211,91.30000305175781,91.30000305175781,1137
2024-06-13,90.73999786376953,90.73999786376953,91.76000213623047,91.08000183105469,91.76000213623047,822
2024-06-14,89.83999633789062,89.83999633789062,90.83999633789062,89.72000122070312,90.83999633789062,3515
2024-06-17,89.91999816894531,89.91999816894531,90.3499984741211,89.5,90.16999816894531,1004
2024-06-18,90.44999694824219,90.44999694824219,90.45999908447266,90.18000030517578,90.30000305175781,266
2024-06-19,90.3499984741211,90.3499984741211,90.5,90.3499984741211,90.48999786376953,5017
2024-06-20,91.19000244140625,91.19000244140625,90.80000305175781,90.52999877929688,90.52999877929688,152
2024-06-21,90.5,90.5,91.01000213623047,90.41000366210938,90.86000061035156,3907
2024-06-24,91.20999908447266,91.20999908447266,91.20999908447266,90.47000122070312,90.61000061035156,1716
2024-06-25,90.94000244140625,90.94000244140625,90.91999816894531,90.88999938964844,90.91000366210938,138
2024-06-26,90.45999908447266,90.45999908447266,91.4800033569336,90.43000030517578,91.37000274658203,1329
2024-06-27,90.12999725341797,90.12999725341797,90.55000305175781,90.16000366210938,90.37999725341797,537
2024-06-28,89.91999816894531,89.91999816894531,90.45999908447266,89.87000274658203,90.45999908447266,437
2024-07-01,90.19999694824219,90.19999694824219,90.6500015258789,90.16999816894531,90.62999725341797,5016
2024-07-02,89.79000091552734,89.79000091552734,89.80999755859375,89.4000015258789,89.80999755859375,307
2024-07-03,90.44000244140625,90.44000244140625,90.5999984741211,90.25,90.38999938964844,9173
2024-07-04,90.8499984741211,90.8499984741211,91.02999877929688,90.72000122070312,90.72000122070312,41766
2024-07-05,90.75,90.75,91.2699966430664,90.75,91.16999816894531,812
2024-07-08,90.66999816894531,90.66999816894531,91.08000183105469,90.66999816894531,91.08000183105469,135
2024-07-09,89.81999969482422,89.81999969482422,90.62000274658203,89.81999969482422,90.38999938964844,1036
2024-07-10,90.69000244140625,90.69000244140625,90.31999969482422,90.04000091552734,90.04000091552734,592
2024-07-11,91.22000122070312,91.22000122070312,91.2699966430664,90.86000061035156,90.86000061035156,323
2024-07-12,91.98999786376953,91.98999786376953,91.98999786376953,91.4000015258789,91.4000015258789,1143
2024-07-15,91.02999877929688,91.02999877929688,91.94000244140625,91.02999877929688,91.86000061035156,1672
2024-07-16,90.83000183105469,90.83000183105469,90.83000183105469,90.52999877929688,90.61000061035156,338
2024-07-17,90.37000274658203,90.37000274658203,90.43000030517578,90.3499984741211,90.43000030517578,1105
2024-07-18,90.13999938964844,90.13999938964844,90.87999725341797,90.22000122070312,90.5199966430664,7328
2024-07-19,89.37000274658203,89.37000274658203,89.80000305175781,89.47000122070312,89.80000305175781,4897
2024-07-22,90.31999969482422,90.31999969482422,90.58999633789062,89.97000122070312,89.97000122070312,362
2024-07-23,90.37000274658203,90.37000274658203,90.69000244140625,90.27999877929688,90.48999786376953,1778
2024-07-24,89.86000061035156,89.86000061035156,90.04000091552734,89.66000366210938,90.01000213623047,1492
2024-07-25,89.23999786376953,89.23999786376953,89.23999786376953,88.5,88.7300033569336,1990
2024-07-26,90.0,90.0,90.05000305175781,89.33000183105469,89.33000183105469,6399
2024-07-29,89.79000091552734,89.79000091552734,90.47000122070312,89.80999755859375,90.43000030517578,6075
2024-07-30,90.19000244140625,90.19000244140625,90.4000015258789,90.01000213623047,90.01000213623047,653
2024-07-31,90.87999725341797,90.87999725341797,91.11000061035156,91.04000091552734,91.08000183105469,80
2024-08-01,89.63999938964844,89.63999938964844,90.69000244140625,89.54000091552734,90.69000244140625,887
2024-08-02,87.41000366210938,87.41000366210938,88.66999816894531,87.3499984741211,88.66999816894531,2187
2024-08-05,85.58999633789062,85.58999633789062,85.75,84.33000183105469,85.33000183105469,829
2024-08-06,85.81999969482422,85.81999969482422,86.19999694824219,85.19999694824219,86.19000244140625,2152
2024-08-07,87.1500015258789,87.1500015258789,87.37000274658203,86.11000061035156,86.11000061035156,5043
2024-08-08,87.26000213623047,87.26000213623047,87.26000213623047,86.30999755859375,86.30999755859375,1542
2024-08-09,87.75,87.75,88.06999969482422,87.43000030517578,87.52999877929688,8087
2024-08-12,87.6500015258789,87.6500015258789,88.05999755859375,87.66999816894531,88.02999877929688,1322
2024-08-13,88.16999816894531,88.16999816894531,88.16999816894531,87.54000091552734,87.87999725341797,483
2024-08-14,88.52999877929688,88.52999877929688,88.58999633789062,88.37999725341797,88.54000091552734,2618
2024-08-16,89.94999694824219,89.94999694824219,90.1500015258789,89.83000183105469,89.91000366210938,472
2024-08-19,90.56999969482422,90.56999969482422,90.62000274658203,89.9000015258789,89.94999694824219,16242
2024-08-20,90.1500015258789,90.1500015258789,90.62999725341797,90.1500015258789,90.62999725341797,2956
2024-08-21,90.43000030517578,90.43000030517578,90.52999877929688,90.31999969482422,90.31999969482422,2192
2024-08-22,90.75,90.75,90.95999908447266,90.83999633789062,90.83999633789062,40
2024-08-23,91.16000366210938,91.16000366210938,91.26000213623047,90.8499984741211,90.8499984741211,2603
2024-08-26,91.22000122070312,91.22000122070312,91.2699966430664,91.20999908447266,91.20999908447266,279
2024-08-27,91.30999755859375,91.30999755859375,91.44999694824219,91.19000244140625,91.44000244140625,4962
2024-08-28,91.6500015258789,91.6500015258789,91.77999877929688,91.75,91.77999877929688,403
2024-08-29,92.33000183105469,92.33000183105469,92.3499984741211,92.12999725341797,92.29000091552734,1453
2024-08-30,92.4000015258789,92.4000015258789,92.63999938964844,92.4000015258789,92.61000061035156,895
2024-09-02,92.4000015258789,92.4000015258789,92.4000015258789,92.04000091552734,92.04000091552734,877
2024-09-03,91.47000122070312,91.47000122070312,92.44999694824219,91.3499984741211,92.4000015258789,1820
2024-09-04,90.47000122070312,90.47000122070312,90.70999908447266,90.44000244140625,90.5,239
2024-09-05,90.05999755859375,90.05999755859375,90.55999755859375,90.38999938964844,90.48999786376953,176
2024-09-06,89.11000061035156,89.11000061035156,90.02999877929688,89.0,89.80000305175781,367
2024-09-09,89.75,89.75,89.87000274658203,89.51000213623047,89.56999969482422,6151
2024-09-10,89.31999969482422,89.31999969482422,90.04000091552734,89.16999816894531,89.62999725341797,5001
2024-09-11,89.30999755859375,89.30999755859375,89.6500015258789,89.0,89.48999786376953,5861
2024-09-12,90.08000183105469,90.08000183105469,90.4000015258789,89.75,90.4000015258789,4488
2024-09-13,90.73999786376953,90.73999786376953,90.87999725341797,90.43000030517578,90.5,1317
2024-09-16,90.55999755859375,90.55999755859375,90.76000213623047,90.47000122070312,90.5,908
2024-09-17,90.9000015258789,90.9000015258789,91.18000030517578,90.87999725341797,91.05999755859375,1169
2024-09-18,90.41999816894531,90.41999816894531,90.5999984741211,90.41000366210938,90.54000091552734,668
2024-09-19,91.62999725341797,91.62999725341797,91.69000244140625,91.0999984741211,91.11000061035156,677
2024-09-20,90.27999877929688,90.27999877929688,91.44000244140625,90.3499984741211,91.44000244140625,1663
2024-09-23,90.66999816894531,90.66999816894531,90.76000213623047,90.2300033569336,90.26000213623047,1677
2024-09-24,91.33999633789062,91.33999633789062,91.58000183105469,91.33999633789062,91.58000183105469,82
2024-09-25,91.29000091552734,91.29000091552734,91.5199966430664,90.91999816894531,90.91999816894531,3231
2024-09-26,92.36000061035156,92.36000061035156,92.47000122070312,92.01000213623047,92.16000366210938,9003
2024-09-27,92.9000015258789,92.9000015258789,92.91999816894531,92.68000030517578,92.69000244140625,5444
2024-09-30,91.94999694824219,91.94999694824219,92.83000183105469,91.94999694824219,92.83000183105469,1125
2024-10-01,91.72000122070312,91.72000122070312,92.43000030517578,91.55000305175781,92.08000183105469,7834
2024-10-02,91.72000122070312,91.72000122070312,92.02999877929688,91.31999969482422,91.88999938964844,3212
2024-10-03,90.93000030517578,90.93000030517578,91.54000091552734,90.7699966430664,91.51000213623047,1322
2024-10-04,91.18000030517578,91.18000030517578,91.43000030517578,90.94000244140625,91.04000091552734,533
2024-10-07,91.48999786376953,91.48999786376953,91.5999984741211,91.13999938964844,91.41999816894531,3683
2024-10-08,90.9800033569336,90.9800033569336,91.12000274658203,90.56999969482422,90.5999984741211,2890
2024-10-09,91.54000091552734,91.54000091552734,91.54000091552734,90.94000244140625,91.04000091552734,1574
2024-10-10,91.38999938964844,91.38999938964844,91.6500015258789,91.33000183105469,91.6500015258789,2398
2024-10-11,91.91999816894531,91.91999816894531,91.91999816894531,91.22000122070312,91.22000122070312,1138
2024-10-14,92.38999938964844,92.38999938964844,92.38999938964844,91.80999755859375,92.0,674
2024-10-15,91.62000274658203,91.62000274658203,92.3499984741211,91.62000274658203,92.30000305175781,756
2024-10-16,91.43000030517578,91.43000030517578,91.5199966430664,91.1500015258789,91.20999908447266,2519
2024-10-17,92.19000244140625,92.19000244140625,92.11000061035156,91.54000091552734,91.54000091552734,630
2024-10-18,92.37000274658203,92.37000274658203,92.44000244140625,92.11000061035156,92.11000061035156,735
2024-10-21,91.77999877929688,91.77999877929688,92.55000305175781,91.83999633789062,92.37999725341797,608
2024-10-22,91.5999984741211,91.5999984741211,91.61000061035156,91.06999969482422,91.52999877929688,514
2024-10-23,91.31999969482422,91.31999969482422,91.69000244140625,91.30000305175781,91.69000244140625,1259
2024-10-24,91.41000366210938,91.41000366210938,91.91999816894531,91.70999908447266,91.73999786376953,1273
2024-10-25,91.37000274658203,91.37000274658203,91.51000213623047,91.1500015258789,91.33999633789062,621
2024-10-28,91.72000122070312,91.72000122070312,91.77999877929688,91.18000030517578,91.5,7008
2024-10-29,91.19000244140625,91.19000244140625,91.87000274658203,91.19000244140625,91.87000274658203,2292
2024-10-30,90.05000305175781,90.05000305175781,90.54000091552734,89.94999694824219,90.54000091552734,750
2024-10-31,89.01000213623047,89.01000213623047,89.58000183105469,88.77999877929688,89.58000183105469,3583
2024-11-01,90.04000091552734,90.04000091552734,90.04000091552734,89.2699966430664,89.2699966430664,1329
2024-11-04,89.69999694824219,89.69999694824219,90.16000366210938,89.77999877929688,90.02999877929688,1288
2024-11-05,89.7300033569336,89.7300033569336,89.9000015258789,89.4000015258789,89.9000015258789,1191
2024-11-06,89.2300033569336,89.2300033569336,91.05999755859375,89.06999969482422,90.66999816894531,6413
2024-11-07,89.76000213623047,89.76000213623047,90.04000091552734,89.4000015258789,89.41999816894531,2772
2024-11-08,89.18000030517578,89.18000030517578,89.37999725341797,89.0,89.06999969482422,8426
2024-11-11,90.0999984741211,90.0999984741211,90.30000305175781,89.86000061035156,89.86000061035156,1168
2024-11-12,88.26000213623047,88.26000213623047,89.3499984741211,88.25,89.20999908447266,4699
2024-11-13,88.3499984741211,88.3499984741211,88.37999725341797,87.80000305175781,88.37000274658203,1246
2024-11-14,89.2699966430664,89.2699966430664,89.2699966430664,88.4800033569336,88.4800033569336,684
2024-11-15,88.55999755859375,88.55999755859375,88.9800033569336,88.44999694824219,88.58000183105469,2290
2024-11-18,88.61000061035156,88.61000061035156,88.69999694824219,88.43000030517578,88.47000122070312,375
2024-11-19,88.18000030517578,88.18000030517578,88.94999694824219,87.56999969482422,88.94999694824219,351
2024-11-20,88.16000366210938,88.16000366210938,88.66000366210938,88.25,88.45999908447266,1551
2024-11-21,88.61000061035156,88.61000061035156,88.61000061035156,87.81999969482422,88.26000213623047,1974
2024-11-22,89.58000183105469,89.58000183105469,89.62000274658203,88.72000122070312,89.08999633789062,1248
2024-11-25,89.6500015258789,89.6500015258789,90.05000305175781,89.55000305175781,90.0199966430664,992
2024-11-26,89.04000091552734,89.04000091552734,89.52999877929688,89.0,89.30000305175781,10942
2024-11-27,88.95999908447266,88.95999908447266,89.0199966430664,88.69000244140625,89.0199966430664,4759
2024-11-28,89.3499984741211,89.3499984741211,89.61000061035156,89.29000091552734,89.44999694824219,4838
2024-11-29,89.97000122070312,89.97000122070312,89.93000030517578,89.23999786376953,89.4000015258789,925
2024-12-02,90.56999969482422,90.56999969482422,90.56999969482422,89.72000122070312,89.72000122070312,3607
2024-12-03,90.95999908447266,90.95999908447266,91.04000091552734,90.91000366210938,91.0,871
2024-12-04,91.23999786376953,91.23999786376953,91.23999786376953,91.02999877929688,91.16999816894531,336
2024-12-05,91.69999694824219,91.69999694824219,91.5999984741211,91.4000015258789,91.43000030517578,18660
2024-12-06,91.81999969482422,91.81999969482422,91.98999786376953,91.62000274658203,91.6500015258789,5601
2024-12-09,91.9800033569336,91.9800033569336,92.19999694824219,91.83999633789062,92.1500015258789,3595
2024-12-10,91.44999694824219,91.44999694824219,91.76000213623047,91.69000244140625,91.69000244140625,459
2024-12-11,91.75,91.75,91.7699966430664,91.2300033569336,91.2300033569336,6000
2024-12-12,91.52999877929688,91.52999877929688,91.91999816894531,91.54000091552734,91.91999816894531,1517
2024-12-13,90.80999755859375,90.80999755859375,91.51000213623047,90.80999755859375,91.38999938964844,17312
2024-12-16,90.93000030517578,90.93000030517578,91.45999908447266,90.7300033569336,91.45999908447266,12996
2024-12-17,90.58000183105469,90.58000183105469,90.70999908447266,90.4000015258789,90.4000015258789,743
2024-12-18,90.61000061035156,90.61000061035156,90.77999877929688,90.61000061035156,90.77999877929688,837
2024-12-19,89.27999877929688,89.27999877929688,89.72000122070312,89.0999984741211,89.5199966430664,823
2024-12-20,88.55000305175781,88.55000305175781,88.63999938964844,87.61000061035156,88.63999938964844,17992
2024-12-23,88.63999938964844,88.63999938964844,88.81999969482422,88.43000030517578,88.45999908447266,511
2024-12-27,89.3499984741211,89.3499984741211,89.3499984741211,88.80000305175781,88.80000305175781,1247
2024-12-30,88.86000061035156,88.86000061035156,89.20999908447266,88.62999725341797,89.0199966430664,13827
2025-01-02,90.19000244140625,90.19000244140625,90.19000244140625,89.16999816894531,89.72000122070312,9069
2025-01-03,89.62000274658203,89.62000274658203,89.98999786376953,89.58000183105469,89.98999786376953,611
2025-01-06,90.63999938964844,90.63999938964844,90.63999938964844,89.7300033569336,89.91999816894531,9275
2025-01-07,90.83000183105469,90.83000183105469,90.95999908447266,90.18000030517578,90.18000030517578,361
2025-01-08,90.73999786376953,90.73999786376953,91.20999908447266,90.38999938964844,91.05000305175781,5600
2025-01-09,91.1500015258789,91.1500015258789,91.18000030517578,90.41999816894531,90.41999816894531,293
2025-01-10,90.36000061035156,90.36000061035156,91.13999938964844,90.36000061035156,91.11000061035156,372
2025-01-13,89.91999816894531,89.91999816894531,90.05000305175781,89.62999725341797,89.95999908447266,303
2025-01-14,89.83000183105469,89.83000183105469,90.41000366210938,89.80000305175781,90.41000366210938,1212
2025-01-15,91.05000305175781,91.05000305175781,91.05999755859375,90.1500015258789,90.1500015258789,1155
2025-01-16,91.9000015258789,91.9000015258789,91.77999877929688,91.45999908447266,91.66000366210938,2457
2025-01-17,92.55000305175781,92.55000305175781,92.69000244140625,92.30000305175781,92.30000305175781,9252
2025-01-20,92.66999816894531,92.66999816894531,92.91000366210938,92.3499984741211,92.73999786376953,7719
2025-01-21,92.97000122070312,92.97000122070312,92.91000366210938,92.5999984741211,92.5999984741211,1383
2025-01-22,93.33000183105469,93.33000183105469,93.7699966430664,93.23999786376953,93.5,2556
2025-01-23,93.72000122070312,93.72000122070312,93.72000122070312,93.30000305175781,93.30000305175781,719
2025-01-24,93.69000244140625,93.69000244140625,94.0999984741211,93.5999984741211,94.08999633789062,1384
2025-01-27,93.62999725341797,93.62999725341797,93.69000244140625,92.97000122070312,93.16000366210938,5137
2025-01-28,94.0199966430664,94.0199966430664,94.2300033569336,93.83999633789062,93.94000244140625,1320
2025-01-29,94.44999694824219,94.44999694824219,94.62999725341797,94.33999633789062,94.4000015258789,457
2025-01-30,95.30999755859375,95.30999755859375,95.04000091552734,94.62999725341797,94.62999725341797,531
2025-01-31,95.38999938964844,95.38999938964844,95.83000183105469,95.30999755859375,95.55000305175781,1769
2025-02-03,94.66000366210938,94.66000366210938,94.66000366210938,93.83999633789062,93.83999633789062,6677
2025-02-04,94.83999633789062,94.83999633789062,94.83999633789062,94.18000030517578,94.58999633789062,2372
2025-02-05,95.23999786376953,95.23999786376953,95.18000030517578,94.69000244140625,94.86000061035156,2087
2025-02-06,96.45999908447266,96.45999908447266,96.45999908447266,95.80999755859375,95.80999755859375,856
2025-02-07,96.01000213623047,96.01000213623047,96.51000213623047,95.80999755859375,96.51000213623047,9323
2025-02-10,96.63999938964844,96.63999938964844,96.69000244140625,96.2699966430664,96.38999938964844,2752
2025-02-11,96.83999633789062,96.83999633789062,96.83999633789062,96.55000305175781,96.6500015258789,1649
2025-02-12,97.0,97.0,97.05999755859375,96.66999816894531,97.02999877929688,870
2025-02-13,98.05999755859375,98.05999755859375,98.04000091552734,97.37999725341797,97.37999725341797,499
2025-02-14,97.87999725341797,97.87999725341797,98.23999786376953,97.87000274658203,98.04000091552734,13455
2025-02-17,98.47000122070312,98.47000122070312,98.48999786376953,97.94999694824219,97.94999694824219,1216
2025-02-18,98.70999908447266,98.70999908447266,98.75,98.41000366210938,98.6500015258789,1229
2025-02-19,97.83999633789062,97.83999633789062,98.76000213623047,97.70999908447266,98.76000213623047,8580
2025-02-20,97.70999908447266,97.70999908447266,98.23999786376953,97.66000366210938,98.19000244140625,3166
2025-02-21,98.22000122070312,98.22000122070312,98.22000122070312,97.86000061035156,97.86000061035156,19760
2025-02-24,98.13999938964844,98.13999938964844,98.44000244140625,97.9000015258789,98.2699966430664,3714
2025-02-25,98.20999908447266,98.20999908447266,98.72000122070312,98.02999877929688,98.18000030517578,8548
2025-02-26,99.26000213623047,99.26000213623047,99.26000213623047,98.69999694824219,98.69999694824219,1705
2025-02-27,98.7699966430664,98.7699966430664,99.04000091552734,98.62999725341797,98.69999694824219,1620
2025-02-28,98.70999908447266,98.70999908447266,98.77999877929688,98.05000305175781,98.2699966430664,1415
2025-03-03,99.94000244140625,99.94000244140625,100.31999969482422,98.77999877929688,99.37999725341797,3489
2025-03-04,97.7300033569336,97.7300033569336,99.22000122070312,97.7699966430664,99.22000122070312,5308
2025-03-05,98.70999908447266,98.70999908447266,99.36000061035156,98.6500015258789,98.6500015258789,4676
2025-03-06,98.73999786376953,98.73999786376953,99.05000305175781,97.80999755859375,98.94000244140625,11810
2025-03-07,98.06999969482422,98.06999969482422,98.16999816894531,97.7300033569336,98.12000274658203,4947
2025-03-10,96.79000091552734,96.79000091552734,98.4000015258789,96.69000244140625,98.4000015258789,3930
2025-03-11,95.05999755859375,95.05999755859375,96.81999969482422,94.98999786376953,96.51000213623047,32975
2025-03-12,95.98999786376953,95.98999786376953,96.62999725341797,95.51000213623047,95.91999816894531,6524
2025-03-13,95.76000213623047,95.76000213623047,96.5,95.5999984741211,95.94000244140625,7410
2025-03-14,96.86000061035156,96.86000061035156,96.97000122070312,95.76000213623047,95.7699966430664,7174
2025-03-17,97.73999786376953,97.73999786376953,97.73999786376953,96.9800033569336,97.0199966430664,2644
2025-03-18,98.2300033569336,98.2300033569336,98.58000183105469,97.98999786376953,98.04000091552734,1637
2025-03-19,98.44999694824219,98.44999694824219,98.61000061035156,97.91999816894531,98.02999877929688,5364
2025-03-20,98.02999877929688,98.02999877929688,98.61000061035156,97.55000305175781,98.5,2247
2025-03-21,97.55999755859375,97.55999755859375,97.7699966430664,97.12999725341797,97.7699966430664,14054
2025-03-24,97.3499984741211,97.3499984741211,98.18000030517578,97.16999816894531,98.18000030517578,9386
2025-03-25,98.05999755859375,98.05999755859375,98.33000183105469,97.69999694824219,97.7699966430664,2287
2025-03-26,97.25,97.25,97.58000183105469,97.25,97.55000305175781,6650
2025-03-27,96.9800033569336,96.9800033569336,96.9800033569336,96.45999908447266,96.6500015258789,2494
2025-03-28,96.25,96.25,96.8499984741211,96.04000091552734,96.83000183105469,818
2025-03-31,94.9000015258789,94.9000015258789,95.48999786376953,94.52999877929688,95.48999786376953,1377
2025-04-01,95.94999694824219,95.94999694824219,96.08000183105469,95.37000274658203,95.63999938964844,2137
2025-04-02,95.44000244140625,95.44000244140625,95.55000305175781,94.87999725341797,95.55000305175781,1775
2025-04-03,92.91000366210938,92.91000366210938,94.29000091552734,92.77999877929688,93.7699966430664,1796
2025-04-04,88.29000091552734,88.29000091552734,92.26000213623047,87.73999786376953,92.1500015258789,2411
2025-04-07,84.02999877929688,84.02999877929688,86.06999969482422,82.73999786376953,83.18000030517578,21750
2025-04-08,86.6500015258789,86.6500015258789,87.33999633789062,85.0,85.83000183105469,16079
2025-04-09,83.48999786376953,83.48999786376953,84.94999694824219,82.73999786376953,84.22000122070312,10898
2025-04-10,86.7300033569336,86.7300033569336,90.87999725341797,86.7300033569336,90.87999725341797,3198
2025-04-11,86.72000122070312,86.72000122070312,87.48999786376953,85.45999908447266,87.48999786376953,13832
2025-04-14,89.02999877929688,89.02999877929688,89.30000305175781,88.11000061035156,88.4800033569336,3690
2025-04-15,90.52999877929688,90.52999877929688,90.52999877929688,89.5,89.5,3097
2025-04-16,90.29000091552734,90.29000091552734,90.29000091552734,89.30999755859375,89.73999786376953,4370
2025-04-17,89.98999786376953,89.98999786376953,90.36000061035156,89.66999816894531,90.11000061035156,1018
2025-04-22,90.58000183105469,90.58000183105469,90.58000183105469,89.68000030517578,90.12999725341797,2026
2025-04-23,92.0999984741211,92.0999984741211,92.61000061035156,91.79000091552734,91.79000091552734,5985
2025-04-24,92.55999755859375,92.55999755859375,92.55999755859375,91.54000091552734,91.81999969482422,3250
2025-04-25,92.88999938964844,92.88999938964844,93.19999694824219,92.58000183105469,93.06999969482422,2826
2025-04-28,93.30000305175781,93.30000305175781,93.63999938964844,93.1500015258789,93.36000061035156,3084
2025-04-29,93.5999984741211,93.5999984741211,93.70999908447266,93.38999938964844,93.66999816894531,4568
2025-04-30,94.22000122070312,94.22000122070312,94.22000122070312,93.08999633789062,93.87999725341797,1958
2025-05-02,95.94000244140625,95.94000244140625,95.97000122070312,94.79000091552734,94.88999938964844,11507
2025-05-05,96.19999694824219,96.19999694824219,96.19999694824219,95.83000183105469,95.98999786376953,1863
2025-05-06,95.9800033569336,95.9800033569336,96.11000061035156,95.36000061035156,96.11000061035156,4838
2025-05-07,95.5199966430664,95.5199966430664,95.73999786376953,95.36000061035156,95.73999786376953,2918
2025-05-08,95.91999816894531,95.91999816894531,96.37999725341797,95.69000244140625,95.91000366210938,7377
2025-05-09,96.33999633789062,96.33999633789062,96.51000213623047,96.16000366210938,96.16000366210938,2629
2025-05-12,97.54000091552734,97.54000091552734,97.54000091552734,96.8499984741211,97.33999633789062,5900
2025-05-13,97.5999984741211,97.5999984741211,97.8499984741211,97.58000183105469,97.6500015258789,2060
2025-05-14,97.3499984741211,97.3499984741211,97.76000213623047,97.41000366210938,97.69000244140625,1931
2025-05-15,98.22000122070312,98.22000122070312,98.22000122070312,97.04000091552734,97.13999938964844,2960
2025-05-16,98.52999877929688,98.52999877929688,98.83999633789062,98.19000244140625,98.70999908447266,1784
2025-05-19,98.8499984741211,98.8499984741211,98.8499984741211,98.0,98.4800033569336,2732
2025-05-20,99.56999969482422,99.56999969482422,99.73999786376953,98.95999908447266,99.08999633789062,4163
2025-05-21,99.5199966430664,99.5199966430664,99.5199966430664,99.12999725341797,99.16000366210938,606
2025-05-22,98.94000244140625,98.94000244140625,99.16999816894531,98.44999694824219,99.16999816894531,1023
2025-05-23,98.05999755859375,98.05999755859375,99.27999877929688,96.9800033569336,99.26000213623047,2613
2025-05-26,99.30999755859375,99.30999755859375,99.4000015258789,99.08000183105469,99.2699966430664,682
2025-05-27,99.41000366210938,99.41000366210938,99.6500015258789,99.27999877929688,99.30000305175781,1280
2025-05-28,98.70999908447266,98.70999908447266,99.51000213623047,98.70999908447266,99.45999908447266,3056
2025-05-29,98.58000183105469,98.58000183105469,99.48999786376953,98.5199966430664,99.44999694824219,3817
2025-05-30,98.79000091552734,98.79000091552734,99.31999969482422,98.58000183105469,98.58000183105469,16128
2025-06-02,98.6500015258789,98.6500015258789,98.75,98.12999725341797,98.72000122070312,2329
2025-06-03,98.83000183105469,98.83000183105469,99.16000366210938,98.19000244140625,99.05999755859375,2662
2025-06-04,99.18000030517578,99.18000030517578,99.41000366210938,99.0199966430664,99.1500015258789,7386
2025-06-05,99.48999786376953,99.48999786376953,99.80000305175781,99.0999984741211,99.48999786376953,1386
2025-06-06,99.8499984741211,99.8499984741211,99.8499984741211,99.45999908447266,99.45999908447266,1235
2025-06-09,99.72000122070312,99.72000122070312,99.91999816894531,99.5,99.91999816894531,1647
2025-06-10,99.62999725341797,99.62999725341797,99.80000305175781,99.41999816894531,99.77999877929688,1165
2025-06-11,99.38999938964844,99.38999938964844,99.80999755859375,99.38999938964844,99.77999877929688,2396
2025-06-12,99.06999969482422,99.06999969482422,99.27999877929688,98.5,99.05999755859375,1064
2025-06-13,98.18000030517578,98.18000030517578,98.55999755859375,98.0199966430664,98.06999969482422,10008
2025-06-16,98.4000015258789,98.4000015258789,98.62999725341797,98.19000244140625,98.45999908447266,17831
2025-06-17,97.54000091552734,97.54000091552734,97.83000183105469,97.33000183105469,97.68000030517578,1610
2025-06-18,97.2300033569336,97.2300033569336,97.69000244140625,97.0999984741211,97.45999908447266,838
2025-06-19,96.48999786376953,96.48999786376953,96.91000366210938,96.44999694824219,96.83999633789062,2281
2025-06-20,96.66999816894531,96.66999816894531,97.44000244140625,96.66999816894531,96.83000183105469,13112
2025-06-23,96.43000030517578,96.43000030517578,96.69999694824219,96.08000183105469,96.0999984741211,3467
2025-06-24,97.41000366210938,97.41000366210938,97.8499984741211,97.30999755859375,97.8499984741211,11337
2025-06-25,96.7300033569336,96.7300033569336,97.75,96.69000244140625,97.66999816894531,948
2025-06-26,96.73999786376953,96.73999786376953,97.04000091552734,96.62999725341797,97.04000091552734,4994
2025-06-27,97.9800033569336,97.9800033569336,97.9800033569336,97.36000061035156,97.38999938964844,1511
2025-06-30,97.44999694824219,97.44999694824219,98.1500015258789,97.41000366210938,98.1500015258789,2530
2025-07-01,97.30999755859375,97.30999755859375,97.5999984741211,96.83000183105469,97.51000213623047,971
2025-07-02,97.55000305175781,97.55000305175781,97.83999633789062,97.22000122070312,97.79000091552734,1549
2025-07-03,97.94000244140625,97.94000244140625,97.94000244140625,97.54000091552734,97.87999725341797,3328
2025-07-04,97.4800033569336,97.4800033569336,97.61000061035156,97.1500015258789,97.61000061035156,1290
2025-07-07,97.94000244140625,97.94000244140625,97.94000244140625,97.41999816894531,97.4800033569336,6876
2025-07-08,98.37999725341797,98.37999725341797,98.37999725341797,97.81999969482422,98.0,1725
2025-07-09,99.12999725341797,99.12999725341797,99.1500015258789,98.5999984741211,98.5999984741211,1286
2025-07-10,99.68000030517578,99.68000030517578,99.75,99.44000244140625,99.58000183105469,20234
2025-07-11,98.55999755859375,98.55999755859375,99.33999633789062,98.5,99.33999633789062,19614
2025-07-14,98.5,98.5,98.5,98.11000061035156,98.11000061035156,2183
2025-07-15,98.16000366210938,98.16000366210938,98.88999938964844,98.16000366210938,98.7300033569336,5388
2025-07-16,97.52999877929688,97.52999877929688,98.25,97.52999877929688,97.79000091552734,6380
2025-07-17,98.58000183105469,98.58000183105469,98.5999984741211,98.19999694824219,98.30999755859375,2972
2025-07-18,98.43000030517578,98.43000030517578,98.9800033569336,98.43000030517578,98.8499984741211,28257
2025-07-21,98.4000015258789,98.4000015258789,98.55999755859375,98.25,98.55999755859375,1516
2025-07-22,98.02999877929688,98.02999877929688,98.26000213623047,97.73999786376953,98.26000213623047,9949
2025-07-23,99.05000305175781,99.05000305175781,99.22000122070312,98.8499984741211,98.8499984741211,4922
2025-07-24,99.19000244140625,99.19000244140625,99.68000030517578,99.13999938964844,99.5199966430664,11820
2025-07-25,98.98999786376953,98.98999786376953,99.16999816894531,98.7300033569336,98.83999633789062,1346
2025-07-28,98.86000061035156,98.86000061035156,99.95999908447266,98.77999877929688,99.91999816894531,1241
2025-07-29,99.0199966430664,99.0199966430664,99.75,99.0,99.16000366210938,2614
2025-07-30,99.0199966430664,99.0199966430664,99.23999786376953,98.81999969482422,98.81999969482422,566
2025-07-31,98.26000213623047,98.26000213623047,99.5,98.26000213623047,99.3499984741211,4837
2025-08-01,95.97000122070312,95.97000122070312,97.2699966430664,95.69999694824219,97.2699966430664,15483
2025-08-04,97.26000213623047,97.26000213623047,97.19999694824219,96.43000030517578,96.43000030517578,23678
2025-08-05,97.37999725341797,97.37999725341797,97.80000305175781,97.37999725341797,97.58999633789062,2125
2025-08-06,97.33000183105469,97.33000183105469,97.7699966430664,97.29000091552734,97.72000122070312,2774
2025-08-07,98.27999877929688,98.27999877929688,98.4000015258789,97.43000030517578,97.45999908447266,1632
2025-08-08,98.4800033569336,98.4800033569336,98.54000091552734,98.30000305175781,98.38999938964844,1662
2025-08-11,98.41000366210938,98.41000366210938,98.81999969482422,98.3499984741211,98.81999969482422,1022
2025-08-12,98.6500015258789,98.6500015258789,98.81999969482422,98.30000305175781,98.81999969482422,1487
2025-08-13,99.23999786376953,99.23999786376953,99.27999877929688,98.9800033569336,98.9800033569336,64531
2025-08-14,99.8499984741211,99.8499984741211,99.8499984741211,99.36000061035156,99.36000061035156,4842
2025-08-18,99.95999908447266,99.95999908447266,100.0,99.63999938964844,99.98999786376953,2497
2025-08-19,100.72000122070312,100.72000122070312,100.72000122070312,100.04000091552734,100.04000091552734,2535
2025-08-20,100.9000015258789,100.9000015258789,101.05999755859375,100.31999969482422,100.36000061035156,1685
2025-08-21,100.81999969482422,100.81999969482422,100.9000015258789,100.41999816894531,100.9000015258789,9490
2025-08-22,101.30000305175781,101.30000305175781,101.5999984741211,100.76000213623047,100.77999877929688,2252
2025-08-25,100.73999786376953,100.73999786376953,101.18000030517578,100.73999786376953,101.0,5087
2025-08-26,100.05999755859375,100.05999755859375,100.45999908447266,100.0199966430664,100.0199966430664,3295
2025-08-27,100.18000030517578,100.18000030517578,100.36000061035156,99.97000122070312,100.36000061035156,683
2025-08-28,99.9800033569336,99.9800033569336,100.54000091552734,99.88999938964844,100.36000061035156,1340
2025-08-29,99.33000183105469,99.33000183105469,99.87999725341797,99.33000183105469,99.77999877929688,1406
2025-09-01,99.62999725341797,99.62999725341797,99.79000091552734,99.45999908447266,99.70999908447266,1302
2025-09-02,98.16999816894531,98.16999816894531,99.48999786376953,98.1500015258789,99.48999786376953,19164
2025-09-03,98.86000061035156,98.86000061035156,98.97000122070312,98.33000183105469,98.66999816894531,10435
2025-09-04,99.5,99.5,99.51000213623047,98.87000274658203,98.87000274658203,6670
2025-09-05,99.22000122070312,99.22000122070312,99.83999633789062,99.06999969482422,99.69000244140625,9444
2025-09-08,99.79000091552734,99.79000091552734,99.79000091552734,99.43000030517578,99.58999633789062,1516
2025-09-09,99.83000183105469,99.83000183105469,100.04000091552734,99.62999725341797,99.87999725341797,8904
2025-09-10,99.8499984741211,99.8499984741211,100.4000015258789,99.76000213623047,100.27999877929688,11277
2025-09-11,100.27999877929688,100.27999877929688,100.36000061035156,99.91000366210938,100.08000183105469,1794
2025-09-12,100.26000213623047,100.26000213623047,100.44000244140625,99.98999786376953,100.44000244140625,4486
2025-09-15,100.69999694824219,100.69999694824219,100.86000061035156,100.45999908447266,100.55999755859375,1852
2025-09-16,99.4800033569336,99.4800033569336,100.63999938964844,99.4800033569336,100.58000183105469,2412
2025-09-17,99.51000213623047,99.51000213623047,99.77999877929688,99.44000244140625,99.66999816894531,2821
2025-09-18,100.31999969482422,100.31999969482422,100.4000015258789,99.94999694824219,99.95999908447266,2225
2025-09-19,100.22000122070312,100.22000122070312,100.68000030517578,100.18000030517578,100.30000305175781,16842
2025-09-22,100.05999755859375,100.05999755859375,100.18000030517578,99.87999725341797,100.16000366210938,4224
2025-09-23,100.33999633789062,100.33999633789062,100.72000122070312,100.18000030517578,100.18000030517578,3227
2025-09-24,100.12000274658203,100.12000274658203,100.27999877929688,99.80999755859375,100.16000366210938,12151
2025-09-25,99.41999816894531,99.41999816894531,99.97000122070312,99.41000366210938,99.80000305175781,3369
2025-09-26,100.22000122070312,100.22000122070312,100.33999633789062,99.69000244140625,99.69000244140625,2804
2025-09-29,100.5,100.5,100.66000366210938,100.30000305175781,100.54000091552734,4523
2025-09-30,100.87999725341797,100.87999725341797,100.87999725341797,100.08000183105469,100.33999633789062,7714
2025-10-01,102.16000366210938,102.16000366210938,102.16000366210938,100.87999725341797,100.87999725341797,7008
2025-10-02,102.81999969482422,102.81999969482422,103.08000183105469,102.55999755859375,102.9000015258789,32235
2025-10-03,103.16000366210938,103.16000366210938,103.19999694824219,102.9800033569336,103.04000091552734,5924
2025-10-06,103.18000030517578,103.18000030517578,103.31999969482422,102.76000213623047,103.13999938964844,1108
2025-10-07,102.9800033569336,102.9800033569336,103.27999877929688,102.9000015258789,103.08000183105469,1490
2025-10-08,103.86000061035156,103.86000061035156,103.95999908447266,103.12000274658203,103.12000274658203,11370
2025-10-09,103.41999816894531,103.41999816894531,103.83999633789062,103.44000244140625,103.77999877929688,7069
2025-10-10,102.0999984741211,102.0999984741211,103.45999908447266,101.9800033569336,103.44000244140625,4921
2025-10-13,102.58000183105469,102.58000183105469,102.80000305175781,102.18000030517578,102.41999816894531,9175
2025-10-14,102.19999694824219,102.19999694824219,102.23999786376953,101.66000366210938,101.80000305175781,9229
2025-10-15,102.81999969482422,102.81999969482422,103.0199966430664,102.68000030517578,103.0199966430664,2455
2025-10-16,103.55999755859375,103.55999755859375,103.55999755859375,102.80000305175781,102.80000305175781,2557
2025-10-17,102.63999938964844,102.63999938964844,102.94000244140625,101.5999984741211,102.12000274658203,10991
2025-10-20,103.62000274658203,103.62000274658203,103.68000030517578,103.05999755859375,103.19999694824219,3976
2025-10-21,103.80000305175781,103.80000305175781,103.87999725341797,103.4800033569336,103.76000213623047,10202
2025-10-22,103.58000183105469,103.58000183105469,103.91999816894531,103.4800033569336,103.5199966430664,8757
2025-10-23,103.94000244140625,103.94000244140625,104.0199966430664,103.72000122070312,103.72000122070312,2868
2025-10-27,104.4000015258789,104.4000015258789,104.44000244140625,104.08000183105469,104.36000061035156,1516
2025-10-28,104.19999694824219,104.19999694824219,104.26000213623047,104.05999755859375,104.22000122070312,1497
2025-10-29,104.13999938964844,104.13999938964844,104.5,104.08000183105469,104.16000366210938,1668
2025-10-30,104.0999984741211,104.0999984741211,104.0999984741211,103.62000274658203,104.0,1342
2025-10-31,103.55999755859375,103.55999755859375,103.9800033569336,103.44000244140625,103.9800033569336,2538
2025-11-03,103.5999984741211,103.5999984741211,104.05999755859375,103.54000091552734,103.5999984741211,2293
2025-11-04,103.26000213623047,103.26000213623047,103.37999725341797,101.95999908447266,102.45999908447266,3215
2025-11-05,103.66000366210938,103.66000366210938,103.68000030517578,102.63999938964844,102.63999938964844,8022
2025-11-06,102.86000061035156,102.86000061035156,103.54000091552734,102.83999633789062,103.45999908447266,8912
2025-11-07,102.33999633789062,102.33999633789062,103.18000030517578,102.08000183105469,103.16000366210938,2616
2025-11-10,103.80000305175781,103.80000305175781,103.9800033569336,103.5,103.54000091552734,2316
2025-11-11,105.13999938964844,105.13999938964844,105.13999938964844,104.30000305175781,104.30000305175781,2731
2025-11-12,105.95999908447266,105.95999908447266,106.13999938964844,105.5199966430664,105.5199966430664,2057
2025-11-13,105.31999969482422,105.31999969482422,106.19999694824219,105.31999969482422,106.19999694824219,2183
2025-11-14,104.23999786376953,104.23999786376953,104.45999908447266,103.27999877929688,104.45999908447266,25832
2025-11-17,103.63999938964844,103.63999938964844,104.33999633789062,103.5,104.33999633789062,3107
2025-11-18,101.91999816894531,101.91999816894531,102.58000183105469,101.5999984741211,102.4800033569336,11168
2025-11-19,101.76000213623047,101.76000213623047,102.54000091552734,101.5999984741211,101.94000244140625,1222
2025-11-20,102.12000274658203,102.12000274658203,103.0,102.12000274658203,102.87999725341797,1790
2025-11-21,101.87999725341797,101.87999725341797,102.0199966430664,101.0,101.04000091552734,2899
2025-11-24,102.08000183105469,102.08000183105469,102.54000091552734,101.86000061035156,102.37999725341797,4989
2025-11-25,102.94000244140625,102.94000244140625,102.94000244140625,101.9000015258789,102.26000213623047,7250
2025-11-26,104.05999755859375,104.05999755859375,104.05999755859375,103.05999755859375,103.05999755859375,587
2025-11-27,104.16000366210938,104.16000366210938,104.19999694824219,103.83999633789062,103.91999816894531,785
2025-11-28,104.33999633789062,104.33999633789062,104.55999755859375,104.08000183105469,104.08000183105469,343
2025-12-01,104.16000366210938,104.16000366210938,104.27999877929688,103.9000015258789,104.0,2697
2025-12-02,104.23999786376953,104.23999786376953,104.66000366210938,104.05999755859375,104.0999984741211,4696
2025-12-03,104.37999725341797,104.37999725341797,104.76000213623047,104.37999725341797,104.55999755859375,10543
2025-12-04,104.94000244140625,104.94000244140625,105.05999755859375,104.5,104.69999694824219,6931
2025-12-05,104.83999633789062,104.83999633789062,105.41999816894531,104.83999633789062,105.12000274658203,2838
2025-12-08,104.77999877929688,104.77999877929688,104.94000244140625,104.76000213623047,104.87999725341797,30345
2025-12-09,104.66000366210938,104.66000366210938,105.26000213623047,104.62000274658203,105.26000213623047,51778
2025-12-10,104.76000213623047,104.76000213623047,104.76000213623047,104.30000305175781,104.5,2140
2025-12-11,105.26000213623047,105.26000213623047,105.4800033569336,104.4800033569336,104.4800033569336,51142
2025-12-12,104.77999877929688,104.77999877929688,105.86000061035156,104.80000305175781,105.83999633789062,3883
2025-12-15,105.45999908447266,105.45999908447266,105.5999984741211,105.12000274658203,105.12000274658203,3773
2025-12-16,105.04000091552734,105.04000091552734,105.5999984741211,104.81999969482422,105.30000305175781,4038
2025-12-17,105.05999755859375,105.05999755859375,105.54000091552734,105.05999755859375,105.27999877929688,4318
2025-12-18,106.0,106.0,106.0199966430664,105.0199966430664,105.0199966430664,7012
2025-12-19,106.55999755859375,106.55999755859375,106.5999984741211,105.86000061035156,105.9800033569336,6320
2025-12-22,106.33999633789062,106.33999633789062,106.44000244140625,106.0199966430664,106.4000015258789,8921
2025-12-23,106.68000030517578,106.68000030517578,106.68000030517578,106.26000213623047,106.45999908447266,9442
2025-12-29,106.68000030517578,106.68000030517578,106.68000030517578,106.33999633789062,106.62000274658203,1611
2025-12-30,107.26000213623047,107.26000213623047,107.37999725341797,106.5199966430664,106.5199966430664,8396
