Date,AdjClose,Close,High,Low,Open,Volume
2009-09-25,18.399999618530273,18.399999618530273,18.399999618530273,18.399999618530273,18.399999618530273,0
2009-09-28,18.399999618530273,18.399999618530273,18.399999618530273,18.399999618530273,18.399999618530273,0
2009-09-29,18.399999618530273,18.399999618530273,18.399999618530273,18.399999618530273,18.399999618530273,0
2009-09-30,18.399999618530273,18.399999618530273,18.399999618530273,18.399999618530273,18.399999618530273,0
2009-10-01,18.399999618530273,18.399999618530273,18.399999618530273,18.399999618530273,18.399999618530273,0
2009-10-02,18.399999618530273,18.399999618530273,18.399999618530273,18.399999618530273,18.399999618530273,0
2009-10-05,18.399999618530273,18.399999618530273,18.399999618530273,18.399999618530273,18.399999618530273,0
2009-10-06,18.399999618530273,18.399999618530273,18.399999618530273,18.399999618530273,18.399999618530273,0
2009-10-07,18.399999618530273,18.399999618530273,18.399999618530273,18.399999618530273,18.399999618530273,0
2009-10-08,18.399999618530273,18.399999618530273,18.399999618530273,18.399999618530273,18.399999618530273,0
2009-10-09,18.399999618530273,18.399999618530273,18.399999618530273,18.399999618530273,18.399999618530273,0
2009-10-12,18.399999618530273,18.399999618530273,18.399999618530273,18.399999618530273,18.399999618530273,0
2009-10-13,18.399999618530273,18.399999618530273,18.399999618530273,18.399999618530273,18.399999618530273,0
2009-10-14,18.399999618530273,18.399999618530273,18.399999618530273,18.399999618530273,18.399999618530273,0
2009-10-15,18.399999618530273,18.399999618530273,18.399999618530273,18.399999618530273,18.399999618530273,0
2009-10-16,18.399999618530273,18.399999618530273,18.399999618530273,18.399999618530273,18.399999618530273,0
2009-10-19,18.399999618530273,18.399999618530273,18.399999618530273,18.399999618530273,18.399999618530273,0
2009-10-20,18.399999618530273,18.399999618530273,18.399999618530273,18.399999618530273,18.399999618530273,0
2009-10-21,18.399999618530273,18.399999618530273,18.399999618530273,18.399999618530273,18.399999618530273,0
2009-10-22,18.399999618530273,18.399999618530273,18.399999618530273,18.399999618530273,18.399999618530273,0
2009-10-23,18.399999618530273,18.399999618530273,18.399999618530273,18.399999618530273,18.399999618530273,0
2009-10-26,18.399999618530273,18.399999618530273,18.399999618530273,18.399999618530273,18.399999618530273,0
2009-10-27,18.399999618530273,18.399999618530273,18.399999618530273,18.399999618530273,18.399999618530273,0
2009-10-28,18.399999618530273,18.399999618530273,18.399999618530273,18.399999618530273,18.399999618530273,0
2009-10-29,18.399999618530273,18.399999618530273,18.399999618530273,18.399999618530273,18.399999618530273,0
2009-10-30,18.399999618530273,18.399999618530273,18.399999618530273,18.399999618530273,18.399999618530273,0
2009-11-02,18.399999618530273,18.399999618530273,18.399999618530273,18.399999618530273,18.399999618530273,0
2009-11-03,18.399999618530273,18.399999618530273,18.399999618530273,18.399999618530273,18.399999618530273,0
2009-11-04,18.399999618530273,18.399999618530273,18.399999618530273,18.399999618530273,18.399999618530273,0
2009-11-05,18.399999618530273,18.399999618530273,18.399999618530273,18.399999618530273,18.399999618530273,0
2009-11-06,18.399999618530273,18.399999618530273,18.399999618530273,18.399999618530273,18.399999618530273,0
2009-11-09,18.399999618530273,18.399999618530273,18.399999618530273,18.399999618530273,18.399999618530273,0
2009-11-10,18.399999618530273,18.399999618530273,18.399999618530273,18.399999618530273,18.399999618530273,0
2009-11-11,18.399999618530273,18.399999618530273,18.399999618530273,18.399999618530273,18.399999618530273,0
2009-11-12,18.399999618530273,18.399999618530273,18.399999618530273,18.399999618530273,18.399999618530273,0
2009-11-13,18.399999618530273,18.399999618530273,18.399999618530273,18.399999618530273,18.399999618530273,0
2009-11-16,18.399999618530273,18.399999618530273,18.399999618530273,18.399999618530273,18.399999618530273,0
2009-11-17,18.399999618530273,18.399999618530273,18.399999618530273,18.399999618530273,18.399999618530273,0
2009-11-18,18.399999618530273,18.399999618530273,18.399999618530273,18.399999618530273,18.399999618530273,0
2009-11-19,18.399999618530273,18.399999618530273,18.399999618530273,18.399999618530273,18.399999618530273,0
2009-11-20,18.399999618530273,18.399999618530273,18.399999618530273,18.399999618530273,18.399999618530273,0
2009-11-23,18.399999618530273,18.399999618530273,18.399999618530273,18.399999618530273,18.399999618530273,0
2009-11-24,18.399999618530273,18.399999618530273,18.399999618530273,18.399999618530273,18.399999618530273,0
2009-11-25,18.399999618530273,18.399999618530273,18.399999618530273,18.399999618530273,18.399999618530273,0
2009-11-26,18.399999618530273,18.399999618530273,18.399999618530273,18.399999618530273,18.399999618530273,0
2009-11-27,18.399999618530273,18.399999618530273,18.399999618530273,18.399999618530273,18.399999618530273,0
2009-11-30,18.399999618530273,18.399999618530273,18.399999618530273,18.399999618530273,18.399999618530273,0
2009-12-01,18.399999618530273,18.399999618530273,18.399999618530273,18.399999618530273,18.399999618530273,0
2009-12-02,18.399999618530273,18.399999618530273,18.399999618530273,18.399999618530273,18.399999618530273,0
2009-12-03,18.399999618530273,18.399999618530273,18.399999618530273,18.399999618530273,18.399999618530273,0
2009-12-04,18.399999618530273,18.399999618530273,18.399999618530273,18.399999618530273,18.399999618530273,0
2009-12-07,18.399999618530273,18.399999618530273,18.399999618530273,18.399999618530273,18.399999618530273,0
2009-12-08,18.399999618530273,18.399999618530273,18.399999618530273,18.399999618530273,18.399999618530273,0
2009-12-09,18.399999618530273,18.399999618530273,18.399999618530273,18.399999618530273,18.399999618530273,0
2009-12-10,18.399999618530273,18.399999618530273,18.399999618530273,18.399999618530273,18.399999618530273,0
2009-12-11,18.399999618530273,18.399999618530273,18.399999618530273,18.399999618530273,18.399999618530273,0
2009-12-14,18.399999618530273,18.399999618530273,18.399999618530273,18.399999618530273,18.399999618530273,0
2009-12-15,18.399999618530273,18.399999618530273,18.399999618530273,18.399999618530273,18.399999618530273,0
2009-12-16,18.399999618530273,18.399999618530273,18.399999618530273,18.399999618530273,18.399999618530273,0
2009-12-17,18.399999618530273,18.399999618530273,18.399999618530273,18.399999618530273,18.399999618530273,0
2009-12-18,18.399999618530273,18.399999618530273,18.399999618530273,18.399999618530273,18.399999618530273,0
2009-12-21,18.399999618530273,18.399999618530273,18.399999618530273,18.399999618530273,18.399999618530273,0
2009-12-22,18.399999618530273,18.399999618530273,18.399999618530273,18.399999618530273,18.399999618530273,0
2009-12-23,18.399999618530273,18.399999618530273,18.399999618530273,18.399999618530273,18.399999618530273,0
2009-12-28,18.399999618530273,18.399999618530273,18.399999618530273,18.399999618530273,18.399999618530273,0
2009-12-29,18.399999618530273,18.399999618530273,18.399999618530273,18.399999618530273,18.399999618530273,0
2009-12-30,18.399999618530273,18.399999618530273,18.399999618530273,18.399999618530273,18.399999618530273,0
2010-01-04,18.399999618530273,18.399999618530273,18.399999618530273,18.399999618530273,18.399999618530273,0
2010-01-05,18.399999618530273,18.399999618530273,18.399999618530273,18.399999618530273,18.399999618530273,0
2010-01-06,18.399999618530273,18.399999618530273,18.399999618530273,18.399999618530273,18.399999618530273,0
2010-01-07,18.399999618530273,18.399999618530273,18.399999618530273,18.399999618530273,18.399999618530273,0
2010-01-08,18.399999618530273,18.399999618530273,18.399999618530273,18.399999618530273,18.399999618530273,0
2010-01-11,18.399999618530273,18.399999618530273,18.399999618530273,18.399999618530273,18.399999618530273,0
2010-01-12,18.399999618530273,18.399999618530273,18.399999618530273,18.399999618530273,18.399999618530273,0
2010-01-13,18.399999618530273,18.399999618530273,18.399999618530273,18.399999618530273,18.399999618530273,0
2010-01-14,18.399999618530273,18.399999618530273,18.399999618530273,18.399999618530273,18.399999618530273,0
2010-01-15,18.399999618530273,18.399999618530273,18.399999618530273,18.399999618530273,18.399999618530273,0
2010-01-18,18.399999618530273,18.399999618530273,18.399999618530273,18.399999618530273,0.0,0
2010-01-19,18.600000381469727,18.600000381469727,18.600000381469727,18.600000381469727,0.0,0
2010-01-20,18.450000762939453,18.450000762939453,18.450000762939453,18.450000762939453,0.0,0
2010-01-21,18.350000381469727,18.350000381469727,18.350000381469727,18.350000381469727,0.0,0
2010-01-22,18.110000610351562,18.110000610351562,18.110000610351562,18.110000610351562,0.0,0
2010-01-25,17.940000534057617,17.940000534057617,17.940000534057617,17.940000534057617,0.0,0
2010-01-26,17.989999771118164,17.989999771118164,17.989999771118164,17.989999771118164,0.0,0
2010-01-27,17.860000610351562,17.860000610351562,17.860000610351562,17.860000610351562,0.0,0
2010-01-28,17.850000381469727,17.850000381469727,17.850000381469727,17.850000381469727,0.0,0
2010-01-29,17.8700008392334,17.8700008392334,18.06999969482422,17.8700008392334,0.0,0
2010-02-01,17.899999618530273,17.899999618530273,17.899999618530273,17.899999618530273,17.899999618530273,216
2010-02-02,17.899999618530273,17.899999618530273,17.899999618530273,17.899999618530273,17.899999618530273,216
2010-02-03,17.899999618530273,17.899999618530273,17.899999618530273,17.899999618530273,17.899999618530273,216
2010-02-04,18.079999923706055,18.079999923706055,18.079999923706055,18.079999923706055,18.079999923706055,6
2010-02-05,18.0,18.0,18.0,17.799999237060547,17.799999237060547,55
2010-02-08,18.0,18.0,18.0,17.799999237060547,17.799999237060547,55
2010-02-09,18.0,18.0,18.0,17.799999237060547,17.799999237060547,55
2010-02-10,18.0,18.0,18.0,17.799999237060547,17.799999237060547,55
2010-02-11,18.0,18.0,18.0,17.799999237060547,17.799999237060547,55
2010-02-12,18.0,18.0,18.0,17.799999237060547,17.799999237060547,55
2010-02-15,18.0,18.0,18.0,17.799999237060547,17.799999237060547,55
2010-02-16,18.0,18.0,18.0,17.799999237060547,17.799999237060547,55
2010-02-17,18.0,18.0,18.0,17.799999237060547,17.799999237060547,55
2010-02-18,18.0,18.0,18.0,17.799999237060547,17.799999237060547,55
2010-02-19,18.0,18.0,18.0,17.799999237060547,17.799999237060547,55
2010-02-22,18.520000457763672,18.520000457763672,18.520000457763672,18.520000457763672,18.520000457763672,55
2010-02-23,18.3799991607666,18.3799991607666,18.3799991607666,18.3799991607666,0.0,0
2010-02-24,18.420000076293945,18.420000076293945,18.420000076293945,18.420000076293945,0.0,0
2010-02-25,18.239999771118164,18.239999771118164,18.239999771118164,18.239999771118164,0.0,0
2010-02-26,18.31999969482422,18.31999969482422,18.31999969482422,18.31999969482422,0.0,0
2010-03-01,18.670000076293945,18.670000076293945,18.670000076293945,18.670000076293945,0.0,0
2010-03-02,18.739999771118164,18.739999771118164,18.739999771118164,18.739999771118164,0.0,0
2010-03-03,18.719999313354492,18.719999313354492,18.719999313354492,18.719999313354492,0.0,0
2010-03-04,18.770000457763672,18.770000457763672,18.770000457763672,18.770000457763672,0.0,0
2010-03-05,19.010000228881836,19.010000228881836,19.010000228881836,19.010000228881836,0.0,0
2010-03-08,19.020000457763672,19.020000457763672,19.020000457763672,19.020000457763672,0.0,0
2010-03-09,19.1200008392334,19.1200008392334,19.1200008392334,19.1200008392334,0.0,0
2010-03-10,19.110000610351562,19.110000610351562,19.110000610351562,19.110000610351562,0.0,0
2010-03-11,19.06999969482422,19.06999969482422,19.06999969482422,19.06999969482422,0.0,0
2010-03-12,19.059999465942383,19.059999465942383,19.059999465942383,19.059999465942383,0.0,0
2010-03-15,18.899999618530273,18.899999618530273,19.18000030517578,18.899999618530273,0.0,0
2010-03-16,18.399999618530273,18.399999618530273,19.190000534057617,18.399999618530273,0.0,0
2010-03-17,18.600000381469727,18.600000381469727,19.420000076293945,18.600000381469727,0.0,0
2010-03-18,18.600000381469727,18.600000381469727,19.540000915527344,18.600000381469727,0.0,0
2010-03-19,19.420000076293945,19.420000076293945,19.420000076293945,19.420000076293945,19.420000076293945,150
2010-03-22,19.229999542236328,19.229999542236328,19.510000228881836,19.229999542236328,0.0,0
2010-03-23,19.0,19.0,19.6299991607666,19.0,0.0,0
2010-03-24,19.6299991607666,19.6299991607666,19.90999984741211,19.6299991607666,0.0,0
2010-03-25,19.809999465942383,19.809999465942383,19.809999465942383,19.809999465942383,19.809999465942383,1000
2010-03-26,19.0,19.0,19.739999771118164,19.0,0.0,0
2010-03-29,19.729999542236328,19.729999542236328,19.729999542236328,19.729999542236328,0.0,0
2010-03-30,19.790000915527344,19.790000915527344,19.790000915527344,19.790000915527344,0.0,0
2010-03-31,19.790000915527344,19.790000915527344,19.790000915527344,19.780000686645508,19.780000686645508,200
2010-04-01,19.850000381469727,19.850000381469727,19.850000381469727,19.850000381469727,19.850000381469727,125
2010-04-06,20.059999465942383,20.059999465942383,20.059999465942383,20.059999465942383,20.059999465942383,30
2010-04-07,20.149999618530273,20.149999618530273,20.149999618530273,20.149999618530273,20.149999618530273,145
2010-04-08,20.0,20.0,20.0,20.0,20.0,50
2010-04-09,20.010000228881836,20.010000228881836,20.010000228881836,20.010000228881836,0.0,0
2010-04-12,20.049999237060547,20.049999237060547,20.049999237060547,20.030000686645508,20.030000686645508,12000
2010-04-13,19.93000030517578,19.93000030517578,19.93000030517578,19.93000030517578,0.0,0
2010-04-14,20.040000915527344,20.040000915527344,20.040000915527344,20.040000915527344,0.0,0
2010-04-15,20.25,20.25,20.25,20.25,0.0,0
2010-04-16,19.989999771118164,19.989999771118164,19.989999771118164,19.989999771118164,0.0,0
2010-04-19,19.93000030517578,19.93000030517578,19.93000030517578,19.93000030517578,0.0,0
2010-04-20,20.18000030517578,20.18000030517578,20.18000030517578,20.18000030517578,20.18000030517578,124
2010-04-21,20.25,20.25,20.25,20.25,20.25,145
2010-04-22,20.1200008392334,20.1200008392334,20.1200008392334,20.1200008392334,0.0,0
2010-04-23,20.229999542236328,20.229999542236328,20.229999542236328,20.229999542236328,0.0,0
2010-04-26,20.440000534057617,20.440000534057617,20.440000534057617,20.440000534057617,0.0,0
2010-04-27,20.270000457763672,20.270000457763672,20.270000457763672,20.270000457763672,20.270000457763672,10
2010-04-28,20.0,20.0,20.0,20.0,20.0,46
2010-04-29,20.200000762939453,20.200000762939453,20.200000762939453,20.200000762939453,0.0,0
2010-04-30,20.09000015258789,20.09000015258789,20.09000015258789,20.09000015258789,0.0,0
2010-05-03,20.1299991607666,20.1299991607666,20.1299991607666,20.1299991607666,0.0,0
2010-05-04,19.809999465942383,19.809999465942383,19.809999465942383,19.809999465942383,19.809999465942383,50
2010-05-05,19.889999389648438,19.889999389648438,19.889999389648438,19.889999389648438,0.0,0
2010-05-06,19.809999465942383,19.809999465942383,19.809999465942383,19.809999465942383,0.0,0
2010-05-07,19.450000762939453,19.450000762939453,19.649999618530273,19.450000762939453,19.649999618530273,150
2010-05-10,19.90999984741211,19.90999984741211,19.90999984741211,19.90999984741211,0.0,0
2010-05-11,19.889999389648438,19.889999389648438,19.889999389648438,19.889999389648438,19.889999389648438,250
2010-05-12,20.260000228881836,20.260000228881836,20.260000228881836,20.260000228881836,0.0,0
2010-05-13,20.420000076293945,20.420000076293945,20.420000076293945,20.420000076293945,0.0,0
2010-05-14,19.979999542236328,19.979999542236328,19.979999542236328,19.979999542236328,0.0,0
2010-05-17,20.0,20.0,20.0,20.0,0.0,0
2010-05-18,20.15999984741211,20.15999984741211,20.15999984741211,20.15999984741211,0.0,0
2010-05-19,19.799999237060547,19.799999237060547,19.899999618530273,19.799999237060547,19.899999618530273,273
2010-05-20,19.18000030517578,19.18000030517578,19.18000030517578,19.18000030517578,0.0,0
2010-05-21,18.940000534057617,18.940000534057617,18.940000534057617,18.940000534057617,0.0,0
2010-05-24,19.18000030517578,19.18000030517578,19.18000030517578,19.18000030517578,0.0,0
2010-05-25,18.81999969482422,18.81999969482422,18.81999969482422,18.81999969482422,0.0,0
2010-05-26,19.3700008392334,19.3700008392334,19.3700008392334,19.3700008392334,0.0,0
2010-05-27,19.530000686645508,19.530000686645508,19.530000686645508,19.530000686645508,0.0,0
2010-05-28,19.469999313354492,19.469999313354492,19.469999313354492,19.469999313354492,0.0,0
2010-05-31,19.520000457763672,19.520000457763672,19.520000457763672,19.520000457763672,0.0,0
2010-06-01,19.5,19.5,19.5,19.5,0.0,0
2010-06-02,19.530000686645508,19.530000686645508,19.530000686645508,19.530000686645508,0.0,0
2010-06-03,19.84000015258789,19.84000015258789,19.84000015258789,19.84000015258789,0.0,0
2010-06-04,19.969999313354492,19.969999313354492,19.969999313354492,19.18000030517578,19.18000030517578,10
2010-06-07,19.56999969482422,19.56999969482422,19.56999969482422,19.56999969482422,19.56999969482422,1000
2010-06-08,19.290000915527344,19.290000915527344,19.290000915527344,19.290000915527344,0.0,0
2010-06-09,19.579999923706055,19.579999923706055,19.579999923706055,19.579999923706055,19.579999923706055,4957
2010-06-10,19.600000381469727,19.600000381469727,19.600000381469727,19.600000381469727,19.600000381469727,43
2010-06-11,19.809999465942383,19.809999465942383,19.809999465942383,19.809999465942383,0.0,0
2010-06-14,19.899999618530273,19.899999618530273,19.899999618530273,19.899999618530273,0.0,0
2010-06-15,19.8799991607666,19.8799991607666,19.8799991607666,19.8799991607666,0.0,0
2010-06-16,20.020000457763672,20.020000457763672,20.020000457763672,20.020000457763672,0.0,0
2010-06-17,19.940000534057617,19.940000534057617,19.940000534057617,19.940000534057617,0.0,0
2010-06-18,20.0,20.0,20.0,20.0,20.0,20
2010-06-21,20.229999542236328,20.229999542236328,20.229999542236328,20.229999542236328,0.0,0
2010-06-22,20.15999984741211,20.15999984741211,20.15999984741211,20.15999984741211,0.0,0
2010-06-23,19.90999984741211,19.90999984741211,19.90999984741211,19.90999984741211,0.0,0
2010-06-24,19.770000457763672,19.770000457763672,19.770000457763672,19.770000457763672,19.770000457763672,4983
2010-06-25,19.530000686645508,19.530000686645508,19.530000686645508,19.530000686645508,19.530000686645508,512
2010-06-28,19.559999465942383,19.559999465942383,19.559999465942383,19.559999465942383,0.0,0
2010-06-29,19.200000762939453,19.200000762939453,19.200000762939453,19.200000762939453,0.0,0
2010-06-30,19.0049991607666,19.0049991607666,19.0049991607666,19.0049991607666,0.0,0
2010-07-01,18.350000381469727,18.350000381469727,18.350000381469727,18.350000381469727,0.0,0
2010-07-02,18.350000381469727,18.350000381469727,18.350000381469727,18.350000381469727,0.0,0
2010-07-05,18.325000762939453,18.325000762939453,18.325000762939453,18.325000762939453,0.0,0
2010-07-06,18.614999771118164,18.614999771118164,18.614999771118164,18.614999771118164,18.614999771118164,10000
2010-07-07,18.55500030517578,18.55500030517578,18.55500030517578,18.55500030517578,18.55500030517578,10000
2010-07-08,18.899999618530273,18.899999618530273,18.899999618530273,18.899999618530273,18.899999618530273,35
2010-07-09,19.170000076293945,19.170000076293945,19.170000076293945,19.170000076293945,0.0,0
2010-07-12,19.264999389648438,19.264999389648438,19.264999389648438,19.264999389648438,0.0,0
2010-07-13,19.454999923706055,19.454999923706055,19.454999923706055,19.454999923706055,0.0,0
2010-07-14,19.434999465942383,19.434999465942383,19.434999465942383,19.434999465942383,19.434999465942383,55
2010-07-15,19.06999969482422,19.06999969482422,19.06999969482422,19.06999969482422,0.0,0
2010-07-16,18.799999237060547,18.799999237060547,18.799999237060547,18.799999237060547,0.0,0
2010-07-19,18.795000076293945,18.795000076293945,18.795000076293945,18.795000076293945,18.795000076293945,50
2010-07-20,18.729999542236328,18.729999542236328,18.729999542236328,18.729999542236328,0.0,0
2010-07-21,19.114999771118164,19.114999771118164,19.114999771118164,19.114999771118164,19.114999771118164,1780
2010-07-22,19.190000534057617,19.190000534057617,19.190000534057617,19.190000534057617,0.0,0
2010-07-23,19.299999237060547,19.299999237060547,19.299999237060547,19.299999237060547,0.0,0
2010-07-26,19.354999542236328,19.354999542236328,19.354999542236328,19.354999542236328,0.0,0
2010-07-27,19.469999313354492,19.469999313354492,19.469999313354492,19.469999313354492,19.469999313354492,200
2010-07-28,19.334999084472656,19.334999084472656,19.334999084472656,19.334999084472656,0.0,0
2010-07-29,19.209999084472656,19.209999084472656,19.209999084472656,19.209999084472656,0.0,0
2010-07-30,19.184999465942383,19.184999465942383,19.184999465942383,19.184999465942383,19.184999465942383,500
2010-08-02,19.350000381469727,19.350000381469727,19.514999389648438,19.350000381469727,0.0,0
2010-08-03,19.450000762939453,19.450000762939453,19.450000762939453,19.450000762939453,0.0,0
2010-08-04,19.53499984741211,19.53499984741211,19.53499984741211,19.53499984741211,0.0,0
2010-08-05,19.520000457763672,19.520000457763672,19.520000457763672,19.520000457763672,0.0,0
2010-08-06,19.174999237060547,19.174999237060547,19.174999237060547,19.174999237060547,0.0,0
2010-08-09,19.479999542236328,19.479999542236328,19.479999542236328,19.479999542236328,0.0,0
2010-08-10,19.450000762939453,19.450000762939453,19.450000762939453,19.450000762939453,0.0,0
2010-08-11,19.28499984741211,19.28499984741211,19.28499984741211,19.28499984741211,19.28499984741211,50000
2010-08-12,19.204999923706055,19.204999923706055,19.204999923706055,19.204999923706055,0.0,0
2010-08-13,19.290000915527344,19.290000915527344,19.290000915527344,19.290000915527344,0.0,0
2010-08-16,19.239999771118164,19.239999771118164,19.239999771118164,19.239999771118164,19.239999771118164,100
2010-08-17,19.454999923706055,19.454999923706055,19.454999923706055,19.454999923706055,19.454999923706055,200
2010-08-18,19.399999618530273,19.399999618530273,19.399999618530273,19.399999618530273,0.0,0
2010-08-19,19.469999313354492,19.469999313354492,19.469999313354492,19.469999313354492,19.469999313354492,470
2010-08-20,19.209999084472656,19.209999084472656,19.209999084472656,19.209999084472656,0.0,0
2010-08-23,19.290000915527344,19.290000915527344,19.290000915527344,19.290000915527344,0.0,0
2010-08-24,19.0,19.0,19.0,19.0,0.0,0
2010-08-25,18.9950008392334,18.9950008392334,18.9950008392334,18.9950008392334,18.9950008392334,80
2010-08-26,18.959999084472656,18.959999084472656,18.959999084472656,18.959999084472656,0.0,0
2010-08-27,18.899999618530273,18.899999618530273,18.899999618530273,18.899999618530273,18.899999618530273,44
2010-08-30,19.139999389648438,19.139999389648438,19.139999389648438,19.139999389648438,19.139999389648438,20000
2010-08-31,19.030000686645508,19.030000686645508,19.030000686645508,19.030000686645508,0.0,0
2010-09-01,19.395000457763672,19.395000457763672,19.395000457763672,19.395000457763672,0.0,0
2010-09-02,19.375,19.375,19.375,19.375,19.375,24
2010-09-03,19.579999923706055,19.579999923706055,19.579999923706055,19.579999923706055,0.0,0
2010-09-06,19.704999923706055,19.704999923706055,19.704999923706055,19.704999923706055,0.0,0
2010-09-07,19.735000610351562,19.735000610351562,19.735000610351562,19.735000610351562,0.0,0
2010-09-08,19.825000762939453,19.825000762939453,19.825000762939453,19.825000762939453,0.0,0
2010-09-09,19.985000610351562,19.985000610351562,19.985000610351562,19.985000610351562,0.0,0
2010-09-10,19.959999084472656,19.959999084472656,19.959999084472656,19.959999084472656,0.0,0
2010-09-13,20.045000076293945,20.045000076293945,20.045000076293945,20.045000076293945,0.0,0
2010-09-14,19.950000762939453,19.950000762939453,19.950000762939453,19.950000762939453,0.0,0
2010-09-15,19.844999313354492,19.844999313354492,19.844999313354492,19.844999313354492,0.0,0
2010-09-16,19.729999542236328,19.729999542236328,19.729999542236328,19.729999542236328,19.729999542236328,100
2010-09-17,19.78499984741211,19.78499984741211,19.78499984741211,19.78499984741211,0.0,0
2010-09-20,19.959999084472656,19.959999084472656,19.959999084472656,19.959999084472656,0.0,0
2010-09-21,19.899999618530273,19.899999618530273,19.899999618530273,19.899999618530273,0.0,0
2010-09-22,19.584999084472656,19.584999084472656,19.584999084472656,19.565000534057617,19.565000534057617,165
2010-09-23,19.514999389648438,19.514999389648438,19.514999389648438,19.514999389648438,0.0,0
2010-09-24,19.545000076293945,19.545000076293945,19.545000076293945,19.545000076293945,0.0,0
2010-09-27,19.53499984741211,19.53499984741211,19.53499984741211,19.53499984741211,0.0,0
2010-09-28,19.40999984741211,19.40999984741211,19.40999984741211,19.40999984741211,0.0,0
2010-09-29,19.354999542236328,19.354999542236328,19.354999542236328,19.354999542236328,0.0,0
2010-09-30,19.450000762939453,19.450000762939453,19.450000762939453,19.450000762939453,19.450000762939453,25
2010-10-01,19.190000534057617,19.190000534057617,19.299999237060547,19.190000534057617,19.299999237060547,1454
2010-10-04,19.114999771118164,19.114999771118164,19.114999771118164,19.114999771118164,0.0,0
2010-10-05,19.270000457763672,19.270000457763672,19.270000457763672,19.270000457763672,0.0,0
2010-10-06,19.40999984741211,19.40999984741211,19.440000534057617,19.40999984741211,19.440000534057617,8000
2010-10-07,19.309999465942383,19.309999465942383,19.309999465942383,19.309999465942383,19.309999465942383,4000
2010-10-08,19.295000076293945,19.295000076293945,19.295000076293945,19.209999084472656,19.239999771118164,18000
2010-10-11,19.440000534057617,19.440000534057617,19.440000534057617,19.440000534057617,0.0,0
2010-10-12,19.360000610351562,19.360000610351562,19.360000610351562,19.360000610351562,19.360000610351562,1700
2010-10-13,19.55500030517578,19.55500030517578,19.55500030517578,19.55500030517578,0.0,0
2010-10-14,19.46500015258789,19.46500015258789,19.5,19.454999923706055,19.489999771118164,24561
2010-10-15,19.454999923706055,19.454999923706055,19.459999084472656,19.399999618530273,19.459999084472656,14900
2010-10-18,19.540000915527344,19.540000915527344,19.55500030517578,19.540000915527344,19.55500030517578,730
2010-10-19,19.600000381469727,19.600000381469727,19.600000381469727,19.600000381469727,0.0,0
2010-10-20,19.56999969482422,19.56999969482422,19.614999771118164,19.56999969482422,19.614999771118164,20100
2010-10-21,19.610000610351562,19.610000610351562,19.610000610351562,19.610000610351562,0.0,0
2010-10-22,19.600000381469727,19.600000381469727,19.600000381469727,19.600000381469727,19.600000381469727,10000
2010-10-25,19.655000686645508,19.655000686645508,19.655000686645508,19.655000686645508,0.0,0
2010-10-26,19.645000457763672,19.645000457763672,19.645000457763672,19.645000457763672,19.645000457763672,512
2010-10-27,19.645000457763672,19.645000457763672,19.645000457763672,19.645000457763672,19.645000457763672,3750
2010-10-28,19.579999923706055,19.579999923706055,19.665000915527344,19.579999923706055,19.665000915527344,8460
2010-10-29,19.584999084472656,19.584999084472656,19.584999084472656,19.584999084472656,0.0,0
2010-11-01,19.635000228881836,19.635000228881836,19.684999465942383,19.635000228881836,0.0,0
2010-11-02,19.594999313354492,19.594999313354492,19.635000228881836,19.594999313354492,0.0,0
2010-11-03,19.514999389648438,19.514999389648438,19.559999465942383,19.514999389648438,0.0,0
2010-11-04,19.774999618530273,19.774999618530273,19.825000762939453,19.774999618530273,0.0,0
2010-11-05,19.959999084472656,19.959999084472656,19.959999084472656,19.94499969482422,19.94499969482422,3900
2010-11-08,20.165000915527344,20.165000915527344,20.165000915527344,20.165000915527344,0.0,0
2010-11-09,20.200000762939453,20.200000762939453,20.200000762939453,20.200000762939453,20.200000762939453,20
2010-11-10,20.260000228881836,20.260000228881836,20.260000228881836,20.260000228881836,0.0,0
2010-11-11,20.315000534057617,20.315000534057617,20.315000534057617,20.315000534057617,0.0,0
2010-11-12,20.135000228881836,20.135000228881836,20.135000228881836,20.135000228881836,0.0,0
2010-11-15,20.31999969482422,20.31999969482422,20.31999969482422,20.31999969482422,0.0,0
2010-11-16,19.959999084472656,19.959999084472656,19.959999084472656,19.959999084472656,0.0,0
2010-11-17,20.049999237060547,20.049999237060547,20.049999237060547,20.049999237060547,20.049999237060547,100
2010-11-18,20.155000686645508,20.155000686645508,20.15999984741211,20.155000686645508,20.15999984741211,4983
2010-11-19,20.155000686645508,20.155000686645508,20.155000686645508,20.155000686645508,0.0,0
2010-11-22,20.125,20.125,20.125,20.125,0.0,0
2010-11-23,20.100000381469727,20.100000381469727,20.100000381469727,20.100000381469727,0.0,0
2010-11-24,20.354999542236328,20.354999542236328,20.354999542236328,20.354999542236328,0.0,0
2010-11-25,20.454999923706055,20.454999923706055,20.454999923706055,20.454999923706055,0.0,0
2010-11-26,20.434999465942383,20.434999465942383,20.434999465942383,20.434999465942383,0.0,0
2010-11-29,20.350000381469727,20.350000381469727,20.350000381469727,20.350000381469727,0.0,0
2010-11-30,20.4950008392334,20.4950008392334,20.4950008392334,20.25,20.25,130
2010-12-01,20.81999969482422,20.81999969482422,20.81999969482422,20.81999969482422,0.0,0
2010-12-02,20.920000076293945,20.920000076293945,20.920000076293945,20.920000076293945,0.0,0
2010-12-03,20.950000762939453,20.950000762939453,20.950000762939453,20.950000762939453,20.950000762939453,1000
2010-12-06,20.8799991607666,20.8799991607666,20.8799991607666,20.8799991607666,0.0,0
2010-12-07,20.979999542236328,20.979999542236328,20.979999542236328,20.979999542236328,0.0,0
2010-12-08,21.020000457763672,21.020000457763672,21.020000457763672,21.020000457763672,21.020000457763672,335
2010-12-09,21.155000686645508,21.155000686645508,21.155000686645508,21.155000686645508,0.0,0
2010-12-10,21.170000076293945,21.170000076293945,21.170000076293945,21.170000076293945,0.0,0
2010-12-13,21.229999542236328,21.229999542236328,21.229999542236328,21.229999542236328,21.229999542236328,2000
2010-12-14,21.09000015258789,21.09000015258789,21.09000015258789,21.09000015258789,21.09000015258789,200
2010-12-15,21.174999237060547,21.174999237060547,21.174999237060547,21.174999237060547,0.0,0
2010-12-16,21.174999237060547,21.174999237060547,21.299999237060547,21.170000076293945,21.299999237060547,5160
2010-12-17,21.200000762939453,21.200000762939453,21.200000762939453,21.200000762939453,21.200000762939453,500
2010-12-20,21.399999618530273,21.399999618530273,21.399999618530273,21.399999618530273,0.0,0
2010-12-21,21.56999969482422,21.56999969482422,21.56999969482422,21.56999969482422,0.0,0
2010-12-22,21.6299991607666,21.6299991607666,21.6299991607666,21.6299991607666,21.6299991607666,4000
2010-12-23,21.6299991607666,21.6299991607666,21.6299991607666,21.6299991607666,21.6299991607666,0
2010-12-27,21.6299991607666,21.6299991607666,21.6299991607666,21.6299991607666,21.6299991607666,0
2010-12-28,21.6299991607666,21.6299991607666,21.6299991607666,21.6299991607666,21.6299991607666,0
2010-12-29,21.6299991607666,21.6299991607666,21.6299991607666,21.6299991607666,21.6299991607666,0
2010-12-30,21.6299991607666,21.6299991607666,21.6299991607666,21.6299991607666,21.6299991607666,0
2011-01-03,21.6299991607666,21.6299991607666,21.6299991607666,21.6299991607666,21.6299991607666,0
2011-01-04,21.56999969482422,21.56999969482422,21.614999771118164,21.56999969482422,21.584999084472656,1800
2011-01-05,21.575000762939453,21.575000762939453,21.575000762939453,21.575000762939453,21.575000762939453,1215
2011-01-06,21.575000762939453,21.575000762939453,21.575000762939453,21.575000762939453,21.575000762939453,0
2011-01-07,21.575000762939453,21.575000762939453,21.575000762939453,21.575000762939453,21.575000762939453,0
2011-01-10,21.905000686645508,21.905000686645508,21.905000686645508,21.905000686645508,21.905000686645508,3900
2011-01-11,22.155000686645508,22.155000686645508,22.155000686645508,22.09000015258789,22.09000015258789,2250
2011-01-12,22.155000686645508,22.155000686645508,22.155000686645508,22.155000686645508,22.155000686645508,0
2011-01-13,21.885000228881836,21.885000228881836,21.885000228881836,21.885000228881836,21.885000228881836,1800
2011-01-14,21.770000457763672,21.770000457763672,21.875,21.735000610351562,21.875,7634
2011-01-17,21.969999313354492,21.969999313354492,21.985000610351562,21.969999313354492,21.969999313354492,3516
2011-01-18,21.979999542236328,21.979999542236328,21.979999542236328,21.979999542236328,21.979999542236328,100
2011-01-19,21.7450008392334,21.7450008392334,21.7450008392334,21.7450008392334,21.7450008392334,240
2011-01-20,21.53499984741211,21.53499984741211,21.670000076293945,21.53499984741211,21.670000076293945,4010
2011-01-21,21.600000381469727,21.600000381469727,21.600000381469727,21.600000381469727,21.600000381469727,24
2011-01-24,21.600000381469727,21.600000381469727,21.600000381469727,21.600000381469727,21.600000381469727,0
2011-01-25,21.514999389648438,21.514999389648438,21.540000915527344,21.5,21.540000915527344,6245
2011-01-26,21.5,21.5,21.5,21.5,21.5,19
2011-01-27,21.5,21.5,21.5,21.5,21.5,0
2011-01-28,21.5,21.5,21.5,21.5,21.5,0
2011-01-31,21.5,21.5,21.5,21.5,21.5,0
2011-02-01,21.459999084472656,21.459999084472656,21.459999084472656,21.459999084472656,21.459999084472656,76
2011-02-02,21.459999084472656,21.459999084472656,21.459999084472656,21.459999084472656,21.459999084472656,0
2011-02-03,21.459999084472656,21.459999084472656,21.459999084472656,21.459999084472656,21.459999084472656,0
2011-02-04,21.459999084472656,21.459999084472656,21.459999084472656,21.459999084472656,21.459999084472656,0
2011-02-07,21.459999084472656,21.459999084472656,21.459999084472656,21.459999084472656,21.459999084472656,0
2011-02-08,21.459999084472656,21.459999084472656,21.459999084472656,21.459999084472656,21.459999084472656,0
2011-02-09,21.459999084472656,21.459999084472656,21.459999084472656,21.459999084472656,21.459999084472656,0
2011-02-10,21.459999084472656,21.459999084472656,21.459999084472656,21.459999084472656,21.459999084472656,0
2011-02-11,22.0,22.0,22.0,21.950000762939453,21.959999084472656,6790
2011-02-14,22.34000015258789,22.34000015258789,22.34000015258789,22.34000015258789,22.34000015258789,75
2011-02-15,22.25,22.25,22.290000915527344,22.25,22.290000915527344,191
2011-02-16,22.290000915527344,22.290000915527344,22.290000915527344,22.290000915527344,22.290000915527344,250
2011-02-17,22.290000915527344,22.290000915527344,22.290000915527344,22.290000915527344,22.290000915527344,0
2011-02-18,22.290000915527344,22.290000915527344,22.290000915527344,22.290000915527344,22.290000915527344,0
2011-02-21,22.290000915527344,22.290000915527344,22.290000915527344,22.290000915527344,22.290000915527344,0
2011-02-22,22.290000915527344,22.290000915527344,22.290000915527344,22.290000915527344,22.290000915527344,0
2011-02-23,21.645000457763672,21.645000457763672,21.809999465942383,21.645000457763672,21.799999237060547,18185
2011-02-24,21.454999923706055,21.454999923706055,21.475000381469727,21.450000762939453,21.475000381469727,105140
2011-02-25,21.844999313354492,21.844999313354492,21.844999313354492,21.625,21.625,2856
2011-02-28,21.875,21.875,21.875,21.704999923706055,21.815000534057617,986
2011-03-01,21.920000076293945,21.920000076293945,22.024999618530273,21.920000076293945,22.024999618530273,461
2011-03-02,21.600000381469727,21.600000381469727,21.600000381469727,21.600000381469727,21.600000381469727,170
2011-03-03,21.639999389648438,21.639999389648438,21.639999389648438,21.639999389648438,21.639999389648438,3900
2011-03-04,21.485000610351562,21.485000610351562,21.485000610351562,21.485000610351562,21.485000610351562,4000
2011-03-07,21.584999084472656,21.584999084472656,21.584999084472656,21.584999084472656,21.584999084472656,163
2011-03-08,21.584999084472656,21.584999084472656,21.584999084472656,21.584999084472656,21.584999084472656,0
2011-03-09,21.584999084472656,21.584999084472656,21.584999084472656,21.584999084472656,21.584999084472656,0
2011-03-10,21.584999084472656,21.584999084472656,21.584999084472656,21.584999084472656,21.584999084472656,0
2011-03-11,21.584999084472656,21.584999084472656,21.584999084472656,21.584999084472656,21.584999084472656,0
2011-03-14,20.649999618530273,20.649999618530273,20.94499969482422,20.649999618530273,20.94499969482422,4821
2011-03-15,20.149999618530273,20.149999618530273,20.329999923706055,20.149999618530273,20.329999923706055,4532
2011-03-16,20.149999618530273,20.149999618530273,20.149999618530273,20.149999618530273,20.149999618530273,0
2011-03-17,20.149999618530273,20.149999618530273,20.149999618530273,20.149999618530273,20.149999618530273,0
2011-03-18,20.149999618530273,20.149999618530273,20.149999618530273,20.149999618530273,20.149999618530273,0
2011-03-21,20.600000381469727,20.600000381469727,20.600000381469727,20.594999313354492,20.594999313354492,12010
2011-03-22,20.68000030517578,20.68000030517578,20.719999313354492,20.68000030517578,20.719999313354492,195
2011-03-23,20.704999923706055,20.704999923706055,20.704999923706055,20.704999923706055,20.704999923706055,300
2011-03-24,20.704999923706055,20.704999923706055,20.704999923706055,20.704999923706055,20.704999923706055,0
2011-03-25,20.704999923706055,20.704999923706055,20.704999923706055,20.704999923706055,20.704999923706055,0
2011-03-28,20.704999923706055,20.704999923706055,20.704999923706055,20.704999923706055,20.704999923706055,0
2011-03-29,20.954999923706055,20.954999923706055,20.954999923706055,20.954999923706055,20.954999923706055,480
2011-03-30,20.954999923706055,20.954999923706055,20.954999923706055,20.954999923706055,20.954999923706055,0
2011-03-31,20.954999923706055,20.954999923706055,20.954999923706055,20.954999923706055,20.954999923706055,0
2011-04-01,21.125,21.125,21.125,21.125,21.125,50
2011-04-04,21.125,21.125,21.125,21.125,21.125,0
2011-04-05,21.200000762939453,21.200000762939453,21.200000762939453,21.200000762939453,21.200000762939453,230
2011-04-06,21.100000381469727,21.100000381469727,21.100000381469727,21.100000381469727,21.100000381469727,30
2011-04-07,21.1200008392334,21.1200008392334,21.1200008392334,21.1200008392334,21.1200008392334,95
2011-04-08,21.1200008392334,21.1200008392334,21.1200008392334,21.1200008392334,21.1200008392334,0
2011-04-11,21.1200008392334,21.1200008392334,21.1200008392334,21.1200008392334,21.1200008392334,0
2011-04-12,21.1200008392334,21.1200008392334,21.1200008392334,21.1200008392334,21.1200008392334,0
2011-04-13,21.1200008392334,21.1200008392334,21.1200008392334,21.1200008392334,21.1200008392334,0
2011-04-14,21.1200008392334,21.1200008392334,21.1200008392334,21.1200008392334,21.1200008392334,0
2011-04-15,20.68000030517578,20.68000030517578,20.68000030517578,20.68000030517578,20.68000030517578,1
2011-04-18,20.84000015258789,20.84000015258789,20.84000015258789,20.84000015258789,20.84000015258789,1257
2011-04-19,20.84000015258789,20.84000015258789,20.84000015258789,20.84000015258789,20.84000015258789,0
2011-04-20,20.84000015258789,20.84000015258789,20.84000015258789,20.84000015258789,20.84000015258789,0
2011-04-21,20.90999984741211,20.90999984741211,20.90999984741211,20.90999984741211,20.90999984741211,235
2011-04-26,20.94499969482422,20.94499969482422,20.975000381469727,20.94499969482422,20.975000381469727,1450
2011-04-27,20.94499969482422,20.94499969482422,20.94499969482422,20.94499969482422,20.94499969482422,0
2011-04-28,20.950000762939453,20.950000762939453,20.950000762939453,20.950000762939453,20.950000762939453,400
2011-04-29,20.950000762939453,20.950000762939453,20.950000762939453,20.950000762939453,20.950000762939453,0
2011-05-02,21.235000610351562,21.235000610351562,21.28499984741211,21.235000610351562,21.28499984741211,322
2011-05-03,21.235000610351562,21.235000610351562,21.235000610351562,21.235000610351562,21.235000610351562,0
2011-05-04,21.235000610351562,21.235000610351562,21.235000610351562,21.235000610351562,21.235000610351562,0
2011-05-05,20.834999084472656,20.834999084472656,20.8799991607666,20.614999771118164,20.639999389648438,2323
2011-05-06,20.834999084472656,20.834999084472656,20.834999084472656,20.834999084472656,20.834999084472656,0
2011-05-09,21.309999465942383,21.309999465942383,21.309999465942383,21.15999984741211,21.219999313354492,7651
2011-05-10,21.385000228881836,21.385000228881836,21.385000228881836,21.385000228881836,21.385000228881836,425
2011-05-11,21.385000228881836,21.385000228881836,21.385000228881836,21.385000228881836,21.385000228881836,0
2011-05-12,21.385000228881836,21.385000228881836,21.385000228881836,21.385000228881836,21.385000228881836,0
2011-05-13,21.385000228881836,21.385000228881836,21.385000228881836,21.385000228881836,21.385000228881836,0
2011-05-16,21.280000686645508,21.280000686645508,21.334999084472656,21.280000686645508,21.334999084472656,1041
2011-05-17,21.170000076293945,21.170000076293945,21.170000076293945,21.170000076293945,21.170000076293945,1655
2011-05-18,21.170000076293945,21.170000076293945,21.170000076293945,21.170000076293945,21.170000076293945,0
2011-05-19,21.280000686645508,21.280000686645508,21.299999237060547,21.280000686645508,21.299999237060547,238
2011-05-20,21.280000686645508,21.280000686645508,21.280000686645508,21.280000686645508,21.280000686645508,0
2011-05-23,21.200000762939453,21.200000762939453,21.200000762939453,21.200000762939453,21.200000762939453,109
2011-05-24,21.200000762939453,21.200000762939453,21.200000762939453,21.200000762939453,21.200000762939453,0
2011-05-25,21.200000762939453,21.200000762939453,21.200000762939453,21.200000762939453,21.200000762939453,0
2011-05-26,21.200000762939453,21.200000762939453,21.200000762939453,21.200000762939453,21.200000762939453,0
2011-05-27,21.200000762939453,21.200000762939453,21.200000762939453,21.200000762939453,21.200000762939453,0
2011-05-30,21.200000762939453,21.200000762939453,21.200000762939453,21.200000762939453,21.200000762939453,0
2011-05-31,21.209999084472656,21.209999084472656,21.209999084472656,21.209999084472656,21.209999084472656,20000
2011-06-01,21.200000762939453,21.200000762939453,21.200000762939453,21.200000762939453,21.200000762939453,92
2011-06-02,21.200000762939453,21.200000762939453,21.200000762939453,21.200000762939453,21.200000762939453,0
2011-06-03,20.434999465942383,20.434999465942383,20.434999465942383,20.40999984741211,20.40999984741211,980
2011-06-06,20.325000762939453,20.325000762939453,20.325000762939453,20.31999969482422,20.31999969482422,3450
2011-06-07,20.325000762939453,20.325000762939453,20.325000762939453,20.325000762939453,20.325000762939453,0
2011-06-08,20.325000762939453,20.325000762939453,20.325000762939453,20.325000762939453,20.325000762939453,0
2011-06-09,20.375,20.375,20.375,20.165000915527344,20.165000915527344,1028
2011-06-10,20.375,20.375,20.375,20.375,20.375,0
2011-06-13,20.375,20.375,20.375,20.375,20.375,0
2011-06-14,20.375,20.375,20.375,20.375,20.375,0
2011-06-15,20.459999084472656,20.459999084472656,20.459999084472656,20.459999084472656,20.459999084472656,6
2011-06-16,20.299999237060547,20.299999237060547,20.299999237060547,20.299999237060547,20.299999237060547,300
2011-06-17,20.299999237060547,20.299999237060547,20.299999237060547,20.299999237060547,20.299999237060547,0
2011-06-20,20.299999237060547,20.299999237060547,20.299999237060547,20.299999237060547,20.299999237060547,0
2011-06-21,20.299999237060547,20.299999237060547,20.299999237060547,20.299999237060547,20.299999237060547,0
2011-06-22,20.299999237060547,20.299999237060547,20.299999237060547,20.299999237060547,20.299999237060547,0
2011-06-23,20.299999237060547,20.299999237060547,20.299999237060547,20.299999237060547,20.299999237060547,0
2011-06-24,20.299999237060547,20.299999237060547,20.299999237060547,20.299999237060547,20.299999237060547,0
2011-06-27,20.299999237060547,20.299999237060547,20.299999237060547,20.299999237060547,20.299999237060547,0
2011-06-28,20.299999237060547,20.299999237060547,20.299999237060547,20.299999237060547,20.299999237060547,0
2011-06-29,20.59000015258789,20.59000015258789,20.59000015258789,20.59000015258789,20.59000015258789,500
2011-06-30,20.639999389648438,20.639999389648438,20.639999389648438,20.639999389648438,20.639999389648438,29
2011-07-01,20.75,20.75,20.75,20.75,20.75,95
2011-07-04,20.75,20.75,20.75,20.75,20.75,0
2011-07-05,21.014999389648438,21.014999389648438,21.03499984741211,20.959999084472656,20.975000381469727,6709
2011-07-06,21.014999389648438,21.014999389648438,21.014999389648438,21.014999389648438,21.014999389648438,0
2011-07-07,21.34000015258789,21.34000015258789,21.34000015258789,21.34000015258789,21.34000015258789,5000
2011-07-08,21.18000030517578,21.18000030517578,21.18000030517578,21.18000030517578,21.18000030517578,200
2011-07-11,21.165000915527344,21.165000915527344,21.28499984741211,21.165000915527344,21.219999313354492,15265
2011-07-12,21.100000381469727,21.100000381469727,21.100000381469727,21.100000381469727,21.100000381469727,254
2011-07-13,21.1299991607666,21.1299991607666,21.1299991607666,21.1299991607666,21.1299991607666,800
2011-07-14,21.1299991607666,21.1299991607666,21.1299991607666,21.1299991607666,21.1299991607666,0
2011-07-15,20.979999542236328,20.979999542236328,20.979999542236328,20.979999542236328,20.979999542236328,8
2011-07-18,20.979999542236328,20.979999542236328,20.979999542236328,20.979999542236328,20.979999542236328,0
2011-07-19,20.979999542236328,20.979999542236328,20.979999542236328,20.979999542236328,20.979999542236328,0
2011-07-20,20.979999542236328,20.979999542236328,20.979999542236328,20.979999542236328,20.979999542236328,0
2011-07-21,20.979999542236328,20.979999542236328,20.979999542236328,20.979999542236328,20.979999542236328,0
2011-07-22,21.2450008392334,21.2450008392334,21.2450008392334,21.2450008392334,21.2450008392334,2230
2011-07-25,21.2450008392334,21.2450008392334,21.2450008392334,21.2450008392334,21.2450008392334,0
2011-07-26,21.2450008392334,21.2450008392334,21.2450008392334,21.2450008392334,21.2450008392334,0
2011-07-27,21.2450008392334,21.2450008392334,21.2450008392334,21.2450008392334,21.2450008392334,0
2011-07-28,20.719999313354492,20.719999313354492,20.719999313354492,20.719999313354492,20.719999313354492,30
2011-07-29,20.719999313354492,20.719999313354492,20.719999313354492,20.719999313354492,20.719999313354492,0
2011-08-01,20.71500015258789,20.71500015258789,20.71500015258789,20.71500015258789,20.71500015258789,88
2011-08-02,20.71500015258789,20.71500015258789,20.71500015258789,20.71500015258789,20.71500015258789,0
2011-08-03,20.71500015258789,20.71500015258789,20.71500015258789,20.71500015258789,20.71500015258789,0
2011-08-04,20.71500015258789,20.71500015258789,20.71500015258789,20.71500015258789,20.71500015258789,0
2011-08-05,20.71500015258789,20.71500015258789,20.71500015258789,20.71500015258789,20.71500015258789,0
2011-08-08,20.71500015258789,20.71500015258789,20.71500015258789,20.71500015258789,20.71500015258789,0
2011-08-09,17.725000381469727,17.725000381469727,18.2549991607666,17.725000381469727,18.2549991607666,11251
2011-08-10,18.299999237060547,18.299999237060547,18.415000915527344,18.299999237060547,18.415000915527344,2090
2011-08-11,18.174999237060547,18.174999237060547,18.264999389648438,18.174999237060547,18.264999389648438,968
2011-08-12,18.704999923706055,18.704999923706055,18.704999923706055,18.5,18.5,2010
2011-08-16,18.7450008392334,18.7450008392334,18.7450008392334,18.7450008392334,18.7450008392334,13
2011-08-17,18.7450008392334,18.7450008392334,18.7450008392334,18.7450008392334,18.7450008392334,0
2011-08-18,19.1200008392334,19.1200008392334,19.1200008392334,19.1200008392334,19.1200008392334,71
2011-08-19,19.1200008392334,19.1200008392334,19.1200008392334,19.1200008392334,19.1200008392334,0
2011-08-22,19.1200008392334,19.1200008392334,19.1200008392334,19.1200008392334,19.1200008392334,0
2011-08-23,18.0049991607666,18.0049991607666,18.0049991607666,18.0049991607666,18.0049991607666,1250
2011-08-24,18.0049991607666,18.0049991607666,18.0049991607666,18.0049991607666,18.0049991607666,0
2011-08-25,18.4950008392334,18.4950008392334,18.4950008392334,18.344999313354492,18.3799991607666,2790
2011-08-26,18.4950008392334,18.4950008392334,18.4950008392334,18.4950008392334,18.4950008392334,0
2011-08-29,18.4950008392334,18.4950008392334,18.4950008392334,18.4950008392334,18.4950008392334,0
2011-08-30,18.4950008392334,18.4950008392334,18.4950008392334,18.4950008392334,18.4950008392334,0
2011-08-31,19.045000076293945,19.045000076293945,19.100000381469727,18.834999084472656,18.834999084472656,15921
2011-09-01,19.200000762939453,19.200000762939453,19.200000762939453,19.06999969482422,19.1200008392334,3297
2011-09-02,19.200000762939453,19.200000762939453,19.200000762939453,19.200000762939453,19.200000762939453,0
2011-09-05,19.200000762939453,19.200000762939453,19.200000762939453,19.200000762939453,19.200000762939453,0
2011-09-06,18.295000076293945,18.295000076293945,18.309999465942383,18.229999542236328,18.25,19400
2011-09-07,18.295000076293945,18.295000076293945,18.295000076293945,18.295000076293945,18.295000076293945,0
2011-09-08,18.295000076293945,18.295000076293945,18.295000076293945,18.295000076293945,18.295000076293945,0
2011-09-09,18.295000076293945,18.295000076293945,18.295000076293945,18.295000076293945,18.295000076293945,0
2011-09-12,18.295000076293945,18.295000076293945,18.295000076293945,18.295000076293945,18.295000076293945,0
2011-09-13,18.295000076293945,18.295000076293945,18.295000076293945,18.295000076293945,18.295000076293945,0
2011-09-14,18.295000076293945,18.295000076293945,18.295000076293945,18.295000076293945,18.295000076293945,0
2011-09-15,19.06999969482422,19.06999969482422,19.06999969482422,19.06999969482422,19.06999969482422,12
2011-09-16,19.06999969482422,19.06999969482422,19.06999969482422,19.06999969482422,19.06999969482422,0
2011-09-19,19.06999969482422,19.06999969482422,19.06999969482422,19.06999969482422,19.06999969482422,0
2011-09-20,19.15999984741211,19.15999984741211,19.274999618530273,19.15999984741211,19.274999618530273,18450
2011-09-21,19.15999984741211,19.15999984741211,19.15999984741211,19.15999984741211,19.15999984741211,0
2011-09-22,19.15999984741211,19.15999984741211,19.15999984741211,19.15999984741211,19.15999984741211,0
2011-09-23,18.34000015258789,18.34000015258789,18.350000381469727,18.34000015258789,18.350000381469727,111
2011-09-26,18.3799991607666,18.3799991607666,18.610000610351562,18.3799991607666,18.3799991607666,8100
2011-09-27,19.084999084472656,19.084999084472656,19.084999084472656,18.5,18.5,6540
2011-09-28,19.084999084472656,19.084999084472656,19.084999084472656,19.084999084472656,19.084999084472656,0
2011-09-29,19.084999084472656,19.084999084472656,19.084999084472656,19.084999084472656,19.084999084472656,0
2011-09-30,19.084999084472656,19.084999084472656,19.084999084472656,19.084999084472656,19.084999084472656,0
2011-10-03,18.604999542236328,18.604999542236328,18.604999542236328,18.604999542236328,18.604999542236328,103
2011-10-04,18.280000686645508,18.280000686645508,18.280000686645508,18.280000686645508,18.280000686645508,500
2011-10-05,18.280000686645508,18.280000686645508,18.280000686645508,18.280000686645508,18.280000686645508,0
2011-10-06,18.8799991607666,18.8799991607666,18.8799991607666,18.8799991607666,18.8799991607666,820
2011-10-07,18.8799991607666,18.8799991607666,18.8799991607666,18.8799991607666,18.8799991607666,0
2011-10-10,18.5,18.5,18.5,18.5,18.5,106
2011-10-11,19.354999542236328,19.354999542236328,19.375,19.354999542236328,19.375,1060
2011-10-12,19.354999542236328,19.354999542236328,19.354999542236328,19.354999542236328,19.354999542236328,0
2011-10-13,19.354999542236328,19.354999542236328,19.354999542236328,19.354999542236328,19.354999542236328,0
2011-10-14,19.354999542236328,19.354999542236328,19.354999542236328,19.354999542236328,19.354999542236328,0
2011-10-17,19.354999542236328,19.354999542236328,19.354999542236328,19.354999542236328,19.354999542236328,0
2011-10-18,19.2549991607666,19.2549991607666,19.2549991607666,19.229999542236328,19.229999542236328,167
2011-10-19,19.5,19.5,19.5,19.5,19.5,4320
2011-10-20,19.290000915527344,19.290000915527344,19.350000381469727,19.290000915527344,19.350000381469727,103
2011-10-21,19.604999542236328,19.604999542236328,19.604999542236328,19.459999084472656,19.459999084472656,20000
2011-10-24,19.725000381469727,19.725000381469727,19.725000381469727,19.725000381469727,19.725000381469727,153
2011-10-25,19.725000381469727,19.725000381469727,19.725000381469727,19.725000381469727,19.725000381469727,0
2011-10-26,19.739999771118164,19.739999771118164,19.739999771118164,19.59000015258789,19.594999313354492,16860
2011-10-27,19.959999084472656,19.959999084472656,19.959999084472656,19.959999084472656,19.959999084472656,8000
2011-10-28,19.959999084472656,19.959999084472656,19.959999084472656,19.959999084472656,19.959999084472656,0
2011-10-31,19.959999084472656,19.959999084472656,19.959999084472656,19.959999084472656,19.959999084472656,0
2011-11-01,19.610000610351562,19.610000610351562,19.610000610351562,19.610000610351562,19.610000610351562,87
2011-11-02,19.6200008392334,19.6200008392334,19.649999618530273,19.6200008392334,19.649999618530273,479
2011-11-03,19.6200008392334,19.6200008392334,19.6200008392334,19.6200008392334,19.6200008392334,0
2011-11-04,19.7450008392334,19.7450008392334,19.7450008392334,19.7450008392334,19.7450008392334,1100
2011-11-07,19.764999389648438,19.764999389648438,19.764999389648438,19.764999389648438,19.764999389648438,1250
2011-11-08,20.024999618530273,20.024999618530273,20.024999618530273,20.024999618530273,20.024999618530273,3700
2011-11-09,19.895000457763672,19.895000457763672,20.1299991607666,19.844999313354492,19.844999313354492,20241
2011-11-10,19.68000030517578,19.68000030517578,19.81999969482422,19.670000076293945,19.739999771118164,5425
2011-11-11,19.829999923706055,19.829999923706055,19.829999923706055,19.815000534057617,19.815000534057617,4000
2011-11-14,19.829999923706055,19.829999923706055,19.829999923706055,19.829999923706055,19.829999923706055,0
2011-11-15,19.889999389648438,19.889999389648438,19.889999389648438,19.889999389648438,19.889999389648438,1
2011-11-16,20.0,20.0,20.0,20.0,20.0,10
2011-11-17,19.7549991607666,19.7549991607666,19.7549991607666,19.7549991607666,19.7549991607666,540
2011-11-18,19.520000457763672,19.520000457763672,19.56999969482422,19.520000457763672,19.56999969482422,16250
2011-11-21,19.05500030517578,19.05500030517578,19.05500030517578,19.05500030517578,19.05500030517578,1300
2011-11-22,19.05500030517578,19.05500030517578,19.05500030517578,19.05500030517578,19.05500030517578,0
2011-11-23,18.829999923706055,18.829999923706055,18.829999923706055,18.829999923706055,18.829999923706055,250
2011-11-24,18.905000686645508,18.905000686645508,18.90999984741211,18.905000686645508,18.90999984741211,1150
2011-11-25,18.915000915527344,18.915000915527344,18.915000915527344,18.6200008392334,18.6200008392334,7760
2011-11-28,18.915000915527344,18.915000915527344,18.915000915527344,18.915000915527344,18.915000915527344,0
2011-11-29,19.399999618530273,19.399999618530273,19.399999618530273,19.399999618530273,19.399999618530273,948
2011-11-30,19.655000686645508,19.655000686645508,19.655000686645508,19.655000686645508,19.655000686645508,33002
2011-12-01,20.024999618530273,20.024999618530273,20.049999237060547,19.635000228881836,20.014999389648438,1340
2011-12-02,20.024999618530273,20.024999618530273,20.024999618530273,20.024999618530273,20.024999618530273,0
2011-12-05,20.260000228881836,20.260000228881836,20.260000228881836,20.260000228881836,20.260000228881836,200
2011-12-06,20.260000228881836,20.260000228881836,20.260000228881836,20.260000228881836,20.260000228881836,600
2011-12-07,20.260000228881836,20.260000228881836,20.260000228881836,20.260000228881836,20.260000228881836,0
2011-12-08,20.260000228881836,20.260000228881836,20.260000228881836,20.260000228881836,20.260000228881836,0
2011-12-09,20.260000228881836,20.260000228881836,20.260000228881836,20.260000228881836,20.260000228881836,0
2011-12-12,20.200000762939453,20.200000762939453,20.200000762939453,20.200000762939453,20.200000762939453,10
2011-12-13,20.125,20.125,20.125,20.125,20.125,20
2011-12-14,20.020000457763672,20.020000457763672,20.020000457763672,20.020000457763672,20.020000457763672,57
2011-12-15,20.114999771118164,20.114999771118164,20.114999771118164,20.024999618530273,20.024999618530273,157
2011-12-16,20.114999771118164,20.114999771118164,20.114999771118164,20.114999771118164,20.114999771118164,0
2011-12-19,20.114999771118164,20.114999771118164,20.114999771118164,20.114999771118164,20.114999771118164,0
2011-12-20,20.114999771118164,20.114999771118164,20.114999771118164,20.114999771118164,20.114999771118164,0
2011-12-21,20.25,20.25,20.25,20.25,20.25,10
2011-12-22,20.375,20.375,20.375,20.375,20.375,250
2011-12-23,20.549999237060547,20.549999237060547,20.549999237060547,20.549999237060547,20.549999237060547,50
2011-12-27,20.549999237060547,20.549999237060547,20.549999237060547,20.549999237060547,20.549999237060547,0
2011-12-28,20.600000381469727,20.600000381469727,20.600000381469727,20.600000381469727,20.600000381469727,19
2011-12-29,20.600000381469727,20.600000381469727,20.600000381469727,20.600000381469727,20.600000381469727,5
2011-12-30,20.600000381469727,20.600000381469727,20.600000381469727,20.600000381469727,20.600000381469727,0
2012-01-02,21.209999084472656,21.209999084472656,21.209999084472656,21.209999084472656,21.209999084472656,93
2012-01-03,21.209999084472656,21.209999084472656,21.209999084472656,21.209999084472656,21.209999084472656,0
2012-01-04,21.030000686645508,21.030000686645508,21.100000381469727,21.030000686645508,21.100000381469727,277
2012-01-05,21.030000686645508,21.030000686645508,21.030000686645508,21.030000686645508,21.030000686645508,0
2012-01-06,21.030000686645508,21.030000686645508,21.030000686645508,21.030000686645508,21.030000686645508,0
2012-01-09,21.030000686645508,21.030000686645508,21.030000686645508,21.030000686645508,21.030000686645508,0
2012-01-10,21.030000686645508,21.030000686645508,21.030000686645508,21.030000686645508,21.030000686645508,0
2012-01-11,21.459999084472656,21.459999084472656,21.459999084472656,21.459999084472656,21.459999084472656,2315
2012-01-12,21.540000915527344,21.540000915527344,21.549999237060547,21.46500015258789,21.549999237060547,2775
2012-01-13,21.520000457763672,21.520000457763672,21.520000457763672,21.520000457763672,21.520000457763672,163
2012-01-16,21.520000457763672,21.520000457763672,21.520000457763672,21.520000457763672,21.520000457763672,0
2012-01-17,21.725000381469727,21.725000381469727,21.7450008392334,21.725000381469727,21.7450008392334,591
2012-01-18,21.600000381469727,21.600000381469727,21.600000381469727,21.600000381469727,21.600000381469727,1000
2012-01-19,21.665000915527344,21.665000915527344,21.665000915527344,21.56999969482422,21.600000381469727,322
2012-01-20,21.665000915527344,21.665000915527344,21.665000915527344,21.665000915527344,21.665000915527344,0
2012-01-23,21.709999084472656,21.709999084472656,21.709999084472656,21.709999084472656,21.709999084472656,500
2012-01-24,21.709999084472656,21.709999084472656,21.709999084472656,21.709999084472656,21.709999084472656,0
2012-01-25,21.709999084472656,21.709999084472656,21.709999084472656,21.709999084472656,21.709999084472656,0
2012-01-26,21.709999084472656,21.709999084472656,21.709999084472656,21.709999084472656,21.709999084472656,0
2012-01-27,21.625,21.625,21.625,21.625,21.625,30
2012-01-30,21.5,21.5,21.5,21.5,21.5,5
2012-01-31,21.530000686645508,21.530000686645508,21.530000686645508,21.530000686645508,21.530000686645508,500
2012-02-01,21.75,21.75,21.770000457763672,21.75,21.770000457763672,117
2012-02-02,21.75,21.75,21.75,21.75,21.75,0
2012-02-03,22.15999984741211,22.15999984741211,22.15999984741211,21.950000762939453,21.950000762939453,16000
2012-02-06,22.200000762939453,22.200000762939453,22.200000762939453,22.200000762939453,22.200000762939453,900
2012-02-07,22.06999969482422,22.06999969482422,22.155000686645508,22.024999618530273,22.155000686645508,2212
2012-02-08,22.06999969482422,22.06999969482422,22.06999969482422,22.06999969482422,22.06999969482422,0
2012-02-09,22.06999969482422,22.06999969482422,22.06999969482422,22.06999969482422,22.06999969482422,0
2012-02-10,22.06999969482422,22.06999969482422,22.06999969482422,22.06999969482422,22.06999969482422,0
2012-02-13,22.06999969482422,22.06999969482422,22.06999969482422,22.06999969482422,22.06999969482422,0
2012-02-14,22.06999969482422,22.06999969482422,22.06999969482422,22.06999969482422,22.06999969482422,0
2012-02-15,22.274999618530273,22.274999618530273,22.329999923706055,22.274999618530273,22.329999923706055,515
2012-02-16,22.170000076293945,22.170000076293945,22.290000915527344,22.170000076293945,22.290000915527344,450
2012-02-17,22.170000076293945,22.170000076293945,22.170000076293945,22.170000076293945,22.170000076293945,0
2012-02-20,22.170000076293945,22.170000076293945,22.170000076293945,22.170000076293945,22.170000076293945,0
2012-02-21,22.3700008392334,22.3700008392334,22.3700008392334,22.334999084472656,22.334999084472656,1500
2012-02-22,22.30500030517578,22.30500030517578,22.30500030517578,22.30500030517578,22.30500030517578,270
2012-02-23,22.30500030517578,22.30500030517578,22.30500030517578,22.30500030517578,22.30500030517578,0
2012-02-24,22.30500030517578,22.30500030517578,22.30500030517578,22.30500030517578,22.30500030517578,0
2012-02-27,22.30500030517578,22.30500030517578,22.30500030517578,22.30500030517578,22.30500030517578,0
2012-02-28,22.30500030517578,22.30500030517578,22.30500030517578,22.30500030517578,22.30500030517578,0
2012-02-29,22.30500030517578,22.30500030517578,22.30500030517578,22.30500030517578,22.30500030517578,0
2012-03-01,22.350000381469727,22.350000381469727,22.350000381469727,22.280000686645508,22.280000686645508,226
2012-03-02,22.5,22.5,22.5,22.5,22.5,20
2012-03-05,22.405000686645508,22.405000686645508,22.405000686645508,22.385000228881836,22.385000228881836,135
2012-03-06,22.405000686645508,22.405000686645508,22.405000686645508,22.405000686645508,22.405000686645508,0
2012-03-07,22.405000686645508,22.405000686645508,22.405000686645508,22.405000686645508,22.405000686645508,0
2012-03-08,22.405000686645508,22.405000686645508,22.405000686645508,22.405000686645508,22.405000686645508,0
2012-03-09,22.40999984741211,22.40999984741211,22.40999984741211,22.40999984741211,22.40999984741211,300
2012-03-12,22.40999984741211,22.40999984741211,22.40999984741211,22.40999984741211,22.40999984741211,0
2012-03-13,22.674999237060547,22.674999237060547,22.674999237060547,22.674999237060547,22.674999237060547,1500
2012-03-14,22.674999237060547,22.674999237060547,22.674999237060547,22.674999237060547,22.674999237060547,0
2012-03-15,22.915000915527344,22.915000915527344,22.94499969482422,22.915000915527344,22.94499969482422,125
2012-03-16,22.915000915527344,22.915000915527344,22.915000915527344,22.915000915527344,22.915000915527344,0
2012-03-19,22.954999923706055,22.954999923706055,23.09000015258789,22.915000915527344,23.049999237060547,646
2012-03-20,22.954999923706055,22.954999923706055,22.954999923706055,22.954999923706055,22.954999923706055,0
2012-03-21,22.795000076293945,22.795000076293945,22.795000076293945,22.795000076293945,22.795000076293945,9
2012-03-22,22.795000076293945,22.795000076293945,22.795000076293945,22.795000076293945,22.795000076293945,0
2012-03-23,22.795000076293945,22.795000076293945,22.795000076293945,22.795000076293945,22.795000076293945,0
2012-03-26,22.795000076293945,22.795000076293945,22.795000076293945,22.795000076293945,22.795000076293945,0
2012-03-27,22.795000076293945,22.795000076293945,22.795000076293945,22.795000076293945,22.795000076293945,0
2012-03-28,22.479999542236328,22.479999542236328,22.479999542236328,22.479999542236328,22.479999542236328,30
2012-03-29,22.53499984741211,22.53499984741211,22.950000762939453,22.53499984741211,22.950000762939453,320
2012-03-30,22.53499984741211,22.53499984741211,22.53499984741211,22.53499984741211,22.53499984741211,0
2012-04-02,22.510000228881836,22.510000228881836,22.510000228881836,22.510000228881836,22.510000228881836,8
2012-04-03,22.510000228881836,22.510000228881836,22.510000228881836,22.510000228881836,22.510000228881836,0
2012-04-04,22.510000228881836,22.510000228881836,22.510000228881836,22.510000228881836,22.510000228881836,0
2012-04-05,22.559999465942383,22.559999465942383,22.559999465942383,22.559999465942383,22.559999465942383,100
2012-04-10,22.2549991607666,22.2549991607666,22.2549991607666,22.2549991607666,22.2549991607666,450
2012-04-11,22.100000381469727,22.100000381469727,22.100000381469727,22.100000381469727,22.100000381469727,10
2012-04-12,22.18000030517578,22.18000030517578,22.18000030517578,22.18000030517578,22.18000030517578,235
2012-04-13,22.334999084472656,22.334999084472656,22.334999084472656,22.334999084472656,22.334999084472656,1250
2012-04-16,22.350000381469727,22.350000381469727,22.354999542236328,22.239999771118164,22.239999771118164,4645
2012-04-17,22.264999389648438,22.264999389648438,22.264999389648438,22.200000762939453,22.204999923706055,105
2012-04-18,22.5,22.5,22.5,22.5,22.5,9
2012-04-19,22.5,22.5,22.5,22.5,22.5,0
2012-04-20,22.350000381469727,22.350000381469727,22.350000381469727,22.25,22.25,1185
2012-04-23,22.03499984741211,22.03499984741211,22.19499969482422,21.825000762939453,21.825000762939453,125
2012-04-24,22.1200008392334,22.1200008392334,22.174999237060547,22.0,22.0,792
2012-04-25,22.1200008392334,22.1200008392334,22.1200008392334,22.1200008392334,22.1200008392334,0
2012-04-26,22.360000610351562,22.360000610351562,22.360000610351562,22.360000610351562,22.360000610351562,25
2012-04-27,22.360000610351562,22.360000610351562,22.360000610351562,22.360000610351562,22.360000610351562,0
2012-04-30,22.360000610351562,22.360000610351562,22.360000610351562,22.360000610351562,22.360000610351562,0
2012-05-02,22.649999618530273,22.649999618530273,22.649999618530273,22.59000015258789,22.59000015258789,253
2012-05-03,22.649999618530273,22.649999618530273,22.649999618530273,22.649999618530273,22.649999618530273,0
2012-05-04,22.329999923706055,22.329999923706055,22.329999923706055,22.329999923706055,22.329999923706055,1000
2012-05-07,22.15999984741211,22.15999984741211,22.18000030517578,22.15999984741211,22.18000030517578,7342
2012-05-08,22.170000076293945,22.170000076293945,22.170000076293945,22.170000076293945,22.170000076293945,6300
2012-05-09,22.170000076293945,22.170000076293945,22.170000076293945,22.170000076293945,22.170000076293945,0
2012-05-10,22.079999923706055,22.079999923706055,22.079999923706055,22.079999923706055,22.079999923706055,50
2012-05-11,22.079999923706055,22.079999923706055,22.079999923706055,22.079999923706055,22.079999923706055,0
2012-05-14,21.905000686645508,21.905000686645508,21.905000686645508,21.899999618530273,21.899999618530273,1550
2012-05-15,22.0049991607666,22.0049991607666,22.0049991607666,22.0049991607666,22.0049991607666,14
2012-05-16,21.899999618530273,21.899999618530273,21.899999618530273,21.799999237060547,21.799999237060547,934
2012-05-17,21.600000381469727,21.600000381469727,21.600000381469727,21.600000381469727,21.600000381469727,2000
2012-05-18,21.600000381469727,21.600000381469727,21.600000381469727,21.600000381469727,21.600000381469727,0
2012-05-21,21.295000076293945,21.295000076293945,21.399999618530273,21.295000076293945,21.399999618530273,1800
2012-05-22,21.665000915527344,21.665000915527344,21.665000915527344,21.584999084472656,21.584999084472656,1013
2012-05-23,21.665000915527344,21.665000915527344,21.665000915527344,21.665000915527344,21.665000915527344,0
2012-05-24,21.774999618530273,21.774999618530273,21.774999618530273,21.700000762939453,21.700000762939453,4400
2012-05-25,21.84000015258789,21.84000015258789,21.84000015258789,21.80500030517578,21.80500030517578,1650
2012-05-28,21.860000610351562,21.860000610351562,21.860000610351562,21.860000610351562,21.860000610351562,1250
2012-05-29,21.860000610351562,21.860000610351562,21.860000610351562,21.860000610351562,21.860000610351562,0
2012-05-30,21.989999771118164,21.989999771118164,21.989999771118164,21.989999771118164,21.989999771118164,230
2012-05-31,21.989999771118164,21.989999771118164,21.989999771118164,21.989999771118164,21.989999771118164,0
2012-06-01,21.709999084472656,21.709999084472656,21.709999084472656,21.709999084472656,21.709999084472656,9
2012-06-04,21.3799991607666,21.3799991607666,21.3799991607666,21.3799991607666,21.3799991607666,467
2012-06-05,21.329999923706055,21.329999923706055,21.329999923706055,21.329999923706055,21.329999923706055,100
2012-06-06,21.329999923706055,21.329999923706055,21.329999923706055,21.329999923706055,21.329999923706055,0
2012-06-07,21.329999923706055,21.329999923706055,21.329999923706055,21.329999923706055,21.329999923706055,0
2012-06-08,21.8700008392334,21.8700008392334,21.8700008392334,21.825000762939453,21.825000762939453,260
2012-06-11,21.8700008392334,21.8700008392334,21.8700008392334,21.8700008392334,21.8700008392334,0
2012-06-12,21.795000076293945,21.795000076293945,21.844999313354492,21.795000076293945,21.844999313354492,1810
2012-06-13,21.795000076293945,21.795000076293945,21.795000076293945,21.795000076293945,21.795000076293945,0
2012-06-14,21.790000915527344,21.790000915527344,21.790000915527344,21.790000915527344,21.790000915527344,900
2012-06-15,21.93000030517578,21.93000030517578,22.024999618530273,21.93000030517578,22.024999618530273,9055
2012-06-18,21.93000030517578,21.93000030517578,21.93000030517578,21.93000030517578,21.93000030517578,0
2012-06-19,22.260000228881836,22.260000228881836,22.260000228881836,22.260000228881836,22.260000228881836,5300
2012-06-20,22.260000228881836,22.260000228881836,22.260000228881836,22.260000228881836,22.260000228881836,0
2012-06-21,22.674999237060547,22.674999237060547,22.674999237060547,22.674999237060547,22.674999237060547,9
2012-06-22,22.674999237060547,22.674999237060547,22.674999237060547,22.674999237060547,22.674999237060547,0
2012-06-25,21.924999237060547,21.924999237060547,22.049999237060547,21.924999237060547,22.049999237060547,231
2012-06-26,21.924999237060547,21.924999237060547,21.924999237060547,21.924999237060547,21.924999237060547,0
2012-06-27,21.985000610351562,21.985000610351562,21.985000610351562,21.985000610351562,21.985000610351562,800
2012-06-28,22.05500030517578,22.05500030517578,22.200000762939453,22.05500030517578,22.18000030517578,167
2012-06-29,22.05500030517578,22.05500030517578,22.05500030517578,22.05500030517578,22.05500030517578,0
2012-07-02,22.68000030517578,22.68000030517578,22.68000030517578,22.524999618530273,22.524999618530273,3034
2012-07-03,22.760000228881836,22.760000228881836,22.760000228881836,22.760000228881836,22.760000228881836,352
2012-07-04,22.760000228881836,22.760000228881836,22.760000228881836,22.760000228881836,22.760000228881836,0
2012-07-05,23.149999618530273,23.149999618530273,23.149999618530273,23.110000610351562,23.110000610351562,330
2012-07-06,23.149999618530273,23.149999618530273,23.149999618530273,23.149999618530273,23.149999618530273,0
2012-07-09,23.149999618530273,23.149999618530273,23.149999618530273,23.149999618530273,23.149999618530273,0
2012-07-10,23.149999618530273,23.149999618530273,23.149999618530273,23.149999618530273,23.149999618530273,0
2012-07-11,23.149999618530273,23.149999618530273,23.149999618530273,23.149999618530273,23.149999618530273,0
2012-07-12,22.674999237060547,22.674999237060547,22.674999237060547,22.674999237060547,22.674999237060547,180
2012-07-13,23.028499603271484,23.028499603271484,23.028499603271484,23.028499603271484,23.028499603271484,0
2012-07-16,23.149999618530273,23.149999618530273,23.149999618530273,23.1299991607666,23.1299991607666,53
2012-07-17,23.149999618530273,23.149999618530273,23.149999618530273,23.149999618530273,23.149999618530273,0
2012-07-18,23.149999618530273,23.149999618530273,23.149999618530273,23.149999618530273,23.149999618530273,0
2012-07-19,23.389999389648438,23.389999389648438,23.389999389648438,23.389999389648438,23.389999389648438,9
2012-07-20,23.389999389648438,23.389999389648438,23.389999389648438,23.389999389648438,23.389999389648438,0
2012-07-23,23.020000457763672,23.020000457763672,23.594999313354492,23.020000457763672,23.594999313354492,1274
2012-07-24,23.020000457763672,23.020000457763672,23.020000457763672,23.020000457763672,23.020000457763672,0
2012-07-25,22.81999969482422,22.81999969482422,22.81999969482422,22.81999969482422,22.81999969482422,900
2012-07-26,23.010000228881836,23.010000228881836,23.010000228881836,23.010000228881836,23.010000228881836,100
2012-07-27,23.010000228881836,23.010000228881836,23.010000228881836,23.010000228881836,23.010000228881836,0
2012-07-30,23.479999542236328,23.479999542236328,23.485000610351562,23.479999542236328,23.485000610351562,459
2012-07-31,23.610000610351562,23.610000610351562,23.610000610351562,23.610000610351562,23.610000610351562,100
2012-08-01,23.399999618530273,23.399999618530273,23.6200008392334,23.399999618530273,23.6200008392334,1520
2012-08-02,23.399999618530273,23.399999618530273,23.399999618530273,23.399999618530273,23.399999618530273,0
2012-08-03,23.6200008392334,23.6200008392334,23.6200008392334,23.6200008392334,23.6200008392334,855
2012-08-06,23.6200008392334,23.6200008392334,23.6200008392334,23.6200008392334,23.6200008392334,0
2012-08-07,23.6200008392334,23.6200008392334,23.6200008392334,23.6200008392334,23.6200008392334,0
2012-08-08,23.6200008392334,23.6200008392334,23.6200008392334,23.6200008392334,23.6200008392334,0
2012-08-09,23.6200008392334,23.6200008392334,23.6200008392334,23.6200008392334,23.6200008392334,0
2012-08-10,23.6200008392334,23.6200008392334,23.6200008392334,23.6200008392334,23.6200008392334,0
2012-08-13,23.6200008392334,23.6200008392334,23.6200008392334,23.6200008392334,23.6200008392334,0
2012-08-14,23.6200008392334,23.6200008392334,23.6200008392334,23.6200008392334,23.6200008392334,0
2012-08-16,24.09000015258789,24.09000015258789,24.09000015258789,24.09000015258789,24.09000015258789,14
2012-08-17,24.040000915527344,24.040000915527344,24.040000915527344,24.040000915527344,24.040000915527344,200
2012-08-20,24.15999984741211,24.15999984741211,24.15999984741211,24.15999984741211,24.15999984741211,8
2012-08-21,24.1200008392334,24.1200008392334,24.1200008392334,24.049999237060547,24.049999237060547,1293
2012-08-22,23.850000381469727,23.850000381469727,23.864999771118164,23.81999969482422,23.81999969482422,50412
2012-08-23,23.594999313354492,23.594999313354492,23.594999313354492,23.594999313354492,23.594999313354492,50002
2012-08-24,23.594999313354492,23.594999313354492,23.594999313354492,23.594999313354492,23.594999313354492,85
2012-08-27,23.594999313354492,23.594999313354492,23.594999313354492,23.594999313354492,23.594999313354492,0
2012-08-28,23.584999084472656,23.584999084472656,23.584999084472656,23.584999084472656,23.584999084472656,2643
2012-08-29,23.235000610351562,23.235000610351562,23.235000610351562,23.235000610351562,23.235000610351562,100
2012-08-30,23.235000610351562,23.235000610351562,23.235000610351562,23.235000610351562,23.235000610351562,0
2012-08-31,23.5,23.5,23.5,23.5,23.5,50
2012-09-03,23.5,23.5,23.5,23.5,23.5,0
2012-09-04,23.844999313354492,23.844999313354492,23.844999313354492,23.479999542236328,23.479999542236328,130
2012-09-05,23.844999313354492,23.844999313354492,23.844999313354492,23.844999313354492,23.844999313354492,0
2012-09-06,23.844999313354492,23.844999313354492,23.844999313354492,23.844999313354492,23.844999313354492,0
2012-09-07,23.760000228881836,23.760000228881836,23.760000228881836,23.760000228881836,23.760000228881836,948
2012-09-10,23.760000228881836,23.760000228881836,23.760000228881836,23.760000228881836,23.760000228881836,0
2012-09-11,23.68000030517578,23.68000030517578,23.68000030517578,23.68000030517578,23.68000030517578,380
2012-09-12,23.68000030517578,23.68000030517578,23.68000030517578,23.68000030517578,23.68000030517578,0
2012-09-13,23.59000015258789,23.59000015258789,23.6200008392334,23.59000015258789,23.6200008392334,923
2012-09-14,23.809999465942383,23.809999465942383,23.809999465942383,23.799999237060547,23.799999237060547,1054
2012-09-17,23.700000762939453,23.700000762939453,23.790000915527344,23.700000762939453,23.790000915527344,59
2012-09-18,23.75,23.75,23.75,23.639999389648438,23.639999389648438,12274
2012-09-19,23.84000015258789,23.84000015258789,23.84000015258789,23.829999923706055,23.829999923706055,1008
2012-09-20,23.84000015258789,23.84000015258789,23.84000015258789,23.84000015258789,23.84000015258789,0
2012-09-21,23.920000076293945,23.920000076293945,23.920000076293945,23.920000076293945,23.920000076293945,205
2012-09-24,23.920000076293945,23.920000076293945,23.920000076293945,23.920000076293945,23.920000076293945,0
2012-09-25,23.920000076293945,23.920000076293945,23.920000076293945,23.920000076293945,23.920000076293945,0
2012-09-26,23.709999084472656,23.709999084472656,23.834999084472656,23.709999084472656,23.834999084472656,1279
2012-09-27,23.700000762939453,23.700000762939453,23.700000762939453,23.68000030517578,23.68000030517578,420
2012-09-28,23.649999618530273,23.649999618530273,23.7450008392334,23.649999618530273,23.7450008392334,164
2012-10-01,23.700000762939453,23.700000762939453,23.719999313354492,23.700000762939453,23.719999313354492,409
2012-10-02,23.899999618530273,23.899999618530273,23.899999618530273,23.899999618530273,23.899999618530273,100
2012-10-03,23.899999618530273,23.899999618530273,23.899999618530273,23.899999618530273,23.899999618530273,0
2012-10-04,23.719999313354492,23.719999313354492,23.719999313354492,23.719999313354492,23.719999313354492,210
2012-10-05,23.770000457763672,23.770000457763672,23.815000534057617,23.65999984741211,23.65999984741211,50576
2012-10-08,23.770000457763672,23.770000457763672,23.770000457763672,23.770000457763672,23.770000457763672,0
2012-10-09,23.579999923706055,23.579999923706055,23.670000076293945,23.579999923706055,23.579999923706055,1086
2012-10-10,23.614999771118164,23.614999771118164,23.614999771118164,23.614999771118164,23.614999771118164,115
2012-10-11,23.614999771118164,23.614999771118164,23.614999771118164,23.614999771118164,23.614999771118164,0
2012-10-12,23.3700008392334,23.3700008392334,23.3700008392334,23.3700008392334,23.3700008392334,50
2012-10-15,23.46500015258789,23.46500015258789,23.469999313354492,23.44499969482422,23.454999923706055,423
2012-10-16,23.46500015258789,23.46500015258789,23.46500015258789,23.46500015258789,23.46500015258789,0
2012-10-17,23.46500015258789,23.46500015258789,23.46500015258789,23.46500015258789,23.46500015258789,0
2012-10-18,23.75,23.75,23.75,23.700000762939453,23.709999084472656,1133
2012-10-19,23.649999618530273,23.649999618530273,23.649999618530273,23.649999618530273,23.649999618530273,2500
2012-10-22,23.479999542236328,23.479999542236328,23.479999542236328,23.399999618530273,23.399999618530273,483
2012-10-23,23.399999618530273,23.399999618530273,23.399999618530273,23.399999618530273,23.399999618530273,42
2012-10-24,23.399999618530273,23.399999618530273,23.399999618530273,23.399999618530273,23.399999618530273,0
2012-10-25,23.299999237060547,23.299999237060547,23.625,23.28499984741211,23.625,158
2012-10-26,23.235000610351562,23.235000610351562,23.235000610351562,23.235000610351562,23.235000610351562,3
2012-10-29,23.235000610351562,23.235000610351562,23.235000610351562,23.235000610351562,23.235000610351562,0
2012-10-30,23.235000610351562,23.235000610351562,23.235000610351562,23.235000610351562,23.235000610351562,0
2012-10-31,23.235000610351562,23.235000610351562,23.235000610351562,23.235000610351562,23.235000610351562,0
2012-11-01,23.315000534057617,23.315000534057617,23.315000534057617,23.315000534057617,23.315000534057617,49
2012-11-02,23.670000076293945,23.670000076293945,23.670000076293945,23.670000076293945,23.670000076293945,250
2012-11-05,23.565000534057617,23.565000534057617,23.565000534057617,23.565000534057617,23.565000534057617,20
2012-11-06,23.700000762939453,23.700000762939453,23.700000762939453,23.639999389648438,23.639999389648438,1865
2012-11-07,23.450000762939453,23.450000762939453,23.450000762939453,23.450000762939453,23.450000762939453,62
2012-11-08,23.450000762939453,23.450000762939453,23.450000762939453,23.450000762939453,23.450000762939453,0
2012-11-09,23.450000762939453,23.450000762939453,23.450000762939453,23.450000762939453,23.450000762939453,0
2012-11-12,23.299999237060547,23.299999237060547,23.299999237060547,23.299999237060547,23.299999237060547,105
2012-11-13,23.280000686645508,23.280000686645508,23.280000686645508,23.280000686645508,23.280000686645508,170
2012-11-14,23.280000686645508,23.280000686645508,23.280000686645508,23.280000686645508,23.280000686645508,0
2012-11-15,22.825000762939453,22.825000762939453,22.829999923706055,22.825000762939453,22.829999923706055,178
2012-11-16,22.700000762939453,22.700000762939453,22.700000762939453,22.700000762939453,22.700000762939453,600
2012-11-19,22.700000762939453,22.700000762939453,22.700000762939453,22.700000762939453,22.700000762939453,0
2012-11-20,23.1200008392334,23.1200008392334,23.1200008392334,23.079999923706055,23.079999923706055,725
2012-11-21,23.1200008392334,23.1200008392334,23.1200008392334,23.1200008392334,23.1200008392334,0
2012-11-22,23.31999969482422,23.31999969482422,23.31999969482422,23.299999237060547,23.299999237060547,1709
2012-11-23,23.190000534057617,23.190000534057617,23.290000915527344,23.190000534057617,23.290000915527344,2540
2012-11-26,23.260000228881836,23.260000228881836,23.260000228881836,23.260000228881836,23.260000228881836,17
2012-11-27,23.260000228881836,23.260000228881836,23.260000228881836,23.260000228881836,23.260000228881836,0
2012-11-28,23.270000457763672,23.270000457763672,23.270000457763672,23.260000228881836,23.260000228881836,300
2012-11-29,23.475000381469727,23.475000381469727,23.475000381469727,23.475000381469727,23.475000381469727,89
2012-11-30,23.475000381469727,23.475000381469727,23.475000381469727,23.475000381469727,23.475000381469727,0
2012-12-03,23.559999465942383,23.559999465942383,23.559999465942383,23.489999771118164,23.489999771118164,269
2012-12-04,23.315000534057617,23.315000534057617,23.315000534057617,23.315000534057617,23.315000534057617,42
2012-12-05,23.329999923706055,23.329999923706055,23.34000015258789,23.329999923706055,23.34000015258789,310
2012-12-06,23.450000762939453,23.450000762939453,23.450000762939453,23.450000762939453,23.450000762939453,95
2012-12-07,23.600000381469727,23.600000381469727,23.600000381469727,23.600000381469727,23.600000381469727,250
2012-12-10,23.600000381469727,23.600000381469727,23.600000381469727,23.600000381469727,23.600000381469727,0
2012-12-11,23.600000381469727,23.600000381469727,23.600000381469727,23.600000381469727,23.600000381469727,0
2012-12-12,23.600000381469727,23.600000381469727,23.600000381469727,23.600000381469727,23.600000381469727,0
2012-12-13,23.600000381469727,23.600000381469727,23.600000381469727,23.600000381469727,23.600000381469727,0
2012-12-14,23.600000381469727,23.600000381469727,23.600000381469727,23.600000381469727,23.600000381469727,0
2012-12-17,23.46500015258789,23.46500015258789,23.510000228881836,23.395000457763672,23.510000228881836,1258
2012-12-18,23.6299991607666,23.6299991607666,23.65999984741211,23.6299991607666,23.65999984741211,220
2012-12-19,23.719999313354492,23.719999313354492,23.770000457763672,23.670000076293945,23.770000457763672,303
2012-12-20,23.719999313354492,23.719999313354492,23.719999313354492,23.719999313354492,23.719999313354492,0
2012-12-21,23.65999984741211,23.65999984741211,23.65999984741211,23.5,23.649999618530273,22442
2012-12-27,23.549999237060547,23.549999237060547,23.549999237060547,23.549999237060547,23.549999237060547,20
2012-12-28,23.420000076293945,23.420000076293945,23.420000076293945,23.420000076293945,23.420000076293945,575
2013-01-02,23.924999237060547,23.924999237060547,23.924999237060547,23.924999237060547,23.924999237060547,52
2013-01-03,24.219999313354492,24.219999313354492,24.219999313354492,24.219999313354492,24.219999313354492,250
2013-01-04,24.3700008392334,24.3700008392334,24.3799991607666,24.3700008392334,24.3799991607666,910
2013-01-07,24.309999465942383,24.309999465942383,24.770000457763672,24.309999465942383,24.770000457763672,13653
2013-01-08,24.260000228881836,24.260000228881836,24.260000228881836,24.260000228881836,24.260000228881836,300
2013-01-09,24.40999984741211,24.40999984741211,24.40999984741211,24.25,24.25,4200
2013-01-10,24.25,24.25,24.43000030517578,23.915000915527344,23.915000915527344,18454
2013-01-11,24.05500030517578,24.05500030517578,24.104999542236328,24.05500030517578,24.104999542236328,832
2013-01-14,24.09000015258789,24.09000015258789,24.1200008392334,24.09000015258789,24.104999542236328,1375
2013-01-15,24.014999389648438,24.014999389648438,24.014999389648438,24.014999389648438,24.014999389648438,165
2013-01-16,24.1299991607666,24.1299991607666,24.1299991607666,24.049999237060547,24.1200008392334,1551
2013-01-17,24.094999313354492,24.094999313354492,24.094999313354492,24.094999313354492,24.094999313354492,400
2013-01-18,24.239999771118164,24.239999771118164,24.25,24.21500015258789,24.21500015258789,2850
2013-01-21,24.31999969482422,24.31999969482422,24.31999969482422,24.299999237060547,24.31999969482422,1081
2013-01-22,24.149999618530273,24.149999618530273,24.149999618530273,24.149999618530273,24.149999618530273,100
2013-01-23,24.385000228881836,24.385000228881836,24.389999389648438,24.329999923706055,24.3799991607666,2855
2013-01-24,24.31999969482422,24.31999969482422,24.354999542236328,24.31999969482422,24.354999542236328,3600
2013-01-25,24.334999084472656,24.334999084472656,24.334999084472656,24.25,24.309999465942383,1915
2013-01-28,24.290000915527344,24.290000915527344,24.329999923706055,24.260000228881836,24.299999237060547,2095
2013-01-29,24.299999237060547,24.299999237060547,24.299999237060547,24.299999237060547,24.299999237060547,82
2013-01-30,24.350000381469727,24.350000381469727,24.364999771118164,24.344999313354492,24.364999771118164,1500
2013-01-31,24.299999237060547,24.299999237060547,24.299999237060547,24.135000228881836,24.15999984741211,2624
2013-02-01,24.1200008392334,24.1200008392334,24.1200008392334,24.049999237060547,24.049999237060547,1180
2013-02-04,24.1200008392334,24.1200008392334,24.209999084472656,24.1200008392334,24.209999084472656,1146
2013-02-05,24.1299991607666,24.1299991607666,24.145000457763672,24.049999237060547,24.145000457763672,50720
2013-02-06,24.229999542236328,24.229999542236328,24.2450008392334,24.229999542236328,24.2450008392334,862
2013-02-07,24.31999969482422,24.31999969482422,24.31999969482422,24.21500015258789,24.21500015258789,390
2013-02-08,24.350000381469727,24.350000381469727,24.399999618530273,24.350000381469727,24.399999618530273,250
2013-02-11,24.5,24.5,24.549999237060547,24.5,24.549999237060547,800
2013-02-12,24.450000762939453,24.450000762939453,24.450000762939453,24.420000076293945,24.420000076293945,841
2013-02-13,24.420000076293945,24.420000076293945,24.420000076293945,24.420000076293945,24.420000076293945,81
2013-02-14,24.600000381469727,24.600000381469727,24.604999542236328,24.600000381469727,24.600000381469727,900
2013-02-15,24.6299991607666,24.6299991607666,24.6299991607666,24.6299991607666,24.6299991607666,5
2013-02-18,24.559999465942383,24.559999465942383,25.049999237060547,24.559999465942383,24.6299991607666,1654
2013-02-19,24.670000076293945,24.670000076293945,24.670000076293945,24.639999389648438,24.639999389648438,908
2013-02-20,24.700000762939453,24.700000762939453,24.7450008392334,24.690000534057617,24.7450008392334,1315
2013-02-21,24.600000381469727,24.600000381469727,24.600000381469727,24.600000381469727,24.600000381469727,9
2013-02-22,24.719999313354492,24.719999313354492,24.739999771118164,24.709999084472656,24.739999771118164,515
2013-02-25,24.709999084472656,24.709999084472656,24.834999084472656,24.709999084472656,24.790000915527344,216
2013-02-26,24.69499969482422,24.69499969482422,24.69499969482422,24.69499969482422,24.69499969482422,5
2013-02-27,24.69499969482422,24.69499969482422,24.69499969482422,24.69499969482422,24.69499969482422,0
2013-02-28,24.989999771118164,24.989999771118164,24.989999771118164,24.989999771118164,24.989999771118164,40
2013-03-01,24.989999771118164,24.989999771118164,25.0,24.510000228881836,24.510000228881836,291
2013-03-04,25.059999465942383,25.059999465942383,25.059999465942383,25.059999465942383,25.059999465942383,44
2013-03-05,25.469999313354492,25.469999313354492,26.0,25.239999771118164,26.0,886
2013-03-06,25.53499984741211,25.53499984741211,25.53499984741211,25.469999313354492,25.5,2169
2013-03-07,25.450000762939453,25.450000762939453,25.4950008392334,25.450000762939453,25.4950008392334,850
2013-03-08,25.594999313354492,25.594999313354492,25.6299991607666,25.594999313354492,25.6299991607666,475
2013-03-11,25.670000076293945,25.670000076293945,26.079999923706055,25.56999969482422,25.65999984741211,1322
2013-03-12,25.68000030517578,25.68000030517578,25.719999313354492,25.68000030517578,25.719999313354492,123
2013-03-13,25.739999771118164,25.739999771118164,25.739999771118164,25.719999313354492,25.719999313354492,50200
2013-03-14,25.8700008392334,25.8700008392334,25.8700008392334,25.8700008392334,25.8700008392334,1600
2013-03-15,25.739999771118164,25.739999771118164,25.885000228881836,25.690000534057617,25.885000228881836,1981
2013-03-18,25.71500015258789,25.71500015258789,25.75,25.69499969482422,25.75,1665
2013-03-19,25.770000457763672,25.770000457763672,25.850000381469727,25.770000457763672,25.81999969482422,215
2013-03-20,25.770000457763672,25.770000457763672,25.770000457763672,25.770000457763672,25.770000457763672,0
2013-03-21,25.799999237060547,25.799999237060547,25.8799991607666,25.799999237060547,25.8799991607666,108
2013-03-22,25.760000228881836,25.760000228881836,25.760000228881836,25.71500015258789,25.739999771118164,4024
2013-03-25,25.850000381469727,25.850000381469727,25.924999237060547,25.809999465942383,25.809999465942383,1908
2013-03-26,25.920000076293945,25.920000076293945,25.920000076293945,25.90999984741211,25.920000076293945,139
2013-03-27,25.96500015258789,25.96500015258789,26.049999237060547,25.96500015258789,26.049999237060547,143
2013-03-28,26.094999313354492,26.094999313354492,26.094999313354492,26.079999923706055,26.079999923706055,1534
2013-04-02,26.139999389648438,26.139999389648438,26.139999389648438,26.049999237060547,26.110000610351562,41764
2013-04-03,26.100000381469727,26.100000381469727,26.2549991607666,26.100000381469727,26.2549991607666,2540
2013-04-04,25.96500015258789,25.96500015258789,26.094999313354492,25.96500015258789,26.065000534057617,12406
2013-04-05,25.434999465942383,25.434999465942383,25.790000915527344,25.354999542236328,25.790000915527344,2110
2013-04-08,25.5,25.5,25.579999923706055,25.5,25.579999923706055,5787
2013-04-09,25.600000381469727,25.600000381469727,25.65999984741211,25.600000381469727,25.649999618530273,3971
2013-04-10,25.75,25.75,25.760000228881836,25.729999542236328,25.760000228881836,5441
2013-04-11,25.9950008392334,25.9950008392334,26.084999084472656,25.9950008392334,26.020000457763672,546
2013-04-12,25.989999771118164,25.989999771118164,26.030000686645508,25.989999771118164,26.010000228881836,3343
2013-04-15,25.7549991607666,25.7549991607666,25.959999084472656,25.7450008392334,25.959999084472656,6352
2013-04-16,25.59000015258789,25.59000015258789,25.6299991607666,25.459999084472656,25.6299991607666,6708
2013-04-17,25.34000015258789,25.34000015258789,25.59000015258789,25.34000015258789,25.59000015258789,4220
2013-04-18,25.510000228881836,25.510000228881836,25.510000228881836,25.420000076293945,25.420000076293945,920
2013-04-19,25.405000686645508,25.405000686645508,25.405000686645508,25.405000686645508,25.405000686645508,62
2013-04-22,25.614999771118164,25.614999771118164,25.614999771118164,25.584999084472656,25.584999084472656,86
2013-04-23,25.614999771118164,25.614999771118164,25.614999771118164,25.614999771118164,25.614999771118164,0
2013-04-24,26.049999237060547,26.049999237060547,26.049999237060547,26.049999237060547,26.049999237060547,160
2013-04-25,26.125,26.125,26.125,26.125,26.125,150
2013-04-26,26.170000076293945,26.170000076293945,26.200000762939453,26.125,26.125,2110
2013-04-29,26.139999389648438,26.139999389648438,26.155000686645508,26.139999389648438,26.155000686645508,624
2013-04-30,26.135000228881836,26.135000228881836,26.135000228881836,26.135000228881836,26.135000228881836,40
2013-05-02,26.18000030517578,26.18000030517578,26.18000030517578,26.084999084472656,26.084999084472656,728
2013-05-03,26.59000015258789,26.59000015258789,26.59000015258789,26.59000015258789,26.59000015258789,80
2013-05-06,26.59000015258789,26.59000015258789,26.59000015258789,26.454999923706055,26.454999923706055,594
2013-05-07,26.649999618530273,26.649999618530273,26.69499969482422,26.649999618530273,26.65999984741211,670
2013-05-08,26.709999084472656,26.709999084472656,26.709999084472656,26.575000762939453,26.575000762939453,1579
2013-05-09,26.709999084472656,26.709999084472656,26.709999084472656,26.709999084472656,26.709999084472656,0
2013-05-10,27.040000915527344,27.040000915527344,27.040000915527344,27.0,27.0,201
2013-05-13,27.040000915527344,27.040000915527344,27.040000915527344,26.969999313354492,27.024999618530273,324
2013-05-14,27.190000534057617,27.190000534057617,27.190000534057617,26.979999542236328,26.979999542236328,2016
2013-05-15,27.420000076293945,27.420000076293945,27.420000076293945,27.360000610351562,27.360000610351562,3554
2013-05-16,27.454999923706055,27.454999923706055,27.4950008392334,27.440000534057617,27.440000534057617,265
2013-05-17,27.6200008392334,27.6200008392334,27.6200008392334,27.489999771118164,27.489999771118164,5790
2013-05-20,27.68000030517578,27.68000030517578,27.735000610351562,27.6200008392334,27.6200008392334,5908
2013-05-21,27.700000762939453,27.700000762939453,27.700000762939453,27.649999618530273,27.690000534057617,5708
2013-05-22,27.704999923706055,27.704999923706055,27.704999923706055,27.649999618530273,27.649999618530273,880
2013-05-23,27.0049991607666,27.0049991607666,27.5,27.0049991607666,27.5,3586
2013-05-24,26.864999771118164,26.864999771118164,27.110000610351562,26.864999771118164,27.110000610351562,1070
2013-05-27,27.010000228881836,27.010000228881836,27.010000228881836,27.0,27.0,5462
2013-05-28,27.325000762939453,27.325000762939453,27.510000228881836,27.25,27.25,924
2013-05-29,27.059999465942383,27.059999465942383,27.325000762939453,27.059999465942383,27.325000762939453,585
2013-05-30,26.844999313354492,26.844999313354492,27.040000915527344,26.825000762939453,26.8700008392334,1527
2013-05-31,26.704999923706055,26.704999923706055,26.899999618530273,26.65999984741211,26.899999618530273,785
2013-06-03,26.549999237060547,26.549999237060547,26.549999237060547,26.5,26.5,212
2013-06-04,26.614999771118164,26.614999771118164,26.614999771118164,26.610000610351562,26.610000610351562,540
2013-06-05,26.614999771118164,26.614999771118164,26.614999771118164,26.614999771118164,26.614999771118164,0
2013-06-06,26.05500030517578,26.05500030517578,26.05500030517578,25.96500015258789,25.969999313354492,1603
2013-06-07,26.149999618530273,26.149999618530273,26.149999618530273,25.799999237060547,25.854999542236328,113
2013-06-10,26.31999969482422,26.31999969482422,26.31999969482422,26.299999237060547,26.299999237060547,4200
2013-06-11,25.770000457763672,25.770000457763672,26.045000076293945,25.770000457763672,26.0,22210
2013-06-12,25.885000228881836,25.885000228881836,26.094999313354492,25.885000228881836,26.094999313354492,337
2013-06-13,25.510000228881836,25.510000228881836,25.510000228881836,25.5,25.5,121
2013-06-14,25.864999771118164,25.864999771118164,25.985000610351562,25.864999771118164,25.950000762939453,95513
2013-06-17,26.1200008392334,26.1200008392334,26.1200008392334,26.059999465942383,26.059999465942383,89861
2013-06-18,26.010000228881836,26.010000228881836,26.010000228881836,25.979999542236328,25.989999771118164,232
2013-06-19,26.049999237060547,26.049999237060547,26.170000076293945,26.049999237060547,26.170000076293945,7900
2013-06-20,25.690000534057617,25.690000534057617,25.690000534057617,25.690000534057617,25.690000534057617,50
2013-06-21,25.420000076293945,25.420000076293945,25.579999923706055,25.399999618530273,25.520000457763672,71318
2013-06-24,25.0,25.0,25.110000610351562,25.0,25.110000610351562,480
2013-06-25,25.290000915527344,25.290000915527344,25.290000915527344,25.219999313354492,25.219999313354492,52042
2013-06-26,25.665000915527344,25.665000915527344,25.665000915527344,25.65999984741211,25.65999984741211,275
2013-06-27,25.8700008392334,25.8700008392334,25.8700008392334,25.854999542236328,25.854999542236328,4396
2013-06-28,25.899999618530273,25.899999618530273,26.104999542236328,25.899999618530273,26.104999542236328,880
2013-07-01,26.155000686645508,26.155000686645508,26.155000686645508,25.94499969482422,25.94499969482422,933
2013-07-02,26.15999984741211,26.15999984741211,26.21500015258789,26.09000015258789,26.155000686645508,1788
2013-07-03,25.989999771118164,25.989999771118164,26.0,25.950000762939453,25.979999542236328,5000
2013-07-04,26.559999465942383,26.559999465942383,26.559999465942383,26.190000534057617,26.209999084472656,3764
2013-07-05,26.575000762939453,26.575000762939453,26.575000762939453,26.575000762939453,26.575000762939453,200
2013-07-08,26.71500015258789,26.71500015258789,26.729999542236328,26.645000457763672,26.645000457763672,832
2013-07-09,26.844999313354492,26.844999313354492,26.8700008392334,26.809999465942383,26.8700008392334,100538
2013-07-10,26.950000762939453,26.950000762939453,27.0,26.94499969482422,26.950000762939453,5350
2013-07-11,26.885000228881836,26.885000228881836,26.979999542236328,26.885000228881836,26.969999313354492,4395
2013-07-12,27.010000228881836,27.010000228881836,27.040000915527344,27.0,27.040000915527344,1488
2013-07-15,27.125,27.125,27.125,27.03499984741211,27.03499984741211,464
2013-07-16,26.850000381469727,26.850000381469727,27.03499984741211,26.850000381469727,27.03499984741211,360
2013-07-17,26.989999771118164,26.989999771118164,26.9950008392334,26.860000610351562,26.860000610351562,2314
2013-07-18,27.204999923706055,27.204999923706055,27.21500015258789,26.959999084472656,26.959999084472656,52983
2013-07-19,27.045000076293945,27.045000076293945,27.06999969482422,27.040000915527344,27.065000534057617,4505
2013-07-22,27.149999618530273,27.149999618530273,27.149999618530273,27.149999618530273,27.149999618530273,7
2013-07-23,27.209999084472656,27.209999084472656,27.235000610351562,27.184999465942383,27.184999465942383,1754
2013-07-24,27.170000076293945,27.170000076293945,27.170000076293945,27.059999465942383,27.059999465942383,319
2013-07-25,26.825000762939453,26.825000762939453,26.989999771118164,26.825000762939453,26.950000762939453,19
2013-07-26,26.825000762939453,26.825000762939453,26.825000762939453,26.825000762939453,26.825000762939453,0
2013-07-29,26.81999969482422,26.81999969482422,26.81999969482422,26.81999969482422,26.81999969482422,150
2013-07-30,26.774999618530273,26.774999618530273,26.774999618530273,26.774999618530273,26.774999618530273,185
2013-07-31,26.774999618530273,26.774999618530273,26.774999618530273,26.774999618530273,26.774999618530273,0
2013-08-01,27.045000076293945,27.045000076293945,27.045000076293945,26.989999771118164,27.0,324
2013-08-02,27.040000915527344,27.040000915527344,27.200000762939453,27.040000915527344,27.18000030517578,608
2013-08-05,27.209999084472656,27.209999084472656,27.209999084472656,27.145000457763672,27.184999465942383,1396
2013-08-06,26.93000030517578,26.93000030517578,27.204999923706055,26.93000030517578,27.204999923706055,1439
2013-08-07,26.78499984741211,26.78499984741211,26.899999618530273,26.78499984741211,26.815000534057617,591
2013-08-08,26.78499984741211,26.78499984741211,26.78499984741211,26.78499984741211,26.78499984741211,0
2013-08-09,26.8700008392334,26.8700008392334,26.875,26.864999771118164,26.864999771118164,1750
2013-08-12,27.0,27.0,27.0,26.899999618530273,26.899999618530273,2896
2013-08-13,27.139999389648438,27.139999389648438,27.149999618530273,26.9950008392334,26.9950008392334,922
2013-08-14,27.165000915527344,27.165000915527344,27.165000915527344,27.104999542236328,27.104999542236328,559
2013-08-16,26.735000610351562,26.735000610351562,26.735000610351562,26.670000076293945,26.725000381469727,985
2013-08-19,26.68000030517578,26.68000030517578,26.68000030517578,26.68000030517578,26.68000030517578,150
2013-08-20,26.21500015258789,26.21500015258789,26.420000076293945,26.190000534057617,26.420000076293945,52146
2013-08-21,26.34000015258789,26.34000015258789,26.34000015258789,26.295000076293945,26.325000762939453,1865
2013-08-22,26.295000076293945,26.295000076293945,26.295000076293945,26.295000076293945,26.295000076293945,200
2013-08-23,26.469999313354492,26.469999313354492,26.469999313354492,26.469999313354492,26.469999313354492,189
2013-08-26,26.565000534057617,26.565000534057617,26.565000534057617,26.489999771118164,26.565000534057617,1244
2013-08-27,26.209999084472656,26.209999084472656,26.375,26.209999084472656,26.375,30052
2013-08-28,26.209999084472656,26.209999084472656,26.209999084472656,26.209999084472656,26.209999084472656,75
2013-08-29,26.31999969482422,26.31999969482422,26.31999969482422,26.315000534057617,26.315000534057617,9498
2013-08-30,26.399999618530273,26.399999618530273,26.399999618530273,26.399999618530273,26.399999618530273,340
2013-09-02,26.625,26.625,26.625,26.625,26.625,40
2013-09-03,26.639999389648438,26.639999389648438,26.69499969482422,26.639999389648438,26.69499969482422,515
2013-09-04,26.639999389648438,26.639999389648438,26.639999389648438,26.639999389648438,26.639999389648438,0
2013-09-05,26.915000915527344,26.915000915527344,26.915000915527344,26.7549991607666,26.864999771118164,2970
2013-09-06,26.915000915527344,26.915000915527344,26.915000915527344,26.915000915527344,26.915000915527344,0
2013-09-09,26.924999237060547,26.924999237060547,27.020000457763672,26.924999237060547,26.989999771118164,3900
2013-09-10,27.170000076293945,27.170000076293945,27.170000076293945,27.170000076293945,27.170000076293945,201
2013-09-11,27.125,27.125,27.219999313354492,27.125,27.184999465942383,2039
2013-09-12,27.209999084472656,27.209999084472656,27.219999313354492,27.209999084472656,27.219999313354492,4366
2013-09-13,27.290000915527344,27.290000915527344,27.290000915527344,27.190000534057617,27.219999313354492,36777
2013-09-16,27.420000076293945,27.420000076293945,27.489999771118164,27.399999618530273,27.475000381469727,1766
2013-09-17,27.270000457763672,27.270000457763672,27.28499984741211,27.270000457763672,27.28499984741211,1325
2013-09-18,27.364999771118164,27.364999771118164,27.489999771118164,27.364999771118164,27.489999771118164,170
2013-09-19,27.459999084472656,27.459999084472656,27.610000610351562,27.459999084472656,27.575000762939453,735
2013-09-20,27.514999389648438,27.514999389648438,27.514999389648438,27.4950008392334,27.4950008392334,1200
2013-09-23,27.225000381469727,27.225000381469727,27.399999618530273,27.225000381469727,27.399999618530273,26972
2013-09-24,27.329999923706055,27.329999923706055,27.329999923706055,27.190000534057617,27.239999771118164,4814
2013-09-25,27.235000610351562,27.235000610351562,27.235000610351562,27.190000534057617,27.200000762939453,4718
2013-09-26,27.239999771118164,27.239999771118164,27.2450008392334,27.18000030517578,27.2450008392334,736
2013-09-27,27.239999771118164,27.239999771118164,27.239999771118164,27.239999771118164,27.239999771118164,0
2013-09-30,26.795000076293945,26.795000076293945,27.200000762939453,26.795000076293945,27.200000762939453,2069
2013-10-01,27.145000457763672,27.145000457763672,27.145000457763672,26.93000030517578,26.93000030517578,2359
2013-10-02,26.844999313354492,26.844999313354492,27.03499984741211,26.844999313354492,27.014999389648438,1267
2013-10-03,26.7549991607666,26.7549991607666,26.90999984741211,26.7549991607666,26.90999984741211,3148
2013-10-04,26.844999313354492,26.844999313354492,26.924999237060547,26.774999618530273,26.774999618530273,677
2013-10-07,26.80500030517578,26.80500030517578,26.885000228881836,26.704999923706055,26.704999923706055,59
2013-10-08,26.799999237060547,26.799999237060547,26.809999465942383,26.655000686645508,26.809999465942383,4319
2013-10-09,26.704999923706055,26.704999923706055,26.704999923706055,26.604999542236328,26.69499969482422,1430
2013-10-10,27.049999237060547,27.049999237060547,27.049999237060547,26.729999542236328,26.729999542236328,8839
2013-10-11,27.045000076293945,27.045000076293945,27.045000076293945,27.045000076293945,27.045000076293945,4955
2013-10-14,27.100000381469727,27.100000381469727,27.100000381469727,27.040000915527344,27.084999084472656,3817
2013-10-15,27.479999542236328,27.479999542236328,27.479999542236328,27.334999084472656,27.334999084472656,9612
2013-10-16,27.56999969482422,27.56999969482422,27.56999969482422,27.25,27.260000228881836,4260
2013-10-17,27.219999313354492,27.219999313354492,27.600000381469727,27.219999313354492,27.600000381469727,3693
2013-10-18,27.514999389648438,27.514999389648438,27.524999618530273,27.40999984741211,27.40999984741211,980
2013-10-21,27.670000076293945,27.670000076293945,27.670000076293945,27.559999465942383,27.670000076293945,3198
2013-10-22,28.020000457763672,28.020000457763672,28.020000457763672,27.56999969482422,27.575000762939453,3880
2013-10-23,27.395000457763672,27.395000457763672,27.55500030517578,27.3799991607666,27.55500030517578,79718
2013-10-24,27.549999237060547,27.549999237060547,27.575000762939453,27.459999084472656,27.459999084472656,459
2013-10-25,27.559999465942383,27.559999465942383,27.559999465942383,27.360000610351562,27.360000610351562,629
2013-10-28,27.809999465942383,27.809999465942383,28.020000457763672,27.614999771118164,28.020000457763672,1466
2013-10-29,27.690000534057617,27.690000534057617,27.729999542236328,27.565000534057617,27.670000076293945,40575
2013-10-30,27.729999542236328,27.729999542236328,27.895000457763672,27.719999313354492,27.895000457763672,3587
2013-10-31,27.989999771118164,27.989999771118164,27.989999771118164,27.809999465942383,27.809999465942383,1742
2013-11-01,27.969999313354492,27.969999313354492,27.969999313354492,27.96500015258789,27.96500015258789,244
2013-11-04,27.9950008392334,27.9950008392334,28.145000457763672,27.989999771118164,28.059999465942383,34707
2013-11-05,27.979999542236328,27.979999542236328,27.9950008392334,27.979999542236328,27.9950008392334,503
2013-11-06,28.06999969482422,28.06999969482422,28.170000076293945,28.030000686645508,28.030000686645508,12214
2013-11-07,28.274999618530273,28.274999618530273,28.479999542236328,28.1200008392334,28.1200008392334,1235
2013-11-08,28.225000381469727,28.225000381469727,28.28499984741211,28.014999389648438,28.049999237060547,1279
2013-11-11,28.315000534057617,28.315000534057617,28.315000534057617,28.315000534057617,28.315000534057617,36
2013-11-12,28.100000381469727,28.100000381469727,28.2549991607666,27.395000457763672,27.399999618530273,5402
2013-11-13,28.09000015258789,28.09000015258789,28.174999237060547,27.985000610351562,28.174999237060547,286
2013-11-14,28.28499984741211,28.28499984741211,28.395000457763672,28.200000762939453,28.200000762939453,51655
2013-11-15,28.829999923706055,28.829999923706055,28.829999923706055,28.520000457763672,28.520000457763672,47
2013-11-18,28.559999465942383,28.559999465942383,28.559999465942383,28.454999923706055,28.545000076293945,399
2013-11-19,28.40999984741211,28.40999984741211,28.739999771118164,28.31999969482422,28.329999923706055,2989
2013-11-20,28.469999313354492,28.469999313354492,28.469999313354492,27.94499969482422,28.34000015258789,4891
2013-11-21,28.469999313354492,28.469999313354492,28.469999313354492,28.399999618530273,28.399999618530273,552
2013-11-22,28.399999618530273,28.399999618530273,28.399999618530273,28.325000762939453,28.325000762939453,7126
2013-11-25,28.549999237060547,28.549999237060547,28.56999969482422,28.514999389648438,28.56999969482422,299
2013-11-26,28.389999389648438,28.389999389648438,28.415000915527344,28.334999084472656,28.389999389648438,1630
2013-11-27,28.405000686645508,28.405000686645508,28.40999984741211,28.334999084472656,28.334999084472656,1501
2013-11-28,28.424999237060547,28.424999237060547,28.44499969482422,28.3700008392334,28.40999984741211,1732
2013-11-29,28.489999771118164,28.489999771118164,28.489999771118164,28.295000076293945,28.295000076293945,4977
2013-12-02,28.479999542236328,28.479999542236328,28.479999542236328,28.385000228881836,28.424999237060547,707
2013-12-03,28.125,28.125,28.30500030517578,28.125,28.30500030517578,3949
2013-12-04,28.094999313354492,28.094999313354492,28.1299991607666,28.059999465942383,28.079999923706055,1132
2013-12-05,27.790000915527344,27.790000915527344,27.989999771118164,27.735000610351562,27.989999771118164,2577
2013-12-06,27.940000534057617,27.940000534057617,27.940000534057617,27.844999313354492,27.860000610351562,1284
2013-12-09,28.114999771118164,28.114999771118164,28.114999771118164,27.905000686645508,27.940000534057617,1388
2013-12-10,27.920000076293945,27.920000076293945,27.940000534057617,27.860000610351562,27.940000534057617,3495
2013-12-11,27.6299991607666,27.6299991607666,27.799999237060547,27.6299991607666,27.799999237060547,655
2013-12-12,27.469999313354492,27.469999313354492,27.5049991607666,27.469999313354492,27.5049991607666,494
2013-12-13,27.56999969482422,27.56999969482422,27.56999969482422,27.46500015258789,27.46500015258789,324
2013-12-16,27.549999237060547,27.549999237060547,27.549999237060547,27.329999923706055,27.344999313354492,4276
2013-12-17,27.440000534057617,27.440000534057617,27.600000381469727,27.1200008392334,27.53499984741211,30903
2013-12-18,27.719999313354492,27.719999313354492,27.719999313354492,27.600000381469727,27.600000381469727,340
2013-12-19,28.200000762939453,28.200000762939453,28.40999984741211,27.71500015258789,27.71500015258789,32538
2013-12-20,28.309999465942383,28.309999465942383,28.309999465942383,28.145000457763672,28.200000762939453,2473
2013-12-23,28.350000381469727,28.350000381469727,28.43000030517578,28.270000457763672,28.43000030517578,32324
2013-12-27,28.43000030517578,28.43000030517578,28.5,28.43000030517578,28.5,672
2013-12-30,28.5,28.5,28.600000381469727,28.5,28.600000381469727,4473
2014-01-02,28.600000381469727,28.600000381469727,28.725000381469727,28.559999465942383,28.684999465942383,2095
2014-01-03,28.65999984741211,28.65999984741211,28.729999542236328,28.6200008392334,28.729999542236328,981
2014-01-06,28.700000762939453,28.700000762939453,28.700000762939453,28.700000762939453,28.700000762939453,14
2014-01-07,28.770000457763672,28.770000457763672,28.770000457763672,28.770000457763672,28.770000457763672,30
2014-01-08,28.80500030517578,28.80500030517578,28.80500030517578,28.700000762939453,28.760000228881836,1265
2014-01-09,28.69499969482422,28.69499969482422,28.889999389648438,28.69499969482422,28.799999237060547,4890
2014-01-10,28.799999237060547,28.799999237060547,28.84000015258789,28.799999237060547,28.84000015258789,102
2014-01-13,28.725000381469727,28.725000381469727,28.799999237060547,28.645000457763672,28.7549991607666,81371
2014-01-14,28.690000534057617,28.690000534057617,28.690000534057617,28.43000030517578,28.450000762939453,5982
2014-01-15,29.18000030517578,29.18000030517578,29.18000030517578,28.78499984741211,28.78499984741211,2587
2014-01-16,28.90999984741211,28.90999984741211,28.93000030517578,28.899999618530273,28.93000030517578,919
2014-01-17,29.040000915527344,29.040000915527344,29.040000915527344,28.969999313354492,28.969999313354492,3519
2014-01-20,29.010000228881836,29.010000228881836,29.049999237060547,28.700000762939453,28.700000762939453,5417
2014-01-21,28.989999771118164,28.989999771118164,29.219999313354492,28.985000610351562,29.139999389648438,2987
2014-01-22,29.010000228881836,29.010000228881836,29.139999389648438,29.010000228881836,29.139999389648438,2578
2014-01-23,28.600000381469727,28.600000381469727,29.0,28.600000381469727,28.899999618530273,5161
2014-01-24,28.375,28.375,28.6299991607666,28.21500015258789,28.5,2278
2014-01-27,27.825000762939453,27.825000762939453,27.975000381469727,27.825000762939453,27.90999984741211,541
2014-01-28,27.975000381469727,27.975000381469727,28.010000228881836,27.864999771118164,27.969999313354492,4671
2014-01-29,27.895000457763672,27.895000457763672,28.135000228881836,27.8700008392334,28.1299991607666,22422
2014-01-30,28.184999465942383,28.184999465942383,28.184999465942383,27.834999084472656,27.834999084472656,1485
2014-01-31,28.059999465942383,28.059999465942383,28.06999969482422,27.885000228881836,28.06999969482422,1135
2014-02-03,27.645000457763672,27.645000457763672,28.075000762939453,27.645000457763672,27.950000762939453,1353
2014-02-04,27.559999465942383,27.559999465942383,27.559999465942383,27.424999237060547,27.5049991607666,71730
2014-02-05,27.4950008392334,27.4950008392334,27.614999771118164,27.4950008392334,27.614999771118164,730
2014-02-06,27.94499969482422,27.94499969482422,28.100000381469727,27.575000762939453,27.575000762939453,880
2014-02-07,28.03499984741211,28.03499984741211,28.03499984741211,27.78499984741211,27.934999465942383,5041
2014-02-10,28.084999084472656,28.084999084472656,28.5,28.06999969482422,28.5,2176
2014-02-11,28.280000686645508,28.280000686645508,28.31999969482422,28.190000534057617,28.19499969482422,2867
2014-02-12,28.56999969482422,28.56999969482422,28.575000762939453,28.479999542236328,28.565000534057617,1392
2014-02-13,28.520000457763672,28.520000457763672,28.520000457763672,28.225000381469727,28.385000228881836,63384
2014-02-14,28.764999389648438,28.764999389648438,28.790000915527344,28.5,28.790000915527344,963
2014-02-17,28.719999313354492,28.719999313354492,28.75,28.700000762939453,28.709999084472656,305
2014-02-18,28.704999923706055,28.704999923706055,28.71500015258789,28.565000534057617,28.709999084472656,2670
2014-02-19,28.729999542236328,28.729999542236328,28.729999542236328,28.559999465942383,28.655000686645508,113802
2014-02-20,28.670000076293945,28.670000076293945,28.670000076293945,28.475000381469727,28.475000381469727,82487
2014-02-21,28.760000228881836,28.760000228881836,28.799999237060547,28.760000228881836,28.774999618530273,719
2014-02-24,28.8799991607666,28.8799991607666,28.8799991607666,28.670000076293945,28.7549991607666,444
2014-02-25,28.899999618530273,28.899999618530273,28.899999618530273,28.739999771118164,28.809999465942383,2156
2014-02-26,28.950000762939453,28.950000762939453,28.950000762939453,28.905000686645508,28.905000686645508,40
2014-02-27,28.899999618530273,28.899999618530273,28.899999618530273,28.8700008392334,28.885000228881836,6306
2014-02-28,28.760000228881836,28.760000228881836,28.934999465942383,28.760000228881836,28.899999618530273,3950
2014-03-03,28.514999389648438,28.514999389648438,29.0,28.5,29.0,81517
2014-03-04,29.06999969482422,29.06999969482422,29.06999969482422,28.809999465942383,28.81999969482422,3491
2014-03-05,29.075000762939453,29.075000762939453,29.075000762939453,29.024999618530273,29.024999618530273,1616
2014-03-06,28.989999771118164,28.989999771118164,29.18000030517578,28.989999771118164,29.18000030517578,2589
2014-03-07,28.829999923706055,28.829999923706055,29.0,28.770000457763672,29.0,748
2014-03-10,28.704999923706055,28.704999923706055,28.834999084472656,28.704999923706055,28.825000762939453,2099
2014-03-11,28.709999084472656,28.709999084472656,29.0,28.709999084472656,29.0,5389
2014-03-12,28.5049991607666,28.5049991607666,28.604999542236328,28.399999618530273,28.604999542236328,1668
2014-03-13,28.299999237060547,28.299999237060547,28.719999313354492,28.299999237060547,28.4950008392334,704
2014-03-14,28.155000686645508,28.155000686645508,28.219999313354492,28.1299991607666,28.219999313354492,202
2014-03-17,28.264999389648438,28.264999389648438,28.28499984741211,28.204999923706055,28.2549991607666,482
2014-03-18,28.479999542236328,28.479999542236328,28.479999542236328,28.225000381469727,28.225000381469727,340
2014-03-19,28.469999313354492,28.469999313354492,28.4950008392334,28.459999084472656,28.4950008392334,62655
2014-03-20,28.59000015258789,28.59000015258789,28.59000015258789,28.354999542236328,28.354999542236328,20988
2014-03-21,28.729999542236328,28.729999542236328,28.729999542236328,28.639999389648438,28.700000762939453,3134
2014-03-24,28.3799991607666,28.3799991607666,28.575000762939453,28.354999542236328,28.575000762939453,690
2014-03-25,28.530000686645508,28.530000686645508,29.0,28.459999084472656,29.0,1757
2014-03-26,28.71500015258789,28.71500015258789,28.80500030517578,28.690000534057617,28.690000534057617,428
2014-03-27,28.65999984741211,28.65999984741211,28.65999984741211,28.625,28.625,115
2014-03-28,28.8799991607666,28.8799991607666,28.8799991607666,28.795000076293945,28.795000076293945,2025
2014-03-31,28.895000457763672,28.895000457763672,28.924999237060547,28.8700008392334,28.920000076293945,3409
2014-04-01,29.020000457763672,29.020000457763672,29.075000762939453,28.975000381469727,28.9950008392334,6828
2014-04-02,29.209999084472656,29.209999084472656,29.209999084472656,29.114999771118164,29.139999389648438,4807
2014-04-03,29.28499984741211,29.28499984741211,29.344999313354492,29.209999084472656,29.28499984741211,2786
2014-04-04,29.350000381469727,29.350000381469727,29.420000076293945,29.344999313354492,29.375,4298
2014-04-07,28.915000915527344,28.915000915527344,29.049999237060547,28.915000915527344,29.049999237060547,3564
2014-04-08,28.709999084472656,28.709999084472656,28.850000381469727,28.559999465942383,28.850000381469727,3436
2014-04-09,28.774999618530273,28.774999618530273,28.80500030517578,28.774999618530273,28.799999237060547,170
2014-04-10,28.639999389648438,28.639999389648438,28.924999237060547,28.639999389648438,28.924999237060547,18
2014-04-11,28.149999618530273,28.149999618530273,28.59000015258789,28.149999618530273,28.399999618530273,1673
2014-04-14,28.420000076293945,28.420000076293945,28.420000076293945,28.190000534057617,28.219999313354492,16580
2014-04-15,28.309999465942383,28.309999465942383,28.549999237060547,28.309999465942383,28.415000915527344,494
2014-04-16,28.635000228881836,28.635000228881836,28.635000228881836,28.610000610351562,28.610000610351562,220
2014-04-17,28.610000610351562,28.610000610351562,28.645000457763672,28.610000610351562,28.645000457763672,378
2014-04-22,29.1299991607666,29.1299991607666,29.1299991607666,28.96500015258789,28.96500015258789,66
2014-04-23,29.0,29.0,29.065000534057617,28.979999542236328,29.065000534057617,731
2014-04-24,29.059999465942383,29.059999465942383,29.139999389648438,29.020000457763672,29.139999389648438,5086
2014-04-25,28.790000915527344,28.790000915527344,28.94499969482422,28.790000915527344,28.94499969482422,480
2014-04-28,28.84000015258789,28.84000015258789,28.895000457763672,28.84000015258789,28.885000228881836,4336
2014-04-29,29.079999923706055,29.079999923706055,29.079999923706055,29.049999237060547,29.06999969482422,38912
2014-04-30,29.010000228881836,29.010000228881836,29.06999969482422,28.96500015258789,29.06999969482422,761
2014-05-02,29.110000610351562,29.110000610351562,29.25,29.100000381469727,29.190000534057617,1390
2014-05-05,29.049999237060547,29.049999237060547,29.079999923706055,28.905000686645508,29.0,1315
2014-05-06,28.940000534057617,28.940000534057617,29.020000457763672,28.899999618530273,29.0049991607666,3317
2014-05-07,28.829999923706055,28.829999923706055,28.8799991607666,28.829999923706055,28.8799991607666,241
2014-05-08,29.170000076293945,29.170000076293945,29.170000076293945,28.825000762939453,28.825000762939453,654
2014-05-09,29.125,29.125,29.125,29.110000610351562,29.110000610351562,27
2014-05-12,29.420000076293945,29.420000076293945,29.420000076293945,29.274999618530273,29.274999618530273,220
2014-05-13,29.670000076293945,29.670000076293945,29.670000076293945,29.53499984741211,29.53499984741211,329
2014-05-14,29.6200008392334,29.6200008392334,29.6200008392334,29.6200008392334,29.6200008392334,2350
2014-05-15,29.239999771118164,29.239999771118164,29.674999237060547,29.239999771118164,29.65999984741211,1461
2014-05-16,29.299999237060547,29.299999237060547,29.299999237060547,29.270000457763672,29.270000457763672,685
2014-05-19,29.440000534057617,29.440000534057617,29.440000534057617,29.229999542236328,29.2549991607666,1172
2014-05-20,29.424999237060547,29.424999237060547,29.454999923706055,29.350000381469727,29.440000534057617,8994
2014-05-21,29.559999465942383,29.559999465942383,29.559999465942383,29.235000610351562,29.235000610351562,1697
2014-05-22,29.700000762939453,29.700000762939453,29.700000762939453,29.56999969482422,29.575000762939453,4945
2014-05-23,29.729999542236328,29.729999542236328,29.799999237060547,29.729999542236328,29.7450008392334,4307
2014-05-26,29.920000076293945,29.920000076293945,29.920000076293945,29.920000076293945,29.920000076293945,70
2014-05-27,29.985000610351562,29.985000610351562,29.989999771118164,29.969999313354492,29.969999313354492,568
2014-05-28,30.15999984741211,30.15999984741211,30.15999984741211,30.0,30.09000015258789,1561
2014-05-29,30.104999542236328,30.104999542236328,30.104999542236328,30.079999923706055,30.09000015258789,593
2014-05-30,30.135000228881836,30.135000228881836,30.165000915527344,30.114999771118164,30.155000686645508,2317
2014-06-02,30.100000381469727,30.100000381469727,30.28499984741211,30.100000381469727,30.15999984741211,1877
2014-06-03,30.170000076293945,30.170000076293945,30.219999313354492,30.100000381469727,30.209999084472656,368
2014-06-04,30.1200008392334,30.1200008392334,30.149999618530273,30.104999542236328,30.104999542236328,2759
2014-06-05,30.25,30.25,30.25,30.25,30.25,2
2014-06-06,30.5,30.5,30.5,30.364999771118164,30.364999771118164,610
2014-06-09,30.674999237060547,30.674999237060547,30.674999237060547,30.399999618530273,30.399999618530273,103026
2014-06-10,30.690000534057617,30.690000534057617,30.690000534057617,30.594999313354492,30.594999313354492,6710
2014-06-11,30.649999618530273,30.649999618530273,30.7450008392334,30.594999313354492,30.709999084472656,1818
2014-06-12,30.6299991607666,30.6299991607666,30.770000457763672,30.610000610351562,30.610000610351562,4403
2014-06-13,30.604999542236328,30.604999542236328,30.604999542236328,30.434999465942383,30.565000534057617,945
2014-06-16,30.489999771118164,30.489999771118164,30.59000015258789,30.489999771118164,30.575000762939453,57061
2014-06-17,30.594999313354492,30.594999313354492,30.600000381469727,30.5,30.584999084472656,6870
2014-06-18,30.549999237060547,30.549999237060547,30.670000076293945,30.549999237060547,30.655000686645508,7400
2014-06-19,30.739999771118164,30.739999771118164,30.80500030517578,30.739999771118164,30.7450008392334,55661
2014-06-20,30.90999984741211,30.90999984741211,30.934999465942383,30.709999084472656,30.709999084472656,1234
2014-06-23,30.799999237060547,30.799999237060547,30.844999313354492,30.790000915527344,30.84000015258789,7344
2014-06-24,30.725000381469727,30.725000381469727,30.80500030517578,30.68000030517578,30.80500030517578,1489
2014-06-25,30.594999313354492,30.594999313354492,30.600000381469727,30.479999542236328,30.600000381469727,37197
2014-06-26,30.5049991607666,30.5049991607666,30.860000610351562,30.5,30.860000610351562,8102
2014-06-27,30.575000762939453,30.575000762939453,30.59000015258789,30.549999237060547,30.579999923706055,9650
2014-06-30,30.55500030517578,30.55500030517578,30.625,30.545000076293945,30.545000076293945,2596
2014-07-01,30.795000076293945,30.795000076293945,30.795000076293945,30.6299991607666,30.6299991607666,5431
2014-07-02,30.8700008392334,30.8700008392334,30.920000076293945,30.850000381469727,30.8700008392334,98998
2014-07-03,31.100000381469727,31.100000381469727,31.104999542236328,30.860000610351562,30.8700008392334,33261
2014-07-04,31.1299991607666,31.1299991607666,31.149999618530273,31.100000381469727,31.100000381469727,6770
2014-07-07,30.975000381469727,30.975000381469727,31.5,30.975000381469727,31.5,16626
2014-07-08,30.670000076293945,30.670000076293945,30.950000762939453,30.670000076293945,30.940000534057617,800
2014-07-09,30.725000381469727,30.725000381469727,30.725000381469727,30.684999465942383,30.71500015258789,2346
2014-07-10,30.594999313354492,30.594999313354492,30.649999618530273,30.424999237060547,30.645000457763672,72612
2014-07-11,30.600000381469727,30.600000381469727,30.68000030517578,30.524999618530273,30.65999984741211,2904
2014-07-14,30.834999084472656,30.834999084472656,30.844999313354492,30.735000610351562,30.739999771118164,115210
2014-07-15,30.850000381469727,30.850000381469727,30.889999389648438,30.790000915527344,30.829999923706055,3334
2014-07-16,31.049999237060547,31.049999237060547,31.299999237060547,30.895000457763672,31.299999237060547,23599
2014-07-17,30.959999084472656,30.959999084472656,31.075000762939453,30.940000534057617,31.014999389648438,7354
2014-07-18,30.790000915527344,30.790000915527344,30.850000381469727,30.75,30.75,1680
2014-07-21,30.854999542236328,30.854999542236328,31.0,30.854999542236328,31.0,2229
2014-07-22,31.100000381469727,31.100000381469727,31.100000381469727,30.979999542236328,30.985000610351562,4329
2014-07-23,31.299999237060547,31.299999237060547,31.309999465942383,31.19499969482422,31.19499969482422,7703
2014-07-24,31.360000610351562,31.360000610351562,31.364999771118164,31.299999237060547,31.299999237060547,95660
2014-07-25,31.2450008392334,31.2450008392334,31.364999771118164,31.2450008392334,31.299999237060547,4713
2014-07-28,31.184999465942383,31.184999465942383,31.264999389648438,31.18000030517578,31.2549991607666,11796
2014-07-29,31.2549991607666,31.2549991607666,31.375,31.174999237060547,31.235000610351562,55841
2014-07-30,31.28499984741211,31.28499984741211,31.360000610351562,31.2549991607666,31.2549991607666,133245
2014-07-31,30.860000610351562,30.860000610351562,31.225000381469727,30.844999313354492,31.219999313354492,82466
2014-08-01,30.454999923706055,30.454999923706055,30.704999923706055,30.385000228881836,30.704999923706055,7622
2014-08-04,30.4950008392334,30.4950008392334,31.010000228881836,30.46500015258789,31.010000228881836,4647
2014-08-05,30.635000228881836,30.635000228881836,30.645000457763672,30.540000915527344,30.645000457763672,1551
2014-08-06,30.4950008392334,30.4950008392334,30.649999618530273,30.28499984741211,30.649999618530273,124992
2014-08-07,30.3799991607666,30.3799991607666,30.5,30.3799991607666,30.395000457763672,22259
2014-08-08,30.139999389648438,30.139999389648438,30.184999465942383,29.93000030517578,30.0,6546
2014-08-11,30.645000457763672,30.645000457763672,30.645000457763672,30.43000030517578,30.43000030517578,19084
2014-08-12,30.53499984741211,30.53499984741211,30.719999313354492,30.53499984741211,30.600000381469727,19176
2014-08-13,30.735000610351562,30.735000610351562,30.739999771118164,30.670000076293945,30.729999542236328,6820
2014-08-14,30.690000534057617,30.690000534057617,30.975000381469727,30.690000534057617,30.975000381469727,22191
2014-08-18,31.079999923706055,31.079999923706055,31.079999923706055,30.924999237060547,30.924999237060547,4172
2014-08-19,31.299999237060547,31.299999237060547,31.299999237060547,31.184999465942383,31.200000762939453,1110
2014-08-20,31.385000228881836,31.385000228881836,31.389999389648438,31.290000915527344,31.299999237060547,769
2014-08-21,31.549999237060547,31.549999237060547,31.549999237060547,31.4950008392334,31.5,747
2014-08-22,31.545000076293945,31.545000076293945,31.700000762939453,31.459999084472656,31.700000762939453,17501
2014-08-25,31.8700008392334,31.8700008392334,31.8700008392334,31.7549991607666,31.7549991607666,83076
2014-08-26,31.920000076293945,31.920000076293945,31.920000076293945,31.725000381469727,31.729999542236328,13679
2014-08-27,31.93000030517578,31.93000030517578,31.950000762939453,31.8700008392334,31.924999237060547,11284
2014-08-28,31.825000762939453,31.825000762939453,31.825000762939453,31.764999389648438,31.80500030517578,52373
2014-08-29,31.920000076293945,31.920000076293945,31.950000762939453,31.875,31.950000762939453,1798
2014-09-01,32.005001068115234,32.005001068115234,32.04999923706055,31.59000015258789,31.59000015258789,1876
2014-09-02,32.04999923706055,32.04999923706055,32.18000030517578,32.040000915527344,32.18000030517578,43362
2014-09-03,32.150001525878906,32.150001525878906,32.185001373291016,32.04499816894531,32.099998474121094,18250
2014-09-04,32.59000015258789,32.59000015258789,32.59000015258789,32.02000045776367,32.060001373291016,24752
2014-09-05,32.3849983215332,32.3849983215332,32.470001220703125,32.279998779296875,32.459999084472656,8548
2014-09-08,32.46500015258789,32.46500015258789,32.4900016784668,32.400001525878906,32.4900016784668,11067
2014-09-09,32.35499954223633,32.35499954223633,32.55500030517578,32.32500076293945,32.55500030517578,2917
2014-09-10,32.28499984741211,32.28499984741211,32.28499984741211,32.16999816894531,32.22999954223633,1238
2014-09-11,32.27000045776367,32.27000045776367,32.82500076293945,32.14500045776367,32.599998474121094,12260
2014-09-12,32.19499969482422,32.19499969482422,33.0,32.189998626708984,32.70000076293945,5278
2014-09-15,32.04999923706055,32.04999923706055,32.17499923706055,32.06999969482422,32.15999984741211,6560
2014-09-16,32.125,32.125,32.13999938964844,32.02000045776367,32.07500076293945,38068
2014-09-17,32.255001068115234,32.255001068115234,32.279998779296875,32.20000076293945,32.20000076293945,7867
2014-09-18,32.494998931884766,32.494998931884766,32.564998626708984,32.400001525878906,32.42499923706055,5609
2014-09-19,32.71500015258789,32.71500015258789,32.755001068115234,32.66999816894531,32.66999816894531,5173
2014-09-22,32.470001220703125,32.470001220703125,32.54999923706055,32.44499969482422,32.47999954223633,22852
2014-09-23,32.220001220703125,32.220001220703125,32.400001525878906,32.11000061035156,32.400001525878906,7209
2014-09-24,32.41999816894531,32.41999816894531,32.42499923706055,32.08000183105469,32.08000183105469,7298
2014-09-25,32.220001220703125,32.220001220703125,32.650001525878906,32.20500183105469,32.6349983215332,20999
2014-09-26,32.334999084472656,32.334999084472656,32.345001220703125,31.719999313354492,31.719999313354492,2488
2014-09-29,32.32500076293945,32.32500076293945,32.349998474121094,32.10499954223633,32.345001220703125,366
2014-09-30,32.54999923706055,32.54999923706055,32.779998779296875,32.38999938964844,32.42499923706055,73222
2014-10-01,32.29499816894531,32.29499816894531,32.4900016784668,32.220001220703125,32.415000915527344,6625
2014-10-02,31.6200008392334,31.6200008392334,32.084999084472656,31.6200008392334,32.084999084472656,5381
2014-10-03,32.255001068115234,32.255001068115234,32.314998626708984,31.885000228881836,31.885000228881836,60256
2014-10-06,32.23500061035156,32.23500061035156,32.834999084472656,32.27000045776367,32.834999084472656,4023
2014-10-07,31.84000015258789,31.84000015258789,32.025001525878906,31.80500030517578,32.0,10253
2014-10-08,31.44499969482422,31.44499969482422,32.11000061035156,31.454999923706055,32.11000061035156,6053
2014-10-09,31.639999389648438,31.639999389648438,31.825000762939453,31.579999923706055,31.799999237060547,3940
2014-10-10,31.174999237060547,31.174999237060547,31.440000534057617,31.1200008392334,31.329999923706055,3629
2014-10-13,30.854999542236328,30.854999542236328,31.014999389648438,30.75,31.0,3858
2014-10-14,30.825000762939453,30.825000762939453,30.829999923706055,30.565000534057617,30.600000381469727,7824
2014-10-15,29.94499969482422,29.94499969482422,30.75,29.94499969482422,30.75,56660
2014-10-16,30.020000457763672,30.020000457763672,30.104999542236328,29.5,30.104999542236328,9876
2014-10-17,30.635000228881836,30.635000228881836,30.55500030517578,30.1299991607666,30.1299991607666,6863
2014-10-20,30.6200008392334,30.6200008392334,30.735000610351562,30.485000610351562,30.735000610351562,5729
2014-10-21,31.190000534057617,31.190000534057617,31.21500015258789,30.514999389648438,30.520000457763672,82091
2014-10-22,31.625,31.625,31.645000457763672,31.334999084472656,31.385000228881836,12833
2014-10-23,31.75,31.75,31.774999618530273,31.399999618530273,31.415000915527344,19783
2014-10-24,31.709999084472656,31.709999084472656,31.729999542236328,31.549999237060547,31.604999542236328,14507
2014-10-27,31.55500030517578,31.55500030517578,32.35499954223633,31.5,32.25,5047
2014-10-28,31.7549991607666,31.7549991607666,31.8799991607666,31.700000762939453,31.704999923706055,7320
2014-10-29,31.8799991607666,31.8799991607666,32.08000183105469,31.885000228881836,31.96500015258789,9856
2014-10-30,32.220001220703125,32.220001220703125,32.33000183105469,31.924999237060547,32.33000183105469,60747
2014-10-31,32.89500045776367,32.89500045776367,33.04999923706055,32.2400016784668,32.2400016784668,19472
2014-11-03,32.994998931884766,32.994998931884766,33.064998626708984,32.90999984741211,32.974998474121094,2965
2014-11-04,32.525001525878906,32.525001525878906,33.0,32.47999954223633,32.79999923706055,3302
2014-11-05,32.97999954223633,32.97999954223633,33.040000915527344,32.724998474121094,32.724998474121094,30272
2014-11-06,33.15999984741211,33.15999984741211,33.19499969482422,32.82500076293945,32.875,32327
2014-11-07,33.189998626708984,33.189998626708984,33.314998626708984,33.06999969482422,33.29999923706055,17814
2014-11-10,33.33000183105469,33.33000183105469,33.33000183105469,33.0,33.0,21976
2014-11-11,33.380001068115234,33.380001068115234,33.459999084472656,33.31999969482422,33.415000915527344,62640
2014-11-12,33.16999816894531,33.16999816894531,33.36000061035156,33.099998474121094,33.36000061035156,15476
2014-11-13,33.26499938964844,33.26499938964844,33.380001068115234,33.27000045776367,33.36000061035156,3140
2014-11-14,33.25,33.25,33.369998931884766,33.20000076293945,33.314998626708984,7326
2014-11-17,33.25,33.25,33.275001525878906,33.0,33.0,4282
2014-11-18,33.28499984741211,33.28499984741211,33.494998931884766,33.220001220703125,33.494998931884766,7138
2014-11-19,33.16999816894531,33.16999816894531,33.30500030517578,33.165000915527344,33.224998474121094,2936
2014-11-20,33.244998931884766,33.244998931884766,33.189998626708984,33.0,33.18000030517578,8158
2014-11-21,33.91999816894531,33.91999816894531,33.959999084472656,33.494998931884766,33.494998931884766,58833
2014-11-24,33.81999969482422,33.81999969482422,33.9900016784668,33.84000015258789,33.94499969482422,10026
2014-11-25,33.724998474121094,33.724998474121094,33.9900016784668,33.720001220703125,33.88999938964844,8837
2014-11-26,33.7599983215332,33.7599983215332,33.93000030517578,33.724998474121094,33.86000061035156,14359
2014-11-27,33.810001373291016,33.810001373291016,33.869998931884766,33.7599983215332,33.7599983215332,4105
2014-11-28,33.8849983215332,33.8849983215332,33.90999984741211,33.709999084472656,33.810001373291016,25167
2014-12-01,33.494998931884766,33.494998931884766,33.79999923706055,33.5,33.79999923706055,8767
2014-12-02,33.8650016784668,33.8650016784668,33.8650016784668,33.619998931884766,33.68000030517578,7936
2014-12-03,34.150001525878906,34.150001525878906,34.3650016784668,33.900001525878906,34.3650016784668,4261
2014-12-04,33.68000030517578,33.68000030517578,34.29499816894531,33.68000030517578,34.244998931884766,176042
2014-12-05,34.220001220703125,34.220001220703125,34.244998931884766,34.005001068115234,34.0099983215332,6824
2014-12-08,34.11000061035156,34.11000061035156,34.20000076293945,34.099998474121094,34.20000076293945,5257
2014-12-09,33.29499816894531,33.29499816894531,33.70500183105469,33.209999084472656,33.70500183105469,3396
2014-12-10,33.244998931884766,33.244998931884766,33.599998474121094,33.46500015258789,33.58000183105469,3671
2014-12-11,33.404998779296875,33.404998779296875,33.459999084472656,32.935001373291016,33.0,15531
2014-12-12,32.61000061035156,32.61000061035156,33.0,32.67499923706055,33.0,7667
2014-12-15,32.154998779296875,32.154998779296875,32.744998931884766,32.20500183105469,32.48500061035156,179346
2014-12-16,32.349998474121094,32.349998474121094,32.494998931884766,31.719999313354492,32.20500183105469,60158
2014-12-17,32.439998626708984,32.439998626708984,32.415000915527344,32.099998474121094,32.11000061035156,5816
2014-12-18,33.42499923706055,33.42499923706055,33.494998931884766,33.095001220703125,33.154998779296875,33089
2014-12-19,33.89500045776367,33.89500045776367,33.915000915527344,33.720001220703125,33.79499816894531,60627
2014-12-22,33.94499969482422,33.94499969482422,34.404998779296875,33.95500183105469,34.404998779296875,133180
2014-12-23,34.32500076293945,34.32500076293945,34.369998931884766,34.05500030517578,34.08000183105469,8575
2014-12-29,34.439998626708984,34.439998626708984,34.79999923706055,34.20500183105469,34.400001525878906,6531
2014-12-30,34.224998474121094,34.224998474121094,34.40999984741211,34.224998474121094,34.40999984741211,43873
2015-01-02,34.20000076293945,34.20000076293945,34.5,34.20000076293945,34.439998626708984,6244
2015-01-05,33.834999084472656,33.834999084472656,34.43000030517578,33.834999084472656,34.334999084472656,6967
2015-01-06,33.61000061035156,33.61000061035156,33.97999954223633,33.61000061035156,33.75,2419
2015-01-07,33.97999954223633,33.97999954223633,34.13999938964844,33.58000183105469,33.58000183105469,31493
2015-01-08,34.79999923706055,34.79999923706055,34.82500076293945,34.35499954223633,34.36000061035156,16763
2015-01-09,34.334999084472656,34.334999084472656,34.90999984741211,34.30500030517578,34.70000076293945,191936
2015-01-12,34.3650016784668,34.3650016784668,34.689998626708984,34.18000030517578,34.43000030517578,10900
2015-01-13,34.7400016784668,34.7400016784668,34.90999984741211,34.28499984741211,34.28499984741211,15759
2015-01-14,34.060001373291016,34.060001373291016,34.45000076293945,33.970001220703125,34.224998474121094,48424
2015-01-15,34.790000915527344,34.790000915527344,34.86000061035156,34.380001068115234,34.564998626708984,4108
2015-01-16,35.1150016784668,35.1150016784668,35.15999984741211,34.400001525878906,34.625,44477
2015-01-19,34.96500015258789,34.96500015258789,35.18000030517578,34.939998626708984,35.154998779296875,151546
2015-01-20,35.16999816894531,35.16999816894531,35.38999938964844,35.09000015258789,35.29499816894531,10156
2015-01-21,35.3650016784668,35.3650016784668,35.34000015258789,34.97999954223633,35.33000183105469,52931
2015-01-22,36.15999984741211,36.15999984741211,36.165000915527344,35.349998474121094,35.459999084472656,12040
2015-01-23,36.76499938964844,36.76499938964844,37.19499969482422,36.5099983215332,36.57500076293945,24091
2015-01-26,36.73500061035156,36.73500061035156,36.81999969482422,36.59000015258789,36.76499938964844,13588
2015-01-27,36.185001373291016,36.185001373291016,36.7400016784668,36.095001220703125,36.65999984741211,10667
2015-01-28,36.28499984741211,36.28499984741211,37.06999969482422,36.275001525878906,37.06999969482422,85132
2015-01-29,35.95500183105469,35.95500183105469,36.16999816894531,35.82500076293945,36.16999816894531,23084
2015-01-30,35.9900016784668,35.9900016784668,36.72999954223633,35.95000076293945,36.72999954223633,24996
2015-02-02,35.970001220703125,35.970001220703125,36.040000915527344,35.77000045776367,36.01499938964844,16074
2015-02-03,36.09000015258789,36.09000015258789,36.44499969482422,36.095001220703125,36.2400016784668,28645
2015-02-04,36.474998474121094,36.474998474121094,36.470001220703125,36.2400016784668,36.35499954223633,65010
2015-02-05,36.61000061035156,36.61000061035156,36.625,36.34000015258789,36.470001220703125,9324
2015-02-06,36.959999084472656,36.959999084472656,37.0,36.525001525878906,36.63999938964844,7682
2015-02-09,36.724998474121094,36.724998474121094,36.779998779296875,36.505001068115234,36.724998474121094,8286
2015-02-10,36.82500076293945,36.82500076293945,36.97999954223633,36.66999816894531,36.744998931884766,68963
2015-02-11,36.95000076293945,36.95000076293945,37.439998626708984,36.880001068115234,37.08000183105469,24859
2015-02-12,36.959999084472656,36.959999084472656,37.165000915527344,36.869998931884766,36.95000076293945,35184
2015-02-13,37.23500061035156,37.23500061035156,37.2599983215332,37.1150016784668,37.125,8874
2015-02-16,37.26499938964844,37.26499938964844,37.28499984741211,37.17499923706055,37.20000076293945,5938
2015-02-17,37.279998779296875,37.279998779296875,37.415000915527344,37.189998626708984,37.415000915527344,6214
2015-02-18,37.5,37.5,37.54999923706055,37.45500183105469,37.5,47609
2015-02-19,37.54999923706055,37.54999923706055,37.56999969482422,37.25,37.25,15555
2015-02-20,37.56999969482422,37.56999969482422,37.76499938964844,37.525001525878906,37.64500045776367,27697
2015-02-23,37.810001373291016,37.810001373291016,37.875,37.744998931884766,37.849998474121094,9867
2015-02-24,38.03499984741211,38.03499984741211,38.04499816894531,37.869998931884766,37.900001525878906,47135
2015-02-25,37.95500183105469,37.95500183105469,37.994998931884766,37.915000915527344,37.935001373291016,21797
2015-02-26,38.38999938964844,38.38999938964844,38.40999984741211,37.9900016784668,37.9900016784668,6252
2015-02-27,38.43000030517578,38.43000030517578,38.875,38.29999923706055,38.5,13392
2015-03-02,38.4900016784668,38.4900016784668,38.959999084472656,38.04999923706055,38.04999923706055,9528
2015-03-03,38.314998626708984,38.314998626708984,39.45000076293945,38.3849983215332,39.45000076293945,39056
2015-03-04,38.529998779296875,38.529998779296875,38.54999923706055,38.349998474121094,38.400001525878906,10102
2015-03-05,38.880001068115234,38.880001068115234,38.95500183105469,38.64500045776367,38.744998931884766,12495
2015-03-06,39.08000183105469,39.08000183105469,39.349998474121094,38.88999938964844,38.92499923706055,46781
2015-03-09,38.95500183105469,38.95500183105469,39.400001525878906,38.689998626708984,39.400001525878906,13561
2015-03-10,38.89500045776367,38.89500045776367,39.52000045776367,38.775001525878906,39.119998931884766,119949
2015-03-11,39.34000015258789,39.34000015258789,39.46500015258789,38.970001220703125,38.974998474121094,60071
2015-03-12,39.505001068115234,39.505001068115234,39.82500076293945,39.20000076293945,39.82500076293945,15768
2015-03-13,39.560001373291016,39.560001373291016,39.720001220703125,39.54999923706055,39.689998626708984,138673
2015-03-16,39.869998931884766,39.869998931884766,39.93000030517578,39.744998931884766,39.744998931884766,91590
2015-03-17,39.724998474121094,39.724998474121094,39.915000915527344,39.529998779296875,39.8849983215332,105729
2015-03-18,39.625,39.625,39.83000183105469,39.599998474121094,39.810001373291016,126818
2015-03-19,39.974998474121094,39.974998474121094,40.15999984741211,39.875,40.040000915527344,23290
2015-03-20,39.974998474121094,39.974998474121094,40.084999084472656,39.79999923706055,40.0,100853
2015-03-23,39.53499984741211,39.53499984741211,40.099998474121094,39.54499816894531,40.099998474121094,111161
2015-03-24,39.599998474121094,39.599998474121094,39.72999954223633,39.310001373291016,39.5,68766
2015-03-25,38.939998626708984,38.939998626708984,39.599998474121094,38.935001373291016,39.5,38010
2015-03-26,38.82500076293945,38.82500076293945,39.0,38.19499969482422,39.0,28839
2015-03-27,38.84000015258789,38.84000015258789,39.244998931884766,38.790000915527344,39.19499969482422,19031
2015-03-30,39.5099983215332,39.5099983215332,39.72999954223633,38.150001525878906,38.5,18760
2015-03-31,39.560001373291016,39.560001373291016,39.69499969482422,39.369998931884766,39.505001068115234,30757
2015-04-01,39.28499984741211,39.28499984741211,39.71500015258789,39.21500015258789,39.22999954223633,29811
2015-04-02,39.125,39.125,39.20000076293945,39.029998779296875,39.19499969482422,27433
2015-04-07,39.654998779296875,39.654998779296875,39.8849983215332,39.025001525878906,39.8849983215332,41331
2015-04-08,39.810001373291016,39.810001373291016,39.834999084472656,39.54499816894531,39.69499969482422,32879
2015-04-09,40.209999084472656,40.209999084472656,40.255001068115234,39.900001525878906,40.25,45868
2015-04-10,40.76499938964844,40.76499938964844,40.80500030517578,40.459999084472656,40.459999084472656,54366
2015-04-13,40.88999938964844,40.88999938964844,41.290000915527344,40.70500183105469,40.900001525878906,116019
2015-04-14,40.470001220703125,40.470001220703125,41.04499816894531,40.31999969482422,41.04499816894531,29244
2015-04-15,40.95500183105469,40.95500183105469,41.1349983215332,40.7599983215332,41.1349983215332,18186
2015-04-16,40.56999969482422,40.56999969482422,40.88999938964844,40.45000076293945,40.790000915527344,43092
2015-04-17,39.880001068115234,39.880001068115234,40.5099983215332,39.810001373291016,40.5099983215332,99707
2015-04-20,40.27000045776367,40.27000045776367,40.53499984741211,39.779998779296875,39.779998779296875,15196
2015-04-21,40.3849983215332,40.3849983215332,41.20500183105469,40.400001525878906,41.20500183105469,35532
2015-04-22,40.470001220703125,40.470001220703125,40.54999923706055,40.099998474121094,40.44499969482422,12007
2015-04-23,40.290000915527344,40.290000915527344,40.55500030517578,40.23500061035156,40.55500030517578,229591
2015-04-24,40.35499954223633,40.35499954223633,40.5,40.279998779296875,40.29999923706055,31075
2015-04-27,40.44499969482422,40.44499969482422,40.79999923706055,40.279998779296875,40.79999923706055,25345
2015-04-28,39.939998626708984,39.939998626708984,40.400001525878906,39.72999954223633,40.3849983215332,15831
2015-04-29,39.17499923706055,39.17499923706055,40.040000915527344,39.14500045776367,40.040000915527344,27219
2015-04-30,38.880001068115234,38.880001068115234,39.26499938964844,38.665000915527344,39.18000030517578,56801
2015-05-04,39.209999084472656,39.209999084472656,39.334999084472656,38.689998626708984,38.9900016784668,11768
2015-05-05,38.70000076293945,38.70000076293945,39.53499984741211,38.70000076293945,39.3849983215332,55213
2015-05-06,38.095001220703125,38.095001220703125,38.70000076293945,37.939998626708984,38.5,33415
2015-05-07,38.28499984741211,38.28499984741211,38.27000045776367,37.5,37.79499816894531,30704
2015-05-08,39.04999923706055,39.04999923706055,39.650001525878906,38.58000183105469,38.75,195994
2015-05-11,39.22999954223633,39.22999954223633,39.61000061035156,39.095001220703125,39.61000061035156,15860
2015-05-12,38.755001068115234,38.755001068115234,38.959999084472656,38.400001525878906,38.400001525878906,43119
2015-05-13,38.459999084472656,38.459999084472656,39.060001373291016,38.47999954223633,38.810001373291016,25373
2015-05-14,38.685001373291016,38.685001373291016,38.82500076293945,38.20000076293945,38.82500076293945,92551
2015-05-15,38.560001373291016,38.560001373291016,38.95000076293945,38.5,38.76499938964844,248553
2015-05-18,38.91999816894531,38.91999816894531,38.91999816894531,38.525001525878906,38.625,8096
2015-05-19,39.630001068115234,39.630001068115234,39.665000915527344,39.290000915527344,39.290000915527344,46445
2015-05-20,39.775001525878906,39.775001525878906,39.78499984741211,39.58000183105469,39.724998474121094,22486
2015-05-21,39.84000015258789,39.84000015258789,39.720001220703125,39.470001220703125,39.720001220703125,6803
2015-05-22,40.005001068115234,40.005001068115234,40.09000015258789,39.595001220703125,39.73500061035156,16828
2015-05-25,40.14500045776367,40.14500045776367,40.619998931884766,39.5,40.619998931884766,5501
2015-05-26,39.94499969482422,39.94499969482422,40.42499923706055,39.91999816894531,40.42499923706055,38957
2015-05-27,40.27000045776367,40.27000045776367,40.29999923706055,39.95000076293945,39.970001220703125,11490
2015-05-28,40.08000183105469,40.08000183105469,40.20500183105469,40.0099983215332,40.130001068115234,14633
2015-05-29,39.665000915527344,39.665000915527344,40.130001068115234,39.685001373291016,40.130001068115234,65852
2015-06-01,39.8849983215332,39.8849983215332,40.025001525878906,39.689998626708984,39.88999938964844,10417
2015-06-02,39.165000915527344,39.165000915527344,39.529998779296875,38.970001220703125,39.529998779296875,2459
2015-06-03,38.95500183105469,38.95500183105469,39.459999084472656,38.939998626708984,39.13999938964844,45404
2015-06-04,38.61000061035156,38.61000061035156,38.900001525878906,38.334999084472656,38.900001525878906,10098
2015-06-05,38.779998779296875,38.779998779296875,38.900001525878906,38.369998931884766,38.459999084472656,16861
2015-06-08,38.31999969482422,38.31999969482422,38.685001373291016,38.31999969482422,38.68000030517578,104564
2015-06-09,37.994998931884766,37.994998931884766,38.29999923706055,37.79999923706055,38.29999923706055,115849
2015-06-10,38.439998626708984,38.439998626708984,38.46500015258789,37.845001220703125,37.845001220703125,185075
2015-06-11,38.724998474121094,38.724998474121094,38.915000915527344,38.48500061035156,38.48500061035156,156031
2015-06-12,38.41999816894531,38.41999816894531,38.8849983215332,38.41999816894531,38.60499954223633,6660
2015-06-15,38.189998626708984,38.189998626708984,38.79999923706055,38.099998474121094,38.79999923706055,14174
2015-06-16,38.33000183105469,38.33000183105469,38.29999923706055,37.775001525878906,37.90999984741211,71051
2015-06-17,38.25,38.25,38.42499923706055,38.224998474121094,38.35499954223633,23660
2015-06-18,38.16999816894531,38.16999816894531,38.20500183105469,37.810001373291016,37.96500015258789,76508
2015-06-19,38.44499969482422,38.44499969482422,38.654998779296875,38.349998474121094,38.5,78915
2015-06-22,38.665000915527344,38.665000915527344,38.814998626708984,38.529998779296875,38.54499816894531,82216
2015-06-23,39.30500030517578,39.30500030517578,39.45000076293945,39.099998474121094,39.099998474121094,57263
2015-06-24,39.18000030517578,39.18000030517578,39.29999923706055,39.09000015258789,39.290000915527344,64385
2015-06-25,39.084999084472656,39.084999084472656,39.20500183105469,38.98500061035156,38.98500061035156,6553
2015-06-26,39.099998474121094,39.099998474121094,39.28499984741211,38.79999923706055,39.28499984741211,115674
2015-06-29,38.36000061035156,38.36000061035156,38.92499923706055,38.30500030517578,38.38999938964844,8747
2015-06-30,38.224998474121094,38.224998474121094,38.310001373291016,37.744998931884766,37.744998931884766,15071
2015-07-01,38.599998474121094,38.599998474121094,38.73500061035156,38.33000183105469,38.33000183105469,7791
2015-07-02,38.4900016784668,38.4900016784668,38.790000915527344,38.4900016784668,38.7599983215332,6530
2015-07-03,38.459999084472656,38.459999084472656,38.5,38.400001525878906,38.47999954223633,9624
2015-07-06,38.31999969482422,38.31999969482422,38.34000015258789,38.099998474121094,38.099998474121094,5255
2015-07-07,38.165000915527344,38.165000915527344,38.76499938964844,38.14500045776367,38.654998779296875,60072
2015-07-08,37.775001525878906,37.775001525878906,38.029998779296875,37.775001525878906,37.939998626708984,10265
2015-07-09,38.23500061035156,38.23500061035156,38.334999084472656,37.849998474121094,37.849998474121094,2133
2015-07-10,38.279998779296875,38.279998779296875,38.39500045776367,38.13999938964844,38.39500045776367,22556
2015-07-13,39.119998931884766,39.119998931884766,39.10499954223633,38.505001068115234,38.505001068115234,20714
2015-07-14,39.375,39.375,39.375,39.04999923706055,39.23500061035156,2939
2015-07-15,39.625,39.625,39.6349983215332,39.29999923706055,39.6349983215332,5834
2015-07-16,40.02000045776367,40.02000045776367,40.165000915527344,39.80500030517578,39.80500030517578,12661
2015-07-17,40.1349983215332,40.1349983215332,40.5,40.029998779296875,40.5,65235
2015-07-20,40.2599983215332,40.2599983215332,40.38999938964844,40.0,40.0,16375
2015-07-21,39.80500030517578,39.80500030517578,40.3849983215332,39.79499816894531,40.3849983215332,26602
2015-07-22,39.709999084472656,39.709999084472656,39.84000015258789,39.60499954223633,39.6349983215332,30239
2015-07-23,39.435001373291016,39.435001373291016,39.70000076293945,39.439998626708984,39.66999816894531,25317
2015-07-24,39.06999969482422,39.06999969482422,39.564998626708984,39.1349983215332,39.459999084472656,21355
2015-07-27,38.25,38.25,39.0,38.22999954223633,39.0,12801
2015-07-28,38.57500076293945,38.57500076293945,38.75,38.41999816894531,38.474998474121094,75346
2015-07-29,39.095001220703125,39.095001220703125,39.11000061035156,38.78499984741211,38.880001068115234,10638
2015-07-30,39.40999984741211,39.40999984741211,39.38999938964844,39.20000076293945,39.31999969482422,19192
2015-07-31,39.244998931884766,39.244998931884766,39.505001068115234,39.0,39.41999816894531,110659
2015-08-03,39.369998931884766,39.369998931884766,39.470001220703125,39.310001373291016,39.310001373291016,6527
2015-08-04,39.334999084472656,39.334999084472656,39.380001068115234,39.189998626708984,39.310001373291016,18205
2015-08-05,39.90999984741211,39.90999984741211,39.95000076293945,39.6150016784668,39.625,39902
2015-08-06,39.400001525878906,39.400001525878906,39.70500183105469,39.404998779296875,39.6150016784668,9359
2015-08-07,39.02000045776367,39.02000045776367,39.53499984741211,39.06999969482422,39.334999084472656,20818
2015-08-10,39.404998779296875,39.404998779296875,39.459999084472656,39.08000183105469,39.1150016784668,38670
2015-08-11,38.73500061035156,38.73500061035156,39.310001373291016,38.75,39.310001373291016,6975
2015-08-12,37.720001220703125,37.720001220703125,40.0,37.68000030517578,40.0,165994
2015-08-13,38.3650016784668,38.3650016784668,38.70000076293945,38.35499954223633,38.595001220703125,23975
2015-08-14,38.40999984741211,38.40999984741211,38.435001373291016,38.220001220703125,38.3849983215332,88340
2015-08-17,38.71500015258789,38.71500015258789,38.7599983215332,38.310001373291016,38.69499969482422,48886
2015-08-18,38.85499954223633,38.85499954223633,38.85499954223633,38.64500045776367,38.64500045776367,112768
2015-08-19,38.22999954223633,38.22999954223633,38.67499923706055,38.310001373291016,38.619998931884766,3909
2015-08-20,37.35499954223633,37.35499954223633,38.0,37.33000183105469,38.0,13888
2015-08-21,35.95000076293945,35.95000076293945,36.869998931884766,35.95000076293945,36.7400016784668,183818
2015-08-24,33.54499816894531,33.54499816894531,35.75,32.845001220703125,35.75,60426
2015-08-25,35.04499816894531,35.04499816894531,35.06999969482422,33.8650016784668,33.869998931884766,80526
2015-08-26,34.34000015258789,34.34000015258789,34.95500183105469,34.0,34.220001220703125,30057
2015-08-27,36.09000015258789,36.09000015258789,36.10499954223633,35.3849983215332,35.3849983215332,32335
2015-08-28,36.224998474121094,36.224998474121094,36.23500061035156,35.744998931884766,36.23500061035156,10349
2015-08-31,36.060001373291016,36.060001373291016,36.224998474121094,35.845001220703125,36.224998474121094,5724
2015-09-01,35.06999969482422,35.06999969482422,36.060001373291016,34.85499954223633,36.060001373291016,215013
2015-09-02,35.154998779296875,35.154998779296875,35.30500030517578,34.849998474121094,35.06999969482422,211500
2015-09-03,36.11000061035156,36.11000061035156,36.314998626708984,35.53499984741211,35.53499984741211,198587
2015-09-04,35.275001525878906,35.275001525878906,35.63999938964844,35.099998474121094,35.63999938964844,101449
2015-09-07,35.33000183105469,35.33000183105469,36.209999084472656,35.275001525878906,35.29999923706055,8108
2015-09-08,35.64500045776367,35.64500045776367,35.935001373291016,35.599998474121094,35.935001373291016,84277
2015-09-09,36.119998931884766,36.119998931884766,36.5,36.17499923706055,36.45500183105469,5761
2015-09-10,35.34000015258789,35.34000015258789,35.91999816894531,35.3650016784668,35.63999938964844,306512
2015-09-11,35.10499954223633,35.10499954223633,35.314998626708984,35.099998474121094,35.310001373291016,14034
2015-09-14,35.220001220703125,35.220001220703125,35.349998474121094,35.25,35.25,27488
2015-09-15,35.56999969482422,35.56999969482422,35.56999969482422,35.05500030517578,35.130001068115234,35061
2015-09-16,35.93000030517578,35.93000030517578,35.974998474121094,35.7599983215332,35.880001068115234,16194
2015-09-17,35.970001220703125,35.970001220703125,36.43000030517578,35.83000183105469,36.43000030517578,4110
2015-09-18,35.349998474121094,35.349998474121094,35.529998779296875,34.959999084472656,35.529998779296875,34178
2015-09-21,35.875,35.875,35.89500045776367,35.314998626708984,35.314998626708984,15889
2015-09-22,35.095001220703125,35.095001220703125,35.5,35.13999938964844,35.5,64324
2015-09-23,35.1150016784668,35.1150016784668,35.40999984741211,34.974998474121094,35.04999923706055,90533
2015-09-24,34.29499816894531,34.29499816894531,35.09000015258789,34.21500015258789,34.900001525878906,15452
2015-09-25,35.23500061035156,35.23500061035156,35.494998931884766,35.27000045776367,35.474998474121094,150014
2015-09-28,34.44499969482422,34.44499969482422,35.11000061035156,34.459999084472656,35.11000061035156,2434
2015-09-29,34.029998779296875,34.029998779296875,34.15999984741211,33.69499969482422,34.02000045776367,13558
2015-09-30,34.720001220703125,34.720001220703125,34.80500030517578,34.3650016784668,34.46500015258789,16548
2015-10-01,34.709999084472656,34.709999084472656,35.34000015258789,34.709999084472656,35.220001220703125,13626
2015-10-02,34.595001220703125,34.595001220703125,35.27000045776367,34.20000076293945,35.11000061035156,82239
2015-10-05,35.8650016784668,35.8650016784668,35.91999816894531,35.255001068115234,35.404998779296875,119490
2015-10-06,35.95000076293945,35.95000076293945,36.125,35.775001525878906,35.939998626708984,144471
2015-10-07,35.935001373291016,35.935001373291016,36.41999816894531,35.974998474121094,36.1349983215332,229039
2015-10-08,36.04499816894531,36.04499816894531,36.189998626708984,35.84000015258789,36.0,470089
2015-10-09,36.255001068115234,36.255001068115234,36.470001220703125,36.189998626708984,36.470001220703125,279786
2015-10-12,36.18000030517578,36.18000030517578,36.33000183105469,36.099998474121094,36.33000183105469,92614
2015-10-13,36.06999969482422,36.06999969482422,36.154998779296875,35.810001373291016,36.154998779296875,159975
2015-10-14,35.529998779296875,35.529998779296875,35.845001220703125,35.529998779296875,35.810001373291016,101128
2015-10-15,35.89500045776367,35.89500045776367,36.0,35.709999084472656,35.959999084472656,99036
2015-10-16,36.369998931884766,36.369998931884766,36.45500183105469,36.2599983215332,36.35499954223633,198133
2015-10-19,36.4900016784668,36.4900016784668,36.560001373291016,36.279998779296875,36.279998779296875,18090
2015-10-20,36.404998779296875,36.404998779296875,36.5099983215332,36.16999816894531,36.459999084472656,108090
2015-10-21,36.40999984741211,36.40999984741211,36.599998474121094,36.2400016784668,36.599998474121094,115557
2015-10-22,37.28499984741211,37.28499984741211,37.279998779296875,36.310001373291016,36.310001373291016,80904
2015-10-23,38.10499954223633,38.10499954223633,38.224998474121094,37.56999969482422,37.56999969482422,101671
2015-10-26,37.97999954223633,37.97999954223633,38.21500015258789,37.915000915527344,38.099998474121094,154757
2015-10-27,37.779998779296875,37.779998779296875,37.91999816894531,37.75,37.900001525878906,32467
2015-10-28,38.05500030517578,38.05500030517578,38.060001373291016,37.75,37.76499938964844,34707
2015-10-29,38.345001220703125,38.345001220703125,38.45500183105469,38.02000045776367,38.02000045776367,32376
2015-10-30,38.150001525878906,38.150001525878906,38.595001220703125,37.96500015258789,38.595001220703125,23507
2015-11-02,38.19499969482422,38.19499969482422,38.619998931884766,37.86000061035156,38.619998931884766,41243
2015-11-03,38.595001220703125,38.595001220703125,38.63999938964844,38.35499954223633,38.35499954223633,139059
2015-11-04,38.8849983215332,38.8849983215332,39.06999969482422,38.0,38.775001525878906,246203
2015-11-05,38.75,38.75,39.025001525878906,38.70000076293945,39.025001525878906,127399
2015-11-06,38.994998931884766,38.994998931884766,39.290000915527344,38.65999984741211,38.79999923706055,346835
2015-11-09,38.58000183105469,38.58000183105469,39.20000076293945,38.58000183105469,39.20000076293945,188791
2015-11-10,38.86000061035156,38.86000061035156,38.970001220703125,38.65999984741211,38.77000045776367,79365
2015-11-11,38.89500045776367,38.89500045776367,39.20000076293945,38.845001220703125,39.20000076293945,89790
2015-11-12,38.48500061035156,38.48500061035156,39.04999923706055,38.334999084472656,38.92499923706055,277625
2015-11-13,38.084999084472656,38.084999084472656,38.290000915527344,37.95000076293945,38.25,98692
2015-11-16,38.084999084472656,38.084999084472656,38.5,37.7599983215332,38.5,205978
2015-11-17,39.0,39.0,39.0,38.709999084472656,38.709999084472656,99242
2015-11-18,39.084999084472656,39.084999084472656,39.084999084472656,38.625,39.025001525878906,18653
2015-11-19,39.040000915527344,39.040000915527344,39.40999984741211,39.05500030517578,39.36000061035156,81057
2015-11-20,39.494998931884766,39.494998931884766,39.4900016784668,39.220001220703125,39.314998626708984,23133
2015-11-23,39.55500030517578,39.55500030517578,40.0,39.35499954223633,40.0,13278
2015-11-24,39.189998626708984,39.189998626708984,39.44499969482422,38.939998626708984,39.44499969482422,72216
2015-11-25,39.51499938964844,39.51499938964844,39.64500045776367,39.165000915527344,39.189998626708984,38343
2015-11-26,39.73500061035156,39.73500061035156,39.77000045776367,39.59000015258789,39.59000015258789,25052
2015-11-27,39.6150016784668,39.6150016784668,39.720001220703125,39.46500015258789,39.4900016784668,21413
2015-11-30,39.650001525878906,39.650001525878906,39.76499938964844,39.349998474121094,39.349998474121094,182502
2015-12-01,39.6349983215332,39.6349983215332,39.84000015258789,39.5,39.75,208446
2015-12-02,39.79499816894531,39.79499816894531,39.96500015258789,39.650001525878906,39.650001525878906,56782
2015-12-03,38.349998474121094,38.349998474121094,40.0,38.220001220703125,39.584999084472656,70986
2015-12-04,38.290000915527344,38.290000915527344,38.334999084472656,37.76499938964844,38.22999954223633,64674
2015-12-07,38.334999084472656,38.334999084472656,38.88999938964844,38.279998779296875,38.584999084472656,25951
2015-12-08,37.939998626708984,37.939998626708984,38.290000915527344,37.77000045776367,38.290000915527344,16351
2015-12-09,37.6349983215332,37.6349983215332,38.334999084472656,37.44499969482422,38.334999084472656,127815
2015-12-10,37.630001068115234,37.630001068115234,37.65999984741211,37.29999923706055,37.53499984741211,41988
2015-12-11,36.790000915527344,36.790000915527344,37.54999923706055,36.720001220703125,37.54999923706055,133504
2015-12-14,36.220001220703125,36.220001220703125,37.38999938964844,36.2400016784668,37.38999938964844,108267
2015-12-15,37.29499816894531,37.29499816894531,37.310001373291016,36.505001068115234,36.505001068115234,42858
2015-12-16,37.349998474121094,37.349998474121094,37.64500045776367,37.29999923706055,37.5,97906
2015-12-17,37.869998931884766,37.869998931884766,38.30500030517578,37.900001525878906,38.04999923706055,122768
2015-12-18,37.3650016784668,37.3650016784668,37.61000061035156,37.334999084472656,37.3849983215332,20901
2015-12-21,36.959999084472656,36.959999084472656,38.0,36.91999816894531,38.0,178132
2015-12-22,36.935001373291016,36.935001373291016,37.29499816894531,36.900001525878906,37.22999954223633,32121
2015-12-23,37.95500183105469,37.95500183105469,37.95500183105469,37.4900016784668,37.4900016784668,15671
2015-12-28,37.435001373291016,37.435001373291016,37.95500183105469,37.435001373291016,37.92499923706055,33535
2015-12-29,38.1349983215332,38.1349983215332,38.165000915527344,37.78499984741211,37.78499984741211,57856
2015-12-30,38.08000183105469,38.08000183105469,38.125,38.005001068115234,38.07500076293945,46386
2015-12-31,38.08000183105469,38.08000183105469,38.08000183105469,38.08000183105469,38.08000183105469,0
2016-01-04,37.09000015258789,37.09000015258789,38.0,36.790000915527344,38.0,221291
2016-01-05,37.57500076293945,37.57500076293945,37.630001068115234,37.15999984741211,37.459999084472656,43423
2016-01-06,37.099998474121094,37.099998474121094,37.369998931884766,36.84000015258789,37.369998931884766,146929
2016-01-07,36.150001525878906,36.150001525878906,36.349998474121094,35.67499923706055,36.349998474121094,182614
2016-01-08,35.36000061035156,35.36000061035156,36.22999954223633,35.36000061035156,35.96500015258789,190498
2016-01-11,35.220001220703125,35.220001220703125,35.63999938964844,35.20000076293945,35.26499938964844,211553
2016-01-12,35.5099983215332,35.5099983215332,35.845001220703125,35.04499816894531,35.189998626708984,269229
2016-01-13,35.63999938964844,35.63999938964844,36.14500045776367,35.52000045776367,35.97999954223633,44634
2016-01-14,35.13999938964844,35.13999938964844,35.26499938964844,34.4900016784668,35.064998626708984,120661
2016-01-15,34.19499969482422,34.19499969482422,35.25,34.09000015258789,35.25,162346
2016-01-18,34.31999969482422,34.31999969482422,34.71500015258789,34.25,34.404998779296875,291753
2016-01-19,34.6150016784668,34.6150016784668,35.05500030517578,34.51499938964844,34.51499938964844,218559
2016-01-20,33.400001525878906,33.400001525878906,34.25,33.040000915527344,34.25,476525
2016-01-21,34.334999084472656,34.334999084472656,34.400001525878906,33.56999969482422,34.10499954223633,305812
2016-01-22,35.005001068115234,35.005001068115234,35.209999084472656,34.630001068115234,34.904998779296875,97927
2016-01-25,34.869998931884766,34.869998931884766,35.400001525878906,34.775001525878906,35.400001525878906,94432
2016-01-26,34.974998474121094,34.974998474121094,35.04499816894531,34.14500045776367,34.334999084472656,302965
2016-01-27,35.064998626708984,35.064998626708984,35.064998626708984,34.72999954223633,34.90999984741211,36682
2016-01-28,34.529998779296875,34.529998779296875,35.025001525878906,34.375,34.95500183105469,107284
2016-01-29,35.3849983215332,35.3849983215332,35.43000030517578,34.845001220703125,35.13999938964844,70316
2016-02-01,35.46500015258789,35.46500015258789,35.69499969482422,35.154998779296875,35.69499969482422,111082
2016-02-02,35.0,35.0,35.439998626708984,34.845001220703125,35.439998626708984,39642
2016-02-03,34.130001068115234,34.130001068115234,34.93000030517578,33.63999938964844,34.845001220703125,238438
2016-02-04,34.189998626708984,34.189998626708984,34.56999969482422,33.560001373291016,34.56999969482422,86154
2016-02-05,33.81999969482422,33.81999969482422,34.310001373291016,33.83000183105469,34.130001068115234,449083
2016-02-08,32.845001220703125,32.845001220703125,34.03499984741211,32.790000915527344,34.03499984741211,574684
2016-02-09,32.595001220703125,32.595001220703125,33.15999984741211,32.26499938964844,33.040000915527344,429614
2016-02-10,32.994998931884766,32.994998931884766,33.43000030517578,32.54499816894531,32.63999938964844,151021
2016-02-11,31.799999237060547,31.799999237060547,32.70000076293945,31.704999923706055,32.70000076293945,377419
2016-02-12,32.73500061035156,32.73500061035156,32.720001220703125,32.22999954223633,32.22999954223633,117786
2016-02-15,33.650001525878906,33.650001525878906,33.73500061035156,33.349998474121094,33.375,315982
2016-02-16,33.525001525878906,33.525001525878906,33.8849983215332,33.44499969482422,33.80500030517578,204922
2016-02-17,34.38999938964844,34.38999938964844,34.38999938964844,33.665000915527344,33.665000915527344,110939
2016-02-18,34.474998474121094,34.474998474121094,34.77000045776367,34.334999084472656,34.595001220703125,312458
2016-02-19,34.255001068115234,34.255001068115234,34.529998779296875,34.095001220703125,34.439998626708984,79068
2016-02-22,35.025001525878906,35.025001525878906,35.154998779296875,34.61000061035156,34.71500015258789,84972
2016-02-23,34.654998779296875,34.654998779296875,35.0,34.56999969482422,34.900001525878906,102724
2016-02-24,33.97999954223633,33.97999954223633,34.67499923706055,33.95500183105469,34.67499923706055,89865
2016-02-25,34.654998779296875,34.654998779296875,34.869998931884766,34.505001068115234,34.505001068115234,107640
2016-02-26,35.349998474121094,35.349998474121094,35.435001373291016,35.05500030517578,35.05500030517578,106949
2016-02-29,35.51499938964844,35.51499938964844,35.584999084472656,34.939998626708984,34.96500015258789,45130
2016-03-01,35.88999938964844,35.88999938964844,35.88999938964844,35.33000183105469,35.404998779296875,65294
2016-03-02,36.25,36.25,36.26499938964844,36.04499816894531,36.17499923706055,280569
2016-03-03,35.994998931884766,35.994998931884766,36.32500076293945,35.994998931884766,36.26499938964844,121409
2016-03-04,36.279998779296875,36.279998779296875,36.915000915527344,35.9900016784668,36.209999084472656,32707
2016-03-07,36.224998474121094,36.224998474121094,36.2599983215332,36.08000183105469,36.2599983215332,26925
2016-03-08,35.810001373291016,35.810001373291016,36.084999084472656,35.68000030517578,36.0,221185
2016-03-09,36.0,36.0,36.220001220703125,35.90999984741211,35.98500061035156,76467
2016-03-10,35.34000015258789,35.34000015258789,36.90999984741211,35.30500030517578,36.165000915527344,128278
2016-03-11,36.099998474121094,36.099998474121094,36.19499969482422,35.86000061035156,35.939998626708984,298130
2016-03-14,36.290000915527344,36.290000915527344,36.349998474121094,36.20000076293945,36.32500076293945,124701
2016-03-15,36.029998779296875,36.029998779296875,36.13999938964844,35.98500061035156,36.08000183105469,30066
2016-03-16,36.16999816894531,36.16999816894531,36.5,36.005001068115234,36.5,180194
2016-03-17,35.939998626708984,35.939998626708984,36.125,35.5,36.125,217339
2016-03-18,36.22999954223633,36.22999954223633,36.189998626708984,36.01499938964844,36.01499938964844,6488
2016-03-21,36.220001220703125,36.220001220703125,36.30500030517578,36.095001220703125,36.15999984741211,18427
2016-03-22,36.38999938964844,36.38999938964844,36.31999969482422,36.099998474121094,36.23500061035156,66878
2016-03-23,36.31999969482422,36.31999969482422,36.48500061035156,36.189998626708984,36.400001525878906,30115
2016-03-24,35.915000915527344,35.915000915527344,36.130001068115234,35.880001068115234,36.130001068115234,24962
2016-03-29,36.03499984741211,36.03499984741211,36.56999969482422,35.709999084472656,36.54999923706055,22499
2016-03-30,36.2599983215332,36.2599983215332,36.35499954223633,36.220001220703125,36.23500061035156,44468
2016-03-31,36.0,36.0,36.154998779296875,35.93000030517578,36.154998779296875,76438
2016-04-01,35.75,35.75,35.7400016784668,35.349998474121094,35.650001525878906,54979
2016-04-04,35.810001373291016,35.810001373291016,36.029998779296875,35.78499984741211,35.8849983215332,8812
2016-04-05,35.32500076293945,35.32500076293945,35.56999969482422,35.290000915527344,35.56999969482422,48108
2016-04-06,35.529998779296875,35.529998779296875,35.584999084472656,35.29999923706055,35.54999923706055,29111
2016-04-07,35.33000183105469,35.33000183105469,35.68000030517578,35.32500076293945,35.55500030517578,16693
2016-04-08,35.60499954223633,35.60499954223633,35.81999969482422,35.56999969482422,35.66999816894531,77745
2016-04-11,35.65999984741211,35.65999984741211,35.79499816894531,35.404998779296875,35.599998474121094,41637
2016-04-12,35.8849983215332,35.8849983215332,35.849998474121094,35.400001525878906,35.685001373291016,7038
2016-04-13,36.689998626708984,36.689998626708984,36.68000030517578,36.22999954223633,36.25,43208
2016-04-14,36.935001373291016,36.935001373291016,36.92499923706055,36.7400016784668,36.7599983215332,29398
2016-04-15,36.78499984741211,36.78499984741211,36.91999816894531,36.650001525878906,36.91999816894531,52505
2016-04-18,36.845001220703125,36.845001220703125,36.814998626708984,36.005001068115234,36.005001068115234,6850
2016-04-19,37.064998626708984,37.064998626708984,37.20000076293945,36.93000030517578,36.93000030517578,77709
2016-04-20,37.31999969482422,37.31999969482422,37.310001373291016,36.959999084472656,37.064998626708984,45978
2016-04-21,37.334999084472656,37.334999084472656,37.5,36.69499969482422,37.5,17140
2016-04-22,37.23500061035156,37.23500061035156,37.36000061035156,37.15999984741211,37.26499938964844,29241
2016-04-25,37.064998626708984,37.064998626708984,37.35499954223633,37.029998779296875,37.349998474121094,76301
2016-04-26,37.099998474121094,37.099998474121094,37.28499984741211,37.03499984741211,37.25,14143
2016-04-27,37.04499816894531,37.04499816894531,37.119998931884766,36.95000076293945,37.0,3109
2016-04-28,37.119998931884766,37.119998931884766,37.1150016784668,36.630001068115234,36.86000061035156,13869
2016-04-29,36.095001220703125,36.095001220703125,36.68000030517578,36.16999816894531,36.68000030517578,23787
2016-05-02,36.209999084472656,36.209999084472656,36.70000076293945,36.04999923706055,36.70000076293945,13219
2016-05-03,35.755001068115234,35.755001068115234,36.119998931884766,35.685001373291016,36.064998626708984,47453
2016-05-04,35.529998779296875,35.529998779296875,36.23500061035156,35.54999923706055,36.23500061035156,165890
2016-05-05,35.834999084472656,35.834999084472656,35.974998474121094,35.79499816894531,35.79499816894531,6195
2016-05-06,35.790000915527344,35.790000915527344,36.0,35.459999084472656,36.0,16275
2016-05-09,35.8849983215332,35.8849983215332,36.154998779296875,35.8650016784668,35.93000030517578,51750
2016-05-10,36.290000915527344,36.290000915527344,36.30500030517578,36.14500045776367,36.15999984741211,26202
2016-05-11,36.154998779296875,36.154998779296875,36.3650016784668,36.125,36.3650016784668,67992
2016-05-12,36.0099983215332,36.0099983215332,36.400001525878906,35.974998474121094,36.119998931884766,29047
2016-05-13,36.38999938964844,36.38999938964844,36.36000061035156,35.94499969482422,35.974998474121094,11658
2016-05-16,36.28499984741211,36.28499984741211,36.275001525878906,36.0,36.154998779296875,4409
2016-05-17,36.26499938964844,36.26499938964844,36.55500030517578,36.189998626708984,36.44499969482422,64712
2016-05-18,36.40999984741211,36.40999984741211,36.3849983215332,36.185001373291016,36.279998779296875,10100
2016-05-19,36.1349983215332,36.1349983215332,36.375,36.130001068115234,36.2400016784668,11823
2016-05-20,36.56999969482422,36.56999969482422,36.56999969482422,36.380001068115234,36.380001068115234,10634
2016-05-23,36.525001525878906,36.525001525878906,36.650001525878906,36.005001068115234,36.005001068115234,8944
2016-05-24,37.09000015258789,37.09000015258789,37.1150016784668,36.35499954223633,36.439998626708984,72752
2016-05-25,37.38999938964844,37.38999938964844,37.5,37.23500061035156,37.23500061035156,114552
2016-05-26,37.375,37.375,37.42499923706055,37.275001525878906,37.380001068115234,18962
2016-05-27,37.58000183105469,37.58000183105469,37.58000183105469,36.5,37.41999816894531,47388
2016-05-30,37.685001373291016,37.685001373291016,37.779998779296875,37.25,37.25,17251
2016-05-31,37.58000183105469,37.58000183105469,37.70500183105469,37.54499816894531,37.625,36086
2016-06-01,37.310001373291016,37.310001373291016,37.779998779296875,37.17499923706055,37.54999923706055,48621
2016-06-02,37.3849983215332,37.3849983215332,37.40999984741211,37.20000076293945,37.2599983215332,32684
2016-06-03,36.8650016784668,36.8650016784668,37.650001525878906,36.77000045776367,37.57500076293945,11429
2016-06-06,37.1150016784668,37.1150016784668,37.13999938964844,36.904998779296875,36.994998931884766,13817
2016-06-07,37.3849983215332,37.3849983215332,37.3849983215332,37.11000061035156,37.1150016784668,18436
2016-06-08,37.209999084472656,37.209999084472656,37.334999084472656,37.154998779296875,37.20500183105469,38760
2016-06-09,37.18000030517578,37.18000030517578,37.400001525878906,37.099998474121094,37.400001525878906,71459
2016-06-10,36.8849983215332,36.8849983215332,37.11000061035156,36.86000061035156,37.025001525878906,12040
2016-06-13,36.599998474121094,36.599998474121094,36.84000015258789,36.56999969482422,36.84000015258789,192277
2016-06-14,36.22999954223633,36.22999954223633,36.5,35.56999969482422,36.5,32733
2016-06-15,36.42499923706055,36.42499923706055,36.54499816894531,35.959999084472656,36.0,44949
2016-06-16,36.345001220703125,36.345001220703125,36.29499816894531,35.939998626708984,36.0,19126
2016-06-17,36.224998474121094,36.224998474121094,36.470001220703125,36.185001373291016,36.470001220703125,20661
2016-06-20,36.915000915527344,36.915000915527344,37.0,36.5,36.5,43485
2016-06-21,37.064998626708984,37.064998626708984,37.220001220703125,36.7400016784668,37.220001220703125,90152
2016-06-22,37.20000076293945,37.20000076293945,37.21500015258789,36.939998626708984,37.14500045776367,15747
2016-06-23,37.23500061035156,37.23500061035156,37.244998931884766,37.005001068115234,37.06999969482422,13576
2016-06-24,36.494998931884766,36.494998931884766,36.939998626708984,35.56999969482422,36.5,476308
2016-06-27,35.69499969482422,35.69499969482422,37.0,35.650001525878906,37.0,183031
2016-06-28,36.029998779296875,36.029998779296875,36.20000076293945,35.935001373291016,35.9900016784668,17919
2016-06-29,36.77000045776367,36.77000045776367,36.78499984741211,36.0,36.0,21793
2016-06-30,37.07500076293945,37.07500076293945,37.10499954223633,36.724998474121094,36.7400016784668,32578
2016-07-01,37.30500030517578,37.30500030517578,37.439998626708984,37.13999938964844,37.29999923706055,89767
2016-07-04,37.30500030517578,37.30500030517578,38.005001068115234,37.06999969482422,38.0,39039
2016-07-05,37.04499816894531,37.04499816894531,37.290000915527344,36.90999984741211,37.290000915527344,38703
2016-07-06,36.904998779296875,36.904998779296875,37.44499969482422,36.744998931884766,37.44499969482422,92472
2016-07-07,37.224998474121094,37.224998474121094,37.619998931884766,37.17499923706055,37.5,52266
2016-07-08,37.72999954223633,37.72999954223633,37.720001220703125,37.150001525878906,37.18000030517578,67972
2016-07-11,38.14500045776367,38.14500045776367,38.45000076293945,37.779998779296875,37.779998779296875,17714
2016-07-12,38.349998474121094,38.349998474121094,38.31999969482422,38.0099983215332,38.04999923706055,19091
2016-07-13,38.224998474121094,38.224998474121094,38.755001068115234,38.20500183105469,38.45000076293945,89274
2016-07-14,38.48500061035156,38.48500061035156,38.55500030517578,38.349998474121094,38.41999816894531,18214
2016-07-15,38.53499984741211,38.53499984741211,38.60499954223633,38.224998474121094,38.3849983215332,19810
2016-07-18,38.55500030517578,38.55500030517578,39.040000915527344,38.45000076293945,38.45000076293945,17481
2016-07-19,38.64500045776367,38.64500045776367,38.599998474121094,38.369998931884766,38.494998931884766,10249
2016-07-20,38.904998779296875,38.904998779296875,38.915000915527344,38.75,38.83000183105469,18986
2016-07-21,38.8650016784668,38.8650016784668,38.92499923706055,38.654998779296875,38.76499938964844,23222
2016-07-22,38.8849983215332,38.8849983215332,39.150001525878906,38.29999923706055,38.29999923706055,50617
2016-07-25,38.814998626708984,38.814998626708984,39.064998626708984,38.779998779296875,39.029998779296875,14895
2016-07-26,38.86000061035156,38.86000061035156,38.915000915527344,38.709999084472656,38.814998626708984,14799
2016-07-27,38.89500045776367,38.89500045776367,39.02000045776367,38.8650016784668,39.0,39769
2016-07-28,38.5,38.5,39.4900016784668,38.46500015258789,39.4900016784668,75663
2016-07-29,38.540000915527344,38.540000915527344,38.67499923706055,38.35499954223633,38.60499954223633,171306
2016-08-01,38.53499984741211,38.53499984741211,39.0,38.42499923706055,38.79999923706055,15404
2016-08-02,37.970001220703125,37.970001220703125,38.42499923706055,37.95000076293945,38.42499923706055,92881
2016-08-03,38.125,38.125,38.5,37.900001525878906,38.5,20654
2016-08-04,38.41999816894531,38.41999816894531,38.505001068115234,38.30500030517578,38.369998931884766,79826
2016-08-05,38.8650016784668,38.8650016784668,38.90999984741211,38.435001373291016,38.525001525878906,113487
2016-08-08,38.935001373291016,38.935001373291016,39.0099983215332,38.869998931884766,38.900001525878906,153471
2016-08-09,39.04499816894531,39.04499816894531,39.060001373291016,38.904998779296875,38.935001373291016,18392
2016-08-10,38.755001068115234,38.755001068115234,38.970001220703125,38.73500061035156,38.939998626708984,4386
2016-08-11,39.005001068115234,39.005001068115234,39.20000076293945,38.84000015258789,39.20000076293945,57063
2016-08-12,38.95000076293945,38.95000076293945,39.04999923706055,38.81999969482422,39.04999923706055,74751
2016-08-16,38.619998931884766,38.619998931884766,38.85499954223633,38.52000045776367,38.85499954223633,15416
2016-08-17,38.375,38.375,38.63999938964844,38.39500045776367,38.6150016784668,12960
2016-08-18,38.45000076293945,38.45000076293945,38.91999816894531,38.369998931884766,38.91999816894531,7071
2016-08-19,38.369998931884766,38.369998931884766,38.48500061035156,38.22999954223633,38.48500061035156,29700
2016-08-22,38.310001373291016,38.310001373291016,38.564998626708984,38.10499954223633,38.10499954223633,15800
2016-08-23,38.595001220703125,38.595001220703125,38.619998931884766,38.439998626708984,38.44499969482422,2676
2016-08-24,38.720001220703125,38.720001220703125,38.790000915527344,38.154998779296875,38.60499954223633,38562
2016-08-25,38.505001068115234,38.505001068115234,38.95000076293945,38.38999938964844,38.95000076293945,1779
2016-08-26,38.69499969482422,38.69499969482422,38.60499954223633,38.39500045776367,38.459999084472656,9570
2016-08-29,38.79499816894531,38.79499816894531,39.0,38.58000183105469,38.95000076293945,164448
2016-08-30,38.84000015258789,38.84000015258789,38.900001525878906,38.80500030517578,38.84000015258789,62403
2016-08-31,38.720001220703125,38.720001220703125,38.93000030517578,38.68000030517578,38.84000015258789,4036
2016-09-01,38.53499984741211,38.53499984741211,38.96500015258789,38.44499969482422,38.915000915527344,46076
2016-09-02,39.099998474121094,39.099998474121094,39.08000183105469,38.6349983215332,38.70500183105469,59629
2016-09-05,39.125,39.125,39.18000030517578,39.060001373291016,39.125,3703
2016-09-06,38.935001373291016,38.935001373291016,39.209999084472656,38.8650016784668,39.20000076293945,6346
2016-09-07,38.970001220703125,38.970001220703125,39.04499816894531,38.970001220703125,39.02000045776367,5245
2016-09-08,38.85499954223633,38.85499954223633,39.01499938964844,38.6150016784668,38.994998931884766,68352
2016-09-09,38.51499938964844,38.51499938964844,38.775001525878906,38.47999954223633,38.755001068115234,26430
2016-09-12,38.13999938964844,38.13999938964844,38.54999923706055,37.66999816894531,38.54999923706055,219883
2016-09-13,37.810001373291016,37.810001373291016,38.30500030517578,37.939998626708984,38.29499816894531,33632
2016-09-14,37.84000015258789,37.84000015258789,38.040000915527344,37.84000015258789,37.9900016784668,75208
2016-09-15,38.09000015258789,38.09000015258789,38.040000915527344,37.689998626708984,37.84000015258789,42433
2016-09-16,38.08000183105469,38.08000183105469,38.154998779296875,37.939998626708984,38.060001373291016,17682
2016-09-19,38.35499954223633,38.35499954223633,38.439998626708984,37.505001068115234,38.25,3641
2016-09-20,38.369998931884766,38.369998931884766,38.41999816894531,38.2599983215332,38.2599983215332,1102
2016-09-21,38.54999923706055,38.54999923706055,38.69499969482422,38.5,38.5,100240
2016-09-22,38.900001525878906,38.900001525878906,38.97999954223633,38.68000030517578,38.69499969482422,158681
2016-09-23,38.810001373291016,38.810001373291016,38.90999984741211,38.790000915527344,38.90999984741211,65212
2016-09-26,38.22999954223633,38.22999954223633,38.994998931884766,38.25,38.994998931884766,27354
2016-09-27,38.5,38.5,38.525001525878906,38.32500076293945,38.525001525878906,33698
2016-09-28,38.57500076293945,38.57500076293945,38.994998931884766,38.5,38.994998931884766,34165
2016-09-29,38.63999938964844,38.63999938964844,38.869998931884766,38.38999938964844,38.38999938964844,36974
2016-09-30,38.685001373291016,38.685001373291016,38.70000076293945,38.310001373291016,38.36000061035156,85274
2016-10-03,38.630001068115234,38.630001068115234,38.73500061035156,38.53499984741211,38.650001525878906,98331
2016-10-04,38.8650016784668,38.8650016784668,38.97999954223633,38.810001373291016,38.8849983215332,84952
2016-10-05,38.71500015258789,38.71500015258789,38.744998931884766,38.435001373291016,38.51499938964844,3958
2016-10-06,38.68000030517578,38.68000030517578,38.7599983215332,38.60499954223633,38.7599983215332,254645
2016-10-07,38.564998626708984,38.564998626708984,38.83000183105469,38.529998779296875,38.83000183105469,17775
2016-10-10,38.84000015258789,38.84000015258789,38.880001068115234,38.5,38.584999084472656,13539
2016-10-11,38.6349983215332,38.6349983215332,38.9900016784668,38.66999816894531,38.84000015258789,25731
2016-10-12,38.7400016784668,38.7400016784668,38.82500076293945,38.66999816894531,38.75,32821
2016-10-13,38.40999984741211,38.40999984741211,38.54999923706055,38.25,38.54999923706055,102508
2016-10-14,38.85499954223633,38.85499954223633,38.94499969482422,38.69499969482422,38.70000076293945,13955
2016-10-17,38.650001525878906,38.650001525878906,38.76499938964844,38.59000015258789,38.720001220703125,10366
2016-10-18,39.005001068115234,39.005001068115234,39.04999923706055,38.755001068115234,38.79999923706055,77757
2016-10-19,39.185001373291016,39.185001373291016,39.20500183105469,38.89500045776367,39.099998474121094,16839
2016-10-20,39.18000030517578,39.18000030517578,39.27000045776367,38.849998474121094,39.165000915527344,39338
2016-10-21,39.33000183105469,39.33000183105469,39.33000183105469,39.16999816894531,39.29999923706055,25352
2016-10-24,39.48500061035156,39.48500061035156,39.880001068115234,39.349998474121094,39.880001068115234,15726
2016-10-25,39.3650016784668,39.3650016784668,39.58000183105469,39.439998626708984,39.57500076293945,24331
2016-10-26,39.27000045776367,39.27000045776367,39.994998931884766,39.0,39.29999923706055,81597
2016-10-27,39.16999816894531,39.16999816894531,39.32500076293945,39.05500030517578,39.224998474121094,179588
2016-10-28,39.084999084472656,39.084999084472656,39.119998931884766,38.849998474121094,39.05500030517578,10157
2016-10-31,38.90999984741211,38.90999984741211,38.994998931884766,38.845001220703125,38.994998931884766,18698
2016-11-01,38.314998626708984,38.314998626708984,38.845001220703125,38.349998474121094,38.845001220703125,70725
2016-11-02,37.935001373291016,37.935001373291016,38.209999084472656,37.915000915527344,38.20500183105469,82560
2016-11-03,37.88999938964844,37.88999938964844,38.21500015258789,37.75,38.21500015258789,345255
2016-11-04,37.724998474121094,37.724998474121094,37.814998626708984,37.599998474121094,37.79999923706055,93121
2016-11-07,38.40999984741211,38.40999984741211,39.20000076293945,38.18000030517578,38.5,27893
2016-11-08,38.55500030517578,38.55500030517578,38.560001373291016,38.35499954223633,38.43000030517578,72637
2016-11-09,39.11000061035156,39.11000061035156,39.060001373291016,37.20000076293945,38.0,62951
2016-11-10,39.400001525878906,39.400001525878906,39.76499938964844,39.224998474121094,39.29999923706055,231511
2016-11-11,39.29499816894531,39.29499816894531,39.5099983215332,39.2599983215332,39.5099983215332,11949
2016-11-14,39.779998779296875,39.779998779296875,39.994998931884766,39.3849983215332,39.994998931884766,153660
2016-11-15,39.90999984741211,39.90999984741211,40.0,39.61000061035156,40.0,63968
2016-11-16,40.119998931884766,40.119998931884766,40.13999938964844,39.915000915527344,40.0,22293
2016-11-17,40.349998474121094,40.349998474121094,40.36000061035156,39.9900016784668,40.025001525878906,41557
2016-11-18,40.48500061035156,40.48500061035156,40.56999969482422,40.34000015258789,40.5,24992
2016-11-21,40.58000183105469,40.58000183105469,40.595001220703125,40.26499938964844,40.42499923706055,116326
2016-11-22,40.67499923706055,40.67499923706055,40.834999084472656,40.65999984741211,40.79499816894531,60688
2016-11-23,40.834999084472656,40.834999084472656,40.96500015258789,40.63999938964844,40.779998779296875,82287
2016-11-24,40.939998626708984,40.939998626708984,41.0,40.834999084472656,40.98500061035156,24144
2016-11-25,40.90999984741211,40.90999984741211,40.90999984741211,40.77000045776367,40.900001525878906,30048
2016-11-28,40.845001220703125,40.845001220703125,40.97999954223633,40.560001373291016,40.935001373291016,30238
2016-11-29,40.810001373291016,40.810001373291016,40.90999984741211,40.66999816894531,40.834999084472656,47023
2016-11-30,40.9900016784668,40.9900016784668,41.060001373291016,40.744998931884766,40.82500076293945,96627
2016-12-01,40.61000061035156,40.61000061035156,40.80500030517578,40.6150016784668,40.76499938964844,35707
2016-12-02,40.720001220703125,40.720001220703125,40.720001220703125,40.2599983215332,40.5,37236
2016-12-05,40.5099983215332,40.5099983215332,40.81999969482422,40.400001525878906,40.560001373291016,32063
2016-12-06,40.56999969482422,40.56999969482422,40.56999969482422,40.279998779296875,40.3849983215332,42593
2016-12-07,40.77000045776367,40.77000045776367,40.994998931884766,40.68000030517578,40.994998931884766,28351
2016-12-08,41.66999816894531,41.66999816894531,41.720001220703125,40.70000076293945,41.0,28475
2016-12-09,42.11000061035156,42.11000061035156,42.15999984741211,41.63999938964844,41.7599983215332,25829
2016-12-12,41.970001220703125,41.970001220703125,42.5,41.84000015258789,42.25,116968
2016-12-13,42.05500030517578,42.05500030517578,42.20000076293945,41.77000045776367,41.79999923706055,38187
2016-12-14,41.96500015258789,41.96500015258789,42.41999816894531,41.939998626708984,42.41999816894531,95052
2016-12-15,42.75,42.75,42.77000045776367,42.185001373291016,42.25,43022
2016-12-16,42.53499984741211,42.53499984741211,42.68000030517578,42.380001068115234,42.4900016784668,60603
2016-12-19,42.52000045776367,42.52000045776367,42.60499954223633,42.439998626708984,42.4900016784668,30591
2016-12-20,42.834999084472656,42.834999084472656,42.935001373291016,42.70000076293945,42.70000076293945,20900
2016-12-21,42.654998779296875,42.654998779296875,42.80500030517578,42.56999969482422,42.744998931884766,30411
2016-12-22,42.400001525878906,42.400001525878906,42.935001373291016,42.279998779296875,42.935001373291016,22847
2016-12-23,42.45500183105469,42.45500183105469,42.625,42.400001525878906,42.540000915527344,22134
2016-12-27,42.54499816894531,42.54499816894531,42.94499969482422,42.459999084472656,42.94499969482422,48416
2016-12-28,42.689998626708984,42.689998626708984,42.900001525878906,42.459999084472656,42.900001525878906,23561
2016-12-29,42.185001373291016,42.185001373291016,42.45000076293945,42.17499923706055,42.45000076293945,14782
2016-12-30,41.959999084472656,41.959999084472656,42.654998779296875,41.904998779296875,42.654998779296875,10720
2017-01-02,42.459999084472656,42.459999084472656,43.0,42.0,42.599998474121094,158259
2017-01-03,42.63999938964844,42.63999938964844,43.02000045776367,42.52000045776367,42.599998474121094,90290
2017-01-04,42.72999954223633,42.72999954223633,42.85499954223633,42.69499969482422,42.85499954223633,56492
2017-01-05,42.439998626708984,42.439998626708984,42.90999984741211,42.35499954223633,42.525001525878906,43097
2017-01-06,42.619998931884766,42.619998931884766,42.63999938964844,42.36000061035156,42.46500015258789,10207
2017-01-09,42.58000183105469,42.58000183105469,42.95500183105469,42.349998474121094,42.95500183105469,26570
2017-01-10,42.54999923706055,42.54999923706055,42.95500183105469,42.33000183105469,42.505001068115234,109281
2017-01-11,42.71500015258789,42.71500015258789,42.974998474121094,42.474998474121094,42.60499954223633,36961
2017-01-12,42.119998931884766,42.119998931884766,42.435001373291016,42.04999923706055,42.415000915527344,32950
2017-01-13,42.619998931884766,42.619998931884766,42.810001373291016,42.334999084472656,42.810001373291016,59629
2017-01-16,42.4900016784668,42.4900016784668,42.875,42.415000915527344,42.875,31934
2017-01-17,42.1150016784668,42.1150016784668,42.4900016784668,41.939998626708984,42.36000061035156,38516
2017-01-18,42.185001373291016,42.185001373291016,42.6150016784668,42.084999084472656,42.6150016784668,13439
2017-01-19,42.30500030517578,42.30500030517578,42.6150016784668,41.904998779296875,42.005001068115234,44642
2017-01-20,42.23500061035156,42.23500061035156,42.3849983215332,42.150001525878906,42.244998931884766,19288
2017-01-23,41.845001220703125,41.845001220703125,42.279998779296875,41.790000915527344,42.279998779296875,23241
2017-01-24,41.98500061035156,41.98500061035156,42.35499954223633,41.869998931884766,42.349998474121094,24682
2017-01-25,42.53499984741211,42.53499984741211,42.6150016784668,42.099998474121094,42.099998474121094,39497
2017-01-26,42.78499984741211,42.78499984741211,43.0,42.5,42.619998931884766,131634
2017-01-27,42.61000061035156,42.61000061035156,42.900001525878906,42.54999923706055,42.834999084472656,25316
2017-01-30,42.18000030517578,42.18000030517578,42.994998931884766,42.13999938964844,42.5,120911
2017-01-31,41.81999969482422,41.81999969482422,42.48500061035156,41.79999923706055,42.150001525878906,25596
2017-02-01,42.11000061035156,42.11000061035156,42.540000915527344,42.060001373291016,42.540000915527344,47564
2017-02-02,42.02000045776367,42.02000045776367,42.32500076293945,41.845001220703125,42.32500076293945,32068
2017-02-03,42.33000183105469,42.33000183105469,42.36000061035156,42.18000030517578,42.19499969482422,30023
2017-02-06,42.369998931884766,42.369998931884766,42.5099983215332,42.30500030517578,42.5,89622
2017-02-07,42.525001525878906,42.525001525878906,42.65999984741211,42.5,42.51499938964844,51305
2017-02-08,42.525001525878906,42.525001525878906,42.77000045776367,42.415000915527344,42.77000045776367,30895
2017-02-09,42.900001525878906,42.900001525878906,42.92499923706055,42.505001068115234,42.66999816894531,28521
2017-02-10,43.119998931884766,43.119998931884766,43.189998626708984,42.994998931884766,43.0,113546
2017-02-13,43.5,43.5,43.525001525878906,43.150001525878906,43.150001525878906,35057
2017-02-14,43.540000915527344,43.540000915527344,43.57500076293945,43.3650016784668,43.525001525878906,43885
2017-02-15,43.76499938964844,43.76499938964844,43.85499954223633,43.619998931884766,43.619998931884766,94673
2017-02-16,43.474998474121094,43.474998474121094,43.81999969482422,43.415000915527344,43.81999969482422,48953
2017-02-17,43.56999969482422,43.56999969482422,43.61000061035156,43.369998931884766,43.61000061035156,18072
2017-02-20,43.814998626708984,43.814998626708984,43.880001068115234,43.7400016784668,43.880001068115234,36432
2017-02-21,44.185001373291016,44.185001373291016,44.310001373291016,43.904998779296875,43.939998626708984,64233
2017-02-22,44.20000076293945,44.20000076293945,44.44499969482422,44.15999984741211,44.439998626708984,44399
2017-02-23,44.029998779296875,44.029998779296875,44.224998474121094,43.974998474121094,44.19499969482422,29950
2017-02-24,43.94499969482422,43.94499969482422,44.040000915527344,43.66999816894531,44.005001068115234,17630
2017-02-27,43.845001220703125,43.845001220703125,44.08000183105469,43.83000183105469,43.95000076293945,29294
2017-02-28,43.880001068115234,43.880001068115234,44.0,43.81999969482422,44.0,33136
2017-03-01,44.505001068115234,44.505001068115234,44.54499816894531,44.09000015258789,44.23500061035156,135522
2017-03-02,44.4900016784668,44.4900016784668,44.70000076293945,44.4900016784668,44.494998931884766,52558
2017-03-03,44.29499816894531,44.29499816894531,44.42499923706055,44.220001220703125,44.42499923706055,96869
2017-03-06,44.01499938964844,44.01499938964844,44.20000076293945,43.8650016784668,44.20000076293945,28040
2017-03-07,44.060001373291016,44.060001373291016,44.19499969482422,44.04999923706055,44.1349983215332,26747
2017-03-08,44.16999816894531,44.16999816894531,44.19499969482422,44.02000045776367,44.07500076293945,22038
2017-03-09,44.0,44.0,44.10499954223633,43.84000015258789,44.10499954223633,33123
2017-03-10,43.814998626708984,43.814998626708984,44.14500045776367,43.790000915527344,44.14500045776367,107268
2017-03-13,43.89500045776367,43.89500045776367,43.93000030517578,43.69499969482422,43.83000183105469,107179
2017-03-14,43.80500030517578,43.80500030517578,44.040000915527344,43.7400016784668,44.040000915527344,47965
2017-03-15,44.07500076293945,44.07500076293945,44.08000183105469,43.92499923706055,43.994998931884766,13803
2017-03-16,43.974998474121094,43.974998474121094,44.189998626708984,43.91999816894531,44.185001373291016,56535
2017-03-17,43.94499969482422,43.94499969482422,44.01499938964844,43.7599983215332,43.900001525878906,30080
2017-03-20,43.86000061035156,43.86000061035156,44.04999923706055,43.80500030517578,43.8650016784668,20646
2017-03-21,43.34000015258789,43.34000015258789,43.89500045776367,43.279998779296875,43.86000061035156,28602
2017-03-22,43.17499923706055,43.17499923706055,43.38999938964844,42.994998931884766,43.38999938964844,36455
2017-03-23,43.5,43.5,43.53499984741211,43.01499938964844,43.20000076293945,20752
2017-03-24,43.375,43.375,43.47999954223633,43.220001220703125,43.47999954223633,23110
2017-03-27,42.904998779296875,42.904998779296875,43.0099983215332,42.654998779296875,43.0099983215332,27899
2017-03-28,43.27000045776367,43.27000045776367,43.30500030517578,43.040000915527344,43.2400016784668,49103
2017-03-29,43.7400016784668,43.7400016784668,43.76499938964844,43.5,43.665000915527344,20709
2017-03-30,44.005001068115234,44.005001068115234,44.0,43.724998474121094,43.849998474121094,23886
2017-03-31,44.08000183105469,44.08000183105469,44.39500045776367,43.915000915527344,44.17499923706055,56924
2017-04-03,43.915000915527344,43.915000915527344,44.61000061035156,43.755001068115234,44.494998931884766,33144
2017-04-04,43.98500061035156,43.98500061035156,44.334999084472656,43.86000061035156,44.0,24449
2017-04-05,44.15999984741211,44.15999984741211,44.29999923706055,43.880001068115234,44.005001068115234,44618
2017-04-06,44.064998626708984,44.064998626708984,44.05500030517578,43.755001068115234,43.79999923706055,24942
2017-04-07,44.150001525878906,44.150001525878906,44.17499923706055,43.900001525878906,44.02000045776367,31549
2017-04-10,44.220001220703125,44.220001220703125,44.369998931884766,44.209999084472656,44.25,73580
2017-04-11,43.95000076293945,43.95000076293945,44.244998931884766,43.869998931884766,44.22999954223633,55243
2017-04-12,44.07500076293945,44.07500076293945,44.279998779296875,44.084999084472656,44.220001220703125,51913
2017-04-13,43.959999084472656,43.959999084472656,44.029998779296875,43.70000076293945,44.0,136484
2017-04-18,43.61000061035156,43.61000061035156,44.375,43.595001220703125,44.07500076293945,28608
2017-04-19,43.64500045776367,43.64500045776367,43.67499923706055,43.47999954223633,43.595001220703125,31340
2017-04-20,43.48500061035156,43.48500061035156,43.64500045776367,43.369998931884766,43.64500045776367,31950
2017-04-21,43.77000045776367,43.77000045776367,43.875,43.71500015258789,43.814998626708984,7864
2017-04-24,43.73500061035156,43.73500061035156,43.875,43.70000076293945,43.77000045776367,77548
2017-04-25,43.75,43.75,43.875,43.720001220703125,43.790000915527344,5563
2017-04-26,44.095001220703125,44.095001220703125,44.095001220703125,43.724998474121094,43.775001525878906,37268
2017-04-27,43.904998779296875,43.904998779296875,44.02000045776367,43.78499984741211,43.869998931884766,31083
2017-04-28,43.814998626708984,43.814998626708984,44.095001220703125,43.7400016784668,43.90999984741211,41710
2017-05-02,43.904998779296875,43.904998779296875,43.970001220703125,43.849998474121094,43.91999816894531,37067
2017-05-03,43.79999923706055,43.79999923706055,43.875,43.79999923706055,43.83000183105469,49829
2017-05-04,43.845001220703125,43.845001220703125,44.01499938964844,43.775001525878906,44.01499938964844,40961
2017-05-05,43.81999969482422,43.81999969482422,43.8650016784668,43.654998779296875,43.69499969482422,14648
2017-05-08,44.07500076293945,44.07500076293945,44.119998931884766,43.970001220703125,44.0,15283
2017-05-09,44.290000915527344,44.290000915527344,44.334999084472656,44.13999938964844,44.20000076293945,18747
2017-05-10,44.36000061035156,44.36000061035156,44.369998931884766,44.130001068115234,44.19499969482422,19609
2017-05-11,44.15999984741211,44.15999984741211,44.400001525878906,44.099998474121094,44.31999969482422,78521
2017-05-12,44.07500076293945,44.07500076293945,44.25,44.01499938964844,44.209999084472656,53111
2017-05-15,44.1150016784668,44.1150016784668,44.21500015258789,43.994998931884766,44.21500015258789,37457
2017-05-16,43.85499954223633,43.85499954223633,44.0099983215332,43.755001068115234,44.0099983215332,39469
2017-05-17,43.14500045776367,43.14500045776367,43.755001068115234,43.05500030517578,43.75,296805
2017-05-18,43.099998474121094,43.099998474121094,43.150001525878906,42.744998931884766,43.13999938964844,39905
2017-05-19,43.185001373291016,43.185001373291016,43.20000076293945,43.02000045776367,43.095001220703125,31174
2017-05-22,43.18000030517578,43.18000030517578,43.31999969482422,43.060001373291016,43.30500030517578,37913
2017-05-23,43.30500030517578,43.30500030517578,43.345001220703125,43.1349983215332,43.20500183105469,21760
2017-05-24,43.459999084472656,43.459999084472656,43.4900016784668,43.380001068115234,43.45500183105469,40223
2017-05-25,43.53499984741211,43.53499984741211,43.599998474121094,43.34000015258789,43.53499984741211,130337
2017-05-26,43.595001220703125,43.595001220703125,43.625,43.3849983215332,43.494998931884766,17254
2017-05-29,43.599998474121094,43.599998474121094,43.650001525878906,43.55500030517578,43.650001525878906,8513
2017-05-30,43.54999923706055,43.54999923706055,43.71500015258789,43.48500061035156,43.665000915527344,21295
2017-05-31,43.34000015258789,43.34000015258789,43.595001220703125,43.29999923706055,43.57500076293945,11481
2017-06-01,43.584999084472656,43.584999084472656,43.595001220703125,43.40999984741211,43.41999816894531,14455
2017-06-02,43.68000030517578,43.68000030517578,43.95500183105469,43.650001525878906,43.75,5931
2017-06-05,43.75,43.75,43.904998779296875,43.66999816894531,43.79499816894531,10403
2017-06-06,43.59000015258789,43.59000015258789,43.73500061035156,43.529998779296875,43.584999084472656,15494
2017-06-07,43.630001068115234,43.630001068115234,43.900001525878906,43.56999969482422,43.625,14215
2017-06-08,43.7599983215332,43.7599983215332,43.83000183105469,43.64500045776367,43.64500045776367,13598
2017-06-09,44.025001525878906,44.025001525878906,44.07500076293945,43.82500076293945,43.935001373291016,39333
2017-06-12,43.69499969482422,43.69499969482422,43.79999923706055,43.56999969482422,43.744998931884766,21273
2017-06-13,43.8650016784668,43.8650016784668,43.915000915527344,43.790000915527344,43.875,52378
2017-06-14,43.70000076293945,43.70000076293945,44.06999969482422,43.67499923706055,43.91999816894531,27382
2017-06-15,43.849998474121094,43.849998474121094,43.79999923706055,43.654998779296875,43.744998931884766,11780
2017-06-16,43.779998779296875,43.779998779296875,44.04499816894531,43.71500015258789,43.95500183105469,12374
2017-06-19,44.23500061035156,44.23500061035156,44.26499938964844,43.994998931884766,44.03499984741211,17976
2017-06-20,44.19499969482422,44.19499969482422,44.35499954223633,44.185001373291016,44.314998626708984,31186
2017-06-21,43.98500061035156,43.98500061035156,44.095001220703125,43.875,44.08000183105469,31832
2017-06-22,44.064998626708984,44.064998626708984,44.040000915527344,43.790000915527344,43.935001373291016,8394
2017-06-23,43.88999938964844,43.88999938964844,44.005001068115234,43.79999923706055,43.974998474121094,32315
2017-06-26,43.94499969482422,43.94499969482422,44.119998931884766,43.88999938964844,43.95500183105469,5368
2017-06-27,43.54499816894531,43.54499816894531,43.92499923706055,43.47999954223633,43.92499923706055,22367
2017-06-28,43.415000915527344,43.415000915527344,43.400001525878906,42.9900016784668,43.400001525878906,177767
2017-06-29,42.92499923706055,42.92499923706055,43.43000030517578,42.91999816894531,43.400001525878906,29337
2017-06-30,42.86000061035156,42.86000061035156,43.11000061035156,42.86000061035156,42.869998931884766,22217
2017-07-03,43.30500030517578,43.30500030517578,43.33000183105469,43.01499938964844,43.02000045776367,117107
2017-07-04,43.16999816894531,43.16999816894531,43.279998779296875,43.09000015258789,43.09000015258789,6141
2017-07-05,43.220001220703125,43.220001220703125,43.33000183105469,43.11000061035156,43.18000030517578,36794
2017-07-06,42.904998779296875,42.904998779296875,43.2400016784668,42.78499984741211,43.2400016784668,28821
2017-07-07,42.875,42.875,42.904998779296875,42.61000061035156,42.744998931884766,80165
2017-07-10,43.025001525878906,43.025001525878906,43.040000915527344,42.904998779296875,42.959999084472656,16354
2017-07-11,42.72999954223633,42.72999954223633,43.10499954223633,42.73500061035156,43.03499984741211,5700
2017-07-12,43.279998779296875,43.279998779296875,43.36000061035156,42.810001373291016,42.81999969482422,24573
2017-07-13,43.435001373291016,43.435001373291016,43.5099983215332,43.224998474121094,43.255001068115234,24456
2017-07-14,43.345001220703125,43.345001220703125,43.41999816894531,43.275001525878906,43.41999816894531,11217
2017-07-17,43.45000076293945,43.45000076293945,43.54499816894531,43.38999938964844,43.45500183105469,16710
2017-07-18,42.974998474121094,42.974998474121094,43.654998779296875,42.900001525878906,43.29999923706055,129980
2017-07-19,43.349998474121094,43.349998474121094,43.400001525878906,43.18000030517578,43.25,36738
2017-07-20,43.040000915527344,43.040000915527344,43.654998779296875,42.9900016784668,43.45000076293945,37508
2017-07-21,42.875,42.875,43.14500045776367,42.79999923706055,43.01499938964844,9329
2017-07-24,42.83000183105469,42.83000183105469,42.939998626708984,42.79499816894531,42.880001068115234,12202
2017-07-25,43.029998779296875,43.029998779296875,43.060001373291016,42.869998931884766,42.880001068115234,28981
2017-07-26,43.119998931884766,43.119998931884766,43.21500015258789,43.05500030517578,43.05500030517578,3119
2017-07-27,43.060001373291016,43.060001373291016,43.09000015258789,42.90999984741211,42.90999984741211,29576
2017-07-28,42.564998626708984,42.564998626708984,42.790000915527344,42.5,42.78499984741211,42000
2017-07-31,42.53499984741211,42.53499984741211,42.81999969482422,42.48500061035156,42.64500045776367,24286
2017-08-01,42.625,42.625,43.125,42.529998779296875,42.529998779296875,17163
2017-08-02,42.375,42.375,42.595001220703125,42.349998474121094,42.58000183105469,16927
2017-08-03,42.349998474121094,42.349998474121094,42.47999954223633,42.349998474121094,42.42499923706055,79080
2017-08-04,42.814998626708984,42.814998626708984,42.8849983215332,42.334999084472656,42.334999084472656,71463
2017-08-07,42.709999084472656,42.709999084472656,42.79499816894531,42.63999938964844,42.79499816894531,28852
2017-08-08,42.95000076293945,42.95000076293945,42.95000076293945,42.59000015258789,42.67499923706055,11462
2017-08-09,42.63999938964844,42.63999938964844,42.755001068115234,42.584999084472656,42.720001220703125,8267
2017-08-10,42.33000183105469,42.33000183105469,42.72999954223633,42.31999969482422,42.71500015258789,7154
2017-08-11,41.939998626708984,41.939998626708984,42.2599983215332,41.875,42.2599983215332,10132
2017-08-14,42.42499923706055,42.42499923706055,42.400001525878906,42.060001373291016,42.060001373291016,5805
2017-08-16,42.775001525878906,42.775001525878906,42.84000015258789,42.56999969482422,42.63999938964844,4208
2017-08-17,42.45500183105469,42.45500183105469,42.755001068115234,42.48500061035156,42.59000015258789,8790
2017-08-18,42.13999938964844,42.13999938964844,42.165000915527344,41.974998474121094,42.060001373291016,35025
2017-08-21,41.79999923706055,41.79999923706055,42.04999923706055,41.76499938964844,42.025001525878906,4140
2017-08-22,42.26499938964844,42.26499938964844,42.290000915527344,42.03499984741211,42.08000183105469,115621
2017-08-23,42.130001068115234,42.130001068115234,42.3849983215332,42.06999969482422,42.28499984741211,12662
2017-08-24,42.095001220703125,42.095001220703125,42.255001068115234,42.084999084472656,42.18000030517578,32212
2017-08-25,41.94499969482422,41.94499969482422,42.244998931884766,41.94499969482422,42.20000076293945,23710
2017-08-28,41.6349983215332,41.6349983215332,41.84000015258789,41.61000061035156,41.689998626708984,33847
2017-08-29,41.33000183105469,41.33000183105469,41.5,40.9900016784668,41.5,33606
2017-08-30,41.845001220703125,41.845001220703125,41.849998474121094,41.66999816894531,41.69499969482422,9053
2017-08-31,42.209999084472656,42.209999084472656,42.279998779296875,41.97999954223633,42.029998779296875,13281
2017-09-01,42.42499923706055,42.42499923706055,42.470001220703125,42.21500015258789,42.34000015258789,34906
2017-09-04,42.11000061035156,42.11000061035156,42.185001373291016,42.064998626708984,42.11000061035156,11491
2017-09-05,42.060001373291016,42.060001373291016,42.29999923706055,42.0,42.154998779296875,37287
2017-09-06,42.0099983215332,42.0099983215332,42.084999084472656,41.900001525878906,42.0099983215332,6220
2017-09-07,41.8849983215332,41.8849983215332,42.130001068115234,41.82500076293945,42.130001068115234,26662
2017-09-08,41.90999984741211,41.90999984741211,41.915000915527344,41.70000076293945,41.755001068115234,7629
2017-09-11,42.34000015258789,42.34000015258789,42.3650016784668,42.095001220703125,42.11000061035156,22188
2017-09-12,42.56999969482422,42.56999969482422,42.89500045776367,42.46500015258789,42.89500045776367,18066
2017-09-13,42.76499938964844,42.76499938964844,42.76499938964844,42.44499969482422,42.54999923706055,22571
2017-09-14,42.845001220703125,42.845001220703125,42.94499969482422,42.68000030517578,42.779998779296875,79887
2017-09-15,42.560001373291016,42.560001373291016,42.70500183105469,42.470001220703125,42.70000076293945,5028
2017-09-18,42.744998931884766,42.744998931884766,42.869998931884766,42.67499923706055,42.810001373291016,27051
2017-09-19,42.71500015258789,42.71500015258789,42.73500061035156,42.560001373291016,42.599998474121094,70793
2017-09-20,42.665000915527344,42.665000915527344,42.67499923706055,42.6150016784668,42.66999816894531,34073
2017-09-21,42.81999969482422,42.81999969482422,42.935001373291016,42.775001525878906,42.86000061035156,18470
2017-09-22,42.66999816894531,42.66999816894531,42.720001220703125,42.56999969482422,42.65999984741211,24026
2017-09-25,42.96500015258789,42.96500015258789,42.98500061035156,42.790000915527344,42.82500076293945,26025
2017-09-26,43.20000076293945,43.20000076293945,43.650001525878906,42.994998931884766,43.0,71235
2017-09-27,43.369998931884766,43.369998931884766,43.53499984741211,43.310001373291016,43.310001373291016,190995
2017-09-28,43.33000183105469,43.33000183105469,43.505001068115234,43.27000045776367,43.45000076293945,48785
2017-09-29,43.3849983215332,43.3849983215332,43.41999816894531,43.25,43.36000061035156,22697
2017-10-02,43.775001525878906,43.775001525878906,43.81999969482422,43.60499954223633,43.60499954223633,29229
2017-10-03,43.81999969482422,43.81999969482422,43.95000076293945,43.78499984741211,43.94499969482422,22497
2017-10-04,43.88999938964844,43.88999938964844,43.92499923706055,43.77000045776367,43.88999938964844,29780
2017-10-05,44.125,44.125,44.125,43.834999084472656,43.834999084472656,11686
2017-10-06,44.04999923706055,44.04999923706055,44.26499938964844,44.0,44.209999084472656,42591
2017-10-09,44.07500076293945,44.07500076293945,44.20000076293945,44.04999923706055,44.099998474121094,15054
2017-10-10,43.89500045776367,43.89500045776367,44.04999923706055,43.89500045776367,44.04999923706055,39473
2017-10-11,43.834999084472656,43.834999084472656,43.915000915527344,43.779998779296875,43.915000915527344,28540
2017-10-12,43.88999938964844,43.88999938964844,44.255001068115234,43.775001525878906,43.79999923706055,52070
2017-10-13,44.03499984741211,44.03499984741211,44.11000061035156,43.92499923706055,44.005001068115234,427925
2017-10-16,44.13999938964844,44.13999938964844,44.275001525878906,44.125,44.275001525878906,658500
2017-10-17,44.255001068115234,44.255001068115234,44.35499954223633,44.20000076293945,44.29499816894531,51695
2017-10-18,44.314998626708984,44.314998626708984,44.400001525878906,44.2599983215332,44.345001220703125,19163
2017-10-19,43.974998474121094,43.974998474121094,44.2400016784668,43.845001220703125,44.2400016784668,50598
2017-10-20,44.28499984741211,44.28499984741211,44.31999969482422,44.189998626708984,44.20000076293945,40602
2017-10-23,44.505001068115234,44.505001068115234,44.599998474121094,44.349998474121094,44.349998474121094,18509
2017-10-24,44.375,44.375,44.47999954223633,44.31999969482422,44.474998474121094,10926
2017-10-25,43.970001220703125,43.970001220703125,44.349998474121094,43.900001525878906,44.314998626708984,12856
2017-10-26,44.540000915527344,44.540000915527344,44.540000915527344,43.94499969482422,44.03499984741211,35299
2017-10-27,45.095001220703125,45.095001220703125,45.095001220703125,44.599998474121094,44.599998474121094,59870
2017-10-30,44.88999938964844,44.88999938964844,45.04999923706055,44.849998474121094,44.959999084472656,26699
2017-10-31,44.970001220703125,44.970001220703125,44.97999954223633,44.834999084472656,44.849998474121094,57440
2017-11-01,45.154998779296875,45.154998779296875,45.290000915527344,45.02000045776367,45.02000045776367,33500
2017-11-02,44.970001220703125,44.970001220703125,45.2599983215332,44.7599983215332,45.099998474121094,21906
2017-11-03,45.224998474121094,45.224998474121094,45.224998474121094,44.96500015258789,45.08000183105469,73034
2017-11-06,45.349998474121094,45.349998474121094,45.375,45.150001525878906,45.19499969482422,26506
2017-11-07,45.40999984741211,45.40999984741211,45.540000915527344,45.310001373291016,45.400001525878906,233580
2017-11-08,45.35499954223633,45.35499954223633,45.41999816894531,45.279998779296875,45.39500045776367,14664
2017-11-09,45.005001068115234,45.005001068115234,45.40999984741211,44.97999954223633,45.3650016784668,19975
2017-11-10,44.8650016784668,44.8650016784668,45.08000183105469,44.79999923706055,45.060001373291016,27477
2017-11-13,44.83000183105469,44.83000183105469,44.97999954223633,44.599998474121094,44.974998474121094,37328
2017-11-14,44.345001220703125,44.345001220703125,44.755001068115234,44.28499984741211,44.71500015258789,41253
2017-11-15,44.10499954223633,44.10499954223633,44.150001525878906,43.810001373291016,44.03499984741211,33210
2017-11-16,44.470001220703125,44.470001220703125,44.494998931884766,44.17499923706055,44.28499984741211,21884
2017-11-17,44.33000183105469,44.33000183105469,44.42499923706055,44.275001525878906,44.415000915527344,17950
2017-11-20,44.599998474121094,44.599998474121094,44.599998474121094,44.224998474121094,44.345001220703125,15127
2017-11-21,44.8849983215332,44.8849983215332,44.94499969482422,44.529998779296875,44.619998931884766,29573
2017-11-22,44.685001373291016,44.685001373291016,44.95000076293945,44.70000076293945,44.86000061035156,16345
2017-11-23,44.54999923706055,44.54999923706055,44.90999984741211,44.415000915527344,44.54999923706055,107786
2017-11-24,44.3849983215332,44.3849983215332,44.65999984741211,44.369998931884766,44.61000061035156,22900
2017-11-27,44.334999084472656,44.334999084472656,45.279998779296875,43.915000915527344,43.915000915527344,25381
2017-11-28,44.61000061035156,44.61000061035156,44.6349983215332,44.39500045776367,44.470001220703125,11764
2017-11-29,44.845001220703125,44.845001220703125,45.310001373291016,44.75,44.75,24891
2017-11-30,44.810001373291016,44.810001373291016,45.05500030517578,44.72999954223633,44.834999084472656,17045
2017-12-01,44.48500061035156,44.48500061035156,45.06999969482422,44.48500061035156,44.85499954223633,14778
2017-12-04,45.084999084472656,45.084999084472656,45.349998474121094,45.04499816894531,45.08000183105469,74462
2017-12-05,45.099998474121094,45.099998474121094,45.11000061035156,44.80500030517578,44.89500045776367,28040
2017-12-06,44.97999954223633,44.97999954223633,44.98500061035156,44.650001525878906,44.689998626708984,34121
2017-12-07,45.01499938964844,45.01499938964844,45.07500076293945,44.875,44.97999954223633,32347
2017-12-08,45.33000183105469,45.33000183105469,45.45000076293945,45.290000915527344,45.29999923706055,6736
2017-12-11,45.314998626708984,45.314998626708984,45.494998931884766,45.279998779296875,45.439998626708984,14826
2017-12-12,45.810001373291016,45.810001373291016,45.810001373291016,45.415000915527344,45.5,46719
2017-12-13,45.689998626708984,45.689998626708984,45.73500061035156,45.564998626708984,45.564998626708984,18422
2017-12-14,45.525001525878906,45.525001525878906,45.58000183105469,45.33000183105469,45.5,42736
2017-12-15,45.59000015258789,45.59000015258789,45.58000183105469,45.255001068115234,45.400001525878906,53703
2017-12-18,45.875,45.875,45.88999938964844,45.755001068115234,45.80500030517578,45166
2017-12-19,45.70500183105469,45.70500183105469,45.92499923706055,45.67499923706055,45.85499954223633,31573
2017-12-20,45.369998931884766,45.369998931884766,45.685001373291016,45.25,45.619998931884766,25858
2017-12-21,45.56999969482422,45.56999969482422,45.77000045776367,45.25,45.77000045776367,18798
2017-12-22,45.599998474121094,45.599998474121094,45.66999816894531,45.560001373291016,45.6349983215332,38230
2017-12-27,45.560001373291016,45.560001373291016,46.0,45.20500183105469,45.79999923706055,40700
2017-12-28,45.3650016784668,45.3650016784668,45.625,45.33000183105469,45.625,132405
2017-12-29,45.22999954223633,45.22999954223633,45.474998474121094,45.18000030517578,45.474998474121094,49567
2018-01-02,45.13999938964844,45.13999938964844,45.79999923706055,44.880001068115234,45.79999923706055,184080
2018-01-03,45.53499984741211,45.53499984741211,46.0,45.099998474121094,45.099998474121094,70419
2018-01-04,45.76499938964844,45.76499938964844,45.80500030517578,45.6150016784668,45.66999816894531,108532
2018-01-05,46.084999084472656,46.084999084472656,46.084999084472656,45.85499954223633,45.86000061035156,22047
2018-01-08,46.40999984741211,46.40999984741211,46.459999084472656,46.20000076293945,46.20000076293945,38439
2018-01-09,46.7400016784668,46.7400016784668,46.72999954223633,46.529998779296875,46.54499816894531,43518
2018-01-10,46.41999816894531,46.41999816894531,46.619998931884766,46.23500061035156,46.619998931884766,171645
2018-01-11,46.33000183105469,46.33000183105469,46.650001525878906,46.25,46.650001525878906,48504
2018-01-12,46.39500045776367,46.39500045776367,46.439998626708984,46.18000030517578,46.435001373291016,29772
2018-01-15,46.150001525878906,46.150001525878906,46.30500030517578,46.03499984741211,46.29999923706055,12683
2018-01-16,46.26499938964844,46.26499938964844,46.4900016784668,46.20000076293945,46.25,19030
2018-01-17,46.23500061035156,46.23500061035156,46.29999923706055,46.06999969482422,46.14500045776367,13678
2018-01-18,46.209999084472656,46.209999084472656,46.36000061035156,46.15999984741211,46.334999084472656,22317
2018-01-19,46.415000915527344,46.415000915527344,46.42499923706055,46.130001068115234,46.14500045776367,19959
2018-01-22,46.55500030517578,46.55500030517578,46.599998474121094,46.334999084472656,46.459999084472656,48201
2018-01-23,46.73500061035156,46.73500061035156,46.89500045776367,46.6150016784668,46.7400016784668,21502
2018-01-24,46.34000015258789,46.34000015258789,46.709999084472656,46.099998474121094,46.55500030517578,62812
2018-01-25,46.064998626708984,46.064998626708984,46.48500061035156,45.94499969482422,46.28499984741211,24370
2018-01-26,46.42499923706055,46.42499923706055,46.42499923706055,46.10499954223633,46.13999938964844,16905
2018-01-29,46.619998931884766,46.619998931884766,46.75,46.470001220703125,46.685001373291016,59714
2018-01-30,46.03499984741211,46.03499984741211,46.43000030517578,45.82500076293945,46.43000030517578,80523
2018-01-31,45.869998931884766,45.869998931884766,46.03499984741211,45.744998931884766,45.970001220703125,29686
2018-02-01,45.64500045776367,45.64500045776367,46.1150016784668,45.560001373291016,46.1150016784668,36267
2018-02-02,45.26499938964844,45.26499938964844,45.529998779296875,45.2599983215332,45.525001525878906,71719
2018-02-05,44.630001068115234,44.630001068115234,45.095001220703125,44.3650016784668,45.095001220703125,32591
2018-02-06,43.10499954223633,43.10499954223633,44.32500076293945,42.56999969482422,44.0099983215332,428571
2018-02-07,44.53499984741211,44.53499984741211,44.66999816894531,43.5,43.65999984741211,106083
2018-02-08,43.650001525878906,43.650001525878906,44.20000076293945,43.6150016784668,44.084999084472656,104410
2018-02-09,42.849998474121094,42.849998474121094,43.244998931884766,42.57500076293945,43.16999816894531,167280
2018-02-12,43.48500061035156,43.48500061035156,43.71500015258789,43.34000015258789,43.34000015258789,23082
2018-02-13,43.23500061035156,43.23500061035156,43.380001068115234,43.14500045776367,43.380001068115234,38792
2018-02-14,43.5099983215332,43.5099983215332,43.685001373291016,42.30500030517578,43.65999984741211,25422
2018-02-15,43.76499938964844,43.76499938964844,44.04499816894531,43.665000915527344,43.845001220703125,40119
2018-02-16,44.44499969482422,44.44499969482422,44.5,44.15999984741211,44.15999984741211,39410
2018-02-19,44.349998474121094,44.349998474121094,44.63999938964844,44.31999969482422,44.625,13033
2018-02-20,44.6349983215332,44.6349983215332,44.6349983215332,44.290000915527344,44.459999084472656,27254
2018-02-21,44.7599983215332,44.7599983215332,44.7599983215332,44.29499816894531,44.46500015258789,43148
2018-02-22,44.560001373291016,44.560001373291016,44.6349983215332,44.189998626708984,44.28499984741211,28968
2018-02-23,44.689998626708984,44.689998626708984,44.69499969482422,44.48500061035156,44.650001525878906,17131
2018-02-26,45.154998779296875,45.154998779296875,45.209999084472656,44.939998626708984,45.0,24943
2018-02-27,45.35499954223633,45.35499954223633,45.54499816894531,45.18000030517578,45.275001525878906,22599
2018-02-28,45.04499816894531,45.04499816894531,45.38999938964844,45.0,45.119998931884766,39305
2018-03-01,44.525001525878906,44.525001525878906,44.900001525878906,44.415000915527344,44.79999923706055,64776
2018-03-02,43.42499923706055,43.42499923706055,44.099998474121094,43.255001068115234,44.099998474121094,217596
2018-03-05,43.9900016784668,43.9900016784668,43.9900016784668,43.4900016784668,43.57500076293945,40429
2018-03-06,43.939998626708984,43.939998626708984,44.345001220703125,43.915000915527344,44.345001220703125,26981
2018-03-07,44.02000045776367,44.02000045776367,44.095001220703125,43.564998626708984,43.77000045776367,81592
2018-03-08,44.459999084472656,44.459999084472656,44.52000045776367,44.03499984741211,44.10499954223633,56841
2018-03-09,44.939998626708984,44.939998626708984,44.915000915527344,44.529998779296875,44.55500030517578,40578
2018-03-12,45.16999816894531,45.16999816894531,45.349998474121094,45.084999084472656,45.21500015258789,30826
2018-03-13,44.73500061035156,44.73500061035156,45.244998931884766,44.71500015258789,45.17499923706055,43041
2018-03-14,44.55500030517578,44.55500030517578,45.025001525878906,44.540000915527344,44.78499984741211,79636
2018-03-15,44.79499816894531,44.79499816894531,44.86000061035156,44.56999969482422,44.709999084472656,42594
2018-03-16,44.8650016784668,44.8650016784668,45.084999084472656,44.53499984741211,45.084999084472656,91478
2018-03-19,44.165000915527344,44.165000915527344,44.814998626708984,44.095001220703125,44.814998626708984,65235
2018-03-20,44.48500061035156,44.48500061035156,44.474998474121094,43.93000030517578,44.21500015258789,18770
2018-03-21,44.595001220703125,44.595001220703125,44.6150016784668,44.290000915527344,44.52000045776367,34511
2018-03-22,43.83000183105469,43.83000183105469,44.310001373291016,43.54999923706055,44.310001373291016,96445
2018-03-23,43.02000045776367,43.02000045776367,44.0,42.900001525878906,44.0,95915
2018-03-26,42.525001525878906,42.525001525878906,43.380001068115234,42.45000076293945,43.380001068115234,115410
2018-03-27,43.29499816894531,43.29499816894531,43.52000045776367,43.20000076293945,43.3650016784668,165867
2018-03-28,42.845001220703125,42.845001220703125,43.10499954223633,42.55500030517578,42.849998474121094,138209
2018-03-29,43.41999816894531,43.41999816894531,43.54499816894531,43.03499984741211,43.07500076293945,41553
2018-04-03,43.095001220703125,43.095001220703125,43.21500015258789,42.3650016784668,43.21500015258789,53978
2018-04-04,43.0099983215332,43.0099983215332,43.20500183105469,42.435001373291016,43.20000076293945,52833
2018-04-05,44.185001373291016,44.185001373291016,44.20000076293945,43.48500061035156,43.70000076293945,46764
2018-04-06,43.59000015258789,43.59000015258789,44.21500015258789,43.52000045776367,44.21500015258789,40712
2018-04-09,43.595001220703125,43.595001220703125,44.07500076293945,43.380001068115234,44.07500076293945,34410
2018-04-10,43.869998931884766,43.869998931884766,44.57500076293945,43.58000183105469,44.57500076293945,64549
2018-04-11,43.60499954223633,43.60499954223633,43.689998626708984,43.334999084472656,43.619998931884766,252901
2018-04-12,44.02000045776367,44.02000045776367,44.084999084472656,43.540000915527344,43.630001068115234,47192
2018-04-13,43.935001373291016,43.935001373291016,44.209999084472656,43.845001220703125,44.04999923706055,22398
2018-04-16,43.880001068115234,43.880001068115234,44.13999938964844,43.814998626708984,43.935001373291016,18582
2018-04-17,44.44499969482422,44.44499969482422,44.459999084472656,44.0,44.02000045776367,38717
2018-04-18,44.5,44.5,44.54499816894531,44.36000061035156,44.459999084472656,17728
2018-04-19,44.380001068115234,44.380001068115234,44.5,44.290000915527344,44.5,10668
2018-04-20,44.32500076293945,44.32500076293945,44.54499816894531,44.22999954223633,44.30500030517578,84737
2018-04-23,44.625,44.625,44.625,44.0,44.0,30027
2018-04-24,44.4900016784668,44.4900016784668,44.78499984741211,44.439998626708984,44.650001525878906,28909
2018-04-25,44.1349983215332,44.1349983215332,44.30500030517578,43.849998474121094,44.06999969482422,27887
2018-04-26,44.7400016784668,44.7400016784668,44.779998779296875,44.19499969482422,44.279998779296875,24205
2018-04-27,44.875,44.875,45.08000183105469,44.78499984741211,44.90999984741211,19837
2018-04-30,45.095001220703125,45.095001220703125,45.13999938964844,44.7400016784668,44.95500183105469,16376
2018-05-02,45.165000915527344,45.165000915527344,45.20500183105469,44.9900016784668,45.03499984741211,54045
2018-05-03,44.55500030517578,44.55500030517578,44.9900016784668,44.505001068115234,44.9900016784668,27252
2018-05-04,45.33000183105469,45.33000183105469,45.34000015258789,44.79999923706055,44.915000915527344,72531
2018-05-07,45.744998931884766,45.744998931884766,45.84000015258789,45.0,45.0,72593
2018-05-08,45.80500030517578,45.80500030517578,45.849998474121094,45.56999969482422,45.75,22884
2018-05-09,45.97999954223633,45.97999954223633,46.03499984741211,45.849998474121094,45.935001373291016,30757
2018-05-10,46.30500030517578,46.30500030517578,46.349998474121094,46.03499984741211,46.15999984741211,25643
2018-05-11,46.369998931884766,46.369998931884766,46.435001373291016,46.23500061035156,46.42499923706055,31269
2018-05-14,46.42499923706055,46.42499923706055,46.47999954223633,46.27000045776367,46.39500045776367,27992
2018-05-15,46.404998779296875,46.404998779296875,46.560001373291016,46.279998779296875,46.3849983215332,21599
2018-05-16,46.72999954223633,46.72999954223633,46.77000045776367,46.439998626708984,46.439998626708984,41414
2018-05-17,46.935001373291016,46.935001373291016,47.005001068115234,46.66999816894531,46.77000045776367,50750
2018-05-18,46.8650016784668,46.8650016784668,46.96500015258789,46.724998474121094,46.810001373291016,35806
2018-05-21,47.10499954223633,47.10499954223633,47.23500061035156,47.025001525878906,47.165000915527344,34932
2018-05-22,47.154998779296875,47.154998779296875,47.22999954223633,46.970001220703125,47.185001373291016,27842
2018-05-23,46.95000076293945,46.95000076293945,47.05500030517578,46.76499938964844,47.0,86091
2018-05-24,46.790000915527344,46.790000915527344,47.11000061035156,46.625,47.040000915527344,122234
2018-05-25,47.084999084472656,47.084999084472656,47.125,46.93000030517578,47.04499816894531,49181
2018-05-28,47.125,47.125,47.72999954223633,47.005001068115234,47.20000076293945,30060
2018-05-29,46.935001373291016,46.935001373291016,47.19499969482422,46.35499954223633,47.19499969482422,65316
2018-05-30,46.90999984741211,46.90999984741211,46.92499923706055,46.68000030517578,46.8650016784668,32442
2018-05-31,46.744998931884766,46.744998931884766,47.19499969482422,46.630001068115234,47.19499969482422,35733
2018-06-01,47.05500030517578,47.05500030517578,47.09000015258789,46.73500061035156,46.82500076293945,294917
2018-06-04,47.154998779296875,47.154998779296875,47.2400016784668,47.0,47.2400016784668,145428
2018-06-05,47.165000915527344,47.165000915527344,47.369998931884766,47.099998474121094,47.125,15371
2018-06-06,47.14500045776367,47.14500045776367,47.2400016784668,46.84000015258789,47.14500045776367,58043
2018-06-07,47.08000183105469,47.08000183105469,47.564998626708984,47.025001525878906,47.564998626708984,39008
2018-06-08,47.16999816894531,47.16999816894531,47.21500015258789,46.88999938964844,47.119998931884766,47165
2018-06-11,47.31999969482422,47.31999969482422,47.31999969482422,47.119998931884766,47.119998931884766,46410
2018-06-12,47.314998626708984,47.314998626708984,47.52000045776367,47.255001068115234,47.5,27611
2018-06-13,47.435001373291016,47.435001373291016,47.994998931884766,47.3849983215332,47.79499816894531,21318
2018-06-14,47.915000915527344,47.915000915527344,48.0,46.95000076293945,47.0,23379
2018-06-15,47.6349983215332,47.6349983215332,48.76499938964844,47.59000015258789,48.43000030517578,78804
2018-06-18,47.63999938964844,47.63999938964844,47.98500061035156,47.45000076293945,47.790000915527344,47576
2018-06-19,47.404998779296875,47.404998779296875,47.470001220703125,47.1150016784668,47.290000915527344,31110
2018-06-20,47.59000015258789,47.59000015258789,47.77000045776367,47.41999816894531,47.689998626708984,39541
2018-06-21,47.279998779296875,47.279998779296875,47.845001220703125,47.099998474121094,47.845001220703125,36175
2018-06-22,47.41999816894531,47.41999816894531,47.41999816894531,47.17499923706055,47.18000030517578,55768
2018-06-25,46.349998474121094,46.349998474121094,47.130001068115234,46.349998474121094,47.1150016784668,27417
2018-06-26,46.57500076293945,46.57500076293945,46.70000076293945,46.28499984741211,46.63999938964844,31134
2018-06-27,47.01499938964844,47.01499938964844,47.150001525878906,46.380001068115234,46.56999969482422,63748
2018-06-28,46.650001525878906,46.650001525878906,46.92499923706055,46.42499923706055,46.82500076293945,39621
2018-06-29,46.86000061035156,46.86000061035156,46.94499969482422,46.720001220703125,46.80500030517578,35917
2018-07-02,46.5,46.5,46.64500045776367,46.26499938964844,46.36000061035156,41867
2018-07-03,46.70500183105469,46.70500183105469,46.880001068115234,46.599998474121094,46.689998626708984,67802
2018-07-04,46.6349983215332,46.6349983215332,46.71500015258789,46.47999954223633,46.54499816894531,35246
2018-07-05,46.6150016784668,46.6150016784668,46.724998474121094,46.43000030517578,46.43000030517578,50352
2018-07-06,46.845001220703125,46.845001220703125,46.845001220703125,46.4900016784668,46.71500015258789,85325
2018-07-09,47.220001220703125,47.220001220703125,47.220001220703125,46.97999954223633,47.095001220703125,84825
2018-07-10,47.435001373291016,47.435001373291016,47.564998626708984,47.29999923706055,47.38999938964844,54487
2018-07-11,47.119998931884766,47.119998931884766,47.224998474121094,46.98500061035156,47.130001068115234,44707
2018-07-12,47.46500015258789,47.46500015258789,47.529998779296875,47.25,47.2599983215332,43635
2018-07-13,47.71500015258789,47.71500015258789,47.875,47.47999954223633,47.47999954223633,168052
2018-07-16,47.474998474121094,47.474998474121094,47.70500183105469,47.42499923706055,47.689998626708984,55232
2018-07-17,47.64500045776367,47.64500045776367,47.67499923706055,47.29499816894531,47.380001068115234,17287
2018-07-18,47.974998474121094,47.974998474121094,48.0,47.82500076293945,47.974998474121094,35832
2018-07-19,48.0,48.0,48.04999923706055,47.85499954223633,48.0,87197
2018-07-20,47.68000030517578,47.68000030517578,47.845001220703125,47.43000030517578,47.709999084472656,53143
2018-07-23,47.6150016784668,47.6150016784668,47.67499923706055,47.404998779296875,47.55500030517578,26582
2018-07-24,47.9900016784668,47.9900016784668,48.07500076293945,47.790000915527344,47.900001525878906,16433
2018-07-25,48.03499984741211,48.03499984741211,48.03499984741211,47.810001373291016,47.98500061035156,47465
2018-07-26,48.36000061035156,48.36000061035156,48.435001373291016,48.02000045776367,48.025001525878906,28473
2018-07-27,48.404998779296875,48.404998779296875,48.6150016784668,48.380001068115234,48.51499938964844,23990
2018-07-30,47.875,47.875,48.1349983215332,47.869998931884766,48.1349983215332,184004
2018-07-31,47.994998931884766,47.994998931884766,48.005001068115234,47.7400016784668,47.80500030517578,52233
2018-08-01,48.02000045776367,48.02000045776367,48.150001525878906,47.95000076293945,48.125,97327
2018-08-02,48.064998626708984,48.064998626708984,48.064998626708984,47.71500015258789,47.994998931884766,218686
2018-08-03,48.38999938964844,48.38999938964844,48.41999816894531,48.22999954223633,48.33000183105469,31208
2018-08-06,48.599998474121094,48.599998474121094,48.70000076293945,48.474998474121094,48.525001525878906,19366
2018-08-07,48.720001220703125,48.720001220703125,48.84000015258789,48.66999816894531,48.70000076293945,20932
2018-08-08,48.71500015258789,48.71500015258789,48.779998779296875,48.584999084472656,48.67499923706055,35387
2018-08-09,48.845001220703125,48.845001220703125,48.86000061035156,48.63999938964844,48.70500183105469,48565
2018-08-10,48.95000076293945,48.95000076293945,48.95000076293945,48.72999954223633,48.8650016784668,40195
2018-08-13,48.790000915527344,48.790000915527344,48.994998931884766,48.65999984741211,48.65999984741211,662374
2018-08-14,49.01499938964844,49.01499938964844,49.08000183105469,48.79999923706055,48.880001068115234,15947
2018-08-16,48.88999938964844,48.88999938964844,48.88999938964844,48.64500045776367,48.665000915527344,28720
2018-08-17,48.77000045776367,48.77000045776367,48.994998931884766,48.650001525878906,48.96500015258789,30338
2018-08-20,48.94499969482422,48.94499969482422,49.08000183105469,48.900001525878906,48.900001525878906,33193
2018-08-21,48.79999923706055,48.79999923706055,48.880001068115234,48.630001068115234,48.73500061035156,37763
2018-08-22,48.599998474121094,48.599998474121094,48.79999923706055,48.349998474121094,48.79999923706055,27647
2018-08-23,48.48500061035156,48.48500061035156,48.68000030517578,48.48500061035156,48.61000061035156,23029
2018-08-24,48.58000183105469,48.58000183105469,48.64500045776367,48.415000915527344,48.54499816894531,19544
2018-08-27,48.790000915527344,48.790000915527344,48.834999084472656,48.709999084472656,48.814998626708984,24251
2018-08-28,48.6349983215332,48.6349983215332,48.79499816894531,48.6349983215332,48.790000915527344,27307
2018-08-29,48.93000030517578,48.93000030517578,48.93000030517578,48.72999954223633,48.900001525878906,15889
2018-08-30,48.91999816894531,48.91999816894531,48.970001220703125,48.75,48.869998931884766,34796
2018-08-31,48.90999984741211,48.90999984741211,48.91999816894531,48.630001068115234,48.91999816894531,358610
2018-09-03,48.904998779296875,48.904998779296875,48.994998931884766,48.8650016784668,48.935001373291016,32474
2018-09-04,48.834999084472656,48.834999084472656,49.11000061035156,48.724998474121094,49.099998474121094,1083788
2018-09-05,48.255001068115234,48.255001068115234,48.91999816894531,48.255001068115234,48.720001220703125,236596
2018-09-06,48.125,48.125,48.40999984741211,48.10499954223633,48.20000076293945,22599
2018-09-07,48.375,48.375,48.375,48.040000915527344,48.189998626708984,52218
2018-09-10,48.34000015258789,48.34000015258789,48.80500030517578,48.27000045776367,48.80500030517578,35623
2018-09-11,48.38999938964844,48.38999938964844,48.38999938964844,48.165000915527344,48.369998931884766,30332
2018-09-12,48.40999984741211,48.40999984741211,48.6150016784668,48.26499938964844,48.53499984741211,41275
2018-09-13,48.38999938964844,48.38999938964844,48.584999084472656,48.3849983215332,48.459999084472656,49884
2018-09-14,48.630001068115234,48.630001068115234,48.630001068115234,48.45000076293945,48.525001525878906,50004
2018-09-17,48.47999954223633,48.47999954223633,48.75,48.10499954223633,48.75,30798
2018-09-18,48.68000030517578,48.68000030517578,48.68000030517578,48.369998931884766,48.439998626708984,37302
2018-09-19,48.79499816894531,48.79499816894531,48.869998931884766,48.59000015258789,48.775001525878906,59266
2018-09-20,48.8849983215332,48.8849983215332,48.8849983215332,48.67499923706055,48.779998779296875,1456720
2018-09-21,49.05500030517578,49.05500030517578,49.11000061035156,48.849998474121094,48.900001525878906,131874
2018-09-24,48.67499923706055,48.67499923706055,48.880001068115234,48.584999084472656,48.880001068115234,97808
2018-09-25,48.85499954223633,48.85499954223633,48.904998779296875,48.70000076293945,48.79999923706055,70981
2018-09-26,48.96500015258789,48.96500015258789,49.099998474121094,48.810001373291016,49.099998474121094,79288
2018-09-27,49.244998931884766,49.244998931884766,49.25,48.775001525878906,48.900001525878906,64077
2018-09-28,49.255001068115234,49.255001068115234,49.5,49.154998779296875,49.5,62693
2018-10-01,49.6349983215332,49.6349983215332,49.9900016784668,49.334999084472656,49.4900016784668,65030
2018-10-02,49.470001220703125,49.470001220703125,49.994998931884766,49.41999816894531,49.70000076293945,63442
2018-10-03,49.70000076293945,49.70000076293945,49.72999954223633,49.42499923706055,49.470001220703125,50368
2018-10-04,49.185001373291016,49.185001373291016,49.9900016784668,49.130001068115234,49.9900016784668,22296
2018-10-05,48.91999816894531,48.91999816894531,49.5,48.91999816894531,49.5,49653
2018-10-08,48.75,48.75,49.560001373291016,48.75,49.560001373291016,106920
2018-10-09,48.89500045776367,48.89500045776367,48.97999954223633,48.69499969482422,48.79999923706055,630909
2018-10-10,47.900001525878906,47.900001525878906,48.834999084472656,47.900001525878906,48.834999084472656,90807
2018-10-11,46.57500076293945,46.57500076293945,47.95500183105469,46.375,47.900001525878906,218504
2018-10-12,46.59000015258789,46.59000015258789,46.959999084472656,46.57500076293945,46.959999084472656,194525
2018-10-15,46.65999984741211,46.65999984741211,47.165000915527344,46.244998931884766,46.43000030517578,94043
2018-10-16,47.10499954223633,47.10499954223633,47.10499954223633,46.4900016784668,46.59000015258789,109126
2018-10-17,47.275001525878906,47.275001525878906,47.6150016784668,47.084999084472656,47.494998931884766,98128
2018-10-18,47.040000915527344,47.040000915527344,47.54499816894531,47.040000915527344,47.474998474121094,41985
2018-10-19,47.17499923706055,47.17499923706055,47.404998779296875,47.07500076293945,47.26499938964844,208230
2018-10-22,46.92499923706055,46.92499923706055,47.27000045776367,46.75,47.0,115303
2018-10-23,46.029998779296875,46.029998779296875,46.5,45.84000015258789,46.5,69400
2018-10-24,46.16999816894531,46.16999816894531,46.849998474121094,46.16999816894531,46.459999084472656,145131
2018-10-25,46.25,46.25,46.2599983215332,45.3650016784668,46.0,870273
2018-10-26,45.630001068115234,45.630001068115234,46.45000076293945,45.099998474121094,46.45000076293945,159827
2018-10-29,45.84000015258789,45.84000015258789,46.375,45.189998626708984,46.29499816894531,75411
2018-10-30,45.72999954223633,45.72999954223633,46.41999816894531,45.36000061035156,46.41999816894531,72879
2018-10-31,46.84000015258789,46.84000015258789,46.97999954223633,45.849998474121094,45.849998474121094,117344
2018-11-01,46.7599983215332,46.7599983215332,46.849998474121094,46.5,46.53499984741211,58866
2018-11-02,46.73500061035156,46.73500061035156,47.279998779296875,46.69499969482422,46.89500045776367,46129
2018-11-05,46.790000915527344,46.790000915527344,46.959999084472656,46.685001373291016,46.79999923706055,43527
2018-11-06,46.939998626708984,46.939998626708984,47.040000915527344,46.71500015258789,47.040000915527344,32613
2018-11-07,47.44499969482422,47.44499969482422,47.44499969482422,47.18000030517578,47.375,126194
2018-11-08,47.84000015258789,47.84000015258789,48.5099983215332,47.70000076293945,48.04999923706055,110485
2018-11-09,47.67499923706055,47.67499923706055,47.935001373291016,47.540000915527344,47.935001373291016,37898
2018-11-12,47.28499984741211,47.28499984741211,48.369998931884766,47.28499984741211,48.369998931884766,32046
2018-11-13,47.400001525878906,47.400001525878906,47.55500030517578,47.0,47.47999954223633,35948
2018-11-14,46.82500076293945,46.82500076293945,47.9900016784668,46.779998779296875,47.099998474121094,23732
2018-11-15,46.65999984741211,46.65999984741211,46.85499954223633,46.23500061035156,46.81999969482422,68908
2018-11-16,46.6150016784668,46.6150016784668,47.20500183105469,46.369998931884766,47.20500183105469,23426
2018-11-19,46.154998779296875,46.154998779296875,46.880001068115234,46.084999084472656,46.73500061035156,38821
2018-11-20,45.494998931884766,45.494998931884766,45.86000061035156,45.23500061035156,45.86000061035156,89532
2018-11-21,45.88999938964844,45.88999938964844,45.89500045776367,45.525001525878906,45.56999969482422,79619
2018-11-22,45.369998931884766,45.369998931884766,45.79999923706055,45.310001373291016,45.79999923706055,83454
2018-11-23,45.779998779296875,45.779998779296875,45.779998779296875,45.42499923706055,45.51499938964844,50089
2018-11-26,46.125,46.125,46.255001068115234,45.849998474121094,45.915000915527344,36778
2018-11-27,46.345001220703125,46.345001220703125,46.41999816894531,46.025001525878906,46.36000061035156,80703
2018-11-28,46.6150016784668,46.6150016784668,46.70000076293945,46.494998931884766,46.65999984741211,19125
2018-11-29,46.86000061035156,46.86000061035156,46.95000076293945,46.685001373291016,46.76499938964844,57653
2018-11-30,46.9900016784668,46.9900016784668,47.095001220703125,46.709999084472656,46.95000076293945,27079
2018-12-03,47.65999984741211,47.65999984741211,48.4900016784668,47.5,47.5,129922
2018-12-04,47.33000183105469,47.33000183105469,47.4900016784668,47.22999954223633,47.44499969482422,48773
2018-12-05,46.54999923706055,46.54999923706055,47.64500045776367,46.529998779296875,47.0,105813
2018-12-06,45.16999816894531,45.16999816894531,46.599998474121094,44.97999954223633,46.5,1579839
2018-12-07,45.51499938964844,45.51499938964844,46.22999954223633,45.474998474121094,45.744998931884766,81625
2018-12-10,44.560001373291016,44.560001373291016,45.20000076293945,44.40999984741211,45.17499923706055,87301
2018-12-11,45.51499938964844,45.51499938964844,45.80500030517578,45.01499938964844,45.1349983215332,66972
2018-12-12,45.89500045776367,45.89500045776367,45.9900016784668,45.52000045776367,45.71500015258789,105304
2018-12-13,45.67499923706055,45.67499923706055,45.915000915527344,45.595001220703125,45.82500076293945,127410
2018-12-14,45.380001068115234,45.380001068115234,45.584999084472656,45.1349983215332,45.25,104849
2018-12-17,44.7599983215332,44.7599983215332,45.099998474121094,44.4900016784668,45.099998474121094,88506
2018-12-18,44.19499969482422,44.19499969482422,44.44499969482422,44.099998474121094,44.33000183105469,307797
2018-12-19,44.13999938964844,44.13999938964844,44.224998474121094,43.90999984741211,44.04999923706055,239059
2018-12-20,42.935001373291016,42.935001373291016,44.084999084472656,42.93000030517578,43.900001525878906,248805
2018-12-21,42.849998474121094,42.849998474121094,43.119998931884766,42.54999923706055,42.79999923706055,189387
2018-12-27,42.220001220703125,42.220001220703125,44.20000076293945,41.83000183105469,43.20000076293945,121958
2018-12-28,42.9900016784668,42.9900016784668,43.22999954223633,42.380001068115234,43.185001373291016,92147
2019-01-02,43.314998626708984,43.314998626708984,44.400001525878906,42.279998779296875,43.88999938964844,57599
2019-01-03,42.724998474121094,42.724998474121094,43.56999969482422,42.58000183105469,43.0,167897
2019-01-04,43.72999954223633,43.72999954223633,43.79999923706055,42.93000030517578,43.0,58476
2019-01-07,44.005001068115234,44.005001068115234,44.06999969482422,43.70000076293945,44.064998626708984,504881
2019-01-08,44.185001373291016,44.185001373291016,44.60499954223633,44.04999923706055,44.099998474121094,51559
2019-01-09,44.415000915527344,44.415000915527344,44.69499969482422,44.29499816894531,44.599998474121094,85446
2019-01-10,44.57500076293945,44.57500076293945,44.57500076293945,44.029998779296875,44.189998626708984,54648
2019-01-11,44.67499923706055,44.67499923706055,44.8849983215332,44.43000030517578,44.8849983215332,58039
2019-01-14,44.54999923706055,44.54999923706055,44.6349983215332,44.34000015258789,44.44499969482422,21861
2019-01-15,45.060001373291016,45.060001373291016,45.099998474121094,44.709999084472656,44.880001068115234,36851
2019-01-16,45.400001525878906,45.400001525878906,45.43000030517578,45.17499923706055,45.375,30769
2019-01-17,45.470001220703125,45.470001220703125,45.470001220703125,45.029998779296875,45.150001525878906,212313
2019-01-18,46.28499984741211,46.28499984741211,46.29999923706055,45.5,45.5,63855
2019-01-21,46.16999816894531,46.16999816894531,46.20000076293945,46.064998626708984,46.20000076293945,77298
2019-01-22,45.900001525878906,45.900001525878906,46.4900016784668,45.814998626708984,46.4900016784668,41688
2019-01-23,45.6150016784668,45.6150016784668,45.994998931884766,45.58000183105469,45.70000076293945,42898
2019-01-24,45.869998931884766,45.869998931884766,45.9900016784668,45.650001525878906,45.68000030517578,48923
2019-01-25,46.165000915527344,46.165000915527344,46.2599983215332,46.13999938964844,46.2599983215332,24097
2019-01-28,45.58000183105469,45.58000183105469,46.04999923706055,45.5099983215332,46.04999923706055,128622
2019-01-29,45.744998931884766,45.744998931884766,45.959999084472656,45.564998626708984,45.685001373291016,27208
2019-01-30,46.084999084472656,46.084999084472656,46.099998474121094,45.755001068115234,45.86000061035156,141291
2019-01-31,46.474998474121094,46.474998474121094,46.4900016784668,46.04499816894531,46.29499816894531,42202
2019-02-01,46.529998779296875,46.529998779296875,46.66999816894531,46.349998474121094,46.5,97364
2019-02-04,46.744998931884766,46.744998931884766,47.334999084472656,46.5,47.334999084472656,26494
2019-02-05,47.2400016784668,47.2400016784668,47.279998779296875,46.810001373291016,46.915000915527344,38255
2019-02-06,47.290000915527344,47.290000915527344,47.33000183105469,47.14500045776367,47.27000045776367,164393
2019-02-07,46.665000915527344,46.665000915527344,47.31999969482422,46.665000915527344,47.22999954223633,77206
2019-02-08,46.61000061035156,46.61000061035156,46.86000061035156,46.58000183105469,46.775001525878906,680897
2019-02-11,47.14500045776367,47.14500045776367,47.220001220703125,46.96500015258789,47.0,49923
2019-02-12,47.525001525878906,47.525001525878906,47.584999084472656,47.3650016784668,47.3650016784668,494430
2019-02-13,47.7599983215332,47.7599983215332,47.95000076293945,47.630001068115234,47.70000076293945,36108
2019-02-14,47.665000915527344,47.665000915527344,48.08000183105469,47.5,48.0,123417
2019-02-15,48.220001220703125,48.220001220703125,48.31999969482422,47.4900016784668,47.4900016784668,71917
2019-02-18,48.209999084472656,48.209999084472656,48.31999969482422,48.14500045776367,48.314998626708984,46934
2019-02-19,48.14500045776367,48.14500045776367,48.494998931884766,48.05500030517578,48.494998931884766,49034
2019-02-20,48.275001525878906,48.275001525878906,48.349998474121094,48.099998474121094,48.21500015258789,26397
2019-02-21,48.20000076293945,48.20000076293945,48.48500061035156,48.084999084472656,48.48500061035156,190971
2019-02-22,48.470001220703125,48.470001220703125,48.494998931884766,48.189998626708984,48.494998931884766,61310
2019-02-25,48.709999084472656,48.709999084472656,48.7599983215332,48.5,48.5,78803
2019-02-26,48.54499816894531,48.54499816894531,48.59000015258789,48.28499984741211,48.5,44914
2019-02-27,48.380001068115234,48.380001068115234,48.41999816894531,48.18000030517578,48.380001068115234,113272
2019-02-28,48.33000183105469,48.33000183105469,48.404998779296875,48.13999938964844,48.26499938964844,79032
2019-03-01,48.36000061035156,48.36000061035156,48.65999984741211,48.36000061035156,48.45000076293945,165912
2019-03-04,48.6150016784668,48.6150016784668,48.93000030517578,48.6150016784668,48.790000915527344,69264
2019-03-05,48.73500061035156,48.73500061035156,48.73500061035156,48.470001220703125,48.55500030517578,33065
2019-03-06,48.474998474121094,48.474998474121094,48.68000030517578,48.42499923706055,48.63999938964844,45857
2019-03-07,48.439998626708984,48.439998626708984,48.61000061035156,48.18000030517578,48.334999084472656,202814
2019-03-08,47.9900016784668,47.9900016784668,48.27000045776367,47.83000183105469,48.150001525878906,58322
2019-03-11,48.650001525878906,48.650001525878906,48.70500183105469,48.17499923706055,48.25,103021
2019-03-12,48.67499923706055,48.67499923706055,48.814998626708984,48.599998474121094,48.76499938964844,562629
2019-03-13,48.93000030517578,48.93000030517578,48.994998931884766,48.599998474121094,48.63999938964844,50934
2019-03-14,48.95500183105469,48.95500183105469,49.02000045776367,48.81999969482422,48.880001068115234,230927
2019-03-15,49.22999954223633,49.22999954223633,49.22999954223633,48.90999984741211,48.96500015258789,77179
2019-03-18,49.18000030517578,49.18000030517578,49.279998779296875,49.064998626708984,49.14500045776367,185728
2019-03-19,49.5,49.5,49.54999923706055,49.27000045776367,49.275001525878906,47542
2019-03-20,48.915000915527344,48.915000915527344,49.33000183105469,48.915000915527344,49.25,84299
2019-03-21,49.314998626708984,49.314998626708984,49.40999984741211,48.689998626708984,48.81999969482422,655785
2019-03-22,48.959999084472656,48.959999084472656,49.525001525878906,48.88999938964844,49.40999984741211,115145
2019-03-25,48.665000915527344,48.665000915527344,48.77000045776367,48.4900016784668,48.65999984741211,75990
2019-03-26,49.07500076293945,49.07500076293945,49.279998779296875,48.82500076293945,48.91999816894531,48250
2019-03-27,49.02000045776367,49.02000045776367,49.36000061035156,48.85499954223633,49.30500030517578,48492
2019-03-28,49.18000030517578,49.18000030517578,49.404998779296875,49.095001220703125,49.130001068115234,89485
2019-03-29,49.54999923706055,49.54999923706055,49.55500030517578,49.375,49.48500061035156,72463
2019-04-01,50.11000061035156,50.11000061035156,50.119998931884766,49.85499954223633,49.8650016784668,57638
2019-04-02,50.27000045776367,50.27000045776367,50.33000183105469,50.150001525878906,50.209999084472656,53220
2019-04-03,50.54999923706055,50.54999923706055,50.54999923706055,50.34000015258789,50.459999084472656,69432
2019-04-04,50.400001525878906,50.400001525878906,50.540000915527344,50.290000915527344,50.36000061035156,68678
2019-04-05,50.599998474121094,50.599998474121094,50.68000030517578,50.439998626708984,50.529998779296875,29421
2019-04-08,50.45000076293945,50.45000076293945,50.59000015258789,50.279998779296875,50.59000015258789,114980
2019-04-09,50.2400016784668,50.2400016784668,50.5099983215332,50.13999938964844,50.43000030517578,93286
2019-04-10,50.36000061035156,50.36000061035156,50.45000076293945,50.25,50.290000915527344,22701
2019-04-11,50.40999984741211,50.40999984741211,50.5,50.2400016784668,50.369998931884766,75973
2019-04-12,50.43000030517578,50.43000030517578,50.529998779296875,50.2599983215332,50.33000183105469,59379
2019-04-15,50.470001220703125,50.470001220703125,50.59000015258789,50.38999938964844,50.4900016784668,182304
2019-04-16,50.709999084472656,50.709999084472656,50.77000045776367,50.560001373291016,50.560001373291016,53580
2019-04-17,50.56999969482422,50.56999969482422,50.84000015258789,50.56999969482422,50.65999984741211,78318
2019-04-18,50.79999923706055,50.79999923706055,50.88999938964844,50.43000030517578,50.470001220703125,94429
2019-04-23,51.279998779296875,51.279998779296875,51.279998779296875,50.77000045776367,50.81999969482422,68239
2019-04-24,51.31999969482422,51.31999969482422,51.349998474121094,51.18000030517578,51.25,62152
2019-04-25,51.439998626708984,51.439998626708984,51.540000915527344,51.16999816894531,51.43000030517578,17023
2019-04-26,51.41999816894531,51.41999816894531,51.47999954223633,51.279998779296875,51.36000061035156,59860
2019-04-29,51.619998931884766,51.619998931884766,51.68000030517578,51.5,51.540000915527344,60484
2019-04-30,51.349998474121094,51.349998474121094,51.47999954223633,51.209999084472656,51.47999954223633,76789
2019-05-02,51.08000183105469,51.08000183105469,51.349998474121094,51.08000183105469,51.29999923706055,229961
2019-05-03,51.4900016784668,51.4900016784668,51.54999923706055,51.150001525878906,51.150001525878906,108990
2019-05-06,51.04999923706055,51.04999923706055,51.09000015258789,50.56999969482422,50.70000076293945,93115
2019-05-07,50.59000015258789,50.59000015258789,51.15999984741211,50.45000076293945,51.099998474121094,91018
2019-05-08,50.45000076293945,50.45000076293945,50.59000015258789,50.18000030517578,50.5099983215332,121937
2019-05-09,49.540000915527344,49.540000915527344,50.18000030517578,49.459999084472656,50.13999938964844,862835
2019-05-10,49.43000030517578,49.43000030517578,50.130001068115234,49.375,50.04999923706055,86605
2019-05-13,49.130001068115234,49.130001068115234,49.810001373291016,49.0099983215332,49.80500030517578,200722
2019-05-14,49.76499938964844,49.76499938964844,49.76499938964844,49.165000915527344,49.20000076293945,118909
2019-05-15,49.939998626708984,49.939998626708984,49.939998626708984,49.369998931884766,49.78499984741211,84152
2019-05-16,50.61000061035156,50.61000061035156,50.61000061035156,49.77000045776367,49.86000061035156,188695
2019-05-17,50.5099983215332,50.5099983215332,50.59000015258789,50.09000015258789,50.349998474121094,107455
2019-05-20,50.0099983215332,50.0099983215332,50.459999084472656,49.779998779296875,50.40999984741211,53796
2019-05-21,50.290000915527344,50.290000915527344,50.36000061035156,50.06999969482422,50.220001220703125,129812
2019-05-22,50.220001220703125,50.220001220703125,50.31999969482422,50.0,50.290000915527344,68377
2019-05-23,49.54999923706055,49.54999923706055,49.994998931884766,49.51499938964844,49.994998931884766,71365
2019-05-24,49.60499954223633,49.60499954223633,49.85499954223633,49.52000045776367,49.70000076293945,108311
2019-05-27,49.75,49.75,49.880001068115234,49.689998626708984,49.83000183105469,31245
2019-05-28,49.69499969482422,49.69499969482422,49.880001068115234,49.61000061035156,49.880001068115234,86790
2019-05-29,49.125,49.125,49.275001525878906,49.06999969482422,49.26499938964844,63496
2019-05-30,49.25,49.25,49.48500061035156,49.19499969482422,49.314998626708984,210106
2019-05-31,48.875,48.875,48.875,48.58000183105469,48.8650016784668,73026
2019-06-03,48.63999938964844,48.63999938964844,48.720001220703125,48.29499816894531,48.459999084472656,134892
2019-06-04,48.97999954223633,48.97999954223633,48.97999954223633,48.21500015258789,48.2599983215332,139272
2019-06-05,49.28499984741211,49.28499984741211,49.45500183105469,49.09000015258789,49.13999938964844,109682
2019-06-06,49.40999984741211,49.40999984741211,49.7599983215332,49.310001373291016,49.5099983215332,79463
2019-06-07,49.89500045776367,49.89500045776367,50.029998779296875,49.540000915527344,49.7599983215332,106416
2019-06-10,50.34000015258789,50.34000015258789,50.380001068115234,50.130001068115234,50.15999984741211,66659
2019-06-11,50.290000915527344,50.290000915527344,50.56999969482422,50.2599983215332,50.2599983215332,49808
2019-06-12,50.08000183105469,50.08000183105469,50.25,49.96500015258789,50.02000045776367,51948
2019-06-13,50.310001373291016,50.310001373291016,50.45000076293945,50.06999969482422,50.119998931884766,167782
2019-06-14,50.40999984741211,50.40999984741211,50.45000076293945,50.15999984741211,50.2599983215332,32696
2019-06-17,50.43000030517578,50.43000030517578,50.599998474121094,50.31999969482422,50.56999969482422,52774
2019-06-18,51.189998626708984,51.189998626708984,51.29999923706055,50.2599983215332,50.38999938964844,107868
2019-06-19,51.06999969482422,51.06999969482422,51.220001220703125,51.04999923706055,51.189998626708984,95108
2019-06-20,51.279998779296875,51.279998779296875,51.4900016784668,51.2400016784668,51.31999969482422,58278
2019-06-21,51.25,51.25,51.310001373291016,51.02000045776367,51.310001373291016,587278
2019-06-24,50.900001525878906,50.900001525878906,51.040000915527344,50.83000183105469,51.0,43921
2019-06-25,50.689998626708984,50.689998626708984,50.81999969482422,50.619998931884766,50.709999084472656,49843
2019-06-26,50.52000045776367,50.52000045776367,50.810001373291016,50.470001220703125,50.58000183105469,44868
2019-06-27,50.56999969482422,50.56999969482422,50.7400016784668,50.459999084472656,50.7400016784668,84785
2019-06-28,50.79999923706055,50.79999923706055,50.810001373291016,50.650001525878906,50.650001525878906,77379
2019-07-01,51.540000915527344,51.540000915527344,51.72999954223633,51.439998626708984,51.66999816894531,161483
2019-07-02,51.560001373291016,51.560001373291016,51.720001220703125,51.47999954223633,51.61000061035156,63687
2019-07-03,52.130001068115234,52.130001068115234,52.130001068115234,51.81999969482422,51.849998474121094,43048
2019-07-04,52.22999954223633,52.22999954223633,52.2599983215332,52.13999938964844,52.189998626708984,37868
2019-07-05,52.130001068115234,52.130001068115234,52.27000045776367,51.95000076293945,52.2599983215332,57595
2019-07-08,52.02000045776367,52.02000045776367,52.15999984741211,51.97999954223633,52.08000183105469,45472
2019-07-09,51.970001220703125,51.970001220703125,52.0099983215332,51.77000045776367,51.83000183105469,93668
2019-07-10,52.02000045776367,52.02000045776367,52.31999969482422,51.84000015258789,51.91999816894531,61210
2019-07-11,52.11000061035156,52.11000061035156,52.20000076293945,52.0,52.13999938964844,32879
2019-07-12,52.20000076293945,52.20000076293945,52.290000915527344,52.09000015258789,52.099998474121094,47721
2019-07-15,52.279998779296875,52.279998779296875,52.349998474121094,52.15999984741211,52.279998779296875,39665
2019-07-16,52.45000076293945,52.45000076293945,52.52000045776367,52.29999923706055,52.310001373291016,42558
2019-07-17,52.15999984741211,52.15999984741211,52.459999084472656,52.09000015258789,52.43000030517578,94130
2019-07-18,51.869998931884766,51.869998931884766,52.040000915527344,51.75,51.779998779296875,63079
2019-07-19,52.220001220703125,52.220001220703125,52.34000015258789,52.119998931884766,52.16999816894531,65560
2019-07-22,52.040000915527344,52.040000915527344,52.130001068115234,51.95000076293945,51.95000076293945,59928
2019-07-23,52.52000045776367,52.52000045776367,52.63999938964844,52.290000915527344,52.34000015258789,82021
2019-07-24,52.77000045776367,52.77000045776367,52.83000183105469,52.599998474121094,52.70000076293945,26728
2019-07-25,52.630001068115234,52.630001068115234,53.290000915527344,52.45000076293945,53.040000915527344,67643
2019-07-26,52.95000076293945,52.95000076293945,52.95000076293945,52.709999084472656,52.720001220703125,61134
2019-07-29,52.83000183105469,52.83000183105469,53.060001373291016,52.83000183105469,52.900001525878906,63414
2019-07-30,52.540000915527344,52.540000915527344,52.869998931884766,52.41999816894531,52.869998931884766,148531
2019-07-31,52.619998931884766,52.619998931884766,52.70000076293945,52.5,52.540000915527344,70710
2019-08-01,52.959999084472656,52.959999084472656,52.959999084472656,52.4900016784668,52.4900016784668,170159
2019-08-02,51.279998779296875,51.279998779296875,52.02000045776367,51.20000076293945,51.849998474121094,152175
2019-08-05,49.970001220703125,49.970001220703125,50.959999084472656,49.869998931884766,50.91999816894531,98010
2019-08-06,49.63999938964844,49.63999938964844,50.25,49.470001220703125,49.61000061035156,566399
2019-08-07,49.75,49.75,50.380001068115234,49.25,50.0,495670
2019-08-08,50.810001373291016,50.810001373291016,50.810001373291016,50.220001220703125,50.40999984741211,110661
2019-08-09,50.47999954223633,50.47999954223633,50.97999954223633,50.47999954223633,50.959999084472656,80900
2019-08-12,50.220001220703125,50.220001220703125,51.04999923706055,50.220001220703125,50.95000076293945,44349
2019-08-13,50.779998779296875,50.779998779296875,51.11000061035156,49.8849983215332,50.130001068115234,94370
2019-08-14,50.060001373291016,50.060001373291016,50.869998931884766,49.869998931884766,50.869998931884766,268714
2019-08-16,50.630001068115234,50.630001068115234,50.70000076293945,50.150001525878906,50.150001525878906,30590
2019-08-19,51.220001220703125,51.220001220703125,51.2400016784668,50.970001220703125,51.11000061035156,51884
2019-08-20,51.02000045776367,51.02000045776367,51.40999984741211,50.970001220703125,51.33000183105469,57528
2019-08-21,51.310001373291016,51.310001373291016,51.310001373291016,51.0099983215332,51.029998779296875,31389
2019-08-22,51.130001068115234,51.130001068115234,51.4900016784668,50.9900016784668,51.290000915527344,106120
2019-08-23,50.34000015258789,50.34000015258789,51.5099983215332,50.34000015258789,51.439998626708984,75346
2019-08-26,50.439998626708984,50.439998626708984,50.70000076293945,50.09000015258789,50.290000915527344,90179
2019-08-27,50.650001525878906,50.650001525878906,50.900001525878906,50.38999938964844,50.470001220703125,47196
2019-08-28,50.75,50.75,50.75,50.290000915527344,50.560001373291016,89384
2019-08-29,51.40999984741211,51.40999984741211,51.43000030517578,50.70000076293945,50.70000076293945,21288
2019-08-30,51.75,51.75,51.91999816894531,51.52000045776367,51.52000045776367,42130
2019-09-02,51.790000915527344,51.790000915527344,51.97999954223633,51.70000076293945,51.75,20521
2019-09-03,51.650001525878906,51.650001525878906,51.880001068115234,51.459999084472656,51.77000045776367,51836
2019-09-04,51.970001220703125,51.970001220703125,52.18000030517578,51.81999969482422,52.04999923706055,45968
2019-09-05,52.560001373291016,52.560001373291016,52.58000183105469,52.2400016784668,52.38999938964844,86781
2019-09-06,52.599998474121094,52.599998474121094,52.7599983215332,52.470001220703125,52.61000061035156,50940
2019-09-09,52.619998931884766,52.619998931884766,52.880001068115234,52.58000183105469,52.869998931884766,70683
2019-09-10,52.400001525878906,52.400001525878906,52.61000061035156,52.380001068115234,52.54999923706055,70957
2019-09-11,53.099998474121094,53.099998474121094,53.130001068115234,52.720001220703125,52.779998779296875,56147
2019-09-12,53.220001220703125,53.220001220703125,53.75,53.04999923706055,53.29999923706055,68384
2019-09-13,53.25,53.25,53.310001373291016,53.04999923706055,53.150001525878906,79708
2019-09-16,53.2400016784668,53.2400016784668,53.33000183105469,52.849998474121094,52.970001220703125,67519
2019-09-17,53.06999969482422,53.06999969482422,53.27000045776367,53.02000045776367,53.189998626708984,94577
2019-09-18,53.0099983215332,53.0099983215332,53.18000030517578,53.0099983215332,53.06999969482422,72764
2019-09-19,53.47999954223633,53.47999954223633,53.47999954223633,53.0099983215332,53.02000045776367,220148
2019-09-20,53.540000915527344,53.540000915527344,53.59000015258789,53.220001220703125,53.29999923706055,103810
2019-09-23,53.2400016784668,53.2400016784668,53.41999816894531,53.119998931884766,53.36000061035156,96254
2019-09-24,53.20000076293945,53.20000076293945,53.4900016784668,53.20000076293945,53.43000030517578,122623
2019-09-25,53.08000183105469,53.08000183105469,53.119998931884766,52.61000061035156,52.93000030517578,131779
2019-09-26,53.18000030517578,53.18000030517578,53.52000045776367,53.150001525878906,53.189998626708984,151827
2019-09-27,53.380001068115234,53.380001068115234,53.560001373291016,53.20000076293945,53.45000076293945,139492
2019-09-30,53.459999084472656,53.459999084472656,53.459999084472656,53.119998931884766,53.20000076293945,129374
2019-10-01,52.970001220703125,52.970001220703125,53.75,52.95000076293945,53.7400016784668,123032
2019-10-02,51.560001373291016,51.560001373291016,52.7400016784668,51.560001373291016,52.72999954223633,122752
2019-10-03,51.54999923706055,51.54999923706055,51.79999923706055,51.0,51.75,225051
2019-10-04,52.2599983215332,52.2599983215332,52.2599983215332,51.68000030517578,51.849998474121094,89525
2019-10-07,52.529998779296875,52.529998779296875,52.529998779296875,52.20000076293945,52.27000045776367,79177
2019-10-08,51.810001373291016,51.810001373291016,52.4900016784668,51.7400016784668,52.470001220703125,139988
2019-10-09,51.959999084472656,51.959999084472656,52.11000061035156,51.689998626708984,51.7400016784668,63569
2019-10-10,52.34000015258789,52.34000015258789,52.38999938964844,51.70000076293945,51.93000030517578,123874
2019-10-11,53.13999938964844,53.13999938964844,53.13999938964844,52.439998626708984,52.4900016784668,64612
2019-10-14,52.86000061035156,52.86000061035156,52.90999984741211,52.540000915527344,52.88999938964844,73496
2019-10-15,53.25,53.25,53.369998931884766,52.95000076293945,53.060001373291016,138244
2019-10-16,53.09000015258789,53.09000015258789,53.29999923706055,53.0099983215332,53.209999084472656,42504
2019-10-17,52.900001525878906,52.900001525878906,53.189998626708984,52.900001525878906,52.9900016784668,86081
2019-10-18,52.709999084472656,52.709999084472656,52.90999984741211,52.70000076293945,52.880001068115234,81044
2019-10-21,52.97999954223633,52.97999954223633,53.0,52.66999816894531,52.7400016784668,72464
2019-10-22,53.09000015258789,53.09000015258789,53.20000076293945,52.95000076293945,53.06999969482422,61691
2019-10-23,53.08000183105469,53.08000183105469,53.11000061035156,52.849998474121094,52.88999938964844,50142
2019-10-24,53.41999816894531,53.41999816894531,53.41999816894531,53.119998931884766,53.18000030517578,39398
2019-10-25,53.63999938964844,53.63999938964844,53.650001525878906,53.189998626708984,53.349998474121094,86157
2019-10-28,53.79999923706055,53.79999923706055,53.86000061035156,53.58000183105469,53.63999938964844,39609
2019-10-29,53.810001373291016,53.810001373291016,53.84000015258789,53.68000030517578,53.84000015258789,45364
2019-10-30,53.63999938964844,53.63999938964844,53.77000045776367,53.52000045776367,53.68000030517578,72144
2019-10-31,53.40999984741211,53.40999984741211,53.790000915527344,53.380001068115234,53.709999084472656,125934
2019-11-01,53.849998474121094,53.849998474121094,54.0099983215332,53.630001068115234,53.63999938964844,51881
2019-11-04,54.34000015258789,54.34000015258789,54.400001525878906,54.08000183105469,54.09000015258789,51312
2019-11-05,54.650001525878906,54.650001525878906,54.70000076293945,54.380001068115234,54.41999816894531,54415
2019-11-06,54.630001068115234,54.630001068115234,54.630001068115234,54.439998626708984,54.54999923706055,61526
2019-11-07,55.060001373291016,55.060001373291016,55.11000061035156,54.81999969482422,54.93000030517578,91818
2019-11-08,54.97999954223633,54.97999954223633,55.0,54.79999923706055,54.849998474121094,22034
2019-11-11,54.880001068115234,54.880001068115234,54.939998626708984,54.75,54.84000015258789,126498
2019-11-12,55.25,55.25,55.31999969482422,54.97999954223633,55.040000915527344,33158
2019-11-13,55.130001068115234,55.130001068115234,55.130001068115234,54.77000045776367,55.08000183105469,69826
2019-11-14,55.0,55.0,55.16999816894531,54.9900016784668,55.09000015258789,43050
2019-11-15,55.25,55.25,55.279998779296875,55.04999923706055,55.279998779296875,30313
2019-11-18,55.15999984741211,55.15999984741211,55.380001068115234,55.060001373291016,55.349998474121094,150847
2019-11-19,55.189998626708984,55.189998626708984,55.5,55.09000015258789,55.33000183105469,103911
2019-11-20,55.11000061035156,55.11000061035156,55.15999984741211,54.88999938964844,55.0099983215332,358265
2019-11-21,54.83000183105469,54.83000183105469,54.9900016784668,54.7400016784668,54.81999969482422,73109
2019-11-22,55.11000061035156,55.11000061035156,55.20000076293945,55.0099983215332,55.0099983215332,45917
2019-11-25,55.689998626708984,55.689998626708984,55.709999084472656,55.380001068115234,55.38999938964844,26986
2019-11-26,55.72999954223633,55.72999954223633,55.79999923706055,55.59000015258789,55.650001525878906,115982
2019-11-27,56.0099983215332,56.0099983215332,56.040000915527344,55.880001068115234,55.9900016784668,37444
2019-11-28,55.9900016784668,55.9900016784668,56.0,55.83000183105469,55.90999984741211,31223
2019-11-29,55.77000045776367,55.77000045776367,56.029998779296875,55.7599983215332,55.810001373291016,296601
2019-12-02,54.880001068115234,54.880001068115234,56.029998779296875,54.83000183105469,55.869998931884766,176544
2019-12-03,54.349998474121094,54.349998474121094,55.09000015258789,54.2400016784668,55.040000915527344,184269
2019-12-04,55.02000045776367,55.02000045776367,55.04999923706055,54.52000045776367,54.560001373291016,767411
2019-12-05,54.880001068115234,54.880001068115234,55.209999084472656,54.869998931884766,55.099998474121094,32611
2019-12-06,55.7599983215332,55.7599983215332,55.77000045776367,55.04999923706055,55.08000183105469,101097
2019-12-09,55.58000183105469,55.58000183105469,55.68000030517578,55.5099983215332,55.650001525878906,41821
2019-12-10,55.369998931884766,55.369998931884766,55.47999954223633,55.0,55.400001525878906,95025
2019-12-11,55.38999938964844,55.38999938964844,55.47999954223633,55.27000045776367,55.400001525878906,59759
2019-12-12,55.63999938964844,55.63999938964844,55.849998474121094,55.16999816894531,55.36000061035156,65593
2019-12-13,55.7400016784668,55.7400016784668,56.06999969482422,55.5,55.84000015258789,175152
2019-12-16,56.279998779296875,56.279998779296875,56.34000015258789,56.0,56.0,253002
2019-12-17,56.13999938964844,56.13999938964844,56.220001220703125,56.0,56.220001220703125,40910
2019-12-18,56.2599983215332,56.2599983215332,56.33000183105469,56.13999938964844,56.16999816894531,462186
2019-12-19,56.36000061035156,56.36000061035156,56.36000061035156,56.150001525878906,56.27000045776367,118589
2019-12-20,56.88999938964844,56.88999938964844,56.88999938964844,56.36000061035156,56.43000030517578,43997
2019-12-23,56.84000015258789,56.84000015258789,56.97999954223633,56.79999923706055,56.84000015258789,151790
2019-12-27,56.75,56.75,57.060001373291016,56.70000076293945,57.0,163220
2019-12-30,56.220001220703125,56.220001220703125,56.66999816894531,56.18000030517578,56.650001525878906,78196
2020-01-02,56.709999084472656,56.709999084472656,56.959999084472656,56.529998779296875,56.54999923706055,50122
2020-01-03,56.630001068115234,56.630001068115234,56.77000045776367,56.36000061035156,56.58000183105469,57747
2020-01-06,56.540000915527344,56.540000915527344,56.58000183105469,56.119998931884766,56.470001220703125,53296
2020-01-07,56.900001525878906,56.900001525878906,56.959999084472656,56.68000030517578,56.77000045776367,66728
2020-01-08,57.130001068115234,57.130001068115234,57.150001525878906,56.619998931884766,56.66999816894531,147364
2020-01-09,57.47999954223633,57.47999954223633,57.540000915527344,57.349998474121094,57.43000030517578,127754
2020-01-10,57.400001525878906,57.400001525878906,57.720001220703125,57.400001525878906,57.560001373291016,134359
2020-01-13,57.34000015258789,57.34000015258789,57.5099983215332,57.27000045776367,57.400001525878906,75901
2020-01-14,57.619998931884766,57.619998931884766,57.689998626708984,57.290000915527344,57.470001220703125,82144
2020-01-15,57.619998931884766,57.619998931884766,57.66999816894531,57.380001068115234,57.619998931884766,105115
2020-01-16,57.849998474121094,57.849998474121094,57.880001068115234,57.61000061035156,57.720001220703125,106648
2020-01-17,58.310001373291016,58.310001373291016,58.400001525878906,58.04999923706055,58.060001373291016,155042
2020-01-20,58.38999938964844,58.38999938964844,58.38999938964844,58.25,58.29999923706055,56908
2020-01-21,58.27000045776367,58.27000045776367,58.310001373291016,57.95000076293945,58.09000015258789,153779
2020-01-22,58.41999816894531,58.41999816894531,58.599998474121094,58.33000183105469,58.5,44196
2020-01-23,58.20000076293945,58.20000076293945,58.31999969482422,58.0099983215332,58.22999954223633,104470
2020-01-24,58.47999954223633,58.47999954223633,58.7599983215332,58.40999984741211,58.58000183105469,56373
2020-01-27,57.25,57.25,57.68000030517578,57.029998779296875,57.599998474121094,455967
2020-01-28,57.849998474121094,57.849998474121094,57.880001068115234,57.20000076293945,57.47999954223633,87547
2020-01-29,58.0099983215332,58.0099983215332,58.130001068115234,57.7599983215332,57.93000030517578,36489
2020-01-30,57.31999969482422,57.31999969482422,57.54999923706055,57.099998474121094,57.2400016784668,212899
2020-01-31,56.68000030517578,56.68000030517578,57.7400016784668,56.66999816894531,57.70000076293945,108082
2020-02-03,57.040000915527344,57.040000915527344,57.33000183105469,56.70000076293945,56.900001525878906,75037
2020-02-04,58.06999969482422,58.06999969482422,58.06999969482422,57.43000030517578,57.43000030517578,117590
2020-02-05,58.59000015258789,58.59000015258789,58.720001220703125,57.900001525878906,57.900001525878906,370557
2020-02-06,59.02000045776367,59.02000045776367,59.11000061035156,58.790000915527344,59.029998779296875,90519
2020-02-07,59.02000045776367,59.02000045776367,59.06999969482422,58.7400016784668,58.95000076293945,45902
2020-02-10,59.16999816894531,59.16999816894531,59.16999816894531,58.689998626708984,58.84000015258789,54262
2020-02-11,59.619998931884766,59.619998931884766,59.75,59.439998626708984,59.560001373291016,69992
2020-02-12,59.91999816894531,59.91999816894531,59.95000076293945,59.61000061035156,59.689998626708984,83206
2020-02-13,60.16999816894531,60.16999816894531,60.16999816894531,59.45000076293945,59.810001373291016,89065
2020-02-14,60.130001068115234,60.130001068115234,60.290000915527344,59.9900016784668,60.20000076293945,49526
2020-02-17,60.310001373291016,60.310001373291016,60.36000061035156,60.209999084472656,60.31999969482422,89581
2020-02-18,59.97999954223633,59.97999954223633,60.31999969482422,59.849998474121094,59.93000030517578,89593
2020-02-19,60.56999969482422,60.56999969482422,60.59000015258789,60.2400016784668,60.33000183105469,56612
2020-02-20,59.849998474121094,59.849998474121094,60.5099983215332,59.849998474121094,60.47999954223633,45660
2020-02-21,59.529998779296875,59.529998779296875,60.029998779296875,59.2599983215332,59.709999084472656,101588
2020-02-24,57.54999923706055,57.54999923706055,58.459999084472656,57.209999084472656,58.34000015258789,296573
2020-02-25,56.560001373291016,56.560001373291016,57.91999816894531,56.439998626708984,57.86000061035156,168712
2020-02-26,56.400001525878906,56.400001525878906,56.619998931884766,54.970001220703125,56.040000915527344,135549
2020-02-27,53.939998626708984,53.939998626708984,55.20000076293945,53.11000061035156,55.04999923706055,133684
2020-02-28,51.619998931884766,51.619998931884766,52.279998779296875,50.95000076293945,52.099998474121094,216339
2020-03-02,52.349998474121094,52.349998474121094,53.08000183105469,50.97999954223633,52.709999084472656,160818
2020-03-03,52.9900016784668,52.9900016784668,55.0,52.7400016784668,53.400001525878906,239779
2020-03-04,53.459999084472656,53.459999084472656,53.720001220703125,52.689998626708984,52.86000061035156,102131
2020-03-05,53.02000045776367,53.02000045776367,53.77000045776367,52.52000045776367,53.7400016784668,107838
2020-03-06,50.81999969482422,50.81999969482422,51.90999984741211,50.06999969482422,51.709999084472656,260434
2020-03-09,47.244998931884766,47.244998931884766,48.130001068115234,46.130001068115234,47.345001220703125,340576
2020-03-10,47.06999969482422,47.06999969482422,49.279998779296875,46.58000183105469,47.939998626708984,216213
2020-03-11,47.349998474121094,47.349998474121094,48.34000015258789,47.099998474121094,47.83000183105469,113100
2020-03-12,43.04499816894531,43.04499816894531,45.084999084472656,42.505001068115234,44.9900016784668,328220
2020-03-13,43.540000915527344,43.540000915527344,45.584999084472656,42.869998931884766,44.3849983215332,345862
2020-03-16,42.599998474121094,42.599998474121094,43.26499938964844,40.005001068115234,42.349998474121094,515935
2020-03-17,43.2599983215332,43.2599983215332,44.150001525878906,40.810001373291016,43.13999938964844,286068
2020-03-18,41.48500061035156,41.48500061035156,42.30500030517578,40.60499954223633,41.744998931884766,213632
2020-03-19,42.60499954223633,42.60499954223633,43.02000045776367,40.744998931884766,41.72999954223633,123141
2020-03-20,42.84000015258789,42.84000015258789,44.65999984741211,42.30500030517578,43.935001373291016,197456
2020-03-23,40.23500061035156,40.23500061035156,42.54999923706055,39.5,40.5,127551
2020-03-24,43.540000915527344,43.540000915527344,43.540000915527344,41.5,41.98500061035156,171842
2020-03-25,44.72999954223633,44.72999954223633,44.93000030517578,43.02000045776367,44.22999954223633,141487
2020-03-26,45.494998931884766,45.494998931884766,45.595001220703125,43.130001068115234,43.54999923706055,119862
2020-03-27,44.39500045776367,44.39500045776367,45.30500030517578,44.20500183105469,45.13999938964844,114199
2020-03-30,45.29999923706055,45.29999923706055,45.35499954223633,43.70000076293945,44.529998779296875,78397
2020-03-31,46.150001525878906,46.150001525878906,46.185001373291016,45.25,45.880001068115234,133066
2020-04-01,44.17499923706055,44.17499923706055,44.52000045776367,43.81999969482422,44.13999938964844,112093
2020-04-02,44.41999816894531,44.41999816894531,44.790000915527344,43.43000030517578,44.2400016784668,95642
2020-04-03,44.380001068115234,44.380001068115234,45.084999084472656,44.29499816894531,44.540000915527344,187924
2020-04-06,46.334999084472656,46.334999084472656,46.404998779296875,45.63999938964844,45.83000183105469,131429
2020-04-07,47.78499984741211,47.78499984741211,48.255001068115234,47.16999816894531,47.650001525878906,253199
2020-04-08,47.70500183105469,47.70500183105469,47.70500183105469,46.58000183105469,46.91999816894531,102224
2020-04-09,48.71500015258789,48.71500015258789,48.95000076293945,47.6150016784668,48.39500045776367,276478
2020-04-14,48.95500183105469,48.95500183105469,49.38999938964844,48.71500015258789,49.10499954223633,170374
2020-04-15,48.220001220703125,48.220001220703125,49.20000076293945,48.09000015258789,49.15999984741211,133781
2020-04-16,48.70000076293945,48.70000076293945,48.86000061035156,48.15999984741211,48.80500030517578,71770
2020-04-17,49.45000076293945,49.45000076293945,50.279998779296875,49.27000045776367,49.93000030517578,136871
2020-04-20,49.81999969482422,49.81999969482422,49.900001525878906,49.04999923706055,49.83000183105469,65209
2020-04-21,47.79999923706055,47.79999923706055,49.345001220703125,47.79999923706055,49.22999954223633,98212
2020-04-22,48.93000030517578,48.93000030517578,48.93000030517578,48.21500015258789,48.275001525878906,41380
2020-04-23,49.58000183105469,49.58000183105469,49.775001525878906,48.93000030517578,49.209999084472656,143887
2020-04-24,49.10499954223633,49.10499954223633,49.5099983215332,48.96500015258789,49.22999954223633,157205
2020-04-27,50.2400016784668,50.2400016784668,50.2400016784668,49.77000045776367,49.869998931884766,156276
2020-04-28,50.560001373291016,50.560001373291016,51.060001373291016,50.2599983215332,50.34000015258789,84454
2020-04-29,51.5099983215332,51.5099983215332,51.529998779296875,50.66999816894531,50.790000915527344,85111
2020-04-30,50.540000915527344,50.540000915527344,51.7599983215332,50.5099983215332,51.619998931884766,77280
2020-05-04,48.83000183105469,48.83000183105469,49.130001068115234,48.5,48.849998474121094,156665
2020-05-05,50.47999954223633,50.47999954223633,50.47999954223633,49.70000076293945,49.76499938964844,81572
2020-05-06,50.2599983215332,50.2599983215332,50.81999969482422,50.099998474121094,50.5,43846
2020-05-07,50.84000015258789,50.84000015258789,50.869998931884766,50.380001068115234,50.380001068115234,51295
2020-05-08,51.130001068115234,51.130001068115234,51.22999954223633,50.900001525878906,51.11000061035156,116082
2020-05-11,51.29999923706055,51.29999923706055,51.68000030517578,50.84000015258789,51.560001373291016,85556
2020-05-12,51.20000076293945,51.20000076293945,51.470001220703125,51.04999923706055,51.09000015258789,51402
2020-05-13,49.9900016784668,49.9900016784668,50.599998474121094,49.939998626708984,50.43000030517578,138230
2020-05-14,49.35499954223633,49.35499954223633,49.75,48.720001220703125,49.59000015258789,115357
2020-05-15,49.72999954223633,49.72999954223633,50.31999969482422,49.4900016784668,50.290000915527344,38770
2020-05-18,51.54999923706055,51.54999923706055,51.54999923706055,50.650001525878906,50.66999816894531,89262
2020-05-19,51.310001373291016,51.310001373291016,51.59000015258789,50.869998931884766,51.58000183105469,69668
2020-05-20,51.529998779296875,51.529998779296875,51.560001373291016,50.900001525878906,51.02000045776367,96137
2020-05-21,51.029998779296875,51.029998779296875,51.439998626708984,50.970001220703125,51.04999923706055,46895
2020-05-22,51.15999984741211,51.15999984741211,51.279998779296875,50.5,50.66999816894531,97291
2020-05-25,52.15999984741211,52.15999984741211,52.15999984741211,51.619998931884766,51.70000076293945,50491
2020-05-26,52.18000030517578,52.18000030517578,52.4900016784668,52.099998474121094,52.470001220703125,66200
2020-05-27,52.04999923706055,52.04999923706055,52.810001373291016,51.66999816894531,52.5,217166
2020-05-28,52.810001373291016,52.810001373291016,52.900001525878906,52.56999969482422,52.7400016784668,328464
2020-05-29,51.720001220703125,51.720001220703125,52.22999954223633,51.709999084472656,52.16999816894531,90026
2020-06-01,52.540000915527344,52.540000915527344,52.58000183105469,52.13999938964844,52.5099983215332,34133
2020-06-02,52.63999938964844,52.63999938964844,52.959999084472656,52.58000183105469,52.720001220703125,46948
2020-06-03,53.5,53.5,53.54999923706055,52.91999816894531,53.0,54452
2020-06-04,53.0099983215332,53.0099983215332,53.599998474121094,52.900001525878906,53.400001525878906,76235
2020-06-05,54.459999084472656,54.459999084472656,54.459999084472656,53.119998931884766,53.119998931884766,168526
2020-06-08,54.54999923706055,54.54999923706055,54.61000061035156,54.08000183105469,54.119998931884766,83460
2020-06-09,54.18000030517578,54.18000030517578,54.869998931884766,53.93000030517578,54.79999923706055,102174
2020-06-10,54.040000915527344,54.040000915527344,54.470001220703125,53.77000045776367,54.400001525878906,72406
2020-06-11,51.93000030517578,51.93000030517578,53.209999084472656,51.93000030517578,53.04999923706055,253538
2020-06-12,51.91999816894531,51.91999816894531,52.52000045776367,51.459999084472656,51.560001373291016,161462
2020-06-15,51.52000045776367,51.52000045776367,51.70000076293945,50.439998626708984,50.61000061035156,188115
2020-06-16,53.29999923706055,53.29999923706055,53.77000045776367,52.560001373291016,52.56999969482422,143456
2020-06-17,53.59000015258789,53.59000015258789,53.880001068115234,53.36000061035156,53.369998931884766,75055
2020-06-18,53.369998931884766,53.369998931884766,53.54999923706055,52.93000030517578,53.2599983215332,113706
2020-06-19,53.779998779296875,53.779998779296875,53.970001220703125,53.54999923706055,53.61000061035156,31382
2020-06-22,53.119998931884766,53.119998931884766,53.40999984741211,52.86000061035156,53.02000045776367,73691
2020-06-23,53.58000183105469,53.58000183105469,53.75,53.349998474121094,53.380001068115234,76973
2020-06-24,52.2400016784668,52.2400016784668,53.40999984741211,52.2400016784668,53.279998779296875,80515
2020-06-25,52.459999084472656,52.459999084472656,52.560001373291016,51.7599983215332,52.08000183105469,106634
2020-06-26,52.22999954223633,52.22999954223633,53.099998474121094,52.099998474121094,52.95000076293945,61981
2020-06-29,52.2599983215332,52.2599983215332,52.349998474121094,51.61000061035156,51.95000076293945,72623
2020-06-30,52.709999084472656,52.709999084472656,52.81999969482422,52.27000045776367,52.58000183105469,31411
2020-07-01,53.040000915527344,53.040000915527344,53.29999923706055,52.70000076293945,52.970001220703125,79293
2020-07-02,53.81999969482422,53.81999969482422,54.04999923706055,53.29999923706055,53.40999984741211,85090
2020-07-03,53.5099983215332,53.5099983215332,53.900001525878906,53.38999938964844,53.900001525878906,49508
2020-07-06,54.220001220703125,54.220001220703125,54.290000915527344,53.900001525878906,54.18000030517578,70358
2020-07-07,54.150001525878906,54.150001525878906,54.220001220703125,53.77000045776367,53.97999954223633,56233
2020-07-08,53.540000915527344,53.540000915527344,53.93000030517578,53.4900016784668,53.790000915527344,87154
2020-07-09,53.31999969482422,53.31999969482422,53.9900016784668,53.20000076293945,53.79999923706055,83000
2020-07-10,53.83000183105469,53.83000183105469,53.880001068115234,53.38999938964844,53.47999954223633,84950
2020-07-13,54.63999938964844,54.63999938964844,54.66999816894531,54.2599983215332,54.40999984741211,67531
2020-07-14,53.630001068115234,53.630001068115234,53.869998931884766,53.130001068115234,53.849998474121094,137195
2020-07-15,54.470001220703125,54.470001220703125,54.689998626708984,54.13999938964844,54.2599983215332,48776
2020-07-16,54.09000015258789,54.09000015258789,54.29999923706055,54.040000915527344,54.22999954223633,49708
2020-07-17,54.29999923706055,54.29999923706055,54.400001525878906,54.08000183105469,54.33000183105469,44030
2020-07-20,54.560001373291016,54.560001373291016,54.599998474121094,53.900001525878906,54.0,111169
2020-07-21,54.88999938964844,54.88999938964844,55.29999923706055,54.83000183105469,54.9900016784668,58121
2020-07-22,54.2599983215332,54.2599983215332,54.58000183105469,54.09000015258789,54.529998779296875,87516
2020-07-23,54.400001525878906,54.400001525878906,54.77000045776367,54.29999923706055,54.619998931884766,81752
2020-07-24,53.34000015258789,53.34000015258789,53.75,53.209999084472656,53.41999816894531,76080
2020-07-27,53.0,53.0,53.29999923706055,52.970001220703125,53.22999954223633,59555
2020-07-28,53.349998474121094,53.349998474121094,53.439998626708984,53.06999969482422,53.33000183105469,28612
2020-07-29,53.27000045776367,53.27000045776367,53.29999923706055,53.02000045776367,53.130001068115234,46584
2020-07-30,52.7599983215332,52.7599983215332,53.2400016784668,52.29999923706055,53.2400016784668,123183
2020-07-31,52.560001373291016,52.560001373291016,53.0,52.34000015258789,52.68000030517578,234858
2020-08-03,53.7400016784668,53.7400016784668,53.77000045776367,52.939998626708984,53.0,80730
2020-08-04,53.7400016784668,53.7400016784668,53.84000015258789,53.380001068115234,53.81999969482422,49591
2020-08-05,53.689998626708984,53.689998626708984,53.95000076293945,53.61000061035156,53.869998931884766,38175
2020-08-06,53.70000076293945,53.70000076293945,53.91999816894531,53.5,53.68000030517578,30217
2020-08-07,54.13999938964844,54.13999938964844,54.22999954223633,53.7599983215332,53.86000061035156,56301
2020-08-10,54.279998779296875,54.279998779296875,54.5,54.130001068115234,54.29999923706055,42382
2020-08-11,54.810001373291016,54.810001373291016,55.0,54.61000061035156,54.79999923706055,57273
2020-08-12,55.029998779296875,55.029998779296875,55.040000915527344,54.720001220703125,54.7599983215332,53612
2020-08-13,54.84000015258789,54.84000015258789,54.939998626708984,54.65999984741211,54.84000015258789,30548
2020-08-14,54.650001525878906,54.650001525878906,54.86000061035156,54.36000061035156,54.86000061035156,45692
2020-08-17,54.689998626708984,54.689998626708984,54.75,54.47999954223633,54.61000061035156,37170
2020-08-18,54.5,54.5,54.83000183105469,54.279998779296875,54.599998474121094,36025
2020-08-19,54.810001373291016,54.810001373291016,54.810001373291016,54.5,54.5,30432
2020-08-20,54.58000183105469,54.58000183105469,54.61000061035156,54.34000015258789,54.369998931884766,29730
2020-08-21,54.93000030517578,54.93000030517578,55.04999923706055,54.63999938964844,54.709999084472656,25738
2020-08-24,55.43000030517578,55.43000030517578,55.470001220703125,55.2599983215332,55.290000915527344,43670
2020-08-25,55.41999816894531,55.41999816894531,55.88999938964844,55.380001068115234,55.84000015258789,115334
2020-08-26,55.90999984741211,55.90999984741211,55.90999984741211,55.5099983215332,55.56999969482422,30641
2020-08-27,56.31999969482422,56.31999969482422,56.40999984741211,55.880001068115234,56.0099983215332,99612
2020-08-28,55.84000015258789,55.84000015258789,56.099998474121094,55.72999954223633,56.09000015258789,79903
2020-08-31,55.599998474121094,55.599998474121094,56.310001373291016,55.599998474121094,56.189998626708984,36610
2020-09-01,55.83000183105469,55.83000183105469,55.970001220703125,55.459999084472656,55.779998779296875,48631
2020-09-02,56.810001373291016,56.810001373291016,56.959999084472656,56.38999938964844,56.38999938964844,55630
2020-09-03,55.790000915527344,55.790000915527344,57.5,55.459999084472656,57.38999938964844,86105
2020-09-04,54.56999969482422,54.56999969482422,55.93000030517578,54.13999938964844,55.29999923706055,110200
2020-09-07,55.380001068115234,55.380001068115234,55.439998626708984,54.7599983215332,54.880001068115234,33350
2020-09-08,54.400001525878906,54.400001525878906,55.5099983215332,54.119998931884766,55.459999084472656,118167
2020-09-09,55.0,55.0,55.09000015258789,54.25,54.290000915527344,98760
2020-09-10,54.79999923706055,54.79999923706055,55.08000183105469,54.599998474121094,55.060001373291016,221218
2020-09-11,54.400001525878906,54.400001525878906,54.720001220703125,54.20000076293945,54.56999969482422,88930
2020-09-14,54.880001068115234,54.880001068115234,54.959999084472656,54.5,54.959999084472656,101371
2020-09-15,55.349998474121094,55.349998474121094,55.380001068115234,54.779998779296875,54.880001068115234,53871
2020-09-16,55.52000045776367,55.52000045776367,55.52000045776367,55.25,55.31999969482422,41672
2020-09-17,54.81999969482422,54.81999969482422,54.95000076293945,54.400001525878906,54.58000183105469,38006
2020-09-18,54.29999923706055,54.29999923706055,54.880001068115234,54.29999923706055,54.650001525878906,47238
2020-09-21,53.15999984741211,53.15999984741211,54.0,53.04999923706055,53.97999954223633,75653
2020-09-22,53.810001373291016,53.810001373291016,54.06999969482422,53.58000183105469,53.650001525878906,55099
2020-09-23,54.25,54.25,54.66999816894531,54.25,54.369998931884766,201308
2020-09-24,53.61000061035156,53.61000061035156,53.75,53.189998626708984,53.43000030517578,309776
2020-09-25,54.0,54.0,54.0,53.220001220703125,53.689998626708984,41984
2020-09-28,55.119998931884766,55.119998931884766,55.13999938964844,54.66999816894531,54.779998779296875,29741
2020-09-29,54.63999938964844,54.63999938964844,55.099998474121094,54.59000015258789,55.099998474121094,63980
2020-09-30,54.93000030517578,54.93000030517578,55.08000183105469,54.220001220703125,54.310001373291016,65346
2020-10-01,55.060001373291016,55.060001373291016,55.31999969482422,54.849998474121094,55.16999816894531,48673
2020-10-02,54.849998474121094,54.849998474121094,55.0,54.27000045776367,54.400001525878906,81148
2020-10-05,55.25,55.25,55.29999923706055,54.959999084472656,55.209999084472656,30584
2020-10-06,55.400001525878906,55.400001525878906,55.540000915527344,55.16999816894531,55.34000015258789,38131
2020-10-07,55.5099983215332,55.5099983215332,55.52000045776367,55.150001525878906,55.2599983215332,30328
2020-10-08,55.90999984741211,55.90999984741211,56.18000030517578,55.7599983215332,55.97999954223633,78979
2020-10-09,56.13999938964844,56.13999938964844,56.22999954223633,56.0,56.16999816894531,49888
2020-10-12,56.970001220703125,56.970001220703125,56.970001220703125,56.380001068115234,56.380001068115234,44004
2020-10-13,57.11000061035156,57.11000061035156,57.16999816894531,56.880001068115234,57.0099983215332,137178
2020-10-14,56.880001068115234,56.880001068115234,57.279998779296875,56.86000061035156,57.11000061035156,48775
2020-10-15,56.31999969482422,56.31999969482422,56.38999938964844,55.959999084472656,56.38999938964844,90974
2020-10-16,56.79999923706055,56.79999923706055,56.9900016784668,56.4900016784668,56.54999923706055,152143
2020-10-19,56.310001373291016,56.310001373291016,57.0099983215332,56.15999984741211,56.939998626708984,74924
2020-10-20,55.65999984741211,55.65999984741211,56.04999923706055,55.61000061035156,55.95000076293945,35565
2020-10-21,55.380001068115234,55.380001068115234,55.79999923706055,55.290000915527344,55.79999923706055,110697
2020-10-22,55.380001068115234,55.380001068115234,55.58000183105469,55.040000915527344,55.189998626708984,88807
2020-10-23,55.630001068115234,55.630001068115234,55.880001068115234,55.58000183105469,55.869998931884766,22443
2020-10-26,54.72999954223633,54.72999954223633,55.439998626708984,54.72999954223633,55.16999816894531,57055
2020-10-27,54.709999084472656,54.709999084472656,55.119998931884766,54.65999984741211,54.9900016784668,50307
2020-10-28,53.54999923706055,53.54999923706055,54.5,53.380001068115234,54.5,102660
2020-10-29,53.91999816894531,53.91999816894531,54.04999923706055,53.220001220703125,53.79999923706055,110312
2020-10-30,53.4900016784668,53.4900016784668,53.7599983215332,52.95000076293945,53.209999084472656,43735
2020-11-02,54.279998779296875,54.279998779296875,54.459999084472656,53.630001068115234,53.720001220703125,37642
2020-11-03,55.150001525878906,55.150001525878906,55.18000030517578,54.41999816894531,54.470001220703125,62559
2020-11-04,56.40999984741211,56.40999984741211,56.40999984741211,54.70000076293945,54.90999984741211,120636
2020-11-05,56.77000045776367,56.77000045776367,56.93000030517578,56.41999816894531,56.58000183105469,115779
2020-11-06,56.470001220703125,56.470001220703125,56.689998626708984,56.0,56.560001373291016,42731
2020-11-09,58.459999084472656,58.459999084472656,59.099998474121094,57.150001525878906,57.150001525878906,126629
2020-11-10,57.65999984741211,57.65999984741211,57.93000030517578,57.369998931884766,57.79999923706055,68769
2020-11-11,58.459999084472656,58.459999084472656,58.540000915527344,57.939998626708984,57.970001220703125,71282
2020-11-12,57.970001220703125,57.970001220703125,58.220001220703125,57.880001068115234,58.08000183105469,31518
2020-11-13,57.959999084472656,57.959999084472656,58.13999938964844,57.790000915527344,57.869998931884766,66887
2020-11-16,58.83000183105469,58.83000183105469,59.0,58.45000076293945,58.560001373291016,147035
2020-11-17,58.65999984741211,58.65999984741211,58.81999969482422,58.29999923706055,58.810001373291016,381332
2020-11-18,58.779998779296875,58.779998779296875,58.93000030517578,58.36000061035156,58.40999984741211,67263
2020-11-19,58.25,58.25,58.400001525878906,58.040000915527344,58.279998779296875,93089
2020-11-20,58.470001220703125,58.470001220703125,58.59000015258789,58.220001220703125,58.25,53881
2020-11-23,58.47999954223633,58.47999954223633,58.7599983215332,58.33000183105469,58.560001373291016,46859
2020-11-24,59.29999923706055,59.29999923706055,59.29999923706055,58.90999984741211,59.029998779296875,43040
2020-11-25,59.150001525878906,59.150001525878906,59.38999938964844,58.97999954223633,59.33000183105469,106289
2020-11-26,59.209999084472656,59.209999084472656,59.29999923706055,59.150001525878906,59.22999954223633,38518
2020-11-27,59.2400016784668,59.2400016784668,59.36000061035156,59.099998474121094,59.130001068115234,58245
2020-11-30,58.59000015258789,58.59000015258789,59.029998779296875,58.459999084472656,58.77000045776367,90166
2020-12-01,59.13999938964844,59.13999938964844,59.47999954223633,59.08000183105469,59.220001220703125,87362
2020-12-02,58.849998474121094,58.849998474121094,58.939998626708984,58.59000015258789,58.7599983215332,75970
2020-12-03,58.810001373291016,58.810001373291016,58.849998474121094,58.63999938964844,58.7599983215332,57371
2020-12-04,59.18000030517578,59.18000030517578,59.18000030517578,58.77000045776367,58.84000015258789,174217
2020-12-07,59.16999816894531,59.16999816894531,59.18000030517578,58.900001525878906,59.18000030517578,85429
2020-12-08,59.2400016784668,59.2400016784668,59.33000183105469,58.849998474121094,59.150001525878906,63452
2020-12-09,59.47999954223633,59.47999954223633,59.650001525878906,59.439998626708984,59.5,56316
2020-12-10,59.130001068115234,59.130001068115234,59.2599983215332,58.650001525878906,59.16999816894531,76126
2020-12-11,58.7599983215332,58.7599983215332,58.959999084472656,58.41999816894531,58.91999816894531,59294
2020-12-14,59.04999923706055,59.04999923706055,59.400001525878906,59.04999923706055,59.13999938964844,73501
2020-12-15,59.02000045776367,59.02000045776367,59.130001068115234,58.86000061035156,58.869998931884766,75905
2020-12-16,59.400001525878906,59.400001525878906,59.45000076293945,59.09000015258789,59.33000183105469,32299
2020-12-17,59.380001068115234,59.380001068115234,59.540000915527344,59.36000061035156,59.529998779296875,47932
2020-12-18,59.220001220703125,59.220001220703125,59.56999969482422,59.20000076293945,59.349998474121094,153604
2020-12-21,58.56999969482422,58.56999969482422,59.220001220703125,57.97999954223633,59.220001220703125,148159
2020-12-22,59.130001068115234,59.130001068115234,59.27000045776367,58.810001373291016,58.849998474121094,44334
2020-12-23,59.439998626708984,59.439998626708984,59.459999084472656,59.209999084472656,59.2599983215332,50277
2020-12-28,59.790000915527344,59.790000915527344,59.91999816894531,59.58000183105469,59.68000030517578,64445
2020-12-29,59.779998779296875,59.779998779296875,60.099998474121094,59.689998626708984,59.97999954223633,105266
2020-12-30,59.68000030517578,59.68000030517578,59.900001525878906,59.54999923706055,59.779998779296875,62623
2021-01-04,59.310001373291016,59.310001373291016,60.25,59.150001525878906,60.16999816894531,110249
2021-01-05,59.380001068115234,59.380001068115234,59.599998474121094,59.08000183105469,59.279998779296875,90450
2021-01-06,60.27000045776367,60.27000045776367,60.34000015258789,59.040000915527344,59.349998474121094,71339
2021-01-07,60.7400016784668,60.7400016784668,60.86000061035156,60.13999938964844,60.29999923706055,101322
2021-01-08,61.119998931884766,61.119998931884766,61.33000183105469,60.97999954223633,61.220001220703125,45000
2021-01-11,61.349998474121094,61.349998474121094,61.41999816894531,61.029998779296875,61.2400016784668,81271
2021-01-12,61.2599983215332,61.2599983215332,61.45000076293945,61.15999984741211,61.349998474121094,54434
2021-01-13,61.45000076293945,61.45000076293945,61.47999954223633,61.09000015258789,61.25,63875
2021-01-14,61.7599983215332,61.7599983215332,61.91999816894531,61.5099983215332,61.59000015258789,92937
2021-01-15,61.220001220703125,61.220001220703125,61.47999954223633,60.900001525878906,61.36000061035156,123707
2021-01-18,61.349998474121094,61.349998474121094,61.36000061035156,61.11000061035156,61.15999984741211,49146
2021-01-19,61.290000915527344,61.290000915527344,61.59000015258789,61.209999084472656,61.529998779296875,50340
2021-01-20,62.099998474121094,62.099998474121094,62.119998931884766,61.38999938964844,61.38999938964844,49517
2021-01-21,62.04999923706055,62.04999923706055,62.40999984741211,61.959999084472656,62.38999938964844,76970
2021-01-22,61.65999984741211,61.65999984741211,61.7599983215332,61.36000061035156,61.72999954223633,104469
2021-01-25,61.54999923706055,61.54999923706055,62.08000183105469,61.20000076293945,61.970001220703125,196764
2021-01-26,61.84000015258789,61.84000015258789,62.09000015258789,61.68000030517578,61.720001220703125,67891
2021-01-27,61.11000061035156,61.11000061035156,61.880001068115234,60.779998779296875,61.61000061035156,107919
2021-01-28,61.22999954223633,61.22999954223633,61.33000183105469,59.77000045776367,60.27000045776367,142441
2021-01-29,60.0,60.0,60.619998931884766,60.0,60.16999816894531,208477
2021-02-01,60.720001220703125,60.720001220703125,60.77000045776367,60.20000076293945,60.22999954223633,162022
2021-02-02,62.06999969482422,62.06999969482422,62.099998474121094,61.27000045776367,61.27000045776367,91369
2021-02-03,62.11000061035156,62.11000061035156,62.40999984741211,61.95000076293945,62.369998931884766,75789
2021-02-04,62.65999984741211,62.65999984741211,62.68000030517578,62.099998474121094,62.099998474121094,122256
2021-02-05,62.900001525878906,62.900001525878906,63.20000076293945,62.720001220703125,62.97999954223633,62357
2021-02-08,63.130001068115234,63.130001068115234,63.290000915527344,63.04999923706055,63.13999938964844,81131
2021-02-09,63.04999923706055,63.04999923706055,63.220001220703125,62.90999984741211,63.150001525878906,65329
2021-02-10,62.790000915527344,62.790000915527344,63.27000045776367,62.619998931884766,63.16999816894531,89247
2021-02-11,63.16999816894531,63.16999816894531,63.20000076293945,63.0099983215332,63.04999923706055,52622
2021-02-12,63.380001068115234,63.380001068115234,63.38999938964844,62.880001068115234,63.040000915527344,46105
2021-02-15,63.880001068115234,63.880001068115234,63.95000076293945,63.650001525878906,63.68000030517578,62704
2021-02-16,63.7599983215332,63.7599983215332,64.0,63.720001220703125,63.97999954223633,52474
2021-02-17,63.52000045776367,63.52000045776367,63.88999938964844,63.470001220703125,63.70000076293945,80036
2021-02-18,63.16999816894531,63.16999816894531,63.70000076293945,62.93000030517578,63.630001068115234,99176
2021-02-19,63.400001525878906,63.400001525878906,63.459999084472656,63.040000915527344,63.15999984741211,106455
2021-02-22,62.72999954223633,62.72999954223633,62.849998474121094,62.61000061035156,62.75,85098
2021-02-23,62.29999923706055,62.29999923706055,62.869998931884766,61.560001373291016,62.79999923706055,125963
2021-02-24,62.88999938964844,62.88999938964844,62.900001525878906,62.31999969482422,62.38999938964844,66006
2021-02-25,62.29999923706055,62.29999923706055,63.0099983215332,62.279998779296875,63.0099983215332,38724
2021-02-26,61.869998931884766,61.869998931884766,61.97999954223633,61.11000061035156,61.41999816894531,82096
2021-03-01,63.0099983215332,63.0099983215332,63.060001373291016,62.349998474121094,62.380001068115234,67449
2021-03-02,62.709999084472656,62.709999084472656,63.220001220703125,62.709999084472656,62.9900016784668,123630
2021-03-03,62.52000045776367,62.52000045776367,63.09000015258789,62.20000076293945,62.93000030517578,117264
2021-03-04,62.06999969482422,62.06999969482422,62.279998779296875,61.630001068115234,62.0,83985
2021-03-05,61.380001068115234,61.380001068115234,62.380001068115234,61.25,61.52000045776367,85806
2021-03-08,63.369998931884766,63.369998931884766,63.5,62.27000045776367,62.40999984741211,106063
2021-03-09,63.65999984741211,63.65999984741211,63.720001220703125,62.939998626708984,63.0,193753
2021-03-10,63.79999923706055,63.79999923706055,63.90999984741211,63.33000183105469,63.349998474121094,84542
2021-03-11,64.23999786376953,64.23999786376953,64.23999786376953,63.790000915527344,63.91999816894531,100409
2021-03-12,64.0,64.0,64.29000091552734,63.849998474121094,63.95000076293945,60277
2021-03-15,64.33999633789062,64.33999633789062,64.62000274658203,64.1500015258789,64.36000061035156,81801
2021-03-16,64.91999816894531,64.91999816894531,65.0999984741211,64.66999816894531,64.7699966430664,59108
2021-03-17,64.54000091552734,64.54000091552734,64.9000015258789,64.38999938964844,64.87999725341797,74418
2021-03-18,64.76000213623047,64.76000213623047,64.91999816894531,64.45999908447266,64.69999694824219,102583
2021-03-19,64.2699966430664,64.2699966430664,64.51000213623047,63.88999938964844,64.2300033569336,90006
2021-03-22,64.43000030517578,64.43000030517578,64.44000244140625,63.9900016784668,64.0199966430664,79168
2021-03-23,64.56999969482422,64.56999969482422,64.66000366210938,64.1500015258789,64.30999755859375,59703
2021-03-24,64.52999877929688,64.52999877929688,64.5999984741211,64.18000030517578,64.19000244140625,68246
2021-03-25,64.27999877929688,64.27999877929688,64.30999755859375,63.560001373291016,64.06999969482422,37809
2021-03-26,64.93000030517578,64.93000030517578,64.93000030517578,64.62000274658203,64.80999755859375,80403
2021-03-29,65.1500015258789,65.1500015258789,65.37000274658203,65.02999877929688,65.0999984741211,77208
2021-03-30,65.51000213623047,65.51000213623047,65.58999633789062,65.26000213623047,65.48999786376953,79812
2021-03-31,65.6500015258789,65.6500015258789,65.70999908447266,65.2300033569336,65.41000366210938,110600
2021-04-01,65.94999694824219,65.94999694824219,66.12999725341797,65.69999694824219,65.73999786376953,134374
2021-04-06,66.56999969482422,66.56999969482422,66.6500015258789,66.4000015258789,66.55999755859375,99165
2021-04-07,66.2300033569336,66.2300033569336,66.45999908447266,66.08000183105469,66.33999633789062,113643
2021-04-08,66.5199966430664,66.5199966430664,66.69999694824219,66.38999938964844,66.61000061035156,64509
2021-04-09,66.76000213623047,66.76000213623047,66.81999969482422,66.61000061035156,66.66999816894531,70028
2021-04-12,66.7699966430664,66.7699966430664,66.93000030517578,66.69000244140625,66.8499984741211,53254
2021-04-13,66.88999938964844,66.88999938964844,67.0199966430664,66.69000244140625,66.95999908447266,81214
2021-04-14,66.87999725341797,66.87999725341797,67.05000305175781,66.80999755859375,66.88999938964844,37816
2021-04-15,67.26000213623047,67.26000213623047,67.2699966430664,66.83000183105469,66.86000061035156,85977
2021-04-16,67.44000244140625,67.44000244140625,67.4800033569336,67.19999694824219,67.26000213623047,75822
2021-04-19,67.01000213623047,67.01000213623047,67.5,66.87999725341797,67.44999694824219,90990
2021-04-20,66.08999633789062,66.08999633789062,66.87999725341797,66.04000091552734,66.83000183105469,54233
2021-04-21,66.5999984741211,66.5999984741211,66.66000366210938,66.2300033569336,66.36000061035156,60975
2021-04-22,67.05999755859375,67.05999755859375,67.08000183105469,66.70999908447266,66.83999633789062,71369
2021-04-23,66.9000015258789,66.9000015258789,66.9000015258789,66.33000183105469,66.58000183105469,54131
2021-04-26,67.06999969482422,67.06999969482422,67.12999725341797,66.69999694824219,66.80000305175781,52427
2021-04-27,66.95999908447266,66.95999908447266,67.12999725341797,66.77999877929688,67.06999969482422,63375
2021-04-28,66.94999694824219,66.94999694824219,67.13999938964844,66.9000015258789,67.13999938964844,38692
2021-04-29,66.80999755859375,66.80999755859375,67.2300033569336,66.75,67.12999725341797,115250
2021-04-30,66.98999786376953,66.98999786376953,67.05999755859375,66.7699966430664,66.91999816894531,52761
2021-05-03,67.0199966430664,67.0199966430664,68.52999877929688,66.94999694824219,67.0999984741211,80500
2021-05-04,66.33999633789062,66.33999633789062,67.30000305175781,66.2300033569336,67.16000366210938,54758
2021-05-05,67.26000213623047,67.26000213623047,67.26000213623047,66.86000061035156,66.94999694824219,63845
2021-05-06,66.87000274658203,66.87000274658203,67.16999816894531,66.44999694824219,67.12999725341797,73455
2021-05-07,67.33000183105469,67.33000183105469,67.37000274658203,67.0,67.20999908447266,73166
2021-05-10,67.25,67.25,67.37999725341797,67.05999755859375,67.33000183105469,92497
2021-05-11,65.95999908447266,65.95999908447266,66.4800033569336,65.41999816894531,66.47000122070312,161562
2021-05-12,65.69000244140625,65.69000244140625,66.16000366210938,65.69000244140625,66.05000305175781,58286
2021-05-13,65.75,65.75,66.0,64.62999725341797,64.97000122070312,82692
2021-05-14,66.38999938964844,66.38999938964844,66.43000030517578,65.87000274658203,66.05000305175781,64393
2021-05-17,66.1500015258789,66.1500015258789,66.5,66.05000305175781,66.41999816894531,58411
2021-05-18,66.2300033569336,66.2300033569336,66.54000091552734,66.0,66.5,92124
2021-05-19,65.0,65.0,65.33000183105469,64.5999984741211,65.23999786376953,200788
2021-05-20,66.13999938964844,66.13999938964844,66.13999938964844,65.19000244140625,65.55000305175781,75497
2021-05-21,66.5,66.5,66.72000122070312,66.12999725341797,66.20999908447266,43574
2021-05-24,66.7699966430664,66.7699966430664,66.77999877929688,66.37000274658203,66.47000122070312,42571
2021-05-25,66.52999877929688,66.52999877929688,66.83999633789062,66.52999877929688,66.80000305175781,60034
2021-05-26,66.75,66.75,66.77999877929688,66.5,66.76000213623047,59105
2021-05-27,66.9800033569336,66.9800033569336,67.08999633789062,66.58999633789062,66.69000244140625,50266
2021-05-28,67.2300033569336,67.2300033569336,67.45999908447266,67.12999725341797,67.1500015258789,41400
2021-05-31,66.7699966430664,66.7699966430664,67.1500015258789,66.73999786376953,67.12000274658203,38169
2021-06-01,66.95999908447266,66.95999908447266,67.37999725341797,66.83999633789062,67.0,67634
2021-06-02,67.2300033569336,67.2300033569336,67.27999877929688,66.95999908447266,67.08999633789062,53057
2021-06-03,67.41999816894531,67.41999816894531,67.43000030517578,66.73999786376953,67.26000213623047,46608
2021-06-04,67.58000183105469,67.58000183105469,67.62000274658203,67.30000305175781,67.4000015258789,77837
2021-06-07,67.4800033569336,67.4800033569336,67.80000305175781,67.4800033569336,67.6500015258789,81379
2021-06-08,67.55999755859375,67.55999755859375,67.86000061035156,67.4800033569336,67.69000244140625,41346
2021-06-09,67.68000030517578,67.68000030517578,67.70999908447266,67.52999877929688,67.66000366210938,53970
2021-06-10,67.86000061035156,67.86000061035156,68.0,67.48999786376953,67.68000030517578,52691
2021-06-11,68.30000305175781,68.30000305175781,68.31999969482422,67.80000305175781,67.83000183105469,30136
2021-06-14,68.25,68.25,68.62000274658203,68.22000122070312,68.54000091552734,47509
2021-06-15,68.30000305175781,68.30000305175781,68.63999938964844,68.30000305175781,68.56999969482422,84283
2021-06-16,68.45999908447266,68.45999908447266,68.52999877929688,68.2699966430664,68.44000244140625,39066
2021-06-17,69.12999725341797,69.12999725341797,69.13999938964844,68.45999908447266,68.45999908447266,52957
2021-06-18,68.51000213623047,68.51000213623047,69.1500015258789,68.41000366210938,69.12999725341797,64648
2021-06-21,68.83000183105469,68.83000183105469,68.83000183105469,67.91999816894531,68.08000183105469,72725
2021-06-22,69.19999694824219,69.19999694824219,69.2300033569336,68.81999969482422,69.0,55821
2021-06-23,68.91999816894531,68.91999816894531,69.31999969482422,68.9000015258789,69.30999755859375,56672
2021-06-24,69.43000030517578,69.43000030517578,69.5,69.13999938964844,69.16000366210938,51105
2021-06-25,69.56999969482422,69.56999969482422,69.56999969482422,69.33000183105469,69.41999816894531,43797
2021-06-28,69.5199966430664,69.5199966430664,69.77999877929688,69.5,69.5999984741211,56379
2021-06-29,69.87000274658203,69.87000274658203,70.0999984741211,69.72000122070312,69.72000122070312,34924
2021-06-30,69.9000015258789,69.9000015258789,69.98999786376953,69.52999877929688,69.9000015258789,48341
2021-07-01,70.0999984741211,70.0999984741211,70.30999755859375,69.80000305175781,70.0999984741211,66040
2021-07-02,70.51000213623047,70.51000213623047,70.62999725341797,70.37000274658203,70.4000015258789,109041
2021-07-05,70.69999694824219,70.69999694824219,70.72000122070312,70.4000015258789,70.55999755859375,48610
2021-07-06,70.47000122070312,70.47000122070312,70.87999725341797,70.37000274658203,70.5,120463
2021-07-07,70.9800033569336,70.9800033569336,71.06999969482422,70.76000213623047,70.80999755859375,65528
2021-07-08,69.9800033569336,69.9800033569336,70.63999938964844,69.51000213623047,70.62000274658203,100644
2021-07-09,70.7699966430664,70.7699966430664,70.7699966430664,70.25,70.30000305175781,57337
2021-07-12,71.05000305175781,71.05000305175781,71.08999633789062,70.47000122070312,70.79000091552734,36967
2021-07-13,71.43000030517578,71.43000030517578,71.43000030517578,71.0199966430664,71.11000061035156,67672
2021-07-14,71.12999725341797,71.12999725341797,71.44000244140625,71.12999725341797,71.19000244140625,62852
2021-07-15,70.91999816894531,70.91999816894531,71.0999984741211,70.68000030517578,70.91999816894531,63600
2021-07-16,70.66999816894531,70.66999816894531,71.01000213623047,70.55000305175781,70.81999969482422,47112
2021-07-19,69.30000305175781,69.30000305175781,70.16999816894531,68.80999755859375,70.0999984741211,72539
2021-07-20,70.19000244140625,70.19000244140625,70.31999969482422,69.43000030517578,69.69999694824219,135367
2021-07-21,70.69999694824219,70.69999694824219,70.77999877929688,70.4000015258789,70.44000244140625,104183
2021-07-22,71.05999755859375,71.05999755859375,71.18000030517578,70.72000122070312,71.02999877929688,43655
2021-07-23,71.83999633789062,71.83999633789062,71.83999633789062,71.37999725341797,71.41000366210938,73904
2021-07-26,71.70999908447266,71.70999908447266,71.70999908447266,71.3499984741211,71.61000061035156,66379
2021-07-27,71.02999877929688,71.02999877929688,71.72000122070312,71.02999877929688,71.63999938964844,70932
2021-07-28,71.51000213623047,71.51000213623047,71.5999984741211,71.2699966430664,71.29000091552734,55522
2021-07-29,71.58000183105469,71.58000183105469,71.62999725341797,71.3499984741211,71.5,48331
2021-07-30,71.2300033569336,71.2300033569336,71.37999725341797,70.77999877929688,70.86000061035156,64413
2021-08-02,71.4800033569336,71.4800033569336,71.68000030517578,71.3499984741211,71.58000183105469,140263
2021-08-03,71.38999938964844,71.38999938964844,71.43000030517578,71.02999877929688,71.33999633789062,51830
2021-08-04,71.69999694824219,71.69999694824219,71.80999755859375,71.38999938964844,71.68000030517578,66937
2021-08-05,71.98999786376953,71.98999786376953,72.02999877929688,71.62000274658203,71.73999786376953,66786
2021-08-06,72.41999816894531,72.41999816894531,72.4800033569336,72.01000213623047,72.12000274658203,45403
2021-08-09,72.51000213623047,72.51000213623047,72.5199966430664,72.29000091552734,72.4000015258789,43844
2021-08-10,72.7699966430664,72.7699966430664,72.93000030517578,72.58000183105469,72.58999633789062,71403
2021-08-11,72.83000183105469,72.83000183105469,72.98999786376953,72.6500015258789,72.87000274658203,46229
2021-08-12,72.94999694824219,72.94999694824219,72.97000122070312,72.75,72.8499984741211,64621
2021-08-13,72.87000274658203,72.87000274658203,73.16999816894531,72.8499984741211,73.12000274658203,91477
2021-08-16,72.63999938964844,72.63999938964844,72.77999877929688,72.4000015258789,72.58999633789062,42774
2021-08-17,72.87999725341797,72.87999725341797,72.94999694824219,72.5199966430664,72.66999816894531,92335
2021-08-18,72.8499984741211,72.8499984741211,72.94999694824219,72.70999908447266,72.91999816894531,21772
2021-08-19,72.08000183105469,72.08000183105469,72.26000213623047,71.41000366210938,71.79000091552734,59088
2021-08-20,72.55999755859375,72.55999755859375,72.61000061035156,71.69999694824219,72.0,33716
2021-08-23,73.08000183105469,73.08000183105469,73.08000183105469,72.58000183105469,72.83000183105469,39415
2021-08-24,73.1500015258789,73.1500015258789,73.27999877929688,72.94999694824219,73.23999786376953,43359
2021-08-25,73.19000244140625,73.19000244140625,73.2699966430664,73.12000274658203,73.2699966430664,58788
2021-08-26,72.95999908447266,72.95999908447266,73.18000030517578,72.80000305175781,73.0,61229
2021-08-27,73.16999816894531,73.16999816894531,73.16999816894531,72.81999969482422,72.87999725341797,32095
2021-08-30,73.52999877929688,73.52999877929688,73.52999877929688,73.18000030517578,73.22000122070312,39682
2021-08-31,73.4000015258789,73.4000015258789,73.52999877929688,73.05000305175781,73.5199966430664,33437
2021-09-01,73.31999969482422,73.31999969482422,73.7300033569336,73.2699966430664,73.58999633789062,50964
2021-09-02,73.51000213623047,73.51000213623047,73.51000213623047,73.30000305175781,73.31999969482422,59599
2021-09-03,73.4000015258789,73.4000015258789,73.5999984741211,73.13999938964844,73.4800033569336,47146
2021-09-06,73.8499984741211,73.8499984741211,73.9000015258789,73.58999633789062,73.58999633789062,50882
2021-09-07,73.5,73.5,73.72000122070312,73.37999725341797,73.69000244140625,40490
2021-09-08,73.23999786376953,73.23999786376953,73.58000183105469,73.0999984741211,73.36000061035156,60213
2021-09-09,73.36000061035156,73.36000061035156,73.66000366210938,72.86000061035156,72.94999694824219,64164
2021-09-10,73.0,73.0,73.5,72.93000030517578,73.36000061035156,56863
2021-09-13,72.8499984741211,72.8499984741211,73.44999694824219,72.77999877929688,73.25,149522
2021-09-14,72.77999877929688,72.77999877929688,73.08000183105469,72.6500015258789,72.91999816894531,53060
2021-09-15,72.61000061035156,72.61000061035156,72.7699966430664,72.44000244140625,72.76000213623047,45431
2021-09-16,72.94999694824219,72.94999694824219,73.3499984741211,72.81999969482422,73.05999755859375,100673
2021-09-17,72.73999786376953,72.73999786376953,73.33999633789062,72.66000366210938,73.33999633789062,146141
2021-09-20,71.4000015258789,71.4000015258789,72.0199966430664,71.30000305175781,71.9800033569336,96813
2021-09-21,71.98999786376953,71.98999786376953,72.2699966430664,71.55999755859375,71.87999725341797,122466
2021-09-22,72.43000030517578,72.43000030517578,72.43000030517578,71.81999969482422,72.08000183105469,67657
2021-09-23,73.0,73.0,73.08000183105469,72.55000305175781,72.69000244140625,79028
2021-09-24,72.86000061035156,72.86000061035156,73.05000305175781,72.58000183105469,72.80000305175781,44141
2021-09-27,72.94999694824219,72.94999694824219,73.41999816894531,72.8499984741211,73.41000366210938,63556
2021-09-28,71.5999984741211,71.5999984741211,72.77999877929688,71.54000091552734,72.69000244140625,57814
2021-09-29,72.13999938964844,72.13999938964844,72.30000305175781,71.81999969482422,71.87000274658203,42495
2021-09-30,71.98999786376953,71.98999786376953,72.5999984741211,71.95999908447266,72.55999755859375,43157
2021-10-01,71.55000305175781,71.55000305175781,71.76000213623047,70.72000122070312,70.87999725341797,105211
2021-10-04,70.70999908447266,70.70999908447266,71.70999908447266,70.70999908447266,71.5,70920
2021-10-05,71.91999816894531,71.91999816894531,72.04000091552734,71.05000305175781,71.13999938964844,55347
2021-10-06,71.43000030517578,71.43000030517578,71.62000274658203,70.87000274658203,71.37999725341797,131329
2021-10-07,72.98999786376953,72.98999786376953,73.08999633789062,72.37000274658203,72.44000244140625,79599
2021-10-08,72.69999694824219,72.69999694824219,72.98999786376953,72.5999984741211,72.88999938964844,76254
2021-10-11,72.8499984741211,72.8499984741211,72.91999816894531,72.2699966430664,72.41000366210938,54881
2021-10-12,72.4000015258789,72.4000015258789,72.52999877929688,71.66999816894531,71.66999816894531,42214
2021-10-13,72.18000030517578,72.18000030517578,72.48999786376953,71.95999908447266,72.06999969482422,47515
2021-10-14,73.3499984741211,73.3499984741211,73.38999938964844,72.62000274658203,72.69999694824219,60799
2021-10-15,73.93000030517578,73.93000030517578,74.0,73.52999877929688,73.58000183105469,143715
2021-10-18,73.95999908447266,73.95999908447266,73.98999786376953,73.47000122070312,73.8499984741211,62397
2021-10-19,74.3499984741211,74.3499984741211,74.3499984741211,73.9000015258789,74.0,49140
2021-10-20,74.58000183105469,74.58000183105469,74.61000061035156,74.25,74.2699966430664,114077
2021-10-21,74.44000244140625,74.44000244140625,74.5999984741211,74.16999816894531,74.2699966430664,53273
2021-10-22,74.61000061035156,74.61000061035156,74.94999694824219,74.5999984741211,74.66000366210938,113790
2021-10-25,75.05999755859375,75.05999755859375,75.05999755859375,74.61000061035156,74.72000122070312,72012
2021-10-26,75.55999755859375,75.55999755859375,75.69000244140625,75.31999969482422,75.41000366210938,84070
2021-10-27,75.20999908447266,75.20999908447266,75.38999938964844,75.05000305175781,75.36000061035156,68489
2021-10-28,75.02999877929688,75.02999877929688,75.20999908447266,74.80999755859375,75.0,87196
2021-10-29,75.7300033569336,75.7300033569336,75.7300033569336,74.6500015258789,74.75,52461
2021-11-01,75.88999938964844,75.88999938964844,76.19000244140625,75.73999786376953,75.95999908447266,64339
2021-11-02,76.16000366210938,76.16000366210938,76.19999694824219,75.76000213623047,75.7699966430664,48653
2021-11-03,76.12999725341797,76.12999725341797,76.20999908447266,76.05000305175781,76.13999938964844,49172
2021-11-04,76.95999908447266,76.95999908447266,77.16999816894531,76.7699966430664,76.83000183105469,125338
2021-11-05,77.33000183105469,77.33000183105469,77.70999908447266,76.95999908447266,76.95999908447266,118948
2021-11-08,77.1500015258789,77.1500015258789,77.3499984741211,77.02999877929688,77.08999633789062,103156
2021-11-09,76.87000274658203,76.87000274658203,77.22000122070312,76.69000244140625,76.91999816894531,149476
2021-11-10,77.16999816894531,77.16999816894531,77.23999786376953,76.73999786376953,77.0,74869
2021-11-11,77.23999786376953,77.23999786376953,77.33999633789062,77.01000213623047,77.0999984741211,26868
2021-11-12,77.73999786376953,77.73999786376953,77.73999786376953,77.25,77.33000183105469,40062
2021-11-15,78.08000183105469,78.08000183105469,78.12999725341797,77.76000213623047,77.80999755859375,62843
2021-11-16,78.73999786376953,78.73999786376953,78.73999786376953,78.18000030517578,78.27999877929688,69895
2021-11-17,78.66999816894531,78.66999816894531,78.8499984741211,78.5199966430664,78.81999969482422,45630
2021-11-18,78.4000015258789,78.4000015258789,78.77999877929688,78.05999755859375,78.6500015258789,94035
2021-11-19,78.69999694824219,78.69999694824219,79.01000213623047,78.55000305175781,78.80000305175781,79777
2021-11-22,79.12000274658203,79.12000274658203,79.41999816894531,78.8499984741211,79.0,57035
2021-11-23,78.08999633789062,78.08999633789062,78.69999694824219,77.88999938964844,78.4000015258789,64294
2021-11-24,78.7699966430664,78.7699966430664,78.77999877929688,78.19999694824219,78.47000122070312,38983
2021-11-25,78.9800033569336,78.9800033569336,79.04000091552734,78.83000183105469,79.0,57577
2021-11-26,76.30000305175781,76.30000305175781,77.2699966430664,76.16999816894531,77.19000244140625,146803
2021-11-29,77.20999908447266,77.20999908447266,77.48999786376953,76.80000305175781,77.19999694824219,99566
2021-11-30,76.16000366210938,76.16000366210938,76.72000122070312,75.72000122070312,76.19999694824219,55935
2021-12-01,77.01000213623047,77.01000213623047,77.08999633789062,76.30000305175781,76.30999755859375,91562
2021-12-02,75.62999725341797,75.62999725341797,75.91999816894531,74.86000061035156,75.54000091552734,93753
2021-12-03,75.47000122070312,75.47000122070312,76.63999938964844,75.1500015258789,76.30999755859375,51275
2021-12-06,76.30000305175781,76.30000305175781,76.33000183105469,75.3499984741211,75.95999908447266,77286
2021-12-07,78.36000061035156,78.36000061035156,78.37999725341797,77.01000213623047,77.05000305175781,95909
2021-12-08,77.70999908447266,77.70999908447266,78.44000244140625,77.58000183105469,78.19000244140625,25765
2021-12-09,77.9800033569336,77.9800033569336,77.9800033569336,77.66840362548828,77.95999908447266,27358
2021-12-10,77.55999755859375,77.55999755859375,78.19999694824219,77.41999816894531,77.62000274658203,41623
2021-12-13,77.44000244140625,77.44000244140625,78.44999694824219,77.38999938964844,78.08000183105469,47217
2021-12-14,76.70999908447266,76.70999908447266,77.80000305175781,76.54000091552734,77.72000122070312,118436
2021-12-15,76.76000213623047,76.76000213623047,77.29000091552734,76.73999786376953,77.08000183105469,38010
2021-12-16,77.80000305175781,77.80000305175781,78.62000274658203,77.6500015258789,78.18000030517578,966069
2021-12-17,77.20999908447266,77.20999908447266,77.5199966430664,76.4000015258789,77.26000213623047,114464
2021-12-20,75.45999908447266,75.45999908447266,76.12999725341797,75.43000030517578,75.87999725341797,284208
2021-12-21,76.80000305175781,76.80000305175781,76.94000244140625,76.26000213623047,76.44000244140625,203908
2021-12-22,77.55999755859375,77.55999755859375,77.55999755859375,76.95999908447266,77.25,79565
2021-12-23,78.38999938964844,78.38999938964844,78.44000244140625,77.80000305175781,77.81999969482422,99663
2021-12-27,78.88999938964844,78.88999938964844,78.97000122070312,78.12999725341797,78.19999694824219,57363
2021-12-28,79.3499984741211,79.3499984741211,79.63999938964844,79.1500015258789,79.1500015258789,52903
2021-12-29,78.95999908447266,78.95999908447266,79.56999969482422,78.7300033569336,79.38999938964844,105233
2021-12-30,79.33999633789062,79.33999633789062,79.45999908447266,79.1500015258789,79.26000213623047,23362
2022-01-03,79.16000366210938,79.16000366210938,79.31999969482422,78.80000305175781,79.05999755859375,73916
2022-01-04,79.52999877929688,79.52999877929688,79.97000122070312,79.30000305175781,79.69999694824219,69542
2022-01-05,79.2699966430664,79.2699966430664,79.52999877929688,79.1500015258789,79.48999786376953,51154
2022-01-06,78.02999877929688,78.02999877929688,78.2300033569336,77.47000122070312,78.08000183105469,62745
2022-01-07,77.48999786376953,77.48999786376953,78.13999938964844,77.20999908447266,77.93000030517578,73963
2022-01-10,76.48999786376953,76.48999786376953,77.80999755859375,76.08000183105469,77.73999786376953,48760
2022-01-11,77.44999694824219,77.44999694824219,77.7699966430664,77.0,77.41999816894531,80365
2022-01-12,77.77999877929688,77.77999877929688,78.19999694824219,77.52999877929688,78.02999877929688,71931
2022-01-13,77.5199966430664,77.5199966430664,77.83000183105469,77.38999938964844,77.41999816894531,51416
2022-01-14,76.55999755859375,76.55999755859375,76.87999725341797,76.18000030517578,76.61000061035156,94742
2022-01-17,77.12999725341797,77.12999725341797,77.19999694824219,76.75,76.80000305175781,42844
2022-01-18,76.27999877929688,76.27999877929688,76.6500015258789,76.06999969482422,76.63999938964844,61960
2022-01-19,75.93000030517578,75.93000030517578,76.58999633789062,75.5999984741211,75.62999725341797,165444
2022-01-20,76.55999755859375,76.55999755859375,76.58999633789062,75.55999755859375,75.80000305175781,124050
2022-01-21,74.79000091552734,74.79000091552734,75.01000213623047,73.87999725341797,74.94000244140625,302735
2022-01-24,71.81999969482422,71.81999969482422,74.26000213623047,71.5999984741211,74.06999969482422,223487
2022-01-25,72.54000091552734,72.54000091552734,73.43000030517578,72.08000183105469,72.83000183105469,146127
2022-01-26,74.02999877929688,74.02999877929688,74.48999786376953,73.25,73.25,133785
2022-01-27,74.2300033569336,74.2300033569336,74.77999877929688,72.69999694824219,72.76000213623047,94010
2022-01-28,73.66000366210938,73.66000366210938,73.73999786376953,72.44999694824219,73.73999786376953,132550
2022-01-31,75.0,75.0,75.08000183105469,74.25,74.55999755859375,120229
2022-02-01,75.62999725341797,75.62999725341797,75.68000030517578,75.06999969482422,75.33000183105469,108425
2022-02-02,75.86000061035156,75.86000061035156,76.41000366210938,75.76000213623047,76.1500015258789,136525
2022-02-03,74.41000366210938,74.41000366210938,75.7699966430664,74.37000274658203,75.7300033569336,91034
2022-02-04,73.72000122070312,73.72000122070312,74.61000061035156,73.29000091552734,74.52999877929688,106371
2022-02-07,74.1500015258789,74.1500015258789,74.44999694824219,73.80000305175781,74.25,74325
2022-02-08,74.48999786376953,74.48999786376953,74.56999969482422,73.9000015258789,74.27999877929688,77313
2022-02-09,75.52999877929688,75.52999877929688,75.62999725341797,74.9000015258789,74.97000122070312,76388
2022-02-10,75.08999633789062,75.08999633789062,75.80000305175781,74.98999786376953,75.76000213623047,57368
2022-02-11,74.5999984741211,74.5999984741211,75.12000274658203,74.31999969482422,74.58999633789062,50892
2022-02-14,73.87000274658203,73.87000274658203,74.0,73.0199966430664,73.7300033569336,112899
2022-02-15,74.47000122070312,74.47000122070312,74.62999725341797,73.69999694824219,73.72000122070312,111356
2022-02-16,74.12999725341797,74.12999725341797,74.76000213623047,74.0,74.38999938964844,88573
2022-02-17,73.8499984741211,73.8499984741211,74.5,73.5999984741211,74.43000030517578,70495
2022-02-18,72.97000122070312,72.97000122070312,73.63999938964844,72.87000274658203,73.58000183105469,55389
2022-02-21,72.13999938964844,72.13999938964844,73.18000030517578,72.04000091552734,73.12999725341797,98790
2022-02-22,72.33000183105469,72.33000183105469,72.87000274658203,71.55999755859375,71.66999816894531,114746
2022-02-23,71.97000122070312,71.97000122070312,72.79000091552734,71.77999877929688,72.44000244140625,57610
2022-02-24,70.9800033569336,70.9800033569336,71.25,69.5199966430664,69.7699966430664,302981
2022-02-25,73.19999694824219,73.19999694824219,73.19999694824219,71.5199966430664,71.7699966430664,224326
2022-02-28,73.66999816894531,73.66999816894531,73.66999816894531,72.5,72.87999725341797,153827
2022-03-01,73.05000305175781,73.05000305175781,73.97000122070312,72.98999786376953,73.80000305175781,139607
2022-03-02,73.94000244140625,73.94000244140625,74.13999938964844,72.66000366210938,72.87999725341797,65148
2022-03-03,73.69000244140625,73.69000244140625,74.58999633789062,73.5,74.1500015258789,117381
2022-03-04,73.0,73.0,73.80000305175781,72.88999938964844,73.56999969482422,205598
2022-03-07,72.6500015258789,72.6500015258789,73.41000366210938,72.0199966430664,72.5,158163
2022-03-08,71.12999725341797,71.12999725341797,72.12000274658203,70.98999786376953,71.5,99577
2022-03-09,72.18000030517578,72.18000030517578,72.30000305175781,71.62000274658203,71.73999786376953,233257
2022-03-10,71.61000061035156,71.61000061035156,72.44000244140625,71.25,72.3499984741211,84117
2022-03-11,72.44999694824219,72.44999694824219,73.3499984741211,72.16000366210938,72.43000030517578,100710
2022-03-14,71.66000366210938,71.66000366210938,72.58000183105469,71.5999984741211,72.33999633789062,149859
2022-03-15,72.33999633789062,72.33999633789062,72.33999633789062,70.5,70.8499984741211,127780
2022-03-16,73.69000244140625,73.69000244140625,73.93000030517578,73.23999786376953,73.3499984741211,151423
2022-03-17,74.0,74.0,74.19000244140625,73.62000274658203,74.11000061035156,135757
2022-03-18,75.23999786376953,75.23999786376953,75.23999786376953,74.26000213623047,74.4800033569336,49293
2022-03-21,75.62000274658203,75.62000274658203,76.02999877929688,75.43000030517578,75.45999908447266,49899
2022-03-22,76.61000061035156,76.61000061035156,76.61000061035156,75.91000366210938,76.12000274658203,108619
2022-03-23,76.31999969482422,76.31999969482422,76.7300033569336,76.25,76.66000366210938,90470
2022-03-24,76.33000183105469,76.33000183105469,76.56999969482422,76.12999725341797,76.33000183105469,41983
2022-03-25,76.7300033569336,76.7300033569336,77.0199966430664,76.33000183105469,76.62999725341797,147904
2022-03-28,77.04000091552734,77.04000091552734,77.41999816894531,76.97000122070312,77.05000305175781,89382
2022-03-29,77.51000213623047,77.51000213623047,77.83000183105469,77.16999816894531,77.52999877929688,168507
2022-03-30,77.12999725341797,77.12999725341797,77.58999633789062,77.05000305175781,77.55999755859375,104261
2022-03-31,77.0999984741211,77.0999984741211,77.44000244140625,77.0199966430664,77.12000274658203,44228
2022-04-01,76.73999786376953,76.73999786376953,77.12000274658203,76.68000030517578,76.80999755859375,83195
2022-04-04,77.68000030517578,77.68000030517578,77.70999908447266,76.81999969482422,77.08999633789062,54203
2022-04-05,77.97000122070312,77.97000122070312,78.13999938964844,77.62999725341797,77.94999694824219,59484
2022-04-06,76.47000122070312,76.47000122070312,77.69999694824219,76.19999694824219,77.63999938964844,60265
2022-04-07,76.29000091552734,76.29000091552734,77.01000213623047,76.2300033569336,76.58999633789062,60388
2022-04-08,77.30000305175781,77.30000305175781,77.52999877929688,76.91999816894531,77.3499984741211,42820
2022-04-11,76.18000030517578,76.18000030517578,76.81999969482422,76.0199966430664,76.63999938964844,66656
2022-04-12,76.5999984741211,76.5999984741211,76.66000366210938,75.44000244140625,75.6500015258789,52393
2022-04-13,76.23999786376953,76.23999786376953,76.31999969482422,75.77999877929688,76.2699966430664,78231
2022-04-14,76.69000244140625,76.69000244140625,77.0,76.12999725341797,76.25,77110
2022-04-19,76.7699966430664,76.7699966430664,76.8499984741211,75.63999938964844,76.33999633789062,117111
2022-04-20,76.87999725341797,76.87999725341797,77.27999877929688,76.56999969482422,76.62000274658203,80034
2022-04-21,76.87000274658203,76.87000274658203,77.2699966430664,76.5999984741211,76.87000274658203,57404
2022-04-22,75.12000274658203,75.12000274658203,76.01000213623047,75.0999984741211,75.83000183105469,82513
2022-04-25,73.7699966430664,73.7699966430664,74.2300033569336,73.4800033569336,73.72000122070312,136686
2022-04-26,73.77999877929688,73.77999877929688,74.87000274658203,73.7300033569336,74.7699966430664,87093
2022-04-27,74.51000213623047,74.51000213623047,74.70999908447266,73.47000122070312,73.79000091552734,201783
2022-04-28,74.86000061035156,74.86000061035156,75.5,74.43000030517578,75.0,89146
2022-04-29,75.0199966430664,75.0199966430664,75.80000305175781,74.77999877929688,75.52999877929688,197199
2022-05-02,73.47000122070312,73.47000122070312,73.9800033569336,73.19999694824219,73.87000274658203,143633
2022-05-03,74.55999755859375,74.55999755859375,74.55999755859375,73.68000030517578,74.13999938964844,76796
2022-05-04,73.54000091552734,73.54000091552734,74.4800033569336,73.54000091552734,74.41000366210938,105144
2022-05-05,73.83000183105469,73.83000183105469,75.55999755859375,73.5999984741211,75.5199966430664,112825
2022-05-06,72.68000030517578,72.68000030517578,73.58000183105469,71.7699966430664,73.54000091552734,191778
2022-05-09,70.83000183105469,70.83000183105469,72.58000183105469,70.75,72.47000122070312,177210
2022-05-10,70.36000061035156,70.36000061035156,71.63999938964844,70.25,71.04000091552734,165942
2022-05-11,71.18000030517578,71.18000030517578,71.55999755859375,70.0,70.8499984741211,137639
2022-05-12,70.58000183105469,70.58000183105469,71.08999633789062,69.58999633789062,69.69999694824219,255799
2022-05-13,72.27999877929688,72.27999877929688,72.43000030517578,71.2300033569336,71.23999786376953,87636
2022-05-16,72.08999633789062,72.08999633789062,73.08999633789062,71.76000213623047,71.97000122070312,227815
2022-05-17,72.37000274658203,72.37000274658203,73.05000305175781,71.91999816894531,72.41999816894531,80038
2022-05-18,71.36000061035156,71.36000061035156,72.69999694824219,71.29000091552734,72.62999725341797,65556
2022-05-19,69.97000122070312,69.97000122070312,70.56999969482422,69.4800033569336,70.5,134684
2022-05-20,69.9000015258789,69.9000015258789,70.88999938964844,69.5999984741211,70.30000305175781,82345
2022-05-23,70.62999725341797,70.62999725341797,70.81999969482422,69.80000305175781,70.66999816894531,86007
2022-05-24,68.97000122070312,68.97000122070312,69.94000244140625,68.87000274658203,69.62999725341797,94342
2022-05-25,70.27999877929688,70.27999877929688,70.54000091552734,69.7300033569336,70.2300033569336,42838
2022-05-26,71.30999755859375,71.30999755859375,71.41999816894531,70.41999816894531,70.4800033569336,56027
2022-05-27,72.70999908447266,72.70999908447266,72.70999908447266,71.30000305175781,71.4800033569336,79840
2022-05-30,73.16999816894531,73.16999816894531,73.63999938964844,72.98999786376953,73.48999786376953,55817
2022-05-31,72.5,72.5,73.12999725341797,72.31999969482422,72.87000274658203,57403
2022-06-01,72.43000030517578,72.43000030517578,73.19000244140625,72.29000091552734,72.91000366210938,69046
2022-06-02,72.56999969482422,72.56999969482422,72.7300033569336,72.11000061035156,72.55000305175781,32332
2022-06-03,72.31999969482422,72.31999969482422,73.19000244140625,72.20999908447266,73.13999938964844,63326
2022-06-06,72.97000122070312,72.97000122070312,73.4000015258789,72.68000030517578,72.7300033569336,98126
2022-06-07,72.72000122070312,72.72000122070312,72.93000030517578,72.19000244140625,72.41999816894531,50299
2022-06-08,72.8499984741211,72.8499984741211,73.08000183105469,72.45999908447266,73.02999877929688,32512
2022-06-09,72.20999908447266,72.20999908447266,72.93000030517578,71.80000305175781,72.37000274658203,30262
2022-06-10,69.91999816894531,69.91999816894531,71.5,69.91999816894531,71.33999633789062,212831
2022-06-13,68.36000061035156,68.36000061035156,69.16999816894531,67.94999694824219,69.0199966430664,121253
2022-06-14,67.79000091552734,67.79000091552734,68.69999694824219,67.5999984741211,68.62000274658203,94258
2022-06-15,68.29000091552734,68.29000091552734,68.5999984741211,67.43000030517578,67.75,113586
2022-06-16,66.16000366210938,66.16000366210938,68.12000274658203,65.9800033569336,68.06999969482422,123837
2022-06-17,66.23999786376953,66.23999786376953,66.77999877929688,65.80000305175781,66.30000305175781,147199
2022-06-20,66.63999938964844,66.63999938964844,66.63999938964844,66.02999877929688,66.25,49505
2022-06-21,67.37000274658203,67.37000274658203,67.4800033569336,66.75,66.9000015258789,95114
2022-06-22,67.25,67.25,67.47000122070312,66.30000305175781,66.69999694824219,117676
2022-06-23,67.4000015258789,67.4000015258789,67.7699966430664,66.66000366210938,66.83999633789062,70428
2022-06-24,69.02999877929688,69.02999877929688,69.06999969482422,67.91999816894531,67.91999816894531,110793
2022-06-27,69.26000213623047,69.26000213623047,69.86000061035156,68.97000122070312,69.5199966430664,92362
2022-06-28,69.13999938964844,69.13999938964844,70.19999694824219,69.13999938964844,69.55999755859375,40735
2022-06-29,68.58000183105469,68.58000183105469,68.83000183105469,68.12999725341797,68.37000274658203,45892
2022-06-30,67.88999938964844,67.88999938964844,68.25,67.41000366210938,67.9000015258789,91030
2022-07-01,68.30999755859375,68.30999755859375,68.62999725341797,67.29000091552734,67.31999969482422,120521
2022-07-04,68.66000366210938,68.66000366210938,68.79000091552734,68.37000274658203,68.55999755859375,48095
2022-07-05,68.44000244140625,68.44000244140625,69.25,68.29000091552734,69.0,112341
2022-07-06,69.93000030517578,69.93000030517578,70.41000366210938,69.52999877929688,69.75,60860
2022-07-07,71.33999633789062,71.33999633789062,71.33999633789062,70.41000366210938,70.5,49492
2022-07-08,71.72000122070312,71.72000122070312,71.87999725341797,71.16000366210938,71.33000183105469,41814
2022-07-11,71.3499984741211,71.3499984741211,71.81999969482422,71.0,71.06999969482422,26320
2022-07-12,71.48999786376953,71.48999786376953,71.56999969482422,71.0,71.20999908447266,45273
2022-07-13,70.41000366210938,70.41000366210938,71.5,69.88999938964844,71.16999816894531,68785
2022-07-14,69.81999969482422,69.81999969482422,70.5999984741211,69.56999969482422,70.54000091552734,54236
2022-07-15,71.08000183105469,71.08000183105469,71.23999786376953,70.16000366210938,70.27999877929688,37251
2022-07-18,71.4000015258789,71.4000015258789,71.83000183105469,71.11000061035156,71.4800033569336,62136
2022-07-19,71.43000030517578,71.43000030517578,71.43000030517578,70.06999969482422,70.68000030517578,41580
2022-07-20,72.45999908447266,72.45999908447266,72.45999908447266,71.69999694824219,71.95999908447266,46607
2022-07-21,72.54000091552734,72.54000091552734,72.54000091552734,72.0,72.33999633789062,46080
2022-07-22,72.61000061035156,72.61000061035156,73.30999755859375,72.61000061035156,72.73999786376953,104426
2022-07-25,72.58000183105469,72.58000183105469,72.77999877929688,72.16999816894531,72.51000213623047,47854
2022-07-26,72.47000122070312,72.47000122070312,72.94999694824219,72.33000183105469,72.4800033569336,52728
2022-07-27,73.16000366210938,73.16000366210938,73.30000305175781,72.58999633789062,72.7699966430664,41184
2022-07-28,74.16999816894531,74.16999816894531,74.2300033569336,73.19999694824219,73.41000366210938,78044
2022-07-29,74.83000183105469,74.83000183105469,75.27999877929688,74.44999694824219,74.5,55309
2022-08-01,74.98999786376953,74.98999786376953,75.2300033569336,74.62000274658203,75.0199966430664,88597
2022-08-02,74.98999786376953,74.98999786376953,75.16999816894531,74.33999633789062,74.83000183105469,59182
2022-08-03,75.75,75.75,75.77999877929688,74.7699966430664,74.91999816894531,70423
2022-08-04,75.44999694824219,75.44999694824219,76.08999633789062,75.30999755859375,75.72000122070312,51192
2022-08-05,75.31999969482422,75.31999969482422,75.68000030517578,75.08999633789062,75.56999969482422,70705
2022-08-08,75.81999969482422,75.81999969482422,76.30000305175781,75.68000030517578,75.91000366210938,56713
2022-08-09,75.05999755859375,75.05999755859375,75.66999816894531,74.87000274658203,75.5999984741211,50887
2022-08-10,75.69999694824219,75.69999694824219,77.0,74.83999633789062,74.95999908447266,105333
2022-08-11,76.16999816894531,76.16999816894531,76.5,75.91999816894531,76.20999908447266,90694
2022-08-12,76.9000015258789,76.9000015258789,76.91000366210938,76.1500015258789,76.18000030517578,105697
2022-08-16,78.12000274658203,78.12000274658203,78.51000213623047,77.68000030517578,78.11000061035156,80117
2022-08-17,77.47000122070312,77.47000122070312,78.3499984741211,77.43000030517578,78.30999755859375,51174
2022-08-18,78.05000305175781,78.05000305175781,78.05000305175781,77.4000015258789,77.45999908447266,28864
2022-08-19,77.5999984741211,77.5999984741211,78.08000183105469,77.55000305175781,77.9800033569336,53434
2022-08-22,77.19999694824219,77.19999694824219,77.5,76.79000091552734,77.5,96644
2022-08-23,76.56999969482422,76.56999969482422,77.16999816894531,76.4000015258789,76.88999938964844,56342
2022-08-24,76.87999725341797,76.87999725341797,77.0,76.30000305175781,76.58999633789062,46289
2022-08-25,77.18000030517578,77.18000030517578,77.4000015258789,76.91999816894531,77.25,38979
2022-08-26,76.1500015258789,76.1500015258789,77.79000091552734,75.94999694824219,77.7699966430664,42708
2022-08-29,74.7699966430664,74.7699966430664,75.19999694824219,74.45999908447266,75.16000366210938,64769
2022-08-30,73.9800033569336,73.9800033569336,75.33000183105469,73.80000305175781,75.04000091552734,77711
2022-08-31,73.37000274658203,73.37000274658203,74.33000183105469,73.33999633789062,74.30000305175781,71122
2022-09-01,72.93000030517578,72.93000030517578,73.08000183105469,72.37999725341797,72.87000274658203,70157
2022-09-02,73.91000366210938,73.91000366210938,74.08000183105469,73.08999633789062,73.37000274658203,49126
2022-09-05,73.41999816894531,73.41999816894531,73.52999877929688,73.08000183105469,73.5199966430664,24119
2022-09-06,73.33999633789062,73.33999633789062,73.77999877929688,72.80000305175781,73.33999633789062,117603
2022-09-07,73.08999633789062,73.08999633789062,73.12000274658203,72.68000030517578,72.80999755859375,79549
2022-09-08,74.11000061035156,74.11000061035156,74.11000061035156,72.9800033569336,73.58999633789062,70561
2022-09-09,74.69999694824219,74.69999694824219,74.77860260009766,73.76000213623047,73.80000305175781,43239
2022-09-12,75.16000366210938,75.16000366210938,75.31999969482422,74.11000061035156,74.30000305175781,44005
2022-09-13,75.16000366210938,75.16000366210938,75.16000366210938,75.16000366210938,75.16000366210938,0
2022-09-14,75.16000366210938,75.16000366210938,75.16000366210938,75.16000366210938,75.16000366210938,0
2022-09-15,75.16000366210938,75.16000366210938,75.16000366210938,75.16000366210938,75.16000366210938,0
2022-09-16,75.16000366210938,75.16000366210938,75.16000366210938,75.16000366210938,75.16000366210938,0
2022-09-19,75.16000366210938,75.16000366210938,75.16000366210938,75.16000366210938,75.16000366210938,0
2022-09-20,75.16000366210938,75.16000366210938,75.16000366210938,75.16000366210938,75.16000366210938,0
2022-09-21,72.51000213623047,72.51000213623047,72.55999755859375,71.7699966430664,71.7699966430664,39667
2022-09-22,70.95999908447266,70.95999908447266,71.66000366210938,70.87000274658203,71.0199966430664,47800
2022-09-23,70.16999816894531,70.16999816894531,70.98999786376953,70.05999755859375,70.91999816894531,188861
2022-09-26,70.30999755859375,70.30999755859375,70.83000183105469,69.88999938964844,70.16999816894531,74549
2022-09-27,70.25,70.25,70.94999694824219,70.25,70.54000091552734,63492
2022-09-28,70.44999694824219,70.44999694824219,70.56999969482422,69.44999694824219,70.0,73642
2022-09-29,68.77999877929688,68.77999877929688,70.22000122070312,68.6500015258789,70.22000122070312,51225
2022-09-30,69.30999755859375,69.30999755859375,70.0,68.61000061035156,68.97000122070312,78215
2022-10-03,69.18000030517578,69.18000030517578,69.29000091552734,67.75,68.05999755859375,87404
2022-10-04,70.62999725341797,70.62999725341797,70.75,69.97000122070312,69.97000122070312,102084
2022-10-05,70.47000122070312,70.47000122070312,70.7300033569336,70.26000213623047,70.41000366210938,79605
2022-10-06,71.05000305175781,71.05000305175781,71.44999694824219,70.47000122070312,70.98999786376953,41826
2022-10-07,69.66999816894531,69.66999816894531,71.02999877929688,69.66999816894531,70.73999786376953,95542
2022-10-10,69.30000305175781,69.30000305175781,69.9000015258789,69.13999938964844,69.3499984741211,65476
2022-10-11,68.9000015258789,68.9000015258789,69.05000305175781,68.33999633789062,68.62999725341797,79778
2022-10-12,68.66000366210938,68.66000366210938,69.19000244140625,68.3499984741211,68.83000183105469,73065
2022-10-13,68.62000274658203,68.62000274658203,69.05000305175781,67.16999816894531,68.36000061035156,115087
2022-10-14,68.94999694824219,68.94999694824219,70.4000015258789,68.8499984741211,69.9000015258789,120880
2022-10-17,69.5999984741211,69.5999984741211,69.91000366210938,68.73999786376953,69.01000213623047,69947
2022-10-18,69.79000091552734,69.79000091552734,70.79000091552734,69.75,70.16000366210938,167390
2022-10-19,70.01000213623047,70.01000213623047,70.51000213623047,69.9000015258789,70.23999786376953,82129
2022-10-20,70.08999633789062,70.08999633789062,70.38999938964844,69.5,69.70999908447266,37667
2022-10-21,69.83999633789062,69.83999633789062,70.04000091552734,68.97000122070312,69.33999633789062,56011
2022-10-24,70.56999969482422,70.56999969482422,71.0999984741211,70.02999877929688,70.41999816894531,61142
2022-10-25,71.30000305175781,71.30000305175781,71.30999755859375,70.66999816894531,71.0999984741211,80661
2022-10-26,71.45999908447266,71.45999908447266,71.5,70.76000213623047,70.9800033569336,85262
2022-10-27,71.27999877929688,71.27999877929688,71.5199966430664,70.62999725341797,70.87000274658203,75129
2022-10-28,71.79000091552734,71.79000091552734,71.91999816894531,70.3499984741211,70.38999938964844,67527
2022-10-31,72.33999633789062,72.33999633789062,72.70999908447266,72.01000213623047,72.2699966430664,98463
2022-11-01,72.45999908447266,72.45999908447266,73.0199966430664,72.26000213623047,72.70999908447266,125941
2022-11-02,72.0199966430664,72.0199966430664,72.58000183105469,71.94999694824219,72.51000213623047,29135
2022-11-03,71.2300033569336,71.2300033569336,71.47000122070312,70.5999984741211,71.33999633789062,131153
2022-11-04,70.58999633789062,70.58999633789062,71.51000213623047,70.33000183105469,71.19000244140625,123354
2022-11-07,70.87999725341797,70.87999725341797,71.19999694824219,70.5999984741211,70.66999816894531,104215
2022-11-08,71.54000091552734,71.54000091552734,71.54000091552734,70.9000015258789,70.91999816894531,109203
2022-11-09,70.76000213623047,70.76000213623047,71.29000091552734,70.69999694824219,71.22000122070312,39683
2022-11-10,72.43000030517578,72.43000030517578,72.43000030517578,70.37999725341797,70.38999938964844,38990
2022-11-11,72.33999633789062,72.33999633789062,73.05000305175781,72.19000244140625,72.97000122070312,112673
2022-11-14,72.48999786376953,72.48999786376953,72.80999755859375,72.30000305175781,72.56999969482422,50986
2022-11-15,72.91000366210938,72.91000366210938,72.91000366210938,72.04000091552734,72.22000122070312,117321
2022-11-16,71.86000061035156,71.86000061035156,72.56999969482422,71.73860168457031,72.52999877929688,65077
2022-11-17,71.55000305175781,71.55000305175781,72.37999725341797,71.29000091552734,72.18000030517578,74261
2022-11-18,72.06999969482422,72.06999969482422,72.41999816894531,71.69999694824219,71.72000122070312,85331
2022-11-21,72.33000183105469,72.33000183105469,72.61000061035156,72.22000122070312,72.37000274658203,69518
2022-11-22,72.83000183105469,72.83000183105469,72.87000274658203,72.25,72.37999725341797,47993
2022-11-23,73.0999984741211,73.0999984741211,73.16000366210938,72.83000183105469,72.91999816894531,36169
2022-11-24,73.2300033569336,73.2300033569336,73.37999725341797,72.9800033569336,73.04000091552734,50539
2022-11-25,73.12000274658203,73.12000274658203,73.33000183105469,72.9800033569336,73.12000274658203,28785
2022-11-28,72.56999969482422,72.56999969482422,72.8499984741211,71.9800033569336,72.80999755859375,59757
2022-11-29,72.13999938964844,72.13999938964844,72.70999908447266,72.12999725341797,72.56999969482422,43684
2022-11-30,72.55000305175781,72.55000305175781,72.62000274658203,72.13999938964844,72.5,41374
2022-12-01,73.30000305175781,73.30000305175781,73.97000122070312,73.08999633789062,73.94999694824219,50309
2022-12-02,73.0199966430664,73.0199966430664,73.26000213623047,72.38999938964844,73.12000274658203,104911
2022-12-05,72.37999725341797,72.37999725341797,72.87999725341797,72.30000305175781,72.80999755859375,64256
2022-12-06,71.3499984741211,71.3499984741211,72.31999969482422,71.19999694824219,72.22000122070312,42552
2022-12-07,70.95999908447266,70.95999908447266,71.51000213623047,70.58999633789062,71.43000030517578,40829
2022-12-08,71.1500015258789,71.1500015258789,71.37999725341797,70.93000030517578,71.0,63905
2022-12-09,71.48999786376953,71.48999786376953,71.5999984741211,71.0,71.37999725341797,30849
2022-12-12,71.16999816894531,71.16999816894531,71.27999877929688,70.80000305175781,71.0,40865
2022-12-13,72.19000244140625,72.19000244140625,73.30000305175781,71.5999984741211,71.69000244140625,48496
2022-12-14,72.02999877929688,72.02999877929688,72.05999755859375,71.5,71.83999633789062,38612
2022-12-15,69.55999755859375,69.55999755859375,71.08999633789062,69.4800033569336,71.05000305175781,98454
2022-12-16,69.0199966430664,69.0199966430664,69.58000183105469,68.75,69.5199966430664,145185
2022-12-19,68.73999786376953,68.73999786376953,69.36000061035156,68.73999786376953,69.12000274658203,37645
2022-12-20,68.5,68.5,68.73999786376953,68.02999877929688,68.19000244140625,62407
2022-12-21,69.72000122070312,69.72000122070312,69.80000305175781,68.7300033569336,68.8499984741211,38060
2022-12-22,68.6500015258789,68.6500015258789,69.75,68.55000305175781,69.66999816894531,22308
2022-12-23,68.83000183105469,68.83000183105469,69.05000305175781,68.41000366210938,68.81999969482422,43882
2022-12-27,68.80000305175781,68.80000305175781,69.62000274658203,68.6500015258789,69.41000366210938,20966
2022-12-28,68.45999908447266,68.45999908447266,69.0199966430664,68.41000366210938,69.0,25979
2022-12-29,68.9800033569336,68.9800033569336,68.9800033569336,68.06999969482422,68.20999908447266,56911
2022-12-30,68.30000305175781,68.30000305175781,68.76000213623047,68.20999908447266,68.73999786376953,81034
2023-01-02,69.81999969482422,69.81999969482422,69.87000274658203,68.9800033569336,68.9800033569336,61337
2023-01-03,69.16000366210938,69.16000366210938,70.2699966430664,69.1500015258789,69.44999694824219,100988
2023-01-04,69.80999755859375,69.80999755859375,69.80999755859375,69.19000244140625,69.36000061035156,58672
2023-01-05,69.37999725341797,69.37999725341797,69.7699966430664,69.19999694824219,69.44000244140625,54639
2023-01-06,70.0199966430664,70.0199966430664,70.11000061035156,69.37999725341797,69.51000213623047,32750
2023-01-09,70.47000122070312,70.47000122070312,70.58999633789062,70.01000213623047,70.05999755859375,57940
2023-01-10,69.75,69.75,69.9000015258789,69.4800033569336,69.66999816894531,38915
2023-01-11,70.33000183105469,70.33000183105469,70.4000015258789,70.01000213623047,70.13999938964844,43687
2023-01-12,70.54000091552734,70.54000091552734,71.02999877929688,70.29000091552734,70.76000213623047,80192
2023-01-13,70.7699966430664,70.7699966430664,70.97000122070312,70.3499984741211,70.66000366210938,45016
2023-01-16,71.12000274658203,71.12000274658203,71.20999908447266,70.8499984741211,71.04000091552734,34415
2023-01-17,71.33000183105469,71.33000183105469,71.4800033569336,70.87000274658203,70.98999786376953,77471
2023-01-18,70.9000015258789,70.9000015258789,71.5,70.9000015258789,71.26000213623047,62870
2023-01-19,69.87999725341797,69.87999725341797,70.44000244140625,69.80999755859375,70.41999816894531,37007
2023-01-20,70.38999938964844,70.38999938964844,70.4000015258789,69.7699966430664,70.0199966430664,35196
2023-01-23,71.45999908447266,71.45999908447266,71.55000305175781,70.38999938964844,70.52999877929688,99408
2023-01-24,71.29000091552734,71.29000091552734,71.43000030517578,71.05999755859375,71.41000366210938,50868
2023-01-25,70.73999786376953,70.73999786376953,71.22000122070312,70.27999877929688,71.19999694824219,54625
2023-01-26,71.56999969482422,71.56999969482422,71.7699966430664,71.31999969482422,71.33000183105469,160462
2023-01-27,72.22000122070312,72.22000122070312,72.2699966430664,71.69999694824219,71.80999755859375,38318
2023-01-30,71.8499984741211,71.8499984741211,71.94999694824219,71.37000274658203,71.77999877929688,29496
2023-01-31,71.7699966430664,71.7699966430664,71.8499984741211,71.18000030517578,71.69000244140625,38332
2023-02-01,71.76000213623047,71.76000213623047,72.0999984741211,71.58000183105469,72.0,33596
2023-02-02,73.45999908447266,73.45999908447266,73.45999908447266,72.25,72.30000305175781,123526
2023-02-03,73.83999633789062,73.83999633789062,73.83999633789062,72.83999633789062,73.22000122070312,142759
2023-02-06,73.41000366210938,73.41000366210938,73.41999816894531,72.88999938964844,73.20999908447266,44842
2023-02-07,73.56999969482422,73.56999969482422,73.5999984741211,73.33999633789062,73.5,33456
2023-02-08,73.5,73.5,74.0999984741211,73.5,74.0199966430664,56564
2023-02-09,73.63999938964844,73.63999938964844,74.05999755859375,73.56999969482422,73.94999694824219,59364
2023-02-10,73.26000213623047,73.26000213623047,73.36000061035156,72.75,72.9800033569336,68784
2023-02-13,73.76000213623047,73.76000213623047,73.80999755859375,73.26000213623047,73.29000091552734,46485
2023-02-14,73.44000244140625,73.44000244140625,74.08000183105469,73.44000244140625,73.87999725341797,89006
2023-02-15,74.02999877929688,74.02999877929688,74.08999633789062,73.44999694824219,73.5199966430664,53175
2023-02-16,73.9800033569336,73.9800033569336,74.44000244140625,73.55000305175781,74.37000274658203,155200
2023-02-17,73.12999725341797,73.12999725341797,73.52999877929688,73.08999633789062,73.37000274658203,54162
2023-02-20,73.30000305175781,73.30000305175781,73.41000366210938,73.16999816894531,73.30999755859375,30516
2023-02-21,72.5199966430664,72.5199966430664,73.19999694824219,72.51000213623047,73.12999725341797,54842
2023-02-22,72.47000122070312,72.47000122070312,72.58000183105469,72.1500015258789,72.44000244140625,83319
2023-02-23,72.44999694824219,72.44999694824219,73.0199966430664,72.44999694824219,72.75,38823
2023-02-24,72.0999984741211,72.0999984741211,72.9000015258789,71.9000015258789,72.87000274658203,59657
2023-02-27,72.51000213623047,72.51000213623047,72.9000015258789,72.5,72.62000274658203,48044
2023-02-28,72.23999786376953,72.23999786376953,72.54000091552734,72.0,72.19000244140625,47818
2023-03-01,71.4800033569336,71.4800033569336,72.23999786376953,71.3499984741211,72.19000244140625,78333
2023-03-02,71.86000061035156,71.86000061035156,71.91000366210938,71.23999786376953,71.26000213623047,38120
2023-03-03,73.0199966430664,73.0199966430664,73.05000305175781,72.31999969482422,72.37999725341797,71061
2023-03-06,73.30999755859375,73.30999755859375,73.41999816894531,73.06999969482422,73.30000305175781,69656
2023-03-07,72.87999725341797,72.87999725341797,73.33000183105469,72.81999969482422,73.08999633789062,75440
2023-03-08,72.7699966430664,72.7699966430664,73.01000213623047,72.69999694824219,72.80000305175781,56894
2023-03-09,72.77999877929688,72.77999877929688,73.0999984741211,72.58000183105469,72.83999633789062,112336
2023-03-10,71.2300033569336,71.2300033569336,71.9800033569336,70.3499984741211,71.0,174358
2023-03-13,69.5999984741211,69.5999984741211,70.58999633789062,68.8499984741211,70.5199966430664,187457
2023-03-14,70.55000305175781,70.55000305175781,70.68000030517578,69.5,69.7300033569336,93714
2023-03-15,69.94000244140625,69.94000244140625,70.44000244140625,69.4000015258789,70.29000091552734,164269
2023-03-16,70.88999938964844,70.88999938964844,71.0,69.86000061035156,70.4800033569336,42369
2023-03-17,70.31999969482422,70.31999969482422,71.44000244140625,70.12999725341797,71.19999694824219,75532
2023-03-20,70.37000274658203,70.37000274658203,70.69000244140625,69.5,69.94000244140625,94510
2023-03-21,70.91000366210938,70.91000366210938,71.0999984741211,70.73999786376953,70.80000305175781,78574
2023-03-22,71.0199966430664,71.0199966430664,71.36000061035156,71.0199966430664,71.08999633789062,134445
2023-03-23,70.47000122070312,70.47000122070312,70.69999694824219,69.87999725341797,70.0999984741211,112696
2023-03-24,70.30000305175781,70.30000305175781,70.43000030517578,69.87000274658203,70.33999633789062,75862
2023-03-27,70.81999969482422,70.81999969482422,71.16999816894531,70.75,71.12000274658203,89175
2023-03-28,70.47000122070312,70.47000122070312,71.0,70.38999938964844,71.0,47581
2023-03-29,71.19000244140625,71.19000244140625,71.25,70.94999694824219,71.05999755859375,59074
2023-03-30,71.54000091552734,71.54000091552734,71.75,71.3499984741211,71.66000366210938,81519
2023-03-31,72.36000061035156,72.36000061035156,72.44000244140625,71.6500015258789,71.69000244140625,47354
2023-04-03,72.54000091552734,72.54000091552734,72.9000015258789,72.43000030517578,72.8499984741211,76228
2023-04-04,72.12000274658203,72.12000274658203,73.0199966430664,72.02999877929688,72.75,36685
2023-04-05,71.88999938964844,71.88999938964844,72.1500015258789,71.87000274658203,72.1500015258789,35222
2023-04-06,72.0199966430664,72.0199966430664,72.25,71.88999938964844,72.12000274658203,74434
2023-04-11,72.51000213623047,72.51000213623047,72.76000213623047,72.38999938964844,72.70999908447266,50721
2023-04-12,72.22000122070312,72.22000122070312,73.0,72.06999969482422,72.4800033569336,69060
2023-04-13,72.12000274658203,72.12000274658203,72.20999908447266,71.76000213623047,72.19999694824219,53431
2023-04-14,72.63999938964844,72.63999938964844,72.93000030517578,72.31999969482422,72.37000274658203,84191
2023-04-17,72.94999694824219,72.94999694824219,73.12999725341797,72.80000305175781,72.91000366210938,94143
2023-04-18,73.06999969482422,73.06999969482422,73.47000122070312,72.8499984741211,73.27999877929688,72752
2023-04-19,72.9800033569336,72.9800033569336,73.06999969482422,72.80000305175781,72.98999786376953,55442
2023-04-20,72.75,72.75,72.97000122070312,72.56999969482422,72.94999694824219,57233
2023-04-21,72.7300033569336,72.7300033569336,72.88999938964844,72.55000305175781,72.83000183105469,35583
2023-04-24,72.4000015258789,72.4000015258789,72.68000030517578,72.38999938964844,72.52999877929688,35168
2023-04-25,72.25,72.25,72.41999816894531,72.11000061035156,72.25,8185
2023-04-26,71.52999877929688,71.52999877929688,71.95999908447266,71.12999725341797,71.95999908447266,40727
2023-04-27,71.9000015258789,71.9000015258789,71.94999694824219,71.31999969482422,71.4000015258789,59533
2023-04-28,72.58000183105469,72.58000183105469,72.72000122070312,72.0999984741211,72.33000183105469,35494
2023-05-02,71.8499984741211,71.8499984741211,73.0999984741211,71.8499984741211,72.9800033569336,69433
2023-05-03,71.91999816894531,71.91999816894531,72.2300033569336,71.87000274658203,72.20999908447266,49626
2023-05-04,71.44000244140625,71.44000244140625,71.69000244140625,71.12999725341797,71.55999755859375,76613
2023-05-05,72.4000015258789,72.4000015258789,72.47000122070312,71.5199966430664,71.5999984741211,108833
2023-05-08,72.5999984741211,72.5999984741211,72.72000122070312,72.4000015258789,72.47000122070312,26630
2023-05-09,72.80000305175781,72.80000305175781,72.87999725341797,72.61000061035156,72.75,34737
2023-05-10,72.79000091552734,72.79000091552734,73.0999984741211,72.55000305175781,72.81999969482422,49387
2023-05-11,73.0,73.0,73.43000030517578,72.73999786376953,73.29000091552734,35640
2023-05-12,73.26000213623047,73.26000213623047,73.5199966430664,73.12000274658203,73.16999816894531,48546
2023-05-15,73.44999694824219,73.44999694824219,73.66000366210938,73.1500015258789,73.55000305175781,65441
2023-05-16,73.33999633789062,73.33999633789062,73.5,73.19999694824219,73.37000274658203,36270
2023-05-17,73.5199966430664,73.5199966430664,73.63999938964844,73.16999816894531,73.19999694824219,36663
2023-05-18,74.58999633789062,74.58999633789062,74.68000030517578,73.9800033569336,74.0,59704
2023-05-19,74.5199966430664,74.5199966430664,75.05999755859375,74.5199966430664,74.83999633789062,102267
2023-05-22,74.83999633789062,74.83999633789062,74.86000061035156,74.44000244140625,74.62999725341797,50963
2023-05-23,74.63999938964844,74.63999938964844,74.80000305175781,74.48999786376953,74.62999725341797,45110
2023-05-24,73.5,73.5,73.94000244140625,73.27999877929688,73.9000015258789,57702
2023-05-25,73.83000183105469,73.83000183105469,74.22000122070312,73.72000122070312,73.93000030517578,62325
2023-05-26,74.86000061035156,74.86000061035156,75.0199966430664,73.83999633789062,74.06999969482422,57436
2023-05-29,75.0999984741211,75.0999984741211,75.20999908447266,75.01000213623047,75.16000366210938,109179
2023-05-30,74.77999877929688,74.77999877929688,75.36000061035156,74.66999816894531,75.19999694824219,90415
2023-05-31,74.36000061035156,74.36000061035156,74.94000244140625,74.26000213623047,74.55999755859375,46502
2023-06-01,74.36000061035156,74.36000061035156,74.8499984741211,74.20999908447266,74.69999694824219,49643
2023-06-02,76.11000061035156,76.11000061035156,76.12000274658203,75.0,75.05000305175781,207266
2023-06-05,76.31999969482422,76.31999969482422,76.55000305175781,76.08000183105469,76.30999755859375,52339
2023-06-06,76.4000015258789,76.4000015258789,76.55000305175781,76.0199966430664,76.08000183105469,48371
2023-06-07,76.26000213623047,76.26000213623047,76.47000122070312,76.16000366210938,76.41999816894531,90944
2023-06-08,75.86000061035156,75.86000061035156,76.0999984741211,75.56999969482422,75.97000122070312,63986
2023-06-09,76.26000213623047,76.26000213623047,76.5,75.8499984741211,76.0199966430664,81737
2023-06-12,76.44999694824219,76.44999694824219,76.58000183105469,76.23999786376953,76.58000183105469,62630
2023-06-13,77.16999816894531,77.16999816894531,77.22000122070312,76.6500015258789,76.83000183105469,100598
2023-06-14,77.18000030517578,77.18000030517578,77.4000015258789,77.0,77.20999908447266,94557
2023-06-15,76.87000274658203,76.87000274658203,77.05999755859375,76.30999755859375,77.0,155683
2023-06-16,77.22000122070312,77.22000122070312,77.41999816894531,76.9800033569336,77.05999755859375,93432
2023-06-19,76.7300033569336,76.7300033569336,77.05999755859375,76.72000122070312,76.94000244140625,51041
2023-06-20,76.37000274658203,76.37000274658203,76.80000305175781,76.29000091552734,76.63999938964844,51396
2023-06-21,75.98999786376953,75.98999786376953,76.56999969482422,75.87000274658203,76.38999938964844,107188
2023-06-22,75.81999969482422,75.81999969482422,75.83999633789062,75.26000213623047,75.52999877929688,57610
2023-06-23,75.7699966430664,75.7699966430664,76.20999908447266,75.5999984741211,75.7699966430664,63751
2023-06-26,75.5999984741211,75.5999984741211,75.83999633789062,75.41000366210938,75.72000122070312,35242
2023-06-27,75.5199966430664,75.5199966430664,75.5999984741211,75.13999938964844,75.58999633789062,39699
2023-06-28,76.2300033569336,76.2300033569336,76.2699966430664,75.77999877929688,75.94999694824219,45931
2023-06-29,76.52999877929688,76.52999877929688,76.55999755859375,76.16999816894531,76.27999877929688,76900
2023-06-30,77.19000244140625,77.19000244140625,77.27999877929688,76.72000122070312,76.79000091552734,180557
2023-07-03,77.41000366210938,77.41000366210938,77.6500015258789,77.23999786376953,77.5199966430664,66357
2023-07-04,77.44000244140625,77.44000244140625,77.54000091552734,77.4000015258789,77.41999816894531,35293
2023-07-05,77.41999816894531,77.41999816894531,77.45999908447266,77.02999877929688,77.30000305175781,52256
2023-07-06,76.16999816894531,76.16999816894531,77.0999984741211,76.05000305175781,77.06999969482422,55739
2023-07-07,76.16000366210938,76.16000366210938,76.41999816894531,76.04000091552734,76.20999908447266,59582
2023-07-10,75.83999633789062,75.83999633789062,76.04000091552734,75.54000091552734,75.62000274658203,33667
2023-07-11,76.1500015258789,76.1500015258789,76.22000122070312,75.7300033569336,75.91000366210938,40964
2023-07-12,76.5199966430664,76.5199966430664,77.52999877929688,76.26000213623047,76.31999969482422,190056
2023-07-13,76.52999877929688,76.52999877929688,76.61000061035156,76.45999908447266,76.48999786376953,33148
2023-07-14,76.5199966430664,76.5199966430664,76.69999694824219,76.38999938964844,76.54000091552734,46356
2023-07-17,76.41999816894531,76.41999816894531,76.44999694824219,76.12000274658203,76.19000244140625,198843
2023-07-18,76.8499984741211,76.8499984741211,76.87000274658203,76.22000122070312,76.33000183105469,40523
2023-07-19,77.55999755859375,77.55999755859375,77.61000061035156,77.05999755859375,77.25,60335
2023-07-20,77.55999755859375,77.55999755859375,77.55999755859375,77.13999938964844,77.1500015258789,43840
2023-07-21,77.69999694824219,77.69999694824219,77.72000122070312,77.44000244140625,77.44999694824219,59738
2023-07-24,77.98999786376953,77.98999786376953,78.08000183105469,77.27999877929688,77.37999725341797,63455
2023-07-25,78.37000274658203,78.37000274658203,78.44999694824219,77.8499984741211,78.16999816894531,104248
2023-07-26,78.05999755859375,78.05999755859375,78.37999725341797,77.97000122070312,78.37999725341797,99518
2023-07-27,79.20999908447266,79.20999908447266,79.43000030517578,78.3499984741211,78.38999938964844,98547
2023-07-28,78.97000122070312,78.97000122070312,79.0199966430664,78.69999694824219,78.76000213623047,72023
2023-07-31,78.98999786376953,78.98999786376953,79.16999816894531,78.81999969482422,78.9000015258789,107406
2023-08-01,78.95999908447266,78.95999908447266,79.30999755859375,78.87000274658203,79.19999694824219,89732
2023-08-02,78.08000183105469,78.08000183105469,78.5199966430664,77.91999816894531,78.29000091552734,125088
2023-08-03,77.68000030517578,77.68000030517578,77.9800033569336,77.47000122070312,77.9800033569336,72318
2023-08-04,77.5999984741211,77.5999984741211,78.06999969482422,77.37000274658203,77.88999938964844,47094
2023-08-07,77.41000366210938,77.41000366210938,77.61000061035156,77.33999633789062,77.5,49916
2023-08-08,77.20999908447266,77.20999908447266,77.61000061035156,77.12000274658203,77.44999694824219,45234
2023-08-09,77.18000030517578,77.18000030517578,77.86000061035156,77.0999984741211,77.83000183105469,52479
2023-08-10,77.5199966430664,77.5199966430664,77.79000091552734,77.18000030517578,77.36000061035156,56614
2023-08-11,77.04000091552734,77.04000091552734,77.27999877929688,76.8499984741211,77.22000122070312,45901
2023-08-14,77.5199966430664,77.5199966430664,77.66999816894531,77.12000274658203,77.18000030517578,32861
2023-08-16,76.83999633789062,76.83999633789062,76.9000015258789,76.5999984741211,76.75,82859
2023-08-17,76.30999755859375,76.30999755859375,76.66999816894531,76.27999877929688,76.55999755859375,57776
2023-08-18,75.72000122070312,75.72000122070312,75.94999694824219,75.37000274658203,75.9000015258789,70537
2023-08-21,75.76000213623047,75.76000213623047,76.16000366210938,75.72000122070312,75.87999725341797,51406
2023-08-22,76.52999877929688,76.52999877929688,76.76000213623047,76.11000061035156,76.12999725341797,24467
2023-08-23,77.01000213623047,77.01000213623047,77.04000091552734,76.58999633789062,76.58999633789062,134807
2023-08-24,76.69999694824219,76.69999694824219,77.72000122070312,76.69999694824219,77.69000244140625,32543
2023-08-25,76.66999816894531,76.66999816894531,76.88999938964844,76.3499984741211,76.5999984741211,134156
2023-08-28,77.29000091552734,77.29000091552734,77.51000213623047,76.94999694824219,77.0199966430664,25187
2023-08-29,77.94000244140625,77.94000244140625,77.94000244140625,77.37000274658203,77.58999633789062,48710
2023-08-30,77.94000244140625,77.94000244140625,78.25,77.6500015258789,78.08999633789062,57721
2023-08-31,78.54000091552734,78.54000091552734,78.79000091552734,78.23999786376953,78.23999786376953,50466
2023-09-01,78.9000015258789,78.9000015258789,79.01000213623047,78.5,78.52999877929688,65518
2023-09-04,78.9000015258789,78.9000015258789,79.23999786376953,78.9000015258789,79.16000366210938,32105
2023-09-05,79.20999908447266,79.20999908447266,79.33999633789062,78.7300033569336,78.86000061035156,37370
2023-09-06,78.54000091552734,78.54000091552734,78.87000274658203,78.5199966430664,78.86000061035156,93187
2023-09-07,78.48999786376953,78.48999786376953,78.58000183105469,78.16000366210938,78.41000366210938,46552
2023-09-08,78.6500015258789,78.6500015258789,78.6500015258789,78.12999725341797,78.4800033569336,38082
2023-09-11,78.62999725341797,78.62999725341797,78.87000274658203,78.5199966430664,78.66000366210938,41262
2023-09-12,78.69999694824219,78.69999694824219,78.91999816894531,78.62000274658203,78.91000366210938,28753
2023-09-13,78.6500015258789,78.6500015258789,78.66000366210938,78.25,78.44999694824219,39216
2023-09-14,79.66000366210938,79.66000366210938,79.76000213623047,78.58999633789062,78.66000366210938,75359
2023-09-15,79.26000213623047,79.26000213623047,80.19000244140625,79.22000122070312,80.0999984741211,69752
2023-09-18,78.93000030517578,78.93000030517578,79.23999786376953,78.79000091552734,79.23999786376953,39521
2023-09-19,78.52999877929688,78.52999877929688,79.06999969482422,78.41999816894531,78.9000015258789,42917
2023-09-20,78.75,78.75,78.94999694824219,78.66999816894531,78.77999877929688,43842
2023-09-21,77.48999786376953,77.48999786376953,78.94999694824219,77.44999694824219,78.25,61121
2023-09-22,77.48999786376953,77.48999786376953,77.55000305175781,77.0999984741211,77.20999908447266,43141
2023-09-25,77.44999694824219,77.44999694824219,77.45999908447266,76.80999755859375,77.22000122070312,53412
2023-09-26,76.80999755859375,76.80999755859375,77.23999786376953,76.69999694824219,77.23999786376953,155235
2023-09-27,77.02999877929688,77.02999877929688,77.29000091552734,76.87999725341797,76.87999725341797,136986
2023-09-28,77.16000366210938,77.16000366210938,77.25,76.69999694824219,77.16999816894531,42501
2023-09-29,77.30000305175781,77.30000305175781,77.62999725341797,77.18000030517578,77.25,70129
2023-10-02,77.22000122070312,77.22000122070312,77.45999908447266,76.87000274658203,77.20999908447266,140234
2023-10-03,76.25,76.25,77.31999969482422,76.2300033569336,77.16000366210938,68474
2023-10-04,76.02999877929688,76.02999877929688,76.16999816894531,75.69999694824219,75.80000305175781,58439
2023-10-05,75.95999908447266,75.95999908447266,76.51000213623047,75.94999694824219,76.37000274658203,57091
2023-10-06,76.45999908447266,76.45999908447266,76.5,75.9000015258789,76.2699966430664,47898
2023-10-09,76.95999908447266,76.95999908447266,76.95999908447266,76.44000244140625,76.63999938964844,39529
2023-10-10,78.04000091552734,78.04000091552734,78.05000305175781,77.44000244140625,77.58000183105469,76743
2023-10-11,77.69999694824219,77.69999694824219,78.05999755859375,77.6500015258789,77.75,79843
2023-10-12,78.30999755859375,78.30999755859375,78.44999694824219,78.16000366210938,78.23999786376953,75390
2023-10-13,77.86000061035156,77.86000061035156,78.41000366210938,77.75,78.0999984741211,53774
2023-10-16,78.19999694824219,78.19999694824219,78.29000091552734,77.4800033569336,77.80000305175781,72515
2023-10-17,78.01000213623047,78.01000213623047,78.19000244140625,77.56999969482422,78.0999984741211,33864
2023-10-18,77.56999969482422,77.56999969482422,77.86000061035156,77.44999694824219,77.7699966430664,41628
2023-10-19,76.66000366210938,76.66000366210938,77.0999984741211,76.52999877929688,76.97000122070312,51095
2023-10-20,75.30999755859375,75.30999755859375,76.08000183105469,75.30999755859375,75.9000015258789,56770
2023-10-23,75.04000091552734,75.04000091552734,75.38999938964844,74.54000091552734,75.31999969482422,71135
2023-10-24,75.48999786376953,75.48999786376953,75.72000122070312,74.7699966430664,74.8499984741211,40266
2023-10-25,75.16000366210938,75.16000366210938,75.58000183105469,74.93000030517578,75.30000305175781,59980
2023-10-26,74.58000183105469,74.58000183105469,74.8499984741211,74.29000091552734,74.38999938964844,79326
2023-10-27,73.93000030517578,73.93000030517578,74.58999633789062,73.87000274658203,74.43000030517578,84589
2023-10-30,73.9800033569336,73.9800033569336,74.3499984741211,73.68000030517578,74.2699966430664,115882
2023-10-31,74.62999725341797,74.62999725341797,74.68000030517578,74.0,74.02999877929688,154449
2023-11-01,75.48999786376953,75.48999786376953,75.62000274658203,74.80999755859375,74.91999816894531,73229
2023-11-02,76.55000305175781,76.55000305175781,76.58000183105469,75.80000305175781,75.80999755859375,76115
2023-11-03,76.94999694824219,76.94999694824219,77.0199966430664,76.58999633789062,76.80999755859375,85628
2023-11-06,76.76000213623047,76.76000213623047,76.94000244140625,76.75,76.91000366210938,32934
2023-11-07,77.23999786376953,77.23999786376953,77.29000091552734,76.75,76.7699966430664,38896
2023-11-08,76.94000244140625,76.94000244140625,77.37999725341797,76.91999816894531,77.02999877929688,36952
2023-11-09,77.30999755859375,77.30999755859375,77.47000122070312,77.02999877929688,77.12999725341797,41654
2023-11-10,77.13999938964844,77.13999938964844,77.18000030517578,76.62999725341797,77.02999877929688,55758
2023-11-13,77.68000030517578,77.68000030517578,77.69000244140625,77.37999725341797,77.38999938964844,46642
2023-11-14,78.16000366210938,78.16000366210938,78.30000305175781,77.44000244140625,77.6500015258789,92798
2023-11-15,78.45999908447266,78.45999908447266,78.61000061035156,78.18000030517578,78.23999786376953,69608
2023-11-16,78.0199966430664,78.0199966430664,78.33999633789062,77.88999938964844,78.31999969482422,61985
2023-11-17,78.26000213623047,78.26000213623047,78.66000366210938,78.19999694824219,78.56999969482422,121374
2023-11-20,78.33999633789062,78.33999633789062,78.33999633789062,78.05000305175781,78.1500015258789,48606
2023-11-21,78.4000015258789,78.4000015258789,78.48999786376953,78.25,78.41999816894531,46035
2023-11-22,79.04000091552734,79.04000091552734,79.13999938964844,78.58000183105469,78.58000183105469,42788
2023-11-23,78.98999786376953,78.98999786376953,79.02999877929688,78.80000305175781,78.91000366210938,35769
2023-11-24,78.83000183105469,78.83000183105469,79.0,78.76000213623047,78.88999938964844,42605
2023-11-27,78.7300033569336,78.7300033569336,78.80000305175781,78.5,78.62000274658203,47204
2023-11-28,78.55000305175781,78.55000305175781,78.55000305175781,78.18000030517578,78.5199966430664,32334
2023-11-29,78.62000274658203,78.62000274658203,78.93000030517578,78.41999816894531,78.4800033569336,51180
2023-11-30,78.97000122070312,78.97000122070312,79.18000030517578,78.79000091552734,78.83999633789062,70732
2023-12-01,79.87000274658203,79.87000274658203,79.88999938964844,79.30999755859375,79.37999725341797,81408
2023-12-04,79.7699966430664,79.7699966430664,80.0,79.68000030517578,79.87999725341797,126795
2023-12-05,80.16999816894531,80.16999816894531,80.19000244140625,79.58999633789062,79.77999877929688,68180
2023-12-06,80.27999877929688,80.27999877929688,80.62999725341797,80.27999877929688,80.44000244140625,85653
2023-12-07,80.3499984741211,80.3499984741211,80.44999694824219,79.9800033569336,80.12000274658203,45102
2023-12-08,80.83999633789062,80.83999633789062,80.9800033569336,80.3499984741211,80.44000244140625,19646
2023-12-11,81.16000366210938,81.16000366210938,81.30000305175781,80.80999755859375,81.01000213623047,39867
2023-12-12,81.12000274658203,81.12000274658203,81.30000305175781,80.94000244140625,81.25,43947
2023-12-13,81.44999694824219,81.44999694824219,81.55999755859375,81.37999725341797,81.41999816894531,52554
2023-12-14,81.37999725341797,81.37999725341797,82.23999786376953,81.37000274658203,82.12999725341797,101283
2023-12-15,81.9800033569336,81.9800033569336,82.01000213623047,81.62999725341797,81.69999694824219,153842
2023-12-18,82.01000213623047,82.01000213623047,82.08000183105469,81.80000305175781,81.87999725341797,92420
2023-12-19,82.12000274658203,82.12000274658203,82.16999816894531,81.93000030517578,82.08999633789062,71194
2023-12-20,82.3499984741211,82.3499984741211,82.43000030517578,82.1500015258789,82.3499984741211,44932
2023-12-21,81.70999908447266,81.70999908447266,81.94999694824219,81.52999877929688,81.83999633789062,42660
2023-12-22,82.05999755859375,82.05999755859375,82.1500015258789,81.62999725341797,81.83000183105469,80253
2023-12-27,81.7699966430664,81.7699966430664,82.20999908447266,81.62999725341797,82.1500015258789,56726
2023-12-28,82.08000183105469,82.08000183105469,82.13999938964844,81.77999877929688,82.05999755859375,52947
2023-12-29,81.83999633789062,81.83999633789062,82.4000015258789,81.83000183105469,82.26000213623047,42293
2024-01-02,82.2300033569336,82.2300033569336,82.5,82.0,82.45999908447266,85430
2024-01-03,81.83999633789062,81.83999633789062,82.2300033569336,81.69000244140625,82.16000366210938,126537
2024-01-04,81.77999877929688,81.77999877929688,81.8499984741211,81.45999908447266,81.81999969482422,46598
2024-01-05,81.62999725341797,81.62999725341797,81.75,81.23999786376953,81.45999908447266,77867
2024-01-08,81.77999877929688,81.77999877929688,81.83999633789062,81.27999877929688,81.54000091552734,60475
2024-01-09,82.4000015258789,82.4000015258789,82.41000366210938,81.9800033569336,82.3499984741211,33484
2024-01-10,82.43000030517578,82.43000030517578,82.66000366210938,82.33999633789062,82.4800033569336,53893
2024-01-11,82.0999984741211,82.0999984741211,83.0199966430664,82.08000183105469,82.91000366210938,49688
2024-01-12,82.68000030517578,82.68000030517578,82.97000122070312,82.41999816894531,82.45999908447266,33929
2024-01-15,82.73999786376953,82.73999786376953,82.8499984741211,82.63999938964844,82.81999969482422,49492
2024-01-16,82.97000122070312,82.97000122070312,83.04000091552734,82.3499984741211,82.41000366210938,102908
2024-01-17,82.4000015258789,82.4000015258789,82.4000015258789,82.06999969482422,82.30000305175781,74735
2024-01-18,82.70999908447266,82.70999908447266,82.7699966430664,82.19000244140625,82.23999786376953,72956
2024-01-19,83.01000213623047,83.01000213623047,83.23999786376953,82.9000015258789,83.01000213623047,82771
2024-01-22,83.94999694824219,83.94999694824219,84.12999725341797,83.76000213623047,83.80000305175781,81578
2024-01-23,84.05999755859375,84.05999755859375,84.23999786376953,83.70999908447266,83.86000061035156,72435
2024-01-24,84.52999877929688,84.52999877929688,84.62000274658203,84.30000305175781,84.45999908447266,66862
2024-01-25,84.87000274658203,84.87000274658203,84.9000015258789,84.0999984741211,84.26000213623047,64079
2024-01-26,84.97000122070312,84.97000122070312,85.04000091552734,84.58999633789062,84.77999877929688,61047
2024-01-29,85.31999969482422,85.31999969482422,85.37999725341797,85.0,85.06999969482422,116874
2024-01-30,85.54000091552734,85.54000091552734,85.83000183105469,85.4000015258789,85.61000061035156,61218
2024-01-31,85.0199966430664,85.0199966430664,85.62999725341797,84.91999816894531,85.58999633789062,98395
2024-02-01,84.70999908447266,84.70999908447266,85.22000122070312,84.5199966430664,84.9800033569336,97886
2024-02-02,86.02999877929688,86.02999877929688,86.02999877929688,85.29000091552734,85.44000244140625,282488
2024-02-05,86.1500015258789,86.1500015258789,86.44000244140625,85.98999786376953,86.12000274658203,76466
2024-02-06,86.36000061035156,86.36000061035156,86.54000091552734,86.1500015258789,86.36000061035156,62269
2024-02-07,86.7300033569336,86.7300033569336,86.88999938964844,86.2699966430664,86.37000274658203,66452
2024-02-08,86.7699966430664,86.7699966430664,87.0,86.75,86.8499984741211,60589
2024-02-09,86.94999694824219,86.94999694824219,87.1500015258789,86.8499984741211,86.9000015258789,115158
2024-02-12,87.66999816894531,87.66999816894531,87.66999816894531,87.11000061035156,87.16000366210938,50920
2024-02-13,86.80999755859375,86.80999755859375,87.41000366210938,86.48999786376953,87.4000015258789,69606
2024-02-14,86.93000030517578,86.93000030517578,87.19999694824219,86.80000305175781,86.83999633789062,83616
2024-02-15,87.36000061035156,87.36000061035156,87.5999984741211,87.19000244140625,87.51000213623047,98373
2024-02-16,87.73999786376953,87.73999786376953,87.95999908447266,87.4000015258789,87.80999755859375,98911
2024-02-19,87.55000305175781,87.55000305175781,87.63999938964844,87.30000305175781,87.4000015258789,63161
2024-02-20,86.6500015258789,86.6500015258789,87.33000183105469,86.55000305175781,87.31999969482422,72661
2024-02-21,86.54000091552734,86.54000091552734,86.73999786376953,86.4800033569336,86.69000244140625,32367
2024-02-22,88.04000091552734,88.04000091552734,88.06999969482422,87.33999633789062,87.4000015258789,89544
2024-02-23,88.37000274658203,88.37000274658203,88.62999725341797,88.12999725341797,88.20999908447266,71961
2024-02-26,88.05999755859375,88.05999755859375,88.29000091552734,88.0,88.22000122070312,55591
2024-02-27,87.94000244140625,87.94000244140625,88.0999984741211,87.77999877929688,87.93000030517578,55012
2024-02-28,87.95999908447266,87.95999908447266,88.1500015258789,87.80000305175781,88.11000061035156,55187
2024-02-29,88.16999816894531,88.16999816894531,88.33999633789062,87.68000030517578,87.95999908447266,51344
2024-03-01,88.80999755859375,88.80999755859375,88.88999938964844,88.41999816894531,88.72000122070312,136129
2024-03-04,88.80000305175781,88.80000305175781,89.0,88.68000030517578,88.87999725341797,60667
2024-03-05,88.1500015258789,88.1500015258789,88.7300033569336,88.04000091552734,88.72000122070312,67720
2024-03-06,88.4800033569336,88.4800033569336,88.63999938964844,88.23999786376953,88.23999786376953,76994
2024-03-07,88.88999938964844,88.88999938964844,89.11000061035156,88.05999755859375,88.22000122070312,79262
2024-03-08,88.9000015258789,88.9000015258789,89.3499984741211,88.9000015258789,89.12000274658203,71254
2024-03-11,88.31999969482422,88.31999969482422,88.36000061035156,88.01000213623047,88.29000091552734,84223
2024-03-12,89.08000183105469,89.08000183105469,89.30000305175781,88.4000015258789,88.72000122070312,55359
2024-03-13,89.08999633789062,89.08999633789062,89.2699966430664,89.05000305175781,89.26000213623047,59043
2024-03-14,89.13999938964844,89.13999938964844,89.48999786376953,88.9000015258789,89.3499984741211,269678
2024-03-15,88.58999633789062,88.58999633789062,89.43000030517578,88.58999633789062,89.22000122070312,115673
2024-03-18,89.37999725341797,89.37999725341797,89.41000366210938,88.81999969482422,88.97000122070312,55671
2024-03-19,89.54000091552734,89.54000091552734,89.54000091552734,88.98999786376953,89.30999755859375,41753
2024-03-20,89.7300033569336,89.7300033569336,89.91999816894531,89.5999984741211,89.62999725341797,34423
2024-03-21,91.01000213623047,91.01000213623047,91.06999969482422,90.31999969482422,90.55000305175781,73129
2024-03-22,90.98999786376953,90.98999786376953,91.26000213623047,90.9000015258789,91.0199966430664,76545
2024-03-25,90.70999908447266,90.70999908447266,90.97000122070312,90.51000213623047,90.9000015258789,46849
2024-03-26,90.91000366210938,90.91000366210938,90.94000244140625,90.66000366210938,90.76000213623047,81183
2024-03-27,90.86000061035156,90.86000061035156,91.12999725341797,90.73999786376953,90.8499984741211,58533
2024-03-28,91.44000244140625,91.44000244140625,91.55000305175781,91.30000305175781,91.37000274658203,124049
2024-04-02,90.69999694824219,90.69999694824219,91.83999633789062,90.44000244140625,91.7699966430664,107192
2024-04-03,90.79000091552734,90.79000091552734,90.8499984741211,90.4800033569336,90.76000213623047,60766
2024-04-04,90.83000183105469,90.83000183105469,90.98999786376953,90.62000274658203,90.72000122070312,55212
2024-04-05,90.19000244140625,90.19000244140625,90.3499984741211,89.5999984741211,89.69000244140625,109062
2024-04-08,90.41000366210938,90.41000366210938,90.61000061035156,90.1500015258789,90.26000213623047,63140
2024-04-09,89.87999725341797,89.87999725341797,90.44000244140625,89.63999938964844,90.36000061035156,66534
2024-04-10,90.29000091552734,90.29000091552734,90.55000305175781,89.66000366210938,90.5,143679
2024-04-11,90.38999938964844,90.38999938964844,90.5999984741211,89.9800033569336,90.47000122070312,99540
2024-04-12,90.86000061035156,90.86000061035156,91.47000122070312,90.69999694824219,91.37000274658203,73987
2024-04-15,90.6500015258789,90.6500015258789,91.19999694824219,90.47000122070312,90.80999755859375,110218
2024-04-16,89.2300033569336,89.2300033569336,89.5,88.91999816894531,89.3499984741211,130769
2024-04-17,88.7300033569336,88.7300033569336,89.55000305175781,88.7300033569336,89.08000183105469,71236
2024-04-18,88.97000122070312,88.97000122070312,89.06999969482422,88.44999694824219,88.7699966430664,36749
2024-04-19,88.0999984741211,88.0999984741211,88.45999908447266,87.88999938964844,87.98999786376953,112749
2024-04-22,88.29000091552734,88.29000091552734,88.61000061035156,88.0999984741211,88.30999755859375,57339
2024-04-23,89.2699966430664,89.2699966430664,89.3499984741211,88.58000183105469,88.83999633789062,51690
2024-04-24,89.30999755859375,89.30999755859375,89.77999877929688,89.19000244140625,89.72000122070312,48303
2024-04-25,88.19999694824219,88.19999694824219,88.83999633789062,87.91999816894531,88.79000091552734,61782
2024-04-26,89.79000091552734,89.79000091552734,89.94999694824219,89.0999984741211,89.33999633789062,47112
2024-04-29,89.80000305175781,89.80000305175781,90.19000244140625,89.80000305175781,89.91000366210938,39476
2024-04-30,89.58000183105469,89.58000183105469,90.05999755859375,89.45999908447266,90.01000213623047,35344
2024-05-02,88.91000366210938,88.91000366210938,89.27999877929688,88.7300033569336,88.97000122070312,121246
2024-05-03,89.68000030517578,89.68000030517578,89.93000030517578,89.2699966430664,89.4000015258789,51884
2024-05-06,90.30000305175781,90.30000305175781,90.37999725341797,89.95999908447266,90.05999755859375,47922
2024-05-07,90.95999908447266,90.95999908447266,90.97000122070312,90.72000122070312,90.81999969482422,55377
2024-05-08,90.91999816894531,90.91999816894531,91.11000061035156,90.58999633789062,90.97000122070312,50976
2024-05-09,91.1500015258789,91.1500015258789,91.1500015258789,90.8499984741211,90.94999694824219,35443
2024-05-10,91.44000244140625,91.44000244140625,91.69000244140625,91.41999816894531,91.48999786376953,55874
2024-05-13,91.31999969482422,91.31999969482422,91.58000183105469,91.2699966430664,91.55000305175781,49557
2024-05-14,91.2300033569336,91.2300033569336,91.44999694824219,91.0999984741211,91.33000183105469,46360
2024-05-15,91.91999816894531,91.91999816894531,91.94999694824219,91.43000030517578,91.52999877929688,58531
2024-05-16,92.30999755859375,92.30999755859375,92.3499984741211,92.19000244140625,92.2699966430664,39675
2024-05-17,91.98999786376953,91.98999786376953,92.23999786376953,91.93000030517578,92.06999969482422,46388
2024-05-20,92.51000213623047,92.51000213623047,92.51000213623047,92.1500015258789,92.20999908447266,123060
2024-05-21,92.27999877929688,92.27999877929688,92.3499984741211,92.08000183105469,92.25,36203
2024-05-22,92.37000274658203,92.37000274658203,92.43000030517578,92.23999786376953,92.27999877929688,38302
2024-05-23,92.37000274658203,92.37000274658203,92.87000274658203,92.12000274658203,92.70999908447266,46402
2024-05-24,92.08000183105469,92.08000183105469,92.16000366210938,91.6500015258789,91.73999786376953,69990
2024-05-27,92.22000122070312,92.22000122070312,92.22000122070312,91.98999786376953,92.06999969482422,62780
2024-05-28,91.87999725341797,91.87999725341797,92.30000305175781,91.8499984741211,92.18000030517578,60931
2024-05-29,91.5199966430664,91.5199966430664,91.77999877929688,91.27999877929688,91.75,42784
2024-05-30,91.2699966430664,91.2699966430664,91.44000244140625,91.0999984741211,91.25,53679
2024-05-31,90.69000244140625,90.69000244140625,91.26000213623047,90.61000061035156,91.16999816894531,87797
2024-06-03,91.36000061035156,91.36000061035156,92.05000305175781,91.33000183105469,92.0199966430664,98422
2024-06-04,91.16999816894531,91.16999816894531,91.72000122070312,90.9800033569336,91.33999633789062,42534
2024-06-05,92.2699966430664,92.2699966430664,92.2699966430664,91.6500015258789,91.72000122070312,34493
2024-06-06,92.56999969482422,92.56999969482422,92.77999877929688,92.4000015258789,92.5999984741211,43835
2024-06-07,93.08999633789062,93.08999633789062,93.23999786376953,92.31999969482422,92.68000030517578,47180
2024-06-10,93.4800033569336,93.4800033569336,93.4800033569336,92.94000244140625,93.11000061035156,72851
2024-06-11,93.31999969482422,93.31999969482422,93.44000244140625,92.98999786376953,93.41000366210938,42377
2024-06-12,93.80999755859375,93.80999755859375,94.0,93.5,93.62999725341797,58167
2024-06-13,93.77999877929688,93.77999877929688,94.02999877929688,93.58000183105469,93.91999816894531,58998
2024-06-14,94.06999969482422,94.06999969482422,94.33000183105469,93.73999786376953,94.2300033569336,52340
2024-06-17,94.08999633789062,94.08999633789062,94.33999633789062,93.8499984741211,94.2699966430664,66017
2024-06-18,94.5999984741211,94.5999984741211,94.7300033569336,94.45999908447266,94.62000274658203,64443
2024-06-19,94.7300033569336,94.7300033569336,94.91000366210938,94.6500015258789,94.87999725341797,65562
2024-06-20,95.11000061035156,95.11000061035156,95.29000091552734,94.94000244140625,95.02999877929688,149526
2024-06-21,94.76000213623047,94.76000213623047,95.08000183105469,94.5199966430664,94.88999938964844,113316
2024-06-24,94.94000244140625,94.94000244140625,94.97000122070312,94.47000122070312,94.73999786376953,41414
2024-06-25,94.88999938964844,94.88999938964844,94.95999908447266,94.5,94.61000061035156,34799
2024-06-26,94.83000183105469,94.83000183105469,95.43000030517578,94.80000305175781,95.20999908447266,45356
2024-06-27,94.83000183105469,94.83000183105469,95.08999633789062,94.77999877929688,94.95999908447266,81643
2024-06-28,95.18000030517578,95.18000030517578,95.63999938964844,95.0999984741211,95.33000183105469,55045
2024-07-01,94.6500015258789,94.6500015258789,94.9000015258789,94.30000305175781,94.73999786376953,93733
2024-07-02,94.80000305175781,94.80000305175781,94.80000305175781,94.27999877929688,94.55000305175781,64349
2024-07-03,95.08999633789062,95.08999633789062,95.5,94.91999816894531,95.13999938964844,26665
2024-07-04,95.27999877929688,95.27999877929688,95.55000305175781,95.27999877929688,95.41999816894531,27147
2024-07-05,95.33999633789062,95.33999633789062,95.45999908447266,95.13999938964844,95.41999816894531,57020
2024-07-08,95.5,95.5,95.68000030517578,95.3499984741211,95.38999938964844,80971
2024-07-09,95.6500015258789,95.6500015258789,95.83999633789062,95.56999969482422,95.69000244140625,88315
2024-07-10,96.05000305175781,96.05000305175781,96.05000305175781,95.6500015258789,95.68000030517578,60438
2024-07-11,95.87000274658203,95.87000274658203,96.5,95.87000274658203,96.47000122070312,55398
2024-07-12,96.31999969482422,96.31999969482422,96.36000061035156,95.69000244140625,95.94000244140625,95494
2024-07-15,96.33999633789062,96.33999633789062,96.52999877929688,96.0999984741211,96.33000183105469,118345
2024-07-16,96.4800033569336,96.4800033569336,96.66000366210938,95.94000244140625,96.18000030517578,45879
2024-07-17,95.48999786376953,95.48999786376953,96.2699966430664,95.4000015258789,96.23999786376953,65831
2024-07-18,94.91000366210938,94.91000366210938,95.81999969482422,94.91000366210938,95.6500015258789,83988
2024-07-19,94.36000061035156,94.36000061035156,94.97000122070312,94.33999633789062,94.7300033569336,88768
2024-07-22,94.80000305175781,94.80000305175781,95.20999908447266,94.48999786376953,94.55999755859375,62028
2024-07-23,95.68000030517578,95.68000030517578,95.69999694824219,94.91999816894531,95.04000091552734,53400
2024-07-24,94.0199966430664,94.0199966430664,94.9000015258789,93.91999816894531,94.75,96098
2024-07-25,93.55999755859375,93.55999755859375,93.72000122070312,92.72000122070312,93.52999877929688,118936
2024-07-26,93.70999908447266,93.70999908447266,93.9000015258789,93.29000091552734,93.3499984741211,64776
2024-07-29,93.88999938964844,93.88999938964844,94.7699966430664,93.88999938964844,94.33000183105469,77451
2024-07-30,93.9800033569336,93.9800033569336,94.70999908447266,93.9000015258789,94.27999877929688,62466
2024-07-31,95.37000274658203,95.37000274658203,95.38999938964844,94.7699966430664,94.83999633789062,65078
2024-08-01,94.44000244140625,94.44000244140625,95.83999633789062,94.44000244140625,95.5,135259
2024-08-02,90.61000061035156,90.61000061035156,93.11000061035156,90.4000015258789,92.98999786376953,149839
2024-08-05,88.61000061035156,88.61000061035156,88.8499984741211,86.30999755859375,88.29000091552734,313012
2024-08-06,89.37999725341797,89.37999725341797,89.83000183105469,88.5199966430664,89.33000183105469,204323
2024-08-07,90.63999938964844,90.63999938964844,90.97000122070312,89.68000030517578,89.88999938964844,100985
2024-08-08,90.66000366210938,90.66000366210938,90.75,88.63999938964844,88.9800033569336,77813
2024-08-09,91.01000213623047,91.01000213623047,91.43000030517578,90.56999969482422,90.83000183105469,77233
2024-08-12,91.18000030517578,91.18000030517578,91.58000183105469,90.94000244140625,91.37999725341797,65668
2024-08-13,92.06999969482422,92.06999969482422,92.08999633789062,91.30999755859375,91.66000366210938,173527
2024-08-14,92.30000305175781,92.30000305175781,92.30000305175781,91.62000274658203,92.27999877929688,38005
2024-08-16,94.05000305175781,94.05000305175781,94.43000030517578,93.68000030517578,94.37000274658203,68327
2024-08-19,94.30000305175781,94.30000305175781,94.33000183105469,93.79000091552734,93.94000244140625,40581
2024-08-20,94.08000183105469,94.08000183105469,94.73999786376953,93.98999786376953,94.62000274658203,81396
2024-08-21,94.18000030517578,94.18000030517578,94.58000183105469,94.05000305175781,94.16000366210938,34040
2024-08-22,94.33999633789062,94.33999633789062,94.80999755859375,94.30000305175781,94.33999633789062,24955
2024-08-23,94.37000274658203,94.37000274658203,94.75,93.9800033569336,94.18000030517578,40939
2024-08-26,94.30999755859375,94.30999755859375,94.87000274658203,94.2300033569336,94.4000015258789,28345
2024-08-27,94.3499984741211,94.3499984741211,94.58000183105469,94.08000183105469,94.44999694824219,32142
2024-08-28,94.36000061035156,94.36000061035156,94.95999908447266,94.33999633789062,94.70999908447266,55519
2024-08-29,95.41999816894531,95.41999816894531,95.5999984741211,94.41000366210938,94.44999694824219,45874
2024-08-30,95.06999969482422,95.06999969482422,95.52999877929688,95.06999969482422,95.16999816894531,44344
2024-09-02,95.69999694824219,95.69999694824219,95.75,95.3499984741211,95.55999755859375,36587
2024-09-03,94.72000122070312,94.72000122070312,95.8499984741211,94.45999908447266,95.81999969482422,86261
2024-09-04,93.5999984741211,93.5999984741211,93.87000274658203,93.31999969482422,93.41000366210938,60545
2024-09-05,92.94999694824219,92.94999694824219,93.80000305175781,92.94999694824219,93.3499984741211,53724
2024-09-06,91.75,91.75,93.44000244140625,91.62000274658203,92.66999816894531,105884
2024-09-09,92.81999969482422,92.81999969482422,92.97000122070312,92.33999633789062,92.41000366210938,74910
2024-09-10,93.0,93.0,93.2699966430664,92.72000122070312,92.75,42451
2024-09-11,92.55999755859375,92.55999755859375,93.47000122070312,92.12999725341797,93.0,92105
2024-09-12,94.29000091552734,94.29000091552734,94.5999984741211,93.9000015258789,94.56999969482422,50177
2024-09-13,94.98999786376953,94.98999786376953,95.0,94.44999694824219,94.58999633789062,37747
2024-09-16,94.58000183105469,94.58000183105469,94.93000030517578,94.33999633789062,94.68000030517578,89645
2024-09-17,95.12999725341797,95.12999725341797,95.30999755859375,94.8499984741211,94.86000061035156,55165
2024-09-18,94.68000030517578,94.68000030517578,94.97000122070312,94.55000305175781,94.97000122070312,55679
2024-09-19,95.95999908447266,95.95999908447266,96.19999694824219,95.36000061035156,95.51000213623047,51856
2024-09-20,95.41000366210938,95.41000366210938,95.80999755859375,95.19999694824219,95.66999816894531,56696
2024-09-23,96.0,96.0,96.12000274658203,95.55999755859375,95.5999984741211,61409
2024-09-24,96.04000091552734,96.04000091552734,96.37999725341797,95.69000244140625,96.36000061035156,56119
2024-09-25,96.05000305175781,96.05000305175781,96.08999633789062,95.56999969482422,95.62000274658203,52858
2024-09-26,96.33000183105469,96.33000183105469,97.12000274658203,96.30000305175781,96.80999755859375,80605
2024-09-27,96.62999725341797,96.62999725341797,96.79000091552734,96.44999694824219,96.69999694824219,59084
2024-09-30,96.38999938964844,96.38999938964844,96.55000305175781,95.8499984741211,96.41000366210938,66418
2024-10-01,96.58000183105469,96.58000183105469,97.33999633789062,96.18000030517578,96.9000015258789,113952
2024-10-02,96.88999938964844,96.88999938964844,96.88999938964844,96.20999908447266,96.55000305175781,84673
2024-10-03,96.69999694824219,96.69999694824219,96.81999969482422,96.26000213623047,96.69999694824219,65416
2024-10-04,97.30999755859375,97.30999755859375,97.88999938964844,96.54000091552734,96.58999633789062,105249
2024-10-07,97.56999969482422,97.56999969482422,97.77999877929688,97.27999877929688,97.72000122070312,56632
2024-10-08,97.54000091552734,97.54000091552734,97.5999984741211,96.68000030517578,96.75,55613
2024-10-09,98.2699966430664,98.2699966430664,98.2699966430664,97.41000366210938,97.51000213623047,49112
2024-10-10,98.47000122070312,98.47000122070312,98.52999877929688,98.05000305175781,98.5,53290
2024-10-11,98.81999969482422,98.81999969482422,98.94000244140625,98.08999633789062,98.30999755859375,46808
2024-10-14,99.58999633789062,99.58999633789062,99.76000213623047,98.94000244140625,99.01000213623047,87332
2024-10-15,99.41000366210938,99.41000366210938,100.02999877929688,99.26000213623047,99.97000122070312,137097
2024-10-16,99.36000061035156,99.36000061035156,99.47000122070312,99.02999877929688,99.22000122070312,66234
2024-10-17,100.23999786376953,100.23999786376953,100.75,99.79000091552734,99.87999725341797,81687
2024-10-18,100.0999984741211,100.0999984741211,100.27999877929688,99.87999725341797,100.05999755859375,58067
2024-10-21,99.73999786376953,99.73999786376953,100.2699966430664,99.69999694824219,100.18000030517578,76713
2024-10-22,99.83999633789062,99.83999633789062,99.95999908447266,99.44999694824219,99.9000015258789,61286
2024-10-23,99.51000213623047,99.51000213623047,100.22000122070312,99.45999908447266,100.06999969482422,53622
2024-10-24,99.41999816894531,99.41999816894531,99.94000244140625,99.37999725341797,99.72000122070312,62556
2024-10-25,99.75,99.75,99.94999694824219,99.2699966430664,99.37999725341797,596897
2024-10-28,99.68000030517578,99.68000030517578,99.93000030517578,99.44999694824219,99.86000061035156,48053
2024-10-29,99.77999877929688,99.77999877929688,99.91000366210938,99.55999755859375,99.81999969482422,44811
2024-10-30,99.27999877929688,99.27999877929688,99.80000305175781,99.0999984741211,99.79000091552734,56550
2024-10-31,97.55000305175781,97.55000305175781,98.5,97.37000274658203,98.30999755859375,68852
2024-11-01,98.30000305175781,98.30000305175781,98.44000244140625,97.44999694824219,97.45999908447266,88217
2024-11-04,97.45999908447266,97.45999908447266,97.80000305175781,97.25,97.66000366210938,75197
2024-11-05,97.93000030517578,97.93000030517578,98.0,97.33000183105469,97.52999877929688,62341
2024-11-06,101.0199966430664,101.0199966430664,101.88999938964844,100.62999725341797,101.05999755859375,159759
2024-11-07,101.66999816894531,101.66999816894531,101.72000122070312,101.29000091552734,101.43000030517578,81863
2024-11-08,102.36000061035156,102.36000061035156,102.36000061035156,101.47000122070312,102.05999755859375,53510
2024-11-11,103.47000122070312,103.47000122070312,103.66000366210938,103.01000213623047,103.05000305175781,80352
2024-11-12,103.0999984741211,103.0999984741211,103.5,103.04000091552734,103.31999969482422,98827
2024-11-13,103.4800033569336,103.4800033569336,103.4800033569336,102.5,102.80999755859375,54613
2024-11-14,103.43000030517578,103.43000030517578,104.1500015258789,103.22000122070312,103.5199966430664,56234
2024-11-15,102.1500015258789,102.1500015258789,102.70999908447266,102.08000183105469,102.62000274658203,100110
2024-11-18,102.37999725341797,102.37999725341797,102.37999725341797,101.76000213623047,102.11000061035156,59071
2024-11-19,102.2699966430664,102.2699966430664,102.45999908447266,101.12999725341797,102.43000030517578,58208
2024-11-20,102.37000274658203,102.37000274658203,102.91999816894531,102.08000183105469,102.7300033569336,59046
2024-11-21,103.72000122070312,103.72000122070312,103.7300033569336,102.43000030517578,102.70999908447266,100898
2024-11-22,104.88999938964844,104.88999938964844,105.0999984741211,103.91000366210938,103.97000122070312,92756
2024-11-25,104.68000030517578,104.68000030517578,105.16999816894531,104.45999908447266,105.08000183105469,139358
2024-11-26,104.80000305175781,104.80000305175781,104.86000061035156,104.1500015258789,104.48999786376953,49128
2024-11-27,103.94000244140625,103.94000244140625,104.7699966430664,103.8499984741211,104.72000122070312,75749
2024-11-28,104.41000366210938,104.41000366210938,104.54000091552734,104.25,104.48999786376953,49469
2024-11-29,104.83999633789062,104.83999633789062,104.8499984741211,104.22000122070312,104.27999877929688,119858
2024-12-02,105.70999908447266,105.70999908447266,105.80000305175781,105.04000091552734,105.13999938964844,116212
2024-12-03,105.6500015258789,105.6500015258789,105.7699966430664,105.44000244140625,105.76000213623047,62526
2024-12-04,105.94000244140625,105.94000244140625,106.4000015258789,105.76000213623047,105.87000274658203,105225
2024-12-05,105.83999633789062,105.83999633789062,106.25,105.69999694824219,106.04000091552734,92468
2024-12-06,105.9000015258789,105.9000015258789,106.16999816894531,105.37999725341797,105.55999755859375,72595
2024-12-09,105.55000305175781,105.55000305175781,106.1500015258789,105.2300033569336,106.12000274658203,58082
2024-12-10,105.73999786376953,105.73999786376953,105.93000030517578,105.41000366210938,105.47000122070312,43386
2024-12-11,106.37000274658203,106.37000274658203,106.4000015258789,105.5,105.58999633789062,55383
2024-12-12,106.1500015258789,106.1500015258789,106.43000030517578,105.88999938964844,106.16999816894531,80962
2024-12-13,105.5999984741211,105.5999984741211,106.25,105.33999633789062,106.19000244140625,48594
2024-12-16,105.80000305175781,105.80000305175781,105.94999694824219,105.38999938964844,105.5199966430664,91970
2024-12-17,105.4800033569336,105.4800033569336,105.76000213623047,105.1500015258789,105.5199966430664,76006
2024-12-18,105.69999694824219,105.69999694824219,105.9000015258789,105.33999633789062,105.58999633789062,59685
2024-12-19,103.98999786376953,103.98999786376953,104.30000305175781,103.5,103.72000122070312,132405
2024-12-20,104.19999694824219,104.19999694824219,104.19999694824219,101.93000030517578,103.02999877929688,138467
2024-12-23,104.01000213623047,104.01000213623047,104.37999725341797,103.69999694824219,104.27999877929688,79229
2024-12-27,104.5,104.5,105.33000183105469,104.19999694824219,105.16999816894531,69023
2024-12-30,103.93000030517578,103.93000030517578,104.5199966430664,103.25,104.29000091552734,90177
2025-01-02,105.30000305175781,105.30000305175781,105.30000305175781,104.26000213623047,104.45999908447266,155642
2025-01-03,105.12000274658203,105.12000274658203,105.1500015258789,104.4800033569336,104.77999877929688,79281
2025-01-06,105.79000091552734,105.79000091552734,105.83999633789062,105.0,105.29000091552734,57293
2025-01-07,105.0199966430664,105.0199966430664,105.62000274658203,104.80000305175781,105.01000213623047,90442
2025-01-08,105.08000183105469,105.08000183105469,105.38999938964844,104.5999984741211,105.05000305175781,100941
2025-01-09,105.1500015258789,105.1500015258789,105.16000366210938,104.7699966430664,104.83999633789062,39134
2025-01-10,104.12000274658203,104.12000274658203,105.16999816894531,103.94999694824219,105.0199966430664,88611
2025-01-13,103.98999786376953,103.98999786376953,104.30000305175781,103.45999908447266,103.98999786376953,79553
2025-01-14,103.83000183105469,103.83000183105469,104.80000305175781,103.66999816894531,104.58999633789062,61408
2025-01-15,105.44999694824219,105.44999694824219,105.5999984741211,103.86000061035156,103.91000366210938,100362
2025-01-16,105.7699966430664,105.7699966430664,106.23999786376953,105.5999984741211,106.12999725341797,81968
2025-01-17,106.70999908447266,106.70999908447266,106.86000061035156,105.88999938964844,105.98999786376953,95353
2025-01-20,106.16000366210938,106.16000366210938,106.69999694824219,105.98999786376953,106.61000061035156,85180
2025-01-21,106.26000213623047,106.26000213623047,106.7300033569336,106.11000061035156,106.18000030517578,64032
2025-01-22,107.18000030517578,107.18000030517578,107.18000030517578,106.62999725341797,106.83999633789062,91972
2025-01-23,107.33000183105469,107.33000183105469,107.87999725341797,106.86000061035156,107.05999755859375,73457
2025-01-24,106.8499984741211,106.8499984741211,107.22000122070312,106.68000030517578,107.19999694824219,97965
2025-01-27,105.12000274658203,105.12000274658203,105.66999816894531,103.9800033569336,105.5,158142
2025-01-28,106.4800033569336,106.4800033569336,106.77999877929688,105.91999816894531,106.19000244140625,81858
2025-01-29,106.79000091552734,106.79000091552734,107.41999816894531,106.7699966430664,107.22000122070312,136617
2025-01-30,107.08000183105469,107.08000183105469,107.5,106.81999969482422,107.19999694824219,67736
2025-01-31,108.19000244140625,108.19000244140625,108.44999694824219,107.88999938964844,107.94999694824219,128805
2025-02-03,107.25,107.25,107.27999877929688,106.37000274658203,106.80000305175781,255619
2025-02-04,107.22000122070312,107.22000122070312,107.22000122070312,106.4000015258789,106.93000030517578,80791
2025-02-05,106.9000015258789,106.9000015258789,106.9000015258789,106.3499984741211,106.5999984741211,78616
2025-02-06,108.13999938964844,108.13999938964844,108.27999877929688,107.86000061035156,107.87000274658203,95652
2025-02-07,107.93000030517578,107.93000030517578,108.38999938964844,107.69999694824219,108.04000091552734,91418
2025-02-10,108.5199966430664,108.5199966430664,108.66000366210938,108.06999969482422,108.19000244140625,105062
2025-02-11,108.2699966430664,108.2699966430664,108.44000244140625,108.05999755859375,108.3499984741211,119381
2025-02-12,107.55999755859375,107.55999755859375,108.38999938964844,107.33000183105469,108.08999633789062,132278
2025-02-13,108.11000061035156,108.11000061035156,108.2300033569336,107.37000274658203,107.68000030517578,109392
2025-02-14,107.87999725341797,107.87999725341797,108.33000183105469,107.80000305175781,108.33000183105469,70564
2025-02-17,108.4000015258789,108.4000015258789,108.48999786376953,108.22000122070312,108.25,59165
2025-02-18,108.4800033569336,108.4800033569336,108.93000030517578,108.4000015258789,108.68000030517578,115418
2025-02-19,108.83000183105469,108.83000183105469,108.94999694824219,108.36000061035156,108.80000305175781,106319
2025-02-20,107.76000213623047,107.76000213623047,108.81999969482422,107.63999938964844,108.61000061035156,94443
2025-02-21,107.8499984741211,107.8499984741211,108.37000274658203,107.6500015258789,107.94000244140625,84104
2025-02-24,106.63999938964844,106.63999938964844,107.2300033569336,106.05999755859375,106.87000274658203,147102
2025-02-25,105.02999877929688,105.02999877929688,106.4000015258789,104.87999725341797,106.22000122070312,99555
2025-02-26,106.38999938964844,106.38999938964844,106.62999725341797,105.86000061035156,106.05000305175781,83562
2025-02-27,106.5999984741211,106.5999984741211,106.79000091552734,105.70999908447266,106.33000183105469,137874
2025-02-28,105.43000030517578,105.43000030517578,105.7300033569336,104.75,105.18000030517578,97200
2025-03-03,105.73999786376953,105.73999786376953,106.80000305175781,105.62000274658203,106.73999786376953,234628
2025-03-04,102.25,102.25,104.41999816894531,102.0199966430664,104.3499984741211,314796
2025-03-05,100.73999786376953,100.73999786376953,102.55000305175781,100.73999786376953,102.41000366210938,157773
2025-03-06,101.05999755859375,101.05999755859375,101.66000366210938,100.2300033569336,101.56999969482422,128675
2025-03-07,99.16999816894531,99.16999816894531,100.30000305175781,99.05999755859375,100.22000122070312,178782
2025-03-10,98.47000122070312,98.47000122070312,100.05000305175781,98.12999725341797,100.0,227772
2025-03-11,96.41000366210938,96.41000366210938,97.87000274658203,96.06999969482422,97.70999908447266,270363
2025-03-12,97.4000015258789,97.4000015258789,97.98999786376953,96.31999969482422,96.94999694824219,417517
2025-03-13,96.73999786376953,96.73999786376953,97.75,96.5999984741211,97.06999969482422,121944
2025-03-14,97.80000305175781,97.80000305175781,98.11000061035156,96.80000305175781,97.0,117281
2025-03-17,98.23999786376953,98.23999786376953,98.66000366210938,97.68000030517578,97.80000305175781,172069
2025-03-18,97.87000274658203,97.87000274658203,98.7300033569336,97.54000091552734,98.38999938964844,168644
2025-03-19,98.86000061035156,98.86000061035156,99.01000213623047,97.94999694824219,97.95999908447266,61568
2025-03-20,99.19000244140625,99.19000244140625,99.94000244140625,98.5999984741211,99.43000030517578,113139
2025-03-21,98.97000122070312,98.97000122070312,99.13999938964844,98.2699966430664,99.04000091552734,93154
2025-03-24,100.69999694824219,100.69999694824219,100.80000305175781,99.80999755859375,99.93000030517578,128563
2025-03-25,100.83000183105469,100.83000183105469,101.08000183105469,100.6500015258789,100.79000091552734,92146
2025-03-26,100.33999633789062,100.33999633789062,101.26000213623047,100.2699966430664,101.05000305175781,116954
2025-03-27,99.97000122070312,99.97000122070312,100.33999633789062,99.37000274658203,100.12999725341797,100593
2025-03-28,97.83000183105469,97.83000183105469,99.72000122070312,97.75,99.33000183105469,129506
2025-03-31,97.11000061035156,97.11000061035156,97.1500015258789,96.1500015258789,96.80999755859375,164032
2025-04-01,98.44000244140625,98.44000244140625,98.83999633789062,97.19999694824219,98.02999877929688,281429
2025-04-02,98.33999633789062,98.33999633789062,98.3499984741211,97.19999694824219,98.30999755859375,131083
2025-04-03,93.5199966430664,93.5199966430664,95.36000061035156,92.6500015258789,94.83000183105469,362168
2025-04-04,89.05000305175781,89.05000305175781,92.45999908447266,88.25,92.26000213623047,498953
2025-04-07,86.58000183105469,86.58000183105469,88.52999877929688,82.69999694824219,83.16999816894531,835213
2025-04-08,89.5199966430664,89.5199966430664,91.0,88.22000122070312,88.48999786376953,351316
2025-04-09,85.29000091552734,85.29000091552734,86.55999755859375,83.58000183105469,85.95999908447266,243784
2025-04-10,88.68000030517578,88.68000030517578,93.69999694824219,88.68000030517578,93.52999877929688,594212
2025-04-11,87.79000091552734,87.79000091552734,88.97000122070312,86.5,88.91999816894531,169647
2025-04-14,90.33999633789062,90.33999633789062,91.29000091552734,89.80999755859375,89.98999786376953,203050
2025-04-15,91.16999816894531,91.16999816894531,91.63999938964844,90.27999877929688,90.68000030517578,174989
2025-04-16,90.12999725341797,90.12999725341797,90.48999786376953,89.08999633789062,89.58000183105469,97253
2025-04-17,89.26000213623047,89.26000213623047,89.94999694824219,88.72000122070312,89.61000061035156,95517
2025-04-22,88.5199966430664,88.5199966430664,88.62999725341797,87.27999877929688,87.58000183105469,147761
2025-04-23,91.25,91.25,92.3499984741211,90.54000091552734,90.66000366210938,123434
2025-04-24,91.91999816894531,91.91999816894531,92.0999984741211,90.12000274658203,90.66000366210938,123036
2025-04-25,92.41000366210938,92.41000366210938,93.05000305175781,92.05000305175781,93.02999877929688,42506
2025-04-28,92.58000183105469,92.58000183105469,93.48999786376953,92.54000091552734,93.08999633789062,93321
2025-04-29,93.05999755859375,93.05999755859375,93.4000015258789,92.54000091552734,93.11000061035156,112061
2025-04-30,93.33999633789062,93.33999633789062,93.73999786376953,91.88999938964844,93.51000213623047,174313
2025-05-02,95.62000274658203,95.62000274658203,95.79000091552734,94.7699966430664,95.12000274658203,147855
2025-05-05,95.73999786376953,95.73999786376953,95.86000061035156,95.12999725341797,95.4800033569336,101705
2025-05-06,95.30000305175781,95.30000305175781,95.4800033569336,94.52999877929688,95.44000244140625,88016
2025-05-07,94.81999969482422,94.81999969482422,95.26000213623047,94.58999633789062,95.05999755859375,96138
2025-05-08,96.37000274658203,96.37000274658203,96.52999877929688,95.5,96.11000061035156,122311
2025-05-09,96.30999755859375,96.30999755859375,96.95999908447266,95.9000015258789,96.5,86253
2025-05-12,99.47000122070312,99.47000122070312,100.0999984741211,98.48999786376953,98.73999786376953,108292
2025-05-13,100.0999984741211,100.0999984741211,100.37999725341797,99.47000122070312,99.55999755859375,87957
2025-05-14,99.81999969482422,99.81999969482422,100.11000061035156,99.2699966430664,99.98999786376953,92906
2025-05-15,100.22000122070312,100.22000122070312,100.22000122070312,99.2300033569336,99.47000122070312,111431
2025-05-16,100.94999694824219,100.94999694824219,100.94999694824219,100.25,100.29000091552734,105882
2025-05-19,100.33000183105469,100.33000183105469,100.41999816894531,99.2300033569336,99.95999908447266,68899
2025-05-20,100.5999984741211,100.5999984741211,100.93000030517578,100.2699966430664,100.41000366210938,53483
2025-05-21,99.80999755859375,99.80999755859375,99.88999938964844,99.0199966430664,99.69000244140625,62853
2025-05-22,99.0,99.0,99.12000274658203,98.30000305175781,98.9800033569336,83208
2025-05-23,97.94999694824219,97.94999694824219,98.98999786376953,97.0199966430664,98.87000274658203,87162
2025-05-26,98.88999938964844,98.88999938964844,99.04000091552734,98.62000274658203,98.66999816894531,50947
2025-05-27,99.6500015258789,99.6500015258789,99.6500015258789,98.83000183105469,99.02999877929688,71687
2025-05-28,99.7699966430664,99.7699966430664,100.19999694824219,99.4800033569336,99.91000366210938,69577
2025-05-29,99.30999755859375,99.30999755859375,101.29000091552734,99.19999694824219,100.97000122070312,86439
2025-05-30,99.2699966430664,99.2699966430664,99.76000213623047,98.95999908447266,99.47000122070312,78058
2025-06-02,98.80000305175781,98.80000305175781,99.0999984741211,98.19999694824219,98.7699966430664,68210
2025-06-03,100.05999755859375,100.05999755859375,100.05999755859375,98.83999633789062,99.20999908447266,63962
2025-06-04,100.05000305175781,100.05000305175781,100.44000244140625,99.80000305175781,100.23999786376953,57050
2025-06-05,100.16999816894531,100.16999816894531,100.44000244140625,99.22000122070312,100.04000091552734,64743
2025-06-06,100.48999786376953,100.48999786376953,100.9000015258789,99.80999755859375,99.91999816894531,59430
2025-06-09,100.44999694824219,100.44999694824219,100.75,100.30999755859375,100.44000244140625,52762
2025-06-10,100.51000213623047,100.51000213623047,100.7699966430664,100.3499984741211,100.62000274658203,38927
2025-06-11,100.43000030517578,100.43000030517578,100.9000015258789,100.43000030517578,100.72000122070312,72515
2025-06-12,99.58999633789062,99.58999633789062,99.80000305175781,98.66000366210938,99.76000213623047,352989
2025-06-13,99.22000122070312,99.22000122070312,99.61000061035156,98.58999633789062,98.72000122070312,210000
2025-06-16,99.5999984741211,99.5999984741211,99.69999694824219,99.01000213623047,99.1500015258789,66074
2025-06-17,99.37999725341797,99.37999725341797,99.58999633789062,98.87999725341797,99.18000030517578,244907
2025-06-18,99.33000183105469,99.33000183105469,99.68000030517578,99.1500015258789,99.33999633789062,65445
2025-06-19,98.56999969482422,98.56999969482422,99.16999816894531,98.44999694824219,99.16999816894531,64761
2025-06-20,98.83000183105469,98.83000183105469,99.41999816894531,98.56999969482422,98.76000213623047,42474
2025-06-23,98.6500015258789,98.6500015258789,99.19000244140625,98.44000244140625,98.4800033569336,98680
2025-06-24,99.56999969482422,99.56999969482422,99.80999755859375,99.30999755859375,99.7699966430664,57530
2025-06-25,99.45999908447266,99.45999908447266,99.9800033569336,99.45999908447266,99.88999938964844,37322
2025-06-26,99.5199966430664,99.5199966430664,99.66999816894531,99.12999725341797,99.36000061035156,76538
2025-06-27,100.37000274658203,100.37000274658203,100.37000274658203,99.75,99.98999786376953,51939
2025-06-30,100.1500015258789,100.1500015258789,100.54000091552734,100.06999969482422,100.44999694824219,85940
2025-07-01,100.0,100.0,100.20999908447266,99.52999877929688,100.19000244140625,103283
2025-07-02,100.2300033569336,100.2300033569336,100.41000366210938,99.9000015258789,100.41000366210938,97888
2025-07-03,101.2300033569336,101.2300033569336,101.29000091552734,100.30999755859375,100.44999694824219,79621
2025-07-04,100.56999969482422,100.56999969482422,100.77999877929688,100.4000015258789,100.77999877929688,70790
2025-07-07,100.87999725341797,100.87999725341797,101.26000213623047,100.69000244140625,100.75,97118
2025-07-08,100.87999725341797,100.87999725341797,101.12000274658203,100.63999938964844,100.72000122070312,64601
2025-07-09,101.22000122070312,101.22000122070312,101.58999633789062,100.72000122070312,100.80999755859375,101526
2025-07-10,101.95999908447266,101.95999908447266,101.95999908447266,101.16000366210938,101.20999908447266,68715
2025-07-11,101.31999969482422,101.31999969482422,101.69000244140625,101.04000091552734,101.69000244140625,70255
2025-07-14,101.45999908447266,101.45999908447266,101.48999786376953,100.91999816894531,101.08000183105469,59296
2025-07-15,102.05999755859375,102.05999755859375,102.18000030517578,101.80000305175781,101.91999816894531,133104
2025-07-16,100.58999633789062,100.58999633789062,102.1500015258789,100.58999633789062,101.33000183105469,78955
2025-07-17,102.5199966430664,102.5199966430664,102.56999969482422,102.06999969482422,102.33000183105469,71146
2025-07-18,102.22000122070312,102.22000122070312,102.70999908447266,102.12999725341797,102.70999908447266,69195
2025-07-21,102.33000183105469,102.33000183105469,102.58000183105469,102.18000030517578,102.48999786376953,42488
2025-07-22,101.62999725341797,101.62999725341797,102.16999816894531,101.55999755859375,102.0199966430664,49050
2025-07-23,102.5199966430664,102.5199966430664,102.63999938964844,102.22000122070312,102.30000305175781,84947
2025-07-24,102.73999786376953,102.73999786376953,102.98999786376953,102.5199966430664,102.80000305175781,52697
2025-07-25,102.94999694824219,102.94999694824219,103.0199966430664,102.58999633789062,102.7300033569336,72231
2025-07-28,103.81999969482422,103.81999969482422,103.91999816894531,103.56999969482422,103.66999816894531,102679
2025-07-29,104.25,104.25,104.81999969482422,104.19999694824219,104.5199966430664,78653
2025-07-30,104.70999908447266,104.70999908447266,104.94999694824219,104.06999969482422,104.22000122070312,84412
2025-07-31,104.93000030517578,104.93000030517578,105.8499984741211,104.70999908447266,105.54000091552734,162115
2025-08-01,101.8499984741211,101.8499984741211,104.01000213623047,101.26000213623047,104.01000213623047,176773
2025-08-04,103.01000213623047,103.01000213623047,103.06999969482422,102.12000274658203,102.12999725341797,121579
2025-08-05,102.77999877929688,102.77999877929688,103.81999969482422,102.77999877929688,103.69999694824219,50999
2025-08-06,103.04000091552734,103.04000091552734,103.41000366210938,102.5199966430664,103.30999755859375,60229
2025-08-07,103.26000213623047,103.26000213623047,103.9000015258789,103.05999755859375,103.08999633789062,65568
2025-08-08,103.56999969482422,103.56999969482422,103.83999633789062,103.3499984741211,103.4000015258789,99756
2025-08-11,104.18000030517578,104.18000030517578,104.2699966430664,103.80000305175781,104.02999877929688,71929
2025-08-12,104.19999694824219,104.19999694824219,104.41000366210938,103.79000091552734,104.12999725341797,57425
2025-08-13,104.33999633789062,104.33999633789062,104.7699966430664,104.30000305175781,104.45999908447266,44682
2025-08-14,104.83999633789062,104.83999633789062,105.02999877929688,104.4000015258789,104.62999725341797,55136
2025-08-18,104.75,104.75,104.95999908447266,104.44999694824219,104.63999938964844,89223
2025-08-19,104.7300033569336,104.7300033569336,105.02999877929688,104.54000091552734,104.72000122070312,35614
2025-08-20,104.1500015258789,104.1500015258789,104.5999984741211,103.63999938964844,104.47000122070312,39029
2025-08-21,104.55000305175781,104.55000305175781,104.61000061035156,103.97000122070312,104.58000183105469,44506
2025-08-22,105.0999984741211,105.0999984741211,105.2300033569336,104.38999938964844,104.44000244140625,78927
2025-08-25,105.04000091552734,105.04000091552734,105.05999755859375,104.76000213623047,104.83999633789062,39047
2025-08-26,104.80999755859375,104.80999755859375,104.9800033569336,104.66000366210938,104.91999816894531,45357
2025-08-27,105.58999633789062,105.58999633789062,105.7699966430664,105.41999816894531,105.5199966430664,55693
2025-08-28,105.36000061035156,105.36000061035156,105.81999969482422,105.16000366210938,105.68000030517578,84839
2025-08-29,104.5999984741211,104.5999984741211,105.51000213623047,104.5,105.51000213623047,53947
2025-09-01,104.86000061035156,104.86000061035156,104.86000061035156,104.51000213623047,104.62000274658203,65652
2025-09-02,103.70999908447266,103.70999908447266,104.7699966430664,103.69999694824219,104.69000244140625,119566
2025-09-03,104.4000015258789,104.4000015258789,104.77999877929688,104.37000274658203,104.55000305175781,37988
2025-09-04,105.26000213623047,105.26000213623047,105.33999633789062,104.80999755859375,104.87000274658203,59471
2025-09-05,104.55000305175781,104.55000305175781,105.7300033569336,104.16000366210938,105.72000122070312,73694
2025-09-08,105.19000244140625,105.19000244140625,105.26000213623047,104.88999938964844,105.13999938964844,138943
2025-09-09,105.22000122070312,105.22000122070312,105.31999969482422,104.97000122070312,105.08999633789062,60739
2025-09-10,105.79000091552734,105.79000091552734,106.19999694824219,105.75,106.0199966430664,82067
2025-09-11,106.47000122070312,106.47000122070312,106.47000122070312,105.86000061035156,106.12999725341797,55796
2025-09-12,106.51000213623047,106.51000213623047,106.68000030517578,106.19999694824219,106.38999938964844,57553
2025-09-15,106.62999725341797,106.62999725341797,106.7699966430664,106.3499984741211,106.62000274658203,82923
2025-09-16,105.76000213623047,105.76000213623047,106.69000244140625,105.69999694824219,106.56999969482422,78094
2025-09-17,105.68000030517578,105.68000030517578,105.88999938964844,105.5999984741211,105.77999877929688,63831
2025-09-18,106.87000274658203,106.87000274658203,107.0199966430664,106.25,106.41999816894531,97188
2025-09-19,106.93000030517578,106.93000030517578,107.18000030517578,106.5199966430664,106.61000061035156,83676
2025-09-22,107.19000244140625,107.19000244140625,107.26000213623047,106.69999694824219,107.16999816894531,70188
2025-09-23,107.27999877929688,107.27999877929688,107.54000091552734,107.25,107.33999633789062,105200
2025-09-24,107.08000183105469,107.08000183105469,107.41999816894531,106.80000305175781,106.98999786376953,62509
2025-09-25,106.97000122070312,106.97000122070312,107.05000305175781,106.3499984741211,106.81999969482422,80808
2025-09-26,107.08000183105469,107.08000183105469,107.4800033569336,106.80000305175781,107.0,52570
2025-09-29,107.37000274658203,107.37000274658203,107.76000213623047,107.2300033569336,107.5,201018
2025-09-30,107.2300033569336,107.2300033569336,107.41999816894531,106.9800033569336,107.22000122070312,67841
2025-10-01,108.04000091552734,108.04000091552734,108.73999786376953,106.69000244140625,106.80000305175781,118330
2025-10-02,108.41000366210938,108.41000366210938,108.62000274658203,108.2300033569336,108.37999725341797,172426
2025-10-03,108.87000274658203,108.87000274658203,108.9800033569336,108.51000213623047,108.87999725341797,86999
2025-10-06,109.23999786376953,109.23999786376953,109.61000061035156,108.97000122070312,109.20999908447266,123754
2025-10-07,109.06999969482422,109.06999969482422,109.69999694824219,109.0,109.20999908447266,132281
2025-10-08,110.01000213623047,110.01000213623047,110.05000305175781,109.44000244140625,109.51000213623047,89717
2025-10-09,110.06999969482422,110.06999969482422,110.23999786376953,109.88999938964844,110.12000274658203,103782
2025-10-10,107.91999816894531,107.91999816894531,110.33999633789062,107.91999816894531,110.0199966430664,119872
2025-10-13,108.76000213623047,108.76000213623047,108.76000213623047,108.01000213623047,108.2300033569336,382749
2025-10-14,108.22000122070312,108.22000122070312,108.33000183105469,107.26000213623047,107.91999816894531,231956
2025-10-15,108.91999816894531,108.91999816894531,109.5,108.6500015258789,108.73999786376953,188398
2025-10-16,108.83000183105469,108.83000183105469,109.12999725341797,108.62999725341797,108.87999725341797,81895
2025-10-17,107.69000244140625,107.69000244140625,108.4000015258789,106.13999938964844,106.7300033569336,284242
2025-10-20,109.51000213623047,109.51000213623047,109.62999725341797,108.68000030517578,108.91999816894531,101113
2025-10-21,109.94000244140625,109.94000244140625,110.08999633789062,109.61000061035156,109.63999938964844,158026
2025-10-22,109.30999755859375,109.30999755859375,110.19000244140625,109.30000305175781,109.91999816894531,105713
2025-10-23,109.77999877929688,109.77999877929688,109.87000274658203,109.30000305175781,109.72000122070312,127366
2025-10-27,111.36000061035156,111.36000061035156,111.4000015258789,111.13999938964844,111.4000015258789,146296
2025-10-28,111.55999755859375,111.55999755859375,111.8499984741211,111.2300033569336,111.33999633789062,208845
2025-10-29,111.7699966430664,111.7699966430664,112.13999938964844,111.5999984741211,112.06999969482422,98325
2025-10-30,111.93000030517578,111.93000030517578,112.06999969482422,111.37999725341797,111.87000274658203,298165
2025-10-31,111.81999969482422,111.81999969482422,112.23999786376953,111.6500015258789,112.08999633789062,308212
2025-11-03,111.94999694824219,111.94999694824219,112.55000305175781,111.7300033569336,111.91999816894531,282260
2025-11-04,111.54000091552734,111.54000091552734,111.8499984741211,110.6500015258789,110.98999786376953,210792
2025-11-05,111.75,111.75,111.75,110.7300033569336,110.81999969482422,240184
2025-11-06,110.22000122070312,110.22000122070312,111.55999755859375,110.13999938964844,111.16999816894531,173685
2025-11-07,108.7300033569336,108.7300033569336,110.5199966430664,108.62999725341797,110.47000122070312,210173
2025-11-10,110.93000030517578,110.93000030517578,111.33000183105469,110.58000183105469,110.73999786376953,275798
2025-11-11,111.33999633789062,111.33999633789062,111.63999938964844,111.1500015258789,111.54000091552734,205231
2025-11-12,111.95999908447266,111.95999908447266,112.45999908447266,111.73999786376953,112.1500015258789,131857
2025-11-13,110.5199966430664,110.5199966430664,112.05999755859375,110.37999725341797,111.98999786376953,181853
2025-11-14,110.2300033569336,110.2300033569336,110.3499984741211,108.5199966430664,109.68000030517578,296037
2025-11-17,109.7699966430664,109.7699966430664,110.5999984741211,109.3499984741211,110.44000244140625,515276
2025-11-18,108.29000091552734,108.29000091552734,108.75,107.45999908447266,108.33999633789062,341382
2025-11-19,108.58000183105469,108.58000183105469,109.31999969482422,108.04000091552734,108.13999938964844,139062
2025-11-20,109.26000213623047,109.26000213623047,110.66000366210938,109.26000213623047,110.08000183105469,179256
2025-11-21,108.12999725341797,108.12999725341797,108.13999938964844,106.95999908447266,107.29000091552734,320304
2025-11-24,109.55000305175781,109.55000305175781,109.68000030517578,108.33000183105469,108.87000274658203,153454
2025-11-25,109.79000091552734,109.79000091552734,109.79000091552734,108.79000091552734,109.66999816894531,147315
2025-11-26,111.08999633789062,111.08999633789062,111.12999725341797,110.43000030517578,110.69000244140625,93145
2025-11-27,111.01000213623047,111.01000213623047,111.19000244140625,110.95999908447266,111.02999877929688,58231
2025-11-28,111.43000030517578,111.43000030517578,111.62999725341797,111.2300033569336,111.47000122070312,48028
2025-12-01,111.0,111.0,111.05999755859375,110.33999633789062,110.79000091552734,161358
2025-12-02,111.04000091552734,111.04000091552734,111.5199966430664,110.7699966430664,110.80999755859375,127896
2025-12-03,111.02999877929688,111.02999877929688,111.19000244140625,110.47000122070312,111.12999725341797,128578
2025-12-04,111.30999755859375,111.30999755859375,111.51000213623047,111.05000305175781,111.30999755859375,65949
2025-12-05,111.69999694824219,111.69999694824219,112.04000091552734,111.38999938964844,111.5999984741211,67506
2025-12-08,111.51000213623047,111.51000213623047,111.80999755859375,111.38999938964844,111.69000244140625,92216
2025-12-09,111.62000274658203,111.62000274658203,111.7300033569336,111.25,111.63999938964844,167619
2025-12-10,111.37000274658203,111.37000274658203,111.47000122070312,111.08999633789062,111.29000091552734,80490
2025-12-11,110.95999908447266,110.95999908447266,111.2300033569336,110.58000183105469,110.72000122070312,230422
2025-12-12,110.33999633789062,110.33999633789062,111.79000091552734,110.19999694824219,111.61000061035156,189376
2025-12-15,110.4800033569336,110.4800033569336,111.16999816894531,110.13999938964844,110.91000366210938,158465
2025-12-16,109.73999786376953,109.73999786376953,110.20999908447266,109.43000030517578,109.83999633789062,275153
2025-12-17,109.25,109.25,110.66000366210938,109.22000122070312,110.37000274658203,127232
2025-12-18,110.43000030517578,110.43000030517578,110.5,109.26000213623047,109.30999755859375,156816
2025-12-19,110.94999694824219,110.94999694824219,110.9800033569336,110.05000305175781,110.36000061035156,165589
2025-12-22,111.18000030517578,111.18000030517578,111.22000122070312,110.83999633789062,111.11000061035156,71595
2025-12-23,111.4000015258789,111.4000015258789,111.47000122070312,110.93000030517578,111.1500015258789,64077
2025-12-29,111.54000091552734,111.54000091552734,111.80000305175781,111.29000091552734,111.68000030517578,91453
2025-12-30,111.80999755859375,111.80999755859375,111.87999725341797,111.5199966430664,111.54000091552734,104314
