Date,AdjClose,Close,High,Low,Open,Volume
2017-10-03,42.130001068115234,42.130001068115234,42.0,42.0,42.0,112
2017-10-04,42.130001068115234,42.130001068115234,42.130001068115234,42.130001068115234,42.130001068115234,0
2017-10-05,42.130001068115234,42.130001068115234,42.130001068115234,42.130001068115234,42.130001068115234,0
2017-10-06,42.43000030517578,42.43000030517578,42.70500183105469,42.70500183105469,42.70500183105469,120
2017-10-09,42.43000030517578,42.43000030517578,42.43000030517578,42.43000030517578,42.43000030517578,0
2017-10-10,42.43000030517578,42.43000030517578,42.43000030517578,42.43000030517578,42.43000030517578,0
2017-10-11,42.43000030517578,42.43000030517578,42.43000030517578,42.43000030517578,42.43000030517578,0
2017-10-12,42.76499938964844,42.76499938964844,42.63999938964844,42.63999938964844,42.63999938964844,95
2017-10-13,42.76499938964844,42.76499938964844,42.76499938964844,42.76499938964844,42.76499938964844,0
2017-10-16,42.76499938964844,42.76499938964844,42.76499938964844,42.76499938964844,42.76499938964844,0
2017-10-17,42.76499938964844,42.76499938964844,42.76499938964844,42.76499938964844,42.76499938964844,0
2017-10-18,42.76499938964844,42.76499938964844,42.76499938964844,42.76499938964844,42.76499938964844,0
2017-10-19,42.404998779296875,42.404998779296875,42.64500045776367,42.64500045776367,42.64500045776367,361
2017-10-20,42.404998779296875,42.404998779296875,42.404998779296875,42.404998779296875,42.404998779296875,0
2017-10-23,42.724998474121094,42.724998474121094,42.834999084472656,42.834999084472656,42.834999084472656,80
2017-10-24,42.724998474121094,42.724998474121094,42.724998474121094,42.724998474121094,42.724998474121094,0
2017-10-25,42.724998474121094,42.724998474121094,42.724998474121094,42.724998474121094,42.724998474121094,0
2017-10-26,42.724998474121094,42.724998474121094,42.724998474121094,42.724998474121094,42.724998474121094,0
2017-10-27,43.255001068115234,43.255001068115234,43.025001525878906,43.025001525878906,43.025001525878906,100
2017-10-30,43.255001068115234,43.255001068115234,43.255001068115234,43.255001068115234,43.255001068115234,0
2017-10-31,43.255001068115234,43.255001068115234,43.255001068115234,43.255001068115234,43.255001068115234,0
2017-11-01,43.255001068115234,43.255001068115234,43.255001068115234,43.255001068115234,43.255001068115234,0
2017-11-02,43.255001068115234,43.255001068115234,43.255001068115234,43.255001068115234,43.255001068115234,0
2017-11-03,43.255001068115234,43.255001068115234,43.255001068115234,43.255001068115234,43.255001068115234,0
2017-11-06,43.255001068115234,43.255001068115234,43.255001068115234,43.255001068115234,43.255001068115234,0
2017-11-07,43.95000076293945,43.95000076293945,44.154998779296875,44.154998779296875,44.154998779296875,100
2017-11-08,44.01499938964844,44.01499938964844,44.505001068115234,43.935001373291016,43.935001373291016,17808
2017-11-09,43.625,43.625,44.084999084472656,43.720001220703125,44.084999084472656,42
2017-11-10,43.369998931884766,43.369998931884766,43.5,43.5,43.5,7
2017-11-13,43.29499816894531,43.29499816894531,43.5,43.5,43.5,17
2017-11-14,42.685001373291016,42.685001373291016,43.07500076293945,42.78499984741211,43.07500076293945,1838
2017-11-15,42.685001373291016,42.685001373291016,42.685001373291016,42.685001373291016,42.685001373291016,0
2017-11-16,42.685001373291016,42.685001373291016,42.685001373291016,42.685001373291016,42.685001373291016,0
2017-11-17,42.685001373291016,42.685001373291016,42.685001373291016,42.685001373291016,42.685001373291016,0
2017-11-20,42.685001373291016,42.685001373291016,42.685001373291016,42.685001373291016,42.685001373291016,0
2017-11-21,44.494998931884766,44.494998931884766,44.41999816894531,44.084999084472656,44.084999084472656,165
2017-11-22,44.07500076293945,44.07500076293945,44.29999923706055,44.29999923706055,44.29999923706055,65
2017-11-23,44.07500076293945,44.07500076293945,44.07500076293945,44.07500076293945,44.07500076293945,0
2017-11-24,44.07500076293945,44.07500076293945,44.07500076293945,44.07500076293945,44.07500076293945,0
2017-11-27,44.07500076293945,44.07500076293945,44.07500076293945,44.07500076293945,44.07500076293945,0
2017-11-28,43.47999954223633,43.47999954223633,43.47999954223633,43.47999954223633,43.47999954223633,100
2017-11-29,43.47999954223633,43.47999954223633,43.47999954223633,43.47999954223633,43.47999954223633,0
2017-11-30,43.47999954223633,43.47999954223633,43.47999954223633,43.47999954223633,43.47999954223633,0
2017-12-01,43.47999954223633,43.47999954223633,43.47999954223633,43.47999954223633,43.47999954223633,0
2017-12-04,42.529998779296875,42.529998779296875,42.63999938964844,42.63999938964844,42.63999938964844,5
2017-12-05,42.529998779296875,42.529998779296875,42.529998779296875,42.529998779296875,42.529998779296875,0
2017-12-06,41.79999923706055,41.79999923706055,41.85499954223633,41.85499954223633,41.85499954223633,26
2017-12-07,42.025001525878906,42.025001525878906,41.970001220703125,41.970001220703125,41.970001220703125,931
2017-12-08,42.025001525878906,42.025001525878906,42.025001525878906,42.025001525878906,42.025001525878906,0
2017-12-11,42.025001525878906,42.025001525878906,42.025001525878906,42.025001525878906,42.025001525878906,0
2017-12-12,42.025001525878906,42.025001525878906,42.025001525878906,42.025001525878906,42.025001525878906,0
2017-12-13,42.025001525878906,42.025001525878906,42.025001525878906,42.025001525878906,42.025001525878906,0
2017-12-14,42.025001525878906,42.025001525878906,42.025001525878906,42.025001525878906,42.025001525878906,0
2017-12-15,42.78499984741211,42.78499984741211,42.79999923706055,42.665000915527344,42.665000915527344,1659
2017-12-18,43.20500183105469,43.20500183105469,43.27000045776367,43.07500076293945,43.07500076293945,46
2017-12-19,42.98500061035156,42.98500061035156,43.28499984741211,43.04499816894531,43.279998779296875,1231
2017-12-20,42.814998626708984,42.814998626708984,42.94499969482422,42.93000030517578,42.94499969482422,14500
2017-12-21,42.814998626708984,42.814998626708984,42.814998626708984,42.814998626708984,42.814998626708984,0
2017-12-22,42.814998626708984,42.814998626708984,42.814998626708984,42.814998626708984,42.814998626708984,0
2017-12-27,42.814998626708984,42.814998626708984,42.814998626708984,42.814998626708984,42.814998626708984,0
2017-12-28,42.814998626708984,42.814998626708984,42.814998626708984,42.814998626708984,42.814998626708984,0
2017-12-29,42.814998626708984,42.814998626708984,42.814998626708984,42.814998626708984,42.814998626708984,0
2018-01-02,43.915000915527344,43.915000915527344,43.76499938964844,43.76499938964844,43.76499938964844,100
2018-01-03,43.915000915527344,43.915000915527344,43.915000915527344,43.915000915527344,43.915000915527344,0
2018-01-04,44.709999084472656,44.709999084472656,44.72999954223633,44.720001220703125,44.720001220703125,1698
2018-01-05,45.17499923706055,45.17499923706055,45.18000030517578,44.84000015258789,44.84000015258789,3241
2018-01-08,45.404998779296875,45.404998779296875,45.459999084472656,45.30500030517578,45.30500030517578,1136
2018-01-09,45.54999923706055,45.54999923706055,45.6349983215332,45.52000045776367,45.60499954223633,1398
2018-01-10,45.02000045776367,45.02000045776367,45.18000030517578,44.95500183105469,45.18000030517578,1064
2018-01-11,44.85499954223633,44.85499954223633,45.209999084472656,44.93000030517578,45.185001373291016,2303
2018-01-12,45.060001373291016,45.060001373291016,45.06999969482422,44.98500061035156,45.05500030517578,2185
2018-01-15,44.57500076293945,44.57500076293945,44.625,44.47999954223633,44.625,1735
2018-01-16,45.060001373291016,45.060001373291016,45.154998779296875,45.07500076293945,45.14500045776367,8127
2018-01-17,45.11000061035156,45.11000061035156,45.154998779296875,45.1349983215332,45.150001525878906,2213
2018-01-18,45.17499923706055,45.17499923706055,45.33000183105469,45.20000076293945,45.25,10888
2018-01-19,45.494998931884766,45.494998931884766,45.5099983215332,45.439998626708984,45.439998626708984,2690
2018-01-22,45.650001525878906,45.650001525878906,45.61000061035156,45.560001373291016,45.560001373291016,18
2018-01-23,45.650001525878906,45.650001525878906,45.650001525878906,45.650001525878906,45.650001525878906,0
2018-01-24,45.7599983215332,45.7599983215332,45.974998474121094,45.89500045776367,45.959999084472656,2632
2018-01-25,45.71500015258789,45.71500015258789,45.8849983215332,45.474998474121094,45.834999084472656,5764
2018-01-26,46.22999954223633,46.22999954223633,46.244998931884766,46.119998931884766,46.119998931884766,352
2018-01-29,46.1349983215332,46.1349983215332,46.22999954223633,46.01499938964844,46.20000076293945,7180
2018-01-30,46.1349983215332,46.1349983215332,46.1349983215332,46.1349983215332,46.1349983215332,0
2018-01-31,46.1349983215332,46.1349983215332,46.1349983215332,46.1349983215332,46.1349983215332,0
2018-02-01,44.814998626708984,44.814998626708984,45.130001068115234,44.8849983215332,45.130001068115234,270
2018-02-02,44.060001373291016,44.060001373291016,44.18000030517578,44.119998931884766,44.18000030517578,128
2018-02-05,43.779998779296875,43.779998779296875,43.994998931884766,43.685001373291016,43.994998931884766,488
2018-02-06,43.0099983215332,43.0099983215332,43.09000015258789,43.09000015258789,43.09000015258789,516
2018-02-07,43.0099983215332,43.0099983215332,43.0099983215332,43.0099983215332,43.0099983215332,0
2018-02-08,42.08000183105469,42.08000183105469,42.98500061035156,42.224998474121094,42.98500061035156,450
2018-02-09,41.54499816894531,41.54499816894531,41.91999816894531,41.599998474121094,41.91999816894531,30264
2018-02-12,42.349998474121094,42.349998474121094,42.650001525878906,42.30500030517578,42.650001525878906,4938
2018-02-13,42.459999084472656,42.459999084472656,42.5099983215332,42.3650016784668,42.3650016784668,386
2018-02-14,43.03499984741211,43.03499984741211,43.04999923706055,42.89500045776367,43.04999923706055,1700
2018-02-15,43.880001068115234,43.880001068115234,44.084999084472656,43.665000915527344,43.665000915527344,6491
2018-02-16,44.3650016784668,44.3650016784668,44.494998931884766,44.06999969482422,44.10499954223633,48900
2018-02-19,44.3650016784668,44.3650016784668,44.3650016784668,44.3650016784668,44.3650016784668,0
2018-02-20,43.849998474121094,43.849998474121094,43.84000015258789,43.51499938964844,43.51499938964844,200
2018-02-21,43.849998474121094,43.849998474121094,43.849998474121094,43.849998474121094,43.849998474121094,0
2018-02-22,43.849998474121094,43.849998474121094,43.849998474121094,43.849998474121094,43.849998474121094,0
2018-02-23,43.849998474121094,43.849998474121094,43.849998474121094,43.849998474121094,43.849998474121094,0
2018-02-26,44.790000915527344,44.790000915527344,44.80500030517578,44.744998931884766,44.755001068115234,3048
2018-02-27,44.33000183105469,44.33000183105469,44.44499969482422,44.42499923706055,44.44499969482422,4566
2018-02-28,44.01499938964844,44.01499938964844,44.165000915527344,44.165000915527344,44.165000915527344,50
2018-03-01,43.9900016784668,43.9900016784668,43.89500045776367,43.89500045776367,43.89500045776367,2
2018-03-02,42.7599983215332,42.7599983215332,43.46500015258789,43.46500015258789,43.46500015258789,800
2018-03-05,43.22999954223633,43.22999954223633,43.29499816894531,43.029998779296875,43.029998779296875,6174
2018-03-06,43.40999984741211,43.40999984741211,43.720001220703125,43.47999954223633,43.71500015258789,2712
2018-03-07,43.40999984741211,43.40999984741211,43.40999984741211,43.40999984741211,43.40999984741211,0
2018-03-08,43.775001525878906,43.775001525878906,43.84000015258789,43.619998931884766,43.619998931884766,664
2018-03-09,44.525001525878906,44.525001525878906,44.529998779296875,44.310001373291016,44.36000061035156,5676
2018-03-12,44.525001525878906,44.525001525878906,44.525001525878906,44.525001525878906,44.525001525878906,0
2018-03-13,44.31999969482422,44.31999969482422,44.900001525878906,44.900001525878906,44.900001525878906,45
2018-03-14,44.31999969482422,44.31999969482422,44.31999969482422,44.31999969482422,44.31999969482422,0
2018-03-15,44.52000045776367,44.52000045776367,44.68000030517578,44.68000030517578,44.68000030517578,45
2018-03-16,44.4900016784668,44.4900016784668,44.3849983215332,44.3849983215332,44.3849983215332,193
2018-03-19,43.75,43.75,44.04999923706055,44.03499984741211,44.04999923706055,250
2018-03-20,44.560001373291016,44.560001373291016,44.36000061035156,44.35499954223633,44.36000061035156,480
2018-03-21,44.560001373291016,44.560001373291016,44.560001373291016,44.560001373291016,44.560001373291016,0
2018-03-22,43.45000076293945,43.45000076293945,43.63999938964844,43.27000045776367,43.63999938964844,11995
2018-03-23,42.72999954223633,42.72999954223633,42.95000076293945,42.95000076293945,42.95000076293945,10
2018-03-26,42.474998474121094,42.474998474121094,43.06999969482422,42.529998779296875,43.06999969482422,5373
2018-03-27,43.17499923706055,43.17499923706055,43.33000183105469,43.28499984741211,43.33000183105469,2379
2018-03-28,42.404998779296875,42.404998779296875,42.595001220703125,42.3650016784668,42.3650016784668,920
2018-03-29,43.220001220703125,43.220001220703125,43.380001068115234,42.974998474121094,42.974998474121094,3422
2018-04-03,43.1349983215332,43.1349983215332,43.08000183105469,42.880001068115234,42.880001068115234,824
2018-04-04,43.1349983215332,43.1349983215332,43.1349983215332,43.1349983215332,43.1349983215332,0
2018-04-05,43.630001068115234,43.630001068115234,43.6150016784668,43.6150016784668,43.6150016784668,200
2018-04-06,43.630001068115234,43.630001068115234,43.630001068115234,43.630001068115234,43.630001068115234,0
2018-04-09,42.7400016784668,42.7400016784668,42.720001220703125,42.720001220703125,42.720001220703125,380
2018-04-10,43.0,43.0,42.91999816894531,42.91999816894531,42.91999816894531,378
2018-04-11,43.0,43.0,43.0,43.0,43.0,0
2018-04-12,43.0,43.0,43.0,43.0,43.0,0
2018-04-13,42.845001220703125,42.845001220703125,43.130001068115234,43.130001068115234,43.130001068115234,1664
2018-04-16,42.51499938964844,42.51499938964844,42.650001525878906,42.650001525878906,42.650001525878906,1595
2018-04-17,42.89500045776367,42.89500045776367,42.505001068115234,42.310001373291016,42.310001373291016,2414
2018-04-18,43.08000183105469,43.08000183105469,42.849998474121094,42.82500076293945,42.82500076293945,383
2018-04-19,43.07500076293945,43.07500076293945,43.20500183105469,43.060001373291016,43.20500183105469,235
2018-04-20,42.665000915527344,42.665000915527344,42.92499923706055,42.92499923706055,42.92499923706055,1284
2018-04-23,42.8849983215332,42.8849983215332,42.95000076293945,42.95000076293945,42.95000076293945,1
2018-04-24,42.790000915527344,42.790000915527344,43.040000915527344,43.040000915527344,43.040000915527344,117
2018-04-25,42.185001373291016,42.185001373291016,42.31999969482422,42.31999969482422,42.31999969482422,400
2018-04-26,42.185001373291016,42.185001373291016,42.185001373291016,42.185001373291016,42.185001373291016,0
2018-04-27,43.29499816894531,43.29499816894531,43.32500076293945,43.32500076293945,43.32500076293945,400
2018-04-30,43.54999923706055,43.54999923706055,43.58000183105469,43.58000183105469,43.58000183105469,5
2018-05-02,43.290000915527344,43.290000915527344,43.35499954223633,43.23500061035156,43.35499954223633,3754
2018-05-03,42.3849983215332,42.3849983215332,43.11000061035156,43.040000915527344,43.11000061035156,200
2018-05-04,43.05500030517578,43.05500030517578,42.7400016784668,42.595001220703125,42.7400016784668,1576
2018-05-07,43.130001068115234,43.130001068115234,43.10499954223633,42.95000076293945,43.10499954223633,375
2018-05-08,43.26499938964844,43.26499938964844,43.29999923706055,43.29999923706055,43.29999923706055,10
2018-05-09,43.42499923706055,43.42499923706055,43.5099983215332,43.5099983215332,43.5099983215332,10
2018-05-10,44.349998474121094,44.349998474121094,43.88999938964844,43.849998474121094,43.88999938964844,689
2018-05-11,44.349998474121094,44.349998474121094,44.349998474121094,44.349998474121094,44.349998474121094,0
2018-05-14,44.15999984741211,44.15999984741211,44.15999984741211,44.15999984741211,44.15999984741211,2440
2018-05-15,43.529998779296875,43.529998779296875,43.880001068115234,43.435001373291016,43.810001373291016,30313
2018-05-16,44.290000915527344,44.290000915527344,44.310001373291016,44.310001373291016,44.310001373291016,86
2018-05-17,44.290000915527344,44.290000915527344,44.290000915527344,44.290000915527344,44.290000915527344,0
2018-05-18,44.290000915527344,44.290000915527344,44.290000915527344,44.290000915527344,44.290000915527344,0
2018-05-21,44.290000915527344,44.290000915527344,44.290000915527344,44.290000915527344,44.290000915527344,0
2018-05-22,44.290000915527344,44.290000915527344,44.290000915527344,44.290000915527344,44.290000915527344,0
2018-05-23,44.290000915527344,44.290000915527344,44.290000915527344,44.290000915527344,44.290000915527344,0
2018-05-24,43.529998779296875,43.529998779296875,43.82500076293945,43.54999923706055,43.82500076293945,2709
2018-05-25,44.244998931884766,44.244998931884766,44.08000183105469,43.95500183105469,43.95500183105469,6582
2018-05-28,44.33000183105469,44.33000183105469,44.439998626708984,44.345001220703125,44.345001220703125,515
2018-05-29,43.95500183105469,43.95500183105469,44.029998779296875,43.86000061035156,43.875,7834
2018-05-30,43.380001068115234,43.380001068115234,43.36000061035156,43.290000915527344,43.36000061035156,3832
2018-05-31,43.39500045776367,43.39500045776367,43.60499954223633,43.36000061035156,43.54999923706055,14926
2018-06-01,43.89500045776367,43.89500045776367,43.69499969482422,43.584999084472656,43.67499923706055,3937
2018-06-04,44.41999816894531,44.41999816894531,44.34000015258789,44.279998779296875,44.279998779296875,7780
2018-06-05,44.275001525878906,44.275001525878906,44.459999084472656,44.310001373291016,44.459999084472656,4915
2018-06-06,44.25,44.25,44.29999923706055,44.154998779296875,44.29999923706055,2572
2018-06-07,43.8650016784668,43.8650016784668,44.310001373291016,44.2599983215332,44.310001373291016,2600
2018-06-08,43.61000061035156,43.61000061035156,43.58000183105469,43.47999954223633,43.529998779296875,2368
2018-06-11,43.61000061035156,43.61000061035156,43.709999084472656,43.619998931884766,43.70000076293945,5841
2018-06-12,43.630001068115234,43.630001068115234,43.72999954223633,43.60499954223633,43.72999954223633,5095
2018-06-13,43.59000015258789,43.59000015258789,43.6150016784668,43.540000915527344,43.54999923706055,1986
2018-06-14,43.73500061035156,43.73500061035156,43.76499938964844,42.994998931884766,43.040000915527344,7322
2018-06-15,43.73500061035156,43.73500061035156,43.73500061035156,43.73500061035156,43.73500061035156,0
2018-06-18,42.56999969482422,42.56999969482422,42.88999938964844,42.834999084472656,42.834999084472656,414
2018-06-19,42.26499938964844,42.26499938964844,42.119998931884766,42.099998474121094,42.099998474121094,311
2018-06-20,42.59000015258789,42.59000015258789,42.77000045776367,42.529998779296875,42.68000030517578,15188
2018-06-21,41.900001525878906,41.900001525878906,42.380001068115234,41.89500045776367,42.380001068115234,7123
2018-06-22,42.11000061035156,42.11000061035156,42.185001373291016,42.185001373291016,42.185001373291016,213
2018-06-25,41.1150016784668,41.1150016784668,41.8650016784668,41.57500076293945,41.8650016784668,3251
2018-06-26,41.22999954223633,41.22999954223633,41.435001373291016,41.345001220703125,41.435001373291016,630
2018-06-27,41.06999969482422,41.06999969482422,41.349998474121094,40.83000183105469,41.040000915527344,18892
2018-06-28,40.790000915527344,40.790000915527344,40.82500076293945,40.709999084472656,40.82500076293945,1202
2018-06-29,41.47999954223633,41.47999954223633,41.54499816894531,41.529998779296875,41.529998779296875,233
2018-07-02,41.099998474121094,41.099998474121094,41.04999923706055,40.86000061035156,40.880001068115234,24110
2018-07-03,41.23500061035156,41.23500061035156,41.27000045776367,41.27000045776367,41.27000045776367,210
2018-07-04,40.95000076293945,40.95000076293945,40.994998931884766,40.935001373291016,40.935001373291016,741
2018-07-05,40.779998779296875,40.779998779296875,41.15999984741211,40.68000030517578,40.92499923706055,104682
2018-07-06,41.130001068115234,41.130001068115234,40.8849983215332,40.79999923706055,40.8849983215332,222
2018-07-09,41.755001068115234,41.755001068115234,41.650001525878906,41.650001525878906,41.650001525878906,102
2018-07-10,41.685001373291016,41.685001373291016,41.79999923706055,41.79999923706055,41.79999923706055,500
2018-07-11,41.20500183105469,41.20500183105469,41.185001373291016,41.165000915527344,41.165000915527344,615
2018-07-12,41.76499938964844,41.76499938964844,41.720001220703125,41.6349983215332,41.6349983215332,826
2018-07-13,41.88999938964844,41.88999938964844,42.0,41.79999923706055,42.0,1142
2018-07-16,41.44499969482422,41.44499969482422,41.744998931884766,41.494998931884766,41.71500015258789,2872
2018-07-17,41.76499938964844,41.76499938964844,41.3650016784668,41.345001220703125,41.345001220703125,2675
2018-07-18,41.79499816894531,41.79499816894531,41.93000030517578,41.69499969482422,41.81999969482422,6211
2018-07-19,41.56999969482422,41.56999969482422,41.6150016784668,41.40999984741211,41.59000015258789,14934
2018-07-20,41.900001525878906,41.900001525878906,41.92499923706055,41.650001525878906,41.75,11177
2018-07-23,41.61000061035156,41.61000061035156,41.709999084472656,41.560001373291016,41.65999984741211,1812
2018-07-24,42.35499954223633,42.35499954223633,42.36000061035156,42.084999084472656,42.084999084472656,8460
2018-07-25,42.56399917602539,42.56399917602539,42.52799987792969,42.35599899291992,42.35599899291992,3822
2018-07-26,42.70399856567383,42.70399856567383,42.625999450683594,42.47800064086914,42.49800109863281,2680
2018-07-27,42.88800048828125,42.88800048828125,42.95800018310547,42.81800079345703,42.81800079345703,2148
2018-07-30,42.492000579833984,42.492000579833984,42.63800048828125,42.54399871826172,42.59199905395508,889
2018-07-31,42.52799987792969,42.52799987792969,42.54800033569336,42.215999603271484,42.310001373291016,4817
2018-08-01,42.54399871826172,42.54399871826172,42.49599838256836,42.33399963378906,42.49599838256836,12410
2018-08-02,41.89799880981445,41.89799880981445,41.88600158691406,41.68000030517578,41.88600158691406,9016
2018-08-03,42.49800109863281,42.49800109863281,42.52799987792969,42.150001525878906,42.150001525878906,3704
2018-08-06,42.231998443603516,42.231998443603516,42.42599868774414,42.257999420166016,42.37799835205078,8198
2018-08-07,42.72200012207031,42.72200012207031,42.76599884033203,42.5359992980957,42.5359992980957,1705
2018-08-08,42.45199966430664,42.45199966430664,42.64400100708008,42.448001861572266,42.53200149536133,2071
2018-08-09,42.63600158691406,42.63600158691406,42.65800094604492,42.487998962402344,42.487998962402344,1759
2018-08-10,42.19599914550781,42.19599914550781,42.39400100708008,42.01599884033203,42.39400100708008,7890
2018-08-13,41.59400177001953,41.59400177001953,41.56800079345703,41.5620002746582,41.5620002746582,234
2018-08-14,41.805999755859375,41.805999755859375,41.83000183105469,41.71200180053711,41.73400115966797,1260
2018-08-16,41.172000885009766,41.172000885009766,41.02399826049805,40.91999816894531,40.922000885009766,250
2018-08-17,40.715999603271484,40.715999603271484,41.02799987792969,40.58399963378906,41.02799987792969,5739
2018-08-20,41.189998626708984,41.189998626708984,41.45600128173828,41.13800048828125,41.29800033569336,4794
2018-08-21,41.4640007019043,41.4640007019043,41.444000244140625,41.37200164794922,41.374000549316406,1234
2018-08-22,41.4640007019043,41.4640007019043,41.4640007019043,41.4640007019043,41.4640007019043,0
2018-08-23,41.20600128173828,41.20600128173828,41.56999969482422,41.51599884033203,41.56999969482422,153
2018-08-24,41.507999420166016,41.507999420166016,41.49399948120117,41.29199981689453,41.29199981689453,1247
2018-08-27,42.141998291015625,42.141998291015625,42.19599914550781,41.81800079345703,41.81800079345703,12817
2018-08-28,41.81999969482422,41.81999969482422,42.029998779296875,41.900001525878906,41.986000061035156,13814
2018-08-29,41.91999816894531,41.91999816894531,41.9119987487793,41.67399978637695,41.81399917602539,41714
2018-08-30,41.19599914550781,41.19599914550781,42.0,41.56999969482422,42.0,7039
2018-08-31,41.198001861572266,41.198001861572266,41.0260009765625,40.965999603271484,41.02000045776367,3800
2018-09-03,41.189998626708984,41.189998626708984,41.375999450683594,41.125999450683594,41.374000549316406,12318
2018-09-04,40.847999572753906,40.847999572753906,41.290000915527344,40.79600143432617,41.290000915527344,12587
2018-09-05,39.9379997253418,39.9379997253418,40.5099983215332,39.987998962402344,40.5099983215332,15188
2018-09-06,39.891998291015625,39.891998291015625,40.08399963378906,40.04800033569336,40.08000183105469,283
2018-09-07,40.20399856567383,40.20399856567383,40.24800109863281,39.94599914550781,39.959999084472656,2708
2018-09-10,39.604000091552734,39.604000091552734,40.0260009765625,39.58599853515625,39.90599822998047,2125
2018-09-11,39.42399978637695,39.42399978637695,39.4379997253418,39.11800003051758,39.43000030517578,13460
2018-09-12,39.80799865722656,39.80799865722656,39.875999450683594,39.400001525878906,39.42399978637695,23575
2018-09-13,39.96200180053711,39.96200180053711,40.152000427246094,39.944000244140625,40.06399917602539,11150
2018-09-14,40.33000183105469,40.33000183105469,40.33599853515625,40.20800018310547,40.21799850463867,6502
2018-09-17,39.762001037597656,39.762001037597656,39.89400100708008,39.66400146484375,39.89400100708008,1131
2018-09-18,40.08399963378906,40.08399963378906,40.03799819946289,39.72999954223633,39.849998474121094,23756
2018-09-19,40.582000732421875,40.582000732421875,40.36600112915039,40.2140007019043,40.2140007019043,884
2018-09-20,40.61000061035156,40.61000061035156,40.672000885009766,40.551998138427734,40.599998474121094,3637
2018-09-21,41.0099983215332,41.0099983215332,40.95000076293945,40.84199905395508,40.9119987487793,5390
2018-09-24,40.45600128173828,40.45600128173828,40.50600051879883,40.310001373291016,40.50600051879883,1641
2018-09-25,40.58000183105469,40.58000183105469,40.555999755859375,40.36800003051758,40.41600036621094,2913
2018-09-26,40.99399948120117,40.99399948120117,41.01599884033203,40.70000076293945,40.70000076293945,1850
2018-09-27,41.3380012512207,41.3380012512207,41.215999603271484,40.91400146484375,40.91999816894531,5140
2018-09-28,41.332000732421875,41.332000732421875,41.301998138427734,41.2859992980957,41.301998138427734,3003
2018-10-01,41.49399948120117,41.49399948120117,41.4739990234375,41.43000030517578,41.45000076293945,838
2018-10-02,40.970001220703125,40.970001220703125,40.987998962402344,40.64400100708008,40.801998138427734,16738
2018-10-03,41.124000549316406,41.124000549316406,40.96799850463867,40.96799850463867,40.96799850463867,170
2018-10-04,39.880001068115234,39.880001068115234,40.22600173950195,40.20199966430664,40.20199966430664,349
2018-10-05,39.507999420166016,39.507999420166016,39.88399887084961,39.61399841308594,39.88399887084961,760
2018-10-08,39.56800079345703,39.56800079345703,39.65800094604492,39.428001403808594,39.45600128173828,3963
2018-10-09,39.683998107910156,39.683998107910156,39.715999603271484,39.40999984741211,39.7140007019043,12798
2018-10-10,38.698001861572266,38.698001861572266,39.54199981689453,38.667999267578125,39.50600051879883,7589
2018-10-11,37.90999984741211,37.90999984741211,38.17399978637695,37.47999954223633,37.917999267578125,5732
2018-10-12,38.827999114990234,38.827999114990234,38.608001708984375,38.50199890136719,38.57400131225586,3140
2018-10-15,38.597999572753906,38.597999572753906,38.487998962402344,38.2239990234375,38.358001708984375,2972
2018-10-16,39.141998291015625,39.141998291015625,39.13399887084961,38.52799987792969,38.52799987792969,5083
2018-10-17,39.097999572753906,39.097999572753906,39.369998931884766,39.125999450683594,39.34199905395508,5268
2018-10-18,38.4379997253418,38.4379997253418,38.805999755859375,38.52399826049805,38.763999938964844,5503
2018-10-19,38.63199996948242,38.63199996948242,38.93600082397461,38.75199890136719,38.917999267578125,15790
2018-10-22,38.9900016784668,38.9900016784668,39.141998291015625,38.895999908447266,38.9640007019043,3708
2018-10-23,38.145999908447266,38.145999908447266,38.37200164794922,38.0,38.30799865722656,2888
2018-10-24,38.09199905395508,38.09199905395508,38.70000076293945,38.262001037597656,38.262001037597656,5334
2018-10-25,38.422000885009766,38.422000885009766,37.97800064086914,37.91999816894531,37.94200134277344,2551
2018-10-26,37.678001403808594,37.678001403808594,37.737998962402344,37.40399932861328,37.737998962402344,2861
2018-10-29,37.645999908447266,37.645999908447266,38.316001892089844,37.689998626708984,37.91999816894531,1850
2018-10-30,37.80799865722656,37.80799865722656,37.75400161743164,37.4119987487793,37.49599838256836,6768
2018-10-31,38.560001373291016,38.560001373291016,38.63999938964844,38.349998474121094,38.349998474121094,1463
2018-11-01,39.417999267578125,39.417999267578125,39.43600082397461,38.965999603271484,39.018001556396484,2400
2018-11-02,40.02000045776367,40.02000045776367,40.507999420166016,39.97200012207031,40.30799865722656,2471
2018-11-05,39.88600158691406,39.88600158691406,39.9379997253418,39.85599899291992,39.90399932861328,3233
2018-11-06,39.8120002746582,39.8120002746582,39.94200134277344,39.57400131225586,39.67599868774414,13272
2018-11-07,40.16999816894531,40.16999816894531,40.25600051879883,40.09400177001953,40.1879997253418,767
2018-11-08,39.99399948120117,39.99399948120117,40.24800109863281,39.99800109863281,40.220001220703125,9771
2018-11-09,39.099998474121094,39.099998474121094,39.45199966430664,39.04399871826172,39.354000091552734,9175
2018-11-12,38.84600067138672,38.84600067138672,39.5,38.869998931884766,39.5,8402
2018-11-13,39.50199890136719,39.50199890136719,39.64400100708008,39.32600021362305,39.5880012512207,5185
2018-11-14,39.28200149536133,39.28200149536133,39.316001892089844,38.895999908447266,39.060001373291016,8069
2018-11-15,39.88399887084961,39.88399887084961,39.810001373291016,39.68600082397461,39.757999420166016,2665
2018-11-16,39.709999084472656,39.709999084472656,39.79600143432617,39.63999938964844,39.736000061035156,1197
2018-11-19,39.459999084472656,39.459999084472656,39.84000015258789,39.374000549316406,39.7859992980957,4422
2018-11-20,38.89799880981445,38.89799880981445,39.08000183105469,38.736000061035156,39.071998596191406,10934
2018-11-21,39.60599899291992,39.60599899291992,39.60200119018555,39.19200134277344,39.236000061035156,2516
2018-11-22,39.172000885009766,39.172000885009766,39.29999923706055,39.15599822998047,39.25600051879883,8116
2018-11-23,39.29800033569336,39.29800033569336,39.29800033569336,39.08599853515625,39.099998474121094,1345
2018-11-26,39.72200012207031,39.72200012207031,39.790000915527344,39.56399917602539,39.64799880981445,25136
2018-11-27,39.95000076293945,39.95000076293945,39.91600036621094,39.52199935913086,39.650001525878906,4662
2018-11-28,40.21799850463867,40.21799850463867,40.30799865722656,40.20199966430664,40.237998962402344,1000
2018-11-29,40.417999267578125,40.417999267578125,40.439998626708984,40.198001861572266,40.31399917602539,2805
2018-11-30,40.321998596191406,40.321998596191406,40.358001708984375,40.08000183105469,40.11800003051758,6891
2018-12-03,41.183998107910156,41.183998107910156,41.481998443603516,41.13600158691406,41.45199966430664,12537
2018-12-04,41.097999572753906,41.097999572753906,41.15399932861328,41.082000732421875,41.08599853515625,724
2018-12-05,40.529998779296875,40.529998779296875,41.09000015258789,40.52000045776367,41.09000015258789,3319
2018-12-06,38.9900016784668,38.9900016784668,39.74599838256836,39.0359992980957,39.74599838256836,2135
2018-12-07,39.54999923706055,39.54999923706055,39.77000045776367,39.63199996948242,39.75199890136719,446
2018-12-10,38.417999267578125,38.417999267578125,39.0,38.694000244140625,38.97600173950195,8686
2018-12-11,39.21799850463867,39.21799850463867,39.44200134277344,39.04399871826172,39.06800079345703,5062
2018-12-12,39.944000244140625,39.944000244140625,39.91400146484375,39.540000915527344,39.60599899291992,20496
2018-12-13,39.82400131225586,39.82400131225586,40.04399871826172,39.689998626708984,39.854000091552734,19379
2018-12-14,39.63999938964844,39.63999938964844,39.62200164794922,39.42599868774414,39.428001403808594,5350
2018-12-17,39.332000732421875,39.332000732421875,39.47800064086914,39.13800048828125,39.47800064086914,1885
2018-12-18,39.02799987792969,39.02799987792969,39.097999572753906,38.91400146484375,38.91400146484375,947
2018-12-19,39.07600021362305,39.07600021362305,39.16600036621094,39.012001037597656,39.034000396728516,6554
2018-12-20,38.512001037597656,38.512001037597656,38.64400100708008,38.35200119018555,38.44599914550781,16940
2018-12-21,38.66400146484375,38.66400146484375,38.86600112915039,38.374000549316406,38.391998291015625,25336
2018-12-27,38.29800033569336,38.29800033569336,38.3120002746582,38.055999755859375,38.27000045776367,14397
2018-12-28,38.76599884033203,38.76599884033203,38.849998474121094,38.672000885009766,38.74800109863281,1570
2019-01-02,39.03200149536133,39.03200149536133,39.097999572753906,37.874000549316406,39.0,1675
2019-01-03,38.27199935913086,38.27199935913086,38.5,38.31800079345703,38.42399978637695,3406
2019-01-04,39.316001892089844,39.316001892089844,39.257999420166016,38.779998779296875,38.854000091552734,1760
2019-01-07,39.17399978637695,39.17399978637695,39.39799880981445,39.17399978637695,39.39799880981445,3864
2019-01-08,39.32600021362305,39.32600021362305,39.358001708984375,39.16400146484375,39.16400146484375,2233
2019-01-09,39.90599822998047,39.90599822998047,39.97999954223633,39.7140007019043,39.72200012207031,83269
2019-01-10,40.04600143432617,40.04600143432617,39.94599914550781,39.61800003051758,39.68000030517578,3717
2019-01-11,40.20399856567383,40.20399856567383,40.16600036621094,40.04999923706055,40.16600036621094,1289
2019-01-14,39.86800003051758,39.86800003051758,39.959999084472656,39.75600051879883,39.762001037597656,8044
2019-01-15,40.52799987792969,40.52799987792969,40.43600082397461,40.2760009765625,40.43600082397461,5591
2019-01-16,40.95199966430664,40.95199966430664,40.944000244140625,40.68199920654297,40.698001861572266,1802
2019-01-17,40.875999450683594,40.875999450683594,40.86800003051758,40.59600067138672,40.70800018310547,1898
2019-01-18,41.512001037597656,41.512001037597656,41.49800109863281,41.0,41.060001373291016,15586
2019-01-21,41.24399948120117,41.24399948120117,41.24800109863281,41.14799880981445,41.189998626708984,1992
2019-01-22,40.94599914550781,40.94599914550781,41.00199890136719,40.88999938964844,40.981998443603516,10466
2019-01-23,40.90999984741211,40.90999984741211,41.0620002746582,40.933998107910156,41.05400085449219,750
2019-01-24,41.50199890136719,41.50199890136719,41.486000061035156,41.04199981689453,41.09400177001953,28362
2019-01-25,41.90599822998047,41.90599822998047,42.05799865722656,41.91400146484375,41.965999603271484,2811
2019-01-28,41.3120002746582,41.3120002746582,41.59400177001953,41.2859992980957,41.56800079345703,971
2019-01-29,41.49399948120117,41.49399948120117,41.59400177001953,41.39799880981445,41.39799880981445,1536
2019-01-30,41.71200180053711,41.71200180053711,41.81399917602539,41.645999908447266,41.70800018310547,1806
2019-01-31,42.4640007019043,42.4640007019043,42.41600036621094,42.19200134277344,42.20199966430664,7439
2019-02-01,42.24599838256836,42.24599838256836,42.369998931884766,42.21799850463867,42.358001708984375,5208
2019-02-04,42.5620002746582,42.5620002746582,42.577999114990234,42.183998107910156,42.262001037597656,32374
2019-02-05,42.9739990234375,42.9739990234375,42.9900016784668,42.597999572753906,42.597999572753906,1328
2019-02-06,42.80400085449219,42.80400085449219,43.119998931884766,42.95199966430664,43.108001708984375,1793
2019-02-07,42.178001403808594,42.178001403808594,42.63600158691406,42.40800094604492,42.597999572753906,2407
2019-02-08,41.981998443603516,41.981998443603516,42.29800033569336,41.986000061035156,42.2400016784668,1364
2019-02-11,42.33399963378906,42.33399963378906,42.507999420166016,42.24399948120117,42.507999420166016,41563
2019-02-12,42.560001373291016,42.560001373291016,42.63800048828125,42.47200012207031,42.47200012207031,4642
2019-02-13,42.37200164794922,42.37200164794922,42.66600036621094,42.391998291015625,42.5,27790
2019-02-14,42.119998931884766,42.119998931884766,42.49800109863281,42.0099983215332,42.49800109863281,4744
2019-02-15,42.369998931884766,42.369998931884766,42.36399841308594,41.89400100708008,41.89400100708008,7834
2019-02-18,42.32600021362305,42.32600021362305,42.40800094604492,42.25,42.40800094604492,4419
2019-02-19,42.32600021362305,42.32600021362305,42.36399841308594,42.013999938964844,42.2239990234375,9906
2019-02-20,42.83399963378906,42.83399963378906,42.87200164794922,42.50400161743164,42.60599899291992,3110
2019-02-21,42.459999084472656,42.459999084472656,42.8380012512207,42.41400146484375,42.78799819946289,11560
2019-02-22,43.15800094604492,43.15800094604492,43.150001525878906,42.91999816894531,42.92599868774414,4217
2019-02-25,43.61399841308594,43.61399841308594,43.534000396728516,43.321998596191406,43.332000732421875,3639
2019-02-26,43.301998138427734,43.301998138427734,43.290000915527344,43.13999938964844,43.18199920654297,4994
2019-02-27,42.869998931884766,42.869998931884766,42.90999984741211,42.790000915527344,42.90999984741211,818
2019-02-28,42.41600036621094,42.41600036621094,42.66400146484375,42.36600112915039,42.529998779296875,32676
2019-03-01,42.428001403808594,42.428001403808594,42.784000396728516,42.41400146484375,42.784000396728516,4138
2019-03-04,42.59199905395508,42.59199905395508,42.84600067138672,42.66400146484375,42.78200149536133,1994
2019-03-05,43.19200134277344,43.19200134277344,43.20800018310547,42.875999450683594,42.93000030517578,4695
2019-03-06,43.108001708984375,43.108001708984375,43.236000061035156,43.0620002746582,43.082000732421875,4222
2019-03-07,42.64400100708008,42.64400100708008,42.99599838256836,42.608001708984375,42.71200180053711,3707
2019-03-08,42.13199996948242,42.13199996948242,42.3120002746582,41.93000030517578,42.3120002746582,14712
2019-03-11,42.875999450683594,42.875999450683594,42.895999908447266,42.512001037597656,42.58399963378906,3343
2019-03-12,43.013999938964844,43.013999938964844,43.11399841308594,42.97800064086914,43.11399841308594,1339
2019-03-13,42.8380012512207,42.8380012512207,42.9640007019043,42.89400100708008,42.89400100708008,3834
2019-03-14,42.66999816894531,42.66999816894531,42.854000091552734,42.64400100708008,42.854000091552734,1677
2019-03-15,43.22800064086914,43.22800064086914,43.150001525878906,43.0359992980957,43.077999114990234,4603
2019-03-18,43.53200149536133,43.53200149536133,43.53200149536133,43.395999908447266,43.395999908447266,1105
2019-03-19,43.737998962402344,43.737998962402344,43.75,43.62200164794922,43.630001068115234,1133
2019-03-20,43.31800079345703,43.31800079345703,43.54800033569336,43.4119987487793,43.52000045776367,1455
2019-03-21,43.40399932861328,43.40399932861328,43.46200180053711,43.305999755859375,43.3120002746582,7790
2019-03-22,42.82600021362305,42.82600021362305,43.402000427246094,42.790000915527344,43.36800003051758,6461
2019-03-25,42.805999755859375,42.805999755859375,42.68600082397461,42.486000061035156,42.582000732421875,5327
2019-03-26,42.91600036621094,42.91600036621094,43.0260009765625,42.78200149536133,42.78200149536133,1597
2019-03-27,42.71799850463867,42.71799850463867,42.97800064086914,42.54199981689453,42.97800064086914,5177
2019-03-28,42.83399963378906,42.83399963378906,42.9119987487793,42.73400115966797,42.768001556396484,3821
2019-03-29,43.465999603271484,43.465999603271484,43.459999084472656,43.30400085449219,43.30799865722656,3115
2019-04-01,44.145999908447266,44.145999908447266,44.051998138427734,43.88600158691406,43.9119987487793,6129
2019-04-02,44.141998291015625,44.141998291015625,44.34000015258789,44.279998779296875,44.279998779296875,1204
2019-04-03,44.555999755859375,44.555999755859375,44.52199935913086,44.391998291015625,44.400001525878906,5220
2019-04-04,44.551998138427734,44.551998138427734,44.560001373291016,44.321998596191406,44.321998596191406,1149
2019-04-05,44.9640007019043,44.9640007019043,44.9739990234375,44.68000030517578,44.7400016784668,1724
2019-04-08,44.672000885009766,44.672000885009766,44.650001525878906,44.54999923706055,44.650001525878906,2551
2019-04-09,44.66999816894531,44.66999816894531,44.948001861572266,44.652000427246094,44.948001861572266,55605
2019-04-10,44.939998626708984,44.939998626708984,44.95000076293945,44.92399978637695,44.95000076293945,371
2019-04-11,44.45000076293945,44.45000076293945,44.63800048828125,44.45800018310547,44.608001708984375,24699
2019-04-12,44.624000549316406,44.624000549316406,44.72999954223633,44.465999603271484,44.46799850463867,5374
2019-04-15,44.354000091552734,44.354000091552734,44.597999572753906,44.400001525878906,44.555999755859375,1044
2019-04-16,44.74800109863281,44.74800109863281,44.689998626708984,44.630001068115234,44.64799880981445,6101
2019-04-17,44.83000183105469,44.83000183105469,45.0,44.84199905395508,44.9379997253418,7741
2019-04-18,44.987998962402344,44.987998962402344,45.00400161743164,44.630001068115234,44.63199996948242,5744
2019-04-23,44.948001861572266,44.948001861572266,44.95199966430664,44.5880012512207,44.71200180053711,7178
2019-04-24,44.58399963378906,44.58399963378906,44.922000885009766,44.50400161743164,44.86199951171875,2377
2019-04-25,44.53799819946289,44.53799819946289,44.47800064086914,44.31999969482422,44.39400100708008,5590
2019-04-26,44.78799819946289,44.78799819946289,44.742000579833984,44.46200180053711,44.540000915527344,4589
2019-04-29,44.74800109863281,44.74800109863281,44.891998291015625,44.88999938964844,44.891998291015625,554
2019-04-30,44.40800094604492,44.40800094604492,44.52000045776367,44.40599822998047,44.40999984741211,1709
2019-05-02,44.321998596191406,44.321998596191406,44.577999114990234,44.47600173950195,44.56999969482422,1960
2019-05-03,44.93199920654297,44.93199920654297,44.95000076293945,44.630001068115234,44.630001068115234,861
2019-05-06,43.94599914550781,43.94599914550781,43.89799880981445,43.597999572753906,43.604000091552734,1242
2019-05-07,43.262001037597656,43.262001037597656,43.81800079345703,43.63399887084961,43.80799865722656,1375
2019-05-08,43.25199890136719,43.25199890136719,43.4379997253418,43.0260009765625,43.38199996948242,15468
2019-05-09,41.64400100708008,41.64400100708008,42.48400115966797,41.7760009765625,42.46799850463867,16505
2019-05-10,41.91999816894531,41.91999816894531,42.64400100708008,41.858001708984375,42.60200119018555,7578
2019-05-13,40.97999954223633,40.97999954223633,41.81399917602539,40.88199996948242,41.81399917602539,9130
2019-05-14,41.69200134277344,41.69200134277344,41.68000030517578,41.422000885009766,41.422000885009766,3949
2019-05-15,41.74800109863281,41.74800109863281,41.82600021362305,41.507999420166016,41.82600021362305,1853
2019-05-16,42.02000045776367,42.02000045776367,41.902000427246094,41.762001037597656,41.869998931884766,1759
2019-05-17,41.220001220703125,41.220001220703125,41.2400016784668,41.055999755859375,41.2239990234375,4986
2019-05-20,40.83599853515625,40.83599853515625,41.11399841308594,40.720001220703125,41.11399841308594,4442
2019-05-21,41.20800018310547,41.20800018310547,41.20199966430664,41.08599853515625,41.20199966430664,799
2019-05-22,41.27399826049805,41.27399826049805,41.35599899291992,41.15800094604492,41.25600051879883,2709
2019-05-23,40.70199966430664,40.70199966430664,40.858001708984375,40.59400177001953,40.82600021362305,5661
2019-05-24,40.46200180053711,40.46200180053711,40.801998138427734,40.43600082397461,40.7239990234375,3958
2019-05-27,40.68199920654297,40.68199920654297,40.71200180053711,40.58399963378906,40.71200180053711,1730
2019-05-28,40.78200149536133,40.78200149536133,40.939998626708984,40.625999450683594,40.80799865722656,3887
2019-05-29,40.79199981689453,40.79199981689453,40.83000183105469,40.5260009765625,40.55400085449219,1459
2019-05-30,41.40399932861328,41.40399932861328,41.45399856567383,41.17599868774414,41.209999084472656,1767
2019-05-31,41.46799850463867,41.46799850463867,41.327999114990234,40.88800048828125,40.88800048828125,566
2019-06-03,41.70199966430664,41.70199966430664,41.736000061035156,41.555999755859375,41.63199996948242,6746
2019-06-04,41.38399887084961,41.38399887084961,41.24800109863281,41.04399871826172,41.04399871826172,1986
2019-06-05,41.12799835205078,41.12799835205078,41.52799987792969,41.071998596191406,41.27799987792969,1024
2019-06-06,40.992000579833984,40.992000579833984,41.25400161743164,41.183998107910156,41.183998107910156,7677
2019-06-07,41.28799819946289,41.28799819946289,41.327999114990234,41.099998474121094,41.1619987487793,2794
2019-06-10,41.76599884033203,41.76599884033203,41.77799987792969,41.57600021362305,41.70000076293945,3360
2019-06-11,42.16400146484375,42.16400146484375,42.2400016784668,42.02799987792969,42.060001373291016,1912
2019-06-12,41.757999420166016,41.757999420166016,41.83000183105469,41.757999420166016,41.7760009765625,8271
2019-06-13,41.79199981689453,41.79199981689453,41.992000579833984,41.650001525878906,41.650001525878906,17498
2019-06-14,41.7140007019043,41.7140007019043,41.66999816894531,41.63800048828125,41.63800048828125,588
2019-06-17,41.70000076293945,41.70000076293945,41.66600036621094,41.5260009765625,41.6619987487793,3266
2019-06-18,42.790000915527344,42.790000915527344,42.68600082397461,41.79999923706055,41.79999923706055,1225
2019-06-19,42.779998779296875,42.779998779296875,42.93600082397461,42.77000045776367,42.93199920654297,1685
2019-06-20,43.47999954223633,43.47999954223633,43.582000732421875,43.263999938964844,43.263999938964844,9572
2019-06-21,43.22600173950195,43.22600173950195,43.150001525878906,43.09199905395508,43.150001525878906,2056
2019-06-24,42.922000885009766,42.922000885009766,42.93000030517578,42.86800003051758,42.93000030517578,761
2019-06-25,42.698001861572266,42.698001861572266,42.74800109863281,42.683998107910156,42.72999954223633,698
2019-06-26,42.944000244140625,42.944000244140625,42.93199920654297,42.64799880981445,42.64799880981445,1143
2019-06-27,43.108001708984375,43.108001708984375,43.18600082397461,43.06800079345703,43.06800079345703,714
2019-06-28,43.071998596191406,43.071998596191406,43.18199920654297,43.06399917602539,43.152000427246094,3620
2019-07-01,43.88800048828125,43.88800048828125,44.0880012512207,43.875999450683594,43.91400146484375,41898
2019-07-02,43.9119987487793,43.9119987487793,43.93000030517578,43.81399917602539,43.93000030517578,3650
2019-07-03,43.74800109863281,43.74800109863281,43.768001556396484,43.61600112915039,43.64799880981445,3622
2019-07-04,44.03799819946289,44.03799819946289,43.9900016784668,43.84199905395508,43.869998931884766,454
2019-07-05,43.81999969482422,43.81999969482422,43.91400146484375,43.66600036621094,43.91400146484375,12241
2019-07-08,43.56399917602539,43.56399917602539,43.56399917602539,43.332000732421875,43.43600082397461,4767
2019-07-09,43.444000244140625,43.444000244140625,43.444000244140625,43.231998443603516,43.2859992980957,10452
2019-07-10,43.641998291015625,43.641998291015625,43.650001525878906,43.4379997253418,43.465999603271484,2520
2019-07-11,43.55799865722656,43.55799865722656,43.86800003051758,43.61000061035156,43.80400085449219,5997
2019-07-12,43.49800109863281,43.49800109863281,43.641998291015625,43.52199935913086,43.63600158691406,5940
2019-07-15,43.81399917602539,43.81399917602539,43.77000045776367,43.650001525878906,43.650001525878906,3020
2019-07-16,44.04600143432617,44.04600143432617,44.04999923706055,43.928001403808594,43.928001403808594,30267
2019-07-17,43.79399871826172,43.79399871826172,43.922000885009766,43.79399871826172,43.922000885009766,8472
2019-07-18,43.7239990234375,43.7239990234375,43.79199981689453,43.57400131225586,43.59600067138672,8062
2019-07-19,43.97800064086914,43.97800064086914,44.06999969482422,43.981998443603516,44.04800033569336,25665
2019-07-22,43.847999572753906,43.847999572753906,43.900001525878906,43.68600082397461,43.742000579833984,3995
2019-07-23,44.02000045776367,44.02000045776367,44.051998138427734,43.93199920654297,43.987998962402344,6675
2019-07-24,44.14400100708008,44.14400100708008,44.16600036621094,44.04800033569336,44.10200119018555,4252
2019-07-25,43.86399841308594,43.86399841308594,44.41999816894531,44.18199920654297,44.1879997253418,3185
2019-07-26,43.91600036621094,43.91600036621094,44.013999938964844,43.87799835205078,43.95000076293945,4119
2019-07-29,43.71200180053711,43.71200180053711,43.79600143432617,43.69599914550781,43.69599914550781,1656
2019-07-30,43.42599868774414,43.42599868774414,43.79199981689453,43.369998931884766,43.763999938964844,39876
2019-07-31,43.42599868774414,43.42599868774414,43.44599914550781,43.32600021362305,43.32600021362305,5838
2019-08-01,43.55799865722656,43.55799865722656,43.555999755859375,43.380001068115234,43.439998626708984,14221
2019-08-02,41.75400161743164,41.75400161743164,42.39400100708008,41.72999954223633,42.39400100708008,4242
2019-08-05,40.19599914550781,40.19599914550781,41.082000732421875,40.15399932861328,41.082000732421875,6208
2019-08-06,40.36000061035156,40.36000061035156,40.73400115966797,40.3380012512207,40.42599868774414,6339
2019-08-07,40.18600082397461,40.18600082397461,40.790000915527344,40.0,40.59400177001953,8797
2019-08-08,40.99800109863281,40.99800109863281,41.0260009765625,40.821998596191406,40.87200164794922,4984
2019-08-09,40.62200164794922,40.62200164794922,41.11399841308594,40.7760009765625,41.11000061035156,32266
2019-08-12,40.268001556396484,40.268001556396484,41.10200119018555,40.209999084472656,41.04999923706055,13784
2019-08-13,40.917999267578125,40.917999267578125,41.018001556396484,40.02199935913086,40.24800109863281,2553
2019-08-14,40.12799835205078,40.12799835205078,40.58599853515625,40.066001892089844,40.58599853515625,11311
2019-08-16,40.948001861572266,40.948001861572266,40.965999603271484,40.757999420166016,40.77799987792969,7876
2019-08-19,41.231998443603516,41.231998443603516,41.487998962402344,41.27799987792969,41.487998962402344,3474
2019-08-20,41.29800033569336,41.29800033569336,41.49599838256836,41.279998779296875,41.459999084472656,14306
2019-08-21,41.48400115966797,41.48400115966797,41.56399917602539,41.52199935913086,41.56399917602539,591
2019-08-22,41.06399917602539,41.06399917602539,41.402000427246094,41.19200134277344,41.3380012512207,5838
2019-08-23,40.534000396728516,40.534000396728516,41.49599838256836,40.54600143432617,41.433998107910156,7103
2019-08-26,40.60599899291992,40.60599899291992,40.6619987487793,40.35599899291992,40.36000061035156,3799
2019-08-27,40.77000045776367,40.77000045776367,40.93000030517578,40.45199966430664,40.529998779296875,24583
2019-08-28,40.83599853515625,40.83599853515625,40.75400161743164,40.624000549316406,40.698001861572266,825
2019-08-29,41.28200149536133,41.28200149536133,41.2760009765625,40.86600112915039,40.86600112915039,54468
2019-08-30,41.72999954223633,41.72999954223633,41.790000915527344,41.709999084472656,41.715999603271484,37938
2019-09-02,41.86199951171875,41.86199951171875,42.029998779296875,41.869998931884766,41.869998931884766,783
2019-09-03,41.70800018310547,41.70800018310547,41.784000396728516,41.599998474121094,41.67599868774414,16327
2019-09-04,42.209999084472656,42.209999084472656,42.27399826049805,42.02000045776367,42.242000579833984,3238
2019-09-05,42.652000427246094,42.652000427246094,42.68000030517578,42.45800018310547,42.53799819946289,1758
2019-09-06,42.891998291015625,42.891998291015625,42.94200134277344,42.816001892089844,42.827999114990234,11925
2019-09-09,42.992000579833984,42.992000579833984,43.03799819946289,42.965999603271484,42.9900016784668,19913
2019-09-10,42.805999755859375,42.805999755859375,42.87799835205078,42.847999572753906,42.87799835205078,343
2019-09-11,43.40999984741211,43.40999984741211,43.30799865722656,43.13199996948242,43.13199996948242,517
2019-09-12,43.61800003051758,43.61800003051758,43.90800094604492,43.38999938964844,43.540000915527344,1834
2019-09-13,43.73400115966797,43.73400115966797,43.72200012207031,43.63199996948242,43.63199996948242,823
2019-09-16,43.86600112915039,43.86600112915039,43.790000915527344,43.284000396728516,43.28799819946289,1642
2019-09-17,43.321998596191406,43.321998596191406,43.32600021362305,43.145999908447266,43.32600021362305,1250
2019-09-18,43.24399948120117,43.24399948120117,43.428001403808594,43.3380012512207,43.3380012512207,603
2019-09-19,43.347999572753906,43.347999572753906,43.36600112915039,43.09199905395508,43.11600112915039,3165
2019-09-20,43.540000915527344,43.540000915527344,43.59400177001953,43.28200149536133,43.34000015258789,3380
2019-09-23,43.39400100708008,43.39400100708008,43.4640007019043,43.27399826049805,43.4640007019043,3464
2019-09-24,43.05400085449219,43.05400085449219,43.433998107910156,43.05400085449219,43.391998291015625,23810
2019-09-25,42.98400115966797,42.98400115966797,42.731998443603516,42.59400177001953,42.72600173950195,1490
2019-09-26,43.082000732421875,43.082000732421875,43.26599884033203,43.02000045776367,43.231998443603516,958
2019-09-27,43.194000244140625,43.194000244140625,43.209999084472656,43.108001708984375,43.14799880981445,3064
2019-09-30,43.150001525878906,43.150001525878906,43.1619987487793,42.9739990234375,42.9739990234375,3762
2019-10-01,42.720001220703125,42.720001220703125,43.242000579833984,42.645999908447266,43.242000579833984,2835
2019-10-02,42.145999908447266,42.145999908447266,42.57600021362305,42.18199920654297,42.57600021362305,1869
2019-10-03,42.4119987487793,42.4119987487793,42.4379997253418,42.05400085449219,42.34600067138672,3005
2019-10-04,42.61399841308594,42.61399841308594,42.46799850463867,42.310001373291016,42.43199920654297,692
2019-10-07,42.4900016784668,42.4900016784668,42.625999450683594,42.5,42.625999450683594,8044
2019-10-08,42.3380012512207,42.3380012512207,42.75400161743164,42.25600051879883,42.7239990234375,2378
2019-10-09,42.39400100708008,42.39400100708008,42.604000091552734,42.26599884033203,42.268001556396484,4661
2019-10-10,42.86399841308594,42.86399841308594,42.895999908447266,42.29399871826172,42.422000885009766,1490
2019-10-11,43.52199935913086,43.52199935913086,43.459999084472656,43.22800064086914,43.24800109863281,1103
2019-10-14,43.2760009765625,43.2760009765625,43.38999938964844,43.22999954223633,43.38999938964844,4474
2019-10-15,43.52799987792969,43.52799987792969,43.465999603271484,43.38800048828125,43.41600036621094,14139
2019-10-16,43.4900016784668,43.4900016784668,43.459999084472656,43.402000427246094,43.402000427246094,684
2019-10-17,43.560001373291016,43.560001373291016,43.70000076293945,43.60200119018555,43.625999450683594,588
2019-10-18,43.31800079345703,43.31800079345703,43.347999572753906,43.332000732421875,43.33599853515625,2485
2019-10-21,43.347999572753906,43.347999572753906,43.37200164794922,43.24399948120117,43.290000915527344,11835
2019-10-22,43.672000885009766,43.672000885009766,43.60599899291992,43.470001220703125,43.470001220703125,4259
2019-10-23,43.60200119018555,43.60200119018555,43.62200164794922,43.37799835205078,43.470001220703125,11592
2019-10-24,43.95199966430664,43.95199966430664,43.84400177001953,43.694000244140625,43.72600173950195,3824
2019-10-25,44.09600067138672,44.09600067138672,44.02399826049805,43.7140007019043,43.816001892089844,5344
2019-10-28,44.422000885009766,44.422000885009766,44.380001068115234,44.15999984741211,44.172000885009766,13546
2019-10-29,44.14799880981445,44.14799880981445,44.2239990234375,44.12200164794922,44.189998626708984,1600
2019-10-30,43.99399948120117,43.99399948120117,44.15599822998047,43.895999908447266,44.02799987792969,2946
2019-10-31,43.6879997253418,43.6879997253418,44.09000015258789,43.66600036621094,44.08599853515625,13345
2019-11-01,44.268001556396484,44.268001556396484,44.35200119018555,44.077999114990234,44.099998474121094,5178
2019-11-04,44.94200134277344,44.94200134277344,45.00199890136719,44.84400177001953,44.84600067138672,8360
2019-11-05,45.400001525878906,45.400001525878906,45.40999984741211,45.167999267578125,45.167999267578125,2655
2019-11-06,45.433998107910156,45.433998107910156,45.49800109863281,45.279998779296875,45.39799880981445,13746
2019-11-07,45.79800033569336,45.79800033569336,45.69599914550781,45.56399917602539,45.57600021362305,9933
2019-11-08,45.459999084472656,45.459999084472656,45.597999572753906,45.39400100708008,45.512001037597656,140260
2019-11-11,44.981998443603516,44.981998443603516,44.9900016784668,44.7400016784668,44.7400016784668,7160
2019-11-12,44.987998962402344,44.987998962402344,45.16400146484375,44.94200134277344,45.16400146484375,18503
2019-11-13,44.534000396728516,44.534000396728516,44.65599822998047,44.327999114990234,44.65599822998047,2179
2019-11-14,44.49399948120117,44.49399948120117,44.65999984741211,44.47600173950195,44.48400115966797,6654
2019-11-15,44.85599899291992,44.85599899291992,44.77000045776367,44.599998474121094,44.72200012207031,2358
2019-11-18,44.67599868774414,44.67599868774414,44.900001525878906,44.63199996948242,44.875999450683594,11666
2019-11-19,44.678001403808594,44.678001403808594,45.097999572753906,44.97999954223633,45.097999572753906,1303
2019-11-20,44.71200180053711,44.71200180053711,44.72999954223633,44.555999755859375,44.645999908447266,16095
2019-11-21,44.31999969482422,44.31999969482422,44.358001708984375,44.09000015258789,44.15800094604492,15547
2019-11-22,44.54800033569336,44.54800033569336,44.650001525878906,44.51599884033203,44.534000396728516,15334
2019-11-25,45.077999114990234,45.077999114990234,45.034000396728516,44.97200012207031,44.97200012207031,1647
2019-11-26,44.709999084472656,44.709999084472656,44.96200180053711,44.763999938964844,44.96200180053711,9012
2019-11-27,44.939998626708984,44.939998626708984,45.0359992980957,44.95399856567383,45.0099983215332,10763
2019-11-28,44.88199996948242,44.88199996948242,44.93600082397461,44.874000549316406,44.874000549316406,1155
2019-11-29,44.35200119018555,44.35200119018555,44.54999923706055,44.34199905395508,44.45000076293945,4953
2019-12-02,43.992000579833984,43.992000579833984,44.49599838256836,44.0,44.40999984741211,12618
2019-12-03,43.5620002746582,43.5620002746582,44.12799835205078,43.4640007019043,44.124000549316406,13392
2019-12-04,44.10599899291992,44.10599899291992,44.167999267578125,43.7760009765625,43.7760009765625,20913
2019-12-05,44.22800064086914,44.22800064086914,44.25,44.125999450683594,44.22600173950195,7785
2019-12-06,44.667999267578125,44.667999267578125,44.709999084472656,44.38199996948242,44.38199996948242,27020
2019-12-09,44.63999938964844,44.63999938964844,44.71799850463867,44.630001068115234,44.709999084472656,20101
2019-12-10,44.53200149536133,44.53200149536133,44.63600158691406,44.3120002746582,44.4739990234375,26600
2019-12-11,44.90599822998047,44.90599822998047,44.891998291015625,44.742000579833984,44.79800033569336,22059
2019-12-12,45.62200164794922,45.62200164794922,45.75400161743164,45.08000183105469,45.25600051879883,10936
2019-12-13,45.757999420166016,45.757999420166016,46.178001403808594,45.72600173950195,45.90999984741211,31621
2019-12-16,46.242000579833984,46.242000579833984,46.24399948120117,45.99399948120117,46.0,5644
2019-12-17,46.46799850463867,46.46799850463867,46.560001373291016,46.402000427246094,46.5,9830
2019-12-18,46.79999923706055,46.79999923706055,46.875999450683594,46.65599822998047,46.65599822998047,5284
2019-12-19,46.869998931884766,46.869998931884766,46.827999114990234,46.737998962402344,46.827999114990234,4145
2019-12-20,47.1879997253418,47.1879997253418,47.178001403808594,46.9119987487793,46.917999267578125,10308
2019-12-23,47.141998291015625,47.141998291015625,47.18199920654297,47.12200164794922,47.16400146484375,986
2019-12-27,47.30400085449219,47.30400085449219,47.619998931884766,47.27000045776367,47.604000091552734,2099
2019-12-30,46.99800109863281,46.99800109863281,47.305999755859375,47.14799880981445,47.237998962402344,2121
2020-01-02,47.70199966430664,47.70199966430664,47.77000045776367,47.3380012512207,47.3380012512207,13680
2020-01-03,47.349998474121094,47.349998474121094,47.49800109863281,47.21200180053711,47.28799819946289,28749
2020-01-06,46.94200134277344,46.94200134277344,46.97600173950195,46.694000244140625,46.92599868774414,17084
2020-01-07,47.22800064086914,47.22800064086914,47.178001403808594,47.066001892089844,47.16999816894531,1806
2020-01-08,47.316001892089844,47.316001892089844,47.349998474121094,46.9379997253418,46.94599914550781,4205
2020-01-09,47.89400100708008,47.89400100708008,48.06800079345703,47.84600067138672,48.06800079345703,8056
2020-01-10,48.11199951171875,48.11199951171875,48.2599983215332,48.11199951171875,48.17399978637695,10366
2020-01-13,48.45800018310547,48.45800018310547,48.54999923706055,48.321998596191406,48.465999603271484,7162
2020-01-14,48.400001525878906,48.400001525878906,48.59600067138672,48.22999954223633,48.33399963378906,1907
2020-01-15,48.08599853515625,48.08599853515625,48.279998779296875,48.130001068115234,48.25,2423
2020-01-16,48.402000427246094,48.402000427246094,48.422000885009766,48.22600173950195,48.26599884033203,2313
2020-01-17,48.7140007019043,48.7140007019043,48.78799819946289,48.52199935913086,48.52199935913086,5855
2020-01-20,48.66999816894531,48.66999816894531,48.71799850463867,48.599998474121094,48.66400146484375,5838
2020-01-21,47.85599899291992,47.85599899291992,47.82600021362305,47.597999572753906,47.74399948120117,62205
2020-01-22,48.04600143432617,48.04600143432617,48.301998138427734,48.104000091552734,48.301998138427734,14022
2020-01-23,47.30400085449219,47.30400085449219,47.65999984741211,47.32400131225586,47.645999908447266,6902
2020-01-24,47.715999603271484,47.715999603271484,48.11199951171875,47.62200164794922,48.11199951171875,20776
2020-01-27,45.72600173950195,45.72600173950195,46.70000076293945,45.33399963378906,46.70000076293945,41407
2020-01-28,46.25199890136719,46.25199890136719,46.391998291015625,45.694000244140625,46.09600067138672,14080
2020-01-29,46.56800079345703,46.56800079345703,46.8380012512207,46.5099983215332,46.65399932861328,84372
2020-01-30,45.38199996948242,45.38199996948242,45.76599884033203,45.35599899291992,45.599998474121094,22513
2020-01-31,44.47800064086914,44.47800064086914,45.36399841308594,44.5099983215332,45.35599899291992,8315
2020-02-03,45.189998626708984,45.189998626708984,45.395999908447266,44.757999420166016,44.91400146484375,47140
2020-02-04,46.69200134277344,46.69200134277344,46.61800003051758,46.11800003051758,46.11800003051758,16089
2020-02-05,46.97600173950195,46.97600173950195,47.40999984741211,46.402000427246094,46.402000427246094,66456
2020-02-06,47.14400100708008,47.14400100708008,47.481998443603516,47.055999755859375,47.4739990234375,11305
2020-02-07,46.652000427246094,46.652000427246094,47.00400161743164,46.374000549316406,47.00400161743164,22766
2020-02-10,46.78200149536133,46.78200149536133,46.72999954223633,46.604000091552734,46.69599914550781,63503
2020-02-11,47.571998596191406,47.571998596191406,47.64400100708008,47.21799850463867,47.36000061035156,28803
2020-02-12,48.16400146484375,48.16400146484375,48.152000427246094,47.74599838256836,47.74599838256836,18171
2020-02-13,47.92599868774414,47.92599868774414,47.900001525878906,47.61399841308594,47.89799880981445,11050
2020-02-14,47.97200012207031,47.97200012207031,48.1619987487793,47.928001403808594,48.00199890136719,20277
2020-02-17,48.24599838256836,48.24599838256836,48.29999923706055,48.1619987487793,48.2859992980957,17137
2020-02-18,47.571998596191406,47.571998596191406,47.641998291015625,47.57600021362305,47.5880012512207,633
2020-02-19,48.17399978637695,48.17399978637695,48.20399856567383,48.055999755859375,48.08399963378906,23137
2020-02-20,47.38800048828125,47.38800048828125,48.055999755859375,47.55400085449219,48.04399871826172,30639
2020-02-21,47.034000396728516,47.034000396728516,47.236000061035156,46.87200164794922,47.145999908447266,8757
2020-02-24,45.16600036621094,45.16600036621094,46.10200119018555,45.097999572753906,46.10200119018555,70093
2020-02-25,45.13999938964844,45.13999938964844,45.91400146484375,45.097999572753906,45.90399932861328,39370
2020-02-26,45.433998107910156,45.433998107910156,45.56999969482422,44.683998107910156,45.099998474121094,22768
2020-02-27,43.79800033569336,43.79800033569336,44.784000396728516,43.42599868774414,44.69599914550781,19608
2020-02-28,42.35599899291992,42.35599899291992,42.87799835205078,41.965999603271484,42.79600143432617,82403
2020-03-02,42.88600158691406,42.88600158691406,43.715999603271484,42.263999938964844,43.395999908447266,35263
2020-03-03,43.41400146484375,43.41400146484375,43.77000045776367,43.284000396728516,43.57600021362305,23360
2020-03-04,43.75,43.75,43.939998626708984,43.619998931884766,43.63399887084961,1632
2020-03-05,43.46200180053711,43.46200180053711,43.90800094604492,43.400001525878906,43.90800094604492,1217
2020-03-06,41.402000427246094,41.402000427246094,42.48400115966797,41.36399841308594,42.43000030517578,14289
2020-03-09,38.534000396728516,38.534000396728516,41.0,38.082000732421875,41.0,44858
2020-03-10,39.486000061035156,39.486000061035156,40.35599899291992,39.22600173950195,39.4640007019043,45145
2020-03-11,39.347999572753906,39.347999572753906,39.944000244140625,39.20199966430664,39.698001861572266,22673
2020-03-12,35.18600082397461,35.18600082397461,37.465999603271484,35.007999420166016,37.465999603271484,11700
2020-03-13,36.763999938964844,36.763999938964844,38.55799865722656,36.58399963378906,37.04600143432617,13830
2020-03-16,34.369998931884766,34.369998931884766,35.06800079345703,33.27799987792969,35.06800079345703,16993
2020-03-17,35.5,35.5,35.63399887084961,33.9900016784668,35.08000183105469,71038
2020-03-18,33.619998931884766,33.619998931884766,33.599998474121094,32.91600036621094,33.599998474121094,465
2020-03-19,33.82400131225586,33.82400131225586,33.63800048828125,33.145999908447266,33.63600158691406,12955
2020-03-20,34.709999084472656,34.709999084472656,36.36600112915039,34.77199935913086,36.012001037597656,3526
2020-03-23,33.099998474121094,33.099998474121094,34.0620002746582,32.76599884033203,33.36600112915039,14434
2020-03-24,35.53200149536133,35.53200149536133,35.54999923706055,34.7140007019043,34.7140007019043,72293
2020-03-25,36.470001220703125,36.470001220703125,36.83599853515625,35.79199981689453,36.481998443603516,17436
2020-03-26,37.03200149536133,37.03200149536133,37.17399978637695,35.9739990234375,36.04999923706055,10694
2020-03-27,35.099998474121094,35.099998474121094,36.28799819946289,35.08399963378906,36.28799819946289,7304
2020-03-30,35.64799880981445,35.64799880981445,35.58599853515625,35.0,35.231998443603516,62305
2020-03-31,36.62200164794922,36.62200164794922,36.38399887084961,35.90999984741211,36.17599868774414,4141
2020-04-01,35.347999572753906,35.347999572753906,35.60599899291992,35.395999908447266,35.448001861572266,2623
2020-04-02,36.14799880981445,36.14799880981445,36.40599822998047,35.900001525878906,36.04399871826172,10166
2020-04-03,36.018001556396484,36.018001556396484,36.60599899291992,36.09400177001953,36.36600112915039,3044
2020-04-06,37.534000396728516,37.534000396728516,37.52799987792969,37.06800079345703,37.1619987487793,2368
2020-04-07,38.22800064086914,38.22800064086914,38.63399887084961,38.0,38.05400085449219,6515
2020-04-08,37.97600173950195,37.97600173950195,37.849998474121094,37.5,37.83399963378906,5288
2020-04-09,38.391998291015625,38.391998291015625,38.56399917602539,38.0099983215332,38.36399841308594,7198
2020-04-14,38.61800003051758,38.61800003051758,38.83599853515625,38.5,38.69599914550781,55321
2020-04-15,37.736000061035156,37.736000061035156,38.1879997253418,37.77000045776367,38.1879997253418,20936
2020-04-16,38.49599838256836,38.49599838256836,38.55400085449219,38.290000915527344,38.41600036621094,1784
2020-04-17,38.768001556396484,38.768001556396484,39.62200164794922,39.21799850463867,39.44599914550781,8317
2020-04-20,38.93199920654297,38.93199920654297,39.0,38.75400161743164,39.0,1165
2020-04-21,37.52799987792969,37.52799987792969,38.36399841308594,37.555999755859375,38.36399841308594,2268
2020-04-22,38.737998962402344,38.737998962402344,38.75400161743164,38.481998443603516,38.54999923706055,34482
2020-04-23,39.0880012512207,39.0880012512207,39.22600173950195,38.90399932861328,38.90399932861328,22023
2020-04-24,38.29800033569336,38.29800033569336,38.81800079345703,38.29600143432617,38.779998779296875,1076
2020-04-27,39.0880012512207,39.0880012512207,39.11399841308594,38.900001525878906,39.02399826049805,7631
2020-04-28,39.40599822998047,39.40599822998047,39.560001373291016,39.27199935913086,39.27199935913086,15493
2020-04-29,40.108001708984375,40.108001708984375,40.09600067138672,39.560001373291016,39.560001373291016,2560
2020-04-30,39.66400146484375,39.66400146484375,40.731998443603516,39.66400146484375,40.689998626708984,10000
2020-05-04,38.034000396728516,38.034000396728516,38.08399963378906,37.9119987487793,38.02799987792969,2219
2020-05-05,39.007999420166016,39.007999420166016,38.95000076293945,38.762001037597656,38.81399917602539,16213
2020-05-06,38.88999938964844,38.88999938964844,39.42399978637695,38.847999572753906,39.36600112915039,75581
2020-05-07,39.11600112915039,39.11600112915039,39.36399841308594,39.099998474121094,39.15399932861328,8744
2020-05-08,39.81399917602539,39.81399917602539,39.88999938964844,39.439998626708984,39.439998626708984,546
2020-05-11,39.7239990234375,39.7239990234375,40.05400085449219,39.5620002746582,40.01599884033203,14640
2020-05-12,39.965999603271484,39.965999603271484,39.933998107910156,39.58399963378906,39.619998931884766,14137
2020-05-13,39.53799819946289,39.53799819946289,39.810001373291016,39.58599853515625,39.58599853515625,245
2020-05-14,39.040000915527344,39.040000915527344,39.20399856567383,38.83399963378906,39.20000076293945,504
2020-05-15,38.89400100708008,38.89400100708008,39.44599914550781,38.78799819946289,39.44599914550781,6499
2020-05-18,40.10200119018555,40.10200119018555,40.07600021362305,39.33000183105469,39.33000183105469,2317
2020-05-19,40.178001403808594,40.178001403808594,40.082000732421875,39.70199966430664,39.75199890136719,4428
2020-05-20,40.36399841308594,40.36399841308594,40.32400131225586,39.88199996948242,39.88199996948242,918
2020-05-21,39.7140007019043,39.7140007019043,39.757999420166016,39.65999984741211,39.698001861572266,5613
2020-05-22,39.27799987792969,39.27799987792969,39.34400177001953,39.01599884033203,39.01599884033203,16980
2020-05-25,39.81800079345703,39.81800079345703,39.70000076293945,39.50400161743164,39.52000045776367,1190
2020-05-26,40.04800033569336,40.04800033569336,40.01599884033203,39.959999084472656,40.01599884033203,265
2020-05-27,39.66400146484375,39.66400146484375,40.013999938964844,39.75400161743164,39.89799880981445,3572
2020-05-28,39.715999603271484,39.715999603271484,39.84000015258789,39.65800094604492,39.77000045776367,24311
2020-05-29,39.2140007019043,39.2140007019043,39.400001525878906,39.16400146484375,39.327999114990234,1344
2020-06-01,40.29800033569336,40.29800033569336,40.36000061035156,40.11399841308594,40.11399841308594,27292
2020-06-02,41.16600036621094,41.16600036621094,41.10599899291992,40.72999954223633,40.72999954223633,1130
2020-06-03,42.02199935913086,42.02199935913086,42.10200119018555,41.45600128173828,41.45600128173828,1775
2020-06-04,41.25,41.25,41.65999984741211,41.19200134277344,41.65999984741211,51009
2020-06-05,42.53200149536133,42.53200149536133,42.53200149536133,41.57400131225586,41.57400131225586,32433
2020-06-08,42.172000885009766,42.172000885009766,42.3120002746582,41.986000061035156,42.00199890136719,15711
2020-06-09,41.986000061035156,41.986000061035156,42.45199966430664,42.08599853515625,42.45199966430664,11802
2020-06-10,42.167999267578125,42.167999267578125,42.2760009765625,42.10599899291992,42.10599899291992,3527
2020-06-11,40.92399978637695,40.92399978637695,41.5620002746582,41.034000396728516,41.5620002746582,3017
2020-06-12,41.18199920654297,41.18199920654297,41.40399932861328,40.97200012207031,40.9739990234375,5624
2020-06-15,40.64400100708008,40.64400100708008,40.6879997253418,40.354000091552734,40.354000091552734,7312
2020-06-16,41.49800109863281,41.49800109863281,42.09400177001953,41.25400161743164,41.27199935913086,4003
2020-06-17,41.93600082397461,41.93600082397461,42.055999755859375,41.75,41.78799819946289,1624
2020-06-18,42.09400177001953,42.09400177001953,42.11199951171875,41.81399917602539,41.97600173950195,35446
2020-06-19,42.459999084472656,42.459999084472656,42.58599853515625,42.40399932861328,42.40399932861328,898
2020-06-22,42.35599899291992,42.35599899291992,42.42399978637695,42.16999816894531,42.29399871826172,1560
2020-06-23,42.75600051879883,42.75600051879883,42.77399826049805,42.513999938964844,42.513999938964844,669
2020-06-24,42.14400100708008,42.14400100708008,42.79999923706055,42.14400100708008,42.79999923706055,2220
2020-06-25,42.34400177001953,42.34400177001953,42.36800003051758,42.06999969482422,42.22999954223633,4085
2020-06-26,42.06399917602539,42.06399917602539,42.63800048828125,42.0,42.63800048828125,992
2020-06-29,42.02799987792969,42.02799987792969,41.93199920654297,41.79600143432617,41.84199905395508,895
2020-06-30,42.0620002746582,42.0620002746582,42.20199966430664,42.029998779296875,42.19599914550781,1608
2020-07-01,42.189998626708984,42.189998626708984,42.551998138427734,42.124000549316406,42.551998138427734,13660
2020-07-02,43.395999908447266,43.395999908447266,43.38199996948242,43.15800094604492,43.15800094604492,29649
2020-07-03,43.72999954223633,43.72999954223633,43.86000061035156,43.78799819946289,43.78799819946289,641
2020-07-06,44.970001220703125,44.970001220703125,44.7400016784668,44.64799880981445,44.678001403808594,1928
2020-07-07,44.69599914550781,44.69599914550781,44.7239990234375,44.20560073852539,44.36199951171875,33387
2020-07-08,44.79800033569336,44.79800033569336,44.95199966430664,44.768001556396484,44.869998931884766,5123
2020-07-09,45.10599899291992,45.10599899291992,45.608001708984375,45.08599853515625,45.332000732421875,4306
2020-07-10,44.944000244140625,44.944000244140625,45.0620002746582,44.94599914550781,44.97600173950195,28804
2020-07-13,45.4119987487793,45.4119987487793,45.40399932861328,45.279998779296875,45.2859992980957,2924
2020-07-14,44.215999603271484,44.215999603271484,44.35599899291992,44.0,44.35599899291992,52942
2020-07-15,44.551998138427734,44.551998138427734,44.619998931884766,44.402000427246094,44.402000427246094,3074
2020-07-16,43.8120002746582,43.8120002746582,43.7140007019043,43.534000396728516,43.65399932861328,7301
2020-07-17,44.05400085449219,44.05400085449219,44.13800048828125,44.029998779296875,44.099998474121094,471
2020-07-20,44.5260009765625,44.5260009765625,44.487998962402344,43.959999084472656,43.959999084472656,995
2020-07-21,45.13399887084961,45.13399887084961,45.50600051879883,45.11399841308594,45.400001525878906,18645
2020-07-22,44.268001556396484,44.268001556396484,44.465999603271484,44.209999084472656,44.391998291015625,2857
2020-07-23,44.40999984741211,44.40999984741211,44.540000915527344,44.31800079345703,44.4739990234375,4855
2020-07-24,43.65999984741211,43.65999984741211,43.55400085449219,43.358001708984375,43.358001708984375,527
2020-07-27,43.78799819946289,43.78799819946289,43.84400177001953,43.46799850463867,43.53799819946289,30939
2020-07-28,43.970001220703125,43.970001220703125,44.11000061035156,43.959999084472656,44.11000061035156,3849
2020-07-29,44.124000549316406,44.124000549316406,44.16999816894531,44.11000061035156,44.124000549316406,4092
2020-07-30,43.481998443603516,43.481998443603516,43.9119987487793,43.79600143432617,43.816001892089844,1247
2020-07-31,43.32400131225586,43.32400131225586,43.5,43.46799850463867,43.5,661
2020-08-03,43.94200134277344,43.94200134277344,44.0,43.59000015258789,43.61000061035156,6876
2020-08-04,44.07600021362305,44.07600021362305,44.236000061035156,44.099998474121094,44.236000061035156,823
2020-08-05,44.529998779296875,44.529998779296875,44.52000045776367,44.5,44.5,692
2020-08-06,44.35200119018555,44.35200119018555,44.433998107910156,44.400001525878906,44.433998107910156,553
2020-08-07,44.194000244140625,44.194000244140625,44.082000732421875,44.082000732421875,44.082000732421875,216
2020-08-10,44.04399871826172,44.04399871826172,44.22600173950195,44.04399871826172,44.0620002746582,1400
2020-08-11,44.507999420166016,44.507999420166016,44.48400115966797,44.400001525878906,44.400001525878906,711
2020-08-12,44.62200164794922,44.62200164794922,44.46799850463867,44.459999084472656,44.46799850463867,720
2020-08-13,44.380001068115234,44.380001068115234,44.45000076293945,44.236000061035156,44.45000076293945,8603
2020-08-14,44.24399948120117,44.24399948120117,44.20600128173828,44.15800094604492,44.20399856567383,851
2020-08-17,44.54800033569336,44.54800033569336,44.56399917602539,44.3380012512207,44.3380012512207,3529
2020-08-18,44.220001220703125,44.220001220703125,44.46799850463867,44.20600128173828,44.3380012512207,1146
2020-08-19,44.19599914550781,44.19599914550781,44.263999938964844,43.948001861572266,44.25199890136719,15084
2020-08-20,43.47999954223633,43.47999954223633,43.641998291015625,43.43600082397461,43.57600021362305,5844
2020-08-21,44.34400177001953,44.34400177001953,44.34400177001953,44.167999267578125,44.167999267578125,2648
2020-08-24,44.67399978637695,44.67399978637695,44.94200134277344,44.742000579833984,44.90399932861328,170
2020-08-25,45.06399917602539,45.06399917602539,44.95000076293945,44.89400100708008,44.895999908447266,319
2020-08-26,45.24800109863281,45.24800109863281,45.29999923706055,45.20000076293945,45.27199935913086,1026
2020-08-27,45.01599884033203,45.01599884033203,45.2400016784668,45.13199996948242,45.22800064086914,584
2020-08-28,45.13999938964844,45.13999938964844,45.152000427246094,44.801998138427734,44.801998138427734,832
2020-08-31,43.832000732421875,43.832000732421875,44.74800109863281,43.81999969482422,44.74800109863281,14584
2020-09-01,44.63600158691406,44.63600158691406,44.518001556396484,44.349998474121094,44.50600051879883,24977
2020-09-02,44.92599868774414,44.92599868774414,45.36800003051758,44.922000885009766,45.2400016784668,1486
2020-09-03,44.25199890136719,44.25199890136719,45.07600021362305,44.0620002746582,45.07600021362305,8165
2020-09-04,43.86600112915039,43.86600112915039,44.672000885009766,43.79999923706055,44.5,18040
2020-09-07,44.178001403808594,44.178001403808594,44.27199935913086,44.029998779296875,44.029998779296875,293
2020-09-08,43.95600128173828,43.95600128173828,44.16400146484375,43.81399917602539,44.11399841308594,2704
2020-09-09,44.12799835205078,44.12799835205078,44.099998474121094,43.97600173950195,44.00400161743164,1467
2020-09-10,43.97200012207031,43.97200012207031,44.09000015258789,43.81800079345703,44.09000015258789,1003
2020-09-11,44.09199905395508,44.09199905395508,44.194000244140625,44.06800079345703,44.145999908447266,4327
2020-09-14,44.44200134277344,44.44200134277344,44.630001068115234,44.33399963378906,44.630001068115234,957
2020-09-15,45.09000015258789,45.09000015258789,45.130001068115234,44.75199890136719,44.768001556396484,1923
2020-09-16,45.3120002746582,45.3120002746582,45.236000061035156,45.14799880981445,45.14799880981445,497
2020-09-17,44.88600158691406,44.88600158691406,45.09000015258789,44.69200134277344,45.09000015258789,831
2020-09-18,44.66999816894531,44.66999816894531,45.099998474121094,44.66999816894531,44.987998962402344,2787
2020-09-21,43.91600036621094,43.91600036621094,44.29399871826172,44.0,44.29399871826172,1182
2020-09-22,44.00400161743164,44.00400161743164,44.22800064086914,44.082000732421875,44.22800064086914,267
2020-09-23,44.01599884033203,44.01599884033203,44.34000015258789,44.082000732421875,44.310001373291016,737
2020-09-24,43.47200012207031,43.47200012207031,43.38999938964844,43.183998107910156,43.38999938964844,227
2020-09-25,43.374000549316406,43.374000549316406,43.48400115966797,43.1619987487793,43.41999816894531,1072
2020-09-28,44.018001556396484,44.018001556396484,44.104000091552734,43.9640007019043,44.104000091552734,11924
2020-09-29,43.720001220703125,43.720001220703125,43.78200149536133,43.683998107910156,43.683998107910156,1066
2020-09-30,44.433998107910156,44.433998107910156,44.55799865722656,43.86800003051758,43.86800003051758,5767
2020-10-01,44.736000061035156,44.736000061035156,44.91999816894531,44.65999984741211,44.90999984741211,23062
2020-10-02,44.762001037597656,44.762001037597656,44.74399948120117,44.167999267578125,44.167999267578125,3698
2020-10-05,44.63199996948242,44.63199996948242,44.64799880981445,44.380001068115234,44.560001373291016,6646
2020-10-06,45.018001556396484,45.018001556396484,45.0620002746582,44.70399856567383,44.72600173950195,56959
2020-10-07,45.42599868774414,45.42599868774414,45.43199920654297,45.349998474121094,45.358001708984375,2567
2020-10-08,45.62200164794922,45.62200164794922,45.65999984741211,45.481998443603516,45.50199890136719,26365
2020-10-09,45.92399978637695,45.92399978637695,45.98400115966797,45.49800109863281,45.54800033569336,70569
2020-10-12,46.2859992980957,46.2859992980957,46.310001373291016,46.02000045776367,46.104000091552734,53215
2020-10-13,46.23400115966797,46.23400115966797,46.391998291015625,46.124000549316406,46.1879997253418,65572
2020-10-14,46.29199981689453,46.29199981689453,46.31800079345703,46.11199951171875,46.12200164794922,4027
2020-10-15,45.66600036621094,45.66600036621094,45.95600128173828,45.487998962402344,45.72600173950195,20808
2020-10-16,45.94200134277344,45.94200134277344,46.040000915527344,45.88800048828125,45.9119987487793,5876
2020-10-19,45.86000061035156,45.86000061035156,46.124000549316406,45.858001708984375,46.124000549316406,905
2020-10-20,45.858001708984375,45.858001708984375,45.88800048828125,45.757999420166016,45.88800048828125,12923
2020-10-21,45.9640007019043,45.9640007019043,45.900001525878906,45.816001892089844,45.84000015258789,47917
2020-10-22,45.9900016784668,45.9900016784668,46.11199951171875,45.93199920654297,45.93199920654297,1968
2020-10-23,45.90399932861328,45.90399932861328,46.13999938964844,45.84400177001953,46.13999938964844,1058
2020-10-26,45.7599983215332,45.7599983215332,45.970001220703125,45.577999114990234,45.577999114990234,1527
2020-10-27,45.89400100708008,45.89400100708008,45.987998962402344,45.689998626708984,45.83599853515625,45177
2020-10-28,45.15999984741211,45.15999984741211,45.917999267578125,45.13800048828125,45.917999267578125,19452
2020-10-29,45.61000061035156,45.61000061035156,45.619998931884766,45.31399917602539,45.540000915527344,5120
2020-10-30,45.25,45.25,45.380001068115234,45.02000045776367,45.02000045776367,2403
2020-11-02,45.76599884033203,45.76599884033203,45.939998626708984,45.56399917602539,45.56399917602539,7309
2020-11-03,45.790000915527344,45.790000915527344,46.380001068115234,45.810001373291016,46.236000061035156,5219
2020-11-04,47.194000244140625,47.194000244140625,47.194000244140625,45.832000732421875,45.832000732421875,11922
2020-11-05,47.5,47.5,47.832000732421875,47.321998596191406,47.57600021362305,5476
2020-11-06,47.38199996948242,47.38199996948242,47.41400146484375,47.0,47.34600067138672,5936
2020-11-09,48.762001037597656,48.762001037597656,49.17599868774414,47.900001525878906,47.917999267578125,22074
2020-11-10,47.69599914550781,47.69599914550781,48.11600112915039,47.5,47.97600173950195,5299
2020-11-11,48.02399826049805,48.02399826049805,48.02799987792969,47.61000061035156,47.652000427246094,21122
2020-11-12,48.16999816894531,48.16999816894531,48.20800018310547,47.922000885009766,47.922000885009766,7208
2020-11-13,48.05400085449219,48.05400085449219,48.24399948120117,48.01599884033203,48.13800048828125,33809
2020-11-16,48.88800048828125,48.88800048828125,48.939998626708984,48.61600112915039,48.70199966430664,37482
2020-11-17,48.571998596191406,48.571998596191406,48.5880012512207,48.358001708984375,48.58000183105469,6551
2020-11-18,48.694000244140625,48.694000244140625,48.9900016784668,48.67599868774414,48.67599868774414,2875
2020-11-19,48.65599822998047,48.65599822998047,48.68199920654297,48.22999954223633,48.43000030517578,68333
2020-11-20,48.90599822998047,48.90599822998047,48.91999816894531,48.683998107910156,48.694000244140625,1663
2020-11-23,49.189998626708984,49.189998626708984,49.43600082397461,49.07600021362305,49.305999755859375,53555
2020-11-24,49.49399948120117,49.49399948120117,49.52399826049805,49.32600021362305,49.465999603271484,3927
2020-11-25,49.236000061035156,49.236000061035156,49.22200012207031,48.97200012207031,49.13600158691406,4358
2020-11-26,49.48400115966797,49.48400115966797,49.5359992980957,49.38600158691406,49.38600158691406,1386
2020-11-27,49.57400131225586,49.57400131225586,49.68600082397461,49.518001556396484,49.57400131225586,13218
2020-11-30,48.30400085449219,48.30400085449219,48.74800109863281,48.29999923706055,48.53200149536133,34744
2020-12-01,48.816001892089844,48.816001892089844,48.965999603271484,48.75199890136719,48.779998779296875,13156
2020-12-02,48.73400115966797,48.73400115966797,48.83399963378906,48.560001373291016,48.720001220703125,6228
2020-12-03,49.12799835205078,49.12799835205078,49.141998291015625,48.84400177001953,48.84400177001953,24899
2020-12-04,49.50199890136719,49.50199890136719,49.47999954223633,49.32600021362305,49.47999954223633,11789
2020-12-07,49.69599914550781,49.69599914550781,49.63999938964844,49.290000915527344,49.4119987487793,2063
2020-12-08,49.63800048828125,49.63800048828125,49.61800003051758,49.439998626708984,49.55799865722656,902
2020-12-09,49.60599899291992,49.60599899291992,49.90599822998047,49.858001708984375,49.880001068115234,845
2020-12-10,49.7859992980957,49.7859992980957,49.784000396728516,49.20000076293945,49.487998962402344,12336
2020-12-11,49.65599822998047,49.65599822998047,49.79399871826172,49.40399932861328,49.79399871826172,3972
2020-12-14,49.36399841308594,49.36399841308594,49.555999755859375,49.34600067138672,49.53799819946289,4294
2020-12-15,49.39799880981445,49.39799880981445,49.45800018310547,49.236000061035156,49.242000579833984,24871
2020-12-16,49.73400115966797,49.73400115966797,49.874000549316406,49.624000549316406,49.84600067138672,11526
2020-12-17,49.784000396728516,49.784000396728516,49.992000579833984,49.73400115966797,49.93199920654297,3862
2020-12-18,49.86000061035156,49.86000061035156,49.81399917602539,49.59600067138672,49.59600067138672,4044
2020-12-21,49.150001525878906,49.150001525878906,49.534000396728516,48.599998474121094,49.534000396728516,13621
2020-12-22,49.08000183105469,49.08000183105469,49.1619987487793,48.93000030517578,48.93000030517578,2594
2020-12-23,49.45199966430664,49.45199966430664,49.56800079345703,49.38600158691406,49.5099983215332,1946
2020-12-28,49.3380012512207,49.3380012512207,49.50400161743164,49.119998931884766,49.279998779296875,3378
2020-12-29,49.821998596191406,49.821998596191406,49.816001892089844,49.47999954223633,49.63999938964844,892
2020-12-30,50.45199966430664,50.45199966430664,50.529998779296875,50.220001220703125,50.44599914550781,1126
2021-01-04,50.97800064086914,50.97800064086914,51.369998931884766,50.91999816894531,51.31999969482422,81692
2021-01-05,51.49399948120117,51.49399948120117,51.5099983215332,51.16999816894531,51.36000061035156,862
2021-01-06,51.71799850463867,51.71799850463867,51.58000183105469,51.25,51.25,1686
2021-01-07,51.70600128173828,51.70600128173828,51.768001556396484,51.599998474121094,51.63999938964844,1606
2021-01-08,53.209999084472656,53.209999084472656,53.209999084472656,52.70000076293945,52.827999114990234,2471
2021-01-11,53.29999923706055,53.29999923706055,53.402000427246094,53.189998626708984,53.290000915527344,9574
2021-01-12,53.70199966430664,53.70199966430664,53.689998626708984,53.428001403808594,53.459999084472656,24231
2021-01-13,53.59000015258789,53.59000015258789,53.72999954223633,53.59000015258789,53.619998931884766,2869
2021-01-14,54.577999114990234,54.577999114990234,54.65599822998047,54.18000030517578,54.189998626708984,514207
2021-01-15,53.95800018310547,53.95800018310547,54.189998626708984,53.70000076293945,54.189998626708984,50111
2021-01-18,54.17599868774414,54.17599868774414,54.13999938964844,53.939998626708984,54.06999969482422,4868
2021-01-19,54.54399871826172,54.54399871826172,54.959999084472656,54.5,54.87200164794922,46165
2021-01-20,55.44599914550781,55.44599914550781,55.619998931884766,55.40999984741211,55.43000030517578,28108
2021-01-21,55.53200149536133,55.53200149536133,55.85200119018555,55.38199996948242,55.85200119018555,43917
2021-01-22,54.742000579833984,54.742000579833984,54.869998931884766,54.39799880981445,54.869998931884766,521196
2021-01-25,55.237998962402344,55.237998962402344,55.869998931884766,55.237998962402344,55.763999938964844,2841
2021-01-26,54.801998138427734,54.801998138427734,55.02799987792969,54.70399856567383,54.70399856567383,10242
2021-01-27,54.119998931884766,54.119998931884766,54.487998962402344,53.902000427246094,54.487998962402344,4149
2021-01-28,53.8120002746582,53.8120002746582,53.86000061035156,52.75,53.1879997253418,5407
2021-01-29,52.8380012512207,52.8380012512207,53.04999923706055,52.672000885009766,52.81999969482422,7038
2021-02-01,53.9900016784668,53.9900016784668,54.0,53.720001220703125,53.720001220703125,13338
2021-02-02,55.284000396728516,55.284000396728516,55.349998474121094,55.06999969482422,55.130001068115234,13212
2021-02-03,55.5880012512207,55.5880012512207,55.78200149536133,55.5,55.7400016784668,6054
2021-02-04,55.54600143432617,55.54600143432617,55.77000045776367,55.4900016784668,55.4900016784668,4306
2021-02-05,55.9379997253418,55.9379997253418,56.029998779296875,55.650001525878906,55.81999969482422,8201
2021-02-08,56.01599884033203,56.01599884033203,56.15999984741211,55.762001037597656,55.849998474121094,31333
2021-02-09,56.097999572753906,56.097999572753906,56.130001068115234,55.7400016784668,55.900001525878906,9644
2021-02-10,56.39400100708008,56.39400100708008,56.709999084472656,56.38999938964844,56.59199905395508,8277
2021-02-11,57.18600082397461,57.18600082397461,57.20000076293945,56.849998474121094,56.869998931884766,1875
2021-02-12,57.231998443603516,57.231998443603516,57.22999954223633,56.849998474121094,56.95800018310547,3559
2021-02-15,57.77799987792969,57.77799987792969,57.7599983215332,57.5099983215332,57.5099983215332,6188
2021-02-16,57.374000549316406,57.374000549316406,57.650001525878906,57.5099983215332,57.63399887084961,21240
2021-02-17,57.46200180053711,57.46200180053711,57.86600112915039,57.42599868774414,57.70000076293945,2311
2021-02-18,56.38199996948242,56.38199996948242,57.02799987792969,56.220001220703125,56.9379997253418,4962
2021-02-19,57.03200149536133,57.03200149536133,57.060001373291016,56.619998931884766,56.619998931884766,1877
2021-02-22,55.354000091552734,55.354000091552734,55.5,55.220001220703125,55.5,3078
2021-02-23,54.84000015258789,54.84000015258789,55.05799865722656,54.34000015258789,55.051998138427734,10361
2021-02-24,54.70800018310547,54.70800018310547,54.81999969482422,54.46799850463867,54.4900016784668,20810
2021-02-25,54.38999938964844,54.38999938964844,55.15999984741211,54.400001525878906,55.11800003051758,6342
2021-02-26,53.22200012207031,53.22200012207031,53.459999084472656,52.75,53.0,10016
2021-03-01,54.858001708984375,54.858001708984375,54.90800094604492,54.20000076293945,54.279998779296875,18213
2021-03-02,54.18199920654297,54.18199920654297,54.56999969482422,54.16999816894531,54.45800018310547,11648
2021-03-03,54.5,54.5,55.167999267578125,54.40599822998047,55.119998931884766,38187
2021-03-04,54.07400131225586,54.07400131225586,54.24800109863281,53.70000076293945,54.029998779296875,10612
2021-03-05,53.21799850463867,53.21799850463867,54.03799819946289,53.540000915527344,53.832000732421875,20168
2021-03-08,53.18000030517578,53.18000030517578,53.49800109863281,52.81999969482422,53.08000183105469,16484
2021-03-09,53.84199905395508,53.84199905395508,53.79199981689453,52.790000915527344,52.790000915527344,53447
2021-03-10,53.51599884033203,53.51599884033203,54.0,53.439998626708984,53.560001373291016,2933
2021-03-11,54.83599853515625,54.83599853515625,54.784000396728516,54.54999923706055,54.56999969482422,7698
2021-03-12,53.97800064086914,53.97800064086914,54.209999084472656,53.880001068115234,54.13999938964844,8480
2021-03-15,54.013999938964844,54.013999938964844,54.2400016784668,53.95000076293945,54.02199935913086,4610
2021-03-16,54.68000030517578,54.68000030517578,54.810001373291016,54.279998779296875,54.38999938964844,6571
2021-03-17,54.08000183105469,54.08000183105469,54.310001373291016,53.821998596191406,54.310001373291016,5751
2021-03-18,54.20199966430664,54.20199966430664,54.369998931884766,54.051998138427734,54.347999572753906,11441
2021-03-19,54.18000030517578,54.18000030517578,54.18000030517578,53.7859992980957,53.7859992980957,7194
2021-03-22,54.04600143432617,54.04600143432617,54.012001037597656,53.801998138427734,53.90999984741211,3825
2021-03-23,53.667999267578125,53.667999267578125,53.7400016784668,53.34199905395508,53.5,46777
2021-03-24,52.742000579833984,52.742000579833984,53.209999084472656,52.689998626708984,52.97999954223633,89682
2021-03-25,52.672000885009766,52.672000885009766,52.61000061035156,52.077999114990234,52.40999984741211,43151
2021-03-26,53.00199890136719,53.00199890136719,53.40800094604492,52.95399856567383,53.33000183105469,22706
2021-03-29,53.42399978637695,53.42399978637695,53.55400085449219,53.20000076293945,53.30400085449219,70562
2021-03-30,53.986000061035156,53.986000061035156,53.992000579833984,53.63199996948242,53.66999816894531,38918
2021-03-31,54.16999816894531,54.16999816894531,54.220001220703125,53.678001403808594,53.779998779296875,3534
2021-04-01,54.784000396728516,54.784000396728516,54.97200012207031,54.63999938964844,54.63999938964844,6961
2021-04-06,54.82600021362305,54.82600021362305,54.854000091552734,54.459999084472656,54.566001892089844,41974
2021-04-07,53.82600021362305,53.82600021362305,54.22999954223633,53.66600036621094,54.22200012207031,25384
2021-04-08,54.1619987487793,54.1619987487793,54.33599853515625,54.108001708984375,54.327999114990234,4701
2021-04-09,53.59000015258789,53.59000015258789,53.79999923706055,53.61800003051758,53.75,6639
2021-04-12,53.25400161743164,53.25400161743164,53.33599853515625,53.145999908447266,53.290000915527344,4991
2021-04-13,53.43600082397461,53.43600082397461,53.40800094604492,53.15999984741211,53.2599983215332,3229
2021-04-14,53.6879997253418,53.6879997253418,53.869998931884766,53.667999267578125,53.75600051879883,26035
2021-04-15,53.88600158691406,53.88600158691406,53.95199966430664,53.599998474121094,53.61000061035156,42695
2021-04-16,54.07400131225586,54.07400131225586,54.189998626708984,54.0,54.06999969482422,5470
2021-04-19,53.72999954223633,53.72999954223633,54.14799880981445,53.650001525878906,54.119998931884766,107581
2021-04-20,53.236000061035156,53.236000061035156,53.81999969482422,53.20800018310547,53.81999969482422,48125
2021-04-21,53.36399841308594,53.36399841308594,53.38999938964844,53.06999969482422,53.189998626708984,17569
2021-04-22,53.709999084472656,53.709999084472656,53.71200180053711,53.34600067138672,53.52000045776367,72412
2021-04-23,53.959999084472656,53.959999084472656,53.9900016784668,53.790000915527344,53.81999969482422,8091
2021-04-26,53.95800018310547,53.95800018310547,54.0099983215332,53.683998107910156,53.93000030517578,17818
2021-04-27,54.125999450683594,54.125999450683594,54.220001220703125,54.04999923706055,54.220001220703125,6866
2021-04-28,54.2400016784668,54.2400016784668,54.310001373291016,54.099998474121094,54.15800094604492,3661
2021-04-29,53.987998962402344,53.987998962402344,54.555999755859375,53.900001525878906,54.47999954223633,1630
2021-04-30,53.6619987487793,53.6619987487793,53.821998596191406,53.52199935913086,53.74599838256836,3385
2021-05-03,53.481998443603516,53.481998443603516,53.68000030517578,53.27199935913086,53.369998931884766,38621
2021-05-04,52.9119987487793,52.9119987487793,53.67599868774414,52.95199966430664,53.619998931884766,11784
2021-05-05,53.54199981689453,53.54199981689453,53.49800109863281,53.31800079345703,53.31800079345703,352
2021-05-06,53.60200119018555,53.60200119018555,53.60599899291992,53.36000061035156,53.60599899291992,2676
2021-05-07,54.0359992980957,54.0359992980957,54.0359992980957,53.529998779296875,53.529998779296875,3886
2021-05-10,53.108001708984375,53.108001708984375,53.63600158691406,53.0359992980957,53.555999755859375,22750
2021-05-11,52.481998443603516,52.481998443603516,52.52000045776367,51.790000915527344,52.5,3822
2021-05-12,51.9119987487793,51.9119987487793,52.50199890136719,52.02000045776367,52.48400115966797,3790
2021-05-13,51.625999450683594,51.625999450683594,51.928001403808594,51.30400085449219,51.624000549316406,9451
2021-05-14,52.12799835205078,52.12799835205078,52.007999420166016,51.72999954223633,51.7599983215332,3632
2021-05-17,52.029998779296875,52.029998779296875,52.13600158691406,51.709999084472656,51.970001220703125,6143
2021-05-18,52.75400161743164,52.75400161743164,52.821998596191406,52.49599838256836,52.810001373291016,56523
2021-05-19,52.27000045776367,52.27000045776367,52.310001373291016,51.93000030517578,52.310001373291016,16815
2021-05-20,52.75,52.75,52.667999267578125,52.22800064086914,52.41400146484375,2930
2021-05-21,52.43199920654297,52.43199920654297,52.779998779296875,52.459999084472656,52.52000045776367,3737
2021-05-24,52.54999923706055,52.54999923706055,52.560001373291016,52.310001373291016,52.470001220703125,20956
2021-05-25,52.939998626708984,52.939998626708984,53.13999938964844,53.029998779296875,53.13999938964844,911
2021-05-26,53.42599868774414,53.42599868774414,53.439998626708984,53.21200180053711,53.242000579833984,21455
2021-05-27,53.61600112915039,53.61600112915039,53.68000030517578,53.44200134277344,53.44200134277344,405
2021-05-28,54.02799987792969,54.02799987792969,54.099998474121094,53.869998931884766,53.88999938964844,1284
2021-05-31,54.21799850463867,54.21799850463867,54.4900016784668,54.20199966430664,54.40399932861328,28092
2021-06-01,54.7760009765625,54.7760009765625,55.040000915527344,54.75199890136719,54.849998474121094,3726
2021-06-02,55.04399871826172,55.04399871826172,55.0260009765625,54.81800079345703,54.869998931884766,5146
2021-06-03,54.97999954223633,54.97999954223633,54.9900016784668,54.61000061035156,54.849998474121094,22528
2021-06-04,55.08599853515625,55.08599853515625,55.104000091552734,54.84000015258789,54.948001861572266,14005
2021-06-07,54.63199996948242,54.63199996948242,55.02799987792969,54.694000244140625,54.900001525878906,27533
2021-06-08,54.50600051879883,54.50600051879883,54.74599838256836,54.5,54.650001525878906,4389
2021-06-09,54.49599838256836,54.49599838256836,54.53799819946289,54.43000030517578,54.512001037597656,10395
2021-06-10,54.847999572753906,54.847999572753906,54.880001068115234,54.540000915527344,54.62799835205078,8563
2021-06-11,54.94200134277344,54.94200134277344,55.05799865722656,54.89400100708008,54.93000030517578,11611
2021-06-14,55.15800094604492,55.15800094604492,55.15800094604492,54.91999816894531,55.150001525878906,3506
2021-06-15,54.694000244140625,54.694000244140625,55.060001373291016,54.779998779296875,55.02000045776367,16751
2021-06-16,54.7400016784668,54.7400016784668,54.7599983215332,54.5620002746582,54.66999816894531,7384
2021-06-17,55.30799865722656,55.30799865722656,55.31999969482422,54.900001525878906,54.93000030517578,2099
2021-06-18,55.066001892089844,55.066001892089844,55.380001068115234,55.06999969482422,55.380001068115234,31114
2021-06-21,54.88399887084961,54.88399887084961,54.965999603271484,54.70000076293945,54.810001373291016,10867
2021-06-22,54.667999267578125,54.667999267578125,54.83000183105469,54.59000015258789,54.71200180053711,9661
2021-06-23,55.152000427246094,55.152000427246094,55.279998779296875,54.9900016784668,55.2599983215332,1318
2021-06-24,55.54999923706055,55.54999923706055,55.540000915527344,55.33000183105469,55.33000183105469,15514
2021-06-25,55.89400100708008,55.89400100708008,56.02000045776367,55.86600112915039,55.959999084472656,1945
2021-06-28,55.99800109863281,55.99800109863281,56.09000015258789,55.90999984741211,55.939998626708984,1655
2021-06-29,55.86199951171875,55.86199951171875,55.90999984741211,55.7599983215332,55.7599983215332,268
2021-06-30,56.012001037597656,56.012001037597656,56.11000061035156,55.8380012512207,56.0099983215332,1554
2021-07-01,55.619998931884766,55.619998931884766,56.119998931884766,55.58000183105469,55.97999954223633,9659
2021-07-02,55.52199935913086,55.52199935913086,55.70000076293945,55.380001068115234,55.380001068115234,2250
2021-07-05,55.209999084472656,55.209999084472656,55.358001708984375,55.20000076293945,55.20000076293945,402
2021-07-06,54.948001861572266,54.948001861572266,55.33000183105469,54.93000030517578,55.189998626708984,7864
2021-07-07,54.93199920654297,54.93199920654297,55.268001556396484,54.83000183105469,54.959999084472656,2084
2021-07-08,53.61800003051758,53.61800003051758,54.06800079345703,53.380001068115234,54.06800079345703,33522
2021-07-09,54.290000915527344,54.290000915527344,54.290000915527344,53.922000885009766,53.95000076293945,15598
2021-07-12,54.332000732421875,54.332000732421875,54.349998474121094,53.9900016784668,54.209999084472656,6209
2021-07-13,55.0260009765625,55.0260009765625,55.0,54.72999954223633,54.85200119018555,1801
2021-07-14,54.9739990234375,54.9739990234375,55.290000915527344,55.0099983215332,55.04999923706055,550
2021-07-15,55.257999420166016,55.257999420166016,55.38999938964844,55.189998626708984,55.38999938964844,5610
2021-07-16,54.880001068115234,54.880001068115234,55.25199890136719,54.86199951171875,55.16600036621094,1096
2021-07-19,53.801998138427734,53.801998138427734,54.37799835205078,53.599998474121094,54.28799819946289,547
2021-07-20,54.013999938964844,54.013999938964844,54.108001708984375,53.75199890136719,53.95000076293945,15087
2021-07-21,54.06800079345703,54.06800079345703,54.007999420166016,53.86000061035156,53.959999084472656,15404
2021-07-22,54.54199981689453,54.54199981689453,54.68000030517578,54.492000579833984,54.68000030517578,6918
2021-07-23,53.77799987792969,53.77799987792969,54.358001708984375,53.65999984741211,54.358001708984375,5112
2021-07-26,52.68000030517578,52.68000030517578,52.86000061035156,52.38999938964844,52.801998138427734,4397
2021-07-27,51.07600021362305,51.07600021362305,51.65999984741211,51.07600021362305,51.65999984741211,12598
2021-07-28,52.599998474121094,52.599998474121094,52.5,51.58000183105469,51.59000015258789,2771
2021-07-29,52.93600082397461,52.93600082397461,53.2400016784668,52.900001525878906,53.02000045776367,59555
2021-07-30,52.63800048828125,52.63800048828125,52.68000030517578,52.22999954223633,52.22999954223633,12963
2021-08-02,53.02199935913086,53.02199935913086,53.0,52.66999816894531,52.779998779296875,23542
2021-08-03,52.82400131225586,52.82400131225586,52.91999816894531,52.625999450683594,52.91999816894531,845
2021-08-04,53.481998443603516,53.481998443603516,53.59000015258789,53.380001068115234,53.470001220703125,3287
2021-08-05,53.55400085449219,53.55400085449219,53.459999084472656,53.34000015258789,53.349998474121094,1971
2021-08-06,53.24800109863281,53.24800109863281,53.40999984741211,53.20000076293945,53.25,721
2021-08-09,53.63800048828125,53.63800048828125,53.599998474121094,53.400001525878906,53.5,3198
2021-08-10,53.71200180053711,53.71200180053711,53.944000244140625,53.68000030517578,53.91999816894531,3517
2021-08-11,53.65599822998047,53.65599822998047,53.779998779296875,53.56999969482422,53.72800064086914,591
2021-08-12,53.28799819946289,53.28799819946289,53.5,53.40999984741211,53.439998626708984,870
2021-08-13,52.821998596191406,52.821998596191406,52.970001220703125,52.86000061035156,52.970001220703125,63
2021-08-16,52.391998291015625,52.391998291015625,52.56999969482422,52.349998474121094,52.4900016784668,636
2021-08-17,52.060001373291016,52.060001373291016,52.099998474121094,51.619998931884766,51.70000076293945,1675
2021-08-18,52.310001373291016,52.310001373291016,52.40999984741211,52.2140007019043,52.27000045776367,1837
2021-08-19,51.13800048828125,51.13800048828125,51.22999954223633,50.869998931884766,51.18000030517578,4712
2021-08-20,51.0620002746582,51.0620002746582,50.75,50.54999923706055,50.68000030517578,1175
2021-08-23,51.433998107910156,51.433998107910156,51.45600128173828,51.20000076293945,51.25,3683
2021-08-24,52.76599884033203,52.76599884033203,52.619998931884766,52.290000915527344,52.349998474121094,1437
2021-08-25,52.847999572753906,52.847999572753906,52.88399887084961,52.66999816894531,52.81999969482422,9532
2021-08-26,52.43000030517578,52.43000030517578,52.53799819946289,52.34000015258789,52.34199905395508,8334
2021-08-27,52.71799850463867,52.71799850463867,52.689998626708984,52.400001525878906,52.400001525878906,44658
2021-08-30,52.88199996948242,52.88199996948242,52.970001220703125,52.810001373291016,52.84000015258789,254
2021-08-31,53.61199951171875,53.61199951171875,53.571998596191406,53.380001068115234,53.470001220703125,30204
2021-09-01,54.09000015258789,54.09000015258789,54.097999572753906,53.810001373291016,54.07400131225586,3608
2021-09-02,54.02000045776367,54.02000045776367,54.066001892089844,53.86000061035156,53.95000076293945,6565
2021-09-03,53.91999816894531,53.91999816894531,53.91999816894531,53.650001525878906,53.650001525878906,1966
2021-09-06,54.38800048828125,54.38800048828125,54.38999938964844,54.27000045776367,54.29199981689453,2256
2021-09-07,54.40999984741211,54.40999984741211,54.38600158691406,54.16999816894531,54.36000061035156,843
2021-09-08,53.678001403808594,53.678001403808594,54.25,53.68000030517578,53.85200119018555,19867
2021-09-09,53.54600143432617,53.54600143432617,53.65800094604492,53.08000183105469,53.20000076293945,11996
2021-09-10,53.61800003051758,53.61800003051758,54.02799987792969,53.59000015258789,53.849998474121094,1219
2021-09-13,53.645999908447266,53.645999908447266,53.709999084472656,53.428001403808594,53.428001403808594,1169
2021-09-14,53.29399871826172,53.29399871826172,53.41999816894531,53.1619987487793,53.24399948120117,2103
2021-09-15,52.805999755859375,52.805999755859375,53.04999923706055,52.805999755859375,53.04999923706055,4951
2021-09-16,52.731998443603516,52.731998443603516,52.75,52.55799865722656,52.560001373291016,1386
2021-09-17,52.709999084472656,52.709999084472656,52.959999084472656,52.70000076293945,52.87200164794922,3252
2021-09-20,51.54999923706055,51.54999923706055,51.91999816894531,51.47999954223633,51.91999816894531,16512
2021-09-21,51.51599884033203,51.51599884033203,51.88999938964844,51.4900016784668,51.6619987487793,56594
2021-09-22,52.37799835205078,52.37799835205078,52.39400100708008,51.97200012207031,52.13999938964844,53268
2021-09-23,52.49800109863281,52.49800109863281,52.9379997253418,52.50400161743164,52.65399932861328,14367
2021-09-24,52.1619987487793,52.1619987487793,52.332000732421875,52.06800079345703,52.332000732421875,527
2021-09-27,52.45399856567383,52.45399856567383,52.513999938964844,52.209999084472656,52.50199890136719,658
2021-09-28,51.88399887084961,51.88399887084961,52.78799819946289,51.9119987487793,52.78799819946289,1056
2021-09-29,52.012001037597656,52.012001037597656,52.16600036621094,52.0,52.02799987792969,521
2021-09-30,52.5099983215332,52.5099983215332,52.566001892089844,52.2859992980957,52.3380012512207,1180
2021-10-01,51.97800064086914,51.97800064086914,52.305999755859375,51.720001220703125,51.720001220703125,1479
2021-10-04,51.12200164794922,51.12200164794922,51.77000045776367,51.099998474121094,51.74800109863281,8328
2021-10-05,51.821998596191406,51.821998596191406,51.65999984741211,51.48400115966797,51.529998779296875,2520
2021-10-06,51.459999084472656,51.459999084472656,51.54999923706055,51.051998138427734,51.34000015258789,3155
2021-10-07,52.79999923706055,52.79999923706055,52.7400016784668,52.380001068115234,52.470001220703125,5056
2021-10-08,52.8120002746582,52.8120002746582,52.87799835205078,52.54999923706055,52.54999923706055,7540
2021-10-11,53.10200119018555,53.10200119018555,53.22999954223633,53.071998596191406,53.11000061035156,4196
2021-10-12,52.75199890136719,52.75199890136719,52.86000061035156,52.50400161743164,52.50400161743164,875
2021-10-13,53.07400131225586,53.07400131225586,53.02000045776367,52.7599983215332,52.7599983215332,3317
2021-10-14,53.2400016784668,53.2400016784668,53.310001373291016,53.15999984741211,53.20000076293945,4930
2021-10-15,53.97200012207031,53.97200012207031,53.981998443603516,53.599998474121094,53.667999267578125,4310
2021-10-18,53.933998107910156,53.933998107910156,53.959999084472656,53.540000915527344,53.652000427246094,4644
2021-10-19,54.347999572753906,54.347999572753906,54.347999572753906,54.119998931884766,54.20000076293945,2401
2021-10-20,54.45199966430664,54.45199966430664,54.58000183105469,54.290000915527344,54.290000915527344,2584
2021-10-21,53.965999603271484,53.965999603271484,54.12799835205078,53.987998962402344,54.04999923706055,2193
2021-10-22,53.917999267578125,53.917999267578125,54.279998779296875,54.0,54.20000076293945,1616
2021-10-25,54.36000061035156,54.36000061035156,54.310001373291016,54.08000183105469,54.08000183105469,880
2021-10-26,54.42399978637695,54.42399978637695,54.619998931884766,54.5099983215332,54.5099983215332,2488
2021-10-27,53.87200164794922,53.87200164794922,53.91999816894531,53.689998626708984,53.91999816894531,926
2021-10-28,53.23400115966797,53.23400115966797,53.68000030517578,53.25,53.68000030517578,814
2021-10-29,53.1619987487793,53.1619987487793,53.099998474121094,52.849998474121094,52.891998291015625,1044
2021-11-01,53.40800094604492,53.40800094604492,53.41999816894531,53.06999969482422,53.09000015258789,4085
2021-11-02,53.012001037597656,53.012001037597656,53.11000061035156,52.9900016784668,53.040000915527344,6248
2021-11-03,52.9739990234375,52.9739990234375,53.06999969482422,52.91999816894531,52.97999954223633,1895
2021-11-04,53.20000076293945,53.20000076293945,53.65999984741211,53.18000030517578,53.56999969482422,898
2021-11-05,53.310001373291016,53.310001373291016,53.41999816894531,53.150001525878906,53.150001525878906,1767
2021-11-08,53.58000183105469,53.58000183105469,53.650001525878906,53.5099983215332,53.52000045776367,459
2021-11-09,53.486000061035156,53.486000061035156,53.689998626708984,53.54999923706055,53.560001373291016,2459
2021-11-10,53.9640007019043,53.9640007019043,54.02000045776367,53.619998931884766,53.849998474121094,1961
2021-11-11,54.81800079345703,54.81800079345703,54.689998626708984,54.13999938964844,54.13999938964844,7569
2021-11-12,54.987998962402344,54.987998962402344,54.970001220703125,54.79999923706055,54.869998931884766,4070
2021-11-15,55.04800033569336,55.04800033569336,55.11600112915039,54.970001220703125,54.9900016784668,3465
2021-11-16,55.354000091552734,55.354000091552734,55.56999969482422,55.130001068115234,55.529998779296875,7717
2021-11-17,55.263999938964844,55.263999938964844,55.68000030517578,55.22999954223633,55.66999816894531,7224
2021-11-18,54.40999984741211,54.40999984741211,55.10200119018555,54.18199920654297,55.0099983215332,3727
2021-11-19,54.59600067138672,54.59600067138672,54.77000045776367,54.43000030517578,54.709999084472656,6278
2021-11-22,54.492000579833984,54.492000579833984,54.810001373291016,54.492000579833984,54.810001373291016,6735
2021-11-23,54.11600112915039,54.11600112915039,54.37200164794922,54.02000045776367,54.36000061035156,5377
2021-11-24,54.40599822998047,54.40599822998047,54.5,54.2599983215332,54.45000076293945,8680
2021-11-25,54.49399948120117,54.49399948120117,54.560001373291016,54.38999938964844,54.560001373291016,1465
2021-11-26,51.891998291015625,51.891998291015625,53.150001525878906,52.099998474121094,53.08000183105469,3646
2021-11-29,52.45399856567383,52.45399856567383,52.72999954223633,52.36000061035156,52.709999084472656,5392
2021-11-30,52.22600173950195,52.22600173950195,52.25,51.72800064086914,52.02000045776367,14338
2021-12-01,53.41999816894531,53.41999816894531,53.20000076293945,52.709999084472656,52.720001220703125,3767
2021-12-02,53.391998291015625,53.391998291015625,53.369998931884766,52.91999816894531,53.31999969482422,20556
2021-12-03,52.49599838256836,52.49599838256836,53.25,52.52000045776367,53.25,3653
2021-12-06,52.715999603271484,52.715999603271484,52.72600173950195,52.15999984741211,52.470001220703125,2069
2021-12-07,53.86199951171875,53.86199951171875,53.88800048828125,53.56800079345703,53.56800079345703,954
2021-12-08,53.72999954223633,53.72999954223633,53.83000183105469,53.47999954223633,53.70000076293945,7376
2021-12-09,53.847999572753906,53.847999572753906,53.849998474121094,53.49399948120117,53.810001373291016,8738
2021-12-10,53.50199890136719,53.50199890136719,53.7400016784668,53.46799850463867,53.46799850463867,1970
2021-12-13,52.7859992980957,52.7859992980957,53.63800048828125,52.810001373291016,53.619998931884766,531
2021-12-14,52.67599868774414,52.67599868774414,52.900001525878906,52.47999954223633,52.880001068115234,3271
2021-12-15,52.097999572753906,52.097999572753906,52.65999984741211,52.097999572753906,52.65999984741211,4184
2021-12-16,52.78200149536133,52.78200149536133,53.09000015258789,52.65999984741211,52.869998931884766,8971
2021-12-17,52.52000045776367,52.52000045776367,52.560001373291016,51.97999954223633,52.31999969482422,5090
2021-12-20,51.316001892089844,51.316001892089844,51.650001525878906,51.279998779296875,51.45600128173828,14004
2021-12-21,52.38800048828125,52.38800048828125,52.32600021362305,51.849998474121094,51.92599868774414,5849
2021-12-22,52.555999755859375,52.555999755859375,52.555999755859375,52.2599983215332,52.400001525878906,15830
2021-12-23,52.928001403808594,52.928001403808594,53.040000915527344,52.61199951171875,52.667999267578125,11516
2021-12-27,53.13800048828125,53.13800048828125,53.20000076293945,52.6879997253418,52.69200134277344,8376
2021-12-28,53.08000183105469,53.08000183105469,53.310001373291016,53.018001556396484,53.13999938964844,4096
2021-12-29,52.630001068115234,52.630001068115234,53.099998474121094,52.5,53.018001556396484,2925
2021-12-30,53.24399948120117,53.24399948120117,53.2400016784668,52.69200134277344,52.790000915527344,7456
2022-01-03,53.599998474121094,53.599998474121094,53.619998931884766,53.189998626708984,53.38999938964844,12288
2022-01-04,53.38800048828125,53.38800048828125,53.79999923706055,53.31999969482422,53.619998931884766,4330
2022-01-05,53.06399917602539,53.06399917602539,53.22999954223633,52.970001220703125,52.970001220703125,24837
2022-01-06,52.7760009765625,52.7760009765625,52.779998779296875,52.38999938964844,52.43000030517578,2374
2022-01-07,52.84600067138672,52.84600067138672,53.09000015258789,52.672000885009766,52.93000030517578,5330
2022-01-10,52.970001220703125,52.970001220703125,53.43000030517578,52.810001373291016,53.40999984741211,3641
2022-01-11,53.965999603271484,53.965999603271484,53.959999084472656,53.439998626708984,53.46799850463867,3343
2022-01-12,54.4900016784668,54.4900016784668,54.650001525878906,54.34000015258789,54.400001525878906,7022
2022-01-13,54.099998474121094,54.099998474121094,54.305999755859375,54.0,54.16400146484375,14891
2022-01-14,53.82600021362305,53.82600021362305,53.91999816894531,53.49800109863281,53.709999084472656,3726
2022-01-17,53.90599822998047,53.90599822998047,53.959999084472656,53.79999923706055,53.810001373291016,1505
2022-01-18,53.58000183105469,53.58000183105469,53.65999984741211,53.09400177001953,53.5099983215332,4907
2022-01-19,53.66400146484375,53.66400146484375,53.900001525878906,53.27000045776367,53.27000045776367,7766
2022-01-20,54.68600082397461,54.68600082397461,54.61000061035156,54.06999969482422,54.119998931884766,4534
2022-01-21,53.69200134277344,53.69200134277344,54.0,53.27000045776367,53.880001068115234,5564
2022-01-24,51.874000549316406,51.874000549316406,53.02000045776367,51.900001525878906,53.02000045776367,3072
2022-01-25,52.3380012512207,52.3380012512207,52.54800033569336,52.16999816894531,52.220001220703125,1074
2022-01-26,52.608001708984375,52.608001708984375,52.97999954223633,52.4900016784668,52.52000045776367,6641
2022-01-27,52.448001861572266,52.448001861572266,52.56999969482422,51.560001373291016,51.560001373291016,7556
2022-01-28,51.93000030517578,51.93000030517578,52.130001068115234,51.5,52.119998931884766,6601
2022-01-31,53.09199905395508,53.09199905395508,53.13999938964844,52.560001373291016,52.720001220703125,12987
2022-02-01,53.59400177001953,53.59400177001953,53.63999938964844,53.20000076293945,53.36600112915039,4749
2022-02-02,53.25400161743164,53.25400161743164,53.869998931884766,53.29999923706055,53.63999938964844,4008
2022-02-03,52.33399963378906,52.33399963378906,52.97999954223633,52.31999969482422,52.939998626708984,2667
2022-02-04,52.11000061035156,52.11000061035156,52.54999923706055,51.91400146484375,52.540000915527344,4528
2022-02-07,52.31999969482422,52.31999969482422,52.31999969482422,52.0099983215332,52.22999954223633,1794
2022-02-08,52.7140007019043,52.7140007019043,52.737998962402344,52.145999908447266,52.14799880981445,2403
2022-02-09,53.49399948120117,53.49399948120117,53.53799819946289,53.189998626708984,53.20000076293945,4057
2022-02-10,53.566001892089844,53.566001892089844,53.650001525878906,53.310001373291016,53.61000061035156,2052
2022-02-11,53.45199966430664,53.45199966430664,53.56999969482422,53.290000915527344,53.31999969482422,775
2022-02-14,52.74800109863281,52.74800109863281,52.89799880981445,52.20000076293945,52.38999938964844,1304
2022-02-15,53.32600021362305,53.32600021362305,53.400001525878906,52.93000030517578,52.93000030517578,4088
2022-02-16,53.66400146484375,53.66400146484375,53.619998931884766,53.4739990234375,53.61000061035156,1495
2022-02-17,53.66600036621094,53.66600036621094,53.88999938964844,53.61000061035156,53.88999938964844,1541
2022-02-18,52.91400146484375,52.91400146484375,53.369998931884766,52.97200012207031,53.290000915527344,940
2022-02-21,52.4739990234375,52.4739990234375,52.91999816894531,52.380001068115234,52.849998474121094,1110
2022-02-22,52.11399841308594,52.11399841308594,52.349998474121094,51.869998931884766,51.869998931884766,1112
2022-02-23,51.88600158691406,51.88600158691406,52.40999984741211,51.88999938964844,52.38999938964844,870
2022-02-24,50.07600021362305,50.07600021362305,50.63800048828125,49.67599868774414,50.237998962402344,90276
2022-02-25,51.28200149536133,51.28200149536133,51.41999816894531,50.880001068115234,51.0,6613
2022-02-28,51.104000091552734,51.104000091552734,51.104000091552734,50.599998474121094,50.810001373291016,14709
2022-03-01,51.28200149536133,51.28200149536133,51.630001068115234,51.0260009765625,51.54399871826172,44671
2022-03-02,51.19200134277344,51.19200134277344,51.305999755859375,50.72999954223633,50.72999954223633,17175
2022-03-03,50.7400016784668,50.7400016784668,51.46799850463867,50.650001525878906,51.46799850463867,19677
2022-03-04,50.07400131225586,50.07400131225586,50.48400115966797,49.933998107910156,50.459999084472656,41615
2022-03-07,49.125999450683594,49.125999450683594,49.44599914550781,48.96799850463867,49.20199966430664,52113
2022-03-08,48.374000549316406,48.374000549316406,48.827999114990234,48.20600128173828,48.374000549316406,35955
2022-03-09,48.75199890136719,48.75199890136719,48.93199920654297,48.58000183105469,48.70800018310547,20462
2022-03-10,48.24599838256836,48.24599838256836,48.99599838256836,48.2140007019043,48.9379997253418,9980
2022-03-11,48.04800033569336,48.04800033569336,48.880001068115234,48.04800033569336,48.444000244140625,10381
2022-03-14,46.76599884033203,46.76599884033203,47.42599868774414,46.63999938964844,47.27199935913086,27833
2022-03-15,46.391998291015625,46.391998291015625,46.391998291015625,45.145999908447266,45.47999954223633,8859
2022-03-16,49.15800094604492,49.15800094604492,49.17399978637695,47.939998626708984,48.04800033569336,18156
2022-03-17,49.09400177001953,49.09400177001953,49.66400146484375,48.88600158691406,49.65399932861328,14507
2022-03-18,50.13199996948242,50.13199996948242,50.029998779296875,49.178001403808594,49.31800079345703,6832
2022-03-21,49.54399871826172,49.54399871826172,49.64400100708008,49.20000076293945,49.2599983215332,30006
2022-03-22,50.43000030517578,50.43000030517578,50.540000915527344,50.189998626708984,50.242000579833984,12484
2022-03-23,50.5620002746582,50.5620002746582,50.672000885009766,50.18000030517578,50.5,8462
2022-03-24,50.4640007019043,50.4640007019043,50.65999984741211,50.27399826049805,50.5620002746582,12204
2022-03-25,50.05799865722656,50.05799865722656,50.099998474121094,49.731998443603516,49.9119987487793,3644
2022-03-28,50.20000076293945,50.20000076293945,50.433998107910156,50.20000076293945,50.25199890136719,1367
2022-03-29,50.715999603271484,50.715999603271484,50.81399917602539,50.36600112915039,50.40399932861328,4940
2022-03-30,50.71200180053711,50.71200180053711,50.79999923706055,50.54399871826172,50.79999923706055,53676
2022-03-31,50.24399948120117,50.24399948120117,50.5260009765625,50.23400115966797,50.465999603271484,4629
2022-04-01,50.96200180053711,50.96200180053711,51.236000061035156,50.57600021362305,50.62200164794922,63878
2022-04-04,52.125999450683594,52.125999450683594,52.16600036621094,51.650001525878906,51.68199920654297,1338
2022-04-05,51.65399932861328,51.65399932861328,52.375999450683594,51.70800018310547,52.375999450683594,3116
2022-04-06,50.92399978637695,50.92399978637695,51.70399856567383,51.0,51.70000076293945,7467
2022-04-07,50.44200134277344,50.44200134277344,50.959999084472656,50.46799850463867,50.86800003051758,25057
2022-04-08,50.9379997253418,50.9379997253418,51.15999984741211,50.939998626708984,51.08000183105469,2486
2022-04-11,50.18600082397461,50.18600082397461,50.47600173950195,49.90599822998047,50.08000183105469,1355
2022-04-12,50.555999755859375,50.555999755859375,50.38600158691406,50.26599884033203,50.29600143432617,1166
2022-04-13,50.70399856567383,50.70399856567383,50.81800079345703,50.625999450683594,50.7760009765625,18216
2022-04-14,50.582000732421875,50.582000732421875,50.698001861572266,50.36000061035156,50.46200180053711,1014
2022-04-19,49.891998291015625,49.891998291015625,50.29999923706055,49.694000244140625,50.29999923706055,3444
2022-04-20,49.481998443603516,49.481998443603516,50.00400161743164,49.49399948120117,49.875999450683594,10128
2022-04-21,48.992000579833984,48.992000579833984,49.40399932861328,48.992000579833984,49.23400115966797,1021
2022-04-22,48.84600067138672,48.84600067138672,49.125999450683594,48.72200012207031,49.09000015258789,16604
2022-04-25,47.965999603271484,47.965999603271484,47.95199966430664,47.70600128173828,47.858001708984375,2172
2022-04-26,47.8120002746582,47.8120002746582,48.48400115966797,47.77399826049805,48.29800033569336,10984
2022-04-27,48.507999420166016,48.507999420166016,48.66999816894531,48.22600173950195,48.279998779296875,6041
2022-04-28,48.95000076293945,48.95000076293945,49.597999572753906,48.90999984741211,49.257999420166016,7234
2022-04-29,50.20199966430664,50.20199966430664,50.529998779296875,50.0620002746582,50.40999984741211,1488
2022-05-02,49.40800094604492,49.40800094604492,50.051998138427734,49.40999984741211,49.63999938964844,11946
2022-05-03,49.80400085449219,49.80400085449219,49.97999954223633,49.689998626708984,49.95600128173828,16448
2022-05-04,49.097999572753906,49.097999572753906,49.694000244140625,49.2140007019043,49.694000244140625,2043
2022-05-05,48.56800079345703,48.56800079345703,49.61199951171875,48.65599822998047,49.61199951171875,2629
2022-05-06,47.895999908447266,47.895999908447266,48.27000045776367,47.630001068115234,48.27000045776367,1810
2022-05-09,46.650001525878906,46.650001525878906,47.56399917602539,46.70000076293945,47.56399917602539,1870
2022-05-10,46.555999755859375,46.555999755859375,47.18000030517578,46.5,47.124000549316406,1672
2022-05-11,47.16400146484375,47.16400146484375,47.55799865722656,46.84400177001953,47.39799880981445,4805
2022-05-12,46.854000091552734,46.854000091552734,46.854000091552734,46.28799819946289,46.29800033569336,1968
2022-05-13,47.80400085449219,47.80400085449219,47.97800064086914,47.42399978637695,47.50400161743164,962
2022-05-16,47.6879997253418,47.6879997253418,47.92599868774414,47.391998291015625,47.69599914550781,4219
2022-05-17,48.16600036621094,48.16600036621094,48.56999969482422,48.12200164794922,48.534000396728516,7420
2022-05-18,47.70399856567383,47.70399856567383,48.354000091552734,47.854000091552734,48.354000091552734,8554
2022-05-19,47.4119987487793,47.4119987487793,47.422000885009766,46.95800018310547,47.11000061035156,1912
2022-05-20,47.75199890136719,47.75199890136719,48.2140007019043,48.066001892089844,48.066001892089844,1677
2022-05-23,47.61399841308594,47.61399841308594,47.88399887084961,47.512001037597656,47.88399887084961,895
2022-05-24,46.189998626708984,46.189998626708984,46.77000045776367,46.178001403808594,46.5,4139
2022-05-25,46.832000732421875,46.832000732421875,46.85599899291992,46.68199920654297,46.816001892089844,1588
2022-05-26,47.34199905395508,47.34199905395508,47.400001525878906,46.689998626708984,46.689998626708984,1459
2022-05-27,48.029998779296875,48.029998779296875,48.04600143432617,47.62200164794922,47.62200164794922,3147
2022-05-30,48.624000549316406,48.624000549316406,48.7599983215332,48.56800079345703,48.624000549316406,2346
2022-05-31,48.959999084472656,48.959999084472656,49.33599853515625,49.0,49.0,5755
2022-06-01,48.69200134277344,48.69200134277344,49.11800003051758,48.810001373291016,49.11800003051758,2362
2022-06-02,48.99399948120117,48.99399948120117,48.986000061035156,48.737998962402344,48.737998962402344,395
2022-06-03,48.42399978637695,48.42399978637695,49.29199981689453,48.400001525878906,48.9900016784668,1447
2022-06-06,49.15800094604492,49.15800094604492,49.279998779296875,48.847999572753906,48.847999572753906,3515
2022-06-07,48.76599884033203,48.76599884033203,48.91600036621094,48.70000076293945,48.76599884033203,12232
2022-06-08,49.189998626708984,49.189998626708984,49.400001525878906,49.00199890136719,49.400001525878906,22349
2022-06-09,48.71799850463867,48.71799850463867,49.560001373291016,48.72200012207031,49.040000915527344,39129
2022-06-10,48.40599822998047,48.40599822998047,49.183998107910156,48.38399887084961,48.87200164794922,12590
2022-06-13,47.20199966430664,47.20199966430664,47.9119987487793,47.209999084472656,47.86199951171875,4750
2022-06-14,47.90800094604492,47.90800094604492,48.130001068115234,47.52399826049805,48.130001068115234,1982
2022-06-15,48.150001525878906,48.150001525878906,48.16600036621094,47.61000061035156,47.77000045776367,773
2022-06-16,46.56999969482422,46.56999969482422,47.68000030517578,46.47800064086914,47.68000030517578,1422
2022-06-17,46.948001861572266,46.948001861572266,47.37200164794922,46.86199951171875,46.86199951171875,1323
2022-06-20,46.84400177001953,46.84400177001953,46.88199996948242,46.66999816894531,46.79199981689453,1297
2022-06-21,47.391998291015625,47.391998291015625,47.40599822998047,47.20000076293945,47.391998291015625,857
2022-06-22,46.4640007019043,46.4640007019043,46.66999816894531,46.31800079345703,46.5620002746582,2016
2022-06-23,46.779998779296875,46.779998779296875,46.83599853515625,46.380001068115234,46.380001068115234,1194
2022-06-24,47.45199966430664,47.45199966430664,47.45399856567383,47.12200164794922,47.18199920654297,807
2022-06-27,47.645999908447266,47.645999908447266,47.93600082397461,47.650001525878906,47.922000885009766,419
2022-06-28,47.84000015258789,47.84000015258789,48.20000076293945,47.93199920654297,48.0880012512207,4135
2022-06-29,47.512001037597656,47.512001037597656,47.582000732421875,47.34000015258789,47.42599868774414,3714
2022-06-30,47.19200134277344,47.19200134277344,47.45000076293945,46.91999816894531,47.27399826049805,2020
2022-07-01,47.198001861572266,47.198001861572266,47.46799850463867,46.91600036621094,46.91600036621094,11589
2022-07-04,47.11399841308594,47.11399841308594,47.150001525878906,46.847999572753906,47.0,1372
2022-07-05,46.9739990234375,46.9739990234375,47.402000427246094,47.06999969482422,47.321998596191406,1656
2022-07-06,47.4379997253418,47.4379997253418,47.582000732421875,47.237998962402344,47.35200119018555,592
2022-07-07,48.93000030517578,48.93000030517578,48.91400146484375,48.0,48.0,8755
2022-07-08,48.86199951171875,48.86199951171875,48.89400100708008,48.54399871826172,48.63600158691406,21896
2022-07-11,47.928001403808594,47.928001403808594,48.22600173950195,47.858001708984375,47.939998626708984,1860
2022-07-12,47.895999908447266,47.895999908447266,47.900001525878906,47.63600158691406,47.68000030517578,5776
2022-07-13,47.608001708984375,47.608001708984375,47.98400115966797,47.40399932861328,47.98400115966797,1435
2022-07-14,47.36600112915039,47.36600112915039,47.902000427246094,47.22999954223633,47.902000427246094,3274
2022-07-15,47.27199935913086,47.27199935913086,47.38600158691406,47.040000915527344,47.18000030517578,3664
2022-07-18,47.762001037597656,47.762001037597656,48.013999938964844,47.731998443603516,47.84600067138672,862
2022-07-19,47.70399856567383,47.70399856567383,47.70000076293945,47.17599868774414,47.57600021362305,979
2022-07-20,47.880001068115234,47.880001068115234,47.880001068115234,47.69200134277344,47.77399826049805,1862
2022-07-21,47.99800109863281,47.99800109863281,48.198001861572266,47.75199890136719,47.91600036621094,7916
2022-07-22,47.917999267578125,47.917999267578125,48.321998596191406,47.917999267578125,48.25,1432
2022-07-25,47.880001068115234,47.880001068115234,47.895999908447266,47.75400161743164,47.86800003051758,3227
2022-07-26,48.09600067138672,48.09600067138672,48.35200119018555,48.08599853515625,48.16400146484375,1185
2022-07-27,48.39799880981445,48.39799880981445,48.45800018310547,48.1619987487793,48.242000579833984,8607
2022-07-28,48.59199905395508,48.59199905395508,48.737998962402344,48.279998779296875,48.459999084472656,4690
2022-07-29,48.198001861572266,48.198001861572266,48.29999923706055,48.03799819946289,48.03799819946289,2759
2022-08-01,47.86600112915039,47.86600112915039,48.27399826049805,47.79999923706055,48.27399826049805,1761
2022-08-02,48.05799865722656,48.05799865722656,47.61600112915039,47.3380012512207,47.45399856567383,1331
2022-08-03,48.268001556396484,48.268001556396484,48.15399932861328,47.816001892089844,47.95199966430664,1797
2022-08-04,48.332000732421875,48.332000732421875,48.70199966430664,48.25600051879883,48.29999923706055,560
2022-08-05,48.61600112915039,48.61600112915039,48.715999603271484,48.4900016784668,48.68199920654297,15312
2022-08-08,48.70199966430664,48.70199966430664,48.854000091552734,48.54399871826172,48.641998291015625,987
2022-08-09,48.42399978637695,48.42399978637695,48.71799850463867,48.354000091552734,48.71799850463867,895
2022-08-10,48.32400131225586,48.32400131225586,48.268001556396484,47.986000061035156,48.034000396728516,2027
2022-08-11,48.933998107910156,48.933998107910156,48.821998596191406,48.61000061035156,48.737998962402344,1912
2022-08-12,49.257999420166016,49.257999420166016,49.257999420166016,48.70600128173828,49.04800033569336,2183
2022-08-16,49.63399887084961,49.63399887084961,49.92599868774414,49.54199981689453,49.60599899291992,904
2022-08-17,49.44200134277344,49.44200134277344,49.72800064086914,49.374000549316406,49.72800064086914,1261
2022-08-18,49.40999984741211,49.40999984741211,49.529998779296875,49.27199935913086,49.27199935913086,630
2022-08-19,49.13199996948242,49.13199996948242,49.481998443603516,49.125999450683594,49.481998443603516,593
2022-08-22,49.31999969482422,49.31999969482422,49.279998779296875,48.97999954223633,49.20000076293945,541
2022-08-23,49.34600067138672,49.34600067138672,49.54800033569336,49.28799819946289,49.28799819946289,911
2022-08-24,49.597999572753906,49.597999572753906,49.448001861572266,49.099998474121094,49.104000091552734,492
2022-08-25,50.14799880981445,50.14799880981445,50.0,49.7400016784668,49.81999969482422,1023
2022-08-26,49.84600067138672,49.84600067138672,50.15599822998047,49.84600067138672,50.09199905395508,735
2022-08-29,49.327999114990234,49.327999114990234,49.59199905395508,49.13999938964844,49.49800109863281,3051
2022-08-30,48.5620002746582,48.5620002746582,49.57400131225586,48.58599853515625,49.529998779296875,1571
2022-08-31,48.742000579833984,48.742000579833984,49.24800109863281,48.736000061035156,49.189998626708984,158
2022-09-01,48.36199951171875,48.36199951171875,48.529998779296875,48.19599914550781,48.46200180053711,883
2022-09-02,48.39400100708008,48.39400100708008,48.46799850463867,48.11199951171875,48.428001403808594,2213
2022-09-05,48.45000076293945,48.45000076293945,48.5,48.332000732421875,48.33399963378906,262
2022-09-06,48.051998138427734,48.051998138427734,48.46200180053711,48.0,48.34000015258789,520
2022-09-07,47.7400016784668,47.7400016784668,48.0,47.599998474121094,47.86199951171875,1851
2022-09-08,47.854000091552734,47.854000091552734,47.854000091552734,47.5,47.70800018310547,1048
2022-09-09,48.15800094604492,48.15800094604492,48.22600173950195,47.96799850463867,47.96799850463867,953
2022-09-12,48.4379997253418,48.4379997253418,48.4119987487793,47.88199996948242,47.95000076293945,1417
2022-09-13,48.4379997253418,48.4379997253418,48.4379997253418,48.4379997253418,48.4379997253418,0
2022-09-14,48.4379997253418,48.4379997253418,48.4379997253418,48.4379997253418,48.4379997253418,0
2022-09-15,48.4379997253418,48.4379997253418,48.4379997253418,48.4379997253418,48.4379997253418,0
2022-09-16,48.4379997253418,48.4379997253418,48.4379997253418,48.4379997253418,48.4379997253418,0
2022-09-19,48.4379997253418,48.4379997253418,48.4379997253418,48.4379997253418,48.4379997253418,0
2022-09-20,48.4379997253418,48.4379997253418,48.4379997253418,48.4379997253418,48.4379997253418,0
2022-09-21,46.88600158691406,46.88600158691406,46.88199996948242,46.742000579833984,46.88199996948242,1753
2022-09-22,46.45000076293945,46.45000076293945,46.625999450683594,46.42599868774414,46.42599868774414,2037
2022-09-23,45.92399978637695,45.92399978637695,46.27000045776367,45.900001525878906,46.27000045776367,898
2022-09-26,45.85200119018555,45.85200119018555,45.92399978637695,45.79600143432617,45.92399978637695,1349
2022-09-27,45.97200012207031,45.97200012207031,46.209999084472656,46.029998779296875,46.08399963378906,1780
2022-09-28,45.619998931884766,45.619998931884766,45.757999420166016,45.25,45.40800094604492,6621
2022-09-29,44.27000045776367,44.27000045776367,44.92399978637695,44.29800033569336,44.92399978637695,1300
2022-09-30,44.52199935913086,44.52199935913086,44.52199935913086,44.257999420166016,44.43000030517578,1789
2022-10-03,44.58000183105469,44.58000183105469,44.70199966430664,43.97999954223633,44.06399917602539,2874
2022-10-04,45.582000732421875,45.582000732421875,45.599998474121094,45.194000244140625,45.32600021362305,2943
2022-10-05,45.72200012207031,45.72200012207031,45.83399963378906,45.641998291015625,45.801998138427734,1671
2022-10-06,46.0260009765625,46.0260009765625,46.15800094604492,45.70000076293945,45.880001068115234,333
2022-10-07,45.37200164794922,45.37200164794922,45.869998931884766,45.37200164794922,45.619998931884766,2812
2022-10-10,44.869998931884766,44.869998931884766,45.262001037597656,44.79999923706055,45.0,1339
2022-10-11,44.24800109863281,44.24800109863281,44.428001403808594,44.10599899291992,44.400001525878906,663
2022-10-12,44.119998931884766,44.119998931884766,44.41600036621094,44.10200119018555,44.41600036621094,1166
2022-10-13,43.8380012512207,43.8380012512207,43.928001403808594,43.20000076293945,43.88600158691406,515
2022-10-14,43.821998596191406,43.821998596191406,44.369998931884766,43.821998596191406,44.268001556396484,26140
2022-10-17,44.31800079345703,44.31800079345703,44.22200012207031,43.987998962402344,44.02399826049805,507
2022-10-18,44.01599884033203,44.01599884033203,44.59600067138672,44.01599884033203,44.29800033569336,3211
2022-10-19,43.70600128173828,43.70600128173828,43.99399948120117,43.70600128173828,43.90399932861328,4554
2022-10-20,44.14799880981445,44.14799880981445,44.20399856567383,43.61000061035156,43.61000061035156,735
2022-10-21,44.08399963378906,44.08399963378906,44.08399963378906,43.72600173950195,43.7859992980957,2507
2022-10-24,42.374000549316406,42.374000549316406,43.108001708984375,42.099998474121094,42.9739990234375,3116
2022-10-25,42.43600082397461,42.43600082397461,42.5099983215332,42.321998596191406,42.5,1757
2022-10-26,42.93000030517578,42.93000030517578,42.96200180053711,42.36800003051758,42.444000244140625,2703
2022-10-27,43.00600051879883,43.00600051879883,42.88600158691406,42.38999938964844,42.465999603271484,2450
2022-10-28,42.40399932861328,42.40399932861328,42.40399932861328,42.0620002746582,42.0620002746582,705
2022-10-31,42.736000061035156,42.736000061035156,42.75400161743164,42.04600143432617,42.25199890136719,2588
2022-11-01,43.70600128173828,43.70600128173828,43.720001220703125,43.47600173950195,43.47600173950195,27470
2022-11-02,43.65999984741211,43.65999984741211,43.987998962402344,43.49399948120117,43.987998962402344,761
2022-11-03,44.029998779296875,44.029998779296875,43.95800018310547,43.62200164794922,43.650001525878906,989
2022-11-04,44.90599822998047,44.90599822998047,45.13399887084961,44.79999923706055,44.79999923706055,917
2022-11-07,44.85200119018555,44.85200119018555,45.20199966430664,44.79999923706055,44.902000427246094,800
2022-11-08,44.854000091552734,44.854000091552734,44.91999816894531,44.7400016784668,44.80400085449219,866
2022-11-09,44.58599853515625,44.58599853515625,44.77199935913086,44.55400085449219,44.77199935913086,208
2022-11-10,44.981998443603516,44.981998443603516,45.06399917602539,44.13800048828125,44.13800048828125,397
2022-11-11,45.507999420166016,45.507999420166016,45.79999923706055,45.4119987487793,45.608001708984375,1606
2022-11-14,45.486000061035156,45.486000061035156,45.63199996948242,45.36000061035156,45.448001861572266,456
2022-11-15,46.54800033569336,46.54800033569336,46.560001373291016,46.055999755859375,46.13800048828125,2035
2022-11-16,45.45399856567383,45.45399856567383,46.00400161743164,45.45399856567383,46.00400161743164,4555
2022-11-17,45.566001892089844,45.566001892089844,45.61399841308594,44.948001861572266,45.262001037597656,2920
2022-11-18,45.45000076293945,45.45000076293945,45.67399978637695,45.32600021362305,45.32600021362305,907
2022-11-21,45.24599838256836,45.24599838256836,45.34199905395508,45.2400016784668,45.279998779296875,512
2022-11-22,45.23400115966797,45.23400115966797,45.29999923706055,45.11800003051758,45.11800003051758,1825
2022-11-23,45.24399948120117,45.24399948120117,45.31999969482422,45.08000183105469,45.08000183105469,1189
2022-11-24,45.56999969482422,45.56999969482422,45.63600158691406,45.38800048828125,45.39400100708008,952
2022-11-25,45.04600143432617,45.04600143432617,45.41600036621094,45.04600143432617,45.301998138427734,1089
2022-11-28,45.11600112915039,45.11600112915039,45.209999084472656,44.529998779296875,44.77000045776367,5189
2022-11-29,46.00400161743164,46.00400161743164,46.194000244140625,45.933998107910156,46.194000244140625,3557
2022-11-30,47.04399871826172,47.04399871826172,47.082000732421875,46.604000091552734,46.604000091552734,1493
2022-12-01,46.470001220703125,46.470001220703125,47.012001037597656,46.46200180053711,47.012001037597656,1391
2022-12-02,46.577999114990234,46.577999114990234,46.56800079345703,46.09000015258789,46.21200180053711,819
2022-12-05,46.198001861572266,46.198001861572266,46.801998138427734,46.12799835205078,46.49599838256836,1377
2022-12-06,46.097999572753906,46.097999572753906,46.30799865722656,46.0880012512207,46.30400085449219,325
2022-12-07,45.68000030517578,45.68000030517578,45.874000549316406,45.417999267578125,45.8120002746582,2336
2022-12-08,46.00600051879883,46.00600051879883,46.2400016784668,45.970001220703125,45.970001220703125,470
2022-12-09,46.25,46.25,46.37799835205078,46.25600051879883,46.37799835205078,1446
2022-12-12,45.45399856567383,45.45399856567383,45.81800079345703,45.354000091552734,45.81800079345703,839
2022-12-13,45.79199981689453,45.79199981689453,46.09199905395508,45.50600051879883,45.58000183105469,4576
2022-12-14,45.6619987487793,45.6619987487793,45.85200119018555,45.52000045776367,45.85200119018555,1060
2022-12-15,44.63600158691406,44.63600158691406,45.13399887084961,44.66600036621094,45.0099983215332,2215
2022-12-16,44.928001403808594,44.928001403808594,44.91400146484375,44.650001525878906,44.650001525878906,1126
2022-12-19,44.88999938964844,44.88999938964844,45.215999603271484,44.88999938964844,44.88999938964844,2334
2022-12-20,44.694000244140625,44.694000244140625,44.84199905395508,44.512001037597656,44.652000427246094,780
2022-12-21,45.03200149536133,45.03200149536133,45.07400131225586,44.68600082397461,44.75199890136719,1372
2022-12-22,44.81999969482422,44.81999969482422,45.327999114990234,44.86800003051758,45.327999114990234,2605
2022-12-23,44.667999267578125,44.667999267578125,44.86199951171875,44.59199905395508,44.720001220703125,863
2022-12-27,45.141998291015625,45.141998291015625,45.470001220703125,44.91400146484375,44.91400146484375,1607
2022-12-28,44.77799987792969,44.77799987792969,45.19599914550781,44.80400085449219,45.145999908447266,758
2022-12-29,45.27399826049805,45.27399826049805,45.27399826049805,44.81399917602539,44.84199905395508,39291
2022-12-30,44.551998138427734,44.551998138427734,45.012001037597656,44.77000045776367,45.012001037597656,30472
2023-01-02,44.9640007019043,44.9640007019043,44.97800064086914,44.71799850463867,44.9739990234375,1566
2023-01-03,45.64799880981445,45.64799880981445,45.79800033569336,45.465999603271484,45.47600173950195,930
2023-01-04,46.34600067138672,46.34600067138672,46.34600067138672,45.86800003051758,45.86800003051758,2722
2023-01-05,46.625999450683594,46.625999450683594,46.810001373291016,46.14799880981445,46.17399978637695,5298
2023-01-06,47.09199905395508,47.09199905395508,47.104000091552734,46.7400016784668,46.790000915527344,1112
2023-01-09,47.54600143432617,47.54600143432617,47.55799865722656,47.2599983215332,47.31800079345703,7051
2023-01-10,47.310001373291016,47.310001373291016,47.369998931884766,47.20800018310547,47.209999084472656,1290
2023-01-11,47.43600082397461,47.43600082397461,47.43600082397461,47.25199890136719,47.37200164794922,4465
2023-01-12,47.50400161743164,47.50400161743164,47.5260009765625,47.2859992980957,47.42399978637695,2624
2023-01-13,47.71799850463867,47.71799850463867,47.79999923706055,47.54199981689453,47.650001525878906,3235
2023-01-16,47.577999114990234,47.577999114990234,47.68000030517578,47.534000396728516,47.66999816894531,2239
2023-01-17,47.7760009765625,47.7760009765625,47.72800064086914,47.400001525878906,47.433998107910156,2350
2023-01-18,47.742000579833984,47.742000579833984,48.198001861572266,47.7140007019043,47.87200164794922,1990
2023-01-19,47.95000076293945,47.95000076293945,48.03200149536133,47.58399963378906,47.82600021362305,7488
2023-01-20,48.38199996948242,48.38199996948242,48.470001220703125,48.09400177001953,48.18199920654297,6403
2023-01-23,48.92399978637695,48.92399978637695,49.06399917602539,48.374000549316406,48.38199996948242,3751
2023-01-24,48.8120002746582,48.8120002746582,48.88399887084961,48.507999420166016,48.75400161743164,1252
2023-01-25,48.59199905395508,48.59199905395508,48.784000396728516,48.28799819946289,48.784000396728516,1950
2023-01-26,49.16999816894531,49.16999816894531,49.18000030517578,48.95800018310547,49.07600021362305,4872
2023-01-27,49.09600067138672,49.09600067138672,49.1879997253418,49.0359992980957,49.150001525878906,7214
2023-01-30,48.4640007019043,48.4640007019043,48.38600158691406,48.01599884033203,48.13999938964844,33231
2023-01-31,48.013999938964844,48.013999938964844,48.0099983215332,47.73400115966797,48.0099983215332,4588
2023-02-01,48.12200164794922,48.12200164794922,48.34199905395508,48.097999572753906,48.34199905395508,5347
2023-02-02,48.19200134277344,48.19200134277344,48.37200164794922,47.79199981689453,47.79199981689453,16765
2023-02-03,47.987998962402344,47.987998962402344,48.46200180053711,47.86600112915039,47.94200134277344,9808
2023-02-06,47.45199966430664,47.45199966430664,47.4739990234375,47.15999984741211,47.34600067138672,10131
2023-02-07,47.58000183105469,47.58000183105469,47.74399948120117,47.529998779296875,47.72800064086914,6763
2023-02-08,47.444000244140625,47.444000244140625,47.801998138427734,47.540000915527344,47.737998962402344,7397
2023-02-09,47.895999908447266,47.895999908447266,48.40399932861328,47.9119987487793,48.40399932861328,7932
2023-02-10,47.63199996948242,47.63199996948242,47.68600082397461,47.38199996948242,47.487998962402344,6942
2023-02-13,47.69599914550781,47.69599914550781,47.731998443603516,47.61399841308594,47.650001525878906,49569
2023-02-14,47.49599838256836,47.49599838256836,47.65999984741211,47.41600036621094,47.5,44085
2023-02-15,47.3120002746582,47.3120002746582,47.2599983215332,46.992000579833984,47.012001037597656,3110
2023-02-16,47.507999420166016,47.507999420166016,47.62200164794922,47.20000076293945,47.62200164794922,7020
2023-02-17,46.965999603271484,46.965999603271484,47.34400177001953,47.0,47.34400177001953,1895
2023-02-20,47.36600112915039,47.36600112915039,47.369998931884766,47.27199935913086,47.34199905395508,4183
2023-02-21,46.65599822998047,46.65599822998047,47.0,46.689998626708984,46.96799850463867,18171
2023-02-22,46.428001403808594,46.428001403808594,46.58399963378906,46.3120002746582,46.375999450683594,14278
2023-02-23,46.69599914550781,46.69599914550781,47.11399841308594,46.69200134277344,46.948001861572266,4883
2023-02-24,45.85200119018555,45.85200119018555,46.38199996948242,45.84600067138672,46.38199996948242,4948
2023-02-27,45.94200134277344,45.94200134277344,46.22600173950195,45.95800018310547,46.051998138427734,16997
2023-02-28,45.77199935913086,45.77199935913086,45.854000091552734,45.52399826049805,45.63999938964844,2777
2023-03-01,46.29199981689453,46.29199981689453,46.645999908447266,46.29399871826172,46.645999908447266,14626
2023-03-02,46.66600036621094,46.66600036621094,46.6879997253418,46.3380012512207,46.349998474121094,16071
2023-03-03,47.0260009765625,47.0260009765625,47.08399963378906,46.76599884033203,46.805999755859375,3055
2023-03-06,46.895999908447266,46.895999908447266,47.39799880981445,46.77799987792969,47.03200149536133,3172
2023-03-07,46.56999969482422,46.56999969482422,46.827999114990234,46.58399963378906,46.74599838256836,1289
2023-03-08,46.5880012512207,46.5880012512207,46.672000885009766,46.36399841308594,46.36600112915039,3402
2023-03-09,45.933998107910156,45.933998107910156,46.178001403808594,45.95000076293945,46.178001403808594,2391
2023-03-10,45.310001373291016,45.310001373291016,45.45199966430664,45.0,45.198001861572266,5703
2023-03-13,44.790000915527344,44.790000915527344,45.22600173950195,44.70000076293945,45.22600173950195,3331
2023-03-14,44.77399826049805,44.77399826049805,44.81999969482422,44.33000183105469,44.47200012207031,3477
2023-03-15,44.369998931884766,44.369998931884766,44.67399978637695,44.316001892089844,44.61199951171875,2026
2023-03-16,44.874000549316406,44.874000549316406,44.922000885009766,44.37200164794922,44.512001037597656,7993
2023-03-17,44.624000549316406,44.624000549316406,45.231998443603516,44.689998626708984,45.22600173950195,11738
2023-03-20,44.41600036621094,44.41600036621094,44.54600143432617,44.22800064086914,44.305999755859375,18501
2023-03-21,44.513999938964844,44.513999938964844,44.731998443603516,44.599998474121094,44.65800094604492,7246
2023-03-22,44.95800018310547,44.95800018310547,45.04199981689453,44.88199996948242,44.895999908447266,1819
2023-03-23,45.428001403808594,45.428001403808594,45.27799987792969,45.141998291015625,45.172000885009766,1179
2023-03-24,45.284000396728516,45.284000396728516,45.38800048828125,45.082000732421875,45.31399917602539,6320
2023-03-27,44.96200180053711,44.96200180053711,45.29999923706055,45.0,45.29999923706055,13577
2023-03-28,45.43199920654297,45.43199920654297,45.49599838256836,45.099998474121094,45.11000061035156,14309
2023-03-29,45.70800018310547,45.70800018310547,45.64400100708008,45.47600173950195,45.53799819946289,8109
2023-03-30,45.874000549316406,45.874000549316406,45.827999114990234,45.67599868774414,45.779998779296875,1073
2023-03-31,46.08000183105469,46.08000183105469,46.12200164794922,45.86800003051758,45.88800048828125,26401
2023-04-03,45.88999938964844,45.88999938964844,46.03799819946289,45.84199905395508,45.970001220703125,8813
2023-04-04,45.65399932861328,45.65399932861328,45.9379997253418,45.720001220703125,45.779998779296875,11923
2023-04-05,45.50600051879883,45.50600051879883,45.827999114990234,45.45199966430664,45.77399826049805,5915
2023-04-06,45.56999969482422,45.56999969482422,45.61399841308594,45.45399856567383,45.540000915527344,5489
2023-04-11,46.18600082397461,46.18600082397461,46.20000076293945,46.00600051879883,46.08599853515625,1586
2023-04-12,45.604000091552734,45.604000091552734,46.06999969482422,45.560001373291016,45.82400131225586,2298
2023-04-13,45.762001037597656,45.762001037597656,45.7859992980957,45.6619987487793,45.71200180053711,6312
2023-04-14,45.67399978637695,45.67399978637695,45.83599853515625,45.66999816894531,45.762001037597656,6798
2023-04-17,46.18600082397461,46.18600082397461,46.27000045776367,46.15999984741211,46.27000045776367,3943
2023-04-18,46.082000732421875,46.082000732421875,46.3380012512207,46.06999969482422,46.16999816894531,5443
2023-04-19,45.61000061035156,45.61000061035156,45.7400016784668,45.487998962402344,45.7400016784668,3359
2023-04-20,45.61600112915039,45.61600112915039,45.66999816894531,45.41999816894531,45.599998474121094,2665
2023-04-21,44.965999603271484,44.965999603271484,45.2140007019043,44.96200180053711,45.2140007019043,970
2023-04-24,44.641998291015625,44.641998291015625,44.874000549316406,44.667999267578125,44.79800033569336,655
2023-04-25,44.21200180053711,44.21200180053711,44.262001037597656,44.16999816894531,44.215999603271484,68
2023-04-26,44.25600051879883,44.25600051879883,44.36199951171875,44.08399963378906,44.36199951171875,1647
2023-04-27,44.65800094604492,44.65800094604492,44.65800094604492,44.35200119018555,44.35599899291992,8368
2023-04-28,44.91400146484375,44.91400146484375,45.018001556396484,44.742000579833984,44.84600067138672,2950
2023-05-02,44.48400115966797,44.48400115966797,45.04199981689453,44.48400115966797,45.03200149536133,62824
2023-05-03,44.34600067138672,44.34600067138672,44.45000076293945,44.33000183105469,44.33000183105469,4027
2023-05-04,44.736000061035156,44.736000061035156,44.736000061035156,44.57600021362305,44.59199905395508,1595
2023-05-05,45.124000549316406,45.124000549316406,45.108001708984375,44.94599914550781,45.012001037597656,210987
2023-05-08,45.3380012512207,45.3380012512207,45.38800048828125,45.262001037597656,45.29999923706055,1423
2023-05-09,45.21799850463867,45.21799850463867,45.2599983215332,45.104000091552734,45.13199996948242,819
2023-05-10,45.178001403808594,45.178001403808594,45.27000045776367,45.09600067138672,45.099998474121094,2281
2023-05-11,45.09600067138672,45.09600067138672,45.321998596191406,45.06399917602539,45.167999267578125,11229
2023-05-12,45.04800033569336,45.04800033569336,45.13999938964844,45.02000045776367,45.13600158691406,9972
2023-05-15,45.69200134277344,45.69200134277344,45.69200134277344,45.36000061035156,45.625999450683594,1880
2023-05-16,45.65999984741211,45.65999984741211,45.65999984741211,45.48400115966797,45.58599853515625,478
2023-05-17,45.75400161743164,45.75400161743164,45.77199935913086,45.486000061035156,45.604000091552734,2971
2023-05-18,45.84000015258789,45.84000015258789,45.95199966430664,45.849998474121094,45.922000885009766,2465
2023-05-19,45.77000045776367,45.77000045776367,45.959999084472656,45.849998474121094,45.90599822998047,1566
2023-05-22,46.1879997253418,46.1879997253418,46.24800109863281,46.007999420166016,46.11000061035156,4136
2023-05-23,45.91999816894531,45.91999816894531,45.93600082397461,45.849998474121094,45.89799880981445,1360
2023-05-24,45.391998291015625,45.391998291015625,45.597999572753906,45.30799865722656,45.59600067138672,1235
2023-05-25,45.41999816894531,45.41999816894531,45.678001403808594,45.417999267578125,45.53799819946289,1492
2023-05-26,46.167999267578125,46.167999267578125,46.25600051879883,45.599998474121094,45.66600036621094,1415
2023-05-29,45.95000076293945,45.95000076293945,46.02399826049805,45.90999984741211,46.02399826049805,587
2023-05-30,45.58399963378906,45.58399963378906,46.15800094604492,45.69599914550781,46.150001525878906,1697
2023-05-31,45.02000045776367,45.02000045776367,45.534000396728516,45.066001892089844,45.27199935913086,2223
2023-06-01,45.02000045776367,45.02000045776367,45.38399887084961,45.141998291015625,45.321998596191406,1269
2023-06-02,46.68000030517578,46.68000030517578,46.402000427246094,46.04999923706055,46.04999923706055,697
2023-06-05,46.529998779296875,46.529998779296875,46.683998107910156,46.507999420166016,46.5620002746582,10910
2023-06-06,47.01599884033203,47.01599884033203,46.987998962402344,46.4739990234375,46.54399871826172,2307
2023-06-07,47.13399887084961,47.13399887084961,47.21200180053711,46.992000579833984,46.99399948120117,4455
2023-06-08,46.85599899291992,46.85599899291992,46.90999984741211,46.720001220703125,46.88999938964844,9151
2023-06-09,47.27199935913086,47.27199935913086,47.3380012512207,46.99399948120117,47.0,2286
2023-06-12,47.32400131225586,47.32400131225586,47.32400131225586,47.14400100708008,47.257999420166016,958
2023-06-13,47.63800048828125,47.63800048828125,47.641998291015625,47.400001525878906,47.518001556396484,2274
2023-06-14,47.61399841308594,47.61399841308594,47.619998931884766,47.417999267578125,47.42599868774414,7216
2023-06-15,47.604000091552734,47.604000091552734,47.91999816894531,47.604000091552734,47.805999755859375,1633
2023-06-16,47.652000427246094,47.652000427246094,47.86800003051758,47.61199951171875,47.736000061035156,2588
2023-06-19,47.40999984741211,47.40999984741211,47.49399948120117,47.262001037597656,47.349998474121094,1428
2023-06-20,46.790000915527344,46.790000915527344,47.10599899291992,46.8120002746582,47.10599899291992,17124
2023-06-21,46.35200119018555,46.35200119018555,46.66600036621094,46.349998474121094,46.59199905395508,1333
2023-06-22,46.22200012207031,46.22200012207031,46.24399948120117,46.007999420166016,46.150001525878906,1137
2023-06-23,45.847999572753906,45.847999572753906,46.24800109863281,45.847999572753906,46.007999420166016,3536
2023-06-26,45.95000076293945,45.95000076293945,46.04199981689453,45.93199920654297,45.992000579833984,2342
2023-06-27,46.12799835205078,46.12799835205078,46.2599983215332,46.034000396728516,46.2599983215332,4345
2023-06-28,46.03200149536133,46.03200149536133,46.04399871826172,45.85599899291992,46.012001037597656,9285
2023-06-29,45.97800064086914,45.97800064086914,46.0,45.8380012512207,45.93000030517578,929
2023-06-30,46.21799850463867,46.21799850463867,46.347999572753906,46.209999084472656,46.209999084472656,1786
2023-07-03,46.74399948120117,46.74399948120117,46.917999267578125,46.72600173950195,46.78799819946289,2600
2023-07-04,47.066001892089844,47.066001892089844,47.108001708984375,47.01599884033203,47.108001708984375,392
2023-07-05,46.630001068115234,46.630001068115234,46.70000076293945,46.52000045776367,46.63199996948242,1367
2023-07-06,45.599998474121094,45.599998474121094,46.257999420166016,45.5620002746582,46.194000244140625,1883
2023-07-07,45.832000732421875,45.832000732421875,45.849998474121094,45.60599899291992,45.650001525878906,16953
2023-07-10,45.65599822998047,45.65599822998047,45.61800003051758,45.513999938964844,45.52000045776367,885
2023-07-11,45.9739990234375,45.9739990234375,46.119998931884766,45.88600158691406,45.96200180053711,2216
2023-07-12,46.54800033569336,46.54800033569336,46.57600021362305,46.21799850463867,46.24399948120117,969
2023-07-13,46.83000183105469,46.83000183105469,46.83000183105469,46.57400131225586,46.650001525878906,5132
2023-07-14,46.61800003051758,46.61800003051758,46.79800033569336,46.56800079345703,46.74599838256836,1525
2023-07-17,46.39799880981445,46.39799880981445,46.5359992980957,46.25,46.45000076293945,3224
2023-07-18,46.3120002746582,46.3120002746582,46.36000061035156,46.21200180053711,46.22999954223633,2703
2023-07-19,46.43000030517578,46.43000030517578,46.52199935913086,46.150001525878906,46.33599853515625,6879
2023-07-20,46.15399932861328,46.15399932861328,46.20199966430664,46.11000061035156,46.11000061035156,2642
2023-07-21,46.31399917602539,46.31399917602539,46.374000549316406,46.28200149536133,46.36000061035156,1828
2023-07-24,47.082000732421875,47.082000732421875,47.01599884033203,46.20000076293945,46.22200012207031,2179
2023-07-25,47.54600143432617,47.54600143432617,47.801998138427734,47.439998626708984,47.439998626708984,8344
2023-07-26,47.55799865722656,47.55799865722656,47.63999938964844,47.21200180053711,47.422000885009766,12532
2023-07-27,47.933998107910156,47.933998107910156,47.95399856567383,47.5880012512207,47.63399887084961,2418
2023-07-28,48.49800109863281,48.49800109863281,48.439998626708984,48.257999420166016,48.257999420166016,18376
2023-07-31,48.5099983215332,48.5099983215332,48.5260009765625,48.27000045776367,48.486000061035156,25618
2023-08-01,48.1879997253418,48.1879997253418,48.54199981689453,48.18600082397461,48.49399948120117,6615
2023-08-02,47.194000244140625,47.194000244140625,47.566001892089844,47.13999938964844,47.20600128173828,2631
2023-08-03,47.402000427246094,47.402000427246094,47.36399841308594,47.055999755859375,47.36399841308594,2387
2023-08-04,47.21200180053711,47.21200180053711,47.34600067138672,47.0,47.29999923706055,2628
2023-08-07,46.87200164794922,46.87200164794922,47.29999923706055,46.922000885009766,47.28200149536133,3282
2023-08-08,46.439998626708984,46.439998626708984,46.65999984741211,46.38999938964844,46.57400131225586,2979
2023-08-09,46.492000579833984,46.492000579833984,46.922000885009766,46.54600143432617,46.80400085449219,1599
2023-08-10,46.86199951171875,46.86199951171875,46.85599899291992,46.678001403808594,46.678001403808594,4315
2023-08-11,46.060001373291016,46.060001373291016,46.40800094604492,46.051998138427734,46.402000427246094,2122
2023-08-14,45.987998962402344,45.987998962402344,46.11800003051758,45.92599868774414,46.04199981689453,888
2023-08-16,45.43199920654297,45.43199920654297,45.57600021362305,45.29999923706055,45.53799819946289,1639
2023-08-17,45.5620002746582,45.5620002746582,45.86000061035156,45.55799865722656,45.82600021362305,3417
2023-08-18,45.16600036621094,45.16600036621094,45.30799865722656,44.99399948120117,45.30799865722656,15897
2023-08-21,45.00199890136719,45.00199890136719,45.10599899291992,44.9900016784668,45.104000091552734,945
2023-08-22,45.332000732421875,45.332000732421875,45.50600051879883,45.24800109863281,45.24800109863281,242
2023-08-23,45.95600128173828,45.95600128173828,45.9739990234375,45.512001037597656,45.512001037597656,1008
2023-08-24,45.95199966430664,45.95199966430664,46.45199966430664,45.959999084472656,46.45199966430664,9472
2023-08-25,46.00199890136719,46.00199890136719,46.145999908447266,45.90999984741211,46.145999908447266,6253
2023-08-28,46.50400161743164,46.50400161743164,46.50400161743164,46.24800109863281,46.2599983215332,1131
2023-08-29,46.86199951171875,46.86199951171875,46.827999114990234,46.65599822998047,46.74399948120117,8428
2023-08-30,46.375999450683594,46.375999450683594,46.47999954223633,46.332000732421875,46.47200012207031,4955
2023-08-31,46.262001037597656,46.262001037597656,46.35200119018555,46.15599822998047,46.167999267578125,4949
2023-09-01,46.91400146484375,46.91400146484375,47.0,46.36399841308594,46.36399841308594,1214
2023-09-04,47.13800048828125,47.13800048828125,47.24800109863281,47.13800048828125,47.22200012207031,1364
2023-09-05,47.05799865722656,47.05799865722656,46.95199966430664,46.83000183105469,46.83399963378906,1477
2023-09-06,46.779998779296875,46.779998779296875,46.97800064086914,46.72200012207031,46.72200012207031,765
2023-09-07,46.27399826049805,46.27399826049805,46.49599838256836,46.262001037597656,46.45199966430664,8475
2023-09-08,46.305999755859375,46.305999755859375,46.3380012512207,46.150001525878906,46.31399917602539,1572
2023-09-11,46.571998596191406,46.571998596191406,46.6619987487793,46.56399917602539,46.571998596191406,1077
2023-09-12,46.630001068115234,46.630001068115234,46.7400016784668,46.54600143432617,46.55400085449219,1132
2023-09-13,46.66600036621094,46.66600036621094,46.52000045776367,46.36800003051758,46.4119987487793,1790
2023-09-14,47.257999420166016,47.257999420166016,47.12200164794922,46.762001037597656,46.816001892089844,399
2023-09-15,46.98400115966797,46.98400115966797,47.444000244140625,47.09199905395508,47.444000244140625,976
2023-09-18,46.72800064086914,46.72800064086914,47.119998931884766,46.720001220703125,46.85599899291992,741
2023-09-19,46.47800064086914,46.47800064086914,46.70399856567383,46.52399826049805,46.70399856567383,810
2023-09-20,46.571998596191406,46.571998596191406,46.641998291015625,46.43000030517578,46.47999954223633,1082
2023-09-21,45.70600128173828,45.70600128173828,46.0620002746582,45.75,46.051998138427734,999
2023-09-22,46.29199981689453,46.29199981689453,46.47200012207031,46.17399978637695,46.17399978637695,2403
2023-09-25,46.24800109863281,46.24800109863281,46.125999450683594,45.97800064086914,46.02399826049805,375
2023-09-26,45.74800109863281,45.74800109863281,45.84600067138672,45.763999938964844,45.763999938964844,5931
2023-09-27,45.987998962402344,45.987998962402344,46.02799987792969,45.939998626708984,45.939998626708984,726
2023-09-28,45.736000061035156,45.736000061035156,45.869998931884766,45.645999908447266,45.869998931884766,2042
2023-09-29,45.97800064086914,45.97800064086914,46.290000915527344,46.119998931884766,46.290000915527344,922
2023-10-02,45.95000076293945,45.95000076293945,46.15399932861328,45.847999572753906,46.082000732421875,17781
2023-10-03,45.540000915527344,45.540000915527344,45.78799819946289,45.540000915527344,45.77000045776367,21940
2023-10-04,45.172000885009766,45.172000885009766,45.279998779296875,45.130001068115234,45.14799880981445,3470
2023-10-05,44.987998962402344,44.987998962402344,45.26599884033203,44.97200012207031,45.22600173950195,4402
2023-10-06,45.50600051879883,45.50600051879883,45.43000030517578,45.17399978637695,45.374000549316406,894
2023-10-09,45.332000732421875,45.332000732421875,45.4900016784668,45.198001861572266,45.39400100708008,738
2023-10-10,46.03200149536133,46.03200149536133,45.79199981689453,45.5359992980957,45.560001373291016,1585
2023-10-11,46.237998962402344,46.237998962402344,46.34199905395508,46.130001068115234,46.14400100708008,3855
2023-10-12,46.236000061035156,46.236000061035156,46.61000061035156,46.25,46.54999923706055,1397
2023-10-13,46.108001708984375,46.108001708984375,46.25,45.99800109863281,46.242000579833984,4332
2023-10-16,46.27000045776367,46.27000045776367,46.00400161743164,45.83599853515625,45.83599853515625,16476
2023-10-17,46.04999923706055,46.04999923706055,46.2239990234375,45.90800094604492,46.2239990234375,840
2023-10-18,45.55400085449219,45.55400085449219,45.81399917602539,45.62799835205078,45.81399917602539,502
2023-10-19,45.189998626708984,45.189998626708984,45.24800109863281,45.124000549316406,45.24399948120117,1053
2023-10-20,44.45800018310547,44.45800018310547,44.78799819946289,44.46799850463867,44.78799819946289,1878
2023-10-23,44.20800018310547,44.20800018310547,44.31800079345703,43.933998107910156,44.31800079345703,1070
2023-10-24,44.933998107910156,44.933998107910156,44.433998107910156,44.1879997253418,44.1879997253418,415
2023-10-25,44.560001373291016,44.560001373291016,44.66999816894531,44.465999603271484,44.48400115966797,329
2023-10-26,44.35200119018555,44.35200119018555,44.35200119018555,44.04199981689453,44.06800079345703,5352
2023-10-27,44.28799819946289,44.28799819946289,44.667999267578125,44.349998474121094,44.56800079345703,963
2023-10-30,44.38399887084961,44.38399887084961,44.84400177001953,44.45000076293945,44.757999420166016,481
2023-10-31,44.0099983215332,44.0099983215332,44.11800003051758,44.0,44.03200149536133,381
2023-11-01,44.61600112915039,44.61600112915039,44.49800109863281,44.21799850463867,44.21799850463867,434
2023-11-02,45.242000579833984,45.242000579833984,45.262001037597656,44.99399948120117,45.00400161743164,2272
2023-11-03,45.816001892089844,45.816001892089844,45.816001892089844,45.43600082397461,45.57600021362305,567
2023-11-06,46.2599983215332,46.2599983215332,46.38199996948242,46.237998962402344,46.38199996948242,665
2023-11-07,46.22600173950195,46.22600173950195,46.20600128173828,45.96200180053711,46.0099983215332,2712
2023-11-08,45.900001525878906,45.900001525878906,46.066001892089844,45.99399948120117,46.02000045776367,230
2023-11-09,45.88399887084961,45.88399887084961,45.88399887084961,45.736000061035156,45.757999420166016,1504
2023-11-10,45.67399978637695,45.67399978637695,45.53799819946289,45.369998931884766,45.492000579833984,502
2023-11-13,45.858001708984375,45.858001708984375,45.849998474121094,45.66600036621094,45.66999816894531,1310
2023-11-14,46.19200134277344,46.19200134277344,46.108001708984375,45.652000427246094,45.7140007019043,17798
2023-11-15,46.875999450683594,46.875999450683594,46.891998291015625,46.46799850463867,46.46799850463867,1054
2023-11-16,46.08000183105469,46.08000183105469,46.57400131225586,46.125999450683594,46.48400115966797,732
2023-11-17,46.13399887084961,46.13399887084961,46.310001373291016,46.097999572753906,46.13399887084961,2562
2023-11-20,46.40800094604492,46.40800094604492,46.42399978637695,46.130001068115234,46.2239990234375,450
2023-11-21,46.2400016784668,46.2400016784668,46.40800094604492,46.12200164794922,46.40800094604492,1338
2023-11-22,46.34400177001953,46.34400177001953,46.37799835205078,46.16999816894531,46.16999816894531,3214
2023-11-23,46.41999816894531,46.41999816894531,46.49599838256836,46.395999908447266,46.49599838256836,602
2023-11-24,46.06399917602539,46.06399917602539,46.08599853515625,45.98400115966797,46.06399917602539,2522
2023-11-27,45.85200119018555,45.85200119018555,45.92599868774414,45.805999755859375,45.858001708984375,7398
2023-11-28,46.077999114990234,46.077999114990234,46.04600143432617,45.948001861572266,45.95399856567383,5745
2023-11-29,45.92599868774414,45.92599868774414,46.099998474121094,45.89400100708008,45.965999603271484,4761
2023-11-30,46.22800064086914,46.22800064086914,46.24599838256836,46.0260009765625,46.13600158691406,20828
2023-12-01,46.422000885009766,46.422000885009766,46.422000885009766,46.119998931884766,46.12200164794922,3117
2023-12-04,46.310001373291016,46.310001373291016,46.51599884033203,46.22200012207031,46.22200012207031,1464
2023-12-05,46.055999755859375,46.055999755859375,46.06800079345703,45.87200164794922,46.012001037597656,20316
2023-12-06,46.3380012512207,46.3380012512207,46.470001220703125,46.28799819946289,46.41600036621094,2933
2023-12-07,46.284000396728516,46.284000396728516,46.29399871826172,46.125999450683594,46.125999450683594,2586
2023-12-08,46.28200149536133,46.28200149536133,46.41600036621094,46.27399826049805,46.310001373291016,1768
2023-12-11,46.555999755859375,46.555999755859375,46.55799865722656,46.23400115966797,46.33399963378906,2962
2023-12-12,46.36000061035156,46.36000061035156,46.604000091552734,46.29199981689453,46.604000091552734,63433
2023-12-13,46.097999572753906,46.097999572753906,46.22800064086914,46.09400177001953,46.178001403808594,4070
2023-12-14,46.66600036621094,46.66600036621094,46.73400115966797,46.57400131225586,46.63999938964844,2889
2023-12-15,47.09600067138672,47.09600067138672,47.13199996948242,46.86199951171875,46.86199951171875,10396
2023-12-18,46.61000061035156,46.61000061035156,46.93600082397461,46.61000061035156,46.847999572753906,1060
2023-12-19,46.95800018310547,46.95800018310547,46.97600173950195,46.68600082397461,46.68600082397461,8882
2023-12-20,46.64799880981445,46.64799880981445,46.95600128173828,46.61600112915039,46.95600128173828,6508
2023-12-21,46.801998138427734,46.801998138427734,46.801998138427734,46.58599853515625,46.742000579833984,2051
2023-12-22,46.61600112915039,46.61600112915039,46.61600112915039,46.14400100708008,46.31399917602539,10073
2023-12-27,46.762001037597656,46.762001037597656,47.066001892089844,46.58000183105469,46.58000183105469,1953
2023-12-28,47.47600173950195,47.47600173950195,47.5880012512207,47.316001892089844,47.5880012512207,2053
2023-12-29,47.402000427246094,47.402000427246094,47.54199981689453,47.34600067138672,47.52000045776367,1711
2024-01-02,47.36800003051758,47.36800003051758,47.56999969482422,47.327999114990234,47.56999969482422,2173
2024-01-03,47.17599868774414,47.17599868774414,47.16999816894531,46.96799850463867,47.13199996948242,3371
2024-01-04,47.071998596191406,47.071998596191406,47.236000061035156,47.013999938964844,47.236000061035156,1274
2024-01-05,47.07600021362305,47.07600021362305,47.08599853515625,46.90800094604492,47.00600051879883,2540
2024-01-08,46.869998931884766,46.869998931884766,46.869998931884766,46.54800033569336,46.7239990234375,1787
2024-01-09,46.5359992980957,46.5359992980957,46.667999267578125,46.4379997253418,46.667999267578125,1090
2024-01-10,46.2140007019043,46.2140007019043,46.444000244140625,46.198001861572266,46.4379997253418,1268
2024-01-11,46.2140007019043,46.2140007019043,46.60599899291992,46.2140007019043,46.604000091552734,521
2024-01-12,46.70800018310547,46.70800018310547,46.82600021362305,46.45399856567383,46.49800109863281,1867
2024-01-15,46.354000091552734,46.354000091552734,46.56999969482422,46.316001892089844,46.56999969482422,2140
2024-01-16,45.93000030517578,45.93000030517578,46.150001525878906,45.89400100708008,45.922000885009766,2431
2024-01-17,44.987998962402344,44.987998962402344,45.04999923706055,44.92399978637695,45.04999923706055,1972
2024-01-18,45.47600173950195,45.47600173950195,45.513999938964844,45.24599838256836,45.32400131225586,2350
2024-01-19,45.54399871826172,45.54399871826172,45.736000061035156,45.4900016784668,45.650001525878906,2017
2024-01-22,45.459999084472656,45.459999084472656,45.540000915527344,45.380001068115234,45.43199920654297,2757
2024-01-23,45.92399978637695,45.92399978637695,46.104000091552734,45.41600036621094,45.597999572753906,1174
2024-01-24,46.555999755859375,46.555999755859375,46.59400177001953,46.25600051879883,46.25600051879883,2237
2024-01-25,46.70600128173828,46.70600128173828,46.790000915527344,46.433998107910156,46.555999755859375,1597
2024-01-26,46.698001861572266,46.698001861572266,46.762001037597656,46.42399978637695,46.5,2015
2024-01-29,46.75,46.75,47.06800079345703,46.900001525878906,47.00400161743164,1867
2024-01-30,46.31399917602539,46.31399917602539,46.59199905395508,46.242000579833984,46.59199905395508,9320
2024-01-31,46.39400100708008,46.39400100708008,46.492000579833984,46.11000061035156,46.215999603271484,1496
2024-02-01,46.40599822998047,46.40599822998047,46.65999984741211,46.46200180053711,46.47800064086914,4132
2024-02-02,46.582000732421875,46.582000732421875,46.77799987792969,46.560001373291016,46.737998962402344,4716
2024-02-05,46.91999816894531,46.91999816894531,46.97200012207031,46.82400131225586,46.82600021362305,9046
2024-02-06,48.034000396728516,48.034000396728516,48.034000396728516,47.720001220703125,47.81999969482422,1539
2024-02-07,47.98400115966797,47.98400115966797,48.07400131225586,47.86600112915039,47.90800094604492,31224
2024-02-08,47.790000915527344,47.790000915527344,47.95199966430664,47.72999954223633,47.95199966430664,2104
2024-02-09,47.70600128173828,47.70600128173828,47.917999267578125,47.56800079345703,47.731998443603516,10320
2024-02-12,48.52000045776367,48.52000045776367,48.68199920654297,47.7859992980957,47.7859992980957,367957
2024-02-13,47.77199935913086,47.77199935913086,48.4739990234375,47.77000045776367,48.380001068115234,39336
2024-02-14,48.22999954223633,48.22999954223633,48.310001373291016,47.987998962402344,47.987998962402344,3414
2024-02-15,48.26599884033203,48.26599884033203,48.35200119018555,48.22200012207031,48.332000732421875,3529
2024-02-16,48.667999267578125,48.667999267578125,48.77199935913086,48.540000915527344,48.694000244140625,2232
2024-02-19,48.58399963378906,48.58399963378906,48.65999984741211,48.448001861572266,48.52799987792969,5103
2024-02-20,48.391998291015625,48.391998291015625,48.597999572753906,48.391998291015625,48.597999572753906,2862
2024-02-21,48.5359992980957,48.5359992980957,48.715999603271484,48.5260009765625,48.715999603271484,2674
2024-02-22,48.88399887084961,48.88399887084961,48.9900016784668,48.737998962402344,48.81399917602539,6409
2024-02-23,48.92599868774414,48.92599868774414,49.0260009765625,48.832000732421875,49.0,59152
2024-02-26,48.597999572753906,48.597999572753906,48.70800018310547,48.597999572753906,48.689998626708984,3163
2024-02-27,48.801998138427734,48.801998138427734,48.86000061035156,48.67599868774414,48.74800109863281,9058
2024-02-28,48.17399978637695,48.17399978637695,48.571998596191406,48.17399978637695,48.571998596191406,5613
2024-02-29,48.349998474121094,48.349998474121094,48.50600051879883,48.2599983215332,48.422000885009766,5328
2024-03-01,48.87799835205078,48.87799835205078,48.90800094604492,48.604000091552734,48.604000091552734,36804
2024-03-04,48.7239990234375,48.7239990234375,48.987998962402344,48.68600082397461,48.9739990234375,7392
2024-03-05,48.33000183105469,48.33000183105469,48.518001556396484,48.33000183105469,48.47800064086914,5278
2024-03-06,48.88999938964844,48.88999938964844,48.91400146484375,48.63399887084961,48.66400146484375,3301
2024-03-07,48.89400100708008,48.89400100708008,48.9379997253418,48.68000030517578,48.7239990234375,1575
2024-03-08,48.92599868774414,48.92599868774414,49.178001403808594,48.92599868774414,49.11199951171875,1812
2024-03-11,49.145999908447266,49.145999908447266,49.145999908447266,48.93199920654297,49.082000732421875,1871
2024-03-12,49.5880012512207,49.5880012512207,49.652000427246094,49.47600173950195,49.571998596191406,1456
2024-03-13,49.321998596191406,49.321998596191406,49.45199966430664,49.263999938964844,49.4379997253418,8450
2024-03-14,49.40999984741211,49.40999984741211,49.54800033569336,49.33599853515625,49.5359992980957,2846
2024-03-15,49.018001556396484,49.018001556396484,49.290000915527344,49.018001556396484,49.15599822998047,6781
2024-03-18,49.21799850463867,49.21799850463867,49.375999450683594,49.183998107910156,49.347999572753906,6640
2024-03-19,48.99800109863281,48.99800109863281,49.051998138427734,48.83000183105469,49.01599884033203,4025
2024-03-20,49.15999984741211,49.15999984741211,49.237998962402344,48.98400115966797,49.007999420166016,4951
2024-03-21,49.7760009765625,49.7760009765625,49.83399963378906,49.689998626708984,49.83399963378906,5372
2024-03-22,49.58000183105469,49.58000183105469,49.70399856567383,49.41400146484375,49.61600112915039,2406
2024-03-25,49.459999084472656,49.459999084472656,49.60200119018555,49.36199951171875,49.60200119018555,12887
2024-03-26,49.57400131225586,49.57400131225586,49.71799850463867,49.486000061035156,49.71799850463867,2638
2024-03-27,49.486000061035156,49.486000061035156,49.551998138427734,49.444000244140625,49.529998779296875,2173
2024-03-28,49.93000030517578,49.93000030517578,50.04399871826172,49.75600051879883,49.85599899291992,15320
2024-04-02,50.36199951171875,50.36199951171875,50.698001861572266,50.29999923706055,50.597999572753906,5513
2024-04-03,50.055999755859375,50.055999755859375,50.13399887084961,49.95000076293945,50.13399887084961,1889
2024-04-04,50.38399887084961,50.38399887084961,50.400001525878906,50.05799865722656,50.11199951171875,2782
2024-04-05,49.928001403808594,49.928001403808594,50.00199890136719,49.75199890136719,49.84199905395508,778
2024-04-08,50.30400085449219,50.30400085449219,50.34600067138672,50.05799865722656,50.07600021362305,2397
2024-04-09,50.41400146484375,50.41400146484375,50.51599884033203,50.347999572753906,50.347999572753906,3493
2024-04-10,50.28200149536133,50.28200149536133,50.83000183105469,50.215999603271484,50.827999114990234,2412
2024-04-11,50.60599899291992,50.60599899291992,50.75199890136719,50.58000183105469,50.74599838256836,1356
2024-04-12,50.17599868774414,50.17599868774414,50.715999603271484,50.104000091552734,50.715999603271484,4451
2024-04-15,50.06999969482422,50.06999969482422,50.33599853515625,50.02199935913086,50.27799987792969,5167
2024-04-16,49.152000427246094,49.152000427246094,49.374000549316406,49.0,49.354000091552734,6997
2024-04-17,48.98400115966797,48.98400115966797,49.284000396728516,48.98400115966797,49.215999603271484,774
2024-04-18,49.310001373291016,49.310001373291016,49.58000183105469,49.11399841308594,49.58000183105469,2846
2024-04-19,48.9119987487793,48.9119987487793,48.92599868774414,48.57600021362305,48.65999984741211,7631
2024-04-22,49.21799850463867,49.21799850463867,49.27399826049805,49.0620002746582,49.1879997253418,5222
2024-04-23,49.54999923706055,49.54999923706055,49.62799835205078,49.41400146484375,49.60599899291992,2281
2024-04-24,49.832000732421875,49.832000732421875,50.167999267578125,49.79199981689453,50.15599822998047,572
2024-04-25,49.65399932861328,49.65399932861328,49.801998138427734,49.36199951171875,49.763999938964844,244
2024-04-26,50.47200012207031,50.47200012207031,50.4739990234375,50.14400100708008,50.2599983215332,888
2024-04-29,50.79199981689453,50.79199981689453,50.8380012512207,50.71799850463867,50.779998779296875,9523
2024-04-30,50.604000091552734,50.604000091552734,50.948001861572266,50.58599853515625,50.948001861572266,3577
2024-05-02,51.27799987792969,51.27799987792969,51.29600143432617,50.93600082397461,50.93600082397461,5296
2024-05-03,51.56800079345703,51.56800079345703,51.5880012512207,51.236000061035156,51.46799850463867,2957
2024-05-06,51.667999267578125,51.667999267578125,51.80400085449219,51.61600112915039,51.80400085449219,20987
2024-05-07,51.54399871826172,51.54399871826172,51.56999969482422,51.391998291015625,51.55400085449219,3493
2024-05-08,51.513999938964844,51.513999938964844,51.599998474121094,51.25,51.54600143432617,65940
2024-05-09,51.5099983215332,51.5099983215332,51.597999572753906,51.38399887084961,51.58000183105469,3194
2024-05-10,51.76599884033203,51.76599884033203,51.95199966430664,51.74599838256836,51.821998596191406,30290
2024-05-13,52.0359992980957,52.0359992980957,52.07400131225586,51.81999969482422,51.86800003051758,2833
2024-05-14,52.119998931884766,52.119998931884766,52.150001525878906,51.900001525878906,52.0620002746582,3082
2024-05-15,52.465999603271484,52.465999603271484,52.465999603271484,52.16600036621094,52.23400115966797,3275
2024-05-16,52.63800048828125,52.63800048828125,52.689998626708984,52.391998291015625,52.391998291015625,1716
2024-05-17,52.86800003051758,52.86800003051758,52.93199920654297,52.61800003051758,52.63999938964844,10649
2024-05-20,52.768001556396484,52.768001556396484,52.77000045776367,52.518001556396484,52.66600036621094,4250
2024-05-21,52.40999984741211,52.40999984741211,52.5,52.29199981689453,52.29399871826172,4574
2024-05-22,52.41600036621094,52.41600036621094,52.630001068115234,52.40599822998047,52.54600143432617,19642
2024-05-23,52.25199890136719,52.25199890136719,52.551998138427734,52.19599914550781,52.40399932861328,3605
2024-05-24,52.02799987792969,52.02799987792969,52.12200164794922,51.95199966430664,52.0260009765625,4046
2024-05-27,52.29800033569336,52.29800033569336,52.34000015258789,52.16999816894531,52.262001037597656,4864
2024-05-28,51.95199966430664,51.95199966430664,52.198001861572266,51.95000076293945,52.198001861572266,2897
2024-05-29,51.30799865722656,51.30799865722656,51.54199981689453,51.26599884033203,51.512001037597656,2261
2024-05-30,51.11199951171875,51.11199951171875,51.11199951171875,50.801998138427734,51.02000045776367,4869
2024-05-31,50.215999603271484,50.215999603271484,50.59000015258789,50.215999603271484,50.566001892089844,6235
2024-06-03,50.92399978637695,50.92399978637695,51.45399856567383,50.92399978637695,51.374000549316406,6438
2024-06-04,50.09000015258789,50.09000015258789,50.34000015258789,50.07400131225586,50.09000015258789,6290
2024-06-05,51.108001708984375,51.108001708984375,51.108001708984375,50.59400177001953,50.62799835205078,1410
2024-06-06,51.3380012512207,51.3380012512207,51.439998626708984,51.25,51.33000183105469,2224
2024-06-07,51.417999267578125,51.417999267578125,51.487998962402344,51.29399871826172,51.43000030517578,3891
2024-06-10,51.801998138427734,51.801998138427734,51.801998138427734,51.470001220703125,51.56999969482422,3079
2024-06-11,51.5,51.5,51.69599914550781,51.433998107910156,51.60200119018555,3144
2024-06-12,51.81999969482422,51.81999969482422,51.95600128173828,51.650001525878906,51.816001892089844,3186
2024-06-13,51.91600036621094,51.91600036621094,51.97999954223633,51.805999755859375,51.90599822998047,2713
2024-06-14,52.25600051879883,52.25600051879883,52.40399932861328,52.152000427246094,52.327999114990234,2329
2024-06-17,52.33599853515625,52.33599853515625,52.465999603271484,52.25600051879883,52.45600128173828,11560
2024-06-18,52.86800003051758,52.86800003051758,52.86800003051758,52.46799850463867,52.47200012207031,2182
2024-06-19,53.231998443603516,53.231998443603516,53.38199996948242,53.172000885009766,53.32400131225586,2720
2024-06-20,52.99399948120117,52.99399948120117,53.40399932861328,53.0099983215332,53.31399917602539,3063
2024-06-21,52.917999267578125,52.917999267578125,53.05400085449219,52.858001708984375,53.051998138427734,3781
2024-06-24,52.90800094604492,52.90800094604492,52.97999954223633,52.62200164794922,52.68600082397461,44090
2024-06-25,52.534000396728516,52.534000396728516,52.73400115966797,52.534000396728516,52.65999984741211,3447
2024-06-26,52.566001892089844,52.566001892089844,52.99599838256836,52.529998779296875,52.95399856567383,1064
2024-06-27,52.53799819946289,52.53799819946289,52.72600173950195,52.53799819946289,52.56800079345703,1640
2024-06-28,52.784000396728516,52.784000396728516,53.0,52.847999572753906,52.86399841308594,1694
2024-07-01,52.7239990234375,52.7239990234375,52.81999969482422,52.52199935913086,52.619998931884766,6065
2024-07-02,52.62200164794922,52.62200164794922,52.62200164794922,52.417999267578125,52.47800064086914,1252
2024-07-03,53.189998626708984,53.189998626708984,53.20199966430664,52.827999114990234,52.827999114990234,4412
2024-07-04,53.33000183105469,53.33000183105469,53.5,53.29399871826172,53.40999984741211,3606
2024-07-05,53.22200012207031,53.22200012207031,53.42399978637695,53.11800003051758,53.41400146484375,3779
2024-07-08,53.448001861572266,53.448001861572266,53.507999420166016,53.374000549316406,53.374000549316406,3609
2024-07-09,53.560001373291016,53.560001373291016,53.64400100708008,53.487998962402344,53.5880012512207,5471
2024-07-10,53.768001556396484,53.768001556396484,53.89400100708008,53.58599853515625,53.64799880981445,1723
2024-07-11,53.99399948120117,53.99399948120117,54.21799850463867,54.012001037597656,54.17599868774414,4339
2024-07-12,54.12200164794922,54.12200164794922,54.215999603271484,53.917999267578125,54.03799819946289,4046
2024-07-15,53.70399856567383,53.70399856567383,53.88199996948242,53.58599853515625,53.849998474121094,7316
2024-07-16,53.74399948120117,53.74399948120117,53.79600143432617,53.529998779296875,53.59600067138672,2401
2024-07-17,52.94599914550781,52.94599914550781,53.444000244140625,52.959999084472656,53.444000244140625,10658
2024-07-18,52.57400131225586,52.57400131225586,53.21200180053711,52.57400131225586,53.14799880981445,21403
2024-07-19,52.12200164794922,52.12200164794922,52.374000549316406,52.15399932861328,52.349998474121094,1889
2024-07-22,52.316001892089844,52.316001892089844,52.465999603271484,52.12799835205078,52.172000885009766,1613
2024-07-23,52.369998931884766,52.369998931884766,52.422000885009766,52.06800079345703,52.06800079345703,2950
2024-07-24,51.854000091552734,51.854000091552734,52.1619987487793,51.88199996948242,52.02399826049805,1916
2024-07-25,51.45600128173828,51.45600128173828,51.47800064086914,51.14799880981445,51.41400146484375,1722
2024-07-26,51.709999084472656,51.709999084472656,51.784000396728516,51.57600021362305,51.59199905395508,947
2024-07-29,51.709999084472656,51.709999084472656,52.08599853515625,51.67399978637695,52.071998596191406,1493
2024-07-30,51.67399978637695,51.67399978637695,51.99399948120117,51.67399978637695,51.84400177001953,7071
2024-07-31,52.762001037597656,52.762001037597656,52.7859992980957,52.492000579833984,52.513999938964844,2457
2024-08-01,52.28799819946289,52.28799819946289,52.79999923706055,52.28799819946289,52.667999267578125,6396
2024-08-02,50.40800094604492,50.40800094604492,51.448001861572266,50.316001892089844,51.42599868774414,25324
2024-08-05,48.83599853515625,48.83599853515625,48.96200180053711,47.4739990234375,48.189998626708984,26177
2024-08-06,49.13399887084961,49.13399887084961,49.37799835205078,48.858001708984375,49.27399826049805,4354
2024-08-07,50.39400100708008,50.39400100708008,50.650001525878906,50.0260009765625,50.09600067138672,2085
2024-08-08,50.784000396728516,50.784000396728516,50.76599884033203,49.81399917602539,50.0359992980957,2446
2024-08-09,50.9640007019043,50.9640007019043,51.321998596191406,50.849998474121094,50.99399948120117,1478
2024-08-12,51.310001373291016,51.310001373291016,51.47600173950195,51.1619987487793,51.25199890136719,3236
2024-08-13,51.4379997253418,51.4379997253418,51.448001861572266,51.194000244140625,51.402000427246094,2710
2024-08-14,51.20600128173828,51.20600128173828,51.395999908447266,50.948001861572266,51.263999938964844,2349
2024-08-16,52.262001037597656,52.262001037597656,52.290000915527344,52.02799987792969,52.194000244140625,2195
2024-08-19,52.54199981689453,52.54199981689453,52.56399917602539,52.25600051879883,52.26599884033203,1605
2024-08-20,52.03799819946289,52.03799819946289,52.4900016784668,51.96200180053711,52.40999984741211,1888
2024-08-21,52.10599899291992,52.10599899291992,52.16400146484375,51.86199951171875,51.970001220703125,903
2024-08-22,51.77399826049805,51.77399826049805,52.09400177001953,51.77399826049805,51.95600128173828,995
2024-08-23,52.124000549316406,52.124000549316406,52.13800048828125,51.986000061035156,51.986000061035156,1586
2024-08-26,51.75,51.75,52.18000030517578,51.70199966430664,52.02799987792969,2029
2024-08-27,51.75199890136719,51.75199890136719,51.86000061035156,51.70199966430664,51.82600021362305,2534
2024-08-28,51.73400115966797,51.73400115966797,52.0260009765625,51.70199966430664,51.88600158691406,4732
2024-08-29,52.16400146484375,52.16400146484375,52.21799850463867,51.779998779296875,51.779998779296875,887
2024-08-30,52.007999420166016,52.007999420166016,52.41600036621094,52.007999420166016,52.257999420166016,14360
2024-09-02,51.93000030517578,51.93000030517578,51.9640007019043,51.80400085449219,51.933998107910156,6891
2024-09-03,51.444000244140625,51.444000244140625,51.895999908447266,51.34600067138672,51.895999908447266,1919
2024-09-04,51.145999908447266,51.145999908447266,51.215999603271484,50.82400131225586,50.86199951171875,1083
2024-09-05,50.959999084472656,50.959999084472656,51.11000061035156,50.78799819946289,51.00600051879883,3243
2024-09-06,50.23400115966797,50.23400115966797,50.97800064086914,50.16600036621094,50.86399841308594,1128
2024-09-09,50.65800094604492,50.65800094604492,50.77799987792969,50.422000885009766,50.45399856567383,1355
2024-09-10,50.50600051879883,50.50600051879883,50.672000885009766,50.4739990234375,50.59600067138672,1368
2024-09-11,50.470001220703125,50.470001220703125,50.757999420166016,50.22800064086914,50.599998474121094,1034
2024-09-12,51.09000015258789,51.09000015258789,51.284000396728516,50.91600036621094,51.19599914550781,4854
2024-09-13,51.41400146484375,51.41400146484375,51.4379997253418,51.16400146484375,51.279998779296875,1254
2024-09-16,51.27199935913086,51.27199935913086,51.41400146484375,51.18199920654297,51.38800048828125,2164
2024-09-17,51.529998779296875,51.529998779296875,51.625999450683594,51.50600051879883,51.551998138427734,1232
2024-09-18,51.321998596191406,51.321998596191406,51.534000396728516,51.321998596191406,51.51599884033203,1800
2024-09-19,52.11000061035156,52.11000061035156,52.14400100708008,51.84400177001953,51.90399932861328,5182
2024-09-20,52.051998138427734,52.051998138427734,52.26599884033203,52.11199951171875,52.11399841308594,4556
2024-09-23,52.68600082397461,52.68600082397461,52.77199935913086,52.27399826049805,52.27399826049805,11374
2024-09-24,53.94599914550781,53.94599914550781,53.992000579833984,53.33399963378906,53.47600173950195,6207
2024-09-25,53.90800094604492,53.90800094604492,53.95000076293945,53.43199920654297,53.43199920654297,1227
2024-09-26,55.28799819946289,55.28799819946289,55.78200149536133,54.625999450683594,54.625999450683594,5383
2024-09-27,55.470001220703125,55.470001220703125,55.8120002746582,55.40999984741211,55.52399826049805,6179
2024-09-30,54.82600021362305,54.82600021362305,55.779998779296875,54.82600021362305,55.672000885009766,2672
2024-10-01,55.060001373291016,55.060001373291016,55.25199890136719,54.737998962402344,54.92599868774414,3556
2024-10-02,56.0359992980957,56.0359992980957,56.62799835205078,55.944000244140625,56.347999572753906,4192
2024-10-03,55.83599853515625,55.83599853515625,56.24599838256836,55.29999923706055,56.18000030517578,1473
2024-10-04,56.40999984741211,56.40999984741211,56.65599822998047,56.20800018310547,56.439998626708984,4794
2024-10-07,56.91999816894531,56.91999816894531,57.145999908447266,56.77000045776367,57.09199905395508,3543
2024-10-08,55.73400115966797,55.73400115966797,55.854000091552734,54.9379997253418,55.4119987487793,8514
2024-10-09,55.58599853515625,55.58599853515625,55.619998931884766,55.051998138427734,55.32600021362305,2559
2024-10-10,55.75199890136719,55.75199890136719,55.79999923706055,55.36399841308594,55.75199890136719,3076
2024-10-11,56.02399826049805,56.02399826049805,56.060001373291016,55.30400085449219,55.36600112915039,2848
2024-10-14,56.018001556396484,56.018001556396484,56.25600051879883,55.79999923706055,55.9739990234375,4188
2024-10-15,55.119998931884766,55.119998931884766,55.597999572753906,55.066001892089844,55.551998138427734,6215
2024-10-16,55.619998931884766,55.619998931884766,55.619998931884766,55.11600112915039,55.28799819946289,2992
2024-10-17,55.582000732421875,55.582000732421875,55.94200134277344,55.242000579833984,55.50199890136719,2271
2024-10-18,56.0620002746582,56.0620002746582,56.45199966430664,55.99599838256836,56.22999954223633,5975
2024-10-21,55.4900016784668,55.4900016784668,55.709999084472656,55.33000183105469,55.70199966430664,2725
2024-10-22,55.560001373291016,55.560001373291016,55.72800064086914,55.279998779296875,55.62200164794922,12679
2024-10-23,55.486000061035156,55.486000061035156,55.90800094604492,55.486000061035156,55.854000091552734,8095
2024-10-24,55.104000091552734,55.104000091552734,55.422000885009766,55.104000091552734,55.422000885009766,9527
2024-10-25,55.262001037597656,55.262001037597656,55.38800048828125,55.08399963378906,55.189998626708984,30087
2024-10-28,55.310001373291016,55.310001373291016,55.40599822998047,55.0099983215332,55.38600158691406,28983
2024-10-29,55.30799865722656,55.30799865722656,55.59600067138672,55.0,55.237998962402344,5207
2024-10-30,54.41999816894531,54.41999816894531,54.88199996948242,54.41999816894531,54.88199996948242,6424
2024-10-31,53.95800018310547,53.95800018310547,54.29399871826172,53.762001037597656,54.082000732421875,9373
2024-11-01,54.5359992980957,54.5359992980957,54.59600067138672,54.30799865722656,54.349998474121094,11498
2024-11-04,54.492000579833984,54.492000579833984,54.64400100708008,54.34199905395508,54.433998107910156,92128
2024-11-05,54.928001403808594,54.928001403808594,55.03799819946289,54.832000732421875,54.99399948120117,5152
2024-11-06,54.9739990234375,54.9739990234375,55.30799865722656,54.709999084472656,55.25199890136719,6263
2024-11-07,55.92399978637695,55.92399978637695,55.933998107910156,55.599998474121094,55.64799880981445,2804
2024-11-08,54.96799850463867,54.96799850463867,55.69200134277344,54.875999450683594,55.69200134277344,7726
2024-11-11,54.986000061035156,54.986000061035156,55.33599853515625,54.986000061035156,55.33599853515625,13224
2024-11-12,54.152000427246094,54.152000427246094,54.41400146484375,54.07600021362305,54.34199905395508,7349
2024-11-13,54.06800079345703,54.06800079345703,54.36600112915039,53.94200134277344,54.2239990234375,1877
2024-11-14,53.939998626708984,53.939998626708984,54.130001068115234,53.88800048828125,53.902000427246094,7967
2024-11-15,53.89400100708008,53.89400100708008,54.11800003051758,53.82400131225586,53.95000076293945,3406
2024-11-18,54.194000244140625,54.194000244140625,54.2140007019043,53.970001220703125,54.0880012512207,3450
2024-11-19,54.28799819946289,54.28799819946289,54.555999755859375,53.9739990234375,54.555999755859375,2513
2024-11-20,54.2400016784668,54.2400016784668,54.4119987487793,54.17599868774414,54.38600158691406,2068
2024-11-21,54.33399963378906,54.33399963378906,54.3120002746582,53.90800094604492,54.130001068115234,8538
2024-11-22,54.79600143432617,54.79600143432617,54.85599899291992,54.38999938964844,54.42599868774414,9149
2024-11-25,54.5620002746582,54.5620002746582,54.79800033569336,54.444000244140625,54.79800033569336,6088
2024-11-26,54.38600158691406,54.38600158691406,54.492000579833984,54.20000076293945,54.29999923706055,3188
2024-11-27,53.849998474121094,53.849998474121094,54.59400177001953,53.849998474121094,54.59400177001953,12259
2024-11-28,53.672000885009766,53.672000885009766,53.79999923706055,53.61600112915039,53.76599884033203,3727
2024-11-29,54.03200149536133,54.03200149536133,54.077999114990234,53.47600173950195,53.54399871826172,55661
2024-12-02,54.55799865722656,54.55799865722656,54.61600112915039,54.09600067138672,54.30400085449219,21551
2024-12-03,54.604000091552734,54.604000091552734,54.90999984741211,54.14799880981445,54.902000427246094,9614
2024-12-04,54.74599838256836,54.74599838256836,55.040000915527344,54.63800048828125,54.933998107910156,5993
2024-12-05,54.9379997253418,54.9379997253418,54.986000061035156,54.80799865722656,54.849998474121094,3567
2024-12-06,54.88399887084961,54.88399887084961,55.124000549316406,54.895999908447266,55.0359992980957,14538
2024-12-09,56.13800048828125,56.13800048828125,56.32400131225586,55.56399917602539,55.56399917602539,16656
2024-12-10,55.448001861572266,55.448001861572266,55.61600112915039,55.27799987792969,55.34000015258789,4375
2024-12-11,55.57600021362305,55.57600021362305,55.57600021362305,55.31800079345703,55.444000244140625,6900
2024-12-12,55.52000045776367,55.52000045776367,56.0,55.46200180053711,55.948001861572266,1713
2024-12-13,55.32400131225586,55.32400131225586,55.60200119018555,55.29999923706055,55.58599853515625,3630
2024-12-16,55.178001403808594,55.178001403808594,55.38600158691406,55.11800003051758,55.30799865722656,5964
2024-12-17,54.880001068115234,54.880001068115234,54.891998291015625,54.604000091552734,54.84400177001953,3257
2024-12-18,55.007999420166016,55.007999420166016,55.14400100708008,54.92599868774414,55.14400100708008,6116
2024-12-19,54.71799850463867,54.71799850463867,54.78200149536133,54.54999923706055,54.736000061035156,15090
2024-12-20,54.529998779296875,54.529998779296875,54.55400085449219,53.948001861572266,54.38199996948242,3445
2024-12-23,54.597999572753906,54.597999572753906,54.720001220703125,54.52000045776367,54.672000885009766,4569
2024-12-27,54.375999450683594,54.375999450683594,54.599998474121094,54.20199966430664,54.597999572753906,23641
2024-12-30,54.097999572753906,54.097999572753906,54.236000061035156,54.0,54.20600128173828,4657
2025-01-02,54.880001068115234,54.880001068115234,54.88999938964844,54.066001892089844,54.15399932861328,12572
2025-01-03,54.84600067138672,54.84600067138672,54.891998291015625,54.67599868774414,54.88399887084961,2128
2025-01-06,54.84000015258789,54.84000015258789,55.22800064086914,54.7239990234375,54.78799819946289,5354
2025-01-07,54.57600021362305,54.57600021362305,54.80400085449219,54.486000061035156,54.56999969482422,9592
2025-01-08,54.358001708984375,54.358001708984375,54.61000061035156,54.2599983215332,54.354000091552734,4414
2025-01-09,54.37200164794922,54.37200164794922,54.444000244140625,54.16600036621094,54.22800064086914,12458
2025-01-10,53.757999420166016,53.757999420166016,54.119998931884766,53.597999572753906,54.09400177001953,15569
2025-01-13,53.459999084472656,53.459999084472656,53.608001708984375,53.28799819946289,53.551998138427734,16774
2025-01-14,53.72999954223633,53.72999954223633,54.13999938964844,53.69599914550781,54.02799987792969,18184
2025-01-15,54.400001525878906,54.400001525878906,54.400001525878906,53.65999984741211,53.689998626708984,34057
2025-01-16,54.54399871826172,54.54399871826172,54.9900016784668,54.54399871826172,54.91999816894531,38507
2025-01-17,55.05799865722656,55.05799865722656,55.104000091552734,54.5880012512207,54.63399887084961,19155
2025-01-20,55.11800003051758,55.11800003051758,55.279998779296875,54.849998474121094,55.16400146484375,15129
2025-01-21,54.763999938964844,54.763999938964844,55.051998138427734,54.672000885009766,54.970001220703125,5424
2025-01-22,54.84000015258789,54.84000015258789,54.93600082397461,54.61199951171875,54.630001068115234,12137
2025-01-23,54.92599868774414,54.92599868774414,54.9379997253418,54.67599868774414,54.86399841308594,3710
2025-01-24,54.86800003051758,54.86800003051758,55.04199981689453,54.70800018310547,55.034000396728516,6982
2025-01-27,53.79399871826172,53.79399871826172,54.097999572753906,53.57600021362305,54.097999572753906,7832
2025-01-28,54.08000183105469,54.08000183105469,54.29999923706055,54.02399826049805,54.17399978637695,4183
2025-01-29,54.922000885009766,54.922000885009766,55.20600128173828,54.89799880981445,55.07600021362305,11124
2025-01-30,55.551998138427734,55.551998138427734,55.5,54.922000885009766,54.95399856567383,7319
2025-01-31,55.72600173950195,55.72600173950195,55.98400115966797,55.66400146484375,55.84600067138672,12215
2025-02-03,55.4900016784668,55.4900016784668,55.4900016784668,54.847999572753906,54.97800064086914,6858
2025-02-04,55.98400115966797,55.98400115966797,55.99800109863281,55.62200164794922,55.801998138427734,15192
2025-02-05,55.52199935913086,55.52199935913086,55.560001373291016,55.29199981689453,55.560001373291016,15874
2025-02-06,55.880001068115234,55.880001068115234,55.965999603271484,55.72999954223633,55.75199890136719,42477
2025-02-07,56.11600112915039,56.11600112915039,56.42599868774414,56.1619987487793,56.194000244140625,10966
2025-02-10,56.72800064086914,56.72800064086914,56.8120002746582,56.46799850463867,56.53799819946289,12442
2025-02-11,56.47200012207031,56.47200012207031,56.577999114990234,56.15599822998047,56.31999969482422,14604
2025-02-12,56.395999908447266,56.395999908447266,56.60599899291992,56.27199935913086,56.560001373291016,3747
2025-02-13,56.39799880981445,56.39799880981445,56.37200164794922,56.09199905395508,56.2140007019043,7187
2025-02-14,56.4379997253418,56.4379997253418,56.63999938964844,56.39400100708008,56.560001373291016,12063
2025-02-17,57.018001556396484,57.018001556396484,57.018001556396484,56.8120002746582,56.816001892089844,72962
2025-02-18,57.32400131225586,57.32400131225586,57.439998626708984,57.13600158691406,57.34600067138672,40961
2025-02-19,57.38800048828125,57.38800048828125,57.61800003051758,57.189998626708984,57.59400177001953,9614
2025-02-20,57.4379997253418,57.4379997253418,57.85200119018555,57.17599868774414,57.20000076293945,7469
2025-02-21,57.970001220703125,57.970001220703125,58.012001037597656,57.694000244140625,57.74399948120117,5759
2025-02-24,56.683998107910156,56.683998107910156,57.36399841308594,56.54399871826172,57.25600051879883,30662
2025-02-25,56.279998779296875,56.279998779296875,56.560001373291016,56.15800094604492,56.5099983215332,5008
2025-02-26,57.20199966430664,57.20199966430664,57.310001373291016,57.097999572753906,57.209999084472656,6137
2025-02-27,56.874000549316406,56.874000549316406,57.05799865722656,56.599998474121094,56.827999114990234,3753
2025-02-28,55.465999603271484,55.465999603271484,55.604000091552734,55.13399887084961,55.36600112915039,7532
2025-03-03,55.391998291015625,55.391998291015625,55.7400016784668,55.1879997253418,55.7400016784668,6318
2025-03-04,54.47800064086914,54.47800064086914,55.0,54.400001525878906,55.0,9680
2025-03-05,54.77000045776367,54.77000045776367,55.20000076293945,54.689998626708984,55.17399978637695,16122
2025-03-06,55.06399917602539,55.06399917602539,55.28200149536133,54.92599868774414,55.17599868774414,8015
2025-03-07,54.53200149536133,54.53200149536133,55.03200149536133,54.53200149536133,55.03200149536133,7037
2025-03-10,53.880001068115234,53.880001068115234,54.513999938964844,53.63800048828125,54.507999420166016,12961
2025-03-11,53.45800018310547,53.45800018310547,54.01599884033203,53.34000015258789,53.80799865722656,12079
2025-03-12,53.9640007019043,53.9640007019043,54.08599853515625,53.599998474121094,53.827999114990234,12119
2025-03-13,53.93199920654297,53.93199920654297,54.04999923706055,53.63600158691406,53.69200134277344,13688
2025-03-14,54.72800064086914,54.72800064086914,54.81800079345703,54.36399841308594,54.43199920654297,6266
2025-03-17,55.44599914550781,55.44599914550781,55.46200180053711,54.7760009765625,54.79399871826172,7122
2025-03-18,55.395999908447266,55.395999908447266,55.57400131225586,55.242000579833984,55.4739990234375,4724
2025-03-19,55.62799835205078,55.62799835205078,55.731998443603516,55.45600128173828,55.4739990234375,2590
2025-03-20,55.284000396728516,55.284000396728516,55.566001892089844,55.22600173950195,55.50600051879883,7598
2025-03-21,55.284000396728516,55.284000396728516,55.29399871826172,55.0,55.19599914550781,6185
2025-03-24,55.69599914550781,55.69599914550781,55.75400161743164,55.448001861572266,55.566001892089844,8470
2025-03-25,55.53799819946289,55.53799819946289,55.68600082397461,55.34400177001953,55.40800094604492,4052
2025-03-26,55.395999908447266,55.395999908447266,55.6619987487793,55.34400177001953,55.582000732421875,3061
2025-03-27,55.65399932861328,55.65399932861328,55.72200012207031,55.310001373291016,55.52000045776367,3386
2025-03-28,54.305999755859375,54.305999755859375,55.119998931884766,54.29800033569336,55.066001892089844,18681
2025-03-31,54.01599884033203,54.01599884033203,54.01599884033203,53.61800003051758,53.86800003051758,3654
2025-04-01,54.566001892089844,54.566001892089844,54.566001892089844,54.05799865722656,54.49399948120117,12387
2025-04-02,54.27000045776367,54.27000045776367,54.59199905395508,54.16999816894531,54.54199981689453,4640
2025-04-03,52.305999755859375,52.305999755859375,52.95399856567383,51.85599899291992,52.900001525878906,5992
2025-04-04,49.61000061035156,49.61000061035156,52.145999908447266,49.099998474121094,52.051998138427734,10971
2025-04-07,47.928001403808594,47.928001403808594,48.88399887084961,46.417999267578125,46.59400177001953,7030
2025-04-08,48.6879997253418,48.6879997253418,49.28799819946289,48.20800018310547,48.354000091552734,12422
2025-04-09,46.90399932861328,46.90399932861328,48.14799880981445,46.5,48.14799880981445,12321
2025-04-10,48.560001373291016,48.560001373291016,50.875999450683594,48.560001373291016,50.875999450683594,6713
2025-04-11,48.63999938964844,48.63999938964844,49.08399963378906,48.198001861572266,48.9739990234375,6822
2025-04-14,49.854000091552734,49.854000091552734,50.16999816894531,49.310001373291016,49.36199951171875,8197
2025-04-15,50.29800033569336,50.29800033569336,50.31800079345703,49.93000030517578,50.040000915527344,20731
2025-04-16,49.65999984741211,49.65999984741211,49.715999603271484,49.04399871826172,49.31999969482422,7849
2025-04-17,49.757999420166016,49.757999420166016,49.99800109863281,49.604000091552734,49.757999420166016,3997
2025-04-22,49.869998931884766,49.869998931884766,49.944000244140625,49.35599899291992,49.53799819946289,27150
2025-04-23,51.178001403808594,51.178001403808594,51.4900016784668,50.86000061035156,50.965999603271484,4475
2025-04-24,51.402000427246094,51.402000427246094,51.4900016784668,50.709999084472656,50.83000183105469,2448
2025-04-25,51.20000076293945,51.20000076293945,51.41400146484375,51.06999969482422,51.41400146484375,2752
2025-04-28,51.327999114990234,51.327999114990234,51.72800064086914,51.316001892089844,51.625999450683594,6305
2025-04-29,51.54800033569336,51.54800033569336,51.625999450683594,51.428001403808594,51.51599884033203,5149
2025-04-30,51.75,51.75,52.09000015258789,51.4900016784668,51.95199966430664,18544
2025-05-02,53.358001708984375,53.358001708984375,53.7400016784668,53.150001525878906,53.20199966430664,8333
2025-05-05,54.11199951171875,54.11199951171875,54.104000091552734,53.65399932861328,53.68199920654297,22797
2025-05-06,53.71799850463867,53.71799850463867,53.7760009765625,53.24399948120117,53.599998474121094,5230
2025-05-07,53.09199905395508,53.09199905395508,53.27399826049805,53.0,53.257999420166016,8267
2025-05-08,53.45399856567383,53.45399856567383,53.60599899291992,53.09199905395508,53.60599899291992,13407
2025-05-09,53.757999420166016,53.757999420166016,53.9900016784668,53.625999450683594,53.66400146484375,12720
2025-05-12,55.50600051879883,55.50600051879883,56.02000045776367,55.22800064086914,55.369998931884766,19748
2025-05-13,55.47999954223633,55.47999954223633,55.487998962402344,55.05799865722656,55.25400161743164,6755
2025-05-14,55.854000091552734,55.854000091552734,55.854000091552734,55.53200149536133,55.694000244140625,13771
2025-05-15,55.698001861572266,55.698001861572266,55.720001220703125,55.38600158691406,55.45800018310547,5638
2025-05-16,55.83599853515625,55.83599853515625,55.83599853515625,55.58599853515625,55.65800094604492,201899
2025-05-19,55.428001403808594,55.428001403808594,55.41400146484375,54.9640007019043,55.27399826049805,3618
2025-05-20,55.301998138427734,55.301998138427734,55.46799850463867,55.20000076293945,55.28799819946289,6537
2025-05-21,55.2400016784668,55.2400016784668,55.369998931884766,55.013999938964844,55.29199981689453,18424
2025-05-22,54.9119987487793,54.9119987487793,54.98400115966797,54.5880012512207,54.87799835205078,16316
2025-05-23,54.79399871826172,54.79399871826172,55.082000732421875,54.43199920654297,54.874000549316406,9440
2025-05-26,54.84000015258789,54.84000015258789,54.85200119018555,54.625999450683594,54.79399871826172,9206
2025-05-27,54.736000061035156,54.736000061035156,54.80400085449219,54.47800064086914,54.70800018310547,13516
2025-05-28,54.70199966430664,54.70199966430664,54.84400177001953,54.63999938964844,54.80799865722656,4224
2025-05-29,54.56800079345703,54.56800079345703,55.4640007019043,54.56800079345703,55.3380012512207,8629
2025-05-30,53.9640007019043,53.9640007019043,54.45600128173828,53.9640007019043,54.40399932861328,11672
2025-06-02,53.790000915527344,53.790000915527344,53.91999816894531,53.58000183105469,53.731998443603516,6055
2025-06-03,54.33399963378906,54.33399963378906,54.35200119018555,53.93000030517578,54.012001037597656,17105
2025-06-04,54.869998931884766,54.869998931884766,54.948001861572266,54.715999603271484,54.78799819946289,5629
2025-06-05,55.25400161743164,55.25400161743164,55.31999969482422,54.90999984741211,55.194000244140625,11452
2025-06-06,55.36000061035156,55.36000061035156,55.45199966430664,55.08599853515625,55.09199905395508,12741
2025-06-09,55.85200119018555,55.85200119018555,55.869998931884766,55.68600082397461,55.7239990234375,9378
2025-06-10,55.9379997253418,55.9379997253418,56.077999114990234,55.9379997253418,55.959999084472656,5896
2025-06-11,56.25,56.25,56.52000045776367,56.215999603271484,56.52000045776367,12279
2025-06-12,55.678001403808594,55.678001403808594,55.992000579833984,55.36000061035156,55.992000579833984,5304
2025-06-13,55.04600143432617,55.04600143432617,55.220001220703125,54.86000061035156,54.94200134277344,10213
2025-06-16,55.61000061035156,55.61000061035156,55.68600082397461,55.28200149536133,55.31800079345703,18283
2025-06-17,55.35599899291992,55.35599899291992,55.38199996948242,55.12200164794922,55.32600021362305,7833
2025-06-18,55.11399841308594,55.11399841308594,55.35599899291992,55.09000015258789,55.33000183105469,18549
2025-06-19,54.41400146484375,54.41400146484375,54.779998779296875,54.41400146484375,54.77199935913086,23527
2025-06-20,54.731998443603516,54.731998443603516,55.25400161743164,54.75199890136719,54.922000885009766,8271
2025-06-23,54.70199966430664,54.70199966430664,54.90800094604492,54.65800094604492,54.66999816894531,96781
2025-06-24,55.90999984741211,55.90999984741211,55.93199920654297,55.608001708984375,55.779998779296875,5792
2025-06-25,56.040000915527344,56.040000915527344,56.29199981689453,56.007999420166016,56.198001861572266,5790
2025-06-26,56.071998596191406,56.071998596191406,56.1619987487793,55.84600067138672,55.92599868774414,7275
2025-06-27,55.959999084472656,55.959999084472656,56.071998596191406,55.784000396728516,56.01599884033203,19751
2025-06-30,55.67599868774414,55.67599868774414,55.81800079345703,55.63999938964844,55.81399917602539,14208
2025-07-01,55.816001892089844,55.816001892089844,55.902000427246094,55.70399856567383,55.891998291015625,5189
2025-07-02,55.895999908447266,55.895999908447266,55.965999603271484,55.70000076293945,55.816001892089844,5233
2025-07-03,56.45800018310547,56.45800018310547,56.45800018310547,55.99599838256836,56.20600128173828,10570
2025-07-04,55.7859992980957,55.7859992980957,55.91600036621094,55.75199890136719,55.88600158691406,16876
2025-07-07,56.04399871826172,56.04399871826172,56.12799835205078,55.68000030517578,55.74599838256836,11056
2025-07-08,56.18000030517578,56.18000030517578,56.279998779296875,56.05799865722656,56.124000549316406,4048
2025-07-09,56.01599884033203,56.01599884033203,56.24800109863281,55.986000061035156,56.12200164794922,4024
2025-07-10,56.310001373291016,56.310001373291016,56.310001373291016,56.167999267578125,56.20399856567383,8665
2025-07-11,56.145999908447266,56.145999908447266,56.45199966430664,56.145999908447266,56.45199966430664,13667
2025-07-14,56.27399826049805,56.27399826049805,56.29600143432617,56.19200134277344,56.290000915527344,3338
2025-07-15,57.04999923706055,57.04999923706055,57.066001892089844,56.80799865722656,56.83599853515625,5673
2025-07-16,56.65599822998047,56.65599822998047,57.172000885009766,56.65599822998047,57.104000091552734,5699
2025-07-17,57.70199966430664,57.70199966430664,57.715999603271484,57.349998474121094,57.49599838256836,4190
2025-07-18,57.513999938964844,57.513999938964844,57.821998596191406,57.54399871826172,57.58000183105469,4864
2025-07-21,57.650001525878906,57.650001525878906,57.68600082397461,57.52799987792969,57.63399887084961,4705
2025-07-22,57.2239990234375,57.2239990234375,57.37200164794922,57.099998474121094,57.2239990234375,8276
2025-07-23,57.8120002746582,57.8120002746582,57.81999969482422,57.5359992980957,57.59000015258789,4407
2025-07-24,57.49399948120117,57.49399948120117,57.854000091552734,57.49399948120117,57.84000015258789,11425
2025-07-25,57.305999755859375,57.305999755859375,57.40999984741211,57.18000030517578,57.25600051879883,6957
2025-07-28,57.672000885009766,57.672000885009766,57.70600128173828,57.5099983215332,57.608001708984375,19996
2025-07-29,58.0620002746582,58.0620002746582,58.236000061035156,57.93000030517578,57.93600082397461,6096
2025-07-30,58.09000015258789,58.09000015258789,58.301998138427734,58.02000045776367,58.04399871826172,37307
2025-07-31,57.97999954223633,57.97999954223633,58.316001892089844,57.9379997253418,58.22200012207031,5567
2025-08-01,56.757999420166016,56.757999420166016,57.5099983215332,56.5,57.50400161743164,12257
2025-08-04,57.2400016784668,57.2400016784668,57.38399887084961,57.18000030517578,57.18000030517578,26361
2025-08-05,57.50400161743164,57.50400161743164,57.83399963378906,57.47800064086914,57.709999084472656,8992
2025-08-06,57.2140007019043,57.2140007019043,57.694000244140625,57.189998626708984,57.60599899291992,6483
2025-08-07,57.891998291015625,57.891998291015625,58.12200164794922,57.63800048828125,57.72800064086914,7188
2025-08-08,57.667999267578125,57.667999267578125,57.7400016784668,57.60200119018555,57.698001861572266,15671
2025-08-11,57.97600173950195,57.97600173950195,58.0099983215332,57.757999420166016,57.7760009765625,13971
2025-08-12,58.03200149536133,58.03200149536133,58.11399841308594,57.847999572753906,58.066001892089844,3628
2025-08-13,58.67399978637695,58.67399978637695,58.82400131225586,58.486000061035156,58.54600143432617,8530
2025-08-14,58.21799850463867,58.21799850463867,58.529998779296875,58.21799850463867,58.43000030517578,7031
2025-08-18,58.518001556396484,58.518001556396484,58.52399826049805,58.35599899291992,58.439998626708984,8358
2025-08-19,58.268001556396484,58.268001556396484,58.46799850463867,58.25600051879883,58.44200134277344,8769
2025-08-20,57.96799850463867,57.96799850463867,58.20600128173828,57.79999923706055,58.15999984741211,3761
2025-08-21,58.301998138427734,58.301998138427734,58.3120002746582,57.96200180053711,58.11800003051758,14974
2025-08-22,58.74800109863281,58.74800109863281,58.82600021362305,58.38999938964844,58.433998107910156,3561
2025-08-25,59.012001037597656,59.012001037597656,59.07600021362305,58.810001373291016,58.9640007019043,6136
2025-08-26,58.75,58.75,58.939998626708984,58.74800109863281,58.88199996948242,4228
2025-08-27,58.41600036621094,58.41600036621094,58.715999603271484,58.30400085449219,58.60200119018555,35591
2025-08-28,58.33599853515625,58.33599853515625,58.40599822998047,58.0880012512207,58.3120002746582,5735
2025-08-29,57.95399856567383,57.95399856567383,58.20800018310547,57.7760009765625,58.19200134277344,6679
2025-09-01,58.06399917602539,58.06399917602539,58.11600112915039,58.0,58.0359992980957,4541
2025-09-02,57.9900016784668,57.9900016784668,58.24800109863281,57.779998779296875,58.189998626708984,9414
2025-09-03,58.28799819946289,58.28799819946289,58.49599838256836,58.27799987792969,58.36600112915039,6048
2025-09-04,58.10200119018555,58.10200119018555,58.15800094604492,57.99599838256836,58.099998474121094,9370
2025-09-05,58.402000427246094,58.402000427246094,58.75400161743164,58.22800064086914,58.650001525878906,3842
2025-09-08,58.86000061035156,58.86000061035156,59.560001373291016,58.715999603271484,58.88199996948242,109547
2025-09-09,59.45000076293945,59.45000076293945,59.54999923706055,59.13399887084961,59.152000427246094,63219
2025-09-10,60.06399917602539,60.06399917602539,60.12200164794922,59.880001068115234,60.12200164794922,27948
2025-09-11,60.540000915527344,60.540000915527344,60.58399963378906,60.16400146484375,60.27799987792969,20358
2025-09-12,60.6879997253418,60.6879997253418,60.81800079345703,60.54199981689453,60.63800048828125,13951
2025-09-15,60.86000061035156,60.86000061035156,60.95399856567383,60.6879997253418,60.77399826049805,23976
2025-09-16,60.720001220703125,60.720001220703125,61.12799835205078,60.698001861572266,61.12799835205078,38747
2025-09-17,61.22800064086914,61.22800064086914,61.3380012512207,61.04399871826172,61.10599899291992,35508
2025-09-18,61.3120002746582,61.3120002746582,61.433998107910156,61.13999938964844,61.2140007019043,7567
2025-09-19,61.400001525878906,61.400001525878906,61.45000076293945,61.189998626708984,61.189998626708984,33679
2025-09-22,61.35200119018555,61.35200119018555,61.518001556396484,61.28799819946289,61.518001556396484,12010
2025-09-23,61.768001556396484,61.768001556396484,61.7760009765625,61.24800109863281,61.28799819946289,12104
2025-09-24,61.7599983215332,61.7599983215332,61.854000091552734,61.63199996948242,61.64799880981445,12181
2025-09-25,61.566001892089844,61.566001892089844,61.78200149536133,61.2400016784668,61.715999603271484,19925
2025-09-26,61.1619987487793,61.1619987487793,61.2140007019043,60.900001525878906,61.10200119018555,41515
2025-09-29,61.784000396728516,61.784000396728516,61.86000061035156,61.582000732421875,61.66400146484375,25063
2025-09-30,61.76599884033203,61.76599884033203,61.92599868774414,61.624000549316406,61.67599868774414,18700
2025-10-01,62.32600021362305,62.32600021362305,62.32600021362305,61.667999267578125,61.689998626708984,12898
2025-10-02,62.821998596191406,62.821998596191406,62.97600173950195,62.66999816894531,62.86399841308594,13543
2025-10-03,62.94200134277344,62.94200134277344,63.071998596191406,62.854000091552734,62.939998626708984,14286
2025-10-06,63.34000015258789,63.34000015258789,63.439998626708984,63.0,63.071998596191406,21460
2025-10-07,63.30799865722656,63.30799865722656,63.821998596191406,63.30799865722656,63.54199981689453,18936
2025-10-08,63.74399948120117,63.74399948120117,63.74399948120117,63.20600128173828,63.242000579833984,7319
2025-10-09,63.68000030517578,63.68000030517578,63.96799850463867,63.512001037597656,63.874000549316406,46299
2025-10-10,61.6619987487793,61.6619987487793,63.59000015258789,61.6619987487793,63.50600051879883,20153
2025-10-13,63.097999572753906,63.097999572753906,63.12799835205078,62.33000183105469,62.33000183105469,11828
2025-10-14,62.301998138427734,62.301998138427734,62.34400177001953,61.7859992980957,61.95600128173828,48816
2025-10-15,63.220001220703125,63.220001220703125,63.37799835205078,63.0,63.16400146484375,34165
2025-10-16,63.65599822998047,63.65599822998047,63.768001556396484,63.470001220703125,63.58399963378906,8519
2025-10-17,63.08599853515625,63.08599853515625,63.29199981689453,62.00199890136719,62.439998626708984,54137
2025-10-20,64.26000213623047,64.26000213623047,64.30000305175781,63.6879997253418,63.81399917602539,13314
2025-10-21,64.05999755859375,64.05999755859375,64.2959976196289,63.91600036621094,64.29399871826172,18405
2025-10-22,63.8120002746582,63.8120002746582,64.35399627685547,63.83399963378906,64.09200286865234,13183
2025-10-23,64.3280029296875,64.3280029296875,64.3280029296875,63.922000885009766,64.13600158691406,37428
2025-10-27,65.30599975585938,65.30599975585938,65.40399932861328,65.14800262451172,65.26399993896484,12918
2025-10-28,64.9739990234375,64.9739990234375,65.03199768066406,64.58599853515625,64.66200256347656,17510
2025-10-29,65.79199981689453,65.79199981689453,65.96800231933594,65.6520004272461,65.7239990234375,13216
2025-10-30,65.54199981689453,65.54199981689453,65.61599731445312,65.30599975585938,65.52999877929688,18819
2025-10-31,65.30000305175781,65.30000305175781,65.48400115966797,65.19400024414062,65.4000015258789,37970
2025-11-03,65.8280029296875,65.8280029296875,66.0,65.65799713134766,65.76399993896484,28220
2025-11-04,65.33200073242188,65.33200073242188,65.38800048828125,64.80000305175781,65.05000305175781,28687
2025-11-05,65.33000183105469,65.33000183105469,65.38600158691406,64.64199829101562,64.66200256347656,15745
2025-11-06,64.57599639892578,64.57599639892578,65.36399841308594,64.53800201416016,65.29199981689453,26418
2025-11-07,63.60599899291992,63.60599899291992,64.60399627685547,63.49599838256836,64.59400177001953,18732
2025-11-10,65.11199951171875,65.11199951171875,65.33399963378906,65.0719985961914,65.26599884033203,11172
2025-11-11,65.24800109863281,65.24800109863281,65.34200286865234,65.0999984741211,65.26200103759766,21903
2025-11-12,65.29399871826172,65.29399871826172,65.7040023803711,65.1760025024414,65.59400177001953,15228
2025-11-13,64.74600219726562,64.74600219726562,65.64800262451172,64.69200134277344,65.52999877929688,13588
2025-11-14,64.85399627685547,64.85399627685547,64.89600372314453,63.619998931884766,64.03399658203125,29590
2025-11-17,64.26599884033203,64.26599884033203,64.5479965209961,64.15399932861328,64.49600219726562,96939
2025-11-18,63.59400177001953,63.59400177001953,63.59400177001953,63.06999969482422,63.28200149536133,65765
2025-11-19,63.54600143432617,63.54600143432617,63.875999450683594,63.2239990234375,63.321998596191406,12818
2025-11-20,63.70199966430664,63.70199966430664,64.38600158691406,63.70199966430664,64.3239974975586,13544
2025-11-21,62.54399871826172,62.54399871826172,62.63999938964844,61.88399887084961,62.284000396728516,61001
2025-11-24,63.2599983215332,63.2599983215332,63.34199905395508,62.4379997253418,62.73400115966797,59203
2025-11-25,63.03799819946289,63.03799819946289,63.51599884033203,62.7400016784668,63.332000732421875,31763
2025-11-26,63.742000579833984,63.742000579833984,63.90599822998047,63.5,63.597999572753906,12453
2025-11-27,63.6619987487793,63.6619987487793,63.80400085449219,63.63999938964844,63.7400016784668,27679
2025-11-28,63.83000183105469,63.83000183105469,64.08599853515625,63.50600051879883,64.08599853515625,13466
2025-12-01,63.74800109863281,63.74800109863281,63.74800109863281,63.29999923706055,63.44599914550781,20822
2025-12-02,63.571998596191406,63.571998596191406,63.86000061035156,63.599998474121094,63.6879997253418,17150
2025-12-03,63.36399841308594,63.36399841308594,63.52199935913086,63.215999603271484,63.487998962402344,14421
2025-12-04,63.56800079345703,63.56800079345703,63.650001525878906,63.38600158691406,63.55799865722656,6569
2025-12-05,64.23400115966797,64.23400115966797,64.52200317382812,64.16999816894531,64.2300033569336,38156
2025-12-08,63.970001220703125,63.970001220703125,64.22599792480469,63.91600036621094,64.08200073242188,56401
2025-12-09,63.89400100708008,63.89400100708008,63.89400100708008,63.624000549316406,63.83399963378906,22784
2025-12-10,64.01200103759766,64.01200103759766,64.10199737548828,63.917999267578125,63.987998962402344,44719
2025-12-11,63.52399826049805,63.52399826049805,63.608001708984375,63.29999923706055,63.36800003051758,21294
2025-12-12,62.95000076293945,62.95000076293945,63.944000244140625,62.95000076293945,63.880001068115234,88023
2025-12-15,63.104000091552734,63.104000091552734,63.347999572753906,62.944000244140625,63.18000030517578,36232
2025-12-16,62.145999908447266,62.145999908447266,62.400001525878906,62.0,62.28799819946289,42862
2025-12-17,62.071998596191406,62.071998596191406,62.90999984741211,62.071998596191406,62.683998107910156,28464
2025-12-18,62.94200134277344,62.94200134277344,63.055999755859375,62.369998931884766,62.369998931884766,18110
2025-12-19,63.55799865722656,63.55799865722656,63.59000015258789,62.94200134277344,62.965999603271484,7514
2025-12-22,63.45000076293945,63.45000076293945,63.63999938964844,63.36000061035156,63.62799835205078,17967
2025-12-23,63.5099983215332,63.5099983215332,63.5260009765625,63.29800033569336,63.43600082397461,13924
2025-12-29,63.71200180053711,63.71200180053711,64.28399658203125,63.61800003051758,64.15799713134766,34915
2025-12-30,64.19200134277344,64.19200134277344,64.2040023803711,63.88199996948242,63.933998107910156,10226
