Date,AdjClose,Close,High,Low,Open,Volume
2021-07-16,29.937999725341797,29.937999725341797,30.15999984741211,29.937999725341797,30.15999984741211,1986
2021-07-19,29.881999969482422,29.881999969482422,30.003999710083008,29.79800033569336,29.857999801635742,6002
2021-07-20,29.979999542236328,29.979999542236328,30.266000747680664,29.979999542236328,30.077999114990234,5300
2021-07-21,29.856000900268555,29.856000900268555,30.055999755859375,29.836000442504883,30.055999755859375,694
2021-07-22,29.95599937438965,29.95599937438965,29.95599937438965,29.690000534057617,29.812000274658203,2432
2021-07-23,29.884000778198242,29.884000778198242,29.964000701904297,29.808000564575195,29.964000701904297,7415
2021-07-26,29.74799919128418,29.74799919128418,29.968000411987305,29.72800064086914,29.968000411987305,2485
2021-07-27,29.73200035095215,29.73200035095215,29.84000015258789,29.645999908447266,29.738000869750977,3217
2021-07-28,29.763999938964844,29.763999938964844,29.865999221801758,29.738000869750977,29.82200050354004,881
2021-07-29,30.059999465942383,30.059999465942383,30.15999984741211,29.91200065612793,29.945999145507812,1236
2021-07-30,29.989999771118164,29.989999771118164,30.076000213623047,29.968000411987305,30.01799964904785,10270
2021-08-02,29.829999923706055,29.829999923706055,29.8439998626709,29.691999435424805,29.722000122070312,5396
2021-08-03,29.79599952697754,29.79599952697754,29.860000610351562,29.70199966430664,29.753999710083008,6985
2021-08-04,29.81599998474121,29.81599998474121,30.086000442504883,29.81599998474121,29.81800079345703,1149
2021-08-05,29.733999252319336,29.733999252319336,29.898000717163086,29.666000366210938,29.84000015258789,4897
2021-08-06,29.229999542236328,29.229999542236328,29.823999404907227,29.195999145507812,29.715999603271484,31204
2021-08-09,28.722000122070312,28.722000122070312,29.034000396728516,28.694000244140625,28.979999542236328,12945
2021-08-10,28.775999069213867,28.775999069213867,28.92799949645996,28.583999633789062,28.854000091552734,7033
2021-08-11,29.097999572753906,29.097999572753906,29.097999572753906,28.79199981689453,28.84600067138672,9190
2021-08-12,29.104000091552734,29.104000091552734,29.299999237060547,29.076000213623047,29.16200065612793,14197
2021-08-13,29.395999908447266,29.395999908447266,29.43199920654297,29.173999786376953,29.260000228881836,26898
2021-08-16,29.56599998474121,29.56599998474121,29.618000030517578,29.356000900268555,29.375999450683594,10192
2021-08-17,29.68400001525879,29.68400001525879,29.799999237060547,29.68000030517578,29.736000061035156,3025
2021-08-18,29.709999084472656,29.709999084472656,29.860000610351562,29.631999969482422,29.84600067138672,11322
2021-08-19,29.756000518798828,29.756000518798828,29.893999099731445,29.652000427246094,29.760000228881836,3645
2021-08-20,29.799999237060547,29.799999237060547,29.945999145507812,29.775999069213867,29.86199951171875,10655
2021-08-23,30.007999420166016,30.007999420166016,30.007999420166016,29.72599983215332,29.761999130249023,6367
2021-08-24,30.010000228881836,30.010000228881836,30.027999877929688,29.93199920654297,29.974000930786133,5750
2021-08-25,29.676000595092773,29.676000595092773,29.832000732421875,29.586000442504883,29.829999923706055,19960
2021-08-26,29.781999588012695,29.781999588012695,29.854000091552734,29.591999053955078,29.615999221801758,7081
2021-08-27,29.93400001525879,29.93400001525879,29.996000289916992,29.68000030517578,29.899999618530273,7056
2021-08-30,29.93600082397461,29.93600082397461,30.167999267578125,29.93600082397461,30.006000518798828,4249
2021-08-31,29.90399932861328,29.90399932861328,30.011999130249023,29.804000854492188,29.945999145507812,7629
2021-09-01,29.88599967956543,29.88599967956543,30.091999053955078,29.799999237060547,30.003999710083008,6312
2021-09-02,29.799999237060547,29.799999237060547,29.922000885009766,29.648000717163086,29.908000946044922,3358
2021-09-03,30.055999755859375,30.055999755859375,30.115999221801758,29.722000122070312,29.804000854492188,3993
2021-09-06,29.979999542236328,29.979999542236328,30.124000549316406,29.97800064086914,30.034000396728516,70571
2021-09-07,29.58799934387207,29.58799934387207,29.941999435424805,29.549999237060547,29.889999389648438,3294
2021-09-08,29.597999572753906,29.597999572753906,29.711999893188477,29.469999313354492,29.618000030517578,86279
2021-09-09,29.573999404907227,29.573999404907227,29.761999130249023,29.535999298095703,29.54400062561035,3134
2021-09-10,29.59600067138672,29.59600067138672,29.75200080871582,29.492000579833984,29.72800064086914,2976
2021-09-13,29.642000198364258,29.642000198364258,29.757999420166016,29.604000091552734,29.615999221801758,4480
2021-09-14,29.81599998474121,29.81599998474121,29.84000015258789,29.48200035095215,29.591999053955078,2452
2021-09-15,29.625999450683594,29.625999450683594,29.763999938964844,29.58799934387207,29.757999420166016,2201
2021-09-16,29.100000381469727,29.100000381469727,29.5939998626709,29.030000686645508,29.525999069213867,8397
2021-09-17,29.167999267578125,29.167999267578125,29.333999633789062,29.055999755859375,29.20599937438965,4619
2021-09-20,29.31599998474121,29.31599998474121,29.399999618530273,29.18400001525879,29.18400001525879,5829
2021-09-21,29.658000946044922,29.658000946044922,29.658000946044922,29.280000686645508,29.304000854492188,8547
2021-09-22,29.56399917602539,29.56399917602539,29.6200008392334,29.503999710083008,29.586000442504883,3886
2021-09-23,29.077999114990234,29.077999114990234,29.577999114990234,29.02199935913086,29.384000778198242,9270
2021-09-24,29.197999954223633,29.197999954223633,29.211999893188477,29.027999877929688,29.163999557495117,9885
2021-09-27,29.222000122070312,29.222000122070312,29.302000045776367,29.145999908447266,29.288000106811523,31489
2021-09-28,29.054000854492188,29.054000854492188,29.20800018310547,28.851999282836914,29.077999114990234,6045
2021-09-29,29.110000610351562,29.110000610351562,29.20800018310547,28.996000289916992,29.110000610351562,7199
2021-09-30,29.63800048828125,29.63800048828125,29.673999786376953,28.974000930786133,28.974000930786133,5747
2021-10-01,29.615999221801758,29.615999221801758,29.615999221801758,29.459999084472656,29.583999633789062,7083
2021-10-04,29.642000198364258,29.642000198364258,29.672000885009766,29.33799934387207,29.54599952697754,38995
2021-10-05,29.583999633789062,29.583999633789062,29.6200008392334,29.48200035095215,29.554000854492188,14156
2021-10-06,29.75200080871582,29.75200080871582,29.784000396728516,29.472000122070312,29.52400016784668,24586
2021-10-07,29.658000946044922,29.658000946044922,29.79400062561035,29.625999450683594,29.73200035095215,16176
2021-10-08,29.687999725341797,29.687999725341797,30.025999069213867,29.61400032043457,29.70599937438965,41209
2021-10-11,29.643999099731445,29.643999099731445,29.666000366210938,29.54800033569336,29.559999465942383,17707
2021-10-12,29.763999938964844,29.763999938964844,29.90399932861328,29.65999984741211,29.733999252319336,16308
2021-10-13,30.23200035095215,30.23200035095215,30.256000518798828,29.729999542236328,29.79800033569336,16902
2021-10-14,30.266000747680664,30.266000747680664,30.266000747680664,30.13599967956543,30.167999267578125,12711
2021-10-15,29.804000854492188,29.804000854492188,30.100000381469727,29.700000762939453,30.100000381469727,32683
2021-10-18,29.733999252319336,29.733999252319336,29.79800033569336,29.648000717163086,29.724000930786133,13982
2021-10-19,29.697999954223633,29.697999954223633,29.875999450683594,29.67799949645996,29.802000045776367,8688
2021-10-20,29.895999908447266,29.895999908447266,29.899999618530273,29.77400016784668,29.780000686645508,15611
2021-10-21,29.833999633789062,29.833999633789062,29.988000869750977,29.799999237060547,29.850000381469727,20849
2021-10-22,30.06399917602539,30.06399917602539,30.36199951171875,30.027999877929688,30.073999404907227,6133
2021-10-25,30.381999969482422,30.381999969482422,30.381999969482422,30.06599998474121,30.110000610351562,6430
2021-10-26,30.104000091552734,30.104000091552734,30.347999572753906,29.996000289916992,30.347999572753906,7449
2021-10-27,30.172000885009766,30.172000885009766,30.172000885009766,29.993999481201172,30.062000274658203,22293
2021-10-28,30.110000610351562,30.110000610351562,30.41200065612793,30.02199935913086,30.31800079345703,322515
2021-10-29,30.006000518798828,30.006000518798828,30.09600067138672,29.6200008392334,29.6200008392334,198604
2021-11-01,30.170000076293945,30.170000076293945,30.260000228881836,30.04199981689453,30.073999404907227,13520
2021-11-02,30.1200008392334,30.1200008392334,30.256000518798828,30.100000381469727,30.256000518798828,6830
2021-11-03,29.694000244140625,29.694000244140625,30.118000030517578,29.649999618530273,30.020000457763672,15460
2021-11-04,30.29599952697754,30.29599952697754,30.441999435424805,29.926000595092773,29.926000595092773,8512
2021-11-05,30.5939998626709,30.5939998626709,30.643999099731445,30.0,30.31999969482422,11739
2021-11-08,30.691999435424805,30.691999435424805,30.784000396728516,30.600000381469727,30.649999618530273,10049
2021-11-09,30.763999938964844,30.763999938964844,30.784000396728516,30.65999984741211,30.65999984741211,6432
2021-11-10,31.45800018310547,31.45800018310547,31.45800018310547,30.77199935913086,30.77199935913086,9058
2021-11-11,31.667999267578125,31.667999267578125,31.724000930786133,31.583999633789062,31.591999053955078,6597
2021-11-12,31.739999771118164,31.739999771118164,31.76799964904785,31.474000930786133,31.634000778198242,15429
2021-11-15,31.83799934387207,31.83799934387207,31.83799934387207,31.666000366210938,31.697999954223633,3803
2021-11-16,31.917999267578125,31.917999267578125,32.21200180053711,31.916000366210938,31.965999603271484,15069
2021-11-17,32.152000427246094,32.152000427246094,32.231998443603516,32.04199981689453,32.04199981689453,14008
2021-11-18,31.97800064086914,31.97800064086914,32.17599868774414,31.922000885009766,32.17599868774414,14303
2021-11-19,32.02000045776367,32.02000045776367,32.22600173950195,31.93199920654297,31.95199966430664,3602
2021-11-22,31.441999435424805,31.441999435424805,32.02399826049805,31.441999435424805,31.93400001525879,13510
2021-11-23,30.892000198364258,30.892000198364258,31.374000549316406,30.88599967956543,31.374000549316406,13016
2021-11-24,31.20800018310547,31.20800018310547,31.20800018310547,31.007999420166016,31.106000900268555,5730
2021-11-25,31.1299991607666,31.1299991607666,31.219999313354492,31.100000381469727,31.219999313354492,10911
2021-11-26,30.95800018310547,30.95800018310547,31.381999969482422,30.95800018310547,31.368000030517578,52764
2021-11-29,30.898000717163086,30.898000717163086,31.143999099731445,30.898000717163086,31.09000015258789,25547
2021-11-30,30.67799949645996,30.67799949645996,31.027999877929688,30.67799949645996,30.860000610351562,12392
2021-12-01,30.761999130249023,30.761999130249023,30.812000274658203,30.625999450683594,30.625999450683594,12260
2021-12-02,30.459999084472656,30.459999084472656,30.68400001525879,30.374000549316406,30.624000549316406,18423
2021-12-03,30.666000366210938,30.666000366210938,30.722000122070312,30.5,30.535999298095703,21910
2021-12-06,30.79800033569336,30.79800033569336,30.826000213623047,30.690000534057617,30.826000213623047,25188
2021-12-07,30.97800064086914,30.97800064086914,30.97800064086914,30.788000106811523,30.812000274658203,14047
2021-12-08,30.687999725341797,30.687999725341797,30.969999313354492,30.6560001373291,30.908000946044922,12744
2021-12-09,30.718000411987305,30.718000411987305,30.79400062561035,30.57200050354004,30.763999938964844,38845
2021-12-10,30.785999298095703,30.785999298095703,30.878000259399414,30.610000610351562,30.610000610351562,9665
2021-12-13,30.898000717163086,30.898000717163086,30.947999954223633,30.854000091552734,30.854000091552734,9072
2021-12-14,30.676000595092773,30.676000595092773,30.874000549316406,30.507999420166016,30.874000549316406,6757
2021-12-15,30.606000900268555,30.606000900268555,30.68400001525879,30.5939998626709,30.615999221801758,8588
2021-12-16,31.011999130249023,31.011999130249023,31.011999130249023,30.742000579833984,30.804000854492188,11449
2021-12-17,31.20199966430664,31.20199966430664,31.239999771118164,31.110000610351562,31.187999725341797,46524
2021-12-20,30.993999481201172,30.993999481201172,31.200000762939453,30.965999603271484,31.18400001525879,12369
2021-12-21,30.91200065612793,30.91200065612793,31.082000732421875,30.90399932861328,30.996000289916992,1644
2021-12-22,30.959999084472656,30.959999084472656,30.97800064086914,30.871999740600586,30.950000762939453,12692
2021-12-23,31.15399932861328,31.15399932861328,31.22599983215332,31.09000015258789,31.104000091552734,7558
2021-12-27,31.20800018310547,31.20800018310547,31.243999481201172,31.100000381469727,31.166000366210938,18058
2021-12-28,31.200000762939453,31.200000762939453,31.54800033569336,31.200000762939453,31.284000396728516,8043
2021-12-29,31.003999710083008,31.003999710083008,31.200000762939453,30.854000091552734,31.145999908447266,12118
2021-12-30,31.02199935913086,31.02199935913086,31.082000732421875,31.01799964904785,31.02199935913086,4170
2022-01-03,31.083999633789062,31.083999633789062,31.43600082397461,31.083999633789062,31.392000198364258,19251
2022-01-04,31.31999969482422,31.31999969482422,31.31999969482422,31.145999908447266,31.191999435424805,15578
2022-01-05,31.395999908447266,31.395999908447266,31.464000701904297,31.31599998474121,31.333999633789062,23877
2022-01-06,30.898000717163086,30.898000717163086,31.128000259399414,30.634000778198242,31.128000259399414,16221
2022-01-07,30.799999237060547,30.799999237060547,30.988000869750977,30.777999877929688,30.871999740600586,10486
2022-01-10,30.90999984741211,30.90999984741211,31.059999465942383,30.8799991607666,30.8799991607666,16049
2022-01-11,31.172000885009766,31.172000885009766,31.172000885009766,31.06800079345703,31.11400032043457,7313
2022-01-12,31.124000549316406,31.124000549316406,31.22800064086914,31.08799934387207,31.211999893188477,9155
2022-01-13,30.90399932861328,30.90399932861328,31.07200050354004,30.86199951171875,31.04400062561035,3339
2022-01-14,31.07200050354004,31.07200050354004,31.110000610351562,31.006000518798828,31.076000213623047,3715
2022-01-17,31.11199951171875,31.11199951171875,31.20800018310547,31.086000442504883,31.110000610351562,8523
2022-01-18,31.187999725341797,31.187999725341797,31.299999237060547,31.0,31.062000274658203,27703
2022-01-19,31.621999740600586,31.621999740600586,31.63800048828125,31.200000762939453,31.200000762939453,19995
2022-01-20,31.652000427246094,31.652000427246094,31.74799919128418,31.579999923706055,31.601999282836914,20845
2022-01-21,31.540000915527344,31.540000915527344,31.65999984741211,31.45800018310547,31.65999984741211,7846
2022-01-24,31.6299991607666,31.6299991607666,31.823999404907227,31.56399917602539,31.68199920654297,60497
2022-01-25,31.923999786376953,31.923999786376953,31.974000930786133,31.719999313354492,31.76799964904785,72436
2022-01-26,31.687999725341797,31.687999725341797,31.959999084472656,31.670000076293945,31.856000900268555,19085
2022-01-27,31.375999450683594,31.375999450683594,31.68000030517578,31.375999450683594,31.552000045776367,27888
2022-01-28,31.195999145507812,31.195999145507812,31.440000534057617,31.145999908447266,31.437999725341797,30190
2022-01-31,31.263999938964844,31.263999938964844,31.336000442504883,31.158000946044922,31.246000289916992,18938
2022-02-01,31.5,31.5,31.54199981689453,31.1299991607666,31.54199981689453,21662
2022-02-02,31.214000701904297,31.214000701904297,31.243999481201172,31.035999298095703,31.06399917602539,27400
2022-02-03,30.79599952697754,30.79599952697754,31.209999084472656,30.648000717163086,31.148000717163086,17649
2022-02-04,30.763999938964844,30.763999938964844,30.972000122070312,30.733999252319336,30.777999877929688,14902
2022-02-07,30.986000061035156,30.986000061035156,31.010000228881836,30.86400032043457,30.923999786376953,18063
2022-02-08,31.20199966430664,31.20199966430664,31.299999237060547,31.020000457763672,31.101999282836914,10640
2022-02-09,31.218000411987305,31.218000411987305,31.229999542236328,31.15999984741211,31.229999542236328,5912
2022-02-10,31.229999542236328,31.229999542236328,31.389999389648438,31.166000366210938,31.29599952697754,28128
2022-02-11,31.3799991607666,31.3799991607666,31.4060001373291,31.25200080871582,31.299999237060547,46874
2022-02-14,32.082000732421875,32.082000732421875,32.310001373291016,31.812000274658203,31.868000030517578,72685
2022-02-15,31.760000228881836,31.760000228881836,32.369998931884766,31.70800018310547,32.36800003051758,29693
2022-02-16,31.98200035095215,31.98200035095215,31.98200035095215,31.75,31.81599998474121,16325
2022-02-17,32.507999420166016,32.507999420166016,32.57600021362305,32.07400131225586,32.15800094604492,19700
2022-02-18,32.577999114990234,32.577999114990234,32.667999267578125,32.38800048828125,32.4739990234375,337650
2022-02-21,32.61399841308594,32.61399841308594,32.72200012207031,32.26599884033203,32.4379997253418,61278
2022-02-22,32.698001861572266,32.698001861572266,33.071998596191406,32.5,32.992000579833984,32408
2022-02-23,32.88399887084961,32.88399887084961,32.95000076293945,32.2760009765625,32.619998931884766,10309
2022-02-24,33.63399887084961,33.63399887084961,34.68199920654297,33.354000091552734,33.6879997253418,80243
2022-02-25,32.7140007019043,32.7140007019043,33.44599914550781,32.599998474121094,33.321998596191406,30007
2022-02-28,33.013999938964844,33.013999938964844,33.369998931884766,33.0,33.12200164794922,24415
2022-03-01,33.86199951171875,33.86199951171875,33.86199951171875,33.14799880981445,33.14799880981445,29057
2022-03-02,33.65999984741211,33.65999984741211,34.5,33.65999984741211,34.15399932861328,79190
2022-03-03,34.02399826049805,34.02399826049805,34.19599914550781,33.849998474121094,33.98400115966797,58204
2022-03-04,35.04999923706055,35.04999923706055,35.220001220703125,34.20000076293945,34.20000076293945,86717
2022-03-07,35.52000045776367,35.52000045776367,36.12200164794922,35.0099983215332,35.5,430622
2022-03-08,36.9739990234375,36.9739990234375,37.013999938964844,35.742000579833984,36.18000030517578,155596
2022-03-09,35.19599914550781,35.19599914550781,36.54600143432617,34.94200134277344,36.54600143432617,70351
2022-03-10,35.28200149536133,35.28200149536133,35.77399826049805,34.86800003051758,35.0,36695
2022-03-11,35.36399841308594,35.36399841308594,35.4379997253418,34.75199890136719,35.369998931884766,19528
2022-03-14,34.75199890136719,34.75199890136719,35.150001525878906,34.69200134277344,35.150001525878906,20889
2022-03-15,34.25600051879883,34.25600051879883,34.35200119018555,33.810001373291016,34.09400177001953,55135
2022-03-16,33.827999114990234,33.827999114990234,34.16600036621094,33.678001403808594,34.007999420166016,17436
2022-03-17,34.09199905395508,34.09199905395508,34.43199920654297,34.09199905395508,34.15599822998047,25285
2022-03-18,33.939998626708984,33.939998626708984,34.29999923706055,33.939998626708984,34.08599853515625,25098
2022-03-21,34.183998107910156,34.183998107910156,34.2140007019043,33.82400131225586,33.944000244140625,30234
2022-03-22,34.0099983215332,34.0099983215332,34.29999923706055,33.75400161743164,34.29999923706055,20974
2022-03-23,34.263999938964844,34.263999938964844,34.40999984741211,34.01599884033203,34.018001556396484,12135
2022-03-24,34.827999114990234,34.827999114990234,34.86000061035156,34.349998474121094,34.52199935913086,23320
2022-03-25,34.72800064086914,34.72800064086914,34.763999938964844,34.43000030517578,34.61399841308594,66892
2022-03-28,34.43000030517578,34.43000030517578,34.53200149536133,34.178001403808594,34.47800064086914,15867
2022-03-29,33.577999114990234,33.577999114990234,34.30799865722656,33.1619987487793,34.30799865722656,34488
2022-03-30,33.810001373291016,33.810001373291016,33.849998474121094,33.52199935913086,33.70800018310547,20996
2022-03-31,34.18000030517578,34.18000030517578,34.18000030517578,33.61800003051758,33.61800003051758,56072
2022-04-01,34.05799865722656,34.05799865722656,34.15800094604492,33.933998107910156,34.0359992980957,13494
2022-04-04,34.27399826049805,34.27399826049805,34.375999450683594,34.060001373291016,34.09400177001953,12106
2022-04-05,34.39799880981445,34.39799880981445,34.54600143432617,34.178001403808594,34.34199905395508,116406
2022-04-06,34.459999084472656,34.459999084472656,34.571998596191406,34.27000045776367,34.34000015258789,21789
2022-04-07,34.83399963378906,34.83399963378906,34.83399963378906,34.4119987487793,34.4119987487793,35174
2022-04-08,34.87799835205078,34.87799835205078,35.0,34.61800003051758,34.672000885009766,94976
2022-04-11,34.97999954223633,34.97999954223633,35.21799850463867,34.77799987792969,34.79999923706055,22597
2022-04-12,35.45000076293945,35.45000076293945,35.45000076293945,34.99399948120117,35.19200134277344,110698
2022-04-13,35.5099983215332,35.5099983215332,35.70000076293945,35.44200134277344,35.44200134277344,28257
2022-04-14,35.486000061035156,35.486000061035156,35.65800094604492,35.13199996948242,35.28799819946289,13532
2022-04-19,35.32600021362305,35.32600021362305,35.779998779296875,35.22800064086914,35.72999954223633,19344
2022-04-20,35.09600067138672,35.09600067138672,35.13199996948242,34.99800109863281,35.082000732421875,17398
2022-04-21,34.880001068115234,34.880001068115234,34.970001220703125,34.667999267578125,34.95199966430664,6604
2022-04-22,34.90399932861328,34.90399932861328,35.22600173950195,34.757999420166016,35.167999267578125,6347
2022-04-25,34.50199890136719,34.50199890136719,35.108001708984375,34.37799835205078,34.869998931884766,29599
2022-04-26,34.81800079345703,34.81800079345703,34.900001525878906,34.61600112915039,34.65399932861328,27689
2022-04-27,34.875999450683594,34.875999450683594,35.13999938964844,34.74800109863281,34.85200119018555,13480
2022-04-28,35.018001556396484,35.018001556396484,35.099998474121094,34.67399978637695,34.88199996948242,4676
2022-04-29,35.2599983215332,35.2599983215332,35.486000061035156,35.25199890136719,35.37799835205078,203924
2022-05-02,34.58599853515625,34.58599853515625,34.900001525878906,34.47200012207031,34.84000015258789,13777
2022-05-03,34.672000885009766,34.672000885009766,34.784000396728516,34.35599899291992,34.49399948120117,10682
2022-05-04,34.49599838256836,34.49599838256836,34.922000885009766,34.43600082397461,34.619998931884766,12410
2022-05-05,34.91400146484375,34.91400146484375,35.26599884033203,34.80799865722656,34.869998931884766,23405
2022-05-06,34.827999114990234,34.827999114990234,34.86199951171875,34.604000091552734,34.81999969482422,22801
2022-05-09,34.40800094604492,34.40800094604492,34.7400016784668,34.29800033569336,34.7400016784668,18407
2022-05-10,34.13600158691406,34.13600158691406,34.465999603271484,34.13600158691406,34.36600112915039,87812
2022-05-11,34.2400016784668,34.2400016784668,34.61199951171875,33.84000015258789,34.097999572753906,21258
2022-05-12,34.400001525878906,34.400001525878906,34.608001708984375,34.31399917602539,34.35200119018555,15544
2022-05-13,33.95199966430664,33.95199966430664,34.42399978637695,33.900001525878906,34.2140007019043,20484
2022-05-16,33.959999084472656,33.959999084472656,33.981998443603516,33.5,33.875999450683594,23763
2022-05-17,33.715999603271484,33.715999603271484,34.141998291015625,33.683998107910156,34.08000183105469,27225
2022-05-18,33.76599884033203,33.76599884033203,33.76599884033203,33.5,33.60200119018555,11095
2022-05-19,34.0260009765625,34.0260009765625,34.066001892089844,33.678001403808594,33.77199935913086,28977
2022-05-20,34.06999969482422,34.06999969482422,34.125999450683594,33.832000732421875,34.09600067138672,8471
2022-05-23,33.8380012512207,33.8380012512207,34.178001403808594,33.78799819946289,34.08599853515625,11328
2022-05-24,33.928001403808594,33.928001403808594,33.95199966430664,33.72200012207031,33.73400115966797,10221
2022-05-25,33.790000915527344,33.790000915527344,34.0,33.75600051879883,33.89799880981445,6678
2022-05-26,33.5620002746582,33.5620002746582,33.77799987792969,33.54199981689453,33.77799987792969,11518
2022-05-27,33.77399826049805,33.77399826049805,33.874000549316406,33.63999938964844,33.63999938964844,9151
2022-05-30,33.582000732421875,33.582000732421875,34.0,33.54999923706055,34.0,11958
2022-05-31,33.50600051879883,33.50600051879883,33.7599983215332,33.4640007019043,33.68600082397461,9919
2022-06-01,33.77199935913086,33.77199935913086,33.80799865722656,33.25199890136719,33.80799865722656,12892
2022-06-02,33.9739990234375,33.9739990234375,33.9739990234375,33.763999938964844,33.805999755859375,5209
2022-06-03,33.70800018310547,33.70800018310547,33.91999816894531,33.689998626708984,33.83599853515625,12270
2022-06-06,33.61399841308594,33.61399841308594,33.87799835205078,33.58000183105469,33.70800018310547,10000
2022-06-07,33.757999420166016,33.757999420166016,33.827999114990234,33.58399963378906,33.58399963378906,18555
2022-06-08,33.7599983215332,33.7599983215332,33.76599884033203,33.58399963378906,33.715999603271484,14251
2022-06-09,33.694000244140625,33.694000244140625,33.7239990234375,33.487998962402344,33.66999816894531,23844
2022-06-10,34.51599884033203,34.51599884033203,34.51599884033203,33.518001556396484,33.518001556396484,48680
2022-06-13,34.13399887084961,34.13399887084961,34.69599914550781,34.104000091552734,34.69599914550781,33617
2022-06-14,33.922000885009766,33.922000885009766,34.209999084472656,33.922000885009766,34.15399932861328,17416
2022-06-15,34.14400100708008,34.14400100708008,34.33399963378906,33.805999755859375,33.93600082397461,19001
2022-06-16,34.24599838256836,34.24599838256836,34.38199996948242,34.0099983215332,34.2400016784668,28833
2022-06-17,34.327999114990234,34.327999114990234,34.358001708984375,34.183998107910156,34.22600173950195,17425
2022-06-20,34.034000396728516,34.034000396728516,34.16400146484375,34.0,34.1619987487793,31160
2022-06-21,33.965999603271484,33.965999603271484,34.040000915527344,33.810001373291016,33.97800064086914,17456
2022-06-22,33.86800003051758,33.86800003051758,34.20399856567383,33.82400131225586,33.939998626708984,32731
2022-06-23,33.9900016784668,33.9900016784668,34.172000885009766,33.81999969482422,33.81999969482422,23456
2022-06-24,33.810001373291016,33.810001373291016,33.891998291015625,33.6879997253418,33.72800064086914,70700
2022-06-27,33.4739990234375,33.4739990234375,33.933998107910156,33.45199966430664,33.900001525878906,12886
2022-06-28,33.6879997253418,33.6879997253418,33.827999114990234,33.534000396728516,33.667999267578125,14285
2022-06-29,33.816001892089844,33.816001892089844,33.986000061035156,33.625999450683594,33.731998443603516,17597
2022-06-30,33.70800018310547,33.70800018310547,34.18000030517578,33.698001861572266,33.90999984741211,25386
2022-07-01,33.827999114990234,33.827999114990234,33.87799835205078,33.33399963378906,33.534000396728516,53636
2022-07-04,33.7859992980957,33.7859992980957,33.87200164794922,33.65800094604492,33.87200164794922,42219
2022-07-05,33.59600067138672,33.59600067138672,34.183998107910156,33.58399963378906,33.801998138427734,38610
2022-07-06,33.321998596191406,33.321998596191406,33.854000091552734,33.29999923706055,33.582000732421875,105643
2022-07-07,33.40599822998047,33.40599822998047,33.444000244140625,33.2760009765625,33.349998474121094,19464
2022-07-08,33.38800048828125,33.38800048828125,33.694000244140625,33.25,33.428001403808594,29461
2022-07-11,33.60200119018555,33.60200119018555,33.948001861572266,33.20000076293945,33.948001861572266,22537
2022-07-12,33.55799865722656,33.55799865722656,34.0620002746582,33.51599884033203,33.737998962402344,23042
2022-07-13,33.60200119018555,33.60200119018555,33.83000183105469,33.263999938964844,33.49800109863281,105181
2022-07-14,33.21799850463867,33.21799850463867,33.49599838256836,33.16999816894531,33.439998626708984,56231
2022-07-15,32.93000030517578,32.93000030517578,33.25400161743164,32.900001525878906,33.150001525878906,16057
2022-07-18,32.80400085449219,32.80400085449219,33.11399841308594,32.77799987792969,33.029998779296875,8180
2022-07-19,32.63399887084961,32.63399887084961,32.74800109863281,32.5,32.74800109863281,18753
2022-07-20,32.62200164794922,32.62200164794922,32.73400115966797,32.444000244140625,32.459999084472656,13594
2022-07-21,32.72999954223633,32.72999954223633,32.76599884033203,32.099998474121094,32.25,11015
2022-07-22,33.012001037597656,33.012001037597656,33.13999938964844,32.77000045776367,32.790000915527344,391054
2022-07-25,32.75600051879883,32.75600051879883,33.029998779296875,32.62200164794922,33.00600051879883,17928
2022-07-26,33.06999969482422,33.06999969482422,33.10599899291992,32.880001068115234,32.91600036621094,8964
2022-07-27,33.09000015258789,33.09000015258789,33.42399978637695,32.965999603271484,33.06399917602539,12605
2022-07-28,33.65399932861328,33.65399932861328,33.69599914550781,33.00600051879883,33.242000579833984,28030
2022-07-29,33.709999084472656,33.709999084472656,33.75199890136719,33.551998138427734,33.5880012512207,16503
2022-08-01,33.555999755859375,33.555999755859375,33.77199935913086,33.54600143432617,33.61199951171875,57898
2022-08-02,34.02199935913086,34.02199935913086,34.12200164794922,33.7239990234375,33.768001556396484,43429
2022-08-03,33.790000915527344,33.790000915527344,33.91600036621094,33.709999084472656,33.90800094604492,217204
2022-08-04,34.08599853515625,34.08599853515625,34.22800064086914,33.92599868774414,33.928001403808594,11637
2022-08-05,34.08000183105469,34.08000183105469,34.12200164794922,33.965999603271484,34.10599899291992,33644
2022-08-08,34.13999938964844,34.13999938964844,34.16600036621094,33.93000030517578,34.00600051879883,58075
2022-08-09,34.19200134277344,34.19200134277344,34.231998443603516,34.066001892089844,34.125999450683594,53763
2022-08-10,33.880001068115234,33.880001068115234,34.257999420166016,33.880001068115234,34.198001861572266,13280
2022-08-11,33.75400161743164,33.75400161743164,33.874000549316406,33.72600173950195,33.762001037597656,36415
2022-08-12,34.13800048828125,34.13800048828125,34.13800048828125,33.74599838256836,33.874000549316406,24155
2022-08-15,34.0620002746582,34.0620002746582,34.125999450683594,33.902000427246094,34.125999450683594,29924
2022-08-16,34.007999420166016,34.007999420166016,34.215999603271484,34.00400161743164,34.172000885009766,23255
2022-08-17,33.80799865722656,33.80799865722656,34.0880012512207,33.768001556396484,34.055999755859375,21753
2022-08-18,33.89799880981445,33.89799880981445,34.013999938964844,33.641998291015625,33.80400085449219,3295
2022-08-19,33.95199966430664,33.95199966430664,34.04800033569336,33.85200119018555,33.90399932861328,13421
2022-08-22,34.04999923706055,34.04999923706055,34.04999923706055,33.689998626708984,33.75,22978
2022-08-23,34.172000885009766,34.172000885009766,34.19200134277344,34.04399871826172,34.152000427246094,12647
2022-08-24,34.2599983215332,34.2599983215332,34.34000015258789,34.16999816894531,34.237998962402344,7831
2022-08-25,34.32400131225586,34.32400131225586,34.44200134277344,34.24800109863281,34.284000396728516,32502
2022-08-26,33.875999450683594,33.875999450683594,34.369998931884766,33.849998474121094,34.369998931884766,35600
2022-08-29,33.948001861572266,33.948001861572266,33.97999954223633,33.65999984741211,33.768001556396484,23438
2022-08-30,33.55400085449219,33.55400085449219,33.7859992980957,33.55400085449219,33.75600051879883,19765
2022-08-31,33.29399871826172,33.29399871826172,33.54999923706055,33.29399871826172,33.534000396728516,12956
2022-09-01,33.20399856567383,33.20399856567383,33.29399871826172,33.051998138427734,33.21200180053711,51163
2022-09-02,33.3120002746582,33.3120002746582,33.40599822998047,33.0880012512207,33.279998779296875,45392
2022-09-05,33.60599899291992,33.60599899291992,33.70000076293945,33.577999114990234,33.68199920654297,116603
2022-09-06,33.48400115966797,33.48400115966797,33.672000885009766,33.48400115966797,33.597999572753906,13881
2022-09-07,33.5359992980957,33.5359992980957,33.715999603271484,33.38199996948242,33.41600036621094,102501
2022-09-08,33.44599914550781,33.44599914550781,33.599998474121094,33.316001892089844,33.56999969482422,21087
2022-09-09,33.34600067138672,33.34600067138672,33.47200012207031,33.20000076293945,33.39400100708008,52042
2022-09-12,33.327999114990234,33.327999114990234,33.327999114990234,32.96799850463867,33.02000045776367,11222
2022-09-13,33.22200012207031,33.22200012207031,33.22200012207031,33.02399826049805,33.11800003051758,37305
2022-09-14,33.194000244140625,33.194000244140625,33.2859992980957,33.16400146484375,33.25,6385
2022-09-15,32.52399826049805,32.52399826049805,33.04199981689453,32.45600128173828,33.03799819946289,11952
2022-09-16,32.597999572753906,32.597999572753906,32.69599914550781,32.36000061035156,32.39400100708008,36786
2022-09-19,32.58599853515625,32.58599853515625,32.608001708984375,32.40800094604492,32.513999938964844,8406
2022-09-20,32.48400115966797,32.48400115966797,32.566001892089844,32.422000885009766,32.50600051879883,16361
2022-09-21,32.88199996948242,32.88199996948242,32.9900016784668,32.81999969482422,32.928001403808594,25300
2022-09-22,33.14400100708008,33.14400100708008,33.21200180053711,32.832000732421875,32.88999938964844,14620
2022-09-23,33.03799819946289,33.03799819946289,33.26599884033203,32.79199981689453,33.262001037597656,13641
2022-09-26,33.1879997253418,33.1879997253418,33.22200012207031,33.03799819946289,33.10599899291992,36540
2022-09-27,33.099998474121094,33.099998474121094,33.18000030517578,33.029998779296875,33.09600067138672,10956
2022-09-28,33.39799880981445,33.39799880981445,33.52199935913086,32.95600128173828,33.099998474121094,13048
2022-09-29,33.04800033569336,33.04800033569336,33.2400016784668,32.96799850463867,33.189998626708984,13569
2022-09-30,33.27199935913086,33.27199935913086,33.402000427246094,33.0880012512207,33.20000076293945,283742
2022-10-03,33.47200012207031,33.47200012207031,33.54600143432617,32.94200134277344,33.066001892089844,48701
2022-10-04,33.77199935913086,33.77199935913086,33.77199935913086,33.5260009765625,33.68000030517578,182574
2022-10-05,33.77199935913086,33.77199935913086,33.805999755859375,33.38800048828125,33.689998626708984,55294
2022-10-06,33.94200134277344,33.94200134277344,34.0,33.77000045776367,33.875999450683594,9457
2022-10-07,33.90599822998047,33.90599822998047,34.09600067138672,33.737998962402344,33.737998962402344,19219
2022-10-10,33.50400161743164,33.50400161743164,33.81800079345703,33.45399856567383,33.79999923706055,73822
2022-10-11,33.630001068115234,33.630001068115234,33.630001068115234,33.380001068115234,33.48400115966797,17035
2022-10-12,33.512001037597656,33.512001037597656,33.619998931884766,33.36600112915039,33.492000579833984,10969
2022-10-13,33.262001037597656,33.262001037597656,33.641998291015625,33.040000915527344,33.52399826049805,16963
2022-10-14,32.93199920654297,32.93199920654297,33.279998779296875,32.89400100708008,33.257999420166016,11860
2022-10-17,32.986000061035156,32.986000061035156,33.27399826049805,32.97999954223633,33.04600143432617,14896
2022-10-18,32.65800094604492,32.65800094604492,32.790000915527344,32.650001525878906,32.7140007019043,26750
2022-10-19,32.49399948120117,32.49399948120117,32.645999908447266,32.492000579833984,32.52000045776367,9510
2022-10-20,32.56800079345703,32.56800079345703,32.597999572753906,32.42599868774414,32.44200134277344,185532
2022-10-21,32.65800094604492,32.65800094604492,32.66999816894531,32.279998779296875,32.36399841308594,21563
2022-10-24,32.54800033569336,32.54800033569336,32.79800033569336,32.5,32.77199935913086,8687
2022-10-25,32.369998931884766,32.369998931884766,32.59000015258789,32.34199905395508,32.59000015258789,16440
2022-10-26,32.32400131225586,32.32400131225586,32.55400085449219,32.316001892089844,32.55400085449219,6686
2022-10-27,32.4379997253418,32.4379997253418,32.4379997253418,32.15999984741211,32.194000244140625,10743
2022-10-28,32.1619987487793,32.1619987487793,32.402000427246094,32.108001708984375,32.380001068115234,13566
2022-10-31,32.279998779296875,32.279998779296875,32.332000732421875,32.099998474121094,32.20399856567383,6484
2022-11-01,32.51599884033203,32.51599884033203,32.65999984741211,31.850000381469727,32.31399917602539,12459
2022-11-02,32.529998779296875,32.529998779296875,32.65999984741211,32.316001892089844,32.58399963378906,7016
2022-11-03,32.48400115966797,32.48400115966797,32.577999114990234,32.349998474121094,32.45000076293945,93332
2022-11-04,32.89799880981445,32.89799880981445,32.933998107910156,32.59600067138672,32.832000732421875,222851
2022-11-07,32.70800018310547,32.70800018310547,32.77799987792969,32.667999267578125,32.736000061035156,293997
2022-11-08,33.13199996948242,33.13199996948242,33.183998107910156,32.11199951171875,32.540000915527344,150590
2022-11-09,33.209999084472656,33.209999084472656,33.33599853515625,33.0,33.167999267578125,153639
2022-11-10,33.5260009765625,33.5260009765625,33.534000396728516,33.25400161743164,33.25400161743164,44242
2022-11-11,33.237998962402344,33.237998962402344,33.78799819946289,33.237998962402344,33.507999420166016,158029
2022-11-14,33.34600067138672,33.34600067138672,33.46200180053711,33.194000244140625,33.2760009765625,221341
2022-11-15,33.22600173950195,33.22600173950195,33.36000061035156,33.16400146484375,33.36000061035156,36409
2022-11-16,33.25199890136719,33.25199890136719,33.36199951171875,33.25199890136719,33.3120002746582,2806
2022-11-17,33.17599868774414,33.17599868774414,33.23400115966797,32.89400100708008,33.141998291015625,13272
2022-11-18,33.02799987792969,33.02799987792969,33.220001220703125,33.0,33.15800094604492,5566
2022-11-21,32.986000061035156,32.986000061035156,33.19599914550781,32.95800018310547,33.05400085449219,160078
2022-11-22,33.007999420166016,33.007999420166016,33.18000030517578,32.98400115966797,33.097999572753906,4640
2022-11-23,32.75600051879883,32.75600051879883,32.88199996948242,32.5,32.87200164794922,42576
2022-11-24,32.88399887084961,32.88399887084961,33.19200134277344,32.869998931884766,33.0,4496
2022-11-25,32.79399871826172,32.79399871826172,32.88800048828125,32.74399948120117,32.762001037597656,3605
2022-11-28,32.72999954223633,32.72999954223633,32.90999984741211,32.63399887084961,32.89400100708008,15642
2022-11-29,32.97800064086914,32.97800064086914,33.04999923706055,32.93600082397461,32.94200134277344,7137
2022-11-30,33.119998931884766,33.119998931884766,33.15999984741211,32.944000244140625,33.02199935913086,9570
2022-12-01,33.402000427246094,33.402000427246094,33.402000427246094,33.19599914550781,33.24399948120117,67891
2022-12-02,33.25400161743164,33.25400161743164,33.374000549316406,33.16400146484375,33.34199905395508,8830
2022-12-05,32.90999984741211,32.90999984741211,33.27000045776367,32.83399963378906,33.27000045776367,3327
2022-12-06,32.89400100708008,32.89400100708008,32.981998443603516,32.847999572753906,32.895999908447266,11541
2022-12-07,33.034000396728516,33.034000396728516,33.04600143432617,32.84000015258789,33.012001037597656,25824
2022-12-08,33.00400161743164,33.00400161743164,33.130001068115234,33.00199890136719,33.08000183105469,3621
2022-12-09,33.321998596191406,33.321998596191406,33.321998596191406,32.99599838256836,33.03799819946289,14194
2022-12-12,32.96799850463867,32.96799850463867,33.13399887084961,32.96799850463867,33.13399887084961,4718
2022-12-13,33.198001861572266,33.198001861572266,33.29800033569336,32.965999603271484,32.981998443603516,68813
2022-12-14,33.10200119018555,33.10200119018555,33.15800094604492,33.012001037597656,33.152000427246094,4394
2022-12-15,32.52799987792969,32.52799987792969,32.72200012207031,32.36800003051758,32.72200012207031,22151
2022-12-16,32.88600158691406,32.88600158691406,32.88600158691406,32.4900016784668,32.59400177001953,6878
2022-12-19,32.83599853515625,32.83599853515625,32.992000579833984,32.44200134277344,32.86600112915039,9983
2022-12-20,33.2859992980957,33.2859992980957,33.305999755859375,32.96799850463867,32.96799850463867,4931
2022-12-21,33.36000061035156,33.36000061035156,33.40599822998047,33.257999420166016,33.28799819946289,12655
2022-12-22,33.04999923706055,33.04999923706055,33.33599853515625,32.9900016784668,33.257999420166016,9147
2022-12-23,33.055999755859375,33.055999755859375,33.077999114990234,32.93000030517578,32.97600173950195,18521
2022-12-27,33.290000915527344,33.290000915527344,33.391998291015625,33.02399826049805,33.055999755859375,2300
2022-12-28,33.04600143432617,33.04600143432617,33.37799835205078,32.96200180053711,33.37799835205078,14437
2022-12-29,33.13600158691406,33.13600158691406,33.183998107910156,32.902000427246094,33.02399826049805,11425
2022-12-30,33.20399856567383,33.20399856567383,33.21799850463867,33.13399887084961,33.209999084472656,8176
2023-01-02,33.36800003051758,33.36800003051758,34.11800003051758,33.097999572753906,34.11800003051758,14791
2023-01-03,33.7859992980957,33.7859992980957,34.02000045776367,33.742000579833984,33.86600112915039,10741
2023-01-04,34.13399887084961,34.13399887084961,34.178001403808594,34.034000396728516,34.130001068115234,8955
2023-01-05,33.880001068115234,33.880001068115234,34.119998931884766,33.81999969482422,33.95600128173828,66806
2023-01-06,34.172000885009766,34.172000885009766,34.25199890136719,34.00400161743164,34.034000396728516,9121
2023-01-09,33.9900016784668,33.9900016784668,34.22800064086914,33.948001861572266,34.183998107910156,7523
2023-01-10,34.029998779296875,34.029998779296875,34.11399841308594,33.97600173950195,33.97999954223633,15874
2023-01-11,33.89400100708008,33.89400100708008,34.19599914550781,33.832000732421875,34.14799880981445,90085
2023-01-12,34.09400177001953,34.09400177001953,34.237998962402344,34.0,34.082000732421875,10312
2023-01-13,34.45600128173828,34.45600128173828,34.45600128173828,34.12200164794922,34.13399887084961,56576
2023-01-16,34.47999954223633,34.47999954223633,34.757999420166016,34.45000076293945,34.470001220703125,6885
2023-01-17,34.49599838256836,34.49599838256836,34.49599838256836,34.18600082397461,34.36199951171875,24671
2023-01-18,34.36800003051758,34.36800003051758,34.52199935913086,34.29600143432617,34.34400177001953,9182
2023-01-19,34.65399932861328,34.65399932861328,34.70800018310547,34.32400131225586,34.4640007019043,8669
2023-01-20,34.60200119018555,34.60200119018555,34.74399948120117,34.60200119018555,34.72200012207031,14291
2023-01-23,34.46200180053711,34.46200180053711,34.52199935913086,34.284000396728516,34.284000396728516,8711
2023-01-24,34.63800048828125,34.63800048828125,34.763999938964844,34.470001220703125,34.715999603271484,9920
2023-01-25,34.60200119018555,34.60200119018555,34.60200119018555,34.47200012207031,34.52399826049805,13205
2023-01-26,34.53799819946289,34.53799819946289,34.69599914550781,34.45399856567383,34.650001525878906,5132
2023-01-27,34.624000549316406,34.624000549316406,34.652000427246094,34.44599914550781,34.4739990234375,10057
2023-01-30,34.47600173950195,34.47600173950195,34.540000915527344,34.375999450683594,34.4640007019043,11383
2023-01-31,34.566001892089844,34.566001892089844,34.630001068115234,34.17399978637695,34.391998291015625,16104
2023-02-01,34.39799880981445,34.39799880981445,34.53200149536133,34.349998474121094,34.47200012207031,12025
2023-02-02,34.231998443603516,34.231998443603516,34.683998107910156,34.231998443603516,34.65599822998047,20897
2023-02-03,33.54600143432617,33.54600143432617,34.231998443603516,33.5260009765625,34.209999084472656,35842
2023-02-06,33.922000885009766,33.922000885009766,33.9739990234375,33.79199981689453,33.902000427246094,30140
2023-02-07,34.19200134277344,34.19200134277344,34.2400016784668,33.97800064086914,34.11000061035156,69007
2023-02-08,34.05799865722656,34.05799865722656,34.167999267578125,33.986000061035156,34.14400100708008,7703
2023-02-09,33.93600082397461,33.93600082397461,34.15999984741211,33.8380012512207,34.15999984741211,10768
2023-02-10,33.91999816894531,33.91999816894531,34.012001037597656,33.84199905395508,33.86000061035156,21551
2023-02-13,33.68000030517578,33.68000030517578,34.0099983215332,33.68000030517578,34.0099983215332,23144
2023-02-14,33.58599853515625,33.58599853515625,33.762001037597656,33.5,33.74800109863281,34479
2023-02-15,33.439998626708984,33.439998626708984,33.5260009765625,33.29600143432617,33.400001525878906,19322
2023-02-16,33.49800109863281,33.49800109863281,33.52799987792969,33.391998291015625,33.49599838256836,4817
2023-02-17,33.56399917602539,33.56399917602539,33.56399917602539,33.316001892089844,33.347999572753906,73882
2023-02-20,33.60200119018555,33.60200119018555,33.72200012207031,33.577999114990234,33.625999450683594,20400
2023-02-21,33.52799987792969,33.52799987792969,33.65800094604492,33.43199920654297,33.4739990234375,15228
2023-02-22,33.619998931884766,33.619998931884766,33.69599914550781,33.55400085449219,33.64400100708008,3500
2023-02-23,33.5,33.5,33.74399948120117,33.43000030517578,33.57600021362305,13577
2023-02-24,33.465999603271484,33.465999603271484,33.54399871826172,33.41600036621094,33.48400115966797,13904
2023-02-27,33.369998931884766,33.369998931884766,33.448001861572266,33.09400177001953,33.43000030517578,25043
2023-02-28,33.54600143432617,33.54600143432617,33.560001373291016,33.20399856567383,33.2599983215332,15005
2023-03-01,33.52799987792969,33.52799987792969,33.63600158691406,33.47600173950195,33.5880012512207,12859
2023-03-02,33.768001556396484,33.768001556396484,33.77399826049805,33.52199935913086,33.534000396728516,20175
2023-03-03,33.895999908447266,33.895999908447266,33.92599868774414,33.79999923706055,33.82600021362305,14004
2023-03-06,33.76599884033203,33.76599884033203,34.40999984741211,33.66400146484375,33.93199920654297,19126
2023-03-07,33.487998962402344,33.487998962402344,33.72999954223633,33.400001525878906,33.71200180053711,10643
2023-03-08,33.57400131225586,33.57400131225586,33.5880012512207,33.220001220703125,33.52399826049805,11416
2023-03-09,33.689998626708984,33.689998626708984,33.720001220703125,33.30799865722656,33.492000579833984,7831
2023-03-10,33.88199996948242,33.88199996948242,34.03799819946289,33.67399978637695,33.7599983215332,5162
2023-03-13,34.5880012512207,34.5880012512207,34.84199905395508,34.08000183105469,34.08000183105469,54508
2023-03-14,34.63600158691406,34.63600158691406,34.81999969482422,34.55799865722656,34.81999969482422,24091
2023-03-15,35.7239990234375,35.7239990234375,35.88600158691406,34.25600051879883,34.34400177001953,40315
2023-03-16,35.20399856567383,35.20399856567383,35.58599853515625,34.970001220703125,35.15800094604492,65655
2023-03-17,35.763999938964844,35.763999938964844,36.0,35.236000061035156,35.236000061035156,196500
2023-03-20,35.902000427246094,35.902000427246094,36.79999923706055,35.74800109863281,36.650001525878906,231575
2023-03-21,35.12200164794922,35.12200164794922,35.784000396728516,35.12200164794922,35.784000396728516,37395
2023-03-22,35.17599868774414,35.17599868774414,35.2140007019043,34.99800109863281,35.108001708984375,6969
2023-03-23,35.68000030517578,35.68000030517578,35.68000030517578,35.242000579833984,35.316001892089844,19272
2023-03-24,35.9739990234375,35.9739990234375,36.37799835205078,35.79399871826172,35.79399871826172,15167
2023-03-27,35.310001373291016,35.310001373291016,35.77000045776367,35.099998474121094,35.61800003051758,397305
2023-03-28,35.34000015258789,35.34000015258789,35.402000427246094,35.10200119018555,35.22999954223633,152336
2023-03-29,35.347999572753906,35.347999572753906,35.40800094604492,35.172000885009766,35.29399871826172,115450
2023-03-30,35.25,35.25,35.38800048828125,35.060001373291016,35.38800048828125,7802
2023-03-31,35.46200180053711,35.46200180053711,35.50199890136719,35.20000076293945,35.39799880981445,10874
2023-04-03,35.571998596191406,35.571998596191406,35.70199966430664,35.194000244140625,35.236000061035156,35613
2023-04-04,35.93000030517578,35.93000030517578,35.959999084472656,35.183998107910156,35.395999908447266,36424
2023-04-05,36.0099983215332,36.0099983215332,36.15999984741211,35.85200119018555,35.99599838256836,21792
2023-04-06,35.84199905395508,35.84199905395508,36.10599899291992,35.763999938964844,35.95600128173828,20172
2023-04-11,35.74399948120117,35.74399948120117,35.81999969482422,35.58000183105469,35.768001556396484,28991
2023-04-12,35.61600112915039,35.61600112915039,36.0,35.305999755859375,35.94599914550781,8181
2023-04-13,35.944000244140625,35.944000244140625,36.0880012512207,35.60200119018555,35.84199905395508,14073
2023-04-14,35.417999267578125,35.417999267578125,36.10200119018555,35.34199905395508,35.91600036621094,16236
2023-04-17,35.512001037597656,35.512001037597656,35.816001892089844,35.37200164794922,35.6619987487793,31636
2023-04-18,35.70000076293945,35.70000076293945,35.78200149536133,35.31399917602539,35.56800079345703,10098
2023-04-19,35.41400146484375,35.41400146484375,35.689998626708984,35.007999420166016,35.433998107910156,16006
2023-04-20,35.57600021362305,35.57600021362305,35.7859992980957,35.215999603271484,35.47999954223633,295992
2023-04-21,35.07600021362305,35.07600021362305,35.599998474121094,35.04600143432617,35.36800003051758,179225
2023-04-24,35.0359992980957,35.0359992980957,35.27799987792969,34.94200134277344,35.14400100708008,11973
2023-04-25,35.268001556396484,35.268001556396484,35.27799987792969,34.92599868774414,35.15999984741211,153656
2023-04-26,35.18000030517578,35.18000030517578,35.358001708984375,35.145999908447266,35.358001708984375,21038
2023-04-27,35.06399917602539,35.06399917602539,35.301998138427734,34.95199966430664,35.290000915527344,29734
2023-04-28,35.11600112915039,35.11600112915039,35.215999603271484,35.0620002746582,35.077999114990234,21641
2023-05-02,35.68199920654297,35.68199920654297,35.68199920654297,35.0620002746582,35.150001525878906,30592
2023-05-03,35.672000885009766,35.672000885009766,35.672000885009766,35.4900016784668,35.619998931884766,22558
2023-05-04,36.28799819946289,36.28799819946289,36.400001525878906,35.736000061035156,35.847999572753906,38958
2023-05-05,35.59400177001953,35.59400177001953,36.119998931884766,35.433998107910156,36.097999572753906,35897
2023-05-08,35.80799865722656,35.80799865722656,35.816001892089844,35.597999572753906,35.641998291015625,84572
2023-05-09,36.00400161743164,36.00400161743164,36.07600021362305,35.80799865722656,35.8120002746582,8412
2023-05-10,35.92599868774414,35.92599868774414,36.29199981689453,35.88999938964844,36.04600143432617,96172
2023-05-11,35.9900016784668,35.9900016784668,36.33599853515625,35.9739990234375,36.11800003051758,20451
2023-05-12,36.05799865722656,36.05799865722656,36.16400146484375,35.74800109863281,35.81399917602539,14407
2023-05-15,36.13199996948242,36.13199996948242,36.18600082397461,36.012001037597656,36.15399932861328,16254
2023-05-16,35.827999114990234,35.827999114990234,36.0,35.827999114990234,35.93600082397461,22996
2023-05-17,35.608001708984375,35.608001708984375,35.77000045776367,35.5880012512207,35.67399978637695,12710
2023-05-18,35.3380012512207,35.3380012512207,35.61199951171875,35.305999755859375,35.571998596191406,10053
2023-05-19,35.67399978637695,35.67399978637695,35.67399978637695,35.32400131225586,35.5099983215332,21515
2023-05-22,35.56800079345703,35.56800079345703,35.66600036621094,35.481998443603516,35.604000091552734,8025
2023-05-23,35.52399826049805,35.52399826049805,35.619998931884766,35.25600051879883,35.33399963378906,15067
2023-05-24,35.63999938964844,35.63999938964844,35.821998596191406,35.54999923706055,35.63800048828125,40269
2023-05-25,35.32400131225586,35.32400131225586,35.64799880981445,35.29999923706055,35.56399917602539,14443
2023-05-26,35.32600021362305,35.32600021362305,35.50600051879883,35.077999114990234,35.40800094604492,12061
2023-05-29,35.37799835205078,35.37799835205078,35.45000076293945,35.279998779296875,35.316001892089844,9135
2023-05-30,35.61600112915039,35.61600112915039,35.61600112915039,35.29399871826172,35.301998138427734,9787
2023-05-31,36.02799987792969,36.02799987792969,36.05400085449219,35.66400146484375,35.7140007019043,8475
2023-06-01,35.90599822998047,35.90599822998047,35.90599822998047,35.624000549316406,35.75400161743164,14465
2023-06-02,35.63199996948242,35.63199996948242,35.84000015258789,35.577999114990234,35.75199890136719,20494
2023-06-05,35.56999969482422,35.56999969482422,35.67399978637695,35.305999755859375,35.38800048828125,13222
2023-06-06,35.72600173950195,35.72600173950195,35.84000015258789,35.55400085449219,35.5880012512207,4292
2023-06-07,35.52799987792969,35.52799987792969,35.7599983215332,35.52799987792969,35.68600082397461,20072
2023-06-08,35.53200149536133,35.53200149536133,35.599998474121094,35.29999923706055,35.38399887084961,6499
2023-06-09,35.53200149536133,35.53200149536133,35.56999969482422,35.42399978637695,35.5,5229
2023-06-12,35.4640007019043,35.4640007019043,35.54600143432617,35.31999969482422,35.52799987792969,6516
2023-06-13,35.10599899291992,35.10599899291992,35.46200180053711,35.07600021362305,35.38199996948242,11498
2023-06-14,35.130001068115234,35.130001068115234,35.2239990234375,35.05400085449219,35.124000549316406,11419
2023-06-15,34.847999572753906,34.847999572753906,34.95399856567383,34.58399963378906,34.77799987792969,15792
2023-06-16,34.91999816894531,34.91999816894531,34.95199966430664,34.80400085449219,34.88399887084961,12914
2023-06-19,34.79999923706055,34.79999923706055,34.874000549316406,34.75199890136719,34.81999969482422,3063
2023-06-20,34.54999923706055,34.54999923706055,34.83000183105469,34.4900016784668,34.83000183105469,20633
2023-06-21,34.32400131225586,34.32400131225586,34.534000396728516,34.290000915527344,34.51599884033203,19420
2023-06-22,34.012001037597656,34.012001037597656,34.18199920654297,33.987998962402344,34.18000030517578,8766
2023-06-23,34.391998291015625,34.391998291015625,34.604000091552734,34.104000091552734,34.104000091552734,104239
2023-06-26,34.375999450683594,34.375999450683594,34.560001373291016,34.305999755859375,34.347999572753906,146330
2023-06-27,34.013999938964844,34.013999938964844,34.33399963378906,34.0,34.31999969482422,119948
2023-06-28,34.104000091552734,34.104000091552734,34.104000091552734,33.88999938964844,34.00400161743164,26222
2023-06-29,34.18000030517578,34.18000030517578,34.194000244140625,33.90999984741211,33.981998443603516,36152
2023-06-30,34.20800018310547,34.20800018310547,34.215999603271484,34.119998931884766,34.15800094604492,10850
2023-07-03,34.402000427246094,34.402000427246094,34.465999603271484,34.14799880981445,34.26599884033203,32230
2023-07-04,34.43600082397461,34.43600082397461,34.492000579833984,34.38600158691406,34.38999938964844,9827
2023-07-05,34.45399856567383,34.45399856567383,34.56399917602539,34.34000015258789,34.39799880981445,5421
2023-07-06,34.20600128173828,34.20600128173828,34.439998626708984,34.11399841308594,34.42599868774414,20449
2023-07-07,34.32400131225586,34.32400131225586,34.380001068115234,34.209999084472656,34.2140007019043,9787
2023-07-10,34.08599853515625,34.08599853515625,34.21200180053711,34.040000915527344,34.189998626708984,7481
2023-07-11,34.22999954223633,34.22999954223633,34.305999755859375,34.119998931884766,34.18600082397461,6687
2023-07-12,34.220001220703125,34.220001220703125,34.34000015258789,34.141998291015625,34.18000030517578,11822
2023-07-13,34.099998474121094,34.099998474121094,34.279998779296875,34.04999923706055,34.279998779296875,1574
2023-07-14,33.92599868774414,33.92599868774414,34.0260009765625,33.86000061035156,33.96799850463867,11818
2023-07-17,33.84400177001953,33.84400177001953,33.95000076293945,33.78799819946289,33.85200119018555,11940
2023-07-18,34.354000091552734,34.354000091552734,34.38199996948242,33.900001525878906,33.9119987487793,16828
2023-07-19,34.33599853515625,34.33599853515625,34.400001525878906,34.22999954223633,34.31999969482422,4960
2023-07-20,34.42599868774414,34.42599868774414,34.45800018310547,34.30799865722656,34.38999938964844,5234
2023-07-21,34.347999572753906,34.347999572753906,34.43000030517578,34.29600143432617,34.43000030517578,10573
2023-07-24,34.444000244140625,34.444000244140625,34.54399871826172,34.30799865722656,34.33399963378906,7469
2023-07-25,34.59199905395508,34.59199905395508,34.61199951171875,34.42599868774414,34.470001220703125,24833
2023-07-26,34.68600082397461,34.68600082397461,34.72999954223633,34.57400131225586,34.66600036621094,11464
2023-07-27,34.44200134277344,34.44200134277344,34.678001403808594,34.391998291015625,34.619998931884766,5681
2023-07-28,34.641998291015625,34.641998291015625,34.6619987487793,34.29199981689453,34.599998474121094,33750
2023-07-31,34.7859992980957,34.7859992980957,34.79199981689453,34.4900016784668,34.5359992980957,34156
2023-08-01,34.54600143432617,34.54600143432617,34.72200012207031,34.492000579833984,34.66999816894531,13831
2023-08-02,34.428001403808594,34.428001403808594,34.65399932861328,34.428001403808594,34.540000915527344,26412
2023-08-03,34.45000076293945,34.45000076293945,34.56399917602539,34.38199996948242,34.465999603271484,12685
2023-08-04,34.257999420166016,34.257999420166016,34.45000076293945,34.23400115966797,34.369998931884766,4437
2023-08-07,34.20000076293945,34.20000076293945,34.36000061035156,34.20000076293945,34.34000015258789,10753
2023-08-08,34.25600051879883,34.25600051879883,34.358001708984375,34.220001220703125,34.2400016784668,17267
2023-08-09,33.965999603271484,33.965999603271484,34.24399948120117,33.965999603271484,34.24399948120117,4973
2023-08-10,33.895999908447266,33.895999908447266,34.06399917602539,33.805999755859375,33.9640007019043,73256
2023-08-11,34.02799987792969,34.02799987792969,34.077999114990234,33.86600112915039,33.9119987487793,33286
2023-08-14,34.055999755859375,34.055999755859375,34.14400100708008,33.784000396728516,34.034000396728516,86609
2023-08-15,33.98400115966797,33.98400115966797,34.082000732421875,33.79999923706055,33.94200134277344,6569
2023-08-16,33.965999603271484,33.965999603271484,34.00600051879883,33.90399932861328,33.965999603271484,11075
2023-08-17,33.88999938964844,33.88999938964844,33.97600173950195,33.84400177001953,33.939998626708984,37701
2023-08-18,33.87200164794922,33.87200164794922,33.9640007019043,33.87200164794922,33.92599868774414,66130
2023-08-21,33.784000396728516,33.784000396728516,33.87799835205078,33.709999084472656,33.84400177001953,243662
2023-08-22,34.04800033569336,34.04800033569336,34.04999923706055,33.849998474121094,33.849998474121094,137094
2023-08-23,34.380001068115234,34.380001068115234,34.4379997253418,34.104000091552734,34.104000091552734,93952
2023-08-24,34.52000045776367,34.52000045776367,34.52000045776367,34.380001068115234,34.44599914550781,12697
2023-08-25,34.4379997253418,34.4379997253418,34.597999572753906,34.4379997253418,34.54800033569336,39550
2023-08-28,34.63800048828125,34.63800048828125,34.63800048828125,34.459999084472656,34.48400115966797,19813
2023-08-29,34.736000061035156,34.736000061035156,34.75,34.56999969482422,34.630001068115234,9544
2023-08-30,34.63199996948242,34.63199996948242,34.71799850463867,34.61399841308594,34.66999816894531,15236
2023-08-31,34.832000732421875,34.832000732421875,34.847999572753906,34.70800018310547,34.70800018310547,27435
2023-09-01,34.94200134277344,34.94200134277344,34.9900016784668,34.81800079345703,34.82600021362305,22188
2023-09-04,34.96799850463867,34.96799850463867,35.06999969482422,34.93000030517578,35.06999969482422,15570
2023-09-05,35.00199890136719,35.00199890136719,35.04600143432617,34.970001220703125,35.03200149536133,44901
2023-09-06,34.821998596191406,34.821998596191406,34.94599914550781,34.810001373291016,34.94599914550781,36964
2023-09-07,34.900001525878906,34.900001525878906,34.99399948120117,34.84400177001953,34.85200119018555,19262
2023-09-08,34.900001525878906,34.900001525878906,35.012001037597656,34.900001525878906,34.98400115966797,67599
2023-09-11,34.84400177001953,34.84400177001953,35.0,34.80400085449219,34.987998962402344,55604
2023-09-12,34.70000076293945,34.70000076293945,34.88800048828125,34.689998626708984,34.82600021362305,31060
2023-09-13,34.64799880981445,34.64799880981445,34.69599914550781,34.608001708984375,34.61399841308594,11425
2023-09-14,34.83599853515625,34.83599853515625,34.874000549316406,34.54999923706055,34.59199905395508,12822
2023-09-15,35.12200164794922,35.12200164794922,35.20000076293945,34.992000579833984,35.02399826049805,32330
2023-09-18,35.099998474121094,35.099998474121094,35.220001220703125,35.099998474121094,35.21200180053711,14813
2023-09-19,35.2140007019043,35.2140007019043,35.40800094604492,35.16600036621094,35.194000244140625,14403
2023-09-20,35.29999923706055,35.29999923706055,35.32400131225586,35.11399841308594,35.183998107910156,12618
2023-09-21,35.04600143432617,35.04600143432617,35.2599983215332,35.0,35.2599983215332,47970
2023-09-22,35.189998626708984,35.189998626708984,35.327999114990234,35.06999969482422,35.1619987487793,33453
2023-09-25,35.290000915527344,35.290000915527344,35.349998474121094,35.18600082397461,35.20199966430664,43465
2023-09-26,35.0359992980957,35.0359992980957,35.20399856567383,34.981998443603516,35.17599868774414,20206
2023-09-27,34.821998596191406,34.821998596191406,34.965999603271484,34.79999923706055,34.96200180053711,22772
2023-09-28,34.2760009765625,34.2760009765625,34.790000915527344,34.2400016784668,34.790000915527344,7085
2023-09-29,34.124000549316406,34.124000549316406,34.47600173950195,34.124000549316406,34.38600158691406,39502
2023-10-02,33.9640007019043,33.9640007019043,34.24599838256836,33.79999923706055,33.91999816894531,24608
2023-10-03,33.91999816894531,33.91999816894531,33.9900016784668,33.84600067138672,33.86800003051758,12999
2023-10-04,33.757999420166016,33.757999420166016,33.87200164794922,33.70000076293945,33.87200164794922,30605
2023-10-05,33.577999114990234,33.577999114990234,33.762001037597656,33.577999114990234,33.74599838256836,50442
2023-10-06,33.72200012207031,33.72200012207031,33.80400085449219,33.5099983215332,33.608001708984375,23391
2023-10-09,34.19599914550781,34.19599914550781,34.25,34.03799819946289,34.16400146484375,35135
2023-10-10,34.130001068115234,34.130001068115234,34.22600173950195,34.082000732421875,34.22600173950195,9318
2023-10-11,34.310001373291016,34.310001373291016,34.40800094604492,34.18600082397461,34.194000244140625,9449
2023-10-12,34.54600143432617,34.54600143432617,34.604000091552734,34.428001403808594,34.465999603271484,6125
2023-10-13,35.619998931884766,35.619998931884766,35.619998931884766,34.68199920654297,34.68199920654297,95189
2023-10-16,35.46200180053711,35.46200180053711,35.5260009765625,35.2760009765625,35.2760009765625,30035
2023-10-17,35.38399887084961,35.38399887084961,35.624000549316406,35.18600082397461,35.42399978637695,18311
2023-10-18,35.93199920654297,35.93199920654297,36.1619987487793,35.63800048828125,35.65999984741211,74140
2023-10-19,36.051998138427734,36.051998138427734,36.09600067138672,35.90800094604492,35.95199966430664,28718
2023-10-20,36.65999984741211,36.65999984741211,36.68199920654297,36.305999755859375,36.417999267578125,80465
2023-10-23,36.16400146484375,36.16400146484375,36.38600158691406,36.15800094604492,36.347999572753906,21551
2023-10-24,36.11199951171875,36.11199951171875,36.11199951171875,35.86000061035156,36.02399826049805,12084
2023-10-25,36.380001068115234,36.380001068115234,36.63199996948242,36.099998474121094,36.25400161743164,23842
2023-10-26,36.55799865722656,36.55799865722656,36.77799987792969,36.43000030517578,36.6619987487793,61690
2023-10-27,36.402000427246094,36.402000427246094,36.65999984741211,36.36800003051758,36.63999938964844,29307
2023-10-30,36.67399978637695,36.67399978637695,36.79600143432617,36.599998474121094,36.76599884033203,65621
2023-10-31,36.70199966430664,36.70199966430664,36.810001373291016,36.428001403808594,36.58599853515625,37265
2023-11-01,36.518001556396484,36.518001556396484,36.95199966430664,36.444000244140625,36.4640007019043,16296
2023-11-02,36.354000091552734,36.354000091552734,36.5,36.25600051879883,36.47800064086914,28287
2023-11-03,36.11399841308594,36.11399841308594,36.448001861572266,36.06399917602539,36.38399887084961,39204
2023-11-06,35.9119987487793,35.9119987487793,36.012001037597656,35.89400100708008,35.96799850463867,19151
2023-11-07,35.79600143432617,35.79600143432617,35.880001068115234,35.650001525878906,35.827999114990234,16793
2023-11-08,35.566001892089844,35.566001892089844,35.900001525878906,35.5,35.86600112915039,11988
2023-11-09,35.66999816894531,35.66999816894531,35.67399978637695,35.369998931884766,35.43600082397461,33443
2023-11-10,35.354000091552734,35.354000091552734,35.67399978637695,35.354000091552734,35.67399978637695,21544
2023-11-13,35.39799880981445,35.39799880981445,35.39799880981445,35.236000061035156,35.279998779296875,26838
2023-11-14,35.22999954223633,35.22999954223633,35.422000885009766,34.900001525878906,35.38199996948242,27791
2023-11-15,35.14400100708008,35.14400100708008,35.38999938964844,34.869998931884766,35.25199890136719,11627
2023-11-16,35.58599853515625,35.58599853515625,35.58599853515625,35.22800064086914,35.2859992980957,39726
2023-11-17,35.45000076293945,35.45000076293945,35.70800018310547,35.448001861572266,35.67399978637695,15755
2023-11-20,35.097999572753906,35.097999572753906,35.28200149536133,35.00199890136719,35.28200149536133,14476
2023-11-21,35.624000549316406,35.624000549316406,35.79199981689453,35.2859992980957,35.39799880981445,21424
2023-11-22,35.68000030517578,35.68000030517578,35.816001892089844,35.4900016784668,35.7239990234375,6770
2023-11-23,35.534000396728516,35.534000396728516,35.82400131225586,35.40999984741211,35.58399963378906,5864
2023-11-24,35.59199905395508,35.59199905395508,35.69200134277344,35.534000396728516,35.56999969482422,8306
2023-11-27,35.75600051879883,35.75600051879883,35.84199905395508,35.731998443603516,35.74800109863281,9956
2023-11-28,36.034000396728516,36.034000396728516,36.09199905395508,35.763999938964844,35.83399963378906,93194
2023-11-29,36.22200012207031,36.22200012207031,36.236000061035156,36.09000015258789,36.20199966430664,80949
2023-11-30,36.369998931884766,36.369998931884766,36.375999450683594,36.25400161743164,36.31999969482422,63760
2023-12-01,36.801998138427734,36.801998138427734,36.86800003051758,36.369998931884766,36.417999267578125,50325
2023-12-04,36.801998138427734,36.801998138427734,36.801998138427734,36.801998138427734,36.801998138427734,0
2023-12-05,36.801998138427734,36.801998138427734,36.801998138427734,36.801998138427734,36.801998138427734,0
2023-12-06,36.801998138427734,36.801998138427734,36.801998138427734,36.801998138427734,36.801998138427734,0
2023-12-07,36.5620002746582,36.5620002746582,36.77399826049805,36.5620002746582,36.630001068115234,11561
2023-12-08,36.305999755859375,36.305999755859375,36.65800094604492,36.22999954223633,36.650001525878906,10567
2023-12-11,35.880001068115234,35.880001068115234,36.104000091552734,35.86800003051758,36.06999969482422,32649
2023-12-12,35.72200012207031,35.72200012207031,35.891998291015625,35.72200012207031,35.88999938964844,20933
2023-12-13,35.737998962402344,35.737998962402344,35.805999755859375,35.667999267578125,35.70000076293945,9077
2023-12-14,36.08000183105469,36.08000183105469,36.40399932861328,36.08000183105469,36.38199996948242,16500
2023-12-15,36.28200149536133,36.28200149536133,36.3380012512207,36.08599853515625,36.08599853515625,45330
2023-12-18,36.04399871826172,36.04399871826172,36.104000091552734,36.0,36.04600143432617,18312
2023-12-19,36.27399826049805,36.27399826049805,36.27399826049805,36.00199890136719,36.04600143432617,17764
2023-12-20,36.099998474121094,36.099998474121094,36.22200012207031,36.029998779296875,36.22200012207031,28961
2023-12-21,36.178001403808594,36.178001403808594,36.22999954223633,36.04399871826172,36.183998107910156,29335
2023-12-22,36.35599899291992,36.35599899291992,36.5099983215332,36.2400016784668,36.27399826049805,25538
2023-12-27,36.433998107910156,36.433998107910156,36.47999954223633,36.284000396728516,36.428001403808594,7012
2023-12-28,36.45800018310547,36.45800018310547,36.50199890136719,36.27199935913086,36.50199890136719,18245
2023-12-29,36.332000732421875,36.332000732421875,36.43600082397461,36.28200149536133,36.41999816894531,29587
2024-01-02,36.68600082397461,36.68600082397461,36.77000045776367,36.54999923706055,36.59199905395508,35359
2024-01-03,36.27799987792969,36.27799987792969,36.652000427246094,36.25,36.652000427246094,59028
2024-01-04,36.31399917602539,36.31399917602539,36.43199920654297,36.24599838256836,36.43199920654297,29544
2024-01-05,36.38600158691406,36.38600158691406,36.51599884033203,36.20000076293945,36.41600036621094,11473
2024-01-08,36.03799819946289,36.03799819946289,36.14400100708008,35.849998474121094,36.12200164794922,27246
2024-01-09,36.13999938964844,36.13999938964844,36.2599983215332,36.130001068115234,36.15999984741211,8572
2024-01-10,35.970001220703125,35.970001220703125,36.2239990234375,35.95000076293945,36.15800094604492,31665
2024-01-11,35.858001708984375,35.858001708984375,36.124000549316406,35.85599899291992,36.04199981689453,41418
2024-01-12,36.400001525878906,36.400001525878906,36.53799819946289,36.11600112915039,36.15399932861328,29010
2024-01-15,36.5,36.5,36.54399871826172,36.444000244140625,36.47800064086914,8779
2024-01-16,36.375999450683594,36.375999450683594,36.5359992980957,36.347999572753906,36.5260009765625,7164
2024-01-17,36.04600143432617,36.04600143432617,36.316001892089844,35.986000061035156,36.24399948120117,20295
2024-01-18,36.09400177001953,36.09400177001953,36.11600112915039,35.92399978637695,35.95000076293945,20704
2024-01-19,36.20800018310547,36.20800018310547,36.38399887084961,36.20000076293945,36.2599983215332,14255
2024-01-22,36.150001525878906,36.150001525878906,36.22999954223633,36.04999923706055,36.11399841308594,13392
2024-01-23,36.34000015258789,36.34000015258789,36.4119987487793,36.20000076293945,36.22600173950195,16021
2024-01-24,35.928001403808594,35.928001403808594,36.349998474121094,35.928001403808594,36.32600021362305,18062
2024-01-25,36.20000076293945,36.20000076293945,36.305999755859375,35.928001403808594,36.007999420166016,11479
2024-01-26,36.14400100708008,36.14400100708008,36.35200119018555,36.09600067138672,36.35200119018555,19607
2024-01-29,36.492000579833984,36.492000579833984,36.604000091552734,36.40999984741211,36.492000579833984,17989
2024-01-30,36.4900016784668,36.4900016784668,36.71200180053711,36.44599914550781,36.61399841308594,40406
2024-01-31,36.77399826049805,36.77399826049805,36.8120002746582,36.560001373291016,36.625999450683594,6779
2024-02-01,36.94200134277344,36.94200134277344,36.94200134277344,36.54999923706055,36.80799865722656,19138
2024-02-02,36.68600082397461,36.68600082397461,36.78799819946289,36.551998138427734,36.76599884033203,19616
2024-02-05,36.66400146484375,36.66400146484375,36.68000030517578,36.518001556396484,36.566001892089844,18542
2024-02-06,36.86600112915039,36.86600112915039,36.89799880981445,36.63800048828125,36.645999908447266,15676
2024-02-07,36.849998474121094,36.849998474121094,36.900001525878906,36.70000076293945,36.74599838256836,11078
2024-02-08,36.65800094604492,36.65800094604492,36.7760009765625,36.599998474121094,36.683998107910156,12014
2024-02-09,36.470001220703125,36.470001220703125,36.75600051879883,36.45199966430664,36.70399856567383,8259
2024-02-12,36.400001525878906,36.400001525878906,36.599998474121094,36.36000061035156,36.50199890136719,18868
2024-02-13,36.220001220703125,36.220001220703125,36.63800048828125,36.13800048828125,36.599998474121094,23681
2024-02-14,36.14400100708008,36.14400100708008,36.24399948120117,36.034000396728516,36.17399978637695,7855
2024-02-15,36.18600082397461,36.18600082397461,36.21799850463867,36.13800048828125,36.15599822998047,6379
2024-02-16,36.2859992980957,36.2859992980957,36.29800033569336,36.12799835205078,36.257999420166016,17067
2024-02-19,36.43199920654297,36.43199920654297,36.49599838256836,36.402000427246094,36.459999084472656,12243
2024-02-20,36.47600173950195,36.47600173950195,36.54399871826172,36.400001525878906,36.49599838256836,4467
2024-02-21,36.41600036621094,36.41600036621094,36.577999114990234,36.41600036621094,36.50400161743164,11759
2024-02-22,36.369998931884766,36.369998931884766,36.43000030517578,36.31999969482422,36.40399932861328,13675
2024-02-23,36.60200119018555,36.60200119018555,36.60200119018555,36.257999420166016,36.31800079345703,11288
2024-02-26,36.358001708984375,36.358001708984375,36.577999114990234,36.220001220703125,36.55799865722656,9041
2024-02-27,36.45800018310547,36.45800018310547,36.54999923706055,36.45399856567383,36.47800064086914,11221
2024-02-28,36.49599838256836,36.49599838256836,36.5880012512207,36.428001403808594,36.44599914550781,6292
2024-02-29,36.79199981689453,36.79199981689453,36.8120002746582,36.43600082397461,36.5620002746582,11046
2024-03-01,37.29199981689453,37.29199981689453,37.29199981689453,36.70000076293945,36.79399871826172,36960
2024-03-04,37.91400146484375,37.91400146484375,37.91400146484375,37.321998596191406,37.39799880981445,24865
2024-03-05,38.11199951171875,38.11199951171875,38.29600143432617,37.93600082397461,37.93600082397461,47535
2024-03-06,38.242000579833984,38.242000579833984,38.36800003051758,38.02000045776367,38.108001708984375,22200
2024-03-07,38.349998474121094,38.349998474121094,38.64799880981445,38.27799987792969,38.51599884033203,20615
2024-03-08,38.689998626708984,38.689998626708984,38.72600173950195,38.444000244140625,38.470001220703125,51251
2024-03-11,38.84600067138672,38.84600067138672,38.928001403808594,38.69200134277344,38.79399871826172,24698
2024-03-12,38.54999923706055,38.54999923706055,38.84400177001953,38.40599822998047,38.74399948120117,19596
2024-03-13,38.61000061035156,38.61000061035156,38.63999938964844,38.39799880981445,38.45199966430664,37722
2024-03-14,38.571998596191406,38.571998596191406,38.60200119018555,38.5,38.57600021362305,29433
2024-03-15,38.64799880981445,38.64799880981445,38.779998779296875,38.56800079345703,38.73400115966797,16334
2024-03-18,38.61399841308594,38.61399841308594,38.61399841308594,38.40800094604492,38.40800094604492,9495
2024-03-19,38.59199905395508,38.59199905395508,38.66999816894531,38.51599884033203,38.630001068115234,17746
2024-03-20,38.65399932861328,38.65399932861328,38.790000915527344,38.58000183105469,38.645999908447266,8660
2024-03-21,38.9900016784668,38.9900016784668,39.400001525878906,38.900001525878906,39.24800109863281,28145
2024-03-22,38.96799850463867,38.96799850463867,39.167999267578125,38.94599914550781,38.970001220703125,22309
2024-03-25,39.0620002746582,39.0620002746582,39.13999938964844,38.91999816894531,38.97999954223633,18282
2024-03-26,39.13399887084961,39.13399887084961,39.40399932861328,38.821998596191406,38.981998443603516,32370
2024-03-27,39.41600036621094,39.41600036621094,39.470001220703125,39.12799835205078,39.20800018310547,14685
2024-03-28,39.99399948120117,39.99399948120117,39.99399948120117,39.492000579833984,39.492000579833984,28182
2024-04-02,40.6879997253418,40.6879997253418,41.09600067138672,40.6879997253418,40.902000427246094,43748
2024-04-03,41.104000091552734,41.104000091552734,41.16600036621094,40.900001525878906,41.15599822998047,30850
2024-04-04,41.02799987792969,41.02799987792969,41.21799850463867,40.875999450683594,41.21200180053711,19941
2024-04-05,41.72200012207031,41.72200012207031,41.78200149536133,40.95800018310547,40.95800018310547,18519
2024-04-08,41.77399826049805,41.77399826049805,42.0880012512207,41.58000183105469,41.90800094604492,29202
2024-04-09,42.06800079345703,42.06800079345703,42.3380012512207,41.987998962402344,42.040000915527344,34518
2024-04-10,42.36000061035156,42.36000061035156,42.529998779296875,41.95000076293945,42.2140007019043,30561
2024-04-11,42.52399826049805,42.52399826049805,42.54399871826172,42.14799880981445,42.36600112915039,31763
2024-04-12,43.8380012512207,43.8380012512207,44.481998443603516,43.571998596191406,43.68000030517578,26501
2024-04-15,42.91600036621094,42.91600036621094,43.13199996948242,42.56999969482422,43.02399826049805,52078
2024-04-16,43.65599822998047,43.65599822998047,43.737998962402344,43.2400016784668,43.49399948120117,28121
2024-04-17,43.61600112915039,43.61600112915039,43.79600143432617,43.540000915527344,43.56399917602539,38659
2024-04-18,43.486000061035156,43.486000061035156,43.566001892089844,43.262001037597656,43.354000091552734,18851
2024-04-19,43.62799835205078,43.62799835205078,43.69200134277344,43.349998474121094,43.66400146484375,75760
2024-04-22,42.7239990234375,42.7239990234375,43.130001068115234,42.619998931884766,42.97800064086914,36098
2024-04-23,42.19200134277344,42.19200134277344,42.38600158691406,41.83599853515625,42.08399963378906,44504
2024-04-24,42.391998291015625,42.391998291015625,42.513999938964844,42.099998474121094,42.27000045776367,18770
2024-04-25,42.3120002746582,42.3120002746582,42.51599884033203,42.125999450683594,42.125999450683594,26064
2024-04-26,42.4739990234375,42.4739990234375,42.62200164794922,42.40399932861328,42.40399932861328,26075
2024-04-29,42.4379997253418,42.4379997253418,42.540000915527344,42.3120002746582,42.32600021362305,13874
2024-04-30,41.79800033569336,41.79800033569336,42.18600082397461,41.709999084472656,42.18600082397461,34824
2024-05-02,41.821998596191406,41.821998596191406,42.02399826049805,41.61399841308594,42.007999420166016,37038
2024-05-03,41.417999267578125,41.417999267578125,41.70199966430664,41.13999938964844,41.68199920654297,32791
2024-05-06,41.928001403808594,41.928001403808594,42.06399917602539,41.79399871826172,41.816001892089844,45086
2024-05-07,41.7859992980957,41.7859992980957,41.944000244140625,41.74599838256836,41.93199920654297,14165
2024-05-08,41.94599914550781,41.94599914550781,41.95000076293945,41.75,41.880001068115234,13777
2024-05-09,42.097999572753906,42.097999572753906,42.15999984741211,41.81999969482422,41.93199920654297,23446
2024-05-10,42.709999084472656,42.709999084472656,42.902000427246094,42.57600021362305,42.73400115966797,30636
2024-05-13,42.05400085449219,42.05400085449219,42.444000244140625,42.05400085449219,42.4119987487793,26686
2024-05-14,42.321998596191406,42.321998596191406,42.374000549316406,42.178001403808594,42.178001403808594,26166
2024-05-15,42.608001708984375,42.608001708984375,42.70199966430664,42.257999420166016,42.38600158691406,88638
2024-05-16,42.58599853515625,42.58599853515625,42.77799987792969,42.49800109863281,42.67399978637695,10379
2024-05-17,43.10599899291992,43.10599899291992,43.30799865722656,42.70000076293945,42.73400115966797,27918
2024-05-20,43.40399932861328,43.40399932861328,43.7599983215332,43.18000030517578,43.66600036621094,20801
2024-05-21,43.50400161743164,43.50400161743164,43.58000183105469,43.172000885009766,43.18199920654297,28549
2024-05-22,42.84600067138672,42.84600067138672,43.38600158691406,42.832000732421875,43.27799987792969,47106
2024-05-23,42.0880012512207,42.0880012512207,42.529998779296875,42.04600143432617,42.45000076293945,49511
2024-05-24,41.80400085449219,41.80400085449219,42.08399963378906,41.80400085449219,42.055999755859375,24239
2024-05-27,42.22200012207031,42.22200012207031,42.27399826049805,41.922000885009766,41.94599914550781,58313
2024-05-28,42.18199920654297,42.18199920654297,42.27399826049805,41.858001708984375,41.933998107910156,14634
2024-05-29,42.05799865722656,42.05799865722656,42.22200012207031,41.849998474121094,42.22200012207031,11199
2024-05-30,42.04600143432617,42.04600143432617,42.178001403808594,41.944000244140625,42.077999114990234,20008
2024-05-31,41.77399826049805,41.77399826049805,42.17599868774414,41.75,42.11800003051758,13671
2024-06-03,41.84400177001953,41.84400177001953,41.95000076293945,41.645999908447266,41.645999908447266,12258
2024-06-04,41.58000183105469,41.58000183105469,41.87799835205078,41.41400146484375,41.847999572753906,33415
2024-06-05,42.13399887084961,42.13399887084961,42.13999938964844,41.67399978637695,41.73400115966797,31852
2024-06-06,42.444000244140625,42.444000244140625,42.47999954223633,42.11800003051758,42.2760009765625,5320
2024-06-07,41.540000915527344,41.540000915527344,42.45199966430664,41.459999084472656,42.40999984741211,22013
2024-06-10,41.720001220703125,41.720001220703125,41.77000045776367,41.422000885009766,41.4739990234375,17281
2024-06-11,41.91400146484375,41.91400146484375,42.02399826049805,41.58399963378906,41.61000061035156,18297
2024-06-12,41.810001373291016,41.810001373291016,42.06399917602539,41.689998626708984,41.922000885009766,18629
2024-06-13,41.69200134277344,41.69200134277344,41.858001708984375,41.54999923706055,41.62799835205078,15596
2024-06-14,42.316001892089844,42.316001892089844,42.5,41.89799880981445,41.933998107910156,16582
2024-06-17,41.96200180053711,41.96200180053711,42.25400161743164,41.96200180053711,42.13800048828125,13952
2024-06-18,42.125999450683594,42.125999450683594,42.125999450683594,41.86000061035156,42.02399826049805,10361
2024-06-19,42.119998931884766,42.119998931884766,42.284000396728516,42.07400131225586,42.24800109863281,15880
2024-06-20,42.72999954223633,42.72999954223633,42.895999908447266,42.316001892089844,42.47800064086914,10273
2024-06-21,42.36000061035156,42.36000061035156,43.099998474121094,42.29399871826172,42.8120002746582,29993
2024-06-24,42.22800064086914,42.22800064086914,42.3380012512207,42.099998474121094,42.183998107910156,17793
2024-06-25,42.130001068115234,42.130001068115234,42.33000183105469,42.11600112915039,42.19599914550781,15791
2024-06-26,41.86399841308594,41.86399841308594,42.150001525878906,41.779998779296875,42.13399887084961,8843
2024-06-27,42.25400161743164,42.25400161743164,42.316001892089844,41.84000015258789,41.84000015258789,11179
2024-06-28,42.284000396728516,42.284000396728516,42.4900016784668,42.198001861572266,42.310001373291016,23865
2024-07-01,42.21200180053711,42.21200180053711,42.29800033569336,41.986000061035156,42.012001037597656,22727
2024-07-02,42.15800094604492,42.15800094604492,42.305999755859375,42.03799819946289,42.25199890136719,10174
2024-07-03,42.52799987792969,42.52799987792969,42.56399917602539,42.30799865722656,42.34000015258789,25882
2024-07-04,42.41400146484375,42.41400146484375,42.50600051879883,42.400001525878906,42.433998107910156,13820
2024-07-05,42.85599899291992,42.85599899291992,42.86199951171875,42.29999923706055,42.486000061035156,23889
2024-07-08,42.48400115966797,42.48400115966797,42.75600051879883,42.48400115966797,42.72200012207031,15541
2024-07-09,42.33399963378906,42.33399963378906,42.54800033569336,42.279998779296875,42.45000076293945,25935
2024-07-10,42.74599838256836,42.74599838256836,42.84000015258789,42.619998931884766,42.63600158691406,16273
2024-07-11,43.33000183105469,43.33000183105469,43.354000091552734,42.64400100708008,42.762001037597656,16816
2024-07-12,42.986000061035156,42.986000061035156,43.04199981689453,42.74800109863281,43.040000915527344,12434
2024-07-15,43.40399932861328,43.40399932861328,43.433998107910156,42.91400146484375,42.91400146484375,23294
2024-07-16,43.97800064086914,43.97800064086914,44.0,43.444000244140625,43.4739990234375,59489
2024-07-17,43.821998596191406,43.821998596191406,44.178001403808594,43.72600173950195,44.00400161743164,29645
2024-07-18,43.93600082397461,43.93600082397461,44.0099983215332,43.79999923706055,43.987998962402344,36152
2024-07-19,42.95199966430664,42.95199966430664,43.2760009765625,42.79999923706055,43.263999938964844,31717
2024-07-22,42.672000885009766,42.672000885009766,43.0,42.61800003051758,42.89400100708008,29837
2024-07-23,43.066001892089844,43.066001892089844,43.13999938964844,42.69200134277344,42.69200134277344,21476
2024-07-24,43.49399948120117,43.49399948120117,43.55799865722656,43.25,43.31999969482422,56017
2024-07-25,42.34600067138672,42.34600067138672,42.66400146484375,42.28200149536133,42.50400161743164,93253
2024-07-26,42.709999084472656,42.709999084472656,42.763999938964844,42.44599914550781,42.45800018310547,19006
2024-07-29,42.6619987487793,42.6619987487793,43.08000183105469,42.597999572753906,42.81800079345703,25057
2024-07-30,42.96200180053711,42.96200180053711,43.104000091552734,42.869998931884766,42.944000244140625,25265
2024-07-31,43.52199935913086,43.52199935913086,43.54399871826172,43.369998931884766,43.48400115966797,35465
2024-08-01,44.152000427246094,44.152000427246094,44.242000579833984,43.847999572753906,43.91400146484375,19431
2024-08-02,43.1879997253418,43.1879997253418,44.41400146484375,42.97800064086914,44.41400146484375,41332
2024-08-05,42.619998931884766,42.619998931884766,43.41600036621094,41.939998626708984,43.21799850463867,80603
2024-08-06,42.46200180053711,42.46200180053711,43.08000183105469,42.38999938964844,42.7599983215332,80626
2024-08-07,42.630001068115234,42.630001068115234,42.8380012512207,42.534000396728516,42.630001068115234,27576
2024-08-08,43.130001068115234,43.130001068115234,43.215999603271484,42.54999923706055,42.64400100708008,14369
2024-08-09,43.22999954223633,43.22999954223633,43.347999572753906,43.060001373291016,43.09199905395508,18890
2024-08-12,43.70600128173828,43.70600128173828,43.74599838256836,43.37799835205078,43.38199996948242,21864
2024-08-13,43.79399871826172,43.79399871826172,43.939998626708984,43.7599983215332,43.849998474121094,12868
2024-08-14,43.15800094604492,43.15800094604492,43.709999084472656,43.14400100708008,43.619998931884766,18809
2024-08-15,43.47600173950195,43.47600173950195,43.52799987792969,43.189998626708984,43.347999572753906,9891
2024-08-16,43.9640007019043,43.9640007019043,44.16600036621094,43.422000885009766,43.459999084472656,23045
2024-08-19,43.95800018310547,43.95800018310547,44.145999908447266,43.81399917602539,44.104000091552734,37217
2024-08-20,44.0,44.0,44.35599899291992,43.900001525878906,43.90599822998047,27912
2024-08-21,43.7859992980957,43.7859992980957,43.97800064086914,43.65999984741211,43.959999084472656,32586
2024-08-22,43.36399841308594,43.36399841308594,43.805999755859375,43.29399871826172,43.74599838256836,23516
2024-08-23,43.71200180053711,43.71200180053711,43.821998596191406,43.5359992980957,43.54199981689453,13964
2024-08-26,43.74800109863281,43.74800109863281,44.012001037597656,43.72800064086914,43.74599838256836,27793
2024-08-27,43.81800079345703,43.81800079345703,43.880001068115234,43.599998474121094,43.81800079345703,22269
2024-08-28,43.821998596191406,43.821998596191406,43.858001708984375,43.678001403808594,43.763999938964844,20859
2024-08-29,44.2239990234375,44.2239990234375,44.358001708984375,43.944000244140625,43.992000579833984,19475
2024-08-30,44.071998596191406,44.071998596191406,44.30799865722656,44.0,44.21200180053711,12989
2024-09-02,43.939998626708984,43.939998626708984,44.05799865722656,43.849998474121094,43.900001525878906,69129
2024-09-03,43.72800064086914,43.72800064086914,44.11800003051758,43.55799865722656,43.922000885009766,53251
2024-09-04,43.75600051879883,43.75600051879883,43.84199905395508,43.5,43.74599838256836,24554
2024-09-05,44.00600051879883,44.00600051879883,44.17599868774414,43.92599868774414,43.93199920654297,30933
2024-09-06,44.060001373291016,44.060001373291016,44.141998291015625,43.86600112915039,44.055999755859375,18957
2024-09-09,43.97200012207031,43.97200012207031,44.09000015258789,43.768001556396484,43.78200149536133,14026
2024-09-10,44.41400146484375,44.41400146484375,44.41400146484375,44.040000915527344,44.10200119018555,20389
2024-09-11,44.38600158691406,44.38600158691406,44.4900016784668,44.20000076293945,44.47600173950195,44207
2024-09-12,44.97600173950195,44.97600173950195,45.0,44.35200119018555,44.44200134277344,89746
2024-09-13,45.25199890136719,45.25199890136719,45.279998779296875,44.97999954223633,45.06399917602539,31570
2024-09-16,45.11600112915039,45.11600112915039,45.25199890136719,44.99599838256836,45.220001220703125,58291
2024-09-17,44.891998291015625,44.891998291015625,45.20000076293945,44.88800048828125,45.19599914550781,32158
2024-09-18,44.98400115966797,44.98400115966797,45.10599899291992,44.854000091552734,44.917999267578125,18917
2024-09-19,45.06999969482422,45.06999969482422,45.45000076293945,44.93199920654297,44.95800018310547,24111
2024-09-20,45.63800048828125,45.63800048828125,45.641998291015625,45.30400085449219,45.347999572753906,29981
2024-09-23,45.92599868774414,45.92599868774414,46.01599884033203,45.71799850463867,45.731998443603516,39705
2024-09-24,46.08599853515625,46.08599853515625,46.16400146484375,45.81999969482422,45.959999084472656,36429
2024-09-25,46.31999969482422,46.31999969482422,46.36000061035156,46.05799865722656,46.08399963378906,36199
2024-09-26,46.481998443603516,46.481998443603516,46.784000396728516,46.349998474121094,46.417999267578125,55321
2024-09-27,46.17399978637695,46.17399978637695,46.58399963378906,46.04999923706055,46.54399871826172,41420
2024-09-30,45.917999267578125,45.917999267578125,46.34600067138672,45.77000045776367,46.28200149536133,50163
2024-10-01,46.80400085449219,46.80400085449219,46.90999984741211,46.183998107910156,46.20000076293945,41198
2024-10-02,46.65399932861328,46.65399932861328,46.81800079345703,46.47999954223633,46.61199951171875,95460
2024-10-03,46.82600021362305,46.82600021362305,46.82600021362305,46.51599884033203,46.784000396728516,28548
2024-10-04,47.11000061035156,47.11000061035156,47.31999969482422,46.70000076293945,46.86600112915039,38493
2024-10-07,46.93199920654297,46.93199920654297,47.14799880981445,46.75,46.84600067138672,36678
2024-10-08,46.29800033569336,46.29800033569336,46.981998443603516,46.262001037597656,46.608001708984375,46195
2024-10-09,46.37799835205078,46.37799835205078,46.513999938964844,46.231998443603516,46.33399963378906,27157
2024-10-10,46.63600158691406,46.63600158691406,46.75400161743164,46.33000183105469,46.395999908447266,44546
2024-10-11,47.1879997253418,47.1879997253418,47.20199966430664,46.81999969482422,46.89400100708008,31033
2024-10-14,47.15999984741211,47.15999984741211,47.4119987487793,47.124000549316406,47.4119987487793,36773
2024-10-15,47.486000061035156,47.486000061035156,47.5,47.15599822998047,47.301998138427734,31979
2024-10-16,47.801998138427734,47.801998138427734,47.92399978637695,47.69200134277344,47.83000183105469,98384
2024-10-17,48.33399963378906,48.33399963378906,48.4119987487793,47.900001525878906,48.034000396728516,60972
2024-10-18,48.624000549316406,48.624000549316406,48.698001861572266,48.4119987487793,48.540000915527344,47807
2024-10-21,48.89400100708008,48.89400100708008,49.10200119018555,48.7760009765625,48.93600082397461,70270
2024-10-22,49.30400085449219,49.30400085449219,49.354000091552734,49.018001556396484,49.125999450683594,54978
2024-10-23,48.96799850463867,48.96799850463867,49.736000061035156,48.849998474121094,49.58599853515625,79016
2024-10-24,49.18199920654297,49.18199920654297,49.63399887084961,49.0,49.29199981689453,47927
2024-10-25,49.22600173950195,49.22600173950195,49.25199890136719,48.790000915527344,49.071998596191406,32313
2024-10-28,49.310001373291016,49.310001373291016,49.310001373291016,49.04399871826172,49.284000396728516,52914
2024-10-29,49.79600143432617,49.79600143432617,49.88800048828125,49.380001068115234,49.47600173950195,82028
2024-10-30,49.869998931884766,49.869998931884766,50.119998931884766,49.66999816894531,49.948001861572266,110853
2024-10-31,49.040000915527344,49.040000915527344,49.821998596191406,48.858001708984375,49.821998596191406,68505
2024-11-01,49.17599868774414,49.17599868774414,49.358001708984375,49.08000183105469,49.19599914550781,64701
2024-11-04,48.858001708984375,48.858001708984375,48.9640007019043,48.72800064086914,48.81399917602539,54048
2024-11-05,48.73400115966797,48.73400115966797,49.012001037597656,48.73400115966797,48.83399963378906,36760
2024-11-06,48.358001708984375,48.358001708984375,49.42399978637695,48.15800094604492,49.33000183105469,83120
2024-11-07,48.54600143432617,48.54600143432617,48.56999969482422,47.95800018310547,48.141998291015625,41693
2024-11-08,48.678001403808594,48.678001403808594,48.80799865722656,48.400001525878906,48.49399948120117,47259
2024-11-11,47.75,47.75,48.66400146484375,47.683998107910156,48.53799819946289,70609
2024-11-12,47.667999267578125,47.667999267578125,47.874000549316406,47.375999450683594,47.555999755859375,73646
2024-11-13,47.63800048828125,47.63800048828125,47.88399887084961,47.63800048828125,47.75,51466
2024-11-14,47.3380012512207,47.3380012512207,47.36800003051758,46.902000427246094,47.10599899291992,56920
2024-11-15,47.26599884033203,47.26599884033203,47.604000091552734,47.150001525878906,47.26599884033203,31510
2024-11-18,48.01599884033203,48.01599884033203,48.108001708984375,47.59600067138672,47.59600067138672,43079
2024-11-19,48.236000061035156,48.236000061035156,48.57400131225586,48.11000061035156,48.119998931884766,59660
2024-11-20,49.0,49.0,49.007999420166016,48.16400146484375,48.18000030517578,35946
2024-11-21,49.428001403808594,49.428001403808594,49.470001220703125,49.119998931884766,49.150001525878906,59472
2024-11-22,50.529998779296875,50.529998779296875,50.665000915527344,49.928001403808594,49.928001403808594,71155
2024-11-25,48.93000030517578,48.93000030517578,49.85200119018555,48.65999984741211,49.60200119018555,118947
2024-11-26,48.779998779296875,48.779998779296875,48.82600021362305,48.37200164794922,48.49800109863281,101136
2024-11-27,48.56999969482422,48.56999969482422,49.06999969482422,48.54800033569336,49.012001037597656,62936
2024-11-28,48.66400146484375,48.66400146484375,48.85599899291992,48.5880012512207,48.678001403808594,41774
2024-11-29,49.040000915527344,49.040000915527344,49.07400131225586,48.827999114990234,48.91600036621094,46766
2024-12-02,48.95199966430664,48.95199966430664,49.152000427246094,48.62200164794922,48.63800048828125,104889
2024-12-03,48.900001525878906,48.900001525878906,49.0359992980957,48.763999938964844,48.90599822998047,45349
2024-12-04,48.96200180053711,48.96200180053711,49.172000885009766,48.79999923706055,48.84199905395508,71206
2024-12-05,48.513999938964844,48.513999938964844,48.97200012207031,48.4739990234375,48.854000091552734,45770
2024-12-06,48.54800033569336,48.54800033569336,48.61600112915039,48.24599838256836,48.47600173950195,31771
2024-12-09,48.99599838256836,48.99599838256836,49.19200134277344,48.689998626708984,48.76599884033203,51145
2024-12-10,49.73400115966797,49.73400115966797,49.79999923706055,49.06399917602539,49.097999572753906,58119
2024-12-11,50.255001068115234,50.255001068115234,50.3650016784668,49.6879997253418,49.790000915527344,79152
2024-12-12,49.62799835205078,49.62799835205078,50.279998779296875,49.599998474121094,50.25,32284
2024-12-13,49.263999938964844,49.263999938964844,49.87200164794922,49.16600036621094,49.84000015258789,46511
2024-12-16,49.06399917602539,49.06399917602539,49.347999572753906,49.0260009765625,49.09000015258789,73395
2024-12-17,48.83599853515625,48.83599853515625,49.124000549316406,48.731998443603516,49.124000549316406,67480
2024-12-18,48.95199966430664,48.95199966430664,49.08000183105469,48.79999923706055,48.948001861572266,35131
2024-12-19,48.555999755859375,48.555999755859375,48.97800064086914,48.380001068115234,48.89400100708008,46740
2024-12-20,48.94599914550781,48.94599914550781,49.189998626708984,48.61600112915039,48.79999923706055,65748
2024-12-23,48.83000183105469,48.83000183105469,49.14400100708008,48.75,49.0359992980957,75509
2024-12-27,48.81999969482422,48.81999969482422,49.09199905395508,48.69599914550781,49.06999969482422,39998
2024-12-30,48.74599838256836,48.74599838256836,48.816001892089844,48.571998596191406,48.78200149536133,25088
2025-01-02,50.3650016784668,50.3650016784668,50.375,49.40399932861328,49.45199966430664,95245
2025-01-03,49.858001708984375,49.858001708984375,50.255001068115234,49.858001708984375,50.130001068115234,42323
2025-01-06,49.3120002746582,49.3120002746582,49.54999923706055,48.95000076293945,49.43199920654297,61709
2025-01-07,49.70000076293945,49.70000076293945,49.821998596191406,49.21799850463867,49.31800079345703,30924
2025-01-08,50.27000045776367,50.27000045776367,50.375,49.86199951171875,49.88199996948242,51311
2025-01-09,50.3849983215332,50.3849983215332,50.470001220703125,50.189998626708984,50.279998779296875,26326
2025-01-10,51.13999938964844,51.13999938964844,51.150001525878906,50.435001373291016,50.525001525878906,82525
2025-01-13,50.77000045776367,50.77000045776367,51.27000045776367,50.685001373291016,51.119998931884766,85130
2025-01-14,50.4900016784668,50.4900016784668,50.66999816894531,50.3650016784668,50.564998626708984,65795
2025-01-15,50.77000045776367,50.77000045776367,50.77000045776367,50.380001068115234,50.56999969482422,61368
2025-01-16,51.310001373291016,51.310001373291016,51.415000915527344,50.92499923706055,50.92499923706055,51120
2025-01-17,51.255001068115234,51.255001068115234,51.314998626708984,50.9900016784668,51.189998626708984,82510
2025-01-20,50.56999969482422,50.56999969482422,51.07500076293945,50.47999954223633,51.0,92568
2025-01-21,51.165000915527344,51.165000915527344,51.279998779296875,50.9900016784668,51.125,73080
2025-01-22,51.47999954223633,51.47999954223633,51.494998931884766,51.25,51.29499816894531,73794
2025-01-23,51.380001068115234,51.380001068115234,51.494998931884766,51.07500076293945,51.45000076293945,50314
2025-01-24,51.34000015258789,51.34000015258789,51.68000030517578,51.279998779296875,51.4900016784668,60834
2025-01-27,50.73500061035156,50.73500061035156,51.255001068115234,50.68000030517578,51.10499954223633,89189
2025-01-28,51.3849983215332,51.3849983215332,51.404998779296875,50.96500015258789,51.025001525878906,47176
2025-01-29,51.334999084472656,51.334999084472656,51.63999938964844,51.30500030517578,51.4900016784668,101994
2025-01-30,52.08000183105469,52.08000183105469,52.13999938964844,51.650001525878906,51.650001525878906,116361
2025-01-31,52.46500015258789,52.46500015258789,52.790000915527344,52.23500061035156,52.25,88273
2025-02-03,53.23500061035156,53.23500061035156,53.66999816894531,53.0099983215332,53.04499816894531,264547
2025-02-04,53.220001220703125,53.220001220703125,53.369998931884766,52.90999984741211,53.01499938964844,159274
2025-02-05,53.55500030517578,53.55500030517578,53.7599983215332,53.3849983215332,53.5099983215332,187901
2025-02-06,53.41999816894531,53.41999816894531,53.845001220703125,53.11000061035156,53.459999084472656,124334
2025-02-07,53.880001068115234,53.880001068115234,54.20000076293945,53.51499938964844,53.584999084472656,133480
2025-02-10,54.755001068115234,54.755001068115234,54.869998931884766,54.5099983215332,54.525001525878906,153584
2025-02-11,54.564998626708984,54.564998626708984,54.970001220703125,54.279998779296875,54.94499969482422,172288
2025-02-12,54.30500030517578,54.30500030517578,54.400001525878906,53.73500061035156,54.150001525878906,165454
2025-02-13,54.31999969482422,54.31999969482422,54.625,54.27000045776367,54.400001525878906,94544
2025-02-14,53.529998779296875,53.529998779296875,54.560001373291016,53.494998931884766,54.44499969482422,198872
2025-02-17,53.7400016784668,53.7400016784668,53.90999984741211,53.685001373291016,53.79499816894531,108026
2025-02-18,54.43000030517578,54.43000030517578,54.5,54.02000045776367,54.03499984741211,87948
2025-02-19,54.61000061035156,54.61000061035156,54.935001373291016,54.5,54.57500076293945,110474
2025-02-20,54.64500045776367,54.64500045776367,55.04499816894531,54.38999938964844,54.970001220703125,222907
2025-02-21,54.6150016784668,54.6150016784668,54.6150016784668,54.130001068115234,54.244998931884766,132608
2025-02-24,54.599998474121094,54.599998474121094,54.8849983215332,54.415000915527344,54.54499816894531,118977
2025-02-25,53.630001068115234,53.630001068115234,54.6150016784668,53.48500061035156,54.46500015258789,152949
2025-02-26,53.845001220703125,53.845001220703125,54.060001373291016,53.55500030517578,53.96500015258789,97669
2025-02-27,53.63999938964844,53.63999938964844,53.85499954223633,53.35499954223633,53.625,75764
2025-02-28,53.21500015258789,53.21500015258789,53.525001525878906,52.849998474121094,53.404998779296875,88380
2025-03-03,53.5099983215332,53.5099983215332,53.6349983215332,53.255001068115234,53.47999954223633,105716
2025-03-04,53.70000076293945,53.70000076293945,53.9900016784668,53.57500076293945,53.67499923706055,160443
2025-03-05,52.86000061035156,52.86000061035156,53.22999954223633,52.404998779296875,53.20000076293945,161210
2025-03-06,52.314998626708984,52.314998626708984,52.380001068115234,51.96500015258789,52.369998931884766,104508
2025-03-07,52.220001220703125,52.220001220703125,52.474998474121094,51.939998626708984,52.36000061035156,71098
2025-03-10,52.03499984741211,52.03499984741211,52.275001525878906,51.82500076293945,52.255001068115234,94635
2025-03-11,51.875,51.875,52.03499984741211,51.75,51.77000045776367,60721
2025-03-12,52.310001373291016,52.310001373291016,52.310001373291016,51.849998474121094,51.95500183105469,81055
2025-03-13,53.31999969482422,53.31999969482422,53.33000183105469,52.470001220703125,52.494998931884766,117489
2025-03-14,53.349998474121094,53.349998474121094,53.755001068115234,53.16999816894531,53.52000045776367,114759
2025-03-17,53.29499816894531,53.29499816894531,53.47999954223633,53.220001220703125,53.36000061035156,62783
2025-03-18,53.915000915527344,53.915000915527344,54.09000015258789,53.564998626708984,53.619998931884766,73629
2025-03-19,54.209999084472656,54.209999084472656,54.23500061035156,53.89500045776367,54.119998931884766,73394
2025-03-20,54.38999938964844,54.38999938964844,54.58000183105469,54.20500183105469,54.314998626708984,87110
2025-03-21,54.130001068115234,54.130001068115234,54.48500061035156,53.80500030517578,54.375,114230
2025-03-24,54.185001373291016,54.185001373291016,54.439998626708984,54.099998474121094,54.189998626708984,82039
2025-03-25,54.369998931884766,54.369998931884766,54.56999969482422,54.150001525878906,54.255001068115234,66463
2025-03-26,54.369998931884766,54.369998931884766,54.61000061035156,54.2599983215332,54.60499954223633,40910
2025-03-27,54.959999084472656,54.959999084472656,55.1150016784668,54.61000061035156,54.810001373291016,99676
2025-03-28,55.345001220703125,55.345001220703125,55.560001373291016,55.084999084472656,55.44499969482422,128668
2025-03-31,56.064998626708984,56.064998626708984,56.2400016784668,55.75,55.935001373291016,243080
2025-04-01,56.22999954223633,56.22999954223633,56.54499816894531,56.165000915527344,56.36000061035156,145696
2025-04-02,55.9900016784668,55.9900016784668,56.38999938964844,55.8650016784668,56.060001373291016,161565
2025-04-03,54.619998931884766,54.619998931884766,55.470001220703125,53.380001068115234,55.275001525878906,410493
2025-04-04,53.435001373291016,53.435001373291016,55.17499923706055,53.435001373291016,54.42499923706055,286314
2025-04-07,53.154998779296875,53.154998779296875,54.084999084472656,53.005001068115234,53.36000061035156,280597
2025-04-08,53.54999923706055,53.54999923706055,53.80500030517578,53.244998931884766,53.27000045776367,101173
2025-04-09,54.220001220703125,54.220001220703125,54.290000915527344,53.29999923706055,53.349998474121094,182084
2025-04-10,54.994998931884766,54.994998931884766,55.255001068115234,54.404998779296875,55.189998626708984,132966
2025-04-11,55.43000030517578,55.43000030517578,55.625,54.560001373291016,55.095001220703125,192395
2025-04-14,54.79999923706055,54.79999923706055,55.150001525878906,54.73500061035156,54.994998931884766,113418
2025-04-15,55.415000915527344,55.415000915527344,55.45500183105469,55.10499954223633,55.29499816894531,72255
2025-04-16,56.709999084472656,56.709999084472656,56.720001220703125,56.185001373291016,56.275001525878906,219418
2025-04-17,56.290000915527344,56.290000915527344,57.14500045776367,56.1150016784668,56.915000915527344,159668
2025-04-22,57.869998931884766,57.869998931884766,58.810001373291016,57.744998931884766,58.584999084472656,176340
2025-04-23,55.970001220703125,55.970001220703125,56.939998626708984,55.77000045776367,56.404998779296875,212357
2025-04-24,56.88999938964844,56.88999938964844,57.150001525878906,56.459999084472656,57.084999084472656,111737
2025-04-25,55.9900016784668,55.9900016784668,56.650001525878906,55.900001525878906,56.59000015258789,106373
2025-04-28,56.744998931884766,56.744998931884766,56.94499969482422,56.02000045776367,56.28499984741211,74312
2025-04-29,56.435001373291016,56.435001373291016,56.650001525878906,56.25,56.57500076293945,45791
2025-04-30,56.67499923706055,56.67499923706055,56.73500061035156,55.849998474121094,56.415000915527344,126827
2025-05-02,55.54999923706055,55.54999923706055,56.0,55.39500045776367,55.790000915527344,95333
2025-05-05,56.900001525878906,56.900001525878906,56.900001525878906,55.91999816894531,55.939998626708984,100124
2025-05-06,58.20000076293945,58.20000076293945,58.25,57.73500061035156,57.77000045776367,117350
2025-05-07,58.01499938964844,58.01499938964844,58.099998474121094,57.625,57.935001373291016,91444
2025-05-08,57.6349983215332,57.6349983215332,57.904998779296875,57.349998474121094,57.494998931884766,75776
2025-05-09,57.650001525878906,57.650001525878906,57.650001525878906,57.2400016784668,57.5,65327
2025-05-12,56.619998931884766,56.619998931884766,56.73500061035156,56.15999984741211,56.5099983215332,150362
2025-05-13,56.51499938964844,56.51499938964844,57.029998779296875,56.29999923706055,57.005001068115234,100163
2025-05-14,55.20000076293945,55.20000076293945,56.13999938964844,55.02000045776367,56.04999923706055,138178
2025-05-15,55.86000061035156,55.86000061035156,55.875,54.32500076293945,54.470001220703125,157153
2025-05-16,55.45500183105469,55.45500183105469,55.744998931884766,54.7599983215332,55.70500183105469,184803
2025-05-19,55.80500030517578,55.80500030517578,56.029998779296875,55.599998474121094,55.939998626708984,101485
2025-05-20,56.584999084472656,56.584999084472656,56.67499923706055,55.31999969482422,55.41999816894531,121205
2025-05-21,56.755001068115234,56.755001068115234,56.89500045776367,56.435001373291016,56.8849983215332,93437
2025-05-22,56.67499923706055,56.67499923706055,57.255001068115234,56.48500061035156,57.064998626708984,136951
2025-05-23,57.53499984741211,57.53499984741211,57.65999984741211,56.79999923706055,57.154998779296875,156362
2025-05-26,56.9900016784668,56.9900016784668,57.040000915527344,56.75,56.85499954223633,112467
2025-05-27,56.474998474121094,56.474998474121094,56.67499923706055,56.244998931884766,56.505001068115234,97700
2025-05-28,56.720001220703125,56.720001220703125,57.025001525878906,56.64500045776367,56.82500076293945,66311
2025-05-29,56.65999984741211,56.65999984741211,56.95000076293945,56.349998474121094,56.3650016784668,58664
2025-05-30,56.31999969482422,56.31999969482422,56.6349983215332,56.04999923706055,56.47999954223633,108346
2025-06-02,57.30500030517578,57.30500030517578,57.41999816894531,56.84000015258789,57.0099983215332,130505
2025-06-03,57.21500015258789,57.21500015258789,57.39500045776367,56.900001525878906,57.08000183105469,73590
2025-06-04,57.35499954223633,57.35499954223633,57.505001068115234,57.0,57.32500076293945,58168
2025-06-05,56.935001373291016,56.935001373291016,57.845001220703125,56.935001373291016,57.334999084472656,280418
2025-06-06,56.82500076293945,56.82500076293945,57.29999923706055,56.48500061035156,57.084999084472656,124304
2025-06-09,56.63999938964844,56.63999938964844,56.66999816894531,56.345001220703125,56.5099983215332,120296
2025-06-10,56.625,56.625,56.849998474121094,56.525001525878906,56.720001220703125,59415
2025-06-11,56.47999954223633,56.47999954223633,56.92499923706055,56.3650016784668,56.80500030517578,124137
2025-06-12,56.849998474121094,56.849998474121094,56.92499923706055,56.35499954223633,56.90999984741211,111100
2025-06-13,57.470001220703125,57.470001220703125,58.154998779296875,57.314998626708984,57.404998779296875,126240
2025-06-16,57.095001220703125,57.095001220703125,57.41999816894531,56.65999984741211,57.39500045776367,115248
2025-06-17,56.9900016784668,56.9900016784668,57.084999084472656,56.790000915527344,56.935001373291016,85575
2025-06-18,57.1349983215332,57.1349983215332,57.375,56.94499969482422,57.02000045776367,149385
2025-06-19,57.04999923706055,57.04999923706055,57.20000076293945,56.724998474121094,56.904998779296875,92872
2025-06-20,56.775001525878906,56.775001525878906,56.89500045776367,56.38999938964844,56.529998779296875,126350
2025-06-23,56.994998931884766,56.994998931884766,57.275001525878906,56.599998474121094,56.68000030517578,121814
2025-06-24,55.38999938964844,55.38999938964844,55.83000183105469,55.14500045776367,55.595001220703125,176849
2025-06-25,55.55500030517578,55.55500030517578,55.84000015258789,55.45000076293945,55.77000045776367,68247
2025-06-26,55.130001068115234,55.130001068115234,55.599998474121094,54.8849983215332,55.4900016784668,80252
2025-06-27,54.27000045776367,54.27000045776367,54.61000061035156,53.93000030517578,54.51499938964844,111916
2025-06-30,54.40999984741211,54.40999984741211,54.63999938964844,54.23500061035156,54.525001525878906,107400
2025-07-01,55.095001220703125,55.095001220703125,55.25,54.900001525878906,54.9900016784668,73934
2025-07-02,55.10499954223633,55.10499954223633,55.34000015258789,54.8849983215332,54.93000030517578,63406
2025-07-03,54.959999084472656,54.959999084472656,55.34000015258789,54.849998474121094,55.34000015258789,78536
2025-07-04,54.94499969482422,54.94499969482422,55.189998626708984,54.915000915527344,55.09000015258789,80699
2025-07-07,54.97999954223633,54.97999954223633,54.97999954223633,54.56999969482422,54.665000915527344,81043
2025-07-08,54.67499923706055,54.67499923706055,55.2400016784668,54.59000015258789,55.165000915527344,66160
2025-07-09,54.8849983215332,54.8849983215332,54.92499923706055,54.41999816894531,54.540000915527344,48329
2025-07-10,55.22999954223633,55.22999954223633,55.22999954223633,54.959999084472656,55.060001373291016,53719
2025-07-11,55.84000015258789,55.84000015258789,55.95000076293945,55.36000061035156,55.40999984741211,345315
2025-07-14,55.63999938964844,55.63999938964844,56.13999938964844,55.52000045776367,56.125,78236
2025-07-15,55.71500015258789,55.71500015258789,56.01499938964844,55.58000183105469,55.880001068115234,77476
2025-07-16,55.959999084472656,55.959999084472656,56.125,55.744998931884766,55.78499984741211,114693
2025-07-17,55.88999938964844,55.88999938964844,55.959999084472656,55.47999954223633,55.939998626708984,124745
2025-07-18,55.88999938964844,55.88999938964844,56.03499984741211,55.81999969482422,55.845001220703125,70218
2025-07-21,56.3650016784668,56.3650016784668,56.525001525878906,56.095001220703125,56.20500183105469,77436
2025-07-22,56.67499923706055,56.67499923706055,56.8849983215332,56.17499923706055,56.25,67728
2025-07-23,56.52000045776367,56.52000045776367,56.845001220703125,56.46500015258789,56.67499923706055,108074
2025-07-24,55.66999816894531,55.66999816894531,55.77000045776367,55.400001525878906,55.71500015258789,156359
2025-07-25,55.150001525878906,55.150001525878906,55.53499984741211,55.099998474121094,55.5,72316
2025-07-28,55.42499923706055,55.42499923706055,55.66999816894531,55.13999938964844,55.36000061035156,122500
2025-07-29,55.974998474121094,55.974998474121094,56.150001525878906,55.720001220703125,55.81999969482422,73574
2025-07-30,55.70500183105469,55.70500183105469,56.20000076293945,55.66999816894531,55.935001373291016,58556
2025-07-31,55.97999954223633,55.97999954223633,56.349998474121094,55.875,55.96500015258789,64350
2025-08-01,56.29999923706055,56.29999923706055,56.70000076293945,55.875,55.915000915527344,113113
2025-08-04,56.665000915527344,56.665000915527344,56.80500030517578,56.33000183105469,56.404998779296875,90347
2025-08-05,56.7599983215332,56.7599983215332,56.93000030517578,56.3849983215332,56.63999938964844,75484
2025-08-06,56.314998626708984,56.314998626708984,56.64500045776367,56.2400016784668,56.61000061035156,56315
2025-08-07,56.564998626708984,56.564998626708984,56.67499923706055,56.095001220703125,56.34000015258789,136646
2025-08-08,56.51499938964844,56.51499938964844,56.78499984741211,56.349998474121094,56.630001068115234,118920
2025-08-11,56.08000183105469,56.08000183105469,56.220001220703125,55.900001525878906,56.029998779296875,184015
2025-08-12,55.73500061035156,55.73500061035156,56.125,55.51499938964844,55.974998474121094,145586
2025-08-13,55.625,55.625,55.89500045776367,55.57500076293945,55.724998474121094,91424
2025-08-14,55.724998474121094,55.724998474121094,55.939998626708984,55.58000183105469,55.904998779296875,61617
2025-08-15,55.435001373291016,55.435001373291016,55.654998779296875,55.310001373291016,55.595001220703125,45917
2025-08-18,55.4900016784668,55.4900016784668,55.73500061035156,55.435001373291016,55.630001068115234,123083
2025-08-19,55.369998931884766,55.369998931884766,55.60499954223633,55.279998779296875,55.4900016784668,43142
2025-08-20,55.654998779296875,55.654998779296875,55.775001525878906,55.40999984741211,55.45000076293945,42078
2025-08-21,55.89500045776367,55.89500045776367,55.959999084472656,55.439998626708984,55.72999954223633,56525
2025-08-22,55.95000076293945,55.95000076293945,56.0,55.560001373291016,55.79999923706055,88245
2025-08-25,56.095001220703125,56.095001220703125,56.1150016784668,55.79499816894531,55.84000015258789,95549
2025-08-26,56.380001068115234,56.380001068115234,56.494998931884766,56.189998626708984,56.415000915527344,54664
2025-08-27,56.66999816894531,56.66999816894531,56.7400016784668,56.43000030517578,56.44499969482422,61152
2025-08-28,56.720001220703125,56.720001220703125,56.814998626708984,56.505001068115234,56.625,60738
2025-08-29,57.19499969482422,57.19499969482422,57.220001220703125,56.65999984741211,56.79999923706055,59377
2025-09-01,57.71500015258789,57.71500015258789,57.73500061035156,57.45000076293945,57.60499954223633,186077
2025-09-02,58.53499984741211,58.53499984741211,58.54499816894531,57.834999084472656,57.849998474121094,240876
2025-09-03,59.29499816894531,59.29499816894531,59.375,58.869998931884766,59.025001525878906,134901
2025-09-04,59.150001525878906,59.150001525878906,59.29999923706055,58.85499954223633,58.89500045776367,248320
2025-09-05,59.345001220703125,59.345001220703125,59.46500015258789,58.93000030517578,59.1349983215332,217528
2025-09-08,60.119998931884766,60.119998931884766,60.2599983215332,59.61000061035156,59.61000061035156,295944
2025-09-09,60.26499938964844,60.26499938964844,60.70500183105469,60.099998474121094,60.20500183105469,242875
2025-09-10,60.404998779296875,60.404998779296875,60.709999084472656,60.29999923706055,60.525001525878906,162650
2025-09-11,60.1349983215332,60.1349983215332,60.40999984741211,59.93000030517578,60.29999923706055,102413
2025-09-12,60.41999816894531,60.41999816894531,60.584999084472656,60.29499816894531,60.35499954223633,121683
2025-09-15,60.505001068115234,60.505001068115234,60.54499816894531,60.0099983215332,60.2400016784668,161639
2025-09-16,60.369998931884766,60.369998931884766,60.8650016784668,60.3650016784668,60.814998626708984,127439
2025-09-17,60.41999816894531,60.41999816894531,60.41999816894531,60.040000915527344,60.20500183105469,158188
2025-09-18,59.97999954223633,59.97999954223633,60.369998931884766,59.86000061035156,59.904998779296875,261258
2025-09-19,60.720001220703125,60.720001220703125,60.77000045776367,60.189998626708984,60.189998626708984,121718
2025-09-22,61.56999969482422,61.56999969482422,61.57500076293945,61.224998474121094,61.38999938964844,167316
2025-09-23,62.26499938964844,62.26499938964844,62.375,61.75,61.77000045776367,241455
2025-09-24,61.97999954223633,61.97999954223633,62.404998779296875,61.97999954223633,62.16999816894531,167059
2025-09-25,62.125,62.125,62.21500015258789,61.81999969482422,61.880001068115234,152131
2025-09-26,62.724998474121094,62.724998474121094,62.86000061035156,62.16999816894531,62.19499969482422,167548
2025-09-29,63.369998931884766,63.369998931884766,63.459999084472656,63.0,63.22999954223633,210992
2025-09-30,63.505001068115234,63.505001068115234,63.834999084472656,62.69499969482422,63.779998779296875,330011
2025-10-01,63.97999954223633,63.97999954223633,64.43499755859375,63.67499923706055,63.67499923706055,253692
2025-10-02,63.599998474121094,63.599998474121094,64.43499755859375,63.459999084472656,63.94499969482422,240463
2025-10-03,64.29000091552734,64.29000091552734,64.30500030517578,63.779998779296875,63.935001373291016,163324
2025-10-06,65.53500366210938,65.53500366210938,65.78500366210938,65.19000244140625,65.29000091552734,252461
2025-10-07,66.27999877929688,66.27999877929688,66.38999938964844,65.51499938964844,65.7249984741211,272850
2025-10-08,67.63999938964844,67.63999938964844,67.7249984741211,67.19999694824219,67.45999908447266,457926
2025-10-09,67.38999938964844,67.38999938964844,67.86499786376953,67.12999725341797,67.3550033569336,307593
2025-10-10,67.0999984741211,67.0999984741211,67.18499755859375,66.30999755859375,66.3499984741211,422170
2025-10-13,68.74500274658203,68.74500274658203,68.9000015258789,68.04000091552734,68.05500030517578,319612
2025-10-14,69.36499786376953,69.36499786376953,69.6500015258789,68.83999633789062,68.95999908447266,618474
2025-10-15,69.87000274658203,69.87000274658203,70.37000274658203,69.54499816894531,70.07499694824219,733486
2025-10-16,71.04499816894531,71.04499816894531,71.08000183105469,70.3499984741211,70.41500091552734,389076
2025-10-17,70.83000183105469,70.83000183105469,72.31500244140625,70.19000244140625,72.25499725341797,739569
2025-10-20,72.38999938964844,72.38999938964844,72.52999877929688,70.52999877929688,70.55999755859375,463655
2025-10-21,69.0199966430664,69.0199966430664,72.41000366210938,68.4749984741211,72.38999938964844,738137
2025-10-22,67.44499969482422,67.44499969482422,69.4000015258789,67.07499694824219,69.37000274658203,855714
2025-10-23,69.28500366210938,69.28500366210938,69.44999694824219,68.52999877929688,68.90499877929688,354303
2025-10-27,66.55999755859375,66.55999755859375,67.9749984741211,66.26499938964844,67.95500183105469,368132
2025-10-28,65.86000061035156,65.86000061035156,66.11000061035156,64.7750015258789,65.41500091552734,615900
2025-10-29,66.56500244140625,66.56500244140625,67.23500061035156,66.43499755859375,66.91999816894531,323659
2025-10-30,67.11000061035156,67.11000061035156,67.29000091552734,66.21499633789062,66.25,235080
2025-10-31,67.09500122070312,67.09500122070312,67.79499816894531,66.88500213623047,67.55500030517578,225235
2025-11-03,67.3949966430664,67.3949966430664,67.91999816894531,67.30000305175781,67.79000091552734,197106
2025-11-04,67.12000274658203,67.12000274658203,67.55500030517578,66.48500061035156,67.27999877929688,269276
2025-11-05,67.31500244140625,67.31500244140625,67.37999725341797,66.9000015258789,67.18000030517578,132291
2025-11-06,66.91500091552734,66.91500091552734,67.76499938964844,66.91500091552734,67.57499694824219,173771
2025-11-07,67.43000030517578,67.43000030517578,67.55000305175781,66.80000305175781,67.45500183105469,125527
2025-11-10,68.74500274658203,68.74500274658203,68.74500274658203,68.74500274658203,68.74500274658203,0
2025-11-11,68.83499908447266,68.83499908447266,69.61499786376953,68.58499908447266,69.4000015258789,271304
2025-11-12,70.21499633789062,70.21499633789062,70.21499633789062,68.93000030517578,69.04000091552734,226137
2025-11-13,70.11499786376953,70.11499786376953,70.91500091552734,69.8550033569336,70.63999938964844,491487
2025-11-14,68.45999908447266,68.45999908447266,69.875,67.28500366210938,69.76499938964844,839053
2025-11-17,68.1500015258789,68.1500015258789,68.48500061035156,67.87999725341797,68.4000015258789,421970
2025-11-18,68.05500030517578,68.05500030517578,68.30999755859375,67.23999786376953,67.29000091552734,377462
2025-11-19,68.56500244140625,68.56500244140625,69.43499755859375,68.38500213623047,68.45999908447266,368968
2025-11-20,68.38500213623047,68.38500213623047,69.08999633789062,68.0999984741211,68.29499816894531,633090
2025-11-21,68.73999786376953,68.73999786376953,68.80000305175781,67.7699966430664,67.79000091552734,633005
2025-11-24,69.0250015258789,69.0250015258789,69.0250015258789,68.3550033569336,68.45500183105469,270553
2025-11-25,69.48500061035156,69.48500061035156,69.78500366210938,69.0,69.62999725341797,595769
2025-11-26,69.66000366210938,69.66000366210938,70.01499938964844,69.33999633789062,69.73999786376953,381664
2025-11-27,69.55500030517578,69.55500030517578,69.7699966430664,69.5,69.68000030517578,134018
2025-11-28,70.45999908447266,70.45999908447266,70.59500122070312,69.54000091552734,69.96499633789062,277714
2025-12-01,70.7300033569336,70.7300033569336,71.17500305175781,70.4000015258789,71.05000305175781,427267
2025-12-02,70.0,70.0,70.68499755859375,69.66999816894531,70.43000030517578,348441
2025-12-03,70.29000091552734,70.29000091552734,70.5999984741211,69.87000274658203,70.12000274658203,309041
2025-12-04,70.19000244140625,70.19000244140625,70.2249984741211,69.58999633789062,69.79499816894531,245319
2025-12-05,70.33000183105469,70.33000183105469,70.94499969482422,70.0999984741211,70.3499984741211,316470
2025-12-08,70.04499816894531,70.04499816894531,70.23999786376953,69.73999786376953,70.0999984741211,237260
2025-12-09,70.30500030517578,70.30500030517578,70.4000015258789,69.76499938964844,69.81999969482422,276349
2025-12-10,70.0,70.0,70.15499877929688,69.84500122070312,70.11000061035156,230574
2025-12-11,70.3499984741211,70.3499984741211,70.375,69.69999694824219,69.95500183105469,363943
2025-12-12,70.80500030517578,70.80500030517578,71.97000122070312,70.68499755859375,70.95999908447266,796706
2025-12-15,70.87999725341797,70.87999725341797,71.94999694824219,70.83999633789062,71.86000061035156,508540
2025-12-16,70.94499969482422,70.94499969482422,71.36000061035156,70.57499694824219,70.79499816894531,421761
2025-12-17,71.44000244140625,71.44000244140625,71.87999725341797,71.36499786376953,71.58499908447266,524172
2025-12-18,72.32499694824219,72.32499694824219,72.32499694824219,71.27999877929688,71.56500244140625,448286
2025-12-19,72.01000213623047,72.01000213623047,72.17500305175781,71.5,71.6500015258789,277058
2025-12-22,73.25,73.25,73.30000305175781,72.86000061035156,73.07499694824219,475381
2025-12-23,73.55999755859375,73.55999755859375,74.02999877929688,73.08999633789062,73.92500305175781,529224
2025-12-29,71.62999725341797,71.62999725341797,73.98500061035156,70.8499984741211,73.76499938964844,1123683
2025-12-30,72.68499755859375,72.68499755859375,72.68499755859375,71.80000305175781,72.05500030517578,294283
