date,bucket_lt15,bucket_15_20,bucket_20_25,bucket_25_30,bucket_30_40,bucket_gt40
1881-01-31,1.0,1.0636415525114156,1.0,1.0,1.0,1.0
1881-02-28,1.0,1.0639995363403438,1.0,1.0,1.0,1.0
1881-03-31,1.0,1.0799509070229178,1.0,1.0,1.0,1.0
1881-04-30,1.0,1.0804556917684547,1.0,1.0,1.0,1.0
1881-05-31,1.0,1.1331467249683096,1.0,1.0,1.0,1.0
1881-06-30,1.0,1.1512334900014576,1.0,1.0,1.0,1.0
1881-07-31,1.0,1.1152209935437118,1.0,1.0,1.0,1.0
1881-08-31,1.0,1.093194647148918,1.0,1.0,1.0,1.0
1881-09-30,1.0,1.1064187759450743,1.0,1.0,1.0,1.0
1881-10-31,1.0,1.0932155118854632,1.0,1.0,1.0,1.0
1881-11-30,1.0,1.1049179543568657,1.0,1.0,1.0,1.0
1881-12-31,1.0,1.077473505975223,1.0,1.0,1.0,1.0
1882-01-31,1.0,1.0661190985356614,1.0,1.0,1.0,1.0
1882-02-28,1.0,1.0475100376941042,1.0,1.0,1.0,1.0
1882-03-31,1.0,1.0505253227767009,1.0,1.0,1.0,1.0
1882-04-30,1.0046136101499423,1.0505253227767009,1.0,1.0,1.0,1.0
1882-05-31,0.9970819048835355,1.0505253227767009,1.0,1.0,1.0,1.0
1882-06-30,0.996499837221607,1.0505253227767009,1.0,1.0,1.0,1.0
1882-07-31,0.996499837221607,1.1146418917724619,1.0,1.0,1.0,1.0
1882-08-31,0.996499837221607,1.1530351124890688,1.0,1.0,1.0,1.0
1882-09-30,0.996499837221607,1.1692049684355175,1.0,1.0,1.0,1.0
1882-10-31,0.996499837221607,1.142348230378505,1.0,1.0,1.0,1.0
1882-11-30,0.996499837221607,1.0984358876401767,1.0,1.0,1.0,1.0
1882-12-31,0.996499837221607,1.1091492611857205,1.0,1.0,1.0,1.0
1883-01-31,0.996499837221607,1.1085161851233998,1.0,1.0,1.0,1.0
1883-02-28,0.9787880959954881,1.1085161851233998,1.0,1.0,1.0,1.0
1883-03-31,0.9787880959954881,1.1274094253267135,1.0,1.0,1.0,1.0
1883-04-30,0.9787880959954881,1.156207383473646,1.0,1.0,1.0,1.0
1883-05-31,0.9787880959954881,1.141817164662014,1.0,1.0,1.0,1.0
1883-06-30,0.9787880959954881,1.157057884240013,1.0,1.0,1.0,1.0
1883-07-31,0.9787880959954881,1.1445495981202936,1.0,1.0,1.0,1.0
1883-08-31,0.9787880959954881,1.0980385380989477,1.0,1.0,1.0,1.0
1883-09-30,0.9787880959954881,1.1155479369080301,1.0,1.0,1.0,1.0
1883-10-31,0.9787880959954881,1.090794405607592,1.0,1.0,1.0,1.0
1883-11-30,0.9787880959954881,1.1125612958297768,1.0,1.0,1.0,1.0
1883-12-31,0.9621941122190567,1.1125612958297768,1.0,1.0,1.0,1.0
1884-01-31,0.9383194455769172,1.1125612958297768,1.0,1.0,1.0,1.0
1884-02-29,0.9686351943309731,1.1125612958297768,1.0,1.0,1.0,1.0
1884-03-31,0.9699506810375597,1.1125612958297768,1.0,1.0,1.0,1.0
1884-04-30,0.9309848950304691,1.1125612958297768,1.0,1.0,1.0,1.0
1884-05-31,0.8605063333212045,1.1125612958297768,1.0,1.0,1.0,1.0
1884-06-30,0.8303068789745572,1.1125612958297768,1.0,1.0,1.0,1.0
1884-07-31,0.8352713446186502,1.1125612958297768,1.0,1.0,1.0,1.0
1884-08-31,0.8926775215041283,1.1125612958297768,1.0,1.0,1.0,1.0
1884-09-30,0.8693985382473232,1.1125612958297768,1.0,1.0,1.0,1.0
1884-10-31,0.845958871774969,1.1125612958297768,1.0,1.0,1.0,1.0
1884-11-30,0.8337855109080419,1.1125612958297768,1.0,1.0,1.0,1.0
1884-12-31,0.8368475163187904,1.1125612958297768,1.0,1.0,1.0,1.0
1885-01-31,0.8225465506981352,1.1125612958297768,1.0,1.0,1.0,1.0
1885-02-28,0.8526839579271341,1.1125612958297768,1.0,1.0,1.0,1.0
1885-03-31,0.8594855921681891,1.1125612958297768,1.0,1.0,1.0,1.0
1885-04-30,0.8623063924849511,1.1125612958297768,1.0,1.0,1.0,1.0
1885-05-31,0.8571545886564703,1.1125612958297768,1.0,1.0,1.0,1.0
1885-06-30,0.857829201064209,1.1125612958297768,1.0,1.0,1.0,1.0
1885-07-31,0.8943201913032776,1.1125612958297768,1.0,1.0,1.0,1.0
1885-08-31,0.8943201913032776,1.1805206640720547,1.0,1.0,1.0,1.0
1885-09-30,0.8943201913032776,1.1709816727896467,1.0,1.0,1.0,1.0
1885-10-31,0.8943201913032776,1.2443778806853776,1.0,1.0,1.0,1.0
1885-11-30,0.8943201913032776,1.3306180733412103,1.0,1.0,1.0,1.0
1885-12-31,0.8943201913032776,1.3256621135324234,1.0,1.0,1.0,1.0
1886-01-31,0.8943201913032776,1.3307608139690865,1.0,1.0,1.0,1.0
1886-02-28,0.8943201913032776,1.3614344242051721,1.0,1.0,1.0,1.0
1886-03-31,0.8943201913032776,1.3382450859702437,1.0,1.0,1.0,1.0
1886-04-30,0.8943201913032776,1.325245113635433,1.0,1.0,1.0,1.0
1886-05-31,0.8943201913032776,1.304393641445469,1.0,1.0,1.0,1.0
1886-06-30,0.8943201913032776,1.3691737619154627,1.0,1.0,1.0,1.0
1886-07-31,0.8943201913032776,1.395035932973866,1.0,1.0,1.0,1.0
1886-08-31,0.8943201913032776,1.4104847127006546,1.0,1.0,1.0,1.0
1886-09-30,0.8943201913032776,1.4522192130375002,1.0,1.0,1.0,1.0
1886-10-31,0.8943201913032776,1.4940594671336351,1.0,1.0,1.0,1.0
1886-11-30,0.8943201913032776,1.5360011099624764,1.0,1.0,1.0,1.0
1886-12-31,0.8943201913032776,1.5011094785310748,1.0,1.0,1.0,1.0
1887-01-31,0.8943201913032776,1.4900197217452367,1.0,1.0,1.0,1.0
1887-02-28,0.8943201913032776,1.4842897325225755,1.0,1.0,1.0,1.0
1887-03-31,0.8943201913032776,1.5241431797631408,1.0,1.0,1.0,1.0
1887-04-30,0.8943201913032776,1.5641844192373706,1.0,1.0,1.0,1.0
1887-05-31,0.8943201913032776,1.5963221163567594,1.0,1.0,1.0,1.0
1887-06-30,0.8943201913032776,1.5555685538523125,1.0,1.0,1.0,1.0
1887-07-31,0.8943201913032776,1.5228780861339208,1.0,1.0,1.0,1.0
1887-08-31,0.8943201913032776,1.4901298506054745,1.0,1.0,1.0,1.0
1887-09-30,0.8943201913032776,1.4764589345448735,1.0,1.0,1.0,1.0
1887-10-31,0.8943201913032776,1.4326065490586626,1.0,1.0,1.0,1.0
1887-11-30,0.8943201913032776,1.4657814923822163,1.0,1.0,1.0,1.0
1887-12-31,0.8943201913032776,1.4631887185159742,1.0,1.0,1.0,1.0
1888-01-31,0.8943201913032776,1.4800787843685463,1.0,1.0,1.0,1.0
1888-02-29,0.8943201913032776,1.4774842332038578,1.0,1.0,1.0,1.0
1888-03-31,0.8639265728068548,1.4774842332038578,1.0,1.0,1.0,1.0
1888-04-30,0.8639265728068548,1.489239152053987,1.0,1.0,1.0,1.0
1888-05-31,0.8639265728068548,1.5156001450837269,1.0,1.0,1.0,1.0
1888-06-30,0.8639265728068548,1.4746002784896903,1.0,1.0,1.0,1.0
1888-07-31,0.8639265728068548,1.5187499874265074,1.0,1.0,1.0,1.0
1888-08-31,0.8639265728068548,1.5571200928967852,1.0,1.0,1.0,1.0
1888-09-30,0.8639265728068548,1.6015276749746843,1.0,1.0,1.0,1.0
1888-10-31,0.8639265728068548,1.598426823683299,1.0,1.0,1.0,1.0
1888-11-30,0.8639265728068548,1.5713705864668406,1.0,1.0,1.0,1.0
1888-12-31,0.8506228180287236,1.5713705864668406,1.0,1.0,1.0,1.0
1889-01-31,0.8506228180287236,1.6078015193242918,1.0,1.0,1.0,1.0
1889-02-28,0.8506228180287236,1.6320719582896641,1.0,1.0,1.0,1.0
1889-03-31,0.8506228180287236,1.6040572891565694,1.0,1.0,1.0,1.0
1889-04-30,0.8506228180287236,1.6068260136039731,1.0,1.0,1.0,1.0
1889-05-31,0.8506228180287236,1.6561139022805933,1.0,1.0,1.0,1.0
1889-06-30,0.8506228180287236,1.6899884877066271,1.0,1.0,1.0,1.0
1889-07-31,0.8506228180287236,1.6614835987041816,1.0,1.0,1.0,1.0
1889-08-31,0.8506228180287236,1.689284712630927,1.0,1.0,1.0,1.0
1889-09-30,0.8506228180287236,1.736033648509802,1.0,1.0,1.0,1.0
1889-10-31,0.8506228180287236,1.7103219380337669,1.0,1.0,1.0,1.0
1889-11-30,0.8506228180287236,1.7003371419047824,1.0,1.0,1.0,1.0
1889-12-31,0.8506228180287236,1.696650429597101,1.0,1.0,1.0,1.0
1890-01-31,0.8506228180287236,1.7216324378023216,1.0,1.0,1.0,1.0
1890-02-28,0.8506228180287236,1.7082988532468515,1.0,1.0,1.0,1.0
1890-03-31,0.8506228180287236,1.7013414957618236,1.0,1.0,1.0,1.0
1890-04-30,0.8506228180287236,1.7426935460060347,1.0,1.0,1.0,1.0
1890-05-31,0.8506228180287236,1.8229846215641359,1.0,1.0,1.0,1.0
1890-06-30,0.8506228180287236,1.8159565076613087,1.0,1.0,1.0,1.0
1890-07-31,0.8506228180287236,1.808905302583771,1.0,1.0,1.0,1.0
1890-08-31,0.8506228180287236,1.7724442149564807,1.0,1.0,1.0,1.0
1890-09-30,0.8506228180287236,1.7489645164835517,1.0,1.0,1.0,1.0
1890-10-31,0.8506228180287236,1.6760909949634037,1.0,1.0,1.0,1.0
1890-11-30,0.7917378394840843,1.6760909949634037,1.0,1.0,1.0,1.0
1890-12-31,0.7763289289491853,1.6760909949634037,1.0,1.0,1.0,1.0
1891-01-31,0.7763289289491853,1.7702192935935952,1.0,1.0,1.0,1.0
1891-02-28,0.7763289289491853,1.798869536981646,1.0,1.0,1.0,1.0
1891-03-31,0.7763289289491853,1.7725595403523224,1.0,1.0,1.0,1.0
1891-04-30,0.7763289289491853,1.838278137309252,1.0,1.0,1.0,1.0
1891-05-31,0.7763289289491853,1.837661679181382,1.0,1.0,1.0,1.0
1891-06-30,0.7763289289491853,1.8073433551814198,1.0,1.0,1.0,1.0
1891-07-31,0.7763289289491853,1.7843633881224121,1.0,1.0,1.0,1.0
1891-08-31,0.7763289289491853,1.8510743883072822,1.0,1.0,1.0,1.0
1891-09-30,0.7763289289491853,2.008146623420578,1.0,1.0,1.0,1.0
1891-10-31,0.7763289289491853,2.01505394451427,1.0,1.0,1.0,1.0
1891-11-30,0.7763289289491853,1.9917403122606652,1.0,1.0,1.0,1.0
1891-12-31,0.7763289289491853,2.0593962530263448,1.0,1.0,1.0,1.0
1892-01-31,0.7763289289491853,2.104441580803569,1.0,1.0,1.0,1.0
1892-02-29,0.7763289289491853,2.115317075179863,1.0,1.0,1.0,1.0
1892-03-31,0.7763289289491853,2.1454405443377307,1.0,1.0,1.0,1.0
1892-04-30,0.7763289289491853,2.1488048104242816,1.0,1.0,1.0,1.0
1892-05-31,0.7763289289491853,2.156092872221457,1.0,1.0,1.0,1.0
1892-06-30,0.7763289289491853,2.1518445563735877,1.0,1.0,1.0,1.0
1892-07-31,0.7763289289491853,2.159289265278009,1.0,1.0,1.0,1.0
1892-08-31,0.7763289289491853,2.1979960194511707,1.0,1.0,1.0,1.0
1892-09-30,0.7763289289491853,2.150845354543994,1.0,1.0,1.0,1.0
1892-10-31,0.7763289289491853,2.201705520698433,1.0,1.0,1.0,1.0
1892-11-30,0.7763289289491853,2.2015972078150354,1.0,1.0,1.0,1.0
1892-12-31,0.7763289289491853,2.18573081979881,1.0,1.0,1.0,1.0
1893-01-31,0.7763289289491853,2.233332942916026,1.0,1.0,1.0,1.0
1893-02-28,0.7763289289491853,2.201511597716307,1.0,1.0,1.0,1.0
1893-03-31,0.7763289289491853,2.1296494912227937,1.0,1.0,1.0,1.0
1893-04-30,0.7763289289491853,2.1377543248954476,1.0,1.0,1.0,1.0
1893-05-31,0.7763289289491853,1.9566994164653901,1.0,1.0,1.0,1.0
1893-06-30,0.7763289289491853,1.8719427981468015,1.0,1.0,1.0,1.0
1893-07-31,0.7073546576949327,1.8719427981468015,1.0,1.0,1.0,1.0
1893-08-31,0.6938985609171714,1.8719427981468015,1.0,1.0,1.0,1.0
1893-09-30,0.6938985609171714,2.014429914687931,1.0,1.0,1.0,1.0
1893-10-31,0.6938985609171714,2.083863211232523,1.0,1.0,1.0,1.0
1893-11-30,0.6938985609171714,2.125860772950752,1.0,1.0,1.0,1.0
1893-12-31,0.6938985609171714,2.0610925712832446,1.0,1.0,1.0,1.0
1894-01-31,0.6938985609171714,2.0287662894585075,1.0,1.0,1.0,1.0
1894-02-28,0.6938985609171714,2.0665982410792547,1.0,1.0,1.0,1.0
1894-03-31,0.6938985609171714,2.137501905617653,1.0,1.0,1.0,1.0
1894-04-30,0.6938985609171714,2.1754176822139755,1.0,1.0,1.0,1.0
1894-05-31,0.6938985609171714,2.1038835701363596,1.0,1.0,1.0,1.0
1894-06-30,0.6938985609171714,2.084490385788152,1.0,1.0,1.0,1.0
1894-07-31,0.6938985609171714,2.050469325344221,1.0,1.0,1.0,1.0
1894-08-31,0.6938985609171714,2.1367780018288576,1.0,1.0,1.0,1.0
1894-09-30,0.6938985609171714,2.179711411680419,1.0,1.0,1.0,1.0
1894-10-31,0.6938985609171714,2.1205153800388,1.0,1.0,1.0,1.0
1894-11-30,0.6938985609171714,2.1293386458386157,1.0,1.0,1.0,1.0
1894-12-31,0.6938985609171714,2.11843437132162,1.0,1.0,1.0,1.0
1895-01-31,0.6938985609171714,2.1024229487476775,1.0,1.0,1.0,1.0
1895-02-28,0.6938985609171714,2.0813286384952425,1.0,1.0,1.0,1.0
1895-03-31,0.6938985609171714,2.0898849358217535,1.0,1.0,1.0,1.0
1895-04-30,0.6938985609171714,2.1881860072859225,1.0,1.0,1.0,1.0
1895-05-31,0.6938985609171714,2.316844167397759,1.0,1.0,1.0,1.0
1895-06-30,0.6938985609171714,2.3705227496348105,1.0,1.0,1.0,1.0
1895-07-31,0.6938985609171714,2.389016189525578,1.0,1.0,1.0,1.0
1895-08-31,0.6938985609171714,2.432810601771066,1.0,1.0,1.0,1.0
1895-09-30,0.6938985609171714,2.4563726348609394,1.0,1.0,1.0,1.0
1895-10-31,0.6938985609171714,2.4289805126360897,1.0,1.0,1.0,1.0
1895-11-30,0.6938985609171714,2.355399448580498,1.0,1.0,1.0,1.0
1895-12-31,0.6938985609171714,2.2250442536075874,1.0,1.0,1.0,1.0
1896-01-31,0.6938985609171714,2.2074464884845333,1.0,1.0,1.0,1.0
1896-02-29,0.6938985609171714,2.308651275579535,1.0,1.0,1.0,1.0
1896-03-31,0.6938985609171714,2.2804762187200747,1.0,1.0,1.0,1.0
1896-04-30,0.6938985609171714,2.3094377460411484,1.0,1.0,1.0,1.0
1896-05-31,0.6938985609171714,2.3071169875218422,1.0,1.0,1.0,1.0
1896-06-30,0.6938985609171714,2.2732880107843534,1.0,1.0,1.0,1.0
1896-07-31,0.6938985609171714,2.1340578905250878,1.0,1.0,1.0,1.0
1896-08-31,0.6938985609171714,2.020672859287165,1.0,1.0,1.0,1.0
1896-09-30,0.6938985609171714,2.1348461794401947,1.0,1.0,1.0,1.0
1896-10-31,0.6938985609171714,2.190857054368359,1.0,1.0,1.0,1.0
1896-11-30,0.6938985609171714,2.3485675915524324,1.0,1.0,1.0,1.0
1896-12-31,0.6938985609171714,2.2708539546569226,1.0,1.0,1.0,1.0
1897-01-31,0.6938985609171714,2.2789257104199208,1.0,1.0,1.0,1.0
1897-02-28,0.6938985609171714,2.265424965689945,1.0,1.0,1.0,1.0
1897-03-31,0.6938985609171714,2.2789741580684737,1.0,1.0,1.0,1.0
1897-04-30,0.6938985609171714,2.2164247480021544,1.0,1.0,1.0,1.0
1897-05-31,0.6938985609171714,2.2355318578987244,1.0,1.0,1.0,1.0
1897-06-30,0.6938985609171714,2.3478563752686354,1.0,1.0,1.0,1.0
1897-07-31,0.6938985609171714,2.4605754752522584,1.0,1.0,1.0,1.0
1897-08-31,0.6938985609171714,2.6288435290531416,1.0,1.0,1.0,1.0
1897-09-30,0.6938985609171714,2.7644365110779883,1.0,1.0,1.0,1.0
1897-10-31,0.6938985609171714,2.6839458897715,1.0,1.0,1.0,1.0
1897-11-30,0.6938985609171714,2.597636426511213,1.0,1.0,1.0,1.0
1897-12-31,0.6938985609171714,2.661879047812028,1.0,1.0,1.0,1.0
1898-01-31,0.6938985609171714,2.743136408218921,1.0,1.0,1.0,1.0
1898-02-28,0.6938985609171714,2.746026632200942,1.0,1.0,1.0,1.0
1898-03-31,0.6938985609171714,2.6305891984684293,1.0,1.0,1.0,1.0
1898-04-30,0.6938985609171714,2.5940532373785903,1.0,1.0,1.0,1.0
1898-05-31,0.6938985609171714,2.77317251881516,1.0,1.0,1.0,1.0
1898-06-30,0.6938985609171714,2.890301569605568,1.0,1.0,1.0,1.0
1898-07-31,0.6938985609171714,2.910769779008243,1.0,1.0,1.0,1.0
1898-08-31,0.6938985609171714,2.910769779008243,1.0405462598425197,1.0,1.0,1.0
1898-09-30,0.6938985609171714,2.910769779008243,1.0417523325946776,1.0,1.0,1.0
1898-10-31,0.6938985609171714,2.8588905647911287,1.0417523325946776,1.0,1.0,1.0
1898-11-30,0.6938985609171714,2.8588905647911287,1.0794560128910289,1.0,1.0,1.0
1898-12-31,0.6938985609171714,2.8588905647911287,1.149767760046492,1.0,1.0,1.0
1899-01-31,0.6938985609171714,2.8588905647911287,1.2406638543510522,1.0,1.0,1.0
1899-02-28,0.6938985609171714,2.8588905647911287,1.2910114083527324,1.0,1.0,1.0
1899-03-31,0.6938985609171714,2.8588905647911287,1.3128641463623165,1.0,1.0,1.0
1899-04-30,0.6938985609171714,2.8588905647911287,1.3327366017027618,1.0,1.0,1.0
1899-05-31,0.6938985609171714,2.8588905647911287,1.280690289480658,1.0,1.0,1.0
1899-06-30,0.6938985609171714,2.8588905647911287,1.2553273972474916,1.0,1.0,1.0
1899-07-31,0.6938985609171714,2.8588905647911287,1.302290153391086,1.0,1.0,1.0
1899-08-31,0.6938985609171714,2.8588905647911287,1.3390259337530654,1.0,1.0,1.0
1899-09-30,0.6938985609171714,2.8588905647911287,1.3280527825645843,1.0,1.0,1.0
1899-10-31,0.6938985609171714,2.8588905647911287,1.325403279041022,1.0,1.0,1.0
1899-11-30,0.6938985609171714,2.8588905647911287,1.3541186079690362,1.0,1.0,1.0
1899-12-31,0.6938985609171714,2.6718825374956836,1.3541186079690362,1.0,1.0,1.0
1900-01-31,0.6938985609171714,2.7151563825797087,1.3541186079690362,1.0,1.0,1.0
1900-02-28,0.6938985609171714,2.7721857943039754,1.3541186079690362,1.0,1.0,1.0
1900-03-31,0.6938985609171714,2.8028762570025902,1.3541186079690362,1.0,1.0,1.0
1900-04-30,0.6938985609171714,2.8473707982229786,1.3541186079690362,1.0,1.0,1.0
1900-05-31,0.6938985609171714,2.7216194065033514,1.3541186079690362,1.0,1.0,1.0
1900-06-30,0.6938985609171714,2.6498051527100617,1.3541186079690362,1.0,1.0,1.0
1900-07-31,0.6938985609171714,2.659414087777483,1.3541186079690362,1.0,1.0,1.0
1900-08-31,0.6938985609171714,2.7056475024860718,1.3541186079690362,1.0,1.0,1.0
1900-09-30,0.6938985609171714,2.6521266975126516,1.3541186079690362,1.0,1.0,1.0
1900-10-31,0.6938985609171714,2.7587261865398305,1.3541186079690362,1.0,1.0,1.0
1900-11-30,0.6938985609171714,2.985368624909887,1.3541186079690362,1.0,1.0,1.0
1900-12-31,0.6938985609171714,2.985368624909887,1.4407101046013155,1.0,1.0,1.0
1901-01-31,0.6938985609171714,2.985368624909887,1.4878949333546339,1.0,1.0,1.0
1901-02-28,0.6938985609171714,2.985368624909887,1.5310673868840905,1.0,1.0,1.0
1901-03-31,0.6938985609171714,2.985368624909887,1.5913122487866227,1.0,1.0,1.0
1901-04-30,0.6938985609171714,2.985368624909887,1.7301900876315717,1.0,1.0,1.0
1901-05-31,0.6938985609171714,2.985368624909887,1.6484754486955486,1.0,1.0,1.0
1901-06-30,0.6938985609171714,2.985368624909887,1.6484754486955486,1.1029355325571366,1.0,1.0
1901-07-31,0.6938985609171714,2.985368624909887,1.5429406969310198,1.1029355325571366,1.0,1.0
1901-08-31,0.6938985609171714,2.985368624909887,1.5693973629165425,1.1029355325571366,1.0,1.0
1901-09-30,0.6938985609171714,2.985368624909887,1.5666857279621669,1.1029355325571366,1.0,1.0
1901-10-31,0.6938985609171714,2.985368624909887,1.5542012010674684,1.1029355325571366,1.0,1.0
1901-11-30,0.6938985609171714,2.985368624909887,1.5927893381361127,1.1029355325571366,1.0,1.0
1901-12-31,0.6938985609171714,2.985368624909887,1.5723915811109104,1.1029355325571366,1.0,1.0
1902-01-31,0.6938985609171714,2.985368624909887,1.6112893183375534,1.1029355325571366,1.0,1.0
1902-02-28,0.6938985609171714,2.985368624909887,1.630484563008389,1.1029355325571366,1.0,1.0
1902-03-31,0.6938985609171714,2.985368624909887,1.6378124530315963,1.1029355325571366,1.0,1.0
1902-04-30,0.6938985609171714,2.985368624909887,1.6991055867540443,1.1029355325571366,1.0,1.0
1902-05-31,0.6938985609171714,2.985368624909887,1.7004964622982328,1.1029355325571366,1.0,1.0
1902-06-30,0.6938985609171714,2.985368624909887,1.6958767132408858,1.1029355325571366,1.0,1.0
1902-07-31,0.6938985609171714,2.985368624909887,1.739651572911838,1.1029355325571366,1.0,1.0
1902-08-31,0.6938985609171714,2.985368624909887,1.7916691777925684,1.1029355325571366,1.0,1.0
1902-09-30,0.6938985609171714,2.985368624909887,1.8012514628346128,1.1029355325571366,1.0,1.0
1902-10-31,0.6938985609171714,2.985368624909887,1.7498174227117695,1.1029355325571366,1.0,1.0
1902-11-30,0.6938985609171714,2.985368624909887,1.688024230042941,1.1029355325571366,1.0,1.0
1902-12-31,0.6938985609171714,2.9264703935842986,1.688024230042941,1.1029355325571366,1.0,1.0
1903-01-31,0.6938985609171714,2.9264703935842986,1.7797646773278837,1.1029355325571366,1.0,1.0
1903-02-28,0.6938985609171714,2.9264703935842986,1.775061063626868,1.1029355325571366,1.0,1.0
1903-03-31,0.6938985609171714,2.8213036260812054,1.775061063626868,1.1029355325571366,1.0,1.0
1903-04-30,0.6938985609171714,2.715824813740608,1.775061063626868,1.1029355325571366,1.0,1.0
1903-05-31,0.6938985609171714,2.6730929164293538,1.775061063626868,1.1029355325571366,1.0,1.0
1903-06-30,0.6938985609171714,2.5352850111094427,1.775061063626868,1.1029355325571366,1.0,1.0
1903-07-31,0.6938985609171714,2.428765376241567,1.775061063626868,1.1029355325571366,1.0,1.0
1903-08-31,0.6938985609171714,2.3608574508861415,1.775061063626868,1.1029355325571366,1.0,1.0
1903-09-30,0.6938985609171714,2.3140705737768883,1.775061063626868,1.1029355325571366,1.0,1.0
1903-10-31,0.6938985609171714,2.2492444081668324,1.775061063626868,1.1029355325571366,1.0,1.0
1903-11-30,0.6938985609171714,2.2668113902524487,1.775061063626868,1.1029355325571366,1.0,1.0
1903-12-31,0.6938985609171714,2.381965769834501,1.775061063626868,1.1029355325571366,1.0,1.0
1904-01-31,0.6938985609171714,2.4324209047358663,1.775061063626868,1.1029355325571366,1.0,1.0
1904-02-29,0.6938985609171714,2.37739709202931,1.775061063626868,1.1029355325571366,1.0,1.0
1904-03-31,0.6938985609171714,2.380545619203754,1.775061063626868,1.1029355325571366,1.0,1.0
1904-04-30,0.6938985609171714,2.4497332876631224,1.775061063626868,1.1029355325571366,1.0,1.0
1904-05-31,0.6938985609171714,2.408434006471884,1.775061063626868,1.1029355325571366,1.0,1.0
1904-06-30,0.6938985609171714,2.422430713332573,1.775061063626868,1.1029355325571366,1.0,1.0
1904-07-31,0.6938985609171714,2.5331331921676634,1.775061063626868,1.1029355325571366,1.0,1.0
1904-08-31,0.6938985609171714,2.6292372018070918,1.775061063626868,1.1029355325571366,1.0,1.0
1904-09-30,0.6938985609171714,2.755613744580114,1.775061063626868,1.1029355325571366,1.0,1.0
1904-10-31,0.6938985609171714,2.9275258953121153,1.775061063626868,1.1029355325571366,1.0,1.0
1904-11-30,0.6938985609171714,3.096148239004786,1.775061063626868,1.1029355325571366,1.0,1.0
1904-12-31,0.6938985609171714,3.1363596379513874,1.775061063626868,1.1029355325571366,1.0,1.0
1905-01-31,0.6938985609171714,3.214610226898255,1.775061063626868,1.1029355325571366,1.0,1.0
1905-02-28,0.6938985609171714,3.365607295059114,1.775061063626868,1.1029355325571366,1.0,1.0
1905-03-31,0.6938985609171714,3.471206411069714,1.775061063626868,1.1029355325571366,1.0,1.0
1905-04-30,0.6938985609171714,3.4390833683153383,1.775061063626868,1.1029355325571366,1.0,1.0
1905-05-31,0.6938985609171714,3.2799744712053505,1.775061063626868,1.1029355325571366,1.0,1.0
1905-06-30,0.6938985609171714,3.3287978559076157,1.775061063626868,1.1029355325571366,1.0,1.0
1905-07-31,0.6938985609171714,3.4436284796191576,1.775061063626868,1.1029355325571366,1.0,1.0
1905-08-31,0.6938985609171714,3.5821533204795983,1.775061063626868,1.1029355325571366,1.0,1.0
1905-09-30,0.6938985609171714,3.604324383558256,1.775061063626868,1.1029355325571366,1.0,1.0
1905-10-31,0.6938985609171714,3.66566558492163,1.775061063626868,1.1029355325571366,1.0,1.0
1905-11-30,0.6938985609171714,3.656746190295926,1.775061063626868,1.1029355325571366,1.0,1.0
1905-12-31,0.6938985609171714,3.7578304120958803,1.775061063626868,1.1029355325571366,1.0,1.0
1906-01-31,0.6938985609171714,3.7578304120958803,1.8415793372376232,1.1029355325571366,1.0,1.0
1906-02-28,0.6938985609171714,3.741833298842092,1.8415793372376232,1.1029355325571366,1.0,1.0
1906-03-31,0.6938985609171714,3.661068881644381,1.8415793372376232,1.1029355325571366,1.0,1.0
1906-04-30,0.6938985609171714,3.6223742685081026,1.8415793372376232,1.1029355325571366,1.0,1.0
1906-05-31,0.6938985609171714,3.5376505324135428,1.8415793372376232,1.1029355325571366,1.0,1.0
1906-06-30,0.6938985609171714,3.5954295886764194,1.8415793372376232,1.1029355325571366,1.0,1.0
1906-07-31,0.6938985609171714,3.5144035544871617,1.8415793372376232,1.1029355325571366,1.0,1.0
1906-08-31,0.6938985609171714,3.786284950882311,1.8415793372376232,1.1029355325571366,1.0,1.0
1906-09-30,0.6938985609171714,3.915241094802948,1.8415793372376232,1.1029355325571366,1.0,1.0
1906-10-31,0.6938985609171714,3.810577683183403,1.8415793372376232,1.1029355325571366,1.0,1.0
1906-11-30,0.6938985609171714,3.90157660194,1.8415793372376232,1.1029355325571366,1.0,1.0
1906-12-31,0.6938985609171714,3.879121908807989,1.8415793372376232,1.1029355325571366,1.0,1.0
1907-01-31,0.6938985609171714,3.781881047950336,1.8415793372376232,1.1029355325571366,1.0,1.0
1907-02-28,0.6938985609171714,3.6764980358688955,1.8415793372376232,1.1029355325571366,1.0,1.0
1907-03-31,0.6282473393504823,3.6764980358688955,1.8415793372376232,1.1029355325571366,1.0,1.0
1907-04-30,0.6338275801890245,3.6764980358688955,1.8415793372376232,1.1029355325571366,1.0,1.0
1907-05-31,0.6145212726784396,3.6764980358688955,1.8415793372376232,1.1029355325571366,1.0,1.0
1907-06-30,0.5974303739497192,3.6764980358688955,1.8415793372376232,1.1029355325571366,1.0,1.0
1907-07-31,0.6229583299794585,3.6764980358688955,1.8415793372376232,1.1029355325571366,1.0,1.0
1907-08-31,0.5789743341321066,3.6764980358688955,1.8415793372376232,1.1029355325571366,1.0,1.0
1907-09-30,0.5755572578550742,3.6764980358688955,1.8415793372376232,1.1029355325571366,1.0,1.0
1907-10-31,0.5157482318430647,3.6764980358688955,1.8415793372376232,1.1029355325571366,1.0,1.0
1907-11-30,0.4882604304353345,3.6764980358688955,1.8415793372376232,1.1029355325571366,1.0,1.0
1907-12-31,0.5161023422065718,3.6764980358688955,1.8415793372376232,1.1029355325571366,1.0,1.0
1908-01-31,0.540977899035402,3.6764980358688955,1.8415793372376232,1.1029355325571366,1.0,1.0
1908-02-29,0.5241082074466253,3.6764980358688955,1.8415793372376232,1.1029355325571366,1.0,1.0
1908-03-31,0.5484163725781113,3.6764980358688955,1.8415793372376232,1.1029355325571366,1.0,1.0
1908-04-30,0.5808131185079439,3.6764980358688955,1.8415793372376232,1.1029355325571366,1.0,1.0
1908-05-31,0.6149526023049572,3.6764980358688955,1.8415793372376232,1.1029355325571366,1.0,1.0
1908-06-30,0.6186016165997615,3.6764980358688955,1.8415793372376232,1.1029355325571366,1.0,1.0
1908-07-31,0.6441067879648041,3.6764980358688955,1.8415793372376232,1.1029355325571366,1.0,1.0
1908-08-31,0.6745819036365353,3.6764980358688955,1.8415793372376232,1.1029355325571366,1.0,1.0
1908-09-30,0.6700445372608848,3.6764980358688955,1.8415793372376232,1.1029355325571366,1.0,1.0
1908-10-31,0.681047920624716,3.6764980358688955,1.8415793372376232,1.1029355325571366,1.0,1.0
1908-11-30,0.7299558631470474,3.6764980358688955,1.8415793372376232,1.1029355325571366,1.0,1.0
1908-12-31,0.7492677286732847,3.6764980358688955,1.8415793372376232,1.1029355325571366,1.0,1.0
1909-01-31,0.7545228364048435,3.6764980358688955,1.8415793372376232,1.1029355325571366,1.0,1.0
1909-02-28,0.7356687875669017,3.6764980358688955,1.8415793372376232,1.1029355325571366,1.0,1.0
1909-03-31,0.7485339348206875,3.6764980358688955,1.8415793372376232,1.1029355325571366,1.0,1.0
1909-04-30,0.7849676212969187,3.6764980358688955,1.8415793372376232,1.1029355325571366,1.0,1.0
1909-05-31,0.813977874060747,3.6764980358688955,1.8415793372376232,1.1029355325571366,1.0,1.0
1909-06-30,0.813977874060747,3.754657024487095,1.8415793372376232,1.1029355325571366,1.0,1.0
1909-07-31,0.813977874060747,3.821704471352936,1.8415793372376232,1.1029355325571366,1.0,1.0
1909-08-31,0.813977874060747,3.9275414631388195,1.8415793372376232,1.1029355325571366,1.0,1.0
1909-09-30,0.813977874060747,3.9451183043134916,1.8415793372376232,1.1029355325571366,1.0,1.0
1909-10-31,0.8200354457437309,3.9451183043134916,1.8415793372376232,1.1029355325571366,1.0,1.0
1909-11-30,0.8189218915827217,3.9451183043134916,1.8415793372376232,1.1029355325571366,1.0,1.0
1909-12-31,0.831502693104769,3.9451183043134916,1.8415793372376232,1.1029355325571366,1.0,1.0
1910-01-31,0.8167024833569494,3.9451183043134916,1.8415793372376232,1.1029355325571366,1.0,1.0
1910-02-28,0.7905222264189817,3.9451183043134916,1.8415793372376232,1.1029355325571366,1.0,1.0
1910-03-31,0.8130572607369098,3.9451183043134916,1.8415793372376232,1.1029355325571366,1.0,1.0
1910-04-30,0.7965097223605498,3.9451183043134916,1.8415793372376232,1.1029355325571366,1.0,1.0
1910-05-31,0.7864714053863556,3.9451183043134916,1.8415793372376232,1.1029355325571366,1.0,1.0
1910-06-30,0.7517307860802592,3.9451183043134916,1.8415793372376232,1.1029355325571366,1.0,1.0
1910-07-31,0.7168634194914634,3.9451183043134916,1.8415793372376232,1.1029355325571366,1.0,1.0
1910-08-31,0.7374504259684679,3.9451183043134916,1.8415793372376232,1.1029355325571366,1.0,1.0
1910-09-30,0.7456443195903398,3.9451183043134916,1.8415793372376232,1.1029355325571366,1.0,1.0
1910-10-31,0.7831810811896197,3.9451183043134916,1.8415793372376232,1.1029355325571366,1.0,1.0
1910-11-30,0.785597009954019,3.9451183043134916,1.8415793372376232,1.1029355325571366,1.0,1.0
1910-12-31,0.766945058030433,3.9451183043134916,1.8415793372376232,1.1029355325571366,1.0,1.0
1911-01-31,0.7889082176112309,3.9451183043134916,1.8415793372376232,1.1029355325571366,1.0,1.0
1911-02-28,0.8058579716573551,3.9451183043134916,1.8415793372376232,1.1029355325571366,1.0,1.0
1911-03-31,0.7998047790459311,3.9451183043134916,1.8415793372376232,1.1029355325571366,1.0,1.0
1911-04-30,0.7997332657430835,3.9451183043134916,1.8415793372376232,1.1029355325571366,1.0,1.0
1911-05-31,0.7997332657430835,4.046792958887663,1.8415793372376232,1.1029355325571366,1.0,1.0
1911-06-30,0.7997332657430835,4.1446189138537415,1.8415793372376232,1.1029355325571366,1.0,1.0
1911-07-31,0.7997332657430835,4.144261742282399,1.8415793372376232,1.1029355325571366,1.0,1.0
1911-08-31,0.7647847282560414,4.144261742282399,1.8415793372376232,1.1029355325571366,1.0,1.0
1911-09-30,0.7263508901312149,4.144261742282399,1.8415793372376232,1.1029355325571366,1.0,1.0
1911-10-31,0.7338210501892733,4.144261742282399,1.8415793372376232,1.1029355325571366,1.0,1.0
1911-11-30,0.7665709001929422,4.144261742282399,1.8415793372376232,1.1029355325571366,1.0,1.0
1911-12-31,0.7732618442868716,4.144261742282399,1.8415793372376232,1.1029355325571366,1.0,1.0
1912-01-31,0.7774351381775526,4.144261742282399,1.8415793372376232,1.1029355325571366,1.0,1.0
1912-02-29,0.7739599803778774,4.144261742282399,1.8415793372376232,1.1029355325571366,1.0,1.0
1912-03-31,0.7995852759302671,4.144261742282399,1.8415793372376232,1.1029355325571366,1.0,1.0
1912-04-30,0.827903921119464,4.144261742282399,1.8415793372376232,1.1029355325571366,1.0,1.0
1912-05-31,0.8304456178116043,4.144261742282399,1.8415793372376232,1.1029355325571366,1.0,1.0
1912-06-30,0.8338711337472887,4.144261742282399,1.8415793372376232,1.1029355325571366,1.0,1.0
1912-07-31,0.838187011657689,4.144261742282399,1.8415793372376232,1.1029355325571366,1.0,1.0
1912-08-31,0.8608809905499643,4.144261742282399,1.8415793372376232,1.1029355325571366,1.0,1.0
1912-09-30,0.8687548485394745,4.144261742282399,1.8415793372376232,1.1029355325571366,1.0,1.0
1912-10-31,0.8704986727156757,4.144261742282399,1.8415793372376232,1.1029355325571366,1.0,1.0
1912-11-30,0.8642935682710213,4.144261742282399,1.8415793372376232,1.1029355325571366,1.0,1.0
1912-12-31,0.8367510579179654,4.144261742282399,1.8415793372376232,1.1029355325571366,1.0,1.0
1913-01-31,0.8331828231294026,4.144261742282399,1.8415793372376232,1.1029355325571366,1.0,1.0
1913-02-28,0.8072018533759051,4.144261742282399,1.8415793372376232,1.1029355325571366,1.0,1.0
1913-03-31,0.795503275790747,4.144261742282399,1.8415793372376232,1.1029355325571366,1.0,1.0
1913-04-30,0.7982152187763971,4.144261742282399,1.8415793372376232,1.1029355325571366,1.0,1.0
1913-05-31,0.7800533252888796,4.144261742282399,1.8415793372376232,1.1029355325571366,1.0,1.0
1913-06-30,0.7444719455388603,4.144261742282399,1.8415793372376232,1.1029355325571366,1.0,1.0
1913-07-31,0.7582245061091594,4.144261742282399,1.8415793372376232,1.1029355325571366,1.0,1.0
1913-08-31,0.7821781357067754,4.144261742282399,1.8415793372376232,1.1029355325571366,1.0,1.0
1913-09-30,0.7932859908884101,4.144261742282399,1.8415793372376232,1.1029355325571366,1.0,1.0
1913-10-31,0.7718960989887226,4.144261742282399,1.8415793372376232,1.1029355325571366,1.0,1.0
1913-11-30,0.7560096175325383,4.144261742282399,1.8415793372376232,1.1029355325571366,1.0,1.0
1913-12-31,0.7588270446786219,4.144261742282399,1.8415793372376232,1.1029355325571366,1.0,1.0
1914-01-31,0.7937481897695535,4.144261742282399,1.8415793372376232,1.1029355325571366,1.0,1.0
1914-02-28,0.807933554172544,4.144261742282399,1.8415793372376232,1.1029355325571366,1.0,1.0
1914-03-31,0.7964211361934737,4.144261742282399,1.8415793372376232,1.1029355325571366,1.0,1.0
1914-04-30,0.7809856904950123,4.144261742282399,1.8415793372376232,1.1029355325571366,1.0,1.0
1914-05-31,0.7894816349934187,4.144261742282399,1.8415793372376232,1.1029355325571366,1.0,1.0
1914-06-30,0.7892803187870251,4.144261742282399,1.8415793372376232,1.1029355325571366,1.0,1.0
1914-07-31,0.7492338081474619,4.144261742282399,1.8415793372376232,1.1029355325571366,1.0,1.0
1914-08-31,0.7528515278157085,4.144261742282399,1.8415793372376232,1.1029355325571366,1.0,1.0
1914-09-30,0.7564458710474675,4.144261742282399,1.8415793372376232,1.1029355325571366,1.0,1.0
1914-10-31,0.7600163349570339,4.144261742282399,1.8415793372376232,1.1029355325571366,1.0,1.0
1914-11-30,0.7635624181170982,4.144261742282399,1.8415793372376232,1.1029355325571366,1.0,1.0
1914-12-31,0.7342742980211353,4.144261742282399,1.8415793372376232,1.1029355325571366,1.0,1.0
1915-01-31,0.750758006752222,4.144261742282399,1.8415793372376232,1.1029355325571366,1.0,1.0
1915-02-28,0.7442407313638382,4.144261742282399,1.8415793372376232,1.1029355325571366,1.0,1.0
1915-03-31,0.7669452840278591,4.144261742282399,1.8415793372376232,1.1029355325571366,1.0,1.0
1915-04-30,0.8282612255211697,4.144261742282399,1.8415793372376232,1.1029355325571366,1.0,1.0
1915-05-31,0.8125176483567024,4.144261742282399,1.8415793372376232,1.1029355325571366,1.0,1.0
1915-06-30,0.8253288542965151,4.144261742282399,1.8415793372376232,1.1029355325571366,1.0,1.0
1915-07-31,0.8258848905271254,4.144261742282399,1.8415793372376232,1.1029355325571366,1.0,1.0
1915-08-31,0.8645997484103665,4.144261742282399,1.8415793372376232,1.1029355325571366,1.0,1.0
1915-09-30,0.9003805445853492,4.144261742282399,1.8415793372376232,1.1029355325571366,1.0,1.0
1915-10-31,0.9539900963523031,4.144261742282399,1.8415793372376232,1.1029355325571366,1.0,1.0
1915-11-30,0.9911155151001199,4.144261742282399,1.8415793372376232,1.1029355325571366,1.0,1.0
1915-12-31,0.9969581375693324,4.144261742282399,1.8415793372376232,1.1029355325571366,1.0,1.0
1916-01-31,0.9849518730785624,4.144261742282399,1.8415793372376232,1.1029355325571366,1.0,1.0
1916-02-29,0.9751058732898027,4.144261742282399,1.8415793372376232,1.1029355325571366,1.0,1.0
1916-03-31,0.9759158117733233,4.144261742282399,1.8415793372376232,1.1029355325571366,1.0,1.0
1916-04-30,0.9693751182874744,4.144261742282399,1.8415793372376232,1.1029355325571366,1.0,1.0
1916-05-31,0.9949659445220884,4.144261742282399,1.8415793372376232,1.1029355325571366,1.0,1.0
1916-06-30,1.008956646881145,4.144261742282399,1.8415793372376232,1.1029355325571366,1.0,1.0
1916-07-31,0.9993898838030787,4.144261742282399,1.8415793372376232,1.1029355325571366,1.0,1.0
1916-08-31,1.0115330664107185,4.144261742282399,1.8415793372376232,1.1029355325571366,1.0,1.0
1916-09-30,1.0575478506244038,4.144261742282399,1.8415793372376232,1.1029355325571366,1.0,1.0
1916-10-31,1.0951255774964102,4.144261742282399,1.8415793372376232,1.1029355325571366,1.0,1.0
1916-11-30,1.1252863381197937,4.144261742282399,1.8415793372376232,1.1029355325571366,1.0,1.0
1916-12-31,1.0851426756430227,4.144261742282399,1.8415793372376232,1.1029355325571366,1.0,1.0
1917-01-31,1.0648423874932382,4.144261742282399,1.8415793372376232,1.1029355325571366,1.0,1.0
1917-02-28,1.0100499228800803,4.144261742282399,1.8415793372376232,1.1029355325571366,1.0,1.0
1917-03-31,1.0467914675553889,4.144261742282399,1.8415793372376232,1.1029355325571366,1.0,1.0
1917-04-30,1.0366018352517146,4.144261742282399,1.8415793372376232,1.1029355325571366,1.0,1.0
1917-05-31,1.007241812169844,4.144261742282399,1.8415793372376232,1.1029355325571366,1.0,1.0
1917-06-30,1.0335236992590235,4.144261742282399,1.8415793372376232,1.1029355325571366,1.0,1.0
1917-07-31,1.0108963136972595,4.144261742282399,1.8415793372376232,1.1029355325571366,1.0,1.0
1917-08-31,0.9870883062789173,4.144261742282399,1.8415793372376232,1.1029355325571366,1.0,1.0
1917-09-30,0.9458795874510383,4.144261742282399,1.8415793372376232,1.1029355325571366,1.0,1.0
1917-10-31,0.9010075801337926,4.144261742282399,1.8415793372376232,1.1029355325571366,1.0,1.0
1917-11-30,0.8324572887967253,4.144261742282399,1.8415793372376232,1.1029355325571366,1.0,1.0
1917-12-31,0.8107708304493788,4.144261742282399,1.8415793372376232,1.1029355325571366,1.0,1.0
1918-01-31,0.8665113250427737,4.144261742282399,1.8415793372376232,1.1029355325571366,1.0,1.0
1918-02-28,0.899761644034244,4.144261742282399,1.8415793372376232,1.1029355325571366,1.0,1.0
1918-03-31,0.888358204624658,4.144261742282399,1.8415793372376232,1.1029355325571366,1.0,1.0
1918-04-30,0.8865277962360082,4.144261742282399,1.8415793372376232,1.1029355325571366,1.0,1.0
1918-05-31,0.9214683855236271,4.144261742282399,1.8415793372376232,1.1029355325571366,1.0,1.0
1918-06-30,0.9293124264398228,4.144261742282399,1.8415793372376232,1.1029355325571366,1.0,1.0
1918-07-31,0.9433456677786792,4.144261742282399,1.8415793372376232,1.1029355325571366,1.0,1.0
1918-08-31,0.9586284537857462,4.144261742282399,1.8415793372376232,1.1029355325571366,1.0,1.0
1918-09-30,0.9599985252346485,4.144261742282399,1.8415793372376232,1.1029355325571366,1.0,1.0
1918-10-31,1.0071072061811763,4.144261742282399,1.8415793372376232,1.1029355325571366,1.0,1.0
1918-11-30,1.0390331025603294,4.144261742282399,1.8415793372376232,1.1029355325571366,1.0,1.0
1918-12-31,1.0246378962179923,4.144261742282399,1.8415793372376232,1.1029355325571366,1.0,1.0
1919-01-31,1.024313643719189,4.144261742282399,1.8415793372376232,1.1029355325571366,1.0,1.0
1919-02-28,1.0343904107429107,4.144261742282399,1.8415793372376232,1.1029355325571366,1.0,1.0
1919-03-31,1.0720566173980615,4.144261742282399,1.8415793372376232,1.1029355325571366,1.0,1.0
1919-04-30,1.1138650651208923,4.144261742282399,1.8415793372376232,1.1029355325571366,1.0,1.0
1919-05-31,1.1970254697195635,4.144261742282399,1.8415793372376232,1.1029355325571366,1.0,1.0
1919-06-30,1.2352059560182271,4.144261742282399,1.8415793372376232,1.1029355325571366,1.0,1.0
1919-07-31,1.2815876490826101,4.144261742282399,1.8415793372376232,1.1029355325571366,1.0,1.0
1919-08-31,1.2014794368743997,4.144261742282399,1.8415793372376232,1.1029355325571366,1.0,1.0
1919-09-30,1.2265757280431602,4.144261742282399,1.8415793372376232,1.1029355325571366,1.0,1.0
1919-10-31,1.295323868183204,4.144261742282399,1.8415793372376232,1.1029355325571366,1.0,1.0
1919-11-30,1.2631425246682297,4.144261742282399,1.8415793372376232,1.1029355325571366,1.0,1.0
1919-12-31,1.2321400956555393,4.144261742282399,1.8415793372376232,1.1029355325571366,1.0,1.0
1920-01-31,1.2258090320100747,4.144261742282399,1.8415793372376232,1.1029355325571366,1.0,1.0
1920-02-29,1.130579773716404,4.144261742282399,1.8415793372376232,1.1029355325571366,1.0,1.0
1920-03-31,1.216265391196205,4.144261742282399,1.8415793372376232,1.1029355325571366,1.0,1.0
1920-04-30,1.2125829267764932,4.144261742282399,1.8415793372376232,1.1029355325571366,1.0,1.0
1920-05-31,1.1425926872422922,4.144261742282399,1.8415793372376232,1.1029355325571366,1.0,1.0
1920-06-30,1.12890921836685,4.144261742282399,1.8415793372376232,1.1029355325571366,1.0,1.0
1920-07-31,1.1336605197909528,4.144261742282399,1.8415793372376232,1.1029355325571366,1.0,1.0
1920-08-31,1.0954215724014176,4.144261742282399,1.8415793372376232,1.1029355325571366,1.0,1.0
1920-09-30,1.1405440528952817,4.144261742282399,1.8415793372376232,1.1029355325571366,1.0,1.0
1920-10-31,1.1482128952670363,4.144261742282399,1.8415793372376232,1.1029355325571366,1.0,1.0
1920-11-30,1.0961608202020914,4.144261742282399,1.8415793372376232,1.1029355325571366,1.0,1.0
1920-12-31,1.0042242392893528,4.144261742282399,1.8415793372376232,1.1029355325571366,1.0,1.0
1921-01-31,1.0547303776089718,4.144261742282399,1.8415793372376232,1.1029355325571366,1.0,1.0
1921-02-28,1.0535658721990941,4.144261742282399,1.8415793372376232,1.1029355325571366,1.0,1.0
1921-03-31,1.0329434892214293,4.144261742282399,1.8415793372376232,1.1029355325571366,1.0,1.0
1921-04-30,1.043672038664348,4.144261742282399,1.8415793372376232,1.1029355325571366,1.0,1.0
1921-05-31,1.0815989194422941,4.144261742282399,1.8415793372376232,1.1029355325571366,1.0,1.0
1921-06-30,1.0012031046296288,4.144261742282399,1.8415793372376232,1.1029355325571366,1.0,1.0
1921-07-31,1.0043239031109807,4.144261742282399,1.8415793372376232,1.1029355325571366,1.0,1.0
1921-08-31,0.9981820958831759,4.144261742282399,1.8415793372376232,1.1029355325571366,1.0,1.0
1921-09-30,1.029090920549884,4.144261742282399,1.8415793372376232,1.1029355325571366,1.0,1.0
1921-10-31,1.049232923249754,4.144261742282399,1.8415793372376232,1.1029355325571366,1.0,1.0
1921-11-30,1.1117210079064304,4.144261742282399,1.8415793372376232,1.1029355325571366,1.0,1.0
1921-12-31,1.1571792694218868,4.144261742282399,1.8415793372376232,1.1029355325571366,1.0,1.0
1922-01-31,1.1616644603886384,4.144261742282399,1.8415793372376232,1.1029355325571366,1.0,1.0
1922-02-28,1.1932813600057455,4.144261742282399,1.8415793372376232,1.1029355325571366,1.0,1.0
1922-03-31,1.244311733447546,4.144261742282399,1.8415793372376232,1.1029355325571366,1.0,1.0
1922-04-30,1.3262007889029523,4.144261742282399,1.8415793372376232,1.1029355325571366,1.0,1.0
1922-05-31,1.384308898377753,4.144261742282399,1.8415793372376232,1.1029355325571366,1.0,1.0
1922-06-30,1.377828233820283,4.144261742282399,1.8415793372376232,1.1029355325571366,1.0,1.0
1922-07-31,1.3942018336403368,4.144261742282399,1.8415793372376232,1.1029355325571366,1.0,1.0
1922-08-31,1.4533065984091944,4.144261742282399,1.8415793372376232,1.1029355325571366,1.0,1.0
1922-09-30,1.4979276097021788,4.144261742282399,1.8415793372376232,1.1029355325571366,1.0,1.0
1922-10-31,1.537848923619692,4.144261742282399,1.8415793372376232,1.1029355325571366,1.0,1.0
1922-11-30,1.4683979944134224,4.144261742282399,1.8415793372376232,1.1029355325571366,1.0,1.0
1922-12-31,1.4720940189107243,4.144261742282399,1.8415793372376232,1.1029355325571366,1.0,1.0
1923-01-31,1.4993394947732523,4.144261742282399,1.8415793372376232,1.1029355325571366,1.0,1.0
1923-02-28,1.570539870387873,4.144261742282399,1.8415793372376232,1.1029355325571366,1.0,1.0
1923-03-31,1.6031649591286083,4.144261742282399,1.8415793372376232,1.1029355325571366,1.0,1.0
1923-04-30,1.5543588148709373,4.144261742282399,1.8415793372376232,1.1029355325571366,1.0,1.0
1923-05-31,1.4882658269122355,4.144261742282399,1.8415793372376232,1.1029355325571366,1.0,1.0
1923-06-30,1.4390331808483772,4.144261742282399,1.8415793372376232,1.1029355325571366,1.0,1.0
1923-07-31,1.398197307211193,4.144261742282399,1.8415793372376232,1.1029355325571366,1.0,1.0
1923-08-31,1.41267801691584,4.144261742282399,1.8415793372376232,1.1029355325571366,1.0,1.0
1923-09-30,1.4290037495948684,4.144261742282399,1.8415793372376232,1.1029355325571366,1.0,1.0
1923-10-31,1.4156342359866954,4.144261742282399,1.8415793372376232,1.1029355325571366,1.0,1.0
1923-11-30,1.4656824006996043,4.144261742282399,1.8415793372376232,1.1029355325571366,1.0,1.0
1923-12-31,1.5231089714235089,4.144261742282399,1.8415793372376232,1.1029355325571366,1.0,1.0
1924-01-31,1.5808564753108136,4.144261742282399,1.8415793372376232,1.1029355325571366,1.0,1.0
1924-02-29,1.5959504022273097,4.144261742282399,1.8415793372376232,1.1029355325571366,1.0,1.0
1924-03-31,1.5733590975388851,4.144261742282399,1.8415793372376232,1.1029355325571366,1.0,1.0
1924-04-30,1.5452526347332338,4.144261742282399,1.8415793372376232,1.1029355325571366,1.0,1.0
1924-05-31,1.5479295576798748,4.144261742282399,1.8415793372376232,1.1029355325571366,1.0,1.0
1924-06-30,1.5853683143863333,4.144261742282399,1.8415793372376232,1.1029355325571366,1.0,1.0
1924-07-31,1.6671167384769379,4.144261742282399,1.8415793372376232,1.1029355325571366,1.0,1.0
1924-08-31,1.7326829197649332,4.144261742282399,1.8415793372376232,1.1029355325571366,1.0,1.0
1924-09-30,1.7243858915436818,4.144261742282399,1.8415793372376232,1.1029355325571366,1.0,1.0
1924-10-31,1.7104820593551089,4.144261742282399,1.8415793372376232,1.1029355325571366,1.0,1.0
1924-11-30,1.81456448674743,4.144261742282399,1.8415793372376232,1.1029355325571366,1.0,1.0
1924-12-31,1.9210462303970457,4.144261742282399,1.8415793372376232,1.1029355325571366,1.0,1.0
1925-01-31,2.009125695849141,4.144261742282399,1.8415793372376232,1.1029355325571366,1.0,1.0
1925-02-28,2.0349867009858507,4.144261742282399,1.8415793372376232,1.1029355325571366,1.0,1.0
1925-03-31,1.990458254874073,4.144261742282399,1.8415793372376232,1.1029355325571366,1.0,1.0
1925-04-30,1.9783651194227805,4.144261742282399,1.8415793372376232,1.1029355325571366,1.0,1.0
1925-05-31,2.050961304459187,4.144261742282399,1.8415793372376232,1.1029355325571366,1.0,1.0
1925-06-30,2.096884022702607,4.144261742282399,1.8415793372376232,1.1029355325571366,1.0,1.0
1925-07-31,2.1644341059956886,4.144261742282399,1.8415793372376232,1.1029355325571366,1.0,1.0
1925-08-31,2.2030949290060864,4.144261742282399,1.8415793372376232,1.1029355325571366,1.0,1.0
1925-09-30,2.2635299027141476,4.144261742282399,1.8415793372376232,1.1029355325571366,1.0,1.0
1925-10-31,2.3478878535845578,4.144261742282399,1.8415793372376232,1.1029355325571366,1.0,1.0
1925-11-30,2.430687596455888,4.144261742282399,1.8415793372376232,1.1029355325571366,1.0,1.0
1925-12-31,2.4801836126430996,4.144261742282399,1.8415793372376232,1.1029355325571366,1.0,1.0
1926-01-31,2.5279560096763536,4.144261742282399,1.8415793372376232,1.1029355325571366,1.0,1.0
1926-02-28,2.5420695980702974,4.144261742282399,1.8415793372376232,1.1029355325571366,1.0,1.0
1926-03-31,2.3798045004034187,4.144261742282399,1.8415793372376232,1.1029355325571366,1.0,1.0
1926-04-30,2.3237602051727078,4.144261742282399,1.8415793372376232,1.1029355325571366,1.0,1.0
1926-05-31,2.3505806082376366,4.144261742282399,1.8415793372376232,1.1029355325571366,1.0,1.0
1926-06-30,2.4732184913988235,4.144261742282399,1.8415793372376232,1.1029355325571366,1.0,1.0
1926-07-31,2.588352836941853,4.144261742282399,1.8415793372376232,1.1029355325571366,1.0,1.0
1926-08-31,2.702054746924392,4.144261742282399,1.8415793372376232,1.1029355325571366,1.0,1.0
1926-09-30,2.7545718170818403,4.144261742282399,1.8415793372376232,1.1029355325571366,1.0,1.0
1926-10-31,2.7040351438236288,4.144261742282399,1.8415793372376232,1.1029355325571366,1.0,1.0
1926-11-30,2.7510234657353108,4.144261742282399,1.8415793372376232,1.1029355325571366,1.0,1.0
1926-12-31,2.825456483122293,4.144261742282399,1.8415793372376232,1.1029355325571366,1.0,1.0
1927-01-31,2.818649415983562,4.144261742282399,1.8415793372376232,1.1029355325571366,1.0,1.0
1927-02-28,2.885552023110331,4.144261742282399,1.8415793372376232,1.1029355325571366,1.0,1.0
1927-03-31,2.942293115326604,4.144261742282399,1.8415793372376232,1.1029355325571366,1.0,1.0
1927-04-30,3.026969779724672,4.144261742282399,1.8415793372376232,1.1029355325571366,1.0,1.0
1927-05-31,3.1440704807914663,4.144261742282399,1.8415793372376232,1.1029355325571366,1.0,1.0
1927-06-30,3.1440704807914663,4.214819912864014,1.8415793372376232,1.1029355325571366,1.0,1.0
1927-07-31,3.1440704807914663,4.32545067954933,1.8415793372376232,1.1029355325571366,1.0,1.0
1927-08-31,3.1440704807914663,4.573095993395384,1.8415793372376232,1.1029355325571366,1.0,1.0
1927-09-30,3.1440704807914663,4.850375004103267,1.8415793372376232,1.1029355325571366,1.0,1.0
1927-10-31,3.1440704807914663,4.793825472620952,1.8415793372376232,1.1029355325571366,1.0,1.0
1927-11-30,3.1440704807914663,4.921160264239077,1.8415793372376232,1.1029355325571366,1.0,1.0
1927-12-31,3.1440704807914663,5.0548936117285335,1.8415793372376232,1.1029355325571366,1.0,1.0
1928-01-31,3.1440704807914663,5.093736580012624,1.8415793372376232,1.1029355325571366,1.0,1.0
1928-02-29,3.1440704807914663,5.051523654646889,1.8415793372376232,1.1029355325571366,1.0,1.0
1928-03-31,3.1440704807914663,5.341803978283072,1.8415793372376232,1.1029355325571366,1.0,1.0
1928-04-30,3.1440704807914663,5.341803978283072,1.9642672026727688,1.1029355325571366,1.0,1.0
1928-05-31,3.1440704807914663,5.341803978283072,2.031739949836057,1.1029355325571366,1.0,1.0
1928-06-30,3.1440704807914663,5.341803978283072,1.9389850952178536,1.1029355325571366,1.0,1.0
1928-07-31,3.1440704807914663,5.341803978283072,1.9601385866614764,1.1029355325571366,1.0,1.0
1928-08-31,3.1440704807914663,5.341803978283072,2.0305294890122414,1.1029355325571366,1.0,1.0
1928-09-30,3.1440704807914663,5.341803978283072,2.1802639295457262,1.1029355325571366,1.0,1.0
1928-10-31,3.1440704807914663,5.341803978283072,2.231672294126024,1.1029355325571366,1.0,1.0
1928-11-30,3.1440704807914663,5.341803978283072,2.231672294126024,1.1810460907766254,1.0,1.0
1928-12-31,3.1440704807914663,5.341803978283072,2.231672294126024,1.189254770837303,1.0,1.0
1929-01-31,3.1440704807914663,5.341803978283072,2.231672294126024,1.2807392001130162,1.0,1.0
1929-02-28,3.1440704807914663,5.341803978283072,2.231672294126024,1.2911286774000685,1.0,1.0
1929-03-31,3.1440704807914663,5.341803978283072,2.231672294126024,1.3176074067785215,1.0,1.0
1929-04-30,3.1440704807914663,5.341803978283072,2.231672294126024,1.3136350682864641,1.0,1.0
1929-05-31,3.1440704807914663,5.341803978283072,2.231672294126024,1.3372351181353606,1.0,1.0
1929-06-30,3.1440704807914663,5.341803978283072,2.231672294126024,1.3666793052649973,1.0,1.0
1929-07-31,3.1440704807914663,5.341803978283072,2.231672294126024,1.4924155434517419,1.0,1.0
1929-08-31,3.1440704807914663,5.341803978283072,2.231672294126024,1.4924155434517419,1.0595739700374533,1.0
1929-09-30,3.1440704807914663,5.341803978283072,2.231672294126024,1.4924155434517419,1.104544260626252,1.0
1929-10-31,3.1440704807914663,5.341803978283072,2.231672294126024,1.3383264199824698,1.104544260626252,1.0
1929-11-30,3.1440704807914663,5.341803978283072,1.6471772014909567,1.3383264199824698,1.104544260626252,1.0
1929-12-31,3.1440704807914663,5.341803978283072,1.7192111898943512,1.3383264199824698,1.104544260626252,1.0
1930-01-31,3.1440704807914663,5.341803978283072,1.7506095562518456,1.3383264199824698,1.104544260626252,1.0
1930-02-28,3.1440704807914663,5.341803978283072,1.8667981011437516,1.3383264199824698,1.104544260626252,1.0
1930-03-31,3.1440704807914663,5.341803978283072,1.9437499140711543,1.3383264199824698,1.104544260626252,1.0
1930-04-30,3.1440704807914663,5.341803978283072,1.9437499140711543,1.4278300274174225,1.104544260626252,1.0
1930-05-31,3.1440704807914663,5.341803978283072,1.8338973785864319,1.4278300274174225,1.104544260626252,1.0
1930-06-30,3.1440704807914663,5.341803978283072,1.6547348993051345,1.4278300274174225,1.104544260626252,1.0
1930-07-31,3.1440704807914663,5.341803978283072,1.6256117188631354,1.4278300274174225,1.104544260626252,1.0
1930-08-31,3.1440704807914663,5.341803978283072,1.6110473390995634,1.4278300274174225,1.104544260626252,1.0
1930-09-30,3.1440704807914663,5.341803978283072,1.6165795831888958,1.4278300274174225,1.104544260626252,1.0
1930-10-31,3.1440704807914663,4.627539063517659,1.6165795831888958,1.4278300274174225,1.104544260626252,1.0
1930-11-30,3.1440704807914663,4.312888357021024,1.6165795831888958,1.4278300274174225,1.104544260626252,1.0
1930-12-31,3.1440704807914663,4.046018658684055,1.6165795831888958,1.4278300274174225,1.104544260626252,1.0
1931-01-31,3.1440704807914663,4.18992927291406,1.6165795831888958,1.4278300274174225,1.104544260626252,1.0
1931-02-28,3.1440704807914663,4.5309334926866285,1.6165795831888958,1.4278300274174225,1.104544260626252,1.0
1931-03-31,3.1440704807914663,4.638791222965782,1.6165795831888958,1.4278300274174225,1.104544260626252,1.0
1931-04-30,3.1440704807914663,4.217604151475734,1.6165795831888958,1.4278300274174225,1.104544260626252,1.0
1931-05-31,3.1440704807914663,3.8312718771276786,1.6165795831888958,1.4278300274174225,1.104544260626252,1.0
1931-06-30,3.1440704807914663,3.728634518693368,1.6165795831888958,1.4278300274174225,1.104544260626252,1.0
1931-07-31,3.1440704807914663,3.872457119089976,1.6165795831888958,1.4278300274174225,1.104544260626252,1.0
1931-08-31,3.1440704807914663,3.7762244428454586,1.6165795831888958,1.4278300274174225,1.104544260626252,1.0
1931-09-30,2.6923139220865213,3.7762244428454586,1.6165795831888958,1.4278300274174225,1.104544260626252,1.0
1931-10-31,2.3490420004905364,3.7762244428454586,1.6165795831888958,1.4278300274174225,1.104544260626252,1.0
1931-11-30,2.3972966705932963,3.7762244428454586,1.6165795831888958,1.4278300274174225,1.104544260626252,1.0
1931-12-31,1.9633932797023934,3.7762244428454586,1.6165795831888958,1.4278300274174225,1.104544260626252,1.0
1932-01-31,1.9467214963241941,3.7762244428454586,1.6165795831888958,1.4278300274174225,1.104544260626252,1.0
1932-02-29,1.9458087263053352,3.7762244428454586,1.6165795831888958,1.4278300274174225,1.104544260626252,1.0
1932-03-31,1.9680074169890958,3.7762244428454586,1.6165795831888958,1.4278300274174225,1.104544260626252,1.0
1932-04-30,1.510950004367133,3.7762244428454586,1.6165795831888958,1.4278300274174225,1.104544260626252,1.0
1932-05-31,1.3399917055051735,3.7762244428454586,1.6165795831888958,1.4278300274174225,1.104544260626252,1.0
1932-06-30,1.1739458186219984,3.7762244428454586,1.6165795831888958,1.4278300274174225,1.104544260626252,1.0
1932-07-31,1.2465483378030235,3.7762244428454586,1.6165795831888958,1.4278300274174225,1.104544260626252,1.0
1932-08-31,1.8866857429509623,3.7762244428454586,1.6165795831888958,1.4278300274174225,1.104544260626252,1.0
1932-09-30,2.082259219583308,3.7762244428454586,1.6165795831888958,1.4278300274174225,1.104544260626252,1.0
1932-10-31,1.8070615220798645,3.7762244428454586,1.6165795831888958,1.4278300274174225,1.104544260626252,1.0
1932-11-30,1.8009977985501326,3.7762244428454586,1.6165795831888958,1.4278300274174225,1.104544260626252,1.0
1932-12-31,1.753454437043017,3.7762244428454586,1.6165795831888958,1.4278300274174225,1.104544260626252,1.0
1933-01-31,1.8335854193810042,3.7762244428454586,1.6165795831888958,1.4278300274174225,1.104544260626252,1.0
1933-02-28,1.6270161170212614,3.7762244428454586,1.6165795831888958,1.4278300274174225,1.104544260626252,1.0
1933-03-31,1.632439504077999,3.7762244428454586,1.6165795831888958,1.4278300274174225,1.104544260626252,1.0
1933-04-30,1.8159688517475492,3.7762244428454586,1.6165795831888958,1.4278300274174225,1.104544260626252,1.0
1933-05-31,2.3483719113310104,3.7762244428454586,1.6165795831888958,1.4278300274174225,1.104544260626252,1.0
1933-06-30,2.7612785283975256,3.7762244428454586,1.6165795831888958,1.4278300274174225,1.104544260626252,1.0
1933-07-31,2.994928580327217,3.7762244428454586,1.6165795831888958,1.4278300274174225,1.104544260626252,1.0
1933-08-31,2.855916423381931,3.7762244428454586,1.6165795831888958,1.4278300274174225,1.104544260626252,1.0
1933-09-30,2.8420873997760516,3.7762244428454586,1.6165795831888958,1.4278300274174225,1.104544260626252,1.0
1933-10-31,2.5755857418181605,3.7762244428454586,1.6165795831888958,1.4278300274174225,1.104544260626252,1.0
1933-11-30,2.6477291120732755,3.7762244428454586,1.6165795831888958,1.4278300274174225,1.104544260626252,1.0
1933-12-31,2.7092071440296466,3.7762244428454586,1.6165795831888958,1.4278300274174225,1.104544260626252,1.0
1934-01-31,2.8740602701457933,3.7762244428454586,1.6165795831888958,1.4278300274174225,1.104544260626252,1.0
1934-02-28,3.0967681282707535,3.7762244428454586,1.6165795831888958,1.4278300274174225,1.104544260626252,1.0
1934-03-31,2.9481693084054172,3.7762244428454586,1.6165795831888958,1.4278300274174225,1.104544260626252,1.0
1934-04-30,3.0077022896680266,3.7762244428454586,1.6165795831888958,1.4278300274174225,1.104544260626252,1.0
1934-05-31,2.7121491755550213,3.7762244428454586,1.6165795831888958,1.4278300274174225,1.104544260626252,1.0
1934-06-30,2.75832390693157,3.7762244428454586,1.6165795831888958,1.4278300274174225,1.104544260626252,1.0
1934-07-31,2.638190668362577,3.7762244428454586,1.6165795831888958,1.4278300274174225,1.104544260626252,1.0
1934-08-31,2.54546397734204,3.7762244428454586,1.6165795831888958,1.4278300274174225,1.104544260626252,1.0
1934-09-30,2.494337913775151,3.7762244428454586,1.6165795831888958,1.4278300274174225,1.104544260626252,1.0
1934-10-31,2.52447548945069,3.7762244428454586,1.6165795831888958,1.4278300274174225,1.104544260626252,1.0
1934-11-30,2.6055290167344225,3.7762244428454586,1.6165795831888958,1.4278300274174225,1.104544260626252,1.0
1934-12-31,2.633123079473244,3.7762244428454586,1.6165795831888958,1.4278300274174225,1.104544260626252,1.0
1935-01-31,2.643786374881478,3.7762244428454586,1.6165795831888958,1.4278300274174225,1.104544260626252,1.0
1935-02-28,2.574551148541439,3.7762244428454586,1.6165795831888958,1.4278300274174225,1.104544260626252,1.0
1935-03-31,2.421884279209778,3.7762244428454586,1.6165795831888958,1.4278300274174225,1.104544260626252,1.0
1935-04-30,2.614108744890221,3.7762244428454586,1.6165795831888958,1.4278300274174225,1.104544260626252,1.0
1935-05-31,2.8301839902554367,3.7762244428454586,1.6165795831888958,1.4278300274174225,1.104544260626252,1.0
1935-06-30,2.94830989517583,3.7762244428454586,1.6165795831888958,1.4278300274174225,1.104544260626252,1.0
1935-07-31,3.1133997114406164,3.7762244428454586,1.6165795831888958,1.4278300274174225,1.104544260626252,1.0
1935-08-31,3.334602132253455,3.7762244428454586,1.6165795831888958,1.4278300274174225,1.104544260626252,1.0
1935-09-30,3.4157431398691216,3.7762244428454586,1.6165795831888958,1.4278300274174225,1.104544260626252,1.0
1935-10-31,3.5177348959835024,3.7762244428454586,1.6165795831888958,1.4278300274174225,1.104544260626252,1.0
1935-11-30,3.5177348959835024,4.142917378465728,1.6165795831888958,1.4278300274174225,1.104544260626252,1.0
1935-12-31,3.5177348959835024,4.155096200002629,1.6165795831888958,1.4278300274174225,1.104544260626252,1.0
1936-01-31,3.5177348959835024,4.396998848149511,1.6165795831888958,1.4278300274174225,1.104544260626252,1.0
1936-02-29,3.5177348959835024,4.662224796112017,1.6165795831888958,1.4278300274174225,1.104544260626252,1.0
1936-03-31,3.5177348959835024,4.774641556659735,1.6165795831888958,1.4278300274174225,1.104544260626252,1.0
1936-04-30,3.5177348959835024,4.794455569400473,1.6165795831888958,1.4278300274174225,1.104544260626252,1.0
1936-05-31,3.5177348959835024,4.553784076220358,1.6165795831888958,1.4278300274174225,1.104544260626252,1.0
1936-06-30,3.5177348959835024,4.762063758450719,1.6165795831888958,1.4278300274174225,1.104544260626252,1.0
1936-07-31,3.5177348959835024,5.058949852763026,1.6165795831888958,1.4278300274174225,1.104544260626252,1.0
1936-08-31,3.5177348959835024,5.1751821517580625,1.6165795831888958,1.4278300274174225,1.104544260626252,1.0
1936-09-30,3.5177348959835024,5.249913042943396,1.6165795831888958,1.4278300274174225,1.104544260626252,1.0
1936-10-31,3.5177348959835024,5.249913042943396,1.7063056254749254,1.4278300274174225,1.104544260626252,1.0
1936-11-30,3.5177348959835024,5.249913042943396,1.7592312978036577,1.4278300274174225,1.104544260626252,1.0
1936-12-31,3.5177348959835024,5.249913042943396,1.7346004804473256,1.4278300274174225,1.104544260626252,1.0
1937-01-31,3.5177348959835024,5.249913042943396,1.7945895943666643,1.4278300274174225,1.104544260626252,1.0
1937-02-28,3.5177348959835024,5.249913042943396,1.8538481194412126,1.4278300274174225,1.104544260626252,1.0
1937-03-31,3.5177348959835024,5.249913042943396,1.8581133691178215,1.4278300274174225,1.104544260626252,1.0
1937-04-30,3.5177348959835024,5.249913042943396,1.7536009117890552,1.4278300274174225,1.104544260626252,1.0
1937-05-31,3.5177348959835024,5.0354104230230154,1.7536009117890552,1.4278300274174225,1.104544260626252,1.0
1937-06-30,3.5177348959835024,4.867305182746708,1.7536009117890552,1.4278300274174225,1.104544260626252,1.0
1937-07-31,3.5177348959835024,5.1785139540220735,1.7536009117890552,1.4278300274174225,1.104544260626252,1.0
1937-08-31,3.5177348959835024,5.252911911784567,1.7536009117890552,1.4278300274174225,1.104544260626252,1.0
1937-09-30,3.5177348959835024,4.529965344652741,1.7536009117890552,1.4278300274174225,1.104544260626252,1.0
1937-10-31,3.021816690686826,4.529965344652741,1.7536009117890552,1.4278300274174225,1.104544260626252,1.0
1937-11-30,2.77204926877745,4.529965344652741,1.7536009117890552,1.4278300274174225,1.104544260626252,1.0
1937-12-31,2.7437925165585137,4.529965344652741,1.7536009117890552,1.4278300274174225,1.104544260626252,1.0
1938-01-31,2.83259644858264,4.529965344652741,1.7536009117890552,1.4278300274174225,1.104544260626252,1.0
1938-02-28,2.7815323441391944,4.529965344652741,1.7536009117890552,1.4278300274174225,1.104544260626252,1.0
1938-03-31,2.614125311907217,4.529965344652741,1.7536009117890552,1.4278300274174225,1.104544260626252,1.0
1938-04-30,2.5241142075689953,4.529965344652741,1.7536009117890552,1.4278300274174225,1.104544260626252,1.0
1938-05-31,2.5633895565018294,4.529965344652741,1.7536009117890552,1.4278300274174225,1.104544260626252,1.0
1938-06-30,2.6385903006627616,4.529965344652741,1.7536009117890552,1.4278300274174225,1.104544260626252,1.0
1938-07-31,3.179143814755443,4.529965344652741,1.7536009117890552,1.4278300274174225,1.104544260626252,1.0
1938-08-31,3.2127649272228007,4.529965344652741,1.7536009117890552,1.4278300274174225,1.104544260626252,1.0
1938-09-30,3.0815458596851895,4.529965344652741,1.7536009117890552,1.4278300274174225,1.104544260626252,1.0
1938-10-31,3.0815458596851895,5.056212382563463,1.7536009117890552,1.4278300274174225,1.104544260626252,1.0
1938-11-30,3.0815458596851895,5.079764163059068,1.7536009117890552,1.4278300274174225,1.104544260626252,1.0
1938-12-31,3.0815458596851895,4.950211391749222,1.7536009117890552,1.4278300274174225,1.104544260626252,1.0
1939-01-31,3.0815458596851895,4.892673473681215,1.7536009117890552,1.4278300274174225,1.104544260626252,1.0
1939-02-28,3.0815458596851895,4.870275890906868,1.7536009117890552,1.4278300274174225,1.104544260626252,1.0
1939-03-31,3.0815458596851895,4.883258940146239,1.7536009117890552,1.4278300274174225,1.104544260626252,1.0
1939-04-30,2.7043321480476425,4.883258940146239,1.7536009117890552,1.4278300274174225,1.104544260626252,1.0
1939-05-31,2.815105159487031,4.883258940146239,1.7536009117890552,1.4278300274174225,1.104544260626252,1.0
1939-06-30,2.8762425546473196,4.883258940146239,1.7536009117890552,1.4278300274174225,1.104544260626252,1.0
1939-07-31,2.8762425546473196,5.021753233505592,1.7536009117890552,1.4278300274174225,1.104544260626252,1.0
1939-08-31,2.8762425546473196,4.968147840321287,1.7536009117890552,1.4278300274174225,1.104544260626252,1.0
1939-09-30,2.8762425546473196,5.517413751899269,1.7536009117890552,1.4278300274174225,1.104544260626252,1.0
1939-10-31,2.8762425546473196,5.59374445637608,1.7536009117890552,1.4278300274174225,1.104544260626252,1.0
1939-11-30,2.8762425546473196,5.514969502145461,1.7536009117890552,1.4278300274174225,1.104544260626252,1.0
1939-12-31,2.8762425546473196,5.40615005656248,1.7536009117890552,1.4278300274174225,1.104544260626252,1.0
1940-01-31,2.8762425546473196,5.398137708055045,1.7536009117890552,1.4278300274174225,1.104544260626252,1.0
1940-02-29,2.8762425546473196,5.38582487046861,1.7536009117890552,1.4278300274174225,1.104544260626252,1.0
1940-03-31,2.8762425546473196,5.377989531017629,1.7536009117890552,1.4278300274174225,1.104544260626252,1.0
1940-04-30,2.8762425546473196,5.454343703371583,1.7536009117890552,1.4278300274174225,1.104544260626252,1.0
1940-05-31,2.4925221641983386,5.454343703371583,1.7536009117890552,1.4278300274174225,1.104544260626252,1.0
1940-06-30,2.290767121101413,5.454343703371583,1.7536009117890552,1.4278300274174225,1.104544260626252,1.0
1940-07-31,2.3794050422815696,5.454343703371583,1.7536009117890552,1.4278300274174225,1.104544260626252,1.0
1940-08-31,2.4424562391238234,5.454343703371583,1.7536009117890552,1.4278300274174225,1.104544260626252,1.0
1940-09-30,2.5586591477704386,5.454343703371583,1.7536009117890552,1.4278300274174225,1.104544260626252,1.0
1940-10-31,2.596168497145875,5.454343703371583,1.7536009117890552,1.4278300274174225,1.104544260626252,1.0
1940-11-30,2.670166154683351,5.454343703371583,1.7536009117890552,1.4278300274174225,1.104544260626252,1.0
1940-12-31,2.5743109185597,5.454343703371583,1.7536009117890552,1.4278300274174225,1.104544260626252,1.0
1941-01-31,2.592850194722167,5.454343703371583,1.7536009117890552,1.4278300274174225,1.104544260626252,1.0
1941-02-28,2.4444337496823825,5.454343703371583,1.7536009117890552,1.4278300274174225,1.104544260626252,1.0
1941-03-31,2.47320068557611,5.454343703371583,1.7536009117890552,1.4278300274174225,1.104544260626252,1.0
1941-04-30,2.4102314218897503,5.454343703371583,1.7536009117890552,1.4278300274174225,1.104544260626252,1.0
1941-05-31,2.371963851739785,5.454343703371583,1.7536009117890552,1.4278300274174225,1.104544260626252,1.0
1941-06-30,2.4693633405615607,5.454343703371583,1.7536009117890552,1.4278300274174225,1.104544260626252,1.0
1941-07-31,2.61041560104958,5.454343703371583,1.7536009117890552,1.4278300274174225,1.104544260626252,1.0
1941-08-31,2.6123944665409122,5.454343703371583,1.7536009117890552,1.4278300274174225,1.104544260626252,1.0
1941-09-30,2.6349249189060475,5.454343703371583,1.7536009117890552,1.4278300274174225,1.104544260626252,1.0
1941-10-31,2.5444351471141897,5.454343703371583,1.7536009117890552,1.4278300274174225,1.104544260626252,1.0
1941-11-30,2.440538090427643,5.454343703371583,1.7536009117890552,1.4278300274174225,1.104544260626252,1.0
1941-12-31,2.296994057243882,5.454343703371583,1.7536009117890552,1.4278300274174225,1.104544260626252,1.0
1942-01-31,2.357084750331978,5.454343703371583,1.7536009117890552,1.4278300274174225,1.104544260626252,1.0
1942-02-28,2.298648866864171,5.454343703371583,1.7536009117890552,1.4278300274174225,1.104544260626252,1.0
1942-03-31,2.1891788591668466,5.454343703371583,1.7536009117890552,1.4278300274174225,1.104544260626252,1.0
1942-04-30,2.113574577050143,5.454343703371583,1.7536009117890552,1.4278300274174225,1.104544260626252,1.0
1942-05-31,2.1531142375051626,5.454343703371583,1.7536009117890552,1.4278300274174225,1.104544260626252,1.0
1942-06-30,2.276879841531574,5.454343703371583,1.7536009117890552,1.4278300274174225,1.104544260626252,1.0
1942-07-31,2.3766470854882393,5.454343703371583,1.7536009117890552,1.4278300274174225,1.104544260626252,1.0
1942-08-31,2.3777168288286954,5.454343703371583,1.7536009117890552,1.4278300274174225,1.104544260626252,1.0
1942-09-30,2.4172377902905464,5.454343703371583,1.7536009117890552,1.4278300274174225,1.104544260626252,1.0
1942-10-31,2.6098556249623157,5.454343703371583,1.7536009117890552,1.4278300274174225,1.104544260626252,1.0
1942-11-30,2.6660944666661712,5.454343703371583,1.7536009117890552,1.4278300274174225,1.104544260626252,1.0
1942-12-31,2.6942475233363523,5.454343703371583,1.7536009117890552,1.4278300274174225,1.104544260626252,1.0
1943-01-31,2.869477382390879,5.454343703371583,1.7536009117890552,1.4278300274174225,1.104544260626252,1.0
1943-02-28,3.054092750815267,5.454343703371583,1.7536009117890552,1.4278300274174225,1.104544260626252,1.0
1943-03-31,3.176704051615849,5.454343703371583,1.7536009117890552,1.4278300274174225,1.104544260626252,1.0
1943-04-30,3.2969902709746846,5.454343703371583,1.7536009117890552,1.4278300274174225,1.104544260626252,1.0
1943-05-31,3.4408493307294803,5.454343703371583,1.7536009117890552,1.4278300274174225,1.104544260626252,1.0
1943-06-30,3.51584962101942,5.454343703371583,1.7536009117890552,1.4278300274174225,1.104544260626252,1.0
1943-07-31,3.6027773079302996,5.454343703371583,1.7536009117890552,1.4278300274174225,1.104544260626252,1.0
1943-08-31,3.4392504305645537,5.454343703371583,1.7536009117890552,1.4278300274174225,1.104544260626252,1.0
1943-09-30,3.5270545087044414,5.454343703371583,1.7536009117890552,1.4278300274174225,1.104544260626252,1.0
1943-10-31,3.5094045278435355,5.454343703371583,1.7536009117890552,1.4278300274174225,1.104544260626252,1.0
1943-11-30,3.361784365653791,5.454343703371583,1.7536009117890552,1.4278300274174225,1.104544260626252,1.0
1943-12-31,3.421292276024009,5.454343703371583,1.7536009117890552,1.4278300274174225,1.104544260626252,1.0
1944-01-31,3.546709857280696,5.454343703371583,1.7536009117890552,1.4278300274174225,1.104544260626252,1.0
1944-02-29,3.5380633926808795,5.454343703371583,1.7536009117890552,1.4278300274174225,1.104544260626252,1.0
1944-03-31,3.6527089461585818,5.454343703371583,1.7536009117890552,1.4278300274174225,1.104544260626252,1.0
1944-04-30,3.6049117905270305,5.454343703371583,1.7536009117890552,1.4278300274174225,1.104544260626252,1.0
1944-05-31,3.684330336877273,5.454343703371583,1.7536009117890552,1.4278300274174225,1.104544260626252,1.0
1944-06-30,3.873790858526449,5.454343703371583,1.7536009117890552,1.4278300274174225,1.104544260626252,1.0
1944-07-31,3.990738372605878,5.454343703371583,1.7536009117890552,1.4278300274174225,1.104544260626252,1.0
1944-08-31,3.9486139034789307,5.454343703371583,1.7536009117890552,1.4278300274174225,1.104544260626252,1.0
1944-09-30,3.900236627466176,5.454343703371583,1.7536009117890552,1.4278300274174225,1.104544260626252,1.0
1944-10-31,4.0127037683111,5.454343703371583,1.7536009117890552,1.4278300274174225,1.104544260626252,1.0
1944-11-30,4.001306985080679,5.454343703371583,1.7536009117890552,1.4278300274174225,1.104544260626252,1.0
1944-12-31,4.105345128218501,5.454343703371583,1.7536009117890552,1.4278300274174225,1.104544260626252,1.0
1945-01-31,4.244279199987728,5.454343703371583,1.7536009117890552,1.4278300274174225,1.104544260626252,1.0
1945-02-28,4.402727387228273,5.454343703371583,1.7536009117890552,1.4278300274174225,1.104544260626252,1.0
1945-03-31,4.416589003828281,5.454343703371583,1.7536009117890552,1.4278300274174225,1.104544260626252,1.0
1945-04-30,4.544732439270773,5.454343703371583,1.7536009117890552,1.4278300274174225,1.104544260626252,1.0
1945-05-31,4.733831075428574,5.454343703371583,1.7536009117890552,1.4278300274174225,1.104544260626252,1.0
1945-06-30,4.837376975582742,5.454343703371583,1.7536009117890552,1.4278300274174225,1.104544260626252,1.0
1945-07-31,4.755364896308173,5.454343703371583,1.7536009117890552,1.4278300274174225,1.104544260626252,1.0
1945-08-31,4.788969179977459,5.454343703371583,1.7536009117890552,1.4278300274174225,1.104544260626252,1.0
1945-09-30,5.132793997272554,5.454343703371583,1.7536009117890552,1.4278300274174225,1.104544260626252,1.0
1945-10-31,5.364482615204995,5.454343703371583,1.7536009117890552,1.4278300274174225,1.104544260626252,1.0
1945-11-30,5.557929109510871,5.454343703371583,1.7536009117890552,1.4278300274174225,1.104544260626252,1.0
1945-12-31,5.557929109510871,5.564774957929282,1.7536009117890552,1.4278300274174225,1.104544260626252,1.0
1946-01-31,5.557929109510871,5.803999270892774,1.7536009117890552,1.4278300274174225,1.104544260626252,1.0
1946-02-28,5.557929109510871,5.837997302452449,1.7536009117890552,1.4278300274174225,1.104544260626252,1.0
1946-03-31,5.557929109510871,5.681664032381247,1.7536009117890552,1.4278300274174225,1.104544260626252,1.0
1946-04-30,5.557929109510871,6.066275630694181,1.7536009117890552,1.4278300274174225,1.104544260626252,1.0
1946-05-31,5.557929109510871,6.0977014958764135,1.7536009117890552,1.4278300274174225,1.104544260626252,1.0
1946-06-30,5.557929109510871,6.077049743929596,1.7536009117890552,1.4278300274174225,1.104544260626252,1.0
1946-07-31,5.416338522221575,6.077049743929596,1.7536009117890552,1.4278300274174225,1.104544260626252,1.0
1946-08-31,5.328400115287478,6.077049743929596,1.7536009117890552,1.4278300274174225,1.104544260626252,1.0
1946-09-30,4.559913038598026,6.077049743929596,1.7536009117890552,1.4278300274174225,1.104544260626252,1.0
1946-10-31,4.47454687336251,6.077049743929596,1.7536009117890552,1.4278300274174225,1.104544260626252,1.0
1946-11-30,4.473957016852927,6.077049743929596,1.7536009117890552,1.4278300274174225,1.104544260626252,1.0
1946-12-31,4.625813011063942,6.077049743929596,1.7536009117890552,1.4278300274174225,1.104544260626252,1.0
1947-01-31,4.668361522456742,6.077049743929596,1.7536009117890552,1.4278300274174225,1.104544260626252,1.0
1947-02-28,4.867693628028144,6.077049743929596,1.7536009117890552,1.4278300274174225,1.104544260626252,1.0
1947-03-31,4.68892057067615,6.077049743929596,1.7536009117890552,1.4278300274174225,1.104544260626252,1.0
1947-04-30,4.534272794598441,6.077049743929596,1.7536009117890552,1.4278300274174225,1.104544260626252,1.0
1947-05-31,4.472504534051262,6.077049743929596,1.7536009117890552,1.4278300274174225,1.104544260626252,1.0
1947-06-30,4.6478561074312825,6.077049743929596,1.7536009117890552,1.4278300274174225,1.104544260626252,1.0
1947-07-31,4.958965972663655,6.077049743929596,1.7536009117890552,1.4278300274174225,1.104544260626252,1.0
1947-08-31,4.881662286237119,6.077049743929596,1.7536009117890552,1.4278300274174225,1.104544260626252,1.0
1947-09-30,4.7758824113412945,6.077049743929596,1.7536009117890552,1.4278300274174225,1.104544260626252,1.0
1947-10-31,4.92043794913477,6.077049743929596,1.7536009117890552,1.4278300274174225,1.104544260626252,1.0
1947-11-30,4.88452106104946,6.077049743929596,1.7536009117890552,1.4278300274174225,1.104544260626252,1.0
1947-12-31,4.829697696734543,6.077049743929596,1.7536009117890552,1.4278300274174225,1.104544260626252,1.0
1948-01-31,4.787923864360925,6.077049743929596,1.7536009117890552,1.4278300274174225,1.104544260626252,1.0
1948-02-29,4.574929939571655,6.077049743929596,1.7536009117890552,1.4278300274174225,1.104544260626252,1.0
1948-03-31,4.662715247267395,6.077049743929596,1.7536009117890552,1.4278300274174225,1.104544260626252,1.0
1948-04-30,5.044481851137482,6.077049743929596,1.7536009117890552,1.4278300274174225,1.104544260626252,1.0
1948-05-31,5.313357101319863,6.077049743929596,1.7536009117890552,1.4278300274174225,1.104544260626252,1.0
1948-06-30,5.557091593738509,6.077049743929596,1.7536009117890552,1.4278300274174225,1.104544260626252,1.0
1948-07-31,5.448339553532073,6.077049743929596,1.7536009117890552,1.4278300274174225,1.104544260626252,1.0
1948-08-31,5.312757828359319,6.077049743929596,1.7536009117890552,1.4278300274174225,1.104544260626252,1.0
1948-09-30,5.276743201869225,6.077049743929596,1.7536009117890552,1.4278300274174225,1.104544260626252,1.0
1948-10-31,5.44498961423847,6.077049743929596,1.7536009117890552,1.4278300274174225,1.104544260626252,1.0
1948-11-30,5.1672469383217345,6.077049743929596,1.7536009117890552,1.4278300274174225,1.104544260626252,1.0
1948-12-31,5.159079826853928,6.077049743929596,1.7536009117890552,1.4278300274174225,1.104544260626252,1.0
1949-01-31,5.243139883282259,6.077049743929596,1.7536009117890552,1.4278300274174225,1.104544260626252,1.0
1949-02-28,5.068671985768418,6.077049743929596,1.7536009117890552,1.4278300274174225,1.104544260626252,1.0
1949-03-31,5.144265463122047,6.077049743929596,1.7536009117890552,1.4278300274174225,1.104544260626252,1.0
1949-04-30,5.165541767854388,6.077049743929596,1.7536009117890552,1.4278300274174225,1.104544260626252,1.0
1949-05-31,5.15609800228085,6.077049743929596,1.7536009117890552,1.4278300274174225,1.104544260626252,1.0
1949-06-30,4.9027895708069344,6.077049743929596,1.7536009117890552,1.4278300274174225,1.104544260626252,1.0
1949-07-31,5.209871952657763,6.077049743929596,1.7536009117890552,1.4278300274174225,1.104544260626252,1.0
1949-08-31,5.4271461444855555,6.077049743929596,1.7536009117890552,1.4278300274174225,1.104544260626252,1.0
1949-09-30,5.528700448345631,6.077049743929596,1.7536009117890552,1.4278300274174225,1.104544260626252,1.0
1949-10-31,5.70240181814517,6.077049743929596,1.7536009117890552,1.4278300274174225,1.104544260626252,1.0
1949-11-30,5.813451218939029,6.077049743929596,1.7536009117890552,1.4278300274174225,1.104544260626252,1.0
1949-12-31,6.0019003206884,6.077049743929596,1.7536009117890552,1.4278300274174225,1.104544260626252,1.0
1950-01-31,6.159749573378814,6.077049743929596,1.7536009117890552,1.4278300274174225,1.104544260626252,1.0
1950-02-28,6.31514214999792,6.077049743929596,1.7536009117890552,1.4278300274174225,1.104544260626252,1.0
1950-03-31,6.401986057154584,6.077049743929596,1.7536009117890552,1.4278300274174225,1.104544260626252,1.0
1950-04-30,6.618768005775813,6.077049743929596,1.7536009117890552,1.4278300274174225,1.104544260626252,1.0
1950-05-31,6.877854683131948,6.077049743929596,1.7536009117890552,1.4278300274174225,1.104544260626252,1.0
1950-06-30,7.026738106542114,6.077049743929596,1.7536009117890552,1.4278300274174225,1.104544260626252,1.0
1950-07-31,6.554289333103317,6.077049743929596,1.7536009117890552,1.4278300274174225,1.104544260626252,1.0
1950-08-31,6.989335315811551,6.077049743929596,1.7536009117890552,1.4278300274174225,1.104544260626252,1.0
1950-09-30,7.276501998458166,6.077049743929596,1.7536009117890552,1.4278300274174225,1.104544260626252,1.0
1950-10-31,7.620051031491591,6.077049743929596,1.7536009117890552,1.4278300274174225,1.104544260626252,1.0
1950-11-30,7.648706756866558,6.077049743929596,1.7536009117890552,1.4278300274174225,1.104544260626252,1.0
1950-12-31,7.6635994922072,6.077049743929596,1.7536009117890552,1.4278300274174225,1.104544260626252,1.0
1951-01-31,8.277657527468865,6.077049743929596,1.7536009117890552,1.4278300274174225,1.104544260626252,1.0
1951-02-28,8.634322380827214,6.077049743929596,1.7536009117890552,1.4278300274174225,1.104544260626252,1.0
1951-03-31,8.538276337243486,6.077049743929596,1.7536009117890552,1.4278300274174225,1.104544260626252,1.0
1951-04-30,8.702752303055698,6.077049743929596,1.7536009117890552,1.4278300274174225,1.104544260626252,1.0
1951-05-31,8.757453190621128,6.077049743929596,1.7536009117890552,1.4278300274174225,1.104544260626252,1.0
1951-06-30,8.657175426436243,6.077049743929596,1.7536009117890552,1.4278300274174225,1.104544260626252,1.0
1951-07-31,8.862055216110603,6.077049743929596,1.7536009117890552,1.4278300274174225,1.104544260626252,1.0
1951-08-31,9.30208238980986,6.077049743929596,1.7536009117890552,1.4278300274174225,1.104544260626252,1.0
1951-09-30,9.593774195950171,6.077049743929596,1.7536009117890552,1.4278300274174225,1.104544260626252,1.0
1951-10-31,9.596498152280649,6.077049743929596,1.7536009117890552,1.4278300274174225,1.104544260626252,1.0
1951-11-30,9.380252747088132,6.077049743929596,1.7536009117890552,1.4278300274174225,1.104544260626252,1.0
1951-12-31,9.719179260067621,6.077049743929596,1.7536009117890552,1.4278300274174225,1.104544260626252,1.0
1952-01-31,10.091796235117203,6.077049743929596,1.7536009117890552,1.4278300274174225,1.104544260626252,1.0
1952-02-29,9.957368628156885,6.077049743929596,1.7536009117890552,1.4278300274174225,1.104544260626252,1.0
1952-03-31,10.032019894215566,6.077049743929596,1.7536009117890552,1.4278300274174225,1.104544260626252,1.0
1952-04-30,10.052384487308961,6.077049743929596,1.7536009117890552,1.4278300274174225,1.104544260626252,1.0
1952-05-31,10.098609647651474,6.077049743929596,1.7536009117890552,1.4278300274174225,1.104544260626252,1.0
1952-06-30,10.426293146542818,6.077049743929596,1.7536009117890552,1.4278300274174225,1.104544260626252,1.0
1952-07-31,10.777328788781833,6.077049743929596,1.7536009117890552,1.4278300274174225,1.104544260626252,1.0
1952-08-31,10.872224858991403,6.077049743929596,1.7536009117890552,1.4278300274174225,1.104544260626252,1.0
1952-09-30,10.75168622622194,6.077049743929596,1.7536009117890552,1.4278300274174225,1.104544260626252,1.0
1952-10-31,10.57849354050899,6.077049743929596,1.7536009117890552,1.4278300274174225,1.104544260626252,1.0
1952-11-30,10.966454122499739,6.077049743929596,1.7536009117890552,1.4278300274174225,1.104544260626252,1.0
1952-12-31,11.460935102360153,6.077049743929596,1.7536009117890552,1.4278300274174225,1.104544260626252,1.0
1953-01-31,11.574268081962986,6.077049743929596,1.7536009117890552,1.4278300274174225,1.104544260626252,1.0
1953-02-28,11.484742135186917,6.077049743929596,1.7536009117890552,1.4278300274174225,1.104544260626252,1.0
1953-03-31,11.594659910842708,6.077049743929596,1.7536009117890552,1.4278300274174225,1.104544260626252,1.0
1953-04-30,11.076045361156112,6.077049743929596,1.7536009117890552,1.4278300274174225,1.104544260626252,1.0
1953-05-31,11.187109498326238,6.077049743929596,1.7536009117890552,1.4278300274174225,1.104544260626252,1.0
1953-06-30,10.839451530568823,6.077049743929596,1.7536009117890552,1.4278300274174225,1.104544260626252,1.0
1953-07-31,11.046887102656953,6.077049743929596,1.7536009117890552,1.4278300274174225,1.104544260626252,1.0
1953-08-31,11.146183260914675,6.077049743929596,1.7536009117890552,1.4278300274174225,1.104544260626252,1.0
1953-09-30,10.688423513763539,6.077049743929596,1.7536009117890552,1.4278300274174225,1.104544260626252,1.0
1953-10-31,11.064302037274345,6.077049743929596,1.7536009117890552,1.4278300274174225,1.104544260626252,1.0
1953-11-30,11.363950601001115,6.077049743929596,1.7536009117890552,1.4278300274174225,1.104544260626252,1.0
1953-12-31,11.572676224284809,6.077049743929596,1.7536009117890552,1.4278300274174225,1.104544260626252,1.0
1954-01-31,11.922621897465124,6.077049743929596,1.7536009117890552,1.4278300274174225,1.104544260626252,1.0
1954-02-28,12.24170851958592,6.077049743929596,1.7536009117890552,1.4278300274174225,1.104544260626252,1.0
1954-03-31,12.557840134872984,6.077049743929596,1.7536009117890552,1.4278300274174225,1.104544260626252,1.0
1954-04-30,13.116727826234946,6.077049743929596,1.7536009117890552,1.4278300274174225,1.104544260626252,1.0
1954-05-31,13.69681863524769,6.077049743929596,1.7536009117890552,1.4278300274174225,1.104544260626252,1.0
1954-06-30,13.864340865885495,6.077049743929596,1.7536009117890552,1.4278300274174225,1.104544260626252,1.0
1954-07-31,14.482315773840622,6.077049743929596,1.7536009117890552,1.4278300274174225,1.104544260626252,1.0
1954-08-31,14.829059408340935,6.077049743929596,1.7536009117890552,1.4278300274174225,1.104544260626252,1.0
1954-09-30,15.235347728093819,6.077049743929596,1.7536009117890552,1.4278300274174225,1.104544260626252,1.0
1954-10-31,15.64832495983309,6.077049743929596,1.7536009117890552,1.4278300274174225,1.104544260626252,1.0
1954-11-30,15.64832495983309,6.338495861658821,1.7536009117890552,1.4278300274174225,1.104544260626252,1.0
1954-12-31,15.64832495983309,6.652461647490555,1.7536009117890552,1.4278300274174225,1.104544260626252,1.0
1955-01-31,15.64832495983309,6.796721968223002,1.7536009117890552,1.4278300274174225,1.104544260626252,1.0
1955-02-28,15.64832495983309,7.0485231753222894,1.7536009117890552,1.4278300274174225,1.104544260626252,1.0
1955-03-31,15.64832495983309,7.01776260146572,1.7536009117890552,1.4278300274174225,1.104544260626252,1.0
1955-04-30,15.64832495983309,7.285014382727017,1.7536009117890552,1.4278300274174225,1.104544260626252,1.0
1955-05-31,15.64832495983309,7.279280038447605,1.7536009117890552,1.4278300274174225,1.104544260626252,1.0
1955-06-30,15.64832495983309,7.726598734067339,1.7536009117890552,1.4278300274174225,1.104544260626252,1.0
1955-07-31,15.64832495983309,8.317229678859775,1.7536009117890552,1.4278300274174225,1.104544260626252,1.0
1955-08-31,15.64832495983309,8.292334977166393,1.7536009117890552,1.4278300274174225,1.104544260626252,1.0
1955-09-30,15.64832495983309,8.69172940547104,1.7536009117890552,1.4278300274174225,1.104544260626252,1.0
1955-10-31,15.64832495983309,8.281057932659541,1.7536009117890552,1.4278300274174225,1.104544260626252,1.0
1955-11-30,15.64832495983309,8.86620992120612,1.7536009117890552,1.4278300274174225,1.104544260626252,1.0
1955-12-31,15.64832495983309,8.975900586118025,1.7536009117890552,1.4278300274174225,1.104544260626252,1.0
1956-01-31,15.64832495983309,8.76157631233297,1.7536009117890552,1.4278300274174225,1.104544260626252,1.0
1956-02-29,15.64832495983309,8.84476002099857,1.7536009117890552,1.4278300274174225,1.104544260626252,1.0
1956-03-31,15.64832495983309,9.482121563512571,1.7536009117890552,1.4278300274174225,1.104544260626252,1.0
1956-04-30,15.64832495983309,9.6227194564228,1.7536009117890552,1.4278300274174225,1.104544260626252,1.0
1956-05-31,15.64832495983309,9.349580583988095,1.7536009117890552,1.4278300274174225,1.104544260626252,1.0
1956-06-30,15.64832495983309,9.325082801156181,1.7536009117890552,1.4278300274174225,1.104544260626252,1.0
1956-07-31,15.64832495983309,9.861169255685583,1.7536009117890552,1.4278300274174225,1.104544260626252,1.0
1956-08-31,15.64832495983309,9.833091978517048,1.7536009117890552,1.4278300274174225,1.104544260626252,1.0
1956-09-30,15.64832495983309,9.529363706278374,1.7536009117890552,1.4278300274174225,1.104544260626252,1.0
1956-10-31,15.64832495983309,9.438491607172105,1.7536009117890552,1.4278300274174225,1.104544260626252,1.0
1956-11-30,15.64832495983309,9.371245586365117,1.7536009117890552,1.4278300274174225,1.104544260626252,1.0
1956-12-31,15.64832495983309,9.540767138886256,1.7536009117890552,1.4278300274174225,1.104544260626252,1.0
1957-01-31,15.64832495983309,9.363059051566347,1.7536009117890552,1.4278300274174225,1.104544260626252,1.0
1957-02-28,15.64832495983309,8.988932914047533,1.7536009117890552,1.4278300274174225,1.104544260626252,1.0
1957-03-31,15.64832495983309,9.134601222210838,1.7536009117890552,1.4278300274174225,1.104544260626252,1.0
1957-04-30,15.64832495983309,9.376122872362789,1.7536009117890552,1.4278300274174225,1.104544260626252,1.0
1957-05-31,15.64832495983309,9.766187621529344,1.7536009117890552,1.4278300274174225,1.104544260626252,1.0
1957-06-30,15.64832495983309,9.957036770396694,1.7536009117890552,1.4278300274174225,1.104544260626252,1.0
1957-07-31,15.64832495983309,10.188250820883473,1.7536009117890552,1.4278300274174225,1.104544260626252,1.0
1957-08-31,15.64832495983309,9.657940919363567,1.7536009117890552,1.4278300274174225,1.104544260626252,1.0
1957-09-30,15.64832495983309,9.296786460537016,1.7536009117890552,1.4278300274174225,1.104544260626252,1.0
1957-10-31,14.725602751348163,9.296786460537016,1.7536009117890552,1.4278300274174225,1.104544260626252,1.0
1957-11-30,14.460477629066979,9.296786460537016,1.7536009117890552,1.4278300274174225,1.104544260626252,1.0
1957-12-31,14.506469234909115,9.296786460537016,1.7536009117890552,1.4278300274174225,1.104544260626252,1.0
1958-01-31,14.8442820877842,9.296786460537016,1.7536009117890552,1.4278300274174225,1.104544260626252,1.0
1958-02-28,14.948470332521325,9.296786460537016,1.7536009117890552,1.4278300274174225,1.104544260626252,1.0
1958-03-31,15.310065291677486,9.296786460537016,1.7536009117890552,1.4278300274174225,1.104544260626252,1.0
1958-04-30,15.447314155311025,9.296786460537016,1.7536009117890552,1.4278300274174225,1.104544260626252,1.0
1958-05-31,15.996904771694046,9.296786460537016,1.7536009117890552,1.4278300274174225,1.104544260626252,1.0
1958-06-30,16.43445031730614,9.296786460537016,1.7536009117890552,1.4278300274174225,1.104544260626252,1.0
1958-07-31,16.939113419228633,9.296786460537016,1.7536009117890552,1.4278300274174225,1.104544260626252,1.0
1958-08-31,16.939113419228633,9.673705978302374,1.7536009117890552,1.4278300274174225,1.104544260626252,1.0
1958-09-30,16.939113419228633,9.958475275532274,1.7536009117890552,1.4278300274174225,1.104544260626252,1.0
1958-10-31,16.939113419228633,10.392565267032788,1.7536009117890552,1.4278300274174225,1.104544260626252,1.0
1958-11-30,16.939113419228633,10.738247586772905,1.7536009117890552,1.4278300274174225,1.104544260626252,1.0
1958-12-31,16.939113419228633,10.970455032005145,1.7536009117890552,1.4278300274174225,1.104544260626252,1.0
1959-01-31,16.939113419228633,11.437213813902167,1.7536009117890552,1.4278300274174225,1.104544260626252,1.0
1959-02-28,16.939113419228633,11.292529392064498,1.7536009117890552,1.4278300274174225,1.104544260626252,1.0
1959-03-31,16.939113419228633,11.60941796566401,1.7536009117890552,1.4278300274174225,1.104544260626252,1.0
1959-04-30,16.939113419228633,11.834226406505529,1.7536009117890552,1.4278300274174225,1.104544260626252,1.0
1959-05-31,16.939113419228633,12.043150416349052,1.7536009117890552,1.4278300274174225,1.104544260626252,1.0
1959-06-30,16.939113419228633,11.970137431724446,1.7536009117890552,1.4278300274174225,1.104544260626252,1.0
1959-07-31,16.939113419228633,12.476184400825803,1.7536009117890552,1.4278300274174225,1.104544260626252,1.0
1959-08-31,16.939113419228633,12.43644658399741,1.7536009117890552,1.4278300274174225,1.104544260626252,1.0
1959-09-30,16.939113419228633,11.975895550817828,1.7536009117890552,1.4278300274174225,1.104544260626252,1.0
1959-10-31,16.939113419228633,11.997062412659034,1.7536009117890552,1.4278300274174225,1.104544260626252,1.0
1959-11-30,16.939113419228633,12.077335213290823,1.7536009117890552,1.4278300274174225,1.104544260626252,1.0
1959-12-31,16.939113419228633,12.49558794917864,1.7536009117890552,1.4278300274174225,1.104544260626252,1.0
1960-01-31,16.939113419228633,12.309931355453543,1.7536009117890552,1.4278300274174225,1.104544260626252,1.0
1960-02-29,16.939113419228633,11.865635923444293,1.7536009117890552,1.4278300274174225,1.104544260626252,1.0
1960-03-31,16.939113419228633,11.737707187338696,1.7536009117890552,1.4278300274174225,1.104544260626252,1.0
1960-04-30,16.939113419228633,11.92366444103366,1.7536009117890552,1.4278300274174225,1.104544260626252,1.0
1960-05-31,16.939113419228633,11.849196453174141,1.7536009117890552,1.4278300274174225,1.104544260626252,1.0
1960-06-30,16.939113419228633,12.32175290076741,1.7536009117890552,1.4278300274174225,1.104544260626252,1.0
1960-07-31,16.939113419228633,12.051152057723138,1.7536009117890552,1.4278300274174225,1.104544260626252,1.0
1960-08-31,16.939113419228633,12.23081867821122,1.7536009117890552,1.4278300274174225,1.104544260626252,1.0
1960-09-30,16.939113419228633,11.898047775401988,1.7536009117890552,1.4278300274174225,1.104544260626252,1.0
1960-10-31,16.939113419228633,11.698878666955878,1.7536009117890552,1.4278300274174225,1.104544260626252,1.0
1960-11-30,16.939113419228633,12.11311869420106,1.7536009117890552,1.4278300274174225,1.104544260626252,1.0
1960-12-31,16.939113419228633,12.43903954603259,1.7536009117890552,1.4278300274174225,1.104544260626252,1.0
1961-01-31,16.939113419228633,13.114098338297476,1.7536009117890552,1.4278300274174225,1.104544260626252,1.0
1961-02-28,16.939113419228633,13.687724305251816,1.7536009117890552,1.4278300274174225,1.104544260626252,1.0
1961-03-31,16.939113419228633,14.152702743428078,1.7536009117890552,1.4278300274174225,1.104544260626252,1.0
1961-04-30,16.939113419228633,14.152702743428078,1.8047886281526209,1.4278300274174225,1.104544260626252,1.0
1961-05-31,16.939113419228633,14.152702743428078,1.8275895174495005,1.4278300274174225,1.104544260626252,1.0
1961-06-30,16.939113419228633,14.152702743428078,1.8078478863211611,1.4278300274174225,1.104544260626252,1.0
1961-07-31,16.939113419228633,14.152702743428078,1.8073427982700196,1.4278300274174225,1.104544260626252,1.0
1961-08-31,16.939113419228633,14.152702743428078,1.8767261607857122,1.4278300274174225,1.104544260626252,1.0
1961-09-30,16.939113419228633,14.152702743428078,1.8665598224971869,1.4278300274174225,1.104544260626252,1.0
1961-10-31,16.939113419228633,14.152702743428078,1.891628596007779,1.4278300274174225,1.104544260626252,1.0
1961-11-30,16.939113419228633,14.152702743428078,1.981898225331974,1.4278300274174225,1.104544260626252,1.0
1961-12-31,16.939113419228633,14.152702743428078,2.004947876423811,1.4278300274174225,1.104544260626252,1.0
1962-01-31,16.939113419228633,14.152702743428078,1.9350327485892198,1.4278300274174225,1.104544260626252,1.0
1962-02-28,16.939113419228633,14.152702743428078,1.9719821293516284,1.4278300274174225,1.104544260626252,1.0
1962-03-31,16.939113419228633,14.152702743428078,1.9787064189791443,1.4278300274174225,1.104544260626252,1.0
1962-04-30,16.939113419228633,14.152702743428078,1.9204346550399376,1.4278300274174225,1.104544260626252,1.0
1962-05-31,16.939113419228633,13.13582030593474,1.9204346550399376,1.4278300274174225,1.104544260626252,1.0
1962-06-30,16.939113419228633,11.636662403210272,1.9204346550399376,1.4278300274174225,1.104544260626252,1.0
1962-07-31,16.939113419228633,11.952872265985505,1.9204346550399376,1.4278300274174225,1.104544260626252,1.0
1962-08-31,16.939113419228633,12.314211664899078,1.9204346550399376,1.4278300274174225,1.104544260626252,1.0
1962-09-30,16.939113419228633,12.241146535715629,1.9204346550399376,1.4278300274174225,1.104544260626252,1.0
1962-10-31,16.939113419228633,11.891499993862142,1.9204346550399376,1.4278300274174225,1.104544260626252,1.0
1962-11-30,16.939113419228633,12.747790141341651,1.9204346550399376,1.4278300274174225,1.104544260626252,1.0
1962-12-31,16.939113419228633,13.337218494313644,1.9204346550399376,1.4278300274174225,1.104544260626252,1.0
1963-01-31,16.939113419228633,13.890274449597483,1.9204346550399376,1.4278300274174225,1.104544260626252,1.0
1963-02-28,16.939113419228633,14.111898802794618,1.9204346550399376,1.4278300274174225,1.104544260626252,1.0
1963-03-31,16.939113419228633,14.096616085931515,1.9204346550399376,1.4278300274174225,1.104544260626252,1.0
1963-04-30,16.939113419228633,14.096616085931515,2.016037227900727,1.4278300274174225,1.104544260626252,1.0
1963-05-31,16.939113419228633,14.096616085931515,2.06179258939313,1.4278300274174225,1.104544260626252,1.0
1963-06-30,16.939113419228633,14.096616085931515,2.066259047289264,1.4278300274174225,1.104544260626252,1.0
1963-07-31,16.939113419228633,13.924371026544629,2.066259047289264,1.4278300274174225,1.104544260626252,1.0
1963-08-31,16.939113419228633,13.924371026544629,2.1288903246293227,1.4278300274174225,1.104544260626252,1.0
1963-09-30,16.939113419228633,13.924371026544629,2.1904922515774436,1.4278300274174225,1.104544260626252,1.0
1963-10-31,16.939113419228633,13.924371026544629,2.2014422071246798,1.4278300274174225,1.104544260626252,1.0
1963-11-30,16.939113419228633,13.924371026544629,2.1946932127221332,1.4278300274174225,1.104544260626252,1.0
1963-12-31,16.939113419228633,13.924371026544629,2.2472200557508963,1.4278300274174225,1.104544260626252,1.0
1964-01-31,16.939113419228633,13.924371026544629,2.322056695062002,1.4278300274174225,1.104544260626252,1.0
1964-02-29,16.939113419228633,13.924371026544629,2.356420982690242,1.4278300274174225,1.104544260626252,1.0
1964-03-31,16.939113419228633,13.924371026544629,2.405223392970431,1.4278300274174225,1.104544260626252,1.0
1964-04-30,16.939113419228633,13.924371026544629,2.4459463482596195,1.4278300274174225,1.104544260626252,1.0
1964-05-31,16.939113419228633,13.924371026544629,2.4757957006247064,1.4278300274174225,1.104544260626252,1.0
1964-06-30,16.939113419228633,13.924371026544629,2.4671139809120772,1.4278300274174225,1.104544260626252,1.0
1964-07-31,16.939113419228633,13.924371026544629,2.564837193806713,1.4278300274174225,1.104544260626252,1.0
1964-08-31,16.939113419228633,13.924371026544629,2.5334008331039635,1.4278300274174225,1.104544260626252,1.0
1964-09-30,16.939113419228633,13.924371026544629,2.5831934876895635,1.4278300274174225,1.104544260626252,1.0
1964-10-31,16.939113419228633,13.924371026544629,2.6340872410137433,1.4278300274174225,1.104544260626252,1.0
1964-11-30,16.939113419228633,13.924371026544629,2.6587672570020273,1.4278300274174225,1.104544260626252,1.0
1964-12-31,16.939113419228633,13.924371026544629,2.619142994666869,1.4278300274174225,1.104544260626252,1.0
1965-01-31,16.939113419228633,13.924371026544629,2.6930234574948355,1.4278300274174225,1.104544260626252,1.0
1965-02-28,16.939113419228633,13.924371026544629,2.719282077911535,1.4278300274174225,1.104544260626252,1.0
1965-03-31,16.939113419228633,13.924371026544629,2.728407293724437,1.4278300274174225,1.104544260626252,1.0
1965-04-30,16.939113419228633,13.924371026544629,2.770906094424222,1.4278300274174225,1.104544260626252,1.0
1965-05-31,16.939113419228633,13.924371026544629,2.818914764488846,1.4278300274174225,1.104544260626252,1.0
1965-06-30,16.939113419228633,13.924371026544629,2.691856265032859,1.4278300274174225,1.104544260626252,1.0
1965-07-31,16.939113419228633,13.924371026544629,2.6946259901409295,1.4278300274174225,1.104544260626252,1.0
1965-08-31,16.939113419228633,13.924371026544629,2.751713889114937,1.4278300274174225,1.104544260626252,1.0
1965-09-30,16.939113419228633,13.924371026544629,2.850668609842786,1.4278300274174225,1.104544260626252,1.0
1965-10-31,16.939113419228633,13.924371026544629,2.921844959297912,1.4278300274174225,1.104544260626252,1.0
1965-11-30,16.939113419228633,13.924371026544629,2.9532832735917034,1.4278300274174225,1.104544260626252,1.0
1965-12-31,16.939113419228633,13.924371026544629,2.9470337864690728,1.4278300274174225,1.104544260626252,1.0
1966-01-31,16.939113419228633,13.924371026544629,3.0053983132914732,1.4278300274174225,1.104544260626252,1.0
1966-02-28,16.939113419228633,13.924371026544629,2.9924625190083036,1.4278300274174225,1.104544260626252,1.0
1966-03-31,16.939113419228633,13.924371026544629,2.8768835372621635,1.4278300274174225,1.104544260626252,1.0
1966-04-30,16.939113419228633,13.924371026544629,2.9724236052281716,1.4278300274174225,1.104544260626252,1.0
1966-05-31,16.939113419228633,13.924371026544629,2.823577086485119,1.4278300274174225,1.104544260626252,1.0
1966-06-30,16.939113419228633,13.924371026544629,2.807778465544704,1.4278300274174225,1.104544260626252,1.0
1966-07-31,16.939113419228633,13.924371026544629,2.8082950411009566,1.4278300274174225,1.104544260626252,1.0
1966-08-31,16.939113419228633,13.121010734035748,2.8082950411009566,1.4278300274174225,1.104544260626252,1.0
1966-09-30,16.939113419228633,12.697879152087767,2.8082950411009566,1.4278300274174225,1.104544260626252,1.0
1966-10-31,16.939113419228633,12.626211175465755,2.8082950411009566,1.4278300274174225,1.104544260626252,1.0
1966-11-30,16.939113419228633,13.297428206361786,2.8082950411009566,1.4278300274174225,1.104544260626252,1.0
1966-12-31,16.939113419228633,13.392610553853608,2.8082950411009566,1.4278300274174225,1.104544260626252,1.0
1967-01-31,16.939113419228633,13.392610553853608,2.9242858328411714,1.4278300274174225,1.104544260626252,1.0
1967-02-28,16.939113419228633,13.392610553853608,3.033362213817485,1.4278300274174225,1.104544260626252,1.0
1967-03-31,16.939113419228633,13.392610553853608,3.1132530207500064,1.4278300274174225,1.104544260626252,1.0
1967-04-30,16.939113419228633,13.392610553853608,3.175283652957226,1.4278300274174225,1.104544260626252,1.0
1967-05-31,16.939113419228633,13.392610553853608,3.2406208623949087,1.4278300274174225,1.104544260626252,1.0
1967-06-30,16.939113419228633,13.392610553853608,3.208479484723101,1.4278300274174225,1.104544260626252,1.0
1967-07-31,16.939113419228633,13.392610553853608,3.272405768524959,1.4278300274174225,1.104544260626252,1.0
1967-08-31,16.939113419228633,13.392610553853608,3.332999369682721,1.4278300274174225,1.104544260626252,1.0
1967-09-30,16.939113419228633,13.392610553853608,3.388124106929566,1.4278300274174225,1.104544260626252,1.0
1967-10-31,16.939113419228633,13.392610553853608,3.391424648800422,1.4278300274174225,1.104544260626252,1.0
1967-11-30,16.939113419228633,13.392610553853608,3.293692814367432,1.4278300274174225,1.104544260626252,1.0
1967-12-31,16.939113419228633,13.392610553853608,3.3961837951728078,1.4278300274174225,1.104544260626252,1.0
1968-01-31,16.939113419228633,13.392610553853608,3.395589849073618,1.4278300274174225,1.104544260626252,1.0
1968-02-29,16.939113419228633,13.392610553853608,3.25104028470377,1.4278300274174225,1.104544260626252,1.0
1968-03-31,16.939113419228633,13.183789133096553,3.25104028470377,1.4278300274174225,1.104544260626252,1.0
1968-04-30,16.939113419228633,13.183789133096553,3.5001261433112516,1.4278300274174225,1.104544260626252,1.0
1968-05-31,16.939113419228633,13.183789133096553,3.589648598093032,1.4278300274174225,1.104544260626252,1.0
1968-06-30,16.939113419228633,13.183789133096553,3.6952091282591555,1.4278300274174225,1.104544260626252,1.0
1968-07-31,16.939113419228633,13.183789133096553,3.6970169005524163,1.4278300274174225,1.104544260626252,1.0
1968-08-31,16.939113419228633,13.183789133096553,3.625519524033156,1.4278300274174225,1.104544260626252,1.0
1968-09-30,16.939113419228633,13.183789133096553,3.752691306864124,1.4278300274174225,1.104544260626252,1.0
1968-10-31,16.939113419228633,13.183789133096553,3.8546585607845927,1.4278300274174225,1.104544260626252,1.0
1968-11-30,16.939113419228633,13.183789133096553,3.9234932126831614,1.4278300274174225,1.104544260626252,1.0
1968-12-31,16.939113419228633,13.183789133096553,3.9739224777099085,1.4278300274174225,1.104544260626252,1.0
1969-01-31,16.939113419228633,13.183789133096553,3.815556380847807,1.4278300274174225,1.104544260626252,1.0
1969-02-28,16.939113419228633,13.183789133096553,3.80645390974317,1.4278300274174225,1.104544260626252,1.0
1969-03-31,16.939113419228633,13.183789133096553,3.7336062573325677,1.4278300274174225,1.104544260626252,1.0
1969-04-30,16.939113419228633,13.183789133096553,3.818517913570997,1.4278300274174225,1.104544260626252,1.0
1969-05-31,16.939113419228633,13.183789133096553,3.9526812074905577,1.4278300274174225,1.104544260626252,1.0
1969-06-30,16.939113419228633,12.528380877913934,3.9526812074905577,1.4278300274174225,1.104544260626252,1.0
1969-07-31,16.939113419228633,12.001520801824537,3.9526812074905577,1.4278300274174225,1.104544260626252,1.0
1969-08-31,16.939113419228633,11.967482806852038,3.9526812074905577,1.4278300274174225,1.104544260626252,1.0
1969-09-30,16.939113419228633,12.04270134196777,3.9526812074905577,1.4278300274174225,1.104544260626252,1.0
1969-10-31,16.939113419228633,12.204846484890783,3.9526812074905577,1.4278300274174225,1.104544260626252,1.0
1969-11-30,16.939113419228633,12.326585420420077,3.9526812074905577,1.4278300274174225,1.104544260626252,1.0
1969-12-31,16.939113419228633,11.706868078727746,3.9526812074905577,1.4278300274174225,1.104544260626252,1.0
1970-01-31,16.939113419228633,11.637910929469518,3.9526812074905577,1.4278300274174225,1.104544260626252,1.0
1970-02-28,16.939113419228633,11.26595278497331,3.9526812074905577,1.4278300274174225,1.104544260626252,1.0
1970-03-31,16.939113419228633,11.49265347957798,3.9526812074905577,1.4278300274174225,1.104544260626252,1.0
1970-04-30,16.939113419228633,11.17687019211035,3.9526812074905577,1.4278300274174225,1.104544260626252,1.0
1970-05-31,15.04209908550029,11.17687019211035,3.9526812074905577,1.4278300274174225,1.104544260626252,1.0
1970-06-30,15.001502129215467,11.17687019211035,3.9526812074905577,1.4278300274174225,1.104544260626252,1.0
1970-07-31,15.079893362725722,11.17687019211035,3.9526812074905577,1.4278300274174225,1.104544260626252,1.0
1970-08-31,15.570861690902255,11.17687019211035,3.9526812074905577,1.4278300274174225,1.104544260626252,1.0
1970-09-30,16.555142345825896,11.17687019211035,3.9526812074905577,1.4278300274174225,1.104544260626252,1.0
1970-10-31,16.555142345825896,11.455118948507543,3.9526812074905577,1.4278300274174225,1.104544260626252,1.0
1970-11-30,16.589371906221363,11.455118948507543,3.9526812074905577,1.4278300274174225,1.104544260626252,1.0
1970-12-31,16.589371906221363,12.275116245539111,3.9526812074905577,1.4278300274174225,1.104544260626252,1.0
1971-01-31,16.589371906221363,12.779706902236176,3.9526812074905577,1.4278300274174225,1.104544260626252,1.0
1971-02-28,16.589371906221363,13.310201206829484,3.9526812074905577,1.4278300274174225,1.104544260626252,1.0
1971-03-31,16.589371906221363,13.687124832808076,3.9526812074905577,1.4278300274174225,1.104544260626252,1.0
1971-04-30,16.589371906221363,14.189970926690778,3.9526812074905577,1.4278300274174225,1.104544260626252,1.0
1971-05-31,16.589371906221363,14.032763843689496,3.9526812074905577,1.4278300274174225,1.104544260626252,1.0
1971-06-30,16.589371906221363,13.808821213034479,3.9526812074905577,1.4278300274174225,1.104544260626252,1.0
1971-07-31,16.589371906221363,13.744891485196357,3.9526812074905577,1.4278300274174225,1.104544260626252,1.0
1971-08-31,16.589371906221363,13.536365630775578,3.9526812074905577,1.4278300274174225,1.104544260626252,1.0
1971-09-30,16.589371906221363,13.872934123719457,3.9526812074905577,1.4278300274174225,1.104544260626252,1.0
1971-10-31,16.589371906221363,13.614386734743698,3.9526812074905577,1.4278300274174225,1.104544260626252,1.0
1971-11-30,16.589371906221363,13.019230532467436,3.9526812074905577,1.4278300274174225,1.104544260626252,1.0
1971-12-31,16.589371906221363,13.951876283376333,3.9526812074905577,1.4278300274174225,1.104544260626252,1.0
1972-01-31,16.589371906221363,14.56890365119094,3.9526812074905577,1.4278300274174225,1.104544260626252,1.0
1972-02-29,16.589371906221363,14.872951358077282,3.9526812074905577,1.4278300274174225,1.104544260626252,1.0
1972-03-31,16.589371906221363,15.26256518999396,3.9526812074905577,1.4278300274174225,1.104544260626252,1.0
1972-04-30,16.589371906221363,15.454705344467188,3.9526812074905577,1.4278300274174225,1.104544260626252,1.0
1972-05-31,16.589371906221363,15.334794066020915,3.9526812074905577,1.4278300274174225,1.104544260626252,1.0
1972-06-30,16.589371906221363,15.413936031681978,3.9526812074905577,1.4278300274174225,1.104544260626252,1.0
1972-07-31,16.589371906221363,15.336271678065554,3.9526812074905577,1.4278300274174225,1.104544260626252,1.0
1972-08-31,16.589371906221363,15.916547962546383,3.9526812074905577,1.4278300274174225,1.104544260626252,1.0
1972-09-30,16.589371906221363,15.723884482620736,3.9526812074905577,1.4278300274174225,1.104544260626252,1.0
1972-10-31,16.589371906221363,15.789520441612781,3.9526812074905577,1.4278300274174225,1.104544260626252,1.0
1972-11-30,16.589371906221363,16.619134524351917,3.9526812074905577,1.4278300274174225,1.104544260626252,1.0
1972-12-31,16.589371906221363,17.003288610396364,3.9526812074905577,1.4278300274174225,1.104544260626252,1.0
1973-01-31,16.589371906221363,17.17151263600986,3.9526812074905577,1.4278300274174225,1.104544260626252,1.0
1973-02-28,16.589371906221363,16.600538932418797,3.9526812074905577,1.4278300274174225,1.104544260626252,1.0
1973-03-31,16.589371906221363,16.377203659418825,3.9526812074905577,1.4278300274174225,1.104544260626252,1.0
1973-04-30,16.589371906221363,16.10971418980361,3.9526812074905577,1.4278300274174225,1.104544260626252,1.0
1973-05-31,16.589371906221363,15.695733361046079,3.9526812074905577,1.4278300274174225,1.104544260626252,1.0
1973-06-30,16.589371906221363,15.383421088618617,3.9526812074905577,1.4278300274174225,1.104544260626252,1.0
1973-07-31,16.589371906221363,15.569597670177759,3.9526812074905577,1.4278300274174225,1.104544260626252,1.0
1973-08-31,16.589371906221363,15.314968893875669,3.9526812074905577,1.4278300274174225,1.104544260626252,1.0
1973-09-30,16.589371906221363,15.62054690917691,3.9526812074905577,1.4278300274174225,1.104544260626252,1.0
1973-10-31,16.589371906221363,16.2821273642081,3.9526812074905577,1.4278300274174225,1.104544260626252,1.0
1973-11-30,15.452524887383191,16.2821273642081,3.9526812074905577,1.4278300274174225,1.104544260626252,1.0
1973-12-31,14.400936761393693,16.2821273642081,3.9526812074905577,1.4278300274174225,1.104544260626252,1.0
1974-01-31,14.645814475543437,16.2821273642081,3.9526812074905577,1.4278300274174225,1.104544260626252,1.0
1974-02-28,14.283643847406841,16.2821273642081,3.9526812074905577,1.4278300274174225,1.104544260626252,1.0
1974-03-31,14.937068967232033,16.2821273642081,3.9526812074905577,1.4278300274174225,1.104544260626252,1.0
1974-04-30,14.217604233178163,16.2821273642081,3.9526812074905577,1.4278300274174225,1.104544260626252,1.0
1974-05-31,13.832922137244779,16.2821273642081,3.9526812074905577,1.4278300274174225,1.104544260626252,1.0
1974-06-30,13.896170693911118,16.2821273642081,3.9526812074905577,1.4278300274174225,1.104544260626252,1.0
1974-07-31,12.319393557409677,16.2821273642081,3.9526812074905577,1.4278300274174225,1.104544260626252,1.0
1974-08-31,11.855597618307854,16.2821273642081,3.9526812074905577,1.4278300274174225,1.104544260626252,1.0
1974-09-30,10.668426547229984,16.2821273642081,3.9526812074905577,1.4278300274174225,1.104544260626252,1.0
1974-10-31,10.922007883857354,16.2821273642081,3.9526812074905577,1.4278300274174225,1.104544260626252,1.0
1974-11-30,11.330866606236102,16.2821273642081,3.9526812074905577,1.4278300274174225,1.104544260626252,1.0
1974-12-31,10.640609687017603,16.2821273642081,3.9526812074905577,1.4278300274174225,1.104544260626252,1.0
1975-01-31,11.55918923208741,16.2821273642081,3.9526812074905577,1.4278300274174225,1.104544260626252,1.0
1975-02-28,12.808452139611722,16.2821273642081,3.9526812074905577,1.4278300274174225,1.104544260626252,1.0
1975-03-31,13.445499002542654,16.2821273642081,3.9526812074905577,1.4278300274174225,1.104544260626252,1.0
1975-04-30,13.645437542058861,16.2821273642081,3.9526812074905577,1.4278300274174225,1.104544260626252,1.0
1975-05-31,14.561405925338203,16.2821273642081,3.9526812074905577,1.4278300274174225,1.104544260626252,1.0
1975-06-30,14.982903812853332,16.2821273642081,3.9526812074905577,1.4278300274174225,1.104544260626252,1.0
1975-07-31,15.04762974112134,16.2821273642081,3.9526812074905577,1.4278300274174225,1.104544260626252,1.0
1975-08-31,13.994859667421416,16.2821273642081,3.9526812074905577,1.4278300274174225,1.104544260626252,1.0
1975-09-30,13.875528084872428,16.2821273642081,3.9526812074905577,1.4278300274174225,1.104544260626252,1.0
1975-10-31,14.565316797488965,16.2821273642081,3.9526812074905577,1.4278300274174225,1.104544260626252,1.0
1975-11-30,14.862696811889544,16.2821273642081,3.9526812074905577,1.4278300274174225,1.104544260626252,1.0
1975-12-31,14.687370783660029,16.2821273642081,3.9526812074905577,1.4278300274174225,1.104544260626252,1.0
1976-01-31,16.089321997132274,16.2821273642081,3.9526812074905577,1.4278300274174225,1.104544260626252,1.0
1976-02-29,16.761556023581957,16.2821273642081,3.9526812074905577,1.4278300274174225,1.104544260626252,1.0
1976-03-31,16.896052098703684,16.2821273642081,3.9526812074905577,1.4278300274174225,1.104544260626252,1.0
1976-04-30,17.081139909775043,16.2821273642081,3.9526812074905577,1.4278300274174225,1.104544260626252,1.0
1976-05-31,17.01567240406606,16.2821273642081,3.9526812074905577,1.4278300274174225,1.104544260626252,1.0
1976-06-30,17.168912517629447,16.2821273642081,3.9526812074905577,1.4278300274174225,1.104544260626252,1.0
1976-07-31,17.626525313613417,16.2821273642081,3.9526812074905577,1.4278300274174225,1.104544260626252,1.0
1976-08-31,17.527707381392982,16.2821273642081,3.9526812074905577,1.4278300274174225,1.104544260626252,1.0
1976-09-30,17.955012412907738,16.2821273642081,3.9526812074905577,1.4278300274174225,1.104544260626252,1.0
1976-10-31,17.39693205078458,16.2821273642081,3.9526812074905577,1.4278300274174225,1.104544260626252,1.0
1976-11-30,17.333147141256248,16.2821273642081,3.9526812074905577,1.4278300274174225,1.104544260626252,1.0
1976-12-31,17.989467813962886,16.2821273642081,3.9526812074905577,1.4278300274174225,1.104544260626252,1.0
1977-01-31,17.892819526996753,16.2821273642081,3.9526812074905577,1.4278300274174225,1.104544260626252,1.0
1977-02-28,17.46900950842303,16.2821273642081,3.9526812074905577,1.4278300274174225,1.104544260626252,1.0
1977-03-31,17.459544677999023,16.2821273642081,3.9526812074905577,1.4278300274174225,1.104544260626252,1.0
1977-04-30,17.251135103106737,16.2821273642081,3.9526812074905577,1.4278300274174225,1.104544260626252,1.0
1977-05-31,17.262262419066268,16.2821273642081,3.9526812074905577,1.4278300274174225,1.104544260626252,1.0
1977-06-30,17.41758272479151,16.2821273642081,3.9526812074905577,1.4278300274174225,1.104544260626252,1.0
1977-07-31,17.64095253715497,16.2821273642081,3.9526812074905577,1.4278300274174225,1.104544260626252,1.0
1977-08-31,17.274264123752232,16.2821273642081,3.9526812074905577,1.4278300274174225,1.104544260626252,1.0
1977-09-30,17.07123379215205,16.2821273642081,3.9526812074905577,1.4278300274174225,1.104544260626252,1.0
1977-10-31,16.69603209340528,16.2821273642081,3.9526812074905577,1.4278300274174225,1.104544260626252,1.0
1977-11-30,16.85984387468357,16.2821273642081,3.9526812074905577,1.4278300274174225,1.104544260626252,1.0
1977-12-31,16.84633242417634,16.2821273642081,3.9526812074905577,1.4278300274174225,1.104544260626252,1.0
1978-01-31,16.275181542496163,16.2821273642081,3.9526812074905577,1.4278300274174225,1.104544260626252,1.0
1978-02-28,16.11698813041126,16.2821273642081,3.9526812074905577,1.4278300274174225,1.104544260626252,1.0
1978-03-31,16.159805408376247,16.2821273642081,3.9526812074905577,1.4278300274174225,1.104544260626252,1.0
1978-04-30,16.94032291796794,16.2821273642081,3.9526812074905577,1.4278300274174225,1.104544260626252,1.0
1978-05-31,17.87277263951995,16.2821273642081,3.9526812074905577,1.4278300274174225,1.104544260626252,1.0
1978-06-30,17.993155759841194,16.2821273642081,3.9526812074905577,1.4278300274174225,1.104544260626252,1.0
1978-07-31,17.981947653737805,16.2821273642081,3.9526812074905577,1.4278300274174225,1.104544260626252,1.0
1978-08-31,19.299690550880246,16.2821273642081,3.9526812074905577,1.4278300274174225,1.104544260626252,1.0
1978-09-30,19.376829407884514,16.2821273642081,3.9526812074905577,1.4278300274174225,1.104544260626252,1.0
1978-10-31,18.839413013174337,16.2821273642081,3.9526812074905577,1.4278300274174225,1.104544260626252,1.0
1978-11-30,17.81499137183065,16.2821273642081,3.9526812074905577,1.4278300274174225,1.104544260626252,1.0
1978-12-31,18.1575430958617,16.2821273642081,3.9526812074905577,1.4278300274174225,1.104544260626252,1.0
1979-01-31,18.917492290566766,16.2821273642081,3.9526812074905577,1.4278300274174225,1.104544260626252,1.0
1979-02-28,18.717543035872872,16.2821273642081,3.9526812074905577,1.4278300274174225,1.104544260626252,1.0
1979-03-31,19.155750863057182,16.2821273642081,3.9526812074905577,1.4278300274174225,1.104544260626252,1.0
1979-04-30,19.621408476444852,16.2821273642081,3.9526812074905577,1.4278300274174225,1.104544260626252,1.0
1979-05-31,19.249970505616435,16.2821273642081,3.9526812074905577,1.4278300274174225,1.104544260626252,1.0
1979-06-30,19.715365195553655,16.2821273642081,3.9526812074905577,1.4278300274174225,1.104544260626252,1.0
1979-07-31,19.99549009926629,16.2821273642081,3.9526812074905577,1.4278300274174225,1.104544260626252,1.0
1979-08-31,20.99813104632295,16.2821273642081,3.9526812074905577,1.4278300274174225,1.104544260626252,1.0
1979-09-30,21.32159692547091,16.2821273642081,3.9526812074905577,1.4278300274174225,1.104544260626252,1.0
1979-10-31,20.606786789134336,16.2821273642081,3.9526812074905577,1.4278300274174225,1.104544260626252,1.0
1979-11-30,20.54034337667173,16.2821273642081,3.9526812074905577,1.4278300274174225,1.104544260626252,1.0
1979-12-31,21.44493933969411,16.2821273642081,3.9526812074905577,1.4278300274174225,1.104544260626252,1.0
1980-01-31,22.155294666461188,16.2821273642081,3.9526812074905577,1.4278300274174225,1.104544260626252,1.0
1980-02-29,23.129208656533304,16.2821273642081,3.9526812074905577,1.4278300274174225,1.104544260626252,1.0
1980-03-31,21.09896697444602,16.2821273642081,3.9526812074905577,1.4278300274174225,1.104544260626252,1.0
1980-04-30,20.853786364905343,16.2821273642081,3.9526812074905577,1.4278300274174225,1.104544260626252,1.0
1980-05-31,21.90401189735418,16.2821273642081,3.9526812074905577,1.4278300274174225,1.104544260626252,1.0
1980-06-30,23.40721505081747,16.2821273642081,3.9526812074905577,1.4278300274174225,1.104544260626252,1.0
1980-07-31,24.570427002950154,16.2821273642081,3.9526812074905577,1.4278300274174225,1.104544260626252,1.0
1980-08-31,25.431542704070456,16.2821273642081,3.9526812074905577,1.4278300274174225,1.104544260626252,1.0
1980-09-30,26.152732348345,16.2821273642081,3.9526812074905577,1.4278300274174225,1.104544260626252,1.0
1980-10-31,27.022250399478708,16.2821273642081,3.9526812074905577,1.4278300274174225,1.104544260626252,1.0
1980-11-30,28.269244929562177,16.2821273642081,3.9526812074905577,1.4278300274174225,1.104544260626252,1.0
1980-12-31,27.917354979474837,16.2821273642081,3.9526812074905577,1.4278300274174225,1.104544260626252,1.0
1981-01-31,27.92014322966005,16.2821273642081,3.9526812074905577,1.4278300274174225,1.104544260626252,1.0
1981-02-28,27.06294584980207,16.2821273642081,3.9526812074905577,1.4278300274174225,1.104544260626252,1.0
1981-03-31,28.184245475354615,16.2821273642081,3.9526812074905577,1.4278300274174225,1.104544260626252,1.0
1981-04-30,28.548891494142367,16.2821273642081,3.9526812074905577,1.4278300274174225,1.104544260626252,1.0
1981-05-31,28.087178846587857,16.2821273642081,3.9526812074905577,1.4278300274174225,1.104544260626252,1.0
1981-06-30,28.32805128627201,16.2821273642081,3.9526812074905577,1.4278300274174225,1.104544260626252,1.0
1981-07-31,27.756886684562783,16.2821273642081,3.9526812074905577,1.4278300274174225,1.104544260626252,1.0
1981-08-31,27.97965361712267,16.2821273642081,3.9526812074905577,1.4278300274174225,1.104544260626252,1.0
1981-09-30,25.656591601118667,16.2821273642081,3.9526812074905577,1.4278300274174225,1.104544260626252,1.0
1981-10-31,26.099744338551343,16.2821273642081,3.9526812074905577,1.4278300274174225,1.104544260626252,1.0
1981-11-30,26.894150223433343,16.2821273642081,3.9526812074905577,1.4278300274174225,1.104544260626252,1.0
1981-12-31,27.21133142081993,16.2821273642081,3.9526812074905577,1.4278300274174225,1.104544260626252,1.0
1982-01-31,25.90406652885445,16.2821273642081,3.9526812074905577,1.4278300274174225,1.104544260626252,1.0
1982-02-28,25.408289637488057,16.2821273642081,3.9526812074905577,1.4278300274174225,1.104544260626252,1.0
1982-03-31,24.710948587830362,16.2821273642081,3.9526812074905577,1.4278300274174225,1.104544260626252,1.0
1982-04-30,26.0624679781034,16.2821273642081,3.9526812074905577,1.4278300274174225,1.104544260626252,1.0
1982-05-31,26.21093216585485,16.2821273642081,3.9526812074905577,1.4278300274174225,1.104544260626252,1.0
1982-06-30,24.829453911236982,16.2821273642081,3.9526812074905577,1.4278300274174225,1.104544260626252,1.0
1982-07-31,24.88999975372792,16.2821273642081,3.9526812074905577,1.4278300274174225,1.104544260626252,1.0
1982-08-31,25.087620626010846,16.2821273642081,3.9526812074905577,1.4278300274174225,1.104544260626252,1.0
1982-09-30,28.122313095404106,16.2821273642081,3.9526812074905577,1.4278300274174225,1.104544260626252,1.0
1982-10-31,30.61996814939066,16.2821273642081,3.9526812074905577,1.4278300274174225,1.104544260626252,1.0
1982-11-30,31.997841141786665,16.2821273642081,3.9526812074905577,1.4278300274174225,1.104544260626252,1.0
1982-12-31,32.43157156952957,16.2821273642081,3.9526812074905577,1.4278300274174225,1.104544260626252,1.0
1983-01-31,33.70475503735059,16.2821273642081,3.9526812074905577,1.4278300274174225,1.104544260626252,1.0
1983-02-28,34.42267118577503,16.2821273642081,3.9526812074905577,1.4278300274174225,1.104544260626252,1.0
1983-03-31,35.75331905149723,16.2821273642081,3.9526812074905577,1.4278300274174225,1.104544260626252,1.0
1983-04-30,37.25402480123941,16.2821273642081,3.9526812074905577,1.4278300274174225,1.104544260626252,1.0
1983-05-31,38.902147268138464,16.2821273642081,3.9526812074905577,1.4278300274174225,1.104544260626252,1.0
1983-06-30,39.58429796139908,16.2821273642081,3.9526812074905577,1.4278300274174225,1.104544260626252,1.0
1983-07-31,39.864607443156984,16.2821273642081,3.9526812074905577,1.4278300274174225,1.104544260626252,1.0
1983-08-31,38.90499234183069,16.2821273642081,3.9526812074905577,1.4278300274174225,1.104544260626252,1.0
1983-09-30,40.194239265802075,16.2821273642081,3.9526812074905577,1.4278300274174225,1.104544260626252,1.0
1983-10-31,40.45466844764788,16.2821273642081,3.9526812074905577,1.4278300274174225,1.104544260626252,1.0
1983-11-30,39.99290948608832,16.2821273642081,3.9526812074905577,1.4278300274174225,1.104544260626252,1.0
1983-12-31,39.941667562109984,16.2821273642081,3.9526812074905577,1.4278300274174225,1.104544260626252,1.0
1984-01-31,40.571121355959335,16.2821273642081,3.9526812074905577,1.4278300274174225,1.104544260626252,1.0
1984-02-29,38.49705281228129,16.2821273642081,3.9526812074905577,1.4278300274174225,1.104544260626252,1.0
1984-03-31,38.667348632890814,16.2821273642081,3.9526812074905577,1.4278300274174225,1.104544260626252,1.0
1984-04-30,38.86346955617707,16.2821273642081,3.9526812074905577,1.4278300274174225,1.104544260626252,1.0
1984-05-31,38.76531073155519,16.2821273642081,3.9526812074905577,1.4278300274174225,1.104544260626252,1.0
1984-06-30,38.04880991727696,16.2821273642081,3.9526812074905577,1.4278300274174225,1.104544260626252,1.0
1984-07-31,37.703156402406854,16.2821273642081,3.9526812074905577,1.4278300274174225,1.104544260626252,1.0
1984-08-31,41.174319787452404,16.2821273642081,3.9526812074905577,1.4278300274174225,1.104544260626252,1.0
1984-09-30,41.75362940161237,16.2821273642081,3.9526812074905577,1.4278300274174225,1.104544260626252,1.0
1984-10-31,41.58143652900488,16.2821273642081,3.9526812074905577,1.4278300274174225,1.104544260626252,1.0
1984-11-30,42.11613309602177,16.2821273642081,3.9526812074905577,1.4278300274174225,1.104544260626252,1.0
1984-12-31,41.818137606286435,16.2821273642081,3.9526812074905577,1.4278300274174225,1.104544260626252,1.0
1985-01-31,43.78257321937202,16.2821273642081,3.9526812074905577,1.4278300274174225,1.104544260626252,1.0
1985-02-28,46.316428622694374,16.2821273642081,3.9526812074905577,1.4278300274174225,1.104544260626252,1.0
1985-03-31,46.09488874669895,16.2821273642081,3.9526812074905577,1.4278300274174225,1.104544260626252,1.0
1985-04-30,46.56722860444336,16.2821273642081,3.9526812074905577,1.4278300274174225,1.104544260626252,1.0
1985-05-31,47.84113775684563,16.2821273642081,3.9526812074905577,1.4278300274174225,1.104544260626252,1.0
1985-06-30,49.04241281337285,16.2821273642081,3.9526812074905577,1.4278300274174225,1.104544260626252,1.0
1985-07-31,50.144504091259385,16.2821273642081,3.9526812074905577,1.4278300274174225,1.104544260626252,1.0
1985-08-31,49.21918234744477,16.2821273642081,3.9526812074905577,1.4278300274174225,1.104544260626252,1.0
1985-09-30,48.29140359188852,16.2821273642081,3.9526812074905577,1.4278300274174225,1.104544260626252,1.0
1985-10-31,49.01363244155175,16.2821273642081,3.9526812074905577,1.4278300274174225,1.104544260626252,1.0
1985-11-30,52.16056034616373,16.2821273642081,3.9526812074905577,1.4278300274174225,1.104544260626252,1.0
1985-12-31,54.92220891672771,16.2821273642081,3.9526812074905577,1.4278300274174225,1.104544260626252,1.0
1986-01-31,55.33507485447606,16.2821273642081,3.9526812074905577,1.4278300274174225,1.104544260626252,1.0
1986-02-28,58.48765032469145,16.2821273642081,3.9526812074905577,1.4278300274174225,1.104544260626252,1.0
1986-03-31,62.103807921110956,16.2821273642081,3.9526812074905577,1.4278300274174225,1.104544260626252,1.0
1986-04-30,63.806338055036655,16.2821273642081,3.9526812074905577,1.4278300274174225,1.104544260626252,1.0
1986-05-31,64.12015688366675,16.2821273642081,3.9526812074905577,1.4278300274174225,1.104544260626252,1.0
1986-06-30,66.12919531409331,16.2821273642081,3.9526812074905577,1.4278300274174225,1.104544260626252,1.0
1986-07-31,64.93628178264258,16.2821273642081,3.9526812074905577,1.4278300274174225,1.104544260626252,1.0
1986-08-31,66.41738343481066,16.2821273642081,3.9526812074905577,1.4278300274174225,1.104544260626252,1.0
1986-09-30,64.78601594239076,16.2821273642081,3.9526812074905577,1.4278300274174225,1.104544260626252,1.0
1986-10-31,64.72779099450575,16.2821273642081,3.9526812074905577,1.4278300274174225,1.104544260626252,1.0
1986-11-30,67.01459126832385,16.2821273642081,3.9526812074905577,1.4278300274174225,1.104544260626252,1.0
1986-12-31,68.15983012176288,16.2821273642081,3.9526812074905577,1.4278300274174225,1.104544260626252,1.0
1987-01-31,72.70838837486042,16.2821273642081,3.9526812074905577,1.4278300274174225,1.104544260626252,1.0
1987-02-28,72.70838837486042,17.334258530685442,3.9526812074905577,1.4278300274174225,1.104544260626252,1.0
1987-03-31,72.70838837486042,18.09287660901899,3.9526812074905577,1.4278300274174225,1.104544260626252,1.0
1987-04-30,72.70838837486042,17.9379273580597,3.9526812074905577,1.4278300274174225,1.104544260626252,1.0
1987-05-31,72.70838837486042,17.96892965214553,3.9526812074905577,1.4278300274174225,1.104544260626252,1.0
1987-06-30,72.70838837486042,18.777251790250514,3.9526812074905577,1.4278300274174225,1.104544260626252,1.0
1987-07-31,72.70838837486042,19.363495782772937,3.9526812074905577,1.4278300274174225,1.104544260626252,1.0
1987-08-31,72.70838837486042,20.61321799649636,3.9526812074905577,1.4278300274174225,1.104544260626252,1.0
1987-09-30,72.70838837486042,19.988549725451946,3.9526812074905577,1.4278300274174225,1.104544260626252,1.0
1987-10-31,72.70838837486042,17.619129912530607,3.9526812074905577,1.4278300274174225,1.104544260626252,1.0
1987-11-30,63.762774174647475,17.619129912530607,3.9526812074905577,1.4278300274174225,1.104544260626252,1.0
1987-12-31,62.911736331581764,17.619129912530607,3.9526812074905577,1.4278300274174225,1.104544260626252,1.0
1988-01-31,65.58330975443154,17.619129912530607,3.9526812074905577,1.4278300274174225,1.104544260626252,1.0
1988-02-29,67.7662929818457,17.619129912530607,3.9526812074905577,1.4278300274174225,1.104544260626252,1.0
1988-03-31,69.95653952363774,17.619129912530607,3.9526812074905577,1.4278300274174225,1.104544260626252,1.0
1988-04-30,69.33670755727758,17.619129912530607,3.9526812074905577,1.4278300274174225,1.104544260626252,1.0
1988-05-31,67.8194352604022,17.619129912530607,3.9526812074905577,1.4278300274174225,1.104544260626252,1.0
1988-06-30,71.8873803525482,17.619129912530607,3.9526812074905577,1.4278300274174225,1.104544260626252,1.0
1988-07-31,71.66674336753562,17.619129912530607,3.9526812074905577,1.4278300274174225,1.104544260626252,1.0
1988-08-31,70.43516085802243,17.619129912530607,3.9526812074905577,1.4278300274174225,1.104544260626252,1.0
1988-09-30,71.79256531327711,17.619129912530607,3.9526812074905577,1.4278300274174225,1.104544260626252,1.0
1988-10-31,74.52184362024268,17.619129912530607,3.9526812074905577,1.4278300274174225,1.104544260626252,1.0
1988-11-30,73.01631791023868,17.619129912530607,3.9526812074905577,1.4278300274174225,1.104544260626252,1.0
1988-12-31,74.71464333666256,17.619129912530607,3.9526812074905577,1.4278300274174225,1.104544260626252,1.0
1989-01-31,74.71464333666256,18.23802972907836,3.9526812074905577,1.4278300274174225,1.104544260626252,1.0
1989-02-28,74.71464333666256,18.83985771095238,3.9526812074905577,1.4278300274174225,1.104544260626252,1.0
1989-03-31,74.71464333666256,18.809401382812187,3.9526812074905577,1.4278300274174225,1.104544260626252,1.0
1989-04-30,74.71464333666256,19.479918734805672,3.9526812074905577,1.4278300274174225,1.104544260626252,1.0
1989-05-31,74.71464333666256,20.281576245056886,3.9526812074905577,1.4278300274174225,1.104544260626252,1.0
1989-06-30,74.71464333666256,20.969653540787327,3.9526812074905577,1.4278300274174225,1.104544260626252,1.0
1989-07-31,74.71464333666256,21.55684054923945,3.9526812074905577,1.4278300274174225,1.104544260626252,1.0
1989-08-31,74.71464333666256,22.568018637263638,3.9526812074905577,1.4278300274174225,1.104544260626252,1.0
1989-09-30,74.71464333666256,22.67082433997441,3.9526812074905577,1.4278300274174225,1.104544260626252,1.0
1989-10-31,74.71464333666256,22.735720907393517,3.9526812074905577,1.4278300274174225,1.104544260626252,1.0
1989-11-30,74.71464333666256,22.323397090353136,3.9526812074905577,1.4278300274174225,1.104544260626252,1.0
1989-12-31,74.71464333666256,22.934322915883378,3.9526812074905577,1.4278300274174225,1.104544260626252,1.0
1990-01-31,74.71464333666256,22.427193237713745,3.9526812074905577,1.4278300274174225,1.104544260626252,1.0
1990-02-28,74.71464333666256,21.860416849893177,3.9526812074905577,1.4278300274174225,1.104544260626252,1.0
1990-03-31,74.71464333666256,22.452214839714134,3.9526812074905577,1.4278300274174225,1.104544260626252,1.0
1990-04-30,74.71464333666256,22.496217978963514,3.9526812074905577,1.4278300274174225,1.104544260626252,1.0
1990-05-31,74.71464333666256,23.362530472367688,3.9526812074905577,1.4278300274174225,1.104544260626252,1.0
1990-06-30,74.71464333666256,24.103112682975375,3.9526812074905577,1.4278300274174225,1.104544260626252,1.0
1990-07-31,74.71464333666256,24.14402133912867,3.9526812074905577,1.4278300274174225,1.104544260626252,1.0
1990-08-31,74.71464333666256,22.24600505282876,3.9526812074905577,1.4278300274174225,1.104544260626252,1.0
1990-09-30,74.71464333666256,21.280292465581162,3.9526812074905577,1.4278300274174225,1.104544260626252,1.0
1990-10-31,72.98442486745886,21.280292465581162,3.9526812074905577,1.4278300274174225,1.104544260626252,1.0
1990-11-30,72.98442486745886,21.915256957602423,3.9526812074905577,1.4278300274174225,1.104544260626252,1.0
1990-12-31,72.98442486745886,22.92042332829837,3.9526812074905577,1.4278300274174225,1.104544260626252,1.0
1991-01-31,72.98442486745886,22.763379211045162,3.9526812074905577,1.4278300274174225,1.104544260626252,1.0
1991-02-28,72.98442486745886,25.405473398827663,3.9526812074905577,1.4278300274174225,1.104544260626252,1.0
1991-03-31,72.98442486745886,26.17897361101344,3.9526812074905577,1.4278300274174225,1.104544260626252,1.0
1991-04-30,72.98442486745886,26.77031172280371,3.9526812074905577,1.4278300274174225,1.104544260626252,1.0
1991-05-31,72.98442486745886,26.72242533590315,3.9526812074905577,1.4278300274174225,1.104544260626252,1.0
1991-06-30,72.98442486745886,26.815155076281446,3.9526812074905577,1.4278300274174225,1.104544260626252,1.0
1991-07-31,72.98442486745886,27.024443572838905,3.9526812074905577,1.4278300274174225,1.104544260626252,1.0
1991-08-31,72.98442486745886,27.74841040838841,3.9526812074905577,1.4278300274174225,1.104544260626252,1.0
1991-09-30,72.98442486745886,27.664304719906742,3.9526812074905577,1.4278300274174225,1.104544260626252,1.0
1991-10-31,72.98442486745886,27.714555824382465,3.9526812074905577,1.4278300274174225,1.104544260626252,1.0
1991-11-30,72.98442486745886,27.718933384130974,3.9526812074905577,1.4278300274174225,1.104544260626252,1.0
1991-12-31,72.98442486745886,27.978144173151698,3.9526812074905577,1.4278300274174225,1.104544260626252,1.0
1992-01-31,72.98442486745886,30.036783285220448,3.9526812074905577,1.4278300274174225,1.104544260626252,1.0
1992-02-29,72.98442486745886,29.85630847697912,3.9526812074905577,1.4278300274174225,1.104544260626252,1.0
1992-03-31,72.98442486745886,29.55404977907938,3.9526812074905577,1.4278300274174225,1.104544260626252,1.0
1992-04-30,72.98442486745886,29.632162161891,3.9526812074905577,1.4278300274174225,1.104544260626252,1.0
1992-05-31,72.98442486745886,30.245059128462433,3.9526812074905577,1.4278300274174225,1.104544260626252,1.0
1992-06-30,72.98442486745886,29.84306522122396,3.9526812074905577,1.4278300274174225,1.104544260626252,1.0
1992-07-31,72.98442486745886,30.41370441218506,3.9526812074905577,1.4278300274174225,1.104544260626252,1.0
1992-08-31,72.98442486745886,30.70011631078283,3.9526812074905577,1.4278300274174225,1.104544260626252,1.0
1992-09-30,72.98442486745886,30.816220262806638,3.9526812074905577,1.4278300274174225,1.104544260626252,1.0
1992-10-31,72.98442486745886,30.451955376631236,3.9526812074905577,1.4278300274174225,1.104544260626252,1.0
1992-11-30,72.98442486745886,31.29148625719611,3.9526812074905577,1.4278300274174225,1.104544260626252,1.0
1992-12-31,72.98442486745886,31.29148625719611,4.081981311286175,1.4278300274174225,1.104544260626252,1.0
1993-01-31,72.98442486745886,31.29148625719611,4.087814185600462,1.4278300274174225,1.104544260626252,1.0
1993-02-28,72.98442486745886,31.29148625719611,4.158298212666637,1.4278300274174225,1.104544260626252,1.0
1993-03-31,72.98442486745886,31.29148625719611,4.247707978894377,1.4278300274174225,1.104544260626252,1.0
1993-04-30,72.98442486745886,31.29148625719611,4.190714562792276,1.4278300274174225,1.104544260626252,1.0
1993-05-31,72.98442486745886,31.29148625719611,4.221085688672938,1.4278300274174225,1.104544260626252,1.0
1993-06-30,72.98442486745886,31.29148625719611,4.257605782591069,1.4278300274174225,1.104544260626252,1.0
1993-07-31,72.98442486745886,31.29148625719611,4.260203081123799,1.4278300274174225,1.104544260626252,1.0
1993-08-31,72.98442486745886,31.29148625719611,4.335287703977412,1.4278300274174225,1.104544260626252,1.0
1993-09-30,72.98442486745886,31.29148625719611,4.3940296288413805,1.4278300274174225,1.104544260626252,1.0
1993-10-31,72.98442486745886,31.29148625719611,4.448599386810689,1.4278300274174225,1.104544260626252,1.0
1993-11-30,72.98442486745886,31.29148625719611,4.448935021599519,1.4278300274174225,1.104544260626252,1.0
1993-12-31,72.98442486745886,31.29148625719611,4.488405075295578,1.4278300274174225,1.104544260626252,1.0
1994-01-31,72.98442486745886,31.29148625719611,4.566318405876147,1.4278300274174225,1.104544260626252,1.0
1994-02-28,72.98442486745886,31.29148625719611,4.562861655505362,1.4278300274174225,1.104544260626252,1.0
1994-03-31,72.98442486745886,31.29148625719611,4.497894802757237,1.4278300274174225,1.104544260626252,1.0
1994-04-30,72.98442486745886,31.29148625719611,4.347378264553099,1.4278300274174225,1.104544260626252,1.0
1994-05-31,72.98442486745886,31.29148625719611,4.393384040476048,1.4278300274174225,1.104544260626252,1.0
1994-06-30,72.98442486745886,31.29148625719611,4.442066824703816,1.4278300274174225,1.104544260626252,1.0
1994-07-31,72.98442486745886,31.29148625719611,4.419018042287746,1.4278300274174225,1.104544260626252,1.0
1994-08-31,72.98442486745886,31.29148625719611,4.555215624284486,1.4278300274174225,1.104544260626252,1.0
1994-09-30,72.98442486745886,31.29148625719611,4.592452922436648,1.4278300274174225,1.104544260626252,1.0
1994-10-31,72.98442486745886,31.29148625719611,4.572062127238232,1.4278300274174225,1.104544260626252,1.0
1994-11-30,72.98442486745886,31.29148625719611,4.555150807338054,1.4278300274174225,1.104544260626252,1.0
1994-12-31,72.98442486745886,30.970527530317813,4.555150807338054,1.4278300274174225,1.104544260626252,1.0
1995-01-31,72.98442486745886,30.970527530317813,4.666805490289952,1.4278300274174225,1.104544260626252,1.0
1995-02-28,72.98442486745886,30.970527530317813,4.845035163698447,1.4278300274174225,1.104544260626252,1.0
1995-03-31,72.98442486745886,30.970527530317813,4.9689794044641244,1.4278300274174225,1.104544260626252,1.0
1995-04-30,72.98442486745886,30.970527530317813,5.128759574607671,1.4278300274174225,1.104544260626252,1.0
1995-05-31,72.98442486745886,30.970527530317813,5.30045814136647,1.4278300274174225,1.104544260626252,1.0
1995-06-30,72.98442486745886,30.970527530317813,5.468929062844319,1.4278300274174225,1.104544260626252,1.0
1995-07-31,72.98442486745886,30.970527530317813,5.662938227089716,1.4278300274174225,1.104544260626252,1.0
1995-08-31,72.98442486745886,30.970527530317813,5.691996129971961,1.4278300274174225,1.104544260626252,1.0
1995-09-30,72.98442486745886,30.970527530317813,5.903605442793366,1.4278300274174225,1.104544260626252,1.0
1995-10-31,72.98442486745886,30.970527530317813,5.957479824811013,1.4278300274174225,1.104544260626252,1.0
1995-11-30,72.98442486745886,30.970527530317813,6.097980157432281,1.4278300274174225,1.104544260626252,1.0
1995-12-31,72.98442486745886,30.970527530317813,6.097980157432281,1.4762211569771564,1.104544260626252,1.0
1996-01-31,72.98442486745886,30.970527530317813,6.107894241275132,1.4762211569771564,1.104544260626252,1.0
1996-02-29,72.98442486745886,30.970527530317813,6.107894241275132,1.563383064114061,1.104544260626252,1.0
1996-03-31,72.98442486745886,30.970527530317813,6.107894241275132,1.560245398703815,1.104544260626252,1.0
1996-04-30,72.98442486745886,30.970527530317813,6.107894241275132,1.563319738239487,1.104544260626252,1.0
1996-05-31,72.98442486745886,30.970527530317813,6.107894241275132,1.6001331920427253,1.104544260626252,1.0
1996-06-30,72.98442486745886,30.970527530317813,6.107894241275132,1.6205923858648785,1.104544260626252,1.0
1996-07-31,72.98442486745886,30.970527530317813,5.895549361575654,1.6205923858648785,1.104544260626252,1.0
1996-08-31,72.98442486745886,30.970527530317813,5.895549361575654,1.6704377988851764,1.104544260626252,1.0
1996-09-30,72.98442486745886,30.970527530317813,5.895549361575654,1.7042428977482011,1.104544260626252,1.0
1996-10-31,72.98442486745886,30.970527530317813,5.895549361575654,1.77444914621049,1.104544260626252,1.0
1996-11-30,72.98442486745886,30.970527530317813,5.895549361575654,1.8640957694341322,1.104544260626252,1.0
1996-12-31,72.98442486745886,30.970527530317813,5.895549361575654,1.8864318769382604,1.104544260626252,1.0
1997-01-31,72.98442486745886,30.970527530317813,5.895549361575654,1.9478831514674277,1.104544260626252,1.0
1997-02-28,72.98442486745886,30.970527530317813,5.895549361575654,2.032833523958501,1.104544260626252,1.0
1997-03-31,72.98442486745886,30.970527530317813,5.895549361575654,2.020155038568409,1.104544260626252,1.0
1997-04-30,72.98442486745886,30.970527530317813,5.895549361575654,1.9513637815428297,1.104544260626252,1.0
1997-05-31,72.98442486745886,30.970527530317813,5.895549361575654,2.1312371936510495,1.104544260626252,1.0
1997-06-30,72.98442486745886,30.970527530317813,5.895549361575654,2.1312371936510495,1.163491858762494,1.0
1997-07-31,72.98442486745886,30.970527530317813,5.895549361575654,2.1312371936510495,1.2302288740514953,1.0
1997-08-31,72.98442486745886,30.970527530317813,5.895549361575654,2.1312371936510495,1.2345074767382733,1.0
1997-09-30,72.98442486745886,30.970527530317813,5.895549361575654,2.1312371936510495,1.2492229046492844,1.0
1997-10-31,72.98442486745886,30.970527530317813,5.895549361575654,2.1312371936510495,1.2697773155822745,1.0
1997-11-30,72.98442486745886,30.970527530317813,5.895549361575654,2.1312371936510495,1.2551489311629818,1.0
1997-12-31,72.98442486745886,30.970527530317813,5.895549361575654,2.1312371936510495,1.2882172925709374,1.0
1998-01-31,72.98442486745886,30.970527530317813,5.895549361575654,2.1312371936510495,1.2912715050421104,1.0
1998-02-28,72.98442486745886,30.970527530317813,5.895549361575654,2.1312371936510495,1.373940752398301,1.0
1998-03-31,72.98442486745886,30.970527530317813,5.895549361575654,2.1312371936510495,1.4469364715486157,1.0
1998-04-30,72.98442486745886,30.970527530317813,5.895549361575654,2.1312371936510495,1.4962144295672999,1.0
1998-05-31,72.98442486745886,30.970527530317813,5.895549361575654,2.1312371936510495,1.4928949644486547,1.0
1998-06-30,72.98442486745886,30.970527530317813,5.895549361575654,2.1312371936510495,1.4946335460181643,1.0
1998-07-31,72.98442486745886,30.970527530317813,5.895549361575654,2.1312371936510495,1.5614087854833922,1.0
1998-08-31,72.98442486745886,30.970527530317813,5.895549361575654,2.1312371936510495,1.4525628667254897,1.0
1998-09-30,72.98442486745886,30.970527530317813,5.895549361575654,2.1312371936510495,1.3814097988041396,1.0
1998-10-31,72.98442486745886,30.970527530317813,5.895549361575654,2.1312371936510495,1.399241819986187,1.0
1998-11-30,72.98442486745886,30.970527530317813,5.895549361575654,2.1312371936510495,1.5527999938087527,1.0
1998-12-31,72.98442486745886,30.970527530317813,5.895549361575654,2.1312371936510495,1.6165285352915917,1.0
1999-01-31,72.98442486745886,30.970527530317813,5.895549361575654,2.1312371936510495,1.6165285352915917,1.0504768707197176
1999-02-28,72.98442486745886,30.970527530317813,5.895549361575654,2.1312371936510495,1.6165285352915917,1.0497760966833238
1999-03-31,72.98442486745886,30.970527530317813,5.895549361575654,2.1312371936510495,1.6165285352915917,1.0804664041052545
1999-04-30,72.98442486745886,30.970527530317813,5.895549361575654,2.1312371936510495,1.6165285352915917,1.126386465135702
1999-05-31,72.98442486745886,30.970527530317813,5.895549361575654,2.1312371936510495,1.6165285352915917,1.1252732376801358
1999-06-30,72.98442486745886,30.970527530317813,5.895549361575654,2.1312371936510495,1.6165285352915917,1.1183891856713113
1999-07-31,72.98442486745886,30.970527530317813,5.895549361575654,2.1312371936510495,1.6165285352915917,1.1689670762508655
1999-08-31,72.98442486745886,30.970527530317813,5.895549361575654,2.1312371936510495,1.6165285352915917,1.1248457502475857
1999-09-30,72.98442486745886,30.970527530317813,5.895549361575654,2.1312371936510495,1.6165285352915917,1.1181189854725582
1999-10-31,72.98442486745886,30.970527530317813,5.895549361575654,2.1312371936510495,1.6165285352915917,1.103891243641338
1999-11-30,72.98442486745886,30.970527530317813,5.895549361575654,2.1312371936510495,1.6165285352915917,1.182333199189673
1999-12-31,72.98442486745886,30.970527530317813,5.895549361575654,2.1312371936510495,1.6165285352915917,1.2155417550779286
2000-01-31,72.98442486745886,30.970527530317813,5.895549361575654,2.1312371936510495,1.6165285352915917,1.2140960793267668
2000-02-29,72.98442486745886,30.970527530317813,5.895549361575654,2.1312371936510495,1.6165285352915917,1.184009839949733
2000-03-31,72.98442486745886,30.970527530317813,5.895549361575654,2.1312371936510495,1.6165285352915917,1.230671118325698
2000-04-30,72.98442486745886,30.970527530317813,5.895549361575654,2.1312371936510495,1.6165285352915917,1.2482040637667449
2000-05-31,72.98442486745886,30.970527530317813,5.895549361575654,2.1312371936510495,1.6165285352915917,1.2127701216954119
2000-06-30,72.98442486745886,30.970527530317813,5.895549361575654,2.1312371936510495,1.6165285352915917,1.2511358638472545
2000-07-31,72.98442486745886,30.970527530317813,5.895549361575654,2.1312371936510495,1.6165285352915917,1.2617748033627412
2000-08-31,72.98442486745886,30.970527530317813,5.895549361575654,2.1312371936510495,1.6165285352915917,1.273631841196785
2000-09-30,72.98442486745886,30.970527530317813,5.895549361575654,2.1312371936510495,1.6165285352915917,1.2598810674029326
2000-10-31,72.98442486745886,30.970527530317813,5.895549361575654,2.1312371936510495,1.532239023316364,1.2598810674029326
2000-11-30,72.98442486745886,30.970527530317813,5.895549361575654,2.1312371936510495,1.5204014950900941,1.2598810674029326
2000-12-31,72.98442486745886,30.970527530317813,5.895549361575654,2.1312371936510495,1.469923044002599,1.2598810674029326
2001-01-31,72.98442486745886,30.970527530317813,5.895549361575654,2.1312371936510495,1.476611306320907,1.2598810674029326
2001-02-28,72.98442486745886,30.970527530317813,5.895549361575654,2.1312371936510495,1.4450670821737994,1.2598810674029326
2001-03-31,72.98442486745886,30.970527530317813,5.895549361575654,2.1312371936510495,1.3138563929261684,1.2598810674029326
2001-04-30,72.98442486745886,30.970527530317813,5.895549361575654,2.1312371936510495,1.3197515827821322,1.2598810674029326
2001-05-31,72.98442486745886,30.970527530317813,5.895549361575654,2.1312371936510495,1.4105416886997333,1.2598810674029326
2001-06-30,72.98442486745886,30.970527530317813,5.895549361575654,2.1312371936510495,1.3768487522115782,1.2598810674029326
2001-07-31,72.98442486745886,30.970527530317813,5.895549361575654,2.1312371936510495,1.3402214475904384,1.2598810674029326
2001-08-31,72.98442486745886,30.970527530317813,5.895549361575654,2.1312371936510495,1.312802670884415,1.2598810674029326
2001-09-30,72.98442486745886,30.970527530317813,5.895549361575654,1.8915300252097134,1.312802670884415,1.2598810674029326
2001-10-31,72.98442486745886,30.970527530317813,5.895549361575654,1.9517569370535226,1.312802670884415,1.2598810674029326
2001-11-30,72.98442486745886,30.970527530317813,5.895549361575654,1.9517569370535226,1.3791405091520599,1.2598810674029326
2001-12-31,72.98442486745886,30.970527530317813,5.895549361575654,1.9517569370535226,1.3993593900732708,1.2598810674029326
2002-01-31,72.98442486745886,30.970527530317813,5.895549361575654,1.9517569370535226,1.3951936478405582,1.2598810674029326
2002-02-28,72.98442486745886,30.970527530317813,5.895549361575654,1.886319029185645,1.3951936478405582,1.2598810674029326
2002-03-31,72.98442486745886,30.970527530317813,5.895549361575654,1.886319029185645,1.464189750638968,1.2598810674029326
2002-04-30,72.98442486745886,30.970527530317813,5.895549361575654,1.8200256268325707,1.464189750638968,1.2598810674029326
2002-05-31,72.98442486745886,30.970527530317813,5.895549361575654,1.7686941448302702,1.464189750638968,1.2598810674029326
2002-06-30,72.98442486745886,30.970527530317813,5.895549361575654,1.663970498796304,1.464189750638968,1.2598810674029326
2002-07-31,72.98442486745886,30.970527530317813,5.261276732154643,1.663970498796304,1.464189750638968,1.2598810674029326
2002-08-31,72.98442486745886,30.970527530317813,5.321191668767345,1.663970498796304,1.464189750638968,1.2598810674029326
2002-09-30,72.98442486745886,30.970527530317813,5.068023727336941,1.663970498796304,1.464189750638968,1.2598810674029326
2002-10-31,72.98442486745886,30.970527530317813,4.998741678479887,1.663970498796304,1.464189750638968,1.2598810674029326
2002-11-30,72.98442486745886,30.970527530317813,5.329937145437352,1.663970498796304,1.464189750638968,1.2598810674029326
2002-12-31,72.98442486745886,30.970527530317813,5.274769028459734,1.663970498796304,1.464189750638968,1.2598810674029326
2003-01-31,72.98442486745886,30.970527530317813,5.263031741489632,1.663970498796304,1.464189750638968,1.2598810674029326
2003-02-28,72.98442486745886,30.970527530317813,4.925416887560056,1.663970498796304,1.464189750638968,1.2598810674029326
2003-03-31,72.98442486745886,30.970527530317813,4.9898363245892705,1.663970498796304,1.464189750638968,1.2598810674029326
2003-04-30,72.98442486745886,30.970527530317813,5.253592028874785,1.663970498796304,1.464189750638968,1.2598810674029326
2003-05-31,72.98442486745886,30.970527530317813,5.532673959210077,1.663970498796304,1.464189750638968,1.2598810674029326
2003-06-30,72.98442486745886,30.970527530317813,5.848267911159642,1.663970498796304,1.464189750638968,1.2598810674029326
2003-07-31,72.98442486745886,30.970527530317813,5.883117786996637,1.663970498796304,1.464189750638968,1.2598810674029326
2003-08-31,72.98442486745886,30.970527530317813,5.873332743626395,1.663970498796304,1.464189750638968,1.2598810674029326
2003-09-30,72.98442486745886,30.970527530317813,5.873332743626395,1.7165716163414324,1.464189750638968,1.2598810674029326
2003-10-31,72.98442486745886,30.970527530317813,5.873332743626395,1.7513807534547674,1.464189750638968,1.2598810674029326
2003-11-30,72.98442486745886,30.970527530317813,5.873332743626395,1.77258272748078,1.464189750638968,1.2598810674029326
2003-12-31,72.98442486745886,30.970527530317813,5.873332743626395,1.8268912998382005,1.464189750638968,1.2598810674029326
2004-01-31,72.98442486745886,30.970527530317813,5.873332743626395,1.9170476799564218,1.464189750638968,1.2598810674029326
2004-02-29,72.98442486745886,30.970527530317813,5.873332743626395,1.9378795123137578,1.464189750638968,1.2598810674029326
2004-03-31,72.98442486745886,30.970527530317813,5.873332743626395,1.90754788555364,1.464189750638968,1.2598810674029326
2004-04-30,72.98442486745886,30.970527530317813,5.873332743626395,1.9260155631291305,1.464189750638968,1.2598810674029326
2004-05-31,72.98442486745886,30.970527530317813,5.873332743626395,1.8766276437574243,1.464189750638968,1.2598810674029326
2004-06-30,72.98442486745886,30.970527530317813,5.873332743626395,1.930255597702172,1.464189750638968,1.2598810674029326
2004-07-31,72.98442486745886,30.970527530317813,5.873332743626395,1.8870414288069717,1.464189750638968,1.2598810674029326
2004-08-31,72.98442486745886,30.970527530317813,5.873332743626395,1.8608574053239557,1.464189750638968,1.2598810674029326
2004-09-30,72.98442486745886,30.970527530317813,5.873332743626395,1.9126380791908861,1.464189750638968,1.2598810674029326
2004-10-31,72.98442486745886,30.970527530317813,5.873332743626395,1.9146003560289275,1.464189750638968,1.2598810674029326
2004-11-30,72.98442486745886,30.970527530317813,5.873332743626395,2.0060013874571623,1.464189750638968,1.2598810674029326
2004-12-31,72.98442486745886,30.970527530317813,5.873332743626395,2.0607140177144854,1.464189750638968,1.2598810674029326
2005-01-31,72.98442486745886,30.970527530317813,5.873332743626395,2.032910419673591,1.464189750638968,1.2598810674029326
2005-02-28,72.98442486745886,30.970527530317813,5.873332743626395,2.0670878464907747,1.464189750638968,1.2598810674029326
2005-03-31,72.98442486745886,30.970527530317813,5.873332743626395,2.0618046166501003,1.464189750638968,1.2598810674029326
2005-04-30,72.98442486745886,30.970527530317813,5.873332743626395,2.012137424650971,1.464189750638968,1.2598810674029326
2005-05-31,72.98442486745886,30.970527530317813,5.873332743626395,2.0390169765068213,1.464189750638968,1.2598810674029326
2005-06-30,72.98442486745886,30.970527530317813,5.873332743626395,2.083481768252194,1.464189750638968,1.2598810674029326
2005-07-31,72.98442486745886,30.970527530317813,5.873332743626395,2.1211467630520735,1.464189750638968,1.2598810674029326
2005-08-31,72.98442486745886,30.970527530317813,5.873332743626395,2.127722704446288,1.464189750638968,1.2598810674029326
2005-09-30,72.98442486745886,30.970527530317813,5.873332743626395,2.1336737423386443,1.464189750638968,1.2598810674029326
2005-10-31,72.98442486745886,30.970527530317813,5.719203592616203,2.1336737423386443,1.464189750638968,1.2598810674029326
2005-11-30,72.98442486745886,30.970527530317813,5.719203592616203,2.2182001309030515,1.464189750638968,1.2598810674029326
2005-12-31,72.98442486745886,30.970527530317813,5.719203592616203,2.265761246796412,1.464189750638968,1.2598810674029326
2006-01-31,72.98442486745886,30.970527530317813,5.719203592616203,2.298994757573902,1.464189750638968,1.2598810674029326
2006-02-28,72.98442486745886,30.970527530317813,5.719203592616203,2.298612210049687,1.464189750638968,1.2598810674029326
2006-03-31,72.98442486745886,30.970527530317813,5.719203592616203,2.3327727541757666,1.464189750638968,1.2598810674029326
2006-04-30,72.98442486745886,30.970527530317813,5.719203592616203,2.3513960127872693,1.464189750638968,1.2598810674029326
2006-05-31,72.98442486745886,30.970527530317813,5.719203592616203,2.3328990936771294,1.464189750638968,1.2598810674029326
2006-06-30,72.98442486745886,30.970527530317813,5.56445378338971,2.3328990936771294,1.464189750638968,1.2598810674029326
2006-07-31,72.98442486745886,30.970527530317813,5.604520112224147,2.3328990936771294,1.464189750638968,1.2598810674029326
2006-08-31,72.98442486745886,30.970527530317813,5.604520112224147,2.3863635242542824,1.464189750638968,1.2598810674029326
2006-09-30,72.98442486745886,30.970527530317813,5.604520112224147,2.4467665259403364,1.464189750638968,1.2598810674029326
2006-10-31,72.98442486745886,30.970527530317813,5.604520112224147,2.5352394773699416,1.464189750638968,1.2598810674029326
2006-11-30,72.98442486745886,30.970527530317813,5.604520112224147,2.5859859202819875,1.464189750638968,1.2598810674029326
2006-12-31,72.98442486745886,30.970527530317813,5.604520112224147,2.6415397499128104,1.464189750638968,1.2598810674029326
2007-01-31,72.98442486745886,30.970527530317813,5.604520112224147,2.6598410377223187,1.464189750638968,1.2598810674029326
2007-02-28,72.98442486745886,30.970527530317813,5.604520112224147,2.7022933784931316,1.464189750638968,1.2598810674029326
2007-03-31,72.98442486745886,30.970527530317813,5.604520112224147,2.6354415846684915,1.464189750638968,1.2598810674029326
2007-04-30,72.98442486745886,30.970527530317813,5.604520112224147,2.7456098924270878,1.464189750638968,1.2598810674029326
2007-05-31,72.98442486745886,30.970527530317813,5.604520112224147,2.8387342019729056,1.464189750638968,1.2598810674029326
2007-06-30,72.98442486745886,30.970527530317813,5.604520112224147,2.848525038661252,1.464189750638968,1.2598810674029326
2007-07-31,72.98442486745886,30.970527530317813,5.604520112224147,2.8648932233720337,1.464189750638968,1.2598810674029326
2007-08-31,72.98442486745886,30.970527530317813,5.604520112224147,2.744535970248715,1.464189750638968,1.2598810674029326
2007-09-30,72.98442486745886,30.970527530317813,5.604520112224147,2.828923410530495,1.464189750638968,1.2598810674029326
2007-10-31,72.98442486745886,30.970527530317813,5.604520112224147,2.913554411843222,1.464189750638968,1.2598810674029326
2007-11-30,72.98442486745886,30.970527530317813,5.604520112224147,2.7735199533014607,1.464189750638968,1.2598810674029326
2007-12-31,72.98442486745886,30.970527530317813,5.604520112224147,2.8078622554586588,1.464189750638968,1.2598810674029326
2008-01-31,72.98442486745886,30.970527530317813,5.232649140643602,2.8078622554586588,1.464189750638968,1.2598810674029326
2008-02-29,72.98442486745886,30.970527530317813,5.150812303459408,2.8078622554586588,1.464189750638968,1.2598810674029326
2008-03-31,72.98442486745886,30.970527530317813,5.015519225267876,2.8078622554586588,1.464189750638968,1.2598810674029326
2008-04-30,72.98442486745886,30.970527530317813,5.22836795816498,2.8078622554586588,1.464189750638968,1.2598810674029326
2008-05-31,72.98442486745886,30.970527530317813,5.362350336740447,2.8078622554586588,1.464189750638968,1.2598810674029326
2008-06-30,72.98442486745886,30.970527530317813,5.134633728938875,2.8078622554586588,1.464189750638968,1.2598810674029326
2008-07-31,72.98442486745886,30.970527530317813,4.822526477243765,2.8078622554586588,1.464189750638968,1.2598810674029326
2008-08-31,72.98442486745886,30.970527530317813,4.924307583259771,2.8078622554586588,1.464189750638968,1.2598810674029326
2008-09-30,72.98442486745886,30.970527530317813,4.685599990254176,2.8078622554586588,1.464189750638968,1.2598810674029326
2008-10-31,72.98442486745886,24.7164677113352,4.685599990254176,2.8078622554586588,1.464189750638968,1.2598810674029326
2008-11-30,72.98442486745886,22.589529659449735,4.685599990254176,2.8078622554586588,1.464189750638968,1.2598810674029326
2008-12-31,72.98442486745886,22.510191332430523,4.685599990254176,2.8078622554586588,1.464189750638968,1.2598810674029326
2009-01-31,72.98442486745886,22.263579441313627,4.685599990254176,2.8078622554586588,1.464189750638968,1.2598810674029326
2009-02-28,68.09263906419592,22.263579441313627,4.685599990254176,2.8078622554586588,1.464189750638968,1.2598810674029326
2009-03-31,64.21991349721681,22.263579441313627,4.685599990254176,2.8078622554586588,1.464189750638968,1.2598810674029326
2009-04-30,72.13293076419146,22.263579441313627,4.685599990254176,2.8078622554586588,1.464189750638968,1.2598810674029326
2009-05-31,72.13293076419146,23.746294136910187,4.685599990254176,2.8078622554586588,1.464189750638968,1.2598810674029326
2009-06-30,72.13293076419146,24.427542317264287,4.685599990254176,2.8078622554586588,1.464189750638968,1.2598810674029326
2009-07-31,72.13293076419146,24.739638907845457,4.685599990254176,2.8078622554586588,1.464189750638968,1.2598810674029326
2009-08-31,72.13293076419146,26.748681889450413,4.685599990254176,2.8078622554586588,1.464189750638968,1.2598810674029326
2009-09-30,72.13293076419146,27.725100598905488,4.685599990254176,2.8078622554586588,1.464189750638968,1.2598810674029326
2009-10-31,72.13293076419146,28.391364763889,4.685599990254176,2.8078622554586588,1.464189750638968,1.2598810674029326
2009-11-30,72.13293076419146,28.98597241296339,4.685599990254176,2.8078622554586588,1.464189750638968,1.2598810674029326
2009-12-31,72.13293076419146,28.98597241296339,4.789894774175933,2.8078622554586588,1.464189750638968,1.2598810674029326
2010-01-31,72.13293076419146,28.98597241296339,4.854892107980482,2.8078622554586588,1.464189750638968,1.2598810674029326
2010-02-28,72.13293076419146,28.145821732475866,4.854892107980482,2.8078622554586588,1.464189750638968,1.2598810674029326
2010-03-31,72.13293076419146,28.145821732475866,5.1434200748596846,2.8078622554586588,1.464189750638968,1.2598810674029326
2010-04-30,72.13293076419146,28.145821732475866,5.35367949799715,2.8078622554586588,1.464189750638968,1.2598810674029326
2010-05-31,72.13293076419146,28.145821732475866,5.038754836606114,2.8078622554586588,1.464189750638968,1.2598810674029326
2010-06-30,72.13293076419146,27.148456498945503,5.038754836606114,2.8078622554586588,1.464189750638968,1.2598810674029326
2010-07-31,72.13293076419146,27.10527063272081,5.038754836606114,2.8078622554586588,1.464189750638968,1.2598810674029326
2010-08-31,72.13293076419146,27.33935488711233,5.038754836606114,2.8078622554586588,1.464189750638968,1.2598810674029326
2010-09-30,72.13293076419146,27.33935488711233,5.208619048142528,2.8078622554586588,1.464189750638968,1.2598810674029326
2010-10-31,72.13293076419146,27.33935488711233,5.447040280015675,2.8078622554586588,1.464189750638968,1.2598810674029326
2010-11-30,72.13293076419146,27.33935488711233,5.582721393644319,2.8078622554586588,1.464189750638968,1.2598810674029326
2010-12-31,72.13293076419146,27.33935488711233,5.790048935180489,2.8078622554586588,1.464189750638968,1.2598810674029326
2011-01-31,72.13293076419146,27.33935488711233,5.990511613036001,2.8078622554586588,1.464189750638968,1.2598810674029326
2011-02-28,72.13293076419146,27.33935488711233,6.179264483477622,2.8078622554586588,1.464189750638968,1.2598810674029326
2011-03-31,72.13293076419146,27.33935488711233,6.110522577502995,2.8078622554586588,1.464189750638968,1.2598810674029326
2011-04-30,72.13293076419146,27.33935488711233,6.246236239835942,2.8078622554586588,1.464189750638968,1.2598810674029326
2011-05-31,72.13293076419146,27.33935488711233,6.287413605128567,2.8078622554586588,1.464189750638968,1.2598810674029326
2011-06-30,72.13293076419146,27.33935488711233,6.05713078322495,2.8078622554586588,1.464189750638968,1.2598810674029326
2011-07-31,72.13293076419146,27.33935488711233,6.245006970374855,2.8078622554586588,1.464189750638968,1.2598810674029326
2011-08-31,72.13293076419146,27.33935488711233,5.595485843304914,2.8078622554586588,1.464189750638968,1.2598810674029326
2011-09-30,72.13293076419146,27.123580393546145,5.595485843304914,2.8078622554586588,1.464189750638968,1.2598810674029326
2011-10-31,72.13293076419146,27.123580393546145,5.764408299158141,2.8078622554586588,1.464189750638968,1.2598810674029326
2011-11-30,72.13293076419146,27.123580393546145,5.866272451914761,2.8078622554586588,1.464189750638968,1.2598810674029326
2011-12-31,72.13293076419146,27.123580393546145,5.957478384219362,2.8078622554586588,1.464189750638968,1.2598810674029326
2012-01-31,72.13293076419146,27.123580393546145,6.242398242680292,2.8078622554586588,1.464189750638968,1.2598810674029326
2012-02-29,72.13293076419146,27.123580393546145,6.502244851779408,2.8078622554586588,1.464189750638968,1.2598810674029326
2012-03-31,72.13293076419146,27.123580393546145,6.689759014211683,2.8078622554586588,1.464189750638968,1.2598810674029326
2012-04-30,72.13293076419146,27.123580393546145,6.687202834518678,2.8078622554586588,1.464189750638968,1.2598810674029326
2012-05-31,72.13293076419146,27.123580393546145,6.480504589927947,2.8078622554586588,1.464189750638968,1.2598810674029326
2012-06-30,72.13293076419146,27.123580393546145,6.405822535294291,2.8078622554586588,1.464189750638968,1.2598810674029326
2012-07-31,72.13293076419146,27.123580393546145,6.592942173833957,2.8078622554586588,1.464189750638968,1.2598810674029326
2012-08-31,72.13293076419146,27.123580393546145,6.8162913278224595,2.8078622554586588,1.464189750638968,1.2598810674029326
2012-09-30,72.13293076419146,27.123580393546145,7.022222810332124,2.8078622554586588,1.464189750638968,1.2598810674029326
2012-10-31,72.13293076419146,27.123580393546145,7.0069751231322455,2.8078622554586588,1.464189750638968,1.2598810674029326
2012-11-30,72.13293076419146,27.123580393546145,6.808152627722567,2.8078622554586588,1.464189750638968,1.2598810674029326
2012-12-31,72.13293076419146,27.123580393546145,6.956266382841245,2.8078622554586588,1.464189750638968,1.2598810674029326
2013-01-31,72.13293076419146,27.123580393546145,7.253212797809751,2.8078622554586588,1.464189750638968,1.2598810674029326
2013-02-28,72.13293076419146,27.123580393546145,7.422431837641567,2.8078622554586588,1.464189750638968,1.2598810674029326
2013-03-31,72.13293076419146,27.123580393546145,7.624504131855092,2.8078622554586588,1.464189750638968,1.2598810674029326
2013-04-30,72.13293076419146,27.123580393546145,7.735348518026443,2.8078622554586588,1.464189750638968,1.2598810674029326
2013-05-31,72.13293076419146,27.123580393546145,8.089184228260573,2.8078622554586588,1.464189750638968,1.2598810674029326
2013-06-30,72.13293076419146,27.123580393546145,7.99876534598645,2.8078622554586588,1.464189750638968,1.2598810674029326
2013-07-31,72.13293076419146,27.123580393546145,8.259083337634387,2.8078622554586588,1.464189750638968,1.2598810674029326
2013-08-31,72.13293076419146,27.123580393546145,8.279939858662303,2.8078622554586588,1.464189750638968,1.2598810674029326
2013-09-30,72.13293076419146,27.123580393546145,8.378675437145231,2.8078622554586588,1.464189750638968,1.2598810674029326
2013-10-31,72.13293076419146,27.123580393546145,8.556098070579369,2.8078622554586588,1.464189750638968,1.2598810674029326
2013-11-30,72.13293076419146,27.123580393546145,8.886362946505228,2.8078622554586588,1.464189750638968,1.2598810674029326
2013-12-31,72.13293076419146,27.123580393546145,9.021583324797753,2.8078622554586588,1.464189750638968,1.2598810674029326
2014-01-31,72.13293076419146,27.123580393546145,9.108894899355189,2.8078622554586588,1.464189750638968,1.2598810674029326
2014-02-28,72.13293076419146,27.123580393546145,9.09705006591784,2.8078622554586588,1.464189750638968,1.2598810674029326
2014-03-31,72.13293076419146,27.123580393546145,9.344696267736333,2.8078622554586588,1.464189750638968,1.2598810674029326
2014-04-30,72.13293076419146,27.123580393546145,9.363546760738716,2.8078622554586588,1.464189750638968,1.2598810674029326
2014-05-31,72.13293076419146,27.123580393546145,9.506999551351369,2.8078622554586588,1.464189750638968,1.2598810674029326
2014-06-30,72.13293076419146,27.123580393546145,9.506999551351369,2.8976104575196593,1.464189750638968,1.2598810674029326
2014-07-31,72.13293076419146,27.123580393546145,9.506999551351369,2.940953551354695,1.464189750638968,1.2598810674029326
2014-08-31,72.13293076419146,27.123580393546145,9.506999551351369,2.92839712599585,1.464189750638968,1.2598810674029326
2014-09-30,72.13293076419146,27.123580393546145,9.506999551351369,2.9804650170966656,1.464189750638968,1.2598810674029326
2014-10-31,72.13293076419146,27.123580393546145,9.506999551351369,2.9015845161939136,1.464189750638968,1.2598810674029326
2014-11-30,72.13293076419146,27.123580393546145,9.506999551351369,3.0671388377467683,1.464189750638968,1.2598810674029326
2014-12-31,72.13293076419146,27.123580393546145,9.506999551351369,3.0865810536260043,1.464189750638968,1.2598810674029326
2015-01-31,72.13293076419146,27.123580393546145,9.506999551351369,3.052318597071518,1.464189750638968,1.2598810674029326
2015-02-28,72.13293076419146,27.123580393546145,9.506999551351369,3.1386197942447414,1.464189750638968,1.2598810674029326
2015-03-31,72.13293076419146,27.123580393546145,9.506999551351369,3.1403574424781957,1.464189750638968,1.2598810674029326
2015-04-30,72.13293076419146,27.123580393546145,9.506999551351369,3.167942645983315,1.464189750638968,1.2598810674029326
2015-05-31,72.13293076419146,27.123580393546145,9.506999551351369,3.1989537607405287,1.464189750638968,1.2598810674029326
2015-06-30,72.13293076419146,27.123580393546145,9.506999551351369,3.1850223151433945,1.464189750638968,1.2598810674029326
2015-07-31,72.13293076419146,27.123580393546145,9.506999551351369,3.1824860787792835,1.464189750638968,1.2598810674029326
2015-08-31,72.13293076419146,27.123580393546145,9.506999551351369,3.10532996589116,1.464189750638968,1.2598810674029326
2015-09-30,72.13293076419146,27.123580393546145,9.078510002792683,3.10532996589116,1.464189750638968,1.2598810674029326
2015-10-31,72.13293076419146,27.123580393546145,9.078510002792683,3.2393907661657004,1.464189750638968,1.2598810674029326
2015-11-30,72.13293076419146,27.123580393546145,9.078510002792683,3.3343849263863956,1.464189750638968,1.2598810674029326
2015-12-31,72.13293076419146,27.123580393546145,9.078510002792683,3.297607666257015,1.464189750638968,1.2598810674029326
2016-01-31,72.13293076419146,27.123580393546145,8.495703999086276,3.297607666257015,1.464189750638968,1.2598810674029326
2016-02-29,72.13293076419146,27.123580393546145,8.448985351621502,3.297607666257015,1.464189750638968,1.2598810674029326
2016-03-31,72.13293076419146,27.123580393546145,8.448985351621502,3.5074254569459318,1.464189750638968,1.2598810674029326
2016-04-30,72.13293076419146,27.123580393546145,8.448985351621502,3.606729799779318,1.464189750638968,1.2598810674029326
2016-05-31,72.13293076419146,27.123580393546145,8.448985351621502,3.5957521681072153,1.464189750638968,1.2598810674029326
2016-06-30,72.13293076419146,27.123580393546145,8.448985351621502,3.6341005135760804,1.464189750638968,1.2598810674029326
2016-07-31,72.13293076419146,27.123580393546145,8.448985351621502,3.75393275845963,1.464189750638968,1.2598810674029326
2016-08-31,72.13293076419146,27.123580393546145,8.448985351621502,3.798952059247383,1.464189750638968,1.2598810674029326
2016-09-30,72.13293076419146,27.123580393546145,8.448985351621502,3.782287149057114,1.464189750638968,1.2598810674029326
2016-10-31,72.13293076419146,27.123580393546145,8.448985351621502,3.763149497239739,1.464189750638968,1.2598810674029326
2016-11-30,72.13293076419146,27.123580393546145,8.448985351621502,3.8083509649517384,1.464189750638968,1.2598810674029326
2016-12-31,72.13293076419146,27.123580393546145,8.448985351621502,3.9586271163707107,1.464189750638968,1.2598810674029326
2017-01-31,72.13293076419146,27.123580393546145,8.448985351621502,4.015537714977029,1.464189750638968,1.2598810674029326
2017-02-28,72.13293076419146,27.123580393546145,8.448985351621502,4.118995847550485,1.464189750638968,1.2598810674029326
2017-03-31,72.13293076419146,27.123580393546145,8.448985351621502,4.191047666045179,1.464189750638968,1.2598810674029326
2017-04-30,72.13293076419146,27.123580393546145,8.448985351621502,4.184593280522522,1.464189750638968,1.2598810674029326
2017-05-31,72.13293076419146,27.123580393546145,8.448985351621502,4.255412221386219,1.464189750638968,1.2598810674029326
2017-06-30,72.13293076419146,27.123580393546145,8.448985351621502,4.331006553059539,1.464189750638968,1.2598810674029326
2017-07-31,72.13293076419146,27.123580393546145,8.448985351621502,4.373791877801348,1.464189750638968,1.2598810674029326
2017-08-31,72.13293076419146,27.123580393546145,8.448985351621502,4.3846303641417474,1.464189750638968,1.2598810674029326
2017-09-30,72.13293076419146,27.123580393546145,8.448985351621502,4.3846303641417474,1.4883966588224564,1.2598810674029326
2017-10-31,72.13293076419146,27.123580393546145,8.448985351621502,4.3846303641417474,1.529101317719406,1.2598810674029326
2017-11-30,72.13293076419146,27.123580393546145,8.448985351621502,4.3846303641417474,1.5534074373162272,1.2598810674029326
2017-12-31,72.13293076419146,27.123580393546145,8.448985351621502,4.3846303641417474,1.598199727872642,1.2598810674029326
2018-01-31,72.13293076419146,27.123580393546145,8.448985351621502,4.3846303641417474,1.6759025725731316,1.2598810674029326
2018-02-28,72.13293076419146,27.123580393546145,8.448985351621502,4.3846303641417474,1.627524520578638,1.2598810674029326
2018-03-31,72.13293076419146,27.123580393546145,8.448985351621502,4.3846303641417474,1.628575547105506,1.2598810674029326
2018-04-30,72.13293076419146,27.123580393546145,8.448985351621502,4.3846303641417474,1.6014765076243471,1.2598810674029326
2018-05-31,72.13293076419146,27.123580393546145,8.448985351621502,4.3846303641417474,1.6328914091142415,1.2598810674029326
2018-06-30,72.13293076419146,27.123580393546145,8.448985351621502,4.3846303641417474,1.6673939107403526,1.2598810674029326
2018-07-31,72.13293076419146,27.123580393546145,8.448985351621502,4.3846303641417474,1.6937511062233919,1.2598810674029326
2018-08-31,72.13293076419146,27.123580393546145,8.448985351621502,4.3846303641417474,1.7352616417276427,1.2598810674029326
2018-09-30,72.13293076419146,27.123580393546145,8.448985351621502,4.3846303641417474,1.764409659818274,1.2598810674029326
2018-10-31,72.13293076419146,27.123580393546145,8.448985351621502,4.3846303641417474,1.6964977762664082,1.2598810674029326
2018-11-30,72.13293076419146,27.123580393546145,8.448985351621502,4.3846303641417474,1.6612766448721896,1.2598810674029326
2018-12-31,72.13293076419146,27.123580393546145,8.448985351621502,4.1407347667958785,1.6612766448721896,1.2598810674029326
2019-01-31,72.13293076419146,27.123580393546145,8.448985351621502,4.2126028663226665,1.6612766448721896,1.2598810674029326
2019-02-28,72.13293076419146,27.123580393546145,8.448985351621502,4.458151382257538,1.6612766448721896,1.2598810674029326
2019-03-31,72.13293076419146,27.123580393546145,8.448985351621502,4.544997150210985,1.6612766448721896,1.2598810674029326
2019-04-30,72.13293076419146,27.123580393546145,8.448985351621502,4.544997150210985,1.7231296227572848,1.2598810674029326
2019-05-31,72.13293076419146,27.123580393546145,8.448985351621502,4.475377404600055,1.7231296227572848,1.2598810674029326
2019-06-30,72.13293076419146,27.123580393546145,8.448985351621502,4.538245231910076,1.7231296227572848,1.2598810674029326
2019-07-31,72.13293076419146,27.123580393546145,8.448985351621502,4.711939479874072,1.7231296227572848,1.2598810674029326
2019-08-31,72.13293076419146,27.123580393546145,8.448985351621502,4.564247788084442,1.7231296227572848,1.2598810674029326
2019-09-30,72.13293076419146,27.123580393546145,8.448985351621502,4.705065213536518,1.7231296227572848,1.2598810674029326
2019-10-31,72.13293076419146,27.123580393546145,8.448985351621502,4.705526439373605,1.7231296227572848,1.2598810674029326
2019-11-30,72.13293076419146,27.123580393546145,8.448985351621502,4.914154999295071,1.7231296227572848,1.2598810674029326
2019-12-31,72.13293076419146,27.123580393546145,8.448985351621502,4.914154999295071,1.7656792049436918,1.2598810674029326
2020-01-31,72.13293076419146,27.123580393546145,8.448985351621502,4.914154999295071,1.8247658497274215,1.2598810674029326
2020-02-29,72.13293076419146,27.123580393546145,8.448985351621502,4.914154999295071,1.8269934657958633,1.2598810674029326
2020-03-31,72.13293076419146,27.123580393546145,6.850630895821734,4.914154999295071,1.8269934657958633,1.2598810674029326
2020-04-30,72.13293076419146,27.123580393546145,6.850630895821734,5.126378401964575,1.8269934657958633,1.2598810674029326
2020-05-31,72.13293076419146,27.123580393546145,6.850630895821734,5.428187027845204,1.8269934657958633,1.2598810674029326
2020-06-30,72.13293076419146,27.123580393546145,6.850630895821734,5.781468196588855,1.8269934657958633,1.2598810674029326
2020-07-31,72.13293076419146,27.123580393546145,6.850630895821734,5.9824571743000625,1.8269934657958633,1.2598810674029326
2020-08-31,72.13293076419146,27.123580393546145,6.850630895821734,5.9824571743000625,1.9346674144122187,1.2598810674029326
2020-09-30,72.13293076419146,27.123580393546145,6.850630895821734,5.9824571743000625,1.9225369987228063,1.2598810674029326
2020-10-31,72.13293076419146,27.123580393546145,6.850630895821734,5.9824571743000625,1.9557200135807549,1.2598810674029326
2020-11-30,72.13293076419146,27.123580393546145,6.850630895821734,5.9824571743000625,2.033051463013381,1.2598810674029326
2020-12-31,72.13293076419146,27.123580393546145,6.850630895821734,5.9824571743000625,2.119661091060542,1.2598810674029326
2021-01-31,72.13293076419146,27.123580393546145,6.850630895821734,5.9824571743000625,2.1789119724533252,1.2598810674029326
2021-02-28,72.13293076419146,27.123580393546145,6.850630895821734,5.9824571743000625,2.2332001864857585,1.2598810674029326
2021-03-31,72.13293076419146,27.123580393546145,6.850630895821734,5.9824571743000625,2.251542747403069,1.2598810674029326
2021-04-30,72.13293076419146,27.123580393546145,6.850630895821734,5.9824571743000625,2.3871190812581746,1.2598810674029326
2021-05-31,72.13293076419146,27.123580393546145,6.850630895821734,5.9824571743000625,2.4052667129012804,1.2598810674029326
2021-06-30,72.13293076419146,27.123580393546145,6.850630895821734,5.9824571743000625,2.448812209767626,1.2598810674029326
2021-07-31,72.13293076419146,27.123580393546145,6.850630895821734,5.9824571743000625,2.5239467019814508,1.2598810674029326
2021-08-31,72.13293076419146,27.123580393546145,6.850630895821734,5.9824571743000625,2.579099022608418,1.2598810674029326
2021-09-30,72.13293076419146,27.123580393546145,6.850630895821734,5.9824571743000625,2.5769197140807014,1.2598810674029326
2021-10-31,72.13293076419146,27.123580393546145,6.850630895821734,5.9824571743000625,2.5885719283427004,1.2598810674029326
2021-11-30,72.13293076419146,27.123580393546145,6.850630895821734,5.9824571743000625,2.7113930411662825,1.2598810674029326
2021-12-31,72.13293076419146,27.123580393546145,6.850630895821734,5.9824571743000625,2.7185891768519834,1.2598810674029326
2022-01-31,72.13293076419146,27.123580393546145,6.850630895821734,5.9824571743000625,2.662805007619366,1.2598810674029326
2022-02-28,72.13293076419146,27.123580393546145,6.850630895821734,5.9824571743000625,2.5855152320673525,1.2598810674029326
2022-03-31,72.13293076419146,27.123580393546145,6.850630895821734,5.9824571743000625,2.5624373470174793,1.2598810674029326
2022-04-30,72.13293076419146,27.123580393546145,6.850630895821734,5.9824571743000625,2.565468757305243,1.2598810674029326
2022-05-31,72.13293076419146,27.123580393546145,6.850630895821734,5.9824571743000625,2.3634963213685207,1.2598810674029326
2022-06-30,72.13293076419146,27.123580393546145,6.850630895821734,5.780885167477948,2.3634963213685207,1.2598810674029326
2022-07-31,72.13293076419146,27.123580393546145,6.850630895821734,5.807748093015996,2.3634963213685207,1.2598810674029326
2022-08-31,72.13293076419146,27.123580393546145,6.850630895821734,5.807748093015996,2.515880238021057,1.2598810674029326
2022-09-30,72.13293076419146,27.123580393546145,6.850630895821734,5.385094792682929,2.515880238021057,1.2598810674029326
2022-10-31,72.13293076419146,27.123580393546145,6.850630895821734,5.218632081218309,2.515880238021057,1.2598810674029326
2022-11-30,72.13293076419146,27.123580393546145,6.850630895821734,5.494441702528339,2.515880238021057,1.2598810674029326
2022-12-31,72.13293076419146,27.123580393546145,6.850630895821734,5.495037160231108,2.515880238021057,1.2598810674029326
2023-01-31,72.13293076419146,27.123580393546145,6.850630895821734,5.5706739456726275,2.515880238021057,1.2598810674029326
2023-02-28,72.13293076419146,27.123580393546145,6.850630895821734,5.745981474941009,2.515880238021057,1.2598810674029326
2023-03-31,72.13293076419146,27.123580393546145,6.850630895821734,5.597423315130954,2.515880238021057,1.2598810674029326
2023-04-30,72.13293076419146,27.123580393546145,6.850630895821734,5.821108737026073,2.515880238021057,1.2598810674029326
2023-05-31,72.13293076419146,27.123580393546145,6.850630895821734,5.864050779599537,2.515880238021057,1.2598810674029326
2023-06-30,72.13293076419146,27.123580393546145,6.850630895821734,6.153863117618946,2.515880238021057,1.2598810674029326
2023-07-31,72.13293076419146,27.123580393546145,6.850630895821734,6.153863117618946,2.6133968122480704,1.2598810674029326
2023-08-31,72.13293076419146,27.123580393546145,6.850630895821734,6.153863117618946,2.5879156397170404,1.2598810674029326
2023-09-30,72.13293076419146,27.123580393546145,6.850630895821734,6.153863117618946,2.625710765032577,1.2598810674029326
2023-10-31,72.13293076419146,27.123580393546145,6.850630895821734,5.827353328455236,2.625710765032577,1.2598810674029326
2023-11-30,72.13293076419146,27.123580393546145,6.850630895821734,5.827353328455236,2.7469065604069756,1.2598810674029326
2023-12-31,72.13293076419146,27.123580393546145,6.850630895821734,5.827353328455236,2.8895960217901586,1.2598810674029326
2024-01-31,72.13293076419146,27.123580393546145,6.850630895821734,5.827353328455236,2.9675973668356646,1.2598810674029326
2024-02-29,72.13293076419146,27.123580393546145,6.850630895821734,5.827353328455236,3.100197104478344,1.2598810674029326
2024-03-31,72.13293076419146,27.123580393546145,6.850630895821734,5.827353328455236,3.202957174103989,1.2598810674029326
2024-04-30,72.13293076419146,27.123580393546145,6.850630895821734,5.827353328455236,3.171783419322911,1.2598810674029326
2024-05-31,72.13293076419146,27.123580393546145,6.850630895821734,5.827353328455236,3.252688861369326,1.2598810674029326
2024-06-30,72.13293076419146,27.123580393546145,6.850630895821734,5.827353328455236,3.3693473681609127,1.2598810674029326
2024-07-31,72.13293076419146,27.123580393546145,6.850630895821734,5.827353328455236,3.4508459534630624,1.2598810674029326
2024-08-31,72.13293076419146,27.123580393546145,6.850630895821734,5.827353328455236,3.418765797771091,1.2598810674029326
2024-09-30,72.13293076419146,27.123580393546145,6.850630895821734,5.827353328455236,3.5131666189960287,1.2598810674029326
2024-10-31,72.13293076419146,27.123580393546145,6.850630895821734,5.827353328455236,3.6253451904067986,1.2598810674029326
2024-11-30,72.13293076419146,27.123580393546145,6.850630895821734,5.827353328455236,3.7169054352447772,1.2598810674029326
2024-12-31,72.13293076419146,27.123580393546145,6.850630895821734,5.827353328455236,3.773245756702457,1.2598810674029326
2025-01-31,72.13293076419146,27.123580393546145,6.850630895821734,5.827353328455236,3.75920109069918,1.2598810674029326
2025-02-28,72.13293076419146,27.123580393546145,6.850630895821734,5.827353328455236,3.802038852876655,1.2598810674029326
2025-03-31,72.13293076419146,27.123580393546145,6.850630895821734,5.827353328455236,3.5844118177907074,1.2598810674029326
2025-04-30,72.13293076419146,27.123580393546145,6.850630895821734,5.827353328455236,3.3914721450908223,1.2598810674029326
2025-05-31,72.13293076419146,27.123580393546145,6.850630895821734,5.827353328455236,3.675368112836532,1.2598810674029326
2025-06-30,72.13293076419146,27.123580393546145,6.850630895821734,5.827353328455236,3.8194161780079594,1.2598810674029326
2025-07-31,72.13293076419146,27.123580393546145,6.850630895821734,5.827353328455236,3.993980098956208,1.2598810674029326
2025-08-31,72.13293076419146,27.123580393546145,6.850630895821734,5.827353328455236,4.0713000712689595,1.2598810674029326
2025-09-30,72.13293076419146,27.123580393546145,6.850630895821734,5.827353328455236,4.1886206372532,1.2598810674029326
2025-10-31,72.13293076419146,27.123580393546145,6.850630895821734,5.827353328455236,4.29139296101958,1.2598810674029326
2025-11-30,72.13293076419146,27.123580393546145,6.850630895821734,5.827353328455236,4.301143035975184,1.2598810674029326
2025-12-31,72.13293076419146,27.123580393546145,6.850630895821734,5.827353328455236,4.379147643404457,1.2598810674029326
2026-01-31,72.13293076419146,27.123580393546145,6.850630895821734,5.827353328455236,4.379147643404457,1.275759497023948
2026-02-28,72.13293076419146,27.123580393546145,6.850630895821734,5.827353328455236,4.363400731240963,1.275759497023948
2026-03-31,72.13293076419146,27.123580393546145,6.850630895821734,5.827353328455236,4.218425192655012,1.275759497023948
2026-04-30,72.13293076419146,27.123580393546145,6.850630895821734,5.827353328455236,4.1769419576661955,1.275759497023948
