date,cape,tr_nom,tr_real,fwd5y_nom,fwd10y_nom,fwd20y_nom,fwd5y_real,fwd10y_real,fwd20y_real,bucket
1881-01-31,18.47,0.06364155251141557,0.07380373294942255,0.022726593731687172,0.025953682028315495,0.054638317033558925,0.05696443341403801,0.04549842873005483,0.06525448721069482,15-20 (equo-basso)
1881-02-28,18.15,0.0003365643511039629,-0.009130343197960022,0.027329277262716722,0.02756759450915225,0.05612990689254782,0.06374225860669136,0.046804889268180494,0.06796528020993886,15-20 (equo-basso)
1881-03-31,18.27,0.014991896272285254,0.014991896272285254,0.020763038421368396,0.02452900690735471,0.05738286212702848,0.059340609368431,0.04252777102306804,0.06923227651347119,15-20 (equo-basso)
1881-04-30,17.95,0.0004674145299143895,-0.00994327656821159,0.018676898102588435,0.028217528089893307,0.06179100149911587,0.06209218727060173,0.04607419687257863,0.07489073077416819,15-20 (equo-basso)
1881-05-31,18.87,0.0487674169346195,0.05979546548282788,0.005826589555046224,0.023298925509313007,0.05670682961761786,0.05167677769406742,0.041276079748900685,0.06918448521625908,15-20 (equo-basso)
1881-06-30,19.03,0.01596153846153836,0.01596153846153836,0.012412824416574209,0.01998151734758391,0.06105563806955372,0.061084994848898955,0.040401317748954835,0.07358464465089587,15-20 (equo-basso)
1881-07-31,18.12,-0.031281661600810584,-0.0413619772969519,0.022688797676601924,0.02191979982011416,0.05923328361206259,0.07154704993908179,0.04468104474280854,0.07166378666348172,15-20 (equo-basso)
1881-08-31,17.29,-0.019750656167978997,-0.03875549038513049,0.02904125101980859,0.027725694342950913,0.06119201896089832,0.07961056065735406,0.05267518253698089,0.07399574299835643,15-20 (equo-basso)
1881-09-30,16.72,0.012096774193548487,-0.02568286963685884,0.03257388117110627,0.03488517405104563,0.060462514248734056,0.0915906709687706,0.06543872377577875,0.07467706417056919,15-20 (equo-basso)
1881-10-31,16.26,-0.01193333333333324,-0.021544876783398004,0.0409527740686908,0.03648415225122914,0.06067486327029514,0.10260199569945505,0.06812852164471583,0.07541775492039426,15-20 (equo-basso)
1881-11-30,16.48,0.010704607046070347,0.02063294306813379,0.044505922835543776,0.03417692949677087,0.061411086212668886,0.10420468881680889,0.06597701165909209,0.07495343980853764,15-20 (equo-basso)
1881-12-31,15.96,-0.02483844911147015,-0.02483844911147015,0.044960226716821206,0.040250441545790494,0.06206209576518207,0.10212383747332066,0.07223727916229361,0.075003700894547,15-20 (equo-basso)
1882-01-31,15.68,-0.010537992235163607,-0.010537992235163607,0.045624777454786436,0.04360870277865492,0.06392397154410889,0.09752915462520728,0.07845510956991775,0.07749838659302455,15-20 (equo-basso)
1882-02-28,15.15,-0.01745495495495497,-0.02701278613243585,0.04850548137000921,0.04598704388355479,0.06549184203066738,0.0999669181667322,0.08197000002910393,0.07961380700923426,15-20 (equo-basso)
1882-03-31,15.09,0.0028785261945882823,0.0028785261945882823,0.05347068633672092,0.047166096356661136,0.06557760913730881,0.1051758191237051,0.08603810452755778,0.07970071086796393,15-20 (equo-basso)
1882-04-30,14.92,0.0046136101499423265,-0.004105312213943391,0.057974211449594026,0.04684821159602559,0.06729123588850339,0.11183701580100269,0.08818898411809162,0.08129586466138683,<15 (economico)
1882-05-31,14.57,-0.007497116493656364,-0.016976609172800194,0.06388636104599343,0.04799108289889675,0.06773658235049274,0.12019820729626707,0.09042296542824624,0.08159340524612202,<15 (economico)
1882-06-30,14.33,-0.0005837711617047159,-0.009101523112031051,0.05852150775994458,0.04784559210271011,0.06762252954327486,0.119239720900425,0.09120517444749576,0.0813424707525725,<15 (economico)
1882-07-31,15.24,0.06103286384976525,0.07015349018658279,0.041619534430743066,0.04201603045342783,0.065822018623245,0.10197827858327169,0.0813224971422144,0.07905692668171072,15-20 (equo-basso)
1882-08-31,15.53,0.03444444444444428,0.025628156565656424,0.03010021349218861,0.04033998487036694,0.06558747433938739,0.08918814308110501,0.07902444849796364,0.0798784554294989,15-20 (equo-basso)
1882-09-30,16.08,0.014023732470334505,0.041643055922834016,0.025343316258400916,0.03664177718918138,0.06512977943975029,0.08079296579569206,0.07230324720964032,0.0773691055372876,15-20 (equo-basso)
1882-10-31,15.76,-0.0229700854700855,-0.013372542105351548,0.02392664512883269,0.04148477505460324,0.06482454531533488,0.07475393607442116,0.07626026326376678,0.07291431503150769,15-20 (equo-basso)
1882-11-30,15.19,-0.038440417353102885,-0.029863572711059216,0.03672140359394138,0.04557013298984436,0.06499738277056721,0.08355408499814865,0.07676393661391168,0.0743577680184444,15-20 (equo-basso)
1882-12-31,15.38,0.009753298909925379,0.019860939539654288,0.03434455061429431,0.04380055145396833,0.06342063922189256,0.07392081737529721,0.07259459738410179,0.07166653990278182,15-20 (equo-basso)
1883-01-31,15.27,-0.0005707762557078944,-0.0005707762557078944,0.036839943621907345,0.04611155004654677,0.06626874251417236,0.07418658857454163,0.07095651422774574,0.07391289682708724,15-20 (equo-basso)
1883-02-28,14.76,-0.017773952954675765,-0.02750860158743418,0.0402004438558945,0.04648643457970936,0.06708408214815864,0.0821543278235195,0.07119377873168964,0.07526944554614778,<15 (economico)
1883-03-31,15.05,0.017043720657277106,0.02722433848167416,0.029546269866280284,0.04125801187078926,0.06423354764245581,0.06893894399486222,0.06734653518961609,0.07369009456931641,15-20 (equo-basso)
1883-04-30,15.48,0.025543478260869668,0.034866600790513846,0.02599057691398632,0.03902958725369521,0.060869191628827535,0.0659080699639949,0.06533451169498394,0.06981165311001702,15-20 (equo-basso)
1883-05-31,15.34,-0.012446053378762145,-0.002368972290790361,0.0321795368715323,0.03116571285603542,0.0606922876553917,0.07253322749383351,0.0575784818698144,0.07031854337844279,15-20 (equo-basso)
1883-06-30,15.9,0.013347775852108779,0.044249022434349916,0.023814970937582336,0.02524924437196341,0.05718774921329195,0.060103390105158194,0.05101065542247207,0.06518117495566877,15-20 (equo-basso)
1883-07-31,15.95,-0.010810423825887705,0.00935545809182492,0.03211470272099737,0.016858795568556406,0.055494765834839255,0.06174797868979898,0.04300985282811043,0.062402819097302276,15-20 (equo-basso)
1883-08-31,15.2,-0.040636998254799495,-0.040636998254799495,0.045920164388296936,0.019126817555054743,0.05618779794386208,0.07594981205336948,0.04947317100837889,0.06310038699643661,15-20 (equo-basso)
1883-09-30,15.49,0.015946069469835455,0.02585236917214151,0.04849622890756189,0.025007689129354027,0.05429696137345119,0.07650861242766971,0.05034860663466345,0.06003821724148106,15-20 (equo-basso)
1883-10-31,15.05,-0.022189572031344196,-0.022189572031344196,0.052804183729474374,0.030797511367361086,0.05398207295564128,0.07854254574567299,0.054831605746262335,0.06036563390039085,15-20 (equo-basso)
1883-11-30,15.41,0.019955080545229098,0.031126549116370583,0.0450776622483815,0.0308175830667754,0.053350992114543416,0.06570414088507603,0.05647463489327964,0.0597397420745831,15-20 (equo-basso)
1883-12-31,14.9,-0.01695360195360196,-0.02760415881217604,0.045407956411060324,0.029391752188416165,0.05686718684609304,0.0683660381495721,0.05765393228283289,0.063856553637891,<15 (economico)
1884-01-31,14.43,-0.024812734082397037,-0.024812734082397037,0.055501755161541544,0.030351325793523953,0.05930536978642942,0.08640046834932891,0.06154020459497622,0.06507389933089369,<15 (economico)
1884-02-29,14.81,0.03230855855855852,0.03230855855855852,0.05195806577246387,0.02897964798852848,0.056413268766689395,0.08520890745987009,0.061530032281276625,0.06096183554549994,<15 (economico)
1884-03-31,14.74,0.001358082706766739,0.001358082706766739,0.048037109745606266,0.03231654951414087,0.056411489844197416,0.08392212312207037,0.06801296038173388,0.061590267254332254,<15 (economico)
1884-04-30,14.35,-0.04017295597484272,-0.019999599961039505,0.057031330639270905,0.038382130807956605,0.06009694195971127,0.08868596868778544,0.07205609919769462,0.06476186042319121,<15 (economico)
1884-05-31,13.47,-0.07570322793148865,-0.05585956841815343,0.08031359785186898,0.04309524831156897,0.06337343647632099,0.11342653044549422,0.0746369203187196,0.06815811610730393,<15 (economico)
1884-06-30,12.91,-0.03509498207885309,-0.03509498207885309,0.0924753290401199,0.04585946224869786,0.0655833101433545,0.12596103356391364,0.07748472003529083,0.07037793316502139,<15 (economico)
1884-07-31,13.04,0.005979073243647104,0.017475976937860294,0.0874675623495047,0.04351758815233886,0.06764850294005975,0.11825536557723026,0.07385103907249735,0.07184323691548955,<15 (economico)
1884-08-31,13.86,0.0687275784753365,0.0687275784753365,0.07667410201696412,0.040887239478572424,0.06608917052796537,0.10715632653653362,0.06809484777446029,0.0696858950865682,<15 (economico)
1884-09-30,13.57,-0.026077707454289722,-0.015956113189957932,0.0883045948912724,0.04571951584228606,0.07000731104406555,0.11389220709737669,0.0705277888025515,0.07241066135097474,<15 (economico)
1884-10-31,13.27,-0.026960784313725394,-0.015593503756642813,0.09100901611416101,0.04569834740715639,0.07471756771898153,0.11406932627682065,0.07227548060465105,0.07650616042120784,<15 (economico)
1884-11-30,13.3,-0.014390015015015245,0.00798344939921991,0.09289579691055039,0.04765006233859048,0.07851240168883145,0.11099721873435309,0.0718681494318596,0.07787213748960076,<15 (economico)
1884-12-31,13.43,0.0036724137931034573,0.01458189655172415,0.09162085519362728,0.04672855551637434,0.07901069534163851,0.1047371813751452,0.07122467770445717,0.07778738439078725,<15 (economico)
1885-01-31,13.13,-0.01708909370199696,-0.01708909370199696,0.09859750015012603,0.047739130904230986,0.08127251836257487,0.11729470978750656,0.07225890313802097,0.08004664310639997,<15 (economico)
1885-02-28,13.38,0.036639150943396315,0.025492493406370498,0.08902479419372544,0.04292351741227529,0.08180887664249603,0.1099564208653443,0.06848509808784198,0.08116665547467306,<15 (economico)
1885-03-31,13.73,0.007976735316552297,0.03138939787280459,0.08640860032874076,0.04252284709250409,0.08305089402304944,0.10221654131103097,0.06562493654097423,0.08180817121559536,<15 (economico)
1885-04-30,13.55,0.0032819634703196154,-0.00883496845565035,0.09092400862686922,0.046982607002410415,0.08237020373078541,0.10949062186325564,0.06702217123128351,0.08178529115773436,<15 (economico)
1885-05-31,13.71,-0.0059744469870327555,0.017371023355669868,0.10211620050859027,0.05361263693103391,0.08013325858315379,0.11277206612316593,0.06973780091820392,0.07888026241712365,<15 (economico)
1885-06-30,13.98,0.000787037037036864,0.024856598687294618,0.10109182848416554,0.05594557381307852,0.08088901493018374,0.1064660229505685,0.06818623527723822,0.07835297510106831,<15 (economico)
1885-07-31,14.33,0.04253875968992249,0.030795519593290077,0.09110658135810112,0.052373272472149734,0.08047055507791989,0.09891893254700257,0.06715132287780712,0.07854621268209971,<15 (economico)
1885-08-31,15.13,0.061083707025411105,0.061083707025411105,0.07386229742707906,0.048054255469243135,0.07939859313890807,0.07386229742707862,0.06431304811090621,0.0768938920983766,15-20 (equo-basso)
1885-09-30,15.12,-0.008080325548478262,0.003220025173121366,0.07274124452907715,0.049916377645879084,0.08016974174347147,0.06765439590649214,0.06499694581783722,0.07763538951171745,15-20 (equo-basso)
1885-10-31,15.99,0.06267921146953404,0.06267921146953404,0.05079466824811352,0.04238335980518393,0.07780041582173647,0.04581188844165229,0.05735572679892842,0.07527162262964593,15-20 (equo-basso)
1885-11-30,16.82,0.06930386178861792,0.05725913743805777,0.022036740114562692,0.03224172536426284,0.07406456506634451,0.024354891625877118,0.04825521329314508,0.07157224142351248,15-20 (equo-basso)
1885-12-31,16.3,-0.003724554707379202,-0.026865426908552537,0.018787238788575467,0.02676457382495645,0.07573063171647565,0.025908761668428815,0.04652964885102939,0.07385842835653178,15-20 (equo-basso)
1886-01-31,16.69,0.0038461538461538325,0.027717338981418926,0.029190953006158926,0.025555842558081965,0.07750435531075528,0.034156807856214444,0.04439929054876024,0.07436586832411418,15-20 (equo-basso)
1886-02-28,17.01,0.02304967948717951,0.02304967948717951,0.027805967039819635,0.027818560632484113,0.0760477928405614,0.03013720412975429,0.04812866126327364,0.07291354843756781,15-20 (equo-basso)
1886-03-31,16.84,-0.01703301886792441,-0.005834660855027374,0.028308869429570782,0.028322371455904438,0.07579813675590885,0.02598176992601542,0.04745519798735853,0.07205723430633793,15-20 (equo-basso)
1886-04-30,16.8,-0.009714193962748974,0.0029817779095235863,0.03784751282817411,0.030626487706427508,0.07575167520669246,0.03029778250671744,0.05007503166843397,0.0713283329878227,15-20 (equo-basso)
1886-05-31,16.86,-0.01573404947916679,0.008840264659986552,0.04107477553535799,0.0321584906318646,0.07533179838839499,0.030978240895082942,0.05068108019210005,0.06902542183190685,15-20 (equo-basso)
1886-06-30,17.83,0.049663014608233746,0.062225470900087565,0.02760679303940261,0.025651653311856704,0.07359822954445616,0.020120826539351322,0.04430102462010854,0.06666732203083736,15-20 (equo-basso)
1886-07-31,17.85,0.018888888888888955,0.006838954591911195,0.02115138020180085,0.01728437803625127,0.0713724819633772,0.018488628480634928,0.03701461380962101,0.06686189411470389,15-20 (equo-basso)
1886-08-31,17.72,0.011074108818011297,-0.0020396928527800506,0.026411819512538237,0.01063202842119515,0.07477961624529361,0.026411819512538237,0.03157909126735481,0.06973934539595428,15-20 (equo-basso)
1886-09-30,18.15,0.029588764742396023,0.029588764742396023,0.03720164048309016,0.013243289335857833,0.07501244574201849,0.03991331577936874,0.03424447499323735,0.06940576973401646,15-20 (equo-basso)
1886-10-31,18.56,0.028811252268602594,0.028811252268602594,0.0320347134182839,0.01298942341027609,0.07203341502385374,0.03473288022408938,0.030908025731570143,0.06527231067668748,15-20 (equo-basso)
1886-11-30,18.97,0.028072271386430536,0.028072271386430536,0.023950078329775026,0.017235360614150652,0.07181444563912653,0.0290727805215516,0.03223709816917664,0.06444974293548045,15-20 (equo-basso)
1886-12-31,18.19,-0.02271588946459424,-0.03399224458615657,0.035561884050024695,0.016150368025283912,0.07273692209105076,0.043161161871874354,0.03233348903153166,0.06544511587985724,15-20 (equo-basso)
1887-01-31,17.51,-0.00738770685579182,-0.030991753876743133,0.0415965153067932,0.017265018227913043,0.07177338471317407,0.05971255383610785,0.03895888172024864,0.06630916855638902,15-20 (equo-basso)
1887-02-28,17.13,-0.0038455794504181906,-0.01615898390714976,0.04347465550937124,0.01705255456662358,0.07046619850421187,0.06426753534921414,0.04003467512144576,0.06453994675379326,15-20 (equo-basso)
1887-03-31,17.47,0.0268501805054151,0.0268501805054151,0.04089923676182439,0.014966383798056704,0.063749423560445,0.06723178708435706,0.03790136359512175,0.05844888046138075,15-20 (equo-basso)
1887-04-30,17.82,0.02627131099353308,0.02627131099353308,0.035839216364499826,0.009524349730299697,0.06284088432256185,0.0650439302948207,0.03394564314612247,0.05754486837179096,15-20 (equo-basso)
1887-05-31,18.08,0.02054597701149441,0.02054597701149441,0.0323332923976849,0.008338450690532406,0.060119718893540064,0.06143915941731248,0.03420162570767871,0.05372867820419147,15-20 (equo-basso)
1887-06-30,17.71,-0.02552966101694909,-0.013333536624170028,0.03727735037962332,0.015917712250065552,0.059995448314059674,0.06387283305407743,0.04068008979337079,0.05237677321011258,15-20 (equo-basso)
1887-07-31,17.43,-0.021015125072716856,-0.00986213282670989,0.042412677403673715,0.0228629559100626,0.06334400326483491,0.06105389330277844,0.046608349804657445,0.055103480652594294,15-20 (equo-basso)
1887-08-31,16.74,-0.021504174120453134,-0.032526029480798524,0.05068154529441071,0.03189226575313331,0.060610330914257826,0.06895559582825594,0.0522828644057618,0.05298723636608993,15-20 (equo-basso)
1887-09-30,16.68,-0.009174311926605672,0.0021135756590404675,0.04806473809707179,0.03805130766913267,0.06078519871490329,0.06388021606878058,0.054354993950852526,0.05256450589122541,15-20 (equo-basso)
1887-10-31,15.88,-0.02970105328376693,-0.04063057834064576,0.0593439889769245,0.03811383141798674,0.056573305532843454,0.07776870165412797,0.05718801848705479,0.04847040768621658,15-20 (equo-basso)
1887-11-30,15.95,0.023157051282051144,0.010509868942347067,0.054494388956001005,0.03236009347466062,0.05247843978253752,0.07001633904990423,0.05263701501194329,0.047234058721224326,15-20 (equo-basso)
1887-12-31,15.46,-0.00176886792452835,-0.02467513786345832,0.053342999263201074,0.03506850109110493,0.055494239679323654,0.07127001518541087,0.05785149272642931,0.05258452723271212,15-20 (equo-basso)
1888-01-31,15.36,0.011543327008222581,0.0006665170403921117,0.05546606481805516,0.03699473681364074,0.05737448800484479,0.0677361527003022,0.060966509215729436,0.055575267452785404,15-20 (equo-basso)
1888-02-29,15.42,-0.0017529817953545468,0.00909752927208718,0.05281041190467728,0.03728592283893617,0.055793535372221204,0.060344243044607504,0.05853896266347269,0.05403935626776901,15-20 (equo-basso)
1888-03-31,14.81,-0.03398516414141406,-0.03398516414141406,0.05310298237099076,0.03641796707052536,0.06002054138139323,0.06575649861135013,0.05765322327522693,0.05825933919395432,<15 (economico)
1888-04-30,15.02,0.007956036745406792,0.020278237683614586,0.0522343065136075,0.034149578788495116,0.06264573128768713,0.06476126205398414,0.054056814131444364,0.05962030664050899,15-20 (equo-basso)
1888-05-31,15.39,0.01770098039215684,0.02902274655226722,0.03015288463545418,0.0392526495782215,0.06475025722317751,0.04283225604820906,0.05099866129220265,0.06113169121089723,15-20 (equo-basso)
1888-06-30,15.08,-0.027051901998710548,-0.014874829432987347,0.0266855270954669,0.046426670707719886,0.06652671978933378,0.041995911079956594,0.06406659306705165,0.06224130464827393,15-20 (equo-basso)
1888-07-31,15.28,0.029940119760478945,0.017209092322154174,0.001828389227634064,0.044080711066140976,0.06710826301724993,0.024602424427454084,0.06458784107890958,0.06293205969555671,15-20 (equo-basso)
1888-08-31,15.6,0.025264267185473477,0.025264267185473477,-0.006980163856648569,0.04562661609185348,0.0682441723802778,0.023648058978191777,0.06616410972978426,0.06406352359731371,15-20 (equo-basso)
1888-09-30,15.99,0.028519047619047555,0.028519047619047555,0.0020453424701116774,0.04281124229288236,0.06638337196723687,0.024824309553310497,0.06329343825514666,0.06221000555770706,15-20 (equo-basso)
1888-10-31,15.72,-0.0019361833952912244,-0.012917325631773391,0.009250842523411684,0.04113930166677293,0.06735563932441391,0.03164193278251326,0.06276378849669784,0.06316250229447129,15-20 (equo-basso)
1888-11-30,15.22,-0.01692679127725849,-0.028799656116905048,0.01675208259028471,0.04663270555950416,0.07197782713535084,0.047325060824035425,0.06967023800386207,0.06787505901424007,15-20 (equo-basso)
1888-12-31,14.95,-0.015399173027989987,-0.015399173027989987,0.01362092470709908,0.05489394536579484,0.07421154098487648,0.04704923268698091,0.0765077574670534,0.06950522172468787,<15 (economico)
1889-01-31,15.8,0.023184176394293265,0.06032102384790328,0.005800179273026673,0.06051744892788058,0.07335625446696326,0.03724882195945711,0.07839490368269075,0.06734385555943367,15-20 (equo-basso)
1889-02-28,16.19,0.015095419847328095,0.026659798048120464,0.006503158656907981,0.06315044835107675,0.0711962532306416,0.03836782179818021,0.07685928084063809,0.06400085757560303,15-20 (equo-basso)
1889-03-31,16.07,-0.017165094339622544,-0.004564646831156094,0.016831797739927046,0.0667819044789244,0.07305374480377469,0.05233730284781335,0.07916193971711238,0.06516719634499846,15-20 (equo-basso)
1889-04-30,16.05,0.001726075786769199,0.001726075786769199,0.020061958739838293,0.0682015309608146,0.07551392581805727,0.05568025388648712,0.07920858245756945,0.06649956614630526,15-20 (equo-basso)
1889-05-31,16.92,0.030674066924067045,0.05640705939654689,0.007159124178093723,0.06074511482818434,0.0758408075810586,0.03719866460343502,0.06903577770151204,0.06499225795401653,15-20 (equo-basso)
1889-06-30,17.22,0.02045426065162914,0.02045426065162914,0.0012326921251382128,0.05648412368371458,0.0758832171224515,0.0310954707151756,0.06324076580574922,0.06446606469541649,15-20 (equo-basso)
1889-07-31,16.89,-0.016866913123844807,-0.016866913123844807,0.001343851057600265,0.06217681821364063,0.0777520528595379,0.031209945075324486,0.06763168627883509,0.06631506855657832,15-20 (equo-basso)
1889-08-31,17.13,0.01673270440251584,0.01673270440251584,0.00628987293339045,0.06336965441729503,0.0783300377303553,0.03041149338968485,0.06736345923710108,0.06637980040298941,15-20 (equo-basso)
1889-09-30,17.35,0.027673805090006054,0.014344702559655698,0.004800779989975634,0.05959858268853169,0.07709969096308744,0.028851570462862686,0.060982793650170564,0.06530128480953845,15-20 (equo-basso)
1889-10-31,17.05,-0.014810606060606024,-0.014810606060606024,0.002269474971632768,0.06096893104341805,0.0783032549177407,0.032049513604723856,0.06096893104341783,0.06544817854088691,15-20 (equo-basso)
1889-11-30,16.91,-0.005837962962963128,-0.005837962962963128,0.00427749490913687,0.06386817009768464,0.07854569624964403,0.034117197048708414,0.0626342091643115,0.06514690398294043,15-20 (equo-basso)
1889-12-31,16.61,-0.00216822429906538,-0.01368166786484537,0.0036824266599924105,0.05692474407148573,0.07948532485198267,0.03872878497183874,0.05557918215489743,0.06621109720791196,15-20 (equo-basso)
1890-01-31,17.22,0.014724310776942362,0.040059083319336386,-0.0007648057837906785,0.057077934896131666,0.07772845652254268,0.029038395409046514,0.053131890634519285,0.06364529488792647,15-20 (equo-basso)
1890-02-28,17.03,-0.007744733581164676,-0.007744733581164676,-0.00122617136841352,0.06010141665285662,0.0763925667940284,0.028563269128822233,0.05494836314554696,0.062326861830300784,15-20 (equo-basso)
1890-03-31,16.9,-0.004072681704260672,-0.004072681704260672,0.00040987008109594214,0.06170242532591996,0.07812634888710956,0.030248107170727234,0.05654158946568777,0.0630270961027275,15-20 (equo-basso)
1890-04-30,17.26,0.02430555555555558,0.02430555555555558,0.0048111240537282995,0.06082529512183399,0.07572603867706529,0.026179303784549912,0.055668722909214985,0.06018956438805345,15-20 (equo-basso)
1890-05-31,17.79,0.0460729746444033,0.032505231782608224,0.007243690083216903,0.05129840432795052,0.07262564177265407,0.028367801053926556,0.05007902283246013,0.05882117815955312,15-20 (equo-basso)
1890-06-30,17.68,-0.0038552787663107546,-0.0038552787663107546,0.012650376663354335,0.048895968496365905,0.07041213243921995,0.031230792060873203,0.04889596849636546,0.05711438357963661,15-20 (equo-basso)
1890-07-31,17.59,-0.0038829151732376888,-0.0038829151732376888,0.01501496144881509,0.04968400559816133,0.068081044508979,0.036302053037151394,0.048466496613776666,0.05481225479599572,15-20 (equo-basso)
1890-08-31,16.6,-0.020156438026474044,-0.05449388450364401,0.022866456005526947,0.053638012447778216,0.07068369984075162,0.05484871486145937,0.057403322176519334,0.05980807979825231,15-20 (equo-basso)
1890-09-30,16.17,-0.013247073321010383,-0.025444266481442934,0.027577158677210667,0.05293822763439082,0.07198995038587874,0.06234611026755821,0.05678900270832443,0.06230580170233524,15-20 (equo-basso)
1890-10-31,15.48,-0.04166666666666663,-0.04166666666666663,0.03403938146190155,0.06160429495431541,0.07691495494317468,0.06902698788441364,0.06672403671773108,0.06875039665816596,15-20 (equo-basso)
1890-11-30,14.75,-0.06922572178477693,-0.046840011296056416,0.04254860687645445,0.07772303700110195,0.08095115776256101,0.07271317897663088,0.08034990379713136,0.07257418621720935,<15 (economico)
1890-12-31,14.44,-0.019462137296532234,-0.019462137296532234,0.03480437320311536,0.08655751293701353,0.08071473819769603,0.06756501829958328,0.09062880170622312,0.07233959881650232,<15 (economico)
1891-01-31,15.43,0.05615942028985521,0.06969992567818672,0.02193357134837104,0.08412494563734096,0.07928890272190925,0.05474321670801241,0.08538386222244099,0.0702429032928773,15-20 (equo-basso)
1891-02-28,15.48,0.016184573002755,0.003321477141960516,0.02783115437945649,0.0854861385208141,0.07956969075391185,0.06643434113187086,0.08955341289172769,0.07291461633075258,15-20 (equo-basso)
1891-03-31,15.05,-0.014625850340136193,-0.0257251836904977,0.028335873659524502,0.09129025101487387,0.079958082959245,0.06937805714603829,0.09662082192425636,0.07331158426616668,15-20 (equo-basso)
1891-04-30,15.41,0.037075537075537124,0.02425630917596311,0.023455704265818555,0.09646071970670711,0.07798927020533086,0.07023191824279529,0.10450108277067316,0.07377048329588276,15-20 (equo-basso)
1891-05-31,15.57,-0.00033534540576785066,0.01217610208602471,0.023318569250327936,0.09120541019306949,0.07937975717386125,0.07076045689889554,0.09784089508982485,0.07448709868516712,15-20 (equo-basso)
1891-06-30,15.66,-0.016498316498316568,0.007458775792108963,0.02370023346177752,0.10378379208956812,0.08156890923076299,0.06905437243373447,0.10782634505303923,0.07537149905407081,15-20 (equo-basso)
1891-07-31,15.62,-0.01271477663230236,-0.001190046398438227,0.013432019836364661,0.09790919924351238,0.08225647122956303,0.05587758093969186,0.09934345743647932,0.0748200187800443,15-20 (equo-basso)
1891-08-31,16.16,0.03738644304682048,0.03738644304682048,-0.004905168223988121,0.09574812355573914,0.07786126545026506,0.036772376652256966,0.09574812355573892,0.06878917183909694,15-20 (equo-basso)
1891-09-30,17.71,0.08485463150777561,0.09911027712548615,-0.010161647154773412,0.08667200219381699,0.07071688412497745,0.028606536548071437,0.08399550953183543,0.06043437875994284,15-20 (equo-basso)
1891-10-31,17.72,0.0034396497811133298,0.0034396497811133298,-0.005704402575472556,0.08543016613414411,0.071080895105333,0.02709730968209123,0.08275673213668533,0.060794894003083355,15-20 (equo-basso)
1891-11-30,17.67,-0.01156973108192616,0.0002598864982104043,0.010564675742465335,0.08936243093660634,0.07404648762094035,0.03541114584403071,0.08400545707617324,0.06367862580726213,15-20 (equo-basso)
1891-12-31,18.21,0.03396825396825398,0.03396825396825398,-0.002897280846578365,0.08433109010266993,0.07272013287535128,0.02161820390597624,0.07777726012271624,0.06289142187616314,15-20 (equo-basso)
1892-01-31,19.02,0.021873074553296235,0.04836091686777455,-0.006498099693203585,0.08463470476277601,0.07184864435643412,0.018611654639633546,0.07654251234766085,0.060144642261941605,15-20 (equo-basso)
1892-02-29,19.04,0.005167876588021647,0.005167876588021647,-0.008700505288692817,0.08536035132791686,0.07133242605943368,0.016353585473267485,0.07726274504248698,0.05905706949362388,15-20 (equo-basso)
1892-03-31,19.74,0.014240640096618407,0.04123023696193462,-0.010320380822969266,0.08431283732857886,0.07232026542605685,0.009377019677792697,0.07340029800879444,0.057564536479502104,15-20 (equo-basso)
1892-04-30,19.94,0.0015681003584229192,0.015794919965786747,-0.016122003687721764,0.08813347492634116,0.07410378510397608,0.003755396911112596,0.07444640958333126,0.057027517173478426,15-20 (equo-basso)
1892-05-31,19.91,0.0033916816277679285,0.0033916816277679285,-0.015098671496392102,0.08785411239944296,0.0740865669523969,0.007663032899180244,0.07283534129571856,0.057010572758733113,15-20 (equo-basso)
1892-06-30,19.77,-0.0019703770197486703,-0.0019703770197486703,-0.005002087738942063,0.08777273500870497,0.07441360894214832,0.017992955213743667,0.07156890971060914,0.05782533504400744,15-20 (equo-basso)
1892-07-31,19.21,0.003459687123947175,-0.02291062277280953,0.0036798757848484076,0.09017188045352276,0.07450540265817529,0.032359472779628584,0.07679610301000084,0.05932531036284838,15-20 (equo-basso)
1892-08-31,19.2,0.01792569193742466,0.0040385747213615986,0.013438993851146108,0.09144768247130508,0.07498624991733438,0.03587018117813345,0.0807331382751344,0.060033331289893965,15-20 (equo-basso)
1892-09-30,18.69,-0.02145166073546856,-0.02145166073546856,0.028133547656665536,0.09440066184244755,0.0766424548862139,0.04491505385530381,0.08245889638650716,0.06112218911217093,15-20 (equo-basso)
1892-10-31,19.04,0.02364659367396582,0.02364659367396582,0.017309144333859328,0.08868736198910243,0.07549288721466585,0.03700033663740121,0.06957876890174663,0.05998919295487681,15-20 (equo-basso)
1892-11-30,18.46,-4.9194991055379056e-05,-0.025313909479313335,0.010690406474490155,0.08478560119617984,0.07511091046266039,0.03553996788228142,0.0719569763186112,0.06096939776743837,15-20 (equo-basso)
1892-12-31,18.01,-0.007206762417714008,-0.01894807534575682,0.01711104806353969,0.08340952143381752,0.07375964559837911,0.044601048102568486,0.0707392854188762,0.06081029112514735,15-20 (equo-basso)
1893-01-31,17.66,0.021778584392014633,-0.015729743389464423,0.018846668807457778,0.0868143375457111,0.07237440587427502,0.0542397865152775,0.07687744054030898,0.06088055928070357,15-20 (equo-basso)
1893-02-28,17.13,-0.014248366013072,-0.02535195137713009,0.021990354154326486,0.08808714642468418,0.07144567735071239,0.05673675584762172,0.0793606194148031,0.06056231741464724,15-20 (equo-basso)
1893-03-31,16.9,-0.03264216575922574,-0.00907832107900175,0.01999730363330321,0.08771604253278187,0.07244194222066036,0.049611559640518,0.08007135561785383,0.060271815139156804,15-20 (equo-basso)
1893-04-30,17.1,0.0038057124921531127,0.015523288902567378,0.016375672878321534,0.0831678477240585,0.07242075119400693,0.0434599820749304,0.07430761001917907,0.05963580354421638,15-20 (equo-basso)
1893-05-31,15.78,-0.08469397363465159,-0.07266629917518586,0.04843279649462473,0.09106433143079373,0.0759376558200422,0.05922901754482934,0.08321207734327785,0.0629620349225486,15-20 (equo-basso)
1893-06-30,15.42,-0.043316115702479285,-0.018818819473836568,0.06654739768881845,0.09012120050017902,0.07580829003312028,0.08660475769798026,0.0795427521368588,0.06094721730001984,15-20 (equo-basso)
1893-07-31,14.35,-0.08884671005061473,-0.06490215609620498,0.0881150334148566,0.09559872576195083,0.08181447517998008,0.10613370059744476,0.08215636407023141,0.06494687465115434,<15 (economico)
1893-08-31,14.59,-0.01902312599681022,0.020498244466627735,0.1010203225405335,0.09459651665504487,0.08453917142207312,0.11044601599749626,0.07690454987624462,0.06552274071455422,<15 (economico)
1893-09-30,15.01,0.07611723856209163,0.03444188215858057,0.08523560857213441,0.08442316535736527,0.08133053946217439,0.10320659384947861,0.06981721584112166,0.06393570452181119,15-20 (equo-basso)
1893-10-31,15.27,0.03446796338672753,0.020355167160442056,0.07403531392150442,0.07768809864342963,0.07802558831128659,0.0948245066905049,0.06592869556796721,0.06141267189311339,15-20 (equo-basso)
1893-11-30,15.94,0.02015370370370384,0.047300651001141336,0.0773914694682083,0.07637697572803015,0.07583139237778291,0.092492160142704,0.06301494029314658,0.05733608604943541,15-20 (equo-basso)
1893-12-31,15.61,-0.03046681254558714,-0.016695034314700652,0.0978475373236527,0.08507596671274698,0.07769744373139065,0.10679509206344306,0.07009555032376413,0.05895007556494636,15-20 (equo-basso)
1894-01-31,15.74,-0.015684051398337173,0.011618142796453679,0.1182114327056587,0.0890730553427086,0.08097866873818393,0.12117318782961761,0.06861935716201262,0.060722185833160136,15-20 (equo-basso)
1894-02-28,16.2,0.01864776234567911,0.03220964083844691,0.1229859202204282,0.0845782971586655,0.08093745861987256,0.11677758727581633,0.060393942943869794,0.0605133554810513,15-20 (equo-basso)
1894-03-31,17.19,0.03430936073059354,0.064220894754766,0.11918572398416583,0.08106882176797803,0.07834170248850136,0.10667035082991916,0.05520619817789174,0.05645963839645085,15-20 (equo-basso)
1894-04-30,17.43,0.017738359201773912,0.017738359201773912,0.1186129440182846,0.0822658566725405,0.07634031835067367,0.10326129541806406,0.05751725143890041,0.05503428609620897,15-20 (equo-basso)
1894-05-31,16.81,-0.03288293216630189,-0.03288293216630189,0.11718215286991196,0.08404584071665244,0.07872465282382968,0.10185014019742455,0.06171837151055071,0.05683481777776467,15-20 (equo-basso)
1894-06-30,16.61,-0.009217803030303173,-0.009217803030303173,0.11478451749979834,0.08567912978929715,0.07921048598398617,0.09638821833548161,0.06331802066677805,0.05731079225182567,15-20 (equo-basso)
1894-07-31,16.29,-0.016321044546850905,-0.016321044546850905,0.126705468814583,0.09233743520166304,0.07729040569206269,0.10533982239991868,0.0698391887889338,0.05489943696276267,15-20 (equo-basso)
1894-08-31,16.46,0.042092156862745256,0.012802584406543804,0.12368717240425431,0.09190128998637026,0.07533079750814076,0.10564057313337805,0.07127931244245511,0.053439043179804635,15-20 (equo-basso)
1894-09-30,16.52,0.02009259259259255,0.006689916193565848,0.11738483766577668,0.094859212573428,0.07451759291060434,0.09411748082893467,0.07429684554536431,0.05333872404222739,15-20 (equo-basso)
1894-10-31,16.5,-0.027157738095238138,0.0005960201272701138,0.12310621120260334,0.10454210167560118,0.07625123441182846,0.09069870951030734,0.08075353245169103,0.05407449580226542,15-20 (equo-basso)
1894-11-30,16.54,0.004160906298003031,0.004160906298003031,0.12699476896014472,0.11028390338670158,0.07627828491917743,0.091937611818939,0.08390975643059595,0.053581851026107685,15-20 (equo-basso)
1894-12-31,16.67,-0.005120967741935378,0.008507512152010621,0.11299140540696251,0.1122884481615094,0.0744513433839773,0.07270292873323103,0.08439029657270325,0.051596066606637736,15-20 (equo-basso)
1895-01-31,16.52,-0.007558139534883712,-0.007558139534883712,0.1182690190578799,0.11587915777960145,0.0760527997061049,0.07778950136313512,0.08789094487495341,0.05316345742387818,15-20 (equo-basso)
1895-02-28,16.33,-0.010033333333333339,-0.010033333333333339,0.12519469510842618,0.12214407484673373,0.0761262525441675,0.08201029757371381,0.0939987267975837,0.05375948018438215,15-20 (equo-basso)
1895-03-31,16.36,0.004110978520286412,0.004110978520286412,0.12675021873941095,0.12515446766035732,0.07752334441223585,0.0835061210024608,0.09823717442992774,0.05565788671112215,15-20 (equo-basso)
1895-04-30,16.39,0.047036595067621034,0.0042380189188715445,0.119962030506096,0.11895388718861954,0.0791920621663027,0.08600558247348244,0.09675267086044759,0.05896905852088663,15-20 (equo-basso)
1895-05-31,17.08,0.05879672006102221,0.04356223488028799,0.09727997884124995,0.10732143427568785,0.07508149492930083,0.07224861869722399,0.08810085951355862,0.05517515804416018,15-20 (equo-basso)
1895-06-30,17.21,0.023168835864063597,0.010088552451028576,0.08643889152837803,0.10642166752768345,0.07469129880276282,0.06686375270976708,0.08861647951072826,0.05547097989685268,15-20 (equo-basso)
1895-07-31,17.55,0.007801418439716157,0.020852084290014616,0.08553721221592459,0.10931800619374132,0.07430997696831287,0.06077373030366595,0.0900627754964598,0.05441792560154135,15-20 (equo-basso)
1895-08-31,18.07,0.01833156779661027,0.03319772207101335,0.08533528962348358,0.11168035127017895,0.07579600662236308,0.059964116178298,0.08962344950782164,0.055111575669084534,15-20 (equo-basso)
1895-09-30,18.2,0.009685107863604658,0.009685107863604658,0.07892521924197204,0.11129485720975252,0.07746005938410683,0.05126096424825355,0.09042381509956532,0.056743633531943116,15-20 (equo-basso)
1895-10-31,17.94,-0.011151452282157637,-0.011151452282157637,0.08990402035956957,0.11442083703505723,0.08118641293917661,0.06442604668312102,0.09349108642266946,0.05987610083913575,15-20 (equo-basso)
1895-11-30,17.34,-0.030292982456140316,-0.030292982456140316,0.11408421326538565,0.11758192057588279,0.08491964420722464,0.08804099502901463,0.0954079255013418,0.06301707415305025,15-20 (equo-basso)
1895-12-31,16.55,-0.05534313725490181,-0.042766344703561776,0.140898955872633,0.1270318644733528,0.0883322561899289,0.11419085743905422,0.10190086388705022,0.06565585305325894,15-20 (equo-basso)
1896-01-31,16.58,-0.007908950617284138,0.006987311385459272,0.15010107379328463,0.13208426838823506,0.08810505744973751,0.1169146288039391,0.10519226646864355,0.0641255561398486,15-20 (equo-basso)
1896-02-29,17.52,0.045846994535519325,0.0601736656935401,0.1463752114346093,0.1265401276315976,0.08512372599290852,0.11317367957603719,0.09828451884281009,0.060488249681809325,15-20 (equo-basso)
1896-03-31,17.23,-0.012204119850187212,-0.012204119850187212,0.15809867424153556,0.1254657714087406,0.08583522915114372,0.12455760527504767,0.09723710936458141,0.06067597386969581,15-20 (equo-basso)
1896-04-30,17.64,0.012699771689497652,0.02835200927357029,0.17467331986016266,0.1228526343092049,0.08478549131892366,0.13986755678579454,0.09301179672737203,0.058336535099306586,15-20 (equo-basso)
1896-05-31,17.83,-0.001004901960784288,0.014677909625388619,0.1635958566714375,0.1203109668916591,0.08625432225866025,0.12560622048207737,0.08769004607367714,0.0584474483323183,15-20 (equo-basso)
1896-06-30,17.78,-0.014662878787878864,-0.000541805394711492,0.1901322475620173,0.12378618487004989,0.08781611899403274,0.14800448175487824,0.08951264919263546,0.0587228446876773,15-20 (equo-basso)
1896-07-31,16.64,-0.06124614197530864,-0.06124614197530864,0.1894281867847072,0.12833640218100673,0.09073946050272719,0.14459863456218325,0.09756823670275439,0.06156800241611804,15-20 (equo-basso)
1896-08-31,15.7,-0.05313118811881179,-0.05313118811881179,0.20658244012082605,0.14299882747725,0.09438162217109602,0.15807864610829303,0.1093112266188665,0.06462202993617971,15-20 (equo-basso)
1896-09-30,16.54,0.056502624671916024,0.056502624671916024,0.19297866864586966,0.1405471624270236,0.09380841321091182,0.14236709852977736,0.10576244591287942,0.06309748994258779,15-20 (equo-basso)
1896-10-31,16.44,0.02623649210307577,-0.003900282780940345,0.1849178942416312,0.13451889661264538,0.09430171936577847,0.14143239392787943,0.10078209459000975,0.06421254337587512,15-20 (equo-basso)
1896-11-30,17.09,0.07198577235772352,0.041403595668839444,0.1743043611377295,0.12932193508013157,0.09198729807160055,0.13488041507709436,0.09766763589978122,0.06256720110125213,15-20 (equo-basso)
1896-12-31,16.5,-0.03308980213089807,-0.03308980213089807,0.17919035860369692,0.132474622091312,0.09184117839049932,0.13702341833421006,0.09961878309032524,0.06196519056075145,15-20 (equo-basso)
1897-01-31,17.03,0.0035545023696681444,0.033025191001853305,0.1841270181894452,0.12920248666427003,0.09061720776285176,0.13776803516137548,0.09437944364536599,0.05878618656508472,15-20 (equo-basso)
1897-02-28,16.89,-0.005924170616113833,-0.005924170616113833,0.1883463055509036,0.12668502428405737,0.0880635092405988,0.1418221359607712,0.08962261099827162,0.05497069799518939,15-20 (equo-basso)
1897-03-31,16.96,0.005980861244019309,0.005980861244019309,0.18799488886437432,0.1148771567101683,0.0896841307824352,0.1414844773592756,0.079403180153232,0.0565420292866603,15-20 (equo-basso)
1897-04-30,16.7,-0.027446300715990746,-0.012178581731940419,0.20343626312735164,0.11897325278915027,0.09066791339661462,0.15011594519849192,0.0816827325819589,0.054097979992019374,15-20 (equo-basso)
1897-05-31,17.05,0.008620689655172376,0.02307544476169543,0.20156866034732435,0.11456011383606235,0.0886348465411575,0.14222277880095624,0.07362442648470124,0.050557228700322865,15-20 (equo-basso)
1897-06-30,17.85,0.05024509803921551,0.05024509803921551,0.18919799574199403,0.10598559007105446,0.08736921478428195,0.12796451328809866,0.0642049210454525,0.04852272572087091,15-20 (equo-basso)
1897-07-31,18.65,0.04800936768149877,0.04800936768149877,0.18411732426359273,0.10542713737567833,0.08362267382139388,0.12314545275164357,0.06366756494251069,0.04572036875690633,15-20 (equo-basso)
1897-08-31,19.01,0.06838565022421528,0.021227075100163084,0.17546103001731828,0.09012763383882905,0.07875830212648527,0.12753908490504995,0.053692079815477634,0.04257006722458678,15-20 (equo-basso)
1897-09-30,19.37,0.05157894736842117,0.022022734350669815,0.16493894336103399,0.08401697440111744,0.07375710173701777,0.12135169078399577,0.05077705840854807,0.03803214346492845,15-20 (equo-basso)
1897-10-31,19.03,-0.029116465863453955,-0.014538635020562962,0.165073742584801,0.0753610212858371,0.07273468258145166,0.10318068612680475,0.039824682620693164,0.035498192269655116,15-20 (equo-basso)
1897-11-30,18.36,-0.032157676348547715,-0.032157676348547715,0.16431282321888618,0.07298884682651052,0.07024637939907641,0.10965466782327637,0.04185883462713447,0.033096262427163126,15-20 (equo-basso)
1897-12-31,18.75,0.02473118279569886,0.02473118279569886,0.15402953627156646,0.07632305380933935,0.06752997281740791,0.0975315594616879,0.04734378557636987,0.029716710326028295,15-20 (equo-basso)
1898-01-31,19.25,0.030526315789473513,0.030526315789473513,0.1593161566474539,0.07815475642518344,0.069475720415485,0.1000011921176358,0.05021142098224152,0.0304768489154692,15-20 (equo-basso)
1898-02-28,18.92,0.0010536202185793542,-0.013754865287612605,0.15845872067382683,0.07463136709979068,0.07143474092129098,0.102468841266935,0.04955887666704473,0.032766407432038624,15-20 (equo-basso)
1898-03-31,18.04,-0.042037987679671374,-0.042037987679671374,0.15993070272715104,0.0841606223081246,0.07305341699514023,0.11141509686280715,0.05886580246330597,0.03469481994255674,15-20 (equo-basso)
1898-04-30,17.71,-0.01388888888888884,-0.01388888888888884,0.15434933917749172,0.09192709970139745,0.07369334483955181,0.10606718108164359,0.0652131642165068,0.03457785646685285,15-20 (equo-basso)
1898-05-31,17.6,0.06904996353026971,-0.0004456772524726871,0.13542935636945974,0.09087343748118393,0.0721850940049491,0.10773816149979099,0.0713624170631022,0.03551949610735505,15-20 (equo-basso)
1898-06-30,19.54,0.04223648186173845,0.11469966921011387,0.11421605299033799,0.08701285609941078,0.07042320883933972,0.07252664359780692,0.06041914730966891,0.029643743556241997,15-20 (equo-basso)
1898-07-31,19.86,0.007081686429512679,0.02220303307259841,0.10313388844942861,0.09064369538721984,0.07084777265230202,0.058698777250154155,0.0612788535924047,0.027904108165843544,15-20 (equo-basso)
1898-08-31,20.54,0.040546259842519694,0.040546259842519694,0.08821018989796992,0.09135096052698422,0.06958090478729684,0.044376217156667064,0.061967076097967144,0.025678651717333745,20-25 (equo-alto)
1898-09-30,20.44,0.0011590765338393982,0.0011590765338393982,0.08361133036441615,0.09048833565301129,0.06959533214007951,0.03743839249224612,0.06112767681367104,0.024703519302418542,20-25 (equo-alto)
1898-10-31,19.95,-0.017823193916349678,-0.017823193916349678,0.08135330645429062,0.09423211569651824,0.07312490019121687,0.037795534436662725,0.06356136567646486,0.027112428589131765,15-20 (equo-basso)
1898-11-30,20.53,0.03619255663430421,0.03619255663430421,0.07536343725580985,0.09793670288138778,0.07289181651810317,0.034333063899367966,0.0660828927920023,0.02593598706468936,20-25 (equo-alto)
1898-12-31,21.4,0.06513627819548873,0.049379824376028836,0.07245297139150919,0.09388288733135752,0.06876623621347777,0.034612906249750885,0.06254823651968056,0.02212935925952131,20-25 (equo-alto)
1899-01-31,22.93,0.07905604719764003,0.07905604719764003,0.06069396643855329,0.08635048878077978,0.06469117034743532,0.018528932815411014,0.05640605506392915,0.018232113705287434,20-25 (equo-alto)
1899-02-28,23.05,0.04058114035087712,0.012133598384450162,0.04748426626461688,0.07930294787069214,0.06309587081137136,0.006856984813699674,0.05129597252285323,0.01905100307152585,20-25 (equo-alto)
1899-03-31,23.28,0.016926835710512567,0.016926835710512567,0.04425009393288071,0.07936245862722413,0.06410530345967391,0.006135313770744055,0.051353939026870465,0.019393019940114442,20-25 (equo-alto)
1899-04-30,23.15,0.01513671875,0.00215911865234375,0.04709979513700535,0.08287637781994772,0.06534218384431267,0.013669872890000656,0.053940214226360084,0.020309506973558156,20-25 (equo-alto)
1899-05-31,22.09,-0.03905221193415642,-0.03905221193415642,0.05189237203282837,0.09115133039678547,0.07131620632067492,0.0230482887636978,0.060964032411157776,0.025420445583840268,20-25 (equo-alto)
1899-06-30,21.21,-0.019804079441760547,-0.03353231362324849,0.05733364103727645,0.09563851546555813,0.0740730743436997,0.031245314539444458,0.06569277564283893,0.02878448212804119,20-25 (equo-alto)
1899-07-31,21.56,0.037410763316858775,0.024496936387603085,0.05901773388774334,0.09355567503010631,0.07408026957432035,0.0354787429837633,0.06500007450496437,0.02793627281608657,20-25 (equo-alto)
1899-08-31,21.73,0.028208598726114698,0.01418119628783221,0.06101453888002517,0.09350089636396297,0.06913138500729454,0.037985936075751514,0.06539704808735891,0.02302822079333877,20-25 (equo-alto)
1899-09-30,20.59,-0.008194875776397548,-0.04468704854677985,0.07278768688237514,0.09488986039329395,0.07067746633038596,0.054835273698699005,0.06963735341314514,0.026140657008709045,20-25 (equo-alto)
1899-10-31,20.15,-0.001995028780743091,-0.014939321533262606,0.08628484305823947,0.09592079046338386,0.07370809497484498,0.07089903721552937,0.06994633673173856,0.028857001954979644,20-25 (equo-alto)
1899-11-30,20.2,0.021665352260778148,0.009876905888538401,0.09382082337172304,0.09342571908305031,0.07120969231645646,0.07594092132091945,0.06766554029601513,0.02593686885674673,20-25 (equo-alto)
1899-12-31,18.51,-0.06541279669762656,-0.07724301446094795,0.11158593489871982,0.1025274723741123,0.07350454803625328,0.09620500122030395,0.07695009813340814,0.02769005313735673,15-20 (equo-basso)
1900-01-31,18.67,0.016196013289036637,0.016196013289036637,0.11349440389214926,0.0987823959380918,0.07236628333324946,0.09808706286717217,0.07426365434208138,0.025525915891987383,15-20 (equo-basso)
1900-02-28,18.7,0.021004098360655865,0.00950342641416535,0.11910172540610153,0.09293407182460323,0.06692943337289248,0.10611998510411391,0.0697569670625815,0.020378512655198078,15-20 (equo-basso)
1900-03-31,18.78,0.011070853462157748,0.011070853462157748,0.1235609765511394,0.09480434106367519,0.07024442318703117,0.11316850723826466,0.06955241356856812,0.023026776868327214,15-20 (equo-basso)
1900-04-30,18.94,0.01587460063897761,0.01587460063897761,0.1179466513598979,0.09083608357486428,0.06923981820150127,0.10760611220789595,0.06472976611431958,0.020534428295491347,15-20 (equo-basso)
1900-05-31,18.4,-0.04416403785488965,-0.02088085416161134,0.11745478132319298,0.09438553568782337,0.06847645048809325,0.10418746159137426,0.06763611398992397,0.0178325227614331,15-20 (equo-basso)
1900-06-30,17.99,-0.026386589403973426,-0.01502145231530394,0.12677198498721465,0.09236966075444308,0.06926168811509847,0.11081273166539618,0.06539719241453756,0.01725401074975763,15-20 (equo-basso)
1900-07-31,17.69,0.0036262798634811855,-0.007954023365712826,0.13361976449765534,0.08680051477902584,0.06929270792213904,0.12016052111593178,0.06119642016341076,0.01811812385648892,15-20 (equo-basso)
1900-08-31,18.07,0.01738481228668931,0.029260899589646838,0.13866490403063803,0.08800515125824426,0.06654026503113286,0.12011269400143587,0.06221830634475367,0.016143803134402335,15-20 (equo-basso)
1900-09-30,17.34,-0.0197811447811449,-0.03109136234136245,0.14463564076156277,0.0913863924478382,0.06976317068760696,0.13104560805846166,0.06785140026850489,0.020565475246255405,15-20 (equo-basso)
1900-10-31,18.1,0.040193965517241415,0.052336307527170334,0.1394891465839272,0.09244642819589166,0.06801522408312732,0.12334977127987945,0.07078060589276403,0.018562090980070778,15-20 (equo-basso)
1900-11-30,19.42,0.08215474209650586,0.08215474209650586,0.12109060906382085,0.08418894776490338,0.06134253059819761,0.1028247361388761,0.06485443363869114,0.012453362829616399,15-20 (equo-basso)
1900-12-31,20.74,0.0639467592592593,0.07792766279748875,0.11333332106238125,0.07490338196706103,0.05343415277270336,0.08974643413051231,0.05435709509135345,0.005278838525995422,20-25 (equo-alto)
1901-01-31,20.98,0.0327510917030569,0.0193561359092429,0.1143497036352461,0.07447443233017403,0.05432170876378328,0.0935929339291588,0.055313158704419996,0.007832102200715951,20-25 (equo-alto)
1901-02-28,21.68,0.02901579443658653,0.04253768398240232,0.10704823909794281,0.07368549061591656,0.05275680845196251,0.08359450682411596,0.05652991428935006,0.0072943558492089,20-25 (equo-alto)
1901-03-31,22.35,0.039348275862068904,0.039348275862068904,0.093752398466602,0.06874359031831156,0.0496892443334056,0.07058034956980386,0.05049779640197016,0.004632967348936701,20-25 (equo-alto)
1901-04-30,24.41,0.08727252552152698,0.10028509564080057,0.07331801706810781,0.05982899869742919,0.04584711037183409,0.04808210451567674,0.0438949031223963,0.0009103130350622823,20-25 (equo-alto)
1901-05-31,23.06,-0.04722870597870599,-0.04722870597870599,0.07863624242185985,0.06768226157398449,0.050252871060769255,0.05105108234127376,0.05163009540321917,0.006250492986941136,20-25 (equo-alto)
1901-06-30,25.24,0.10293553255713661,0.10293553255713661,0.06113870277174649,0.05980112572598628,0.041092141190828935,0.03400102666516536,0.04386744920968022,-0.0022438191630237414,25-30 (caro)
1901-07-31,23.14,-0.06401960784313732,-0.07508902115379668,0.07038243303143132,0.06682690182877349,0.04470436960308333,0.05247027022671813,0.050843633039117764,0.0015300414271803842,20-25 (equo-alto)
1901-08-31,23.08,0.017146910466582677,0.003954343534460891,0.08276589827011072,0.06026639022480462,0.04349656988288131,0.06259743380811988,0.04249349762395038,0.0010253631281014197,20-25 (equo-alto)
1901-09-30,22.59,-0.0017278192371474876,-0.013246344399795773,0.09042002502601831,0.05499602790523017,0.04517924243096694,0.07033070924824258,0.0373853597803675,0.003791707607551542,20-25 (equo-alto)
1901-10-31,22.25,-0.007968749999999969,-0.007968749999999969,0.08626355718508472,0.056921319909088997,0.04661129283101939,0.06157949101147597,0.039278513579317,0.005167050953545527,20-25 (equo-alto)
1901-11-30,22.38,0.02482827644332075,0.011855766614924157,0.08606258757098328,0.05894587954448127,0.04835665531371869,0.061675065403226315,0.04373295504518926,0.007773533863961735,20-25 (equo-alto)
1901-12-31,21.68,-0.012806311881188082,-0.02392614065849641,0.08760961309036874,0.06123350513463022,0.051136651926264154,0.06344464733762778,0.04821118100905153,0.011309794784098548,20-25 (equo-alto)
1902-01-31,22.34,0.024737945492662394,0.03641217525143947,0.07682557386320177,0.05921331058643986,0.05005619553616669,0.05264546872567877,0.043996544145525895,0.01087989945907264,20-25 (equo-alto)
1902-02-28,22.46,0.011912972085385887,0.011912972085385887,0.06822324268301472,0.05748580710741691,0.05084458636586531,0.039809438796412744,0.04115906876570463,0.011638876403400111,20-25 (equo-alto)
1902-03-31,22.41,0.004494301994302008,0.004494301994302008,0.04625961458664918,0.060460332164234964,0.05281104952859561,0.020698264789630105,0.04196239827198278,0.014135452818899719,20-25 (equo-alto)
1902-04-30,22.82,0.037423780487805036,0.025738155926615658,0.04043826733599909,0.060254985035531394,0.054233053684700216,0.01732137429330516,0.039891019315908105,0.016080563958966065,20-25 (equo-alto)
1902-05-31,22.43,0.0008185927672956783,-0.011552465239716647,0.033852070505213216,0.060493259305691716,0.05645267435894641,0.009145878140001784,0.04141922615483451,0.018853283402139764,20-25 (equo-alto)
1902-06-30,21.96,-0.0027167060677699695,-0.013689260646486456,0.028595851846862974,0.06121854862528231,0.056348507671080794,0.004049418785298853,0.04425803074406587,0.019316524422567927,20-25 (equo-alto)
1902-07-31,22.39,0.025812524772096612,0.025812524772096612,0.03196628493425213,0.05906406232134476,0.055626664558307226,0.007339419786538848,0.04213797769002792,0.018315965480312224,20-25 (equo-alto)
1902-08-31,23.17,0.029901162790697766,0.04135865409492068,0.010989073828790108,0.058773091986216164,0.05626321161560943,-0.015318392125304947,0.03972999776702002,0.018976517613541688,20-25 (equo-alto)
1902-09-30,22.86,0.005348244620611453,-0.005713044134383005,0.008716214258769117,0.05917240008969249,0.057579458619560375,-0.015355810712904483,0.040206056770361265,0.020810827115769648,20-25 (equo-alto)
1902-10-31,20.6,-0.028554613935969808,-0.09183734194242665,-0.007443663149288793,0.06245832443209354,0.0605062437670667,-0.019892766267172624,0.050485594749445584,0.026780964954399744,20-25 (equo-alto)
1902-11-30,20.41,-0.03531408012446513,-0.003423636492216109,-0.011172047189894951,0.06552250372911872,0.059962347397844784,-0.02179492163999741,0.05009444209674063,0.02428106580786893,20-25 (equo-alto)
1902-12-31,19.63,-0.019728964401294458,-0.030035552392402298,0.003848930855137267,0.06419572073696944,0.06115229585539228,-0.0005490086103241421,0.05097336866349522,0.02566862568230155,15-20 (equo-basso)
1903-01-31,20.32,0.05434782608695654,0.04217290892659897,0.0026753031405701844,0.058126329995932924,0.059318957172986186,0.0026753031405704064,0.04512130971473405,0.024795417731398484,20-25 (equo-alto)
1903-02-28,20.11,-0.002642828999212199,-0.002642828999212199,-0.003130146507898668,0.0550587269463616,0.061919651670595544,-0.0008118194753854446,0.04209140938434053,0.027311354773799534,20-25 (equo-alto)
1903-03-31,19.88,-0.03593638525564802,-0.0025339422119367017,0.013340066091886982,0.05738232632471196,0.06495887097124808,0.008801113815229522,0.04083523383082266,0.028498456637202185,15-20 (equo-basso)
1903-04-30,18.98,-0.037386551155115466,-0.037386551155115466,0.032880386029291664,0.061780286414582886,0.06534161667092575,0.025868143118141562,0.04516436975881799,0.02856284077209237,15-20 (equo-basso)
1903-05-31,18.95,-0.015734408602150585,0.007127506112469373,0.04806595842039885,0.06102069865433668,0.06387288224456777,0.03618117402512988,0.043090555690523,0.025966236837972057,15-20 (equo-basso)
1903-06-30,17.82,-0.05155372807017544,-0.05155372807017544,0.06047381578664468,0.06168330307946901,0.06489948555837266,0.048448329646012755,0.04267199762919316,0.02665336829889786,15-20 (equo-basso)
1903-07-31,16.92,-0.04201485608170841,-0.04201485608170841,0.07829492207864619,0.06820365083485935,0.06565238483729985,0.06386521764752984,0.04801106705468494,0.02677858925153087,15-20 (equo-basso)
1903-08-31,16.3,-0.02795985401459844,-0.02795985401459844,0.09450079598578554,0.0745742348452556,0.0677143690038986,0.07985422512440055,0.05426122594646454,0.029065330730628114,15-20 (equo-basso)
1903-09-30,15.65,-0.019817747611865277,-0.03165569751993447,0.09740898500513184,0.07824673331118737,0.0693977221559523,0.08535789175393793,0.058086527861998194,0.031013493510787304,15-20 (equo-basso)
1903-10-31,15.25,-0.02801391035548695,-0.016131439821935545,0.10726431026295713,0.07836318366767836,0.07041487754786457,0.08996689716303896,0.05691578127088892,0.031068447032237323,15-20 (equo-basso)
1903-11-30,15.41,0.007810170394036309,0.019021902821164005,0.12098381046899376,0.07528608556744554,0.07185895485955118,0.09880731262627296,0.051687569465430405,0.031888474124915245,15-20 (equo-basso)
1903-12-31,16.04,0.05080015923566883,0.05080015923566883,0.11574101906195788,0.07036909474987985,0.07126320736268221,0.09123784181612082,0.047920685400220986,0.03131494253037048,15-20 (equo-basso)
1904-01-31,15.86,0.0211821410451547,-0.0022507824812437738,0.11262760213184109,0.07294444255557209,0.07213408213287731,0.09569175427438337,0.052883375149357814,0.03335206986739636,15-20 (equo-basso)
1904-02-29,15.02,-0.022621007984031882,-0.04454568431024619,0.11208816284796508,0.07730884207123023,0.0738714576447499,0.09769633474536854,0.0606327814654557,0.03650176894723467,15-20 (equo-basso)
1904-03-31,15.08,0.0013243589743590078,0.013287612964494766,0.11565545826868573,0.07562146267813419,0.07303523652700261,0.09860481982762237,0.05771456753005233,0.03538161967431108,15-20 (equo-basso)
1904-04-30,15.57,0.02906378600823034,0.0402492619431023,0.11987535007302852,0.07044722307797757,0.07053396490445496,0.09581038646893303,0.05255715055618482,0.032712708630274534,15-20 (equo-basso)
1904-05-31,15.53,-0.016858684738955798,0.006231160736890784,0.13187552023575,0.07342958471259475,0.07153716443840663,0.100284991855496,0.05197372677869505,0.0324813566509059,15-20 (equo-basso)
1904-06-30,15.47,0.005811538461538479,0.005811538461538479,0.13533109132318888,0.07278038335675618,0.07250754667852544,0.10129091113935762,0.05133750174870011,0.033416370017682606,15-20 (equo-basso)
1904-07-31,16.04,0.045698924731182755,0.045698924731182755,0.1292200084321855,0.06245065013441753,0.07280753604476375,0.09536305441411153,0.040168311056230976,0.03340232940819576,15-20 (equo-basso)
1904-08-31,16.3,0.03793879056047178,0.02651892611665252,0.12698192770381977,0.05901177576585548,0.07287934055122447,0.09353203220127404,0.03589587216563794,0.03434662490954632,15-20 (equo-basso)
1904-09-30,16.74,0.04806585829767007,0.03540805807668379,0.11744739527709203,0.05455390447926223,0.07010704250192634,0.08464714476687352,0.03278946798327542,0.031998185102307675,15-20 (equo-basso)
1904-10-31,17.63,0.062386156648451596,0.062386156648451596,0.10564221405185936,0.04868498703291335,0.06644215836801592,0.06899448379583051,0.028054046865180426,0.0281640147030795,15-20 (equo-basso)
1904-11-30,18.08,0.05759892473118278,0.03387474578207694,0.09303075751190049,0.04331418572778767,0.06660582055162623,0.05945380768316588,0.024102523504387685,0.029488969001822074,15-20 (equo-basso)
1904-12-31,18.16,0.012987556099551156,0.012987556099551156,0.0935428284727291,0.03790135662004368,0.06896137806370883,0.05803340851249095,0.01979360272559383,0.031463536279943805,15-20 (equo-basso)
1905-01-31,18.46,0.024949494949494833,0.024949494949494833,0.0842647699021506,0.037647866870583746,0.07004084484464812,0.0509571035534544,0.019544535486971437,0.032505136702571935,15-20 (equo-basso)
1905-02-28,19.17,0.04697212336892065,0.04697212336892065,0.06737828942372781,0.03199556756820532,0.06827071497285608,0.03458936100066756,0.015000305648355639,0.031095926706518062,15-20 (equo-basso)
1905-03-31,19.83,0.03137594696969703,0.04369824024293134,0.06678370842947601,0.03190858777606498,0.06544257704965162,0.027645282750976774,0.01472942249825171,0.027457852716331388,15-20 (equo-basso)
1905-04-30,19.48,-0.009254143646409085,-0.009254143646409085,0.06438295582485609,0.04084316644090036,0.06561322904487854,0.02351319873997726,0.02248710826007505,0.027920326274354368,15-20 (equo-basso)
1905-05-31,18.63,-0.046264914243102084,-0.035898228528353227,0.07179254207005648,0.04378022944660431,0.07006649602850334,0.032294706781708094,0.023245781325149872,0.03135927398842053,15-20 (equo-basso)
1905-06-30,18.74,0.014885294117646941,0.014885294117646941,0.05901769979692695,0.043870905297027196,0.07046079380503367,0.021838465879854718,0.023334673295696717,0.031146519145380358,15-20 (equo-basso)
1905-07-31,19.21,0.03449612403100777,0.03449612403100777,0.041914931191549876,0.04040673654411675,0.07034262299740734,0.005336129009217094,0.019938655664577754,0.030447034402476092,15-20 (equo-basso)
1905-08-31,19.57,0.040226418639609074,0.029041188331656143,0.03959927540949648,0.0410699861181123,0.06918010346904424,0.007316260565894961,0.0216928037054942,0.029884395489574,15-20 (equo-basso)
1905-09-30,19.74,0.006189311594203106,0.01712615193761824,0.04061433630339639,0.04465540539155355,0.07029755813863248,0.008188003145905176,0.024103739799858248,0.030403649275991596,15-20 (equo-basso)
1905-10-31,19.9,0.017018779342723,0.017018779342723,0.0473458233944315,0.04894311078599345,0.07135312720443898,0.02067150879439672,0.027294472792587454,0.03141987341777286,15-20 (equo-basso)
1905-11-30,19.44,-0.002433226495726415,-0.013159750942008941,0.04850193637528899,0.053211950476260705,0.07334202212753782,0.028191450266115803,0.03158400960421659,0.03302487721016556,15-20 (equo-basso)
1905-12-31,19.58,0.027643215180809033,0.01551047356120061,0.03779996404103514,0.05096150091279528,0.07296053703307392,0.020117019108629952,0.030603055469675455,0.03355898814007108,15-20 (equo-basso)
1906-01-31,20.13,0.03747379454926625,0.03747379454926625,0.03602603560178652,0.045834350947510316,0.07201083844735079,0.018373316416145702,0.024584801745054063,0.032644164644313856,20-25 (equo-alto)
1906-02-28,19.87,-0.004257007767645926,-0.004257007767645926,0.04132818430611396,0.045229967252260916,0.07253805280142922,0.03014130540387372,0.02399269808350013,0.0331520184893781,15-20 (equo-basso)
1906-03-31,19.26,-0.02158418367346937,-0.02158418367346937,0.04430661221663401,0.04760018013690437,0.07017358856435596,0.030791963152357216,0.025333095228562863,0.031163184284757506,15-20 (equo-basso)
1906-04-30,18.88,-0.01056921199442129,-0.01056921199442129,0.04650950474887994,0.04800890715280537,0.06946717404564451,0.03972443005167037,0.024761329090562834,0.030193909379134132,15-20 (equo-basso)
1906-05-31,18.05,-0.02338900671615407,-0.03365711295395146,0.05683952276647153,0.053232975036768604,0.07134801800331436,0.05220942743741186,0.029991039198412395,0.0328404984891717,15-20 (equo-basso)
1906-06-30,18.17,0.016332607116920972,0.016332607116920972,0.058465234710854075,0.052997380351385015,0.07320612925067893,0.05382801701258155,0.02880316506117353,0.03492331095160739,15-20 (equo-basso)
1906-07-31,18.2,-0.022535842293906705,0.010518501203401032,0.06328318117320886,0.05439527466998073,0.07687712530706192,0.04921950988788959,0.026748575686911025,0.03732720127058142,15-20 (equo-basso)
1906-08-31,18.97,0.07736203090507732,0.053194523718304465,0.03823441432387953,0.047832339066575136,0.07518105141219356,0.022769920207116545,0.0217331614681735,0.03716609215951938,15-20 (equo-basso)
1906-09-30,19.2,0.03405875299760175,0.023186639940383946,0.02072283464278435,0.048984982142309175,0.07441568289024736,0.005454085721319002,0.022078727035440116,0.03667857901034677,15-20 (equo-basso)
1906-10-31,18.1,-0.026732303090727716,-0.047866115937900355,0.028371677471303647,0.055510187254074195,0.0748766660177933,0.017446020701202825,0.02885788481177176,0.0379666608935445,15-20 (equo-basso)
1906-11-30,18.14,0.023880609797875874,0.012311337370781272,0.032506218920780316,0.05588691949484237,0.07453426103947502,0.026094063001861123,0.028589183036851873,0.03793167941244224,15-20 (equo-basso)
1906-12-31,17.66,-0.00575528700906347,-0.015764461972059496,0.035497055988927606,0.052665671772583966,0.07628012181388844,0.03319592866741394,0.025600947624132786,0.040144152370396924,15-20 (equo-basso)
1907-01-31,17.22,-0.025067750677506773,-0.015153185430159422,0.041889108649656226,0.0533504025324385,0.07751721976832182,0.035418682329252604,0.024350553521822027,0.041404573057191696,15-20 (equo-basso)
1907-02-28,16.22,-0.027865237099023776,-0.04829727304495135,0.0468563007718259,0.05076589696686051,0.08030724336120243,0.042510450499296804,0.02142077669331921,0.04551013491116174,15-20 (equo-basso)
1907-03-31,14.69,-0.0946121310295176,-0.08448474994483657,0.07485379385323121,0.06506039497924698,0.08674688943663389,0.06366952591661934,0.03416506470798719,0.051460534627109755,<15 (economico)
1907-04-30,14.67,0.008882235528942184,0.008882235528942184,0.08044914204377762,0.06307858060756977,0.08780860396894319,0.06296138012933006,0.02721668559044521,0.0524877755979507,<15 (economico)
1907-05-31,13.79,-0.030459872864521453,-0.05063650201630043,0.08782096115861893,0.06331261489768925,0.09156200282041982,0.0747247034332843,0.02798563775991858,0.056925767462043586,<15 (economico)
1907-06-30,13.14,-0.02781172839506174,-0.038344645747227846,0.09487589894929571,0.06906619749415,0.09402559604978777,0.08607685475554927,0.03307162428181365,0.059282834377645255,<15 (economico)
1907-07-31,13.59,0.04272959183673475,0.04272959183673475,0.08687338382576049,0.062248301599966194,0.09315441991278384,0.07813865238590756,0.028075994488168332,0.059349570832104126,<15 (economico)
1907-08-31,12.51,-0.07060503685503683,-0.07060503685503683,0.10881560378158239,0.06750754524847502,0.10022230955269062,0.09785585473652336,0.031565450566000575,0.06650798095204258,<15 (economico)
1907-09-30,12.33,-0.005901947764497595,-0.005901947764497595,0.11215241437961954,0.06359433547398874,0.10379198416674074,0.09890318991793068,0.02544181207984808,0.06965817766921267,<15 (economico)
1907-10-31,10.83,-0.10391498881431771,-0.11256817025280597,0.13728324453268348,0.07011475814618517,0.10921343269279427,0.12591760043769917,0.031189703528956336,0.07512374444143055,<15 (economico)
1907-11-30,10.59,-0.05329693775100408,-0.013056762845565673,0.14816556583650753,0.06751092148307625,0.11371404275624952,0.12726703399575467,0.02440738799603337,0.07755207233697448,<15 (economico)
1907-12-31,11.33,0.057022666666666666,0.0799751588571429,0.12817028262423658,0.05880872738921061,0.11212014132895565,0.10515175947155986,0.012386303453501668,0.07485480860926974,<15 (economico)
1908-01-31,11.9,0.048198883815322224,0.05909240570254837,0.11664396911319441,0.060866549761950495,0.10993039538146543,0.08936417262758578,0.011113110117958236,0.07218402984658256,<15 (economico)
1908-02-29,11.55,-0.03118369829683698,-0.01986575084703368,0.1166441771774347,0.06824762350946045,0.11122746859718102,0.08683682081034116,0.01624261014033901,0.0734377172379781,<15 (economico)
1908-03-31,11.98,0.04638005050505045,0.04638005050505045,0.10333877188516993,0.06206000479299756,0.11181306588624662,0.07388658591636532,0.011075594211628736,0.07400339999417294,<15 (economico)
1908-04-30,12.45,0.05907326540514313,0.04684378197090355,0.09148880341567667,0.055764069843122765,0.11220791101587735,0.06482355178032573,0.004823613758867307,0.07500892260507097,<15 (economico)
1908-05-31,13.08,0.05877877532228348,0.05877877532228348,0.07413556745001326,0.05381691065901539,0.11091056302348234,0.05004600995035702,0.0008757165086117347,0.07344196245771095,<15 (economico)
1908-06-30,13.05,0.00593381389252956,0.00593381389252956,0.06289416981183238,0.05408674754176168,0.107990261964517,0.03692748979543081,-0.00023849877267712039,0.0709323373571853,<15 (economico)
1908-07-31,13.35,0.04123036649214673,0.030520568436798845,0.05820681920423465,0.05141115934041962,0.1063542729775655,0.0323931814386913,-0.004421079334902545,0.06990400853489387,<15 (economico)
1908-08-31,13.88,0.04731376262626252,0.04731376262626252,0.055010458126942385,0.048245113866216105,0.10574886726423727,0.029274791610043316,-0.009369762710385032,0.06931854869142384,<15 (economico)
1908-09-30,13.7,-0.006726190476190497,-0.006726190476190497,0.05941908056348755,0.049102624147530305,0.11006406111285294,0.0315004008805535,-0.010470346392500995,0.07286762428894633,<15 (economico)
1908-10-31,13.69,0.016421868625050795,0.004936875759231185,0.05021641636198759,0.05242483280375709,0.11045358353917467,0.024866875872066263,-0.00808737980880847,0.07416538010814078,<15 (economico)
1908-11-30,14.44,0.07181277710600575,0.06102271559151573,0.03145126184401881,0.04841822568697807,0.11040216367672451,0.0065884446332344915,-0.012699053074707867,0.07465918015278206,<15 (economico)
1908-12-31,14.58,0.02645620989052455,0.015101605798815365,0.026842232580907233,0.044226288662938984,0.10933746607002881,0.0063230221764165595,-0.016752001318738552,0.0745392824523261,<15 (economico)
1909-01-31,14.76,0.007013658176449056,0.01827779305538013,0.03467662909415625,0.04346368867381267,0.11306673273794843,0.011747507765123455,-0.0185623866781085,0.07755208903179356,<15 (economico)
1909-02-28,14.17,-0.024988042678440014,-0.03577357317978469,0.043617205881114174,0.047132163185372944,0.11492626608147272,0.02482067354274342,-0.012204960350964522,0.07995277053665206,<15 (economico)
1909-03-31,14.34,0.0174876893939393,0.0174876893939393,0.037024040351367526,0.04906381336546972,0.11509152167989933,0.018346257156258927,-0.01159629452240274,0.08042963831607453,<15 (economico)
1909-04-30,14.65,0.04867339312406571,0.027086400199518135,0.023200713651417182,0.04809190774210448,0.11227694822132639,0.011011183017623827,-0.012248061162757895,0.07914222591974807,<15 (economico)
1909-05-31,14.95,0.0369572603719599,0.02694372459583594,0.01800158474693392,0.05184164831469129,0.11124941608577776,0.0057837106061300325,-0.00893238780984773,0.07835037904541031,<15 (economico)
1909-06-30,15.04,0.02125908618899275,0.010417694615861395,0.013675886893737887,0.05293210556761574,0.11129072926304118,0.0036499270112759774,-0.006845561067988393,0.07864970978827812,15-20 (equo-basso)
1909-07-31,15.23,0.017857142857142794,0.017857142857142794,-0.0003707200173685976,0.05495170646623326,0.11520448454254062,-0.012245199465590662,-0.007837645962434636,0.08181935487872449,15-20 (equo-basso)
1909-08-31,15.42,0.027693661971831096,0.017967854445283926,-0.00485898341265012,0.04530496701775322,0.11690924901286892,-0.01870249213486419,-0.017655678304669076,0.08398833322370325,15-20 (equo-basso)
1909-09-30,15.25,0.0044752783235100235,-0.005977117912946861,-0.004799740772857941,0.047000505142933635,0.11898307263016061,-0.016588859959211555,-0.01558725057018484,0.08656917677292686,15-20 (equo-basso)
1909-10-31,14.99,0.007441936539090532,-0.012090101006055232,-0.005338084914475516,0.05194561801045494,0.11249003606598973,-0.011318449910978967,-0.010654371970440057,0.08132222301108594,<15 (economico)
1909-11-30,14.75,-0.001357934180514886,-0.011445227774650957,-0.00414102470580735,0.049445046779223345,0.09579958643327058,-0.010069178059248785,-0.014160877958314555,0.06564017887425444,<15 (economico)
1909-12-31,14.75,0.015362639161755176,0.006215227998135786,-0.01490897473286168,0.04524562292583045,0.09731045866425503,-0.017064126904865695,-0.019316821505473425,0.06790192808175544,<15 (economico)
1910-01-31,14.55,-0.017799352750809128,-0.008870255957634687,-0.006964788021065926,0.046585247343878144,0.09929059163720244,-0.010929127053115884,-0.021000664115178314,0.06965682180443511,<15 (economico)
1910-02-28,14.0,-0.032056051587301515,-0.032056051587301515,-0.002214245845848617,0.04154353418317158,0.10462636171753004,-0.004217847871731073,-0.026720702789753248,0.07516400663165923,<15 (economico)
1910-03-31,14.05,0.02850651577503438,0.00913919783675321,-0.0018264010671397157,0.04623546180871574,0.10530517363140501,0.0019758939847638324,-0.021474989993557014,0.0771654770891792,<15 (economico)
1910-04-30,13.56,-0.02035224230254351,-0.029013175327373797,0.017823980737422973,0.04807111356352234,0.11002926404562396,0.021462046454423955,-0.02182642724709838,0.0819305182585055,<15 (economico)
1910-05-31,13.57,-0.012602880658436288,0.006176443933645581,0.01650004512943637,0.04318075122412024,0.10750722402644453,0.01427617725945085,-0.029647807136017557,0.07877408968411581,<15 (economico)
1910-06-30,13.02,-0.044172768479777025,-0.0354834300114113,0.028940750598016818,0.04664254120818234,0.10432083904427425,0.024833071504610116,-0.02871367621941956,0.07550284418693098,<15 (economico)
1910-07-31,12.34,-0.04638278388278383,-0.04638278388278383,0.03890072504141684,0.0520669429825773,0.10596398116636041,0.03475328430112423,-0.023211448484306674,0.07774828018856783,<15 (economico)
1910-08-31,12.75,0.02871817129629628,0.039215295493197244,0.042542777426474165,0.04549885229604533,0.10390255020148209,0.03627453065948827,-0.027932184485132572,0.0755183962909165,<15 (economico)
1910-09-30,12.94,0.011111111111111294,0.021534936998854892,0.048712167363044845,0.04856836156155131,0.10348194544654654,0.04027072986334157,-0.02462656414298592,0.07423281347282384,<15 (economico)
1910-10-31,13.92,0.05034137673026562,0.08156171489209929,0.05054283417047589,0.04413039342996172,0.09290349671732678,0.03396041207885414,-0.031109895461074344,0.06269873450369601,<15 (economico)
1910-11-30,14.16,0.0030847639484978817,0.023733312718835275,0.05794312260475909,0.03897754130292608,0.0888945895665445,0.03498776282927274,-0.03736907174975801,0.05804400936791243,<15 (economico)
1910-12-31,13.74,-0.023742391693519438,-0.023742391693519438,0.06428995439549112,0.032393732167036005,0.08672736094283229,0.04119688040448799,-0.041514921374324665,0.056913372588131894,<15 (economico)
1911-01-31,14.05,0.028637200736648216,0.028637200736648216,0.05573552404643256,0.03454696745078367,0.08709232805743428,0.030834173524215247,-0.03751266830284439,0.05792933481123508,<15 (economico)
1911-02-28,14.72,0.021485077310320122,0.05462049928123669,0.049146369902732134,0.03223607604699086,0.09019423028950935,0.017880789973013345,-0.03964676664347222,0.05992655409553427,<15 (economico)
1911-03-31,14.37,-0.00751148815835978,-0.01849034337784694,0.05090413541805017,0.0309746132288522,0.09188892705845308,0.01990313637670016,-0.03922939910848833,0.0625041949627434,<15 (economico)
1911-04-30,14.75,-8.941344778268245e-05,0.03305048027794788,0.049510457848321865,0.032049679351511706,0.08670947312799848,0.010013568256031835,-0.040304295247159394,0.05608110066359484,<15 (economico)
1911-05-31,15.05,0.02577227011494254,0.02577227011494254,0.04963873493395399,0.033108006819643654,0.08012685250156748,0.008241813051166114,-0.037170903474162076,0.050365851894349944,15-20 (equo-basso)
1911-06-30,15.33,0.024173699015471062,0.024173699015471062,0.04755777201296185,0.022713431925097227,0.07737383537303977,0.004372568723661097,-0.04631819188144781,0.048378194932024776,15-20 (equo-basso)
1911-07-31,15.08,-8.617718028258725e-05,-0.01138463845508153,0.045581661528491635,0.023040586993884782,0.07941919249836804,0.004758897199446777,-0.04546938065352446,0.050965481122929646,15-20 (equo-basso)
1911-08-31,13.9,-0.043700242298373215,-0.07302816476895979,0.05751899151670914,0.026991991254638137,0.08047318354132171,0.02069745366811837,-0.038793258749697634,0.053631349475626644,<15 (economico)
1911-09-30,13.0,-0.05025445292620867,-0.06054422050013919,0.07802966232766795,0.0354538025869231,0.07489316276753533,0.03897824783212367,-0.028714081260014956,0.0491095067606957,<15 (economico)
1911-10-31,13.07,0.01028450595924646,0.01028450595924646,0.0833648765363042,0.03640183772207184,0.0670416460605836,0.04039774651614758,-0.027824796605363966,0.04179469515931644,<15 (economico)
1911-11-30,13.73,0.0446292048929664,0.05607092674283454,0.07979706691321065,0.03787332097966911,0.06579778144467974,0.031090370375234766,-0.026946988070635225,0.04071660519918807,<15 (economico)
1911-12-31,13.93,0.008728408673281729,0.018771058759631032,0.07011894444272992,0.041135862820866675,0.05475204280413082,0.01806179697608168,-0.02429250941426131,0.029772177693798474,<15 (economico)
1912-01-31,13.79,0.0053969996341016735,-0.004513814162948826,0.06493777629874842,0.040978245612696584,0.0540187148604383,0.013400737699649223,-0.02118625117982942,0.030635408882142112,<15 (economico)
1912-02-29,13.53,-0.004470029239766027,-0.015255836073571283,0.05469009396469593,0.04424507380861442,0.05423012289748108,0.0007577406644780904,-0.01704432401093936,0.03213035468757086,<15 (economico)
1912-03-31,13.64,0.03310932890855467,0.012271667285133736,0.055356227461242025,0.04521694248327801,0.05311169655188874,0.005479009225946907,-0.012948338279925253,0.032453687445964885,<15 (economico)
1912-04-30,13.65,0.03541666666666665,0.0055283505154639645,0.04598728859077994,0.04824532510368007,0.03748027136707788,-0.007326005553431325,-0.0071847017831278,0.018984771586935123,<15 (economico)
1912-05-31,13.65,0.003070038234271877,0.003070038234271877,0.03935643582041615,0.05242748444330436,0.03111210367830952,-0.016720776897758416,-0.003223690298007287,0.01346427252941984,<15 (economico)
1912-06-30,13.79,0.004124913013222153,0.01352878836922522,0.04386491265484449,0.05150081583518906,0.024103369088298576,-0.01734672254250824,-0.005029268273302412,0.006475062572629309,<15 (economico)
1912-07-31,13.8,0.005175713291579509,0.005175713291579509,0.038181145148830975,0.052200423536208795,0.02691559467268756,-0.019662036878243083,-0.0049615043771730205,0.009238880177815156,<15 (economico)
1912-08-31,13.98,0.027075078206465042,0.017545515625167818,0.027738386144592342,0.05375928105570571,0.04701803303156926,-0.030722226228125593,-0.0013627137066762884,0.029854948133035464,<15 (economico)
1912-09-30,13.93,0.009146279306829763,-0.0011511317065053817,0.017156367981613352,0.05598891285245755,0.051715360294119606,-0.04310869273194684,0.0017772324765730207,0.03539074987352531,<15 (economico)
1912-10-31,13.91,0.002007268424611297,0.002007268424611297,0.006913274338105291,0.058557749707589535,0.0441829090104755,-0.055568361085429285,0.0036112396611660547,0.028360299825628932,<15 (economico)
1912-11-30,13.75,-0.007128218157181565,-0.007128218157181565,-0.007478014152606738,0.05443120531856471,0.0443809326174649,-0.06906663201080732,-0.0008977671783066965,0.02894353193004795,<15 (economico)
1912-12-31,13.39,-0.03186707776635822,-0.021886325990753575,-0.006288378215542512,0.05811757466884915,0.04467511595253937,-0.07259250267101347,0.0009731560056811528,0.029096904635638188,<15 (economico)
1913-01-31,13.15,-0.004264392324093924,-0.014424959749358424,0.007875265110341756,0.06051292857477253,0.047235561051227615,-0.061517032466318344,0.00486483094476875,0.032942625507076606,<15 (economico)
1913-02-28,12.68,-0.031182795698924792,-0.031182795698924792,0.0219486282712964,0.06882519219380745,0.04264586317211605,-0.04976623639339395,0.012740926701126032,0.029219348936447398,<15 (economico)
1913-03-31,12.44,-0.01449275362318847,-0.01449275362318847,0.022325583513796765,0.07258970442832324,0.04358083635139787,-0.04806161971184797,0.01630790438541485,0.030549535603077826,<15 (economico)
1913-04-30,12.43,0.003409090909090695,0.003409090909090695,0.021208616784337275,0.06891489202867729,0.048976499729135536,-0.051795489422340024,0.012225012665985968,0.03587782277979423,<15 (economico)
1913-05-31,12.22,-0.022753128555176305,-0.012678418540281067,0.03388260741360405,0.06673273293426507,0.06377178829058017,-0.045992089485691445,0.009123046306029226,0.04994978246573556,<15 (economico)
1913-06-30,11.49,-0.04561403508771955,-0.055352667382743026,0.04535230590254469,0.06812541089534685,0.07492814240930934,-0.036072368441596336,0.010880834084041613,0.061085918010633566,<15 (economico)
1913-07-31,11.53,0.018472906403940836,0.008185301288749613,0.044659140277388154,0.06310721220797122,0.07831531121966817,-0.039922574952088286,0.00597627686154234,0.06331996139387353,<15 (economico)
1913-08-31,11.85,0.03159173754556477,0.03159173754556477,0.04152315295075759,0.06089829516670053,0.074084205566878,-0.04656339100911555,0.004471594752088581,0.05874505152004805,<15 (economico)
1913-09-30,11.84,0.014201183431952646,0.004059171597633027,0.03888662776191887,0.06062133352393628,0.07306670895515599,-0.050733344812375236,0.0046331711161897715,0.05827375266168744,<15 (economico)
1913-10-31,11.47,-0.02696365767878084,-0.02696365767878084,0.054637893148539396,0.06252515611559484,0.06925723496400926,-0.03998200228946247,0.005853220572732631,0.05451679486714034,<15 (economico)
1913-11-30,11.07,-0.020581113801452777,-0.03027833049648787,0.06566428935045021,0.06844274703538678,0.07184910766421626,-0.03161697812381692,0.012462117026901254,0.057598978954159774,<15 (economico)
1913-12-31,11.17,0.003726708074533791,0.013763975155279162,0.06190465033182169,0.07215806685557324,0.07288039596388529,-0.03929791368598745,0.014972340468885736,0.0580900081220459,<15 (economico)
1914-01-31,11.64,0.04601990049751237,0.04601990049751237,0.05232537293705164,0.07132433374934188,0.07363582701572935,-0.04796425842387009,0.014183076209894674,0.058835025041721334,<15 (economico)
1914-02-28,11.91,0.01787136598964567,0.028152894939035944,0.05065895904957607,0.0704450409289521,0.07669573168113586,-0.047892899172136905,0.01291977374709985,0.060918857860429165,<15 (economico)
1914-03-31,11.69,-0.014249213836478036,-0.014249213836478036,0.06124336726081547,0.07045522870261234,0.07482267856421809,-0.040658441923316024,0.013520217333057527,0.05907325068001468,<15 (economico)
1914-04-30,11.52,-0.019381009615384692,-0.009374693386970279,0.07358862481082906,0.07062071375990531,0.07695095994558065,-0.034972204991205014,0.013242404940129182,0.06063181317213595,<15 (economico)
1914-05-31,11.48,0.010878489326765273,0.0006675954951818053,0.08680661180345872,0.06964808043754767,0.07081615915757133,-0.023433168011476768,0.013350167114919431,0.05512543899299449,<15 (economico)
1914-06-30,11.43,-0.00025499796001626773,-0.00025499796001626773,0.09370858404494364,0.07223477938994227,0.07173407429361478,-0.017231294473778025,0.015800722455151517,0.0556344592658069,<15 (economico)
1914-07-31,10.69,-0.050738007380073946,-0.060230627306273266,0.11333583885753606,0.08326538201922817,0.07213822424774707,-0.003410425100666137,0.026680358433409435,0.0565633455122605,<15 (economico)
1914-08-31,10.49,0.004828559027777679,-0.014873961737472907,0.09799762632543074,0.08692849855158613,0.06996413432787518,-0.016607747770124637,0.03279969464990673,0.05546537061867407,<15 (economico)
1914-09-30,10.5,0.00477430555555558,0.00477430555555558,0.1014969576282656,0.08588956671464176,0.06862470644176133,-0.014584621036757395,0.031207508471323253,0.05336352030253577,<15 (economico)
1914-10-31,10.61,0.004720052083333259,0.01466777537128694,0.11252835407521333,0.08450000830319704,0.06901488112669041,-0.009989847981817013,0.02827399430390609,0.05361787766194315,<15 (economico)
1914-11-30,10.52,0.0046657986111111605,-0.00518386608115462,0.10591452558239389,0.09041743321166051,0.07045621425460813,-0.018235665556345593,0.03490374544701891,0.055558306905733934,<15 (economico)
1914-12-31,10.17,-0.03835720486111116,-0.02883598906765683,0.10907356195771989,0.10095089528838241,0.07311676768140596,-0.021564353375629897,0.04326701386594789,0.05805394212706938,<15 (economico)
1915-01-31,10.36,0.022448979591836782,0.022448979591836782,0.10302300134457143,0.10344505702978712,0.07214286214757482,-0.03096964446308914,0.04563049500138261,0.05631095009178466,<15 (economico)
1915-02-28,10.33,-0.008680926916221132,0.0012322638146167186,0.08722030664628555,0.10582095149666859,0.07118811064872466,-0.04871503435416924,0.04744678809890135,0.054459042232145594,<15 (economico)
1915-03-31,10.71,0.030507000903342574,0.04091616252862895,0.09661149394888269,0.1000663221891378,0.0663156654580015,-0.04437701450064113,0.04034594415268722,0.0491353508710628,<15 (economico)
1915-04-30,11.4,0.07994826067811545,0.06914877807133424,0.07921711403423815,0.09097277142946858,0.06628710015630968,-0.06328038153410909,0.03338241492939953,0.049252954709718466,<15 (economico)
1915-05-31,11.03,-0.019007985257985305,-0.028720777483153825,0.07056176233218969,0.09701474852594405,0.07155738214808327,-0.07166963071135668,0.039537099937396736,0.054963774301076906,<15 (economico)
1915-06-30,11.15,0.015767295597484132,0.015767295597484132,0.0646488715993061,0.09772799036644075,0.07291086751958997,-0.07946264714296847,0.03901799840451603,0.05668047955273292,<15 (economico)
1915-07-31,11.11,0.000673714759535704,0.000673714759535704,0.06540001930654138,0.10113986229114658,0.07580140520745626,-0.0779291171648332,0.04106368045928188,0.059527290823496726,<15 (economico)
1915-08-31,11.58,0.046876820640865624,0.046876820640865624,0.04846330895946083,0.09804922713849407,0.07702996202270773,-0.08816070452054925,0.03814166472162395,0.06073726272703328,<15 (economico)
1915-09-30,12.01,0.041384231536926164,0.041384231536926164,0.04842457547958534,0.09656912417751151,0.07614128845307722,-0.085475240180511,0.036742313477711175,0.05986203250786892,<15 (economico)
1915-10-31,12.55,0.05954099307159355,0.049153336276773985,0.03775709378385406,0.09424191966966022,0.07461352251776798,-0.09208512849536699,0.035561840792579735,0.05887886871834436,<15 (economico)
1915-11-30,12.86,0.038915937272064216,0.02882937477427694,0.020351953018138413,0.09385684044305687,0.0775457156985413,-0.10466738129271957,0.03446775735163121,0.061899977046131704,<15 (economico)
1915-12-31,12.88,0.005894996476391912,0.005894996476391912,0.0014534233043372868,0.09542006346608134,0.07738720268222332,-0.11765616739922458,0.03652339889318301,0.06174376560569117,<15 (economico)
1916-01-31,12.54,-0.01204289732770758,-0.02154248485340271,0.01378366407469711,0.09884250474984624,0.0810945343056142,-0.10132794636561493,0.04076692232576362,0.06591208056466846,<15 (economico)
1916-02-29,12.35,-0.009996427295462684,-0.009996427295462684,0.015598344768303685,0.10055960003819275,0.08480999135323652,-0.09392303902032606,0.04239326638405028,0.06957535923846536,<15 (economico)
1916-03-31,12.18,0.0008306159420290449,-0.008701104209799748,0.011423037839275008,0.09323340275776104,0.08605801645001487,-0.09493351416021356,0.03702642348363372,0.07170797423856223,<15 (economico)
1916-04-30,11.91,-0.00670210832424567,-0.01607284315137536,0.014879397041218656,0.09136480477871611,0.08664822798237992,-0.08811537323072871,0.03565528947479635,0.07279870607635752,<15 (economico)
1916-05-31,12.03,0.02639930172730609,0.016806784888733217,0.016837620633365136,0.08977463000487629,0.08244244982175375,-0.08053816344778386,0.035697840778851075,0.0691483647603588,<15 (economico)
1916-06-30,12.0,0.014061488673139166,0.0046720304446841165,-0.001541688884468817,0.09380271722696909,0.08410847523929821,-0.09445058590951083,0.04107986437556388,0.07090260024843253,<15 (economico)
1916-07-31,11.79,-0.009481837606837518,-0.009481837606837518,0.000985462108042734,0.09983833470096837,0.08790976730346034,-0.09318672787118876,0.04801481879433278,0.07426969285611817,<15 (economico)
1916-08-31,11.73,0.012150595882990167,0.0028648105996600393,-0.002653797650969625,0.10324357267463724,0.08848859372103535,-0.09481659221867766,0.05283213200177306,0.07495134030430584,<15 (economico)
1916-09-30,11.94,0.04549014336917545,0.026652483128289495,-0.005440559977992976,0.10046290394261415,0.086848996630976,-0.09199606641330849,0.0514869821193793,0.0743083615147686,<15 (economico)
1916-10-31,12.05,0.03553288567493129,0.017204869999268846,-0.008525389278029705,0.09459848052742448,0.08788753502698632,-0.09157374738630009,0.047156079601410106,0.07629549146033687,<15 (economico)
1916-11-30,12.05,0.02754091516366075,0.009670638378205698,-0.0024227112593684375,0.09351092132104988,0.08807128843309942,-0.08171757662692825,0.047359032055206196,0.07742200371443753,<15 (economico)
1916-12-31,11.41,-0.035674175644792694,-0.04398732930302718,0.012937758443506864,0.10042431483599534,0.0892811458715792,-0.06488475452783748,0.05489358235931685,0.07908705898456225,<15 (economico)
1917-01-31,10.99,-0.018707482993197355,-0.027094598523169977,0.017557769060578376,0.10223849167940968,0.09216523022971601,-0.05459279904002834,0.05874251842372602,0.08202347684951206,<15 (economico)
1917-02-28,10.06,-0.051455938697318127,-0.07516954022988531,0.033903494887721264,0.11067911837215583,0.09683404243997096,-0.03452971513607561,0.07016762057715176,0.08802538435416696,<15 (economico)
1917-03-31,10.33,0.036375968992248264,0.036375968992248264,0.03517507020558441,0.10887495889208432,0.09500211330517927,-0.03103796900306366,0.06904525554680396,0.08582441448258749,<15 (economico)
1917-04-30,9.64,-0.009734156820623063,-0.056889673162498156,0.05050823617762856,0.11311391317146735,0.09237133460108038,-0.007043377898712566,0.07838057278674104,0.08548048616162807,<15 (economico)
1917-05-31,9.14,-0.0283233369683753,-0.04350578482824463,0.06566291585751771,0.12056190184104221,0.09166238115832193,0.010458665493242147,0.0866806275226597,0.08525230916975035,<15 (economico)
1917-06-30,9.15,0.026092927012791423,0.0103068819818255,0.059192575876581666,0.11956771958327939,0.08840792457639557,0.007442583974472949,0.08615907826062164,0.08285607709521603,<15 (economico)
1917-07-31,9.0,-0.021893436578171,-0.006610521524704982,0.06640901394049359,0.12495975185364605,0.09299510050457727,0.009959468078223344,0.09157447429833798,0.08620128826463302,<15 (economico)
1917-08-31,8.57,-0.023551384148653765,-0.038573670546366734,0.08043898854120912,0.13393964831948857,0.09507910871856495,0.028886101137411302,0.10263413030197066,0.08911630870435538,<15 (economico)
1917-09-30,7.95,-0.041747753028526735,-0.06336246536622925,0.09630398940536589,0.14550886900670834,0.08932191179387128,0.048768669843602286,0.11578112339106372,0.08425436409081621,<15 (economico)
1917-10-31,7.39,-0.04743944991789817,-0.06155145806726259,0.11285106475787199,0.14974065155174388,0.0837069546587852,0.06649912907601419,0.12092960384112716,0.07947081751849261,<15 (economico)
1917-11-30,6.75,-0.07608181423611116,-0.07608181423611116,0.12020205355986069,0.16191688915862112,0.08332016231629114,0.07226285570298874,0.1334538214031351,0.07945642207551562,<15 (economico)
1917-12-31,6.41,-0.026051136363636318,-0.0402693679495687,0.12669790438049122,0.16811580482457944,0.08419533548876523,0.08037433590915333,0.14117788402451725,0.08149729676774675,<15 (economico)
1918-01-31,6.64,0.06875000000000009,0.045848214285714395,0.11589966596819945,0.16126338686811703,0.08231929294639251,0.07594209314557343,0.13694361427471313,0.08155194988482894,<15 (economico)
1918-02-28,6.78,0.03837263060564022,0.031008285707727845,0.11785197402785719,0.15593656357332697,0.07930132155779779,0.07935986269592199,0.13385181972438454,0.07930132155779779,<15 (economico)
1918-03-31,6.69,-0.012673844773440912,-0.00562151509325115,0.12532513379101196,0.16389684942170923,0.07664317361940554,0.08503005856704715,0.14084773661108407,0.0762600931331836,<15 (economico)
1918-04-30,6.52,-0.002060439560439664,-0.01611592632719394,0.11884978996605255,0.1716693839657848,0.07486942425670295,0.0805680260289574,0.15009656207964217,0.07486942425670295,<15 (economico)
1918-05-31,6.58,0.039412852519648656,0.017907759019242242,0.10062662371317166,0.17109743310664816,0.0736224529827918,0.06742230474480682,0.15126946109212258,0.07512517144085828,<15 (economico)
1918-06-30,6.5,0.008512544802867339,-0.00520871431009684,0.09139463026804262,0.16465027519906394,0.07472014058066412,0.060121141113416376,0.1471696697556133,0.07696179947560822,<15 (economico)
1918-07-31,6.37,0.015100671140939603,-0.011789412862793891,0.08188106634332759,0.16416852385662328,0.08396895132028659,0.054069435657970955,0.14977784655617232,0.0876889948353714,<15 (economico)
1918-08-31,6.3,0.01620062139369738,-0.0035954946074786553,0.08063386733067146,0.16640711345322834,0.08366814847777415,0.05823835077162487,0.15425727535231992,0.08845728153127341,<15 (economico)
1918-09-30,6.15,0.0014291996481969882,-0.017706390153997775,0.08281075438376839,0.17456785581452827,0.08133380529583456,0.06322897048088505,0.16322430060693738,0.08716085709295451,<15 (economico)
1918-10-31,6.29,0.049071618037135334,0.029401525198939016,0.07047140512659578,0.17168193182014058,0.08469102049231747,0.05387680621545643,0.1632388179519939,0.09195726542210547,<15 (economico)
1918-11-30,6.33,0.03170059372349443,0.01271223923778586,0.07122844886576751,0.1760506779534765,0.08325143490022202,0.05854761520763341,0.16974703314453432,0.09152139160583284,<15 (economico)
1918-12-31,6.13,-0.013854425144747773,-0.025807704839962864,0.08251048713674947,0.17850855412040056,0.08260799807372332,0.07230833220046673,0.17430665618619434,0.09153842011008173,<15 (economico)
1919-01-31,6.1,-0.00031645569620253333,-0.00031645569620253333,0.09066630682877852,0.18731256772579274,0.08199244532804695,0.08038728710724041,0.18307927963624837,0.09091778967625386,<15 (economico)
1919-02-28,6.24,0.009837579617834491,0.0285382755366832,0.09060373566501712,0.18710953831939237,0.08121489152831773,0.07761665379426042,0.18070848685793917,0.08952457196288499,<15 (economico)
1919-03-31,6.36,0.03641391708967845,0.023774722978828766,0.07974705143683303,0.18527499078762988,0.07942672484434854,0.07075860760400654,0.18102370203858165,0.0883901899520192,<15 (economico)
1919-04-30,6.46,0.038998357963875296,0.02033371680284768,0.06766100743079262,0.18039267396859393,0.07035290722918108,0.06386590777885326,0.17898826413229463,0.08060970153064195,<15 (economico)
1919-05-31,6.83,0.0746593166468017,0.061941454911336624,0.05276044841604377,0.17401252054390093,0.0686492423588081,0.05151898216824069,0.17332009005685367,0.07953210608623573,<15 (economico)
1919-06-30,7.02,0.03189613526570034,0.03189613526570034,0.05118259004736325,0.1728838720139838,0.06811970498791431,0.04994298448677692,0.17150480410427416,0.07899717603567002,<15 (economico)
1919-07-31,7.05,0.0375497647484615,0.007735116336149428,0.05400710812060927,0.17889855499617702,0.06764473084025924,0.05767969577589316,0.17957823316677501,0.08009080561513193,<15 (economico)
1919-08-31,6.48,-0.06250701016473881,-0.07839672185686197,0.07597096080920962,0.19341848541058715,0.07052130966209935,0.08468945819963336,0.19614953801252977,0.08392697822823725,<15 (economico)
1919-09-30,6.56,0.02088782412626844,0.015152499271626318,0.07050332089764644,0.19591452982336288,0.07503713817564606,0.07912759251477075,0.199326782995074,0.08763584499642185,<15 (economico)
1919-10-31,6.79,0.05604883462819088,0.03854526278352477,0.05717779120092481,0.17651907014627333,0.0728465797523623,0.06801673215800519,0.18184961539315658,0.08671371451038468,<15 (economico)
1919-11-30,6.47,-0.024844244984160713,-0.04592869374125985,0.07513750036491507,0.1442016304832201,0.07343548104763808,0.0909194037357206,0.1519009191675551,0.08849924182612412,<15 (economico)
1919-12-31,6.16,-0.024543888284367155,-0.04518846207729055,0.09288771765213011,0.15196870121636374,0.07369964268637896,0.11239412216409184,0.16287762756511448,0.08993223468342482,<15 (economico)
1920-01-31,5.99,-0.005138266068759223,-0.025757162108785203,0.1038672742084632,0.1546501423834914,0.07389659512257651,0.12828574030691486,0.1687093897756995,0.0916655135119051,<15 (economico)
1920-02-29,5.46,-0.07768686296715754,-0.08714648488544319,0.12473982438853981,0.17152990629263187,0.0781246086066758,0.15332924782832968,0.18771419927421884,0.09613561260907444,<15 (economico)
1920-03-31,5.8,0.07578909465020578,0.06486737795324937,0.10353203471998729,0.16770991947099056,0.07411551177510978,0.13258021200628844,0.18574942200518674,0.09261686057984941,<15 (economico)
1920-04-30,5.6,-0.003027681660899728,-0.0324948437792969,0.10285648042710305,0.17565015492910008,0.07503588387905835,0.14002012388107432,0.19669318303574634,0.09519476956142126,<15 (economico)
1920-05-31,5.19,-0.05771996124030998,-0.07144248607661619,0.12412137330757678,0.17580031057076195,0.07054428511608912,0.16406552871292868,0.19931046184271373,0.09141921793197993,<15 (economico)
1920-06-30,5.04,-0.011975806451613003,-0.02615797190924518,0.13183489221549105,0.16517766814609214,0.06667803960522178,0.17274806683069266,0.19090152876021027,0.08787679408404481,<15 (economico)
1920-07-31,5.08,0.004208754208754106,0.009036680911680639,0.13807863183236613,0.16262214661904983,0.06848031583852476,0.17541244056957472,0.18914308900021326,0.08984137292478311,<15 (economico)
1920-08-31,5.02,-0.033730509903076245,-0.009930768767684062,0.14998025673978388,0.16556879777068834,0.07171555236691263,0.18193866109301982,0.1899785203231974,0.09181217577097933,<15 (economico)
1920-09-30,5.3,0.0411918859649123,0.056809764254385886,0.14692451152185781,0.16127135679843518,0.07204317558181117,0.17529308311703895,0.18311212415560085,0.0913332181790869,<15 (economico)
1920-10-31,5.35,0.006723845828038977,0.011782759626169925,0.15380119869528208,0.1439548744608785,0.0724641429375148,0.1811551498528836,0.16558998283214055,0.09148816951450156,<15 (economico)
1920-11-30,5.13,-0.045333121827411116,-0.04051157193765065,0.17265692866547355,0.14120987225612347,0.07646635027355897,0.19522456642449115,0.16291414799454396,0.09528544458465538,<15 (economico)
1920-12-31,4.78,-0.08387143493761151,-0.06498218617343843,0.1982036183817364,0.14392050263890677,0.07921698791826581,0.2176440937840045,0.16544941811439084,0.09657389733562605,<15 (economico)
1921-01-31,5.12,0.05029368575624105,0.0724051317721619,0.19103798278993422,0.14230650410519186,0.07695871878003557,0.20532933257111008,0.1628355414098066,0.09313998675299984,<15 (economico)
1921-02-28,5.27,-0.0011040787623066706,0.03146861432153125,0.19262840420693528,0.1514066281310924,0.0738486780601566,0.1992179126020015,0.16982404083785552,0.08823583370019694,<15 (economico)
1921-03-31,5.19,-0.019573890462700638,-0.014216370738453166,0.1816611132949446,0.15640231460114018,0.07553958163731278,0.1882263014140899,0.1750101046658714,0.08926747258707124,<15 (economico)
1921-04-30,5.3,0.01038638565891481,0.021550876108184625,0.17361446156277638,0.1442641789571355,0.07359873913154269,0.17622542055258617,0.16214679888149064,0.08632336265021512,<15 (economico)
1921-05-31,5.61,0.036339845634346446,0.05975995514020749,0.16794335703524665,0.12928562143901456,0.07082708886857514,0.16662810216926016,0.1458611157542402,0.08193180515530041,<15 (economico)
1921-06-30,5.22,-0.07433052434456933,-0.06907103868743636,0.1982517155637813,0.13495564340199762,0.07713564613699875,0.1968946886204228,0.15247751425316225,0.08687641583052041,<15 (economico)
1921-07-31,5.2,0.003117048346056084,-0.0025502796107012005,0.20845347736652253,0.13890475895732335,0.07996343325340427,0.21120311553678017,0.15714301890930682,0.09003852510989874,<15 (economico)
1921-08-31,5.16,-0.006115364982133831,-0.006115364982133831,0.22038503558862121,0.13673943934628174,0.08033564838134666,0.22456453426638978,0.15494302417584183,0.08967768395851583,<15 (economico)
1921-09-30,5.38,0.030965116279069838,0.042747574750830575,0.21764326416429602,0.11583472722570165,0.07915290187356194,0.21764326416429602,0.13316865398757138,0.08714140830061301,<15 (economico)
1921-10-31,5.48,0.01957261724659598,0.01957261724659598,0.20844832597426044,0.09858727858895233,0.07622538561288073,0.20707195756537322,0.11639978377593052,0.08347916083302986,<15 (economico)
1921-11-30,5.84,0.05955597014925362,0.06564537227654821,0.19867016675768467,0.09447356239986937,0.07088231592412364,0.1945790468233266,0.113085349984966,0.07744019485911524,<15 (economico)
1921-12-31,6.11,0.040889990557129385,0.04690669570485828,0.19546700928890837,0.06854629787246047,0.06550433096109498,0.1900142527790709,0.08683262984445062,0.07137359747687633,<15 (economico)
1922-01-31,6.29,0.003875968992248069,0.027636346956561697,0.19396630784052493,0.0672225437546643,0.0666746714712887,0.18566446202230047,0.0852006802336116,0.07061009807030616,<15 (economico)
1922-02-28,6.46,0.02721689497716895,0.02721689497716895,0.19315594742419884,0.06431064881243764,0.06390719736142514,0.18621852384941917,0.08376511280183752,0.06749347179278731,<15 (economico)
1922-03-31,6.82,0.04276474530831087,0.05525294585092522,0.18782195383986955,0.061066081439012265,0.05909486030141298,0.17946598715666817,0.07994409822803572,0.06136481136349459,<15 (economico)
1922-04-30,7.27,0.06581072351421202,0.06581072351421202,0.1794506135470153,0.026825770360048073,0.05387153090358998,0.17115353670025346,0.04584404228153205,0.055801324466365765,<15 (economico)
1922-05-31,7.59,0.043815468940316515,0.043815468940316515,0.178289079194625,0.0102284348021362,0.05258932466695909,0.1686522433420008,0.03043162412303113,0.05386602664590434,<15 (economico)
1922-06-30,7.56,-0.004681516217272419,-0.004681516217272419,0.18338431299480273,-0.0025802217329049526,0.05578262270483836,0.1710260833265076,0.018112412033071346,0.057063197884688055,<15 (economico)
1922-07-31,7.6,0.011883629191321576,0.005860512350896796,0.186725193379915,0.002238371124994698,0.05742411478758225,0.17978480384660944,0.023641921134939237,0.05869894925043839,<15 (economico)
1922-08-31,8.02,0.04239326282804545,0.05495221780187731,0.19008952811580482,0.04031991100949006,0.055254960398625874,0.18166823709907298,0.062048482217970546,0.05557381767719649,<15 (economico)
1922-09-30,8.27,0.030703095507738754,0.030703095507738754,0.1969221873257605,0.04745910266307374,0.05452938350743808,0.1870754257957381,0.07013213134560936,0.05484802154470536,<15 (economico)
1922-10-31,8.43,0.026651030169241974,0.020503419210144758,0.18785308087766528,0.03000327357743382,0.05718842266645341,0.1781380242251196,0.053719671986229844,0.05718842266645363,<15 (economico)
1922-11-30,8.0,-0.045161087113030796,-0.05084465207069144,0.20518512979132342,0.034426453725252104,0.0607641788526605,0.1981367800072622,0.05967613435373953,0.0607641788526605,<15 (economico)
1922-12-31,7.96,0.0025170454545453413,-0.0034150080688543083,0.21105624513541144,0.03140343192201667,0.061188060836247615,0.2054034603578192,0.05801082953781145,0.061188060836247615,<15 (economico)
1923-01-31,8.15,0.018507972665148253,0.024570520121488304,0.20847124056656896,0.03412442298477414,0.06356098908118146,0.20140367244202184,0.06180496593386864,0.06324543824229689,<15 (economico)
1923-02-28,8.53,0.047487827715355646,0.047487827715355646,0.1953186737159296,0.017107758995265065,0.06440993812830276,0.191094827151715,0.045965893444905204,0.0640941354123874,<15 (economico)
1923-03-31,8.7,0.020773168103448425,0.020773168103448425,0.20379065162278587,0.015356531489679748,0.0654110216782724,0.1995368679919456,0.04499073632016559,0.06415827620156311,<15 (economico)
1923-04-30,8.37,-0.030443619653587883,-0.03618063965563767,0.22698252941032826,0.0294100168214968,0.06904399227939861,0.2240988723017847,0.06008333157154411,0.06748664416539407,<15 (economico)
1923-05-31,8.0,-0.04252106227106234,-0.04252106227106234,0.2460803403083871,0.06081906238145951,0.07365936181757315,0.2417029006717457,0.09242827198847903,0.0717881427229834,<15 (economico)
1923-06-30,7.67,-0.03308054594386767,-0.0387683074383155,0.24282292207001777,0.08177419950618492,0.0766269136467772,0.24136591580943856,0.11378442190038074,0.07506760581417482,<15 (economico)
1923-07-31,7.35,-0.028377298161470832,-0.039675236554942095,0.25271473371770603,0.09374096709947177,0.07949517584464227,0.2541764818426191,0.12393240904853431,0.07887136355605118,<15 (economico)
1923-08-31,7.44,0.010356699751860932,0.016265218463860087,0.25898844691490774,0.08743400371564869,0.07643618566581845,0.25898844691490774,0.11595100346749598,0.07581052552012935,<15 (economico)
1923-09-30,7.46,0.01155658436213991,0.00567544142980192,0.27410043013276053,0.0856581189462402,0.07717483325340013,0.27262406413786144,0.11477837659724699,0.07655236183066405,<15 (economico)
1923-10-31,7.32,-0.00935582822085912,-0.015082095109755889,0.2824616732208953,0.07603196775370691,0.07741092931075122,0.2839494517860346,0.10553473201953922,0.07710048012357862,<15 (economico)
1923-11-30,7.55,0.035353881278539,0.035353881278539,0.2911300092704532,0.07526632829725854,0.0732323550368732,0.2926278439369474,0.10474810017525016,0.07292310987961304,<15 (economico)
1923-12-31,7.81,0.03918077388149954,0.03918077388149954,0.28301982164492845,0.0736032117162444,0.07211215056075826,0.2860070945577615,0.10303938407869495,0.07180322818337692,<15 (economico)
1924-01-31,8.07,0.037914230019493234,0.037914230019493234,0.29252285933219246,0.07595230756836813,0.0720472298903918,0.2955322582999731,0.10545288770237193,0.0717383262194935,<15 (economico)
1924-02-29,8.16,0.009547942619856364,0.015417407402529948,0.2921549870811473,0.08298292233138582,0.07140722073030492,0.29366275663045016,0.11119246769181745,0.07078808226138666,<15 (economico)
1924-03-31,8.06,-0.01415539270950783,-0.008390219567458224,0.30111659199914387,0.07920794759077543,0.07388213763512308,0.3026437283544632,0.10667368161374058,0.07294870945048282,<15 (economico)
1924-04-30,7.92,-0.01786398467432937,-0.012086713995942966,0.3050273963939296,0.083318634901554,0.07414278457266299,0.30656816502726447,0.11023762687792726,0.07258707457128089,<15 (economico)
1924-05-31,7.9,0.0017323529411765737,0.0017323529411765737,0.3092298447074129,0.0719855134446914,0.07522072394217294,0.3092298447074131,0.09862289279506897,0.07366345273209296,<15 (economico)
1924-06-30,8.05,0.024186343959071266,0.024186343959071266,0.3086751914037431,0.07123360301323745,0.07663267895433701,0.3071409841461521,0.09703024122294068,0.07476711686260407,<15 (economico)
1924-07-31,8.38,0.05156431054461175,0.04541481165253791,0.3185886435341192,0.06112536315935624,0.07552775003640977,0.3155256867629883,0.08731611928705774,0.07367480605146737,<15 (economico)
1924-08-31,8.72,0.03932908822443704,0.04544278874340435,0.3236859852133558,0.05326454341160636,0.07288589757930186,0.31906298754150875,0.07862846430530324,0.07072346294299181,<15 (economico)
1924-09-30,8.58,-0.00478854389721628,-0.010608493932905083,0.33601786629056285,0.05163434498476338,0.07248217492017339,0.3329144230825747,0.07599556518842654,0.07063447792220301,<15 (economico)
1924-10-31,8.42,-0.008063063063063036,-0.013830138277812654,0.30933238849582856,0.053750859678018514,0.07444252009113317,0.30781519741051255,0.07958641206359673,0.0729042011167289,<15 (economico)
1924-11-30,8.89,0.06084976268711206,0.06084976268711206,0.2177022666924946,0.050860406056881136,0.07112148647841177,0.21629125216338996,0.07662509115418037,0.0695879223502891,<15 (economico)
1924-12-31,9.31,0.05868170816044249,0.05256216071442843,0.2142435742923361,0.04598633963356269,0.06944351385794922,0.21565221331868067,0.07305045551308553,0.0679210716832408,<15 (economico)
1925-01-31,9.69,0.04584973753280841,0.04584973753280841,0.2077692513008058,0.04172863844091079,0.06882622160521734,0.21058131726307416,0.06710049928520245,0.06730465819759446,<15 (economico)
1925-02-28,9.83,0.012871770636420976,0.018760560000586235,0.2202664932613787,0.03763992429532248,0.07010222973146418,0.22312429153584845,0.06151824071481915,0.0682691608370718,<15 (economico)
1925-03-31,9.52,-0.021881443298968906,-0.027535307788570274,0.2356201842177934,0.03360049795765652,0.07145504392614832,0.24141467145624795,0.057999015263912046,0.06992973817036052,<15 (economico)
1925-04-30,9.48,-0.006075553416747037,-0.0002969229133559237,0.25324855166063887,0.042159996779770115,0.07331537773983121,0.2561835921359743,0.06536723197703131,0.071476804771619,<15 (economico)
1925-05-31,9.73,0.03669503891050585,0.030702582038190762,0.22985507007171346,0.046690780391908326,0.07356914832779071,0.2356225215909602,0.07061937967831833,0.07174058268648054,<15 (economico)
1925-06-30,9.8,0.022390826264530483,0.010706359678650301,0.19950269044001367,0.04865480314241499,0.073541985631838,0.2093359957831038,0.07464320885910491,0.07173399801739522,<15 (economico)
1925-07-31,9.96,0.032214506172839386,0.02055106542512375,0.18769496061339375,0.051046014298526066,0.07092543139741592,0.20303413279491211,0.07831835945379106,0.06972948515142963,<15 (economico)
1925-08-31,10.11,0.017861861861862005,0.017861861861862005,0.18136864904804972,0.05641305546707387,0.07035464857552709,0.1980730688012764,0.08382466360152319,0.06915933974607147,<15 (economico)
1925-09-30,10.36,0.02743185185185193,0.02743185185185193,0.17579766634430194,0.05609400007689813,0.0726193760613969,0.19098318405111114,0.0834973294218313,0.0714215381180967,<15 (economico)
1925-10-31,10.72,0.037268317405154905,0.037268317405154905,0.13419257692105524,0.055337217501834735,0.07302485695091177,0.1502299323233256,0.08272090999422876,0.0718265661905122,<15 (economico)
1925-11-30,10.89,0.03526562938043165,0.01801120222409125,0.11060612929390246,0.061477815460738494,0.07306604052381793,0.13147717474673604,0.0900596497443813,0.07276883271936718,<15 (economico)
1925-12-31,11.15,0.020362969004894094,0.02606332078704443,0.09209661553597148,0.05965119976951039,0.07305991484171792,0.11549208271699896,0.08757778647959391,0.07216852521486117,<15 (economico)
1926-01-31,11.34,0.019261637239165408,0.019261637239165408,0.09556888040166411,0.06363322046005537,0.0742952980486189,0.12183986552576842,0.09166475136887153,0.07340288219036473,<15 (economico)
1926-02-28,11.39,0.0055830039525690545,0.0055830039525690545,0.11160963350171915,0.06928576816645826,0.07430996895167508,0.14115063837975295,0.09746626919269619,0.07371328970089253,<15 (economico)
1926-03-31,10.71,-0.06383188634569847,-0.0585725149206745,0.1316834396674358,0.0789297254547019,0.0763970441121824,0.16194090673116168,0.107549389328216,0.07490712624054341,<15 (economico)
1926-04-30,10.4,-0.02354995766299739,-0.029004985832477792,0.11564790152716675,0.08195203492627279,0.08121565322288005,0.14823668877688068,0.11127425839031058,0.07972730660029903,<15 (economico)
1926-05-31,10.58,0.011541811846689898,0.017224631014367775,0.09190741751906328,0.07515960173423863,0.08087465569920149,0.12546379960857124,0.10367925939687939,0.07879207488025841,<15 (economico)
1926-06-30,11.2,0.05217344290657433,0.05811792563486029,0.075003103070022,0.07450015215293826,0.07794672750249321,0.10970867653366967,0.10157963712680229,0.07498865619848893,<15 (economico)
1926-07-31,11.87,0.046552436003303166,0.05851303527191232,0.07335869710293252,0.07611057412002298,0.07411031830149528,0.10549580746177001,0.10118230419378782,0.06749913434233767,<15 (economico)
1926-08-31,12.49,0.04392828843106189,0.04992787629560835,0.05882694009112499,0.07393095052293974,0.0709270953863883,0.0892797821321405,0.09753525647531958,0.06296704575138956,<15 (economico)
1926-09-30,12.69,0.019435975609756184,0.01361062717770034,0.02253851774673543,0.07340350796536921,0.061597520531336825,0.054554512122480414,0.0976250540869874,0.05348968963457046,<15 (economico)
1926-10-31,12.43,-0.018346471471471615,-0.023924048338111015,-0.0012862091521596009,0.08121773410176103,0.06157726499513427,0.03253867294605284,0.10624577128825563,0.05274715307456068,<15 (economico)
1926-11-30,12.62,0.017377112135176676,0.011629218846277434,-0.0006655608753340925,0.0826587148139486,0.060656232147923816,0.03715112000821108,0.10834789079934715,0.05088291455890048,<15 (economico)
1926-12-31,13.01,0.027056482183472452,0.027056482183472452,-0.044899456174783636,0.07825081539400425,0.06101065443911757,-0.007402505864021358,0.10383540135266967,0.05074295136655049,<15 (economico)
1927-01-31,13.19,-0.002409191994069748,0.008991845811712418,-0.0460669196284349,0.08218402743792574,0.0616245266439166,-0.006750599262421497,0.10581636618936963,0.050753687745820786,<15 (economico)
1927-02-28,13.63,0.02373569651741292,0.029619235003145228,-0.050621036067444836,0.08316155112236778,0.06259921040899652,-0.009839421563881623,0.10618113857770983,0.05141708129988376,<15 (economico)
1927-03-31,14.03,0.019663860419716794,0.025557871173587765,-0.052163309879252995,0.08130282727351057,0.05958089609955186,-0.011180256152101498,0.10286693006593217,0.04716283189012138,<15 (economico)
1927-04-30,14.49,0.028779139629896644,0.028779139629896644,-0.10604890907246367,0.0720152884068117,0.056306009279329494,-0.06605775716004936,0.09262714441601605,0.04392632605143776,<15 (economico)
1927-05-31,15.0,0.03868578465869099,0.03271632612617004,-0.1338615383074413,0.06350818502600708,0.053580437751475696,-0.09144115536335795,0.0838258681792099,0.041532808778223185,<15 (economico)
1927-06-30,15.12,0.017025510204081717,0.005468402133580685,-0.1593211071382944,0.05811536860104871,0.05471761726620805,-0.11483365033912307,0.07956312033022761,0.04301534906463256,15-20 (equo-basso)
1927-07-31,15.82,0.026248041190955806,0.044044249997735374,-0.15356835924716872,0.06193869403643326,0.056770073002957666,-0.11183566758242047,0.08085455129952823,0.04367471574122361,15-20 (equo-basso)
1927-08-31,16.86,0.05725306614104242,0.06339988629302518,-0.09060159620404551,0.057550334472449505,0.053004890901928725,-0.04546221759286739,0.0757642098027127,0.038957266274363356,15-20 (equo-basso)
1927-09-30,17.82,0.0606326679143272,0.05450184324430207,-0.08334010066009412,0.03589091243195419,0.04876076839048671,-0.03529063642216279,0.05361840364989612,0.0339328798335099,15-20 (equo-basso)
1927-10-31,17.54,-0.011658795749704964,-0.017338917613212268,-0.10687040286466976,0.021465807954833105,0.050941627592687055,-0.057559365456312794,0.039545428973431385,0.036381531814426715,15-20 (equo-basso)
1927-11-30,18.13,0.026562250199840154,0.03249613603914536,-0.11213799298048333,0.010040033870943876,0.04918057570477097,-0.06278354153181231,0.02803144261987378,0.03412240546173906,15-20 (equo-basso)
1927-12-31,18.65,0.027175166080500412,0.027175166080500412,-0.12159898134081415,0.006303930347148157,0.04718379772198911,-0.07135913224688928,0.024937846491612126,0.0314885854037692,15-20 (equo-basso)
1928-01-31,18.81,0.007684230622374777,0.007684230622374777,-0.1150692823172047,0.008741914307003995,0.04632850126920207,-0.06157288216860146,0.02885895625166368,0.029989845810626026,15-20 (equo-basso)
1928-02-29,18.87,-0.008287221905305286,0.0033117579554513554,-0.13453356317745968,0.007746773850115352,0.04438498766090215,-0.08147980722390835,0.02737529053802601,0.027914595967951872,15-20 (equo-basso)
1928-03-31,19.94,0.057463914549653605,0.057463914549653605,-0.14358124924049842,-0.004069369311204274,0.04246159683702966,-0.08964395498488809,0.015328996936886607,0.0262403294030773,15-20 (equo-basso)
1928-04-30,21.26,0.0666210045662099,0.0666210045662099,-0.13634876020467457,-0.013933200770846144,0.04320207423209754,-0.08195596344053135,0.004562849151383164,0.026099319469968796,20-25 (equo-alto)
1928-05-31,21.83,0.03435008591065314,0.028336422620474977,-0.09689845292529542,-0.015739306599763192,0.04414950330613521,-0.03890090874868679,0.0040170206280165655,0.02711533539839972,20-25 (equo-alto)
1928-06-30,20.91,-0.04565291666666682,-0.040071939571150295,-0.05840534646067741,-0.008265910234465879,0.0489415679936156,-0.0006848724704343612,0.011050717351015038,0.031098724418304524,20-25 (equo-alto)
1928-07-31,21.08,0.010909568874868603,0.010909568874868603,-0.04505848704956483,0.009294327537678226,0.0473371566277514,0.007213959437136319,0.028952986900484756,0.028884975930190793,20-25 (equo-alto)
1928-08-31,21.76,0.03591118649965219,0.03591118649965219,-0.06074379369029348,0.006798263214070177,0.044174728202123426,-0.010835528164079067,0.026408305164743684,0.025568514305406742,20-25 (equo-alto)
1928-09-30,23.0,0.07374157398045167,0.06132837659339452,-0.07491315177479896,-0.00449957600388573,0.04011290887905394,-0.02348944676707765,0.016071215653246096,0.022173193499818167,20-25 (equo-alto)
1928-10-31,23.58,0.023578963942686215,0.029530004430725176,-0.09717005988959193,0.004158703812181308,0.04053327666600026,-0.04808788071729242,0.02504374089528616,0.02249903005685705,20-25 (equo-alto)
1928-11-30,25.12,0.07082060185185157,0.07082060185185157,-0.10450716158075213,-0.0022252499736156173,0.03426837601550137,-0.05582386255609917,0.018527010177867842,0.016761047464129764,25-30 (caro)
1928-12-31,25.3,0.006950346921075434,0.01283894544108155,-0.1016320739848866,-0.005488697222086225,0.03382848619799539,-0.05389644584572817,0.01460390801659539,0.016242721150838912,25-30 (caro)
1929-01-31,27.08,0.07692584593232543,0.07692584593232543,-0.10433044970683847,-0.013985294546853377,0.030837394152972708,-0.056738202309926766,0.005935649720814951,0.01351319657844896,25-30 (caro)
1929-02-28,27.13,0.008112094395280156,0.008112094395280156,-0.09232868983403653,-0.015233553495326402,0.028678967532026922,-0.04554050588027292,0.005382620793961568,0.011814311541374023,25-30 (caro)
1929-03-31,27.68,0.020508203281312642,0.02651119271237934,-0.10485363010122895,-0.016969004354059236,0.028396274107125752,-0.05981458251549687,0.0030223809556484404,0.011239657171662865,25-30 (caro)
1929-04-30,27.57,-0.003014811901952963,0.0028845087376805356,-0.10072442312872731,-0.029428620424967522,0.028763824986937747,-0.0565914422767142,-0.009559838238463625,0.01109072075284856,25-30 (caro)
1929-05-31,27.7,0.017965453586497926,0.011977421506577324,-0.12226799161296897,-0.027258071604739587,0.027754286555246255,-0.07810514291847637,-0.006759043890133487,0.010608379824382785,25-30 (caro)
1929-06-30,27.94,0.0220187061574435,0.016041988577575328,-0.12312738885665098,-0.02728673195544906,0.024053058684012196,-0.07930715603428573,-0.006205606827948351,0.007053097376231721,25-30 (caro)
1929-07-31,29.93,0.09200127469725938,0.07937698250422764,-0.14606648414461332,-0.03310995974995823,0.022658168418826286,-0.101305010493141,-0.011005700535502094,0.0066891305445586635,25-30 (caro)
1929-08-31,31.48,0.05957397003745335,0.05957397003745335,-0.16191135148322322,-0.039720024073217175,0.021788830423077332,-0.11798043383958934,-0.017766878810858033,0.005621635040066186,30-40 (molto caro)
1929-09-30,32.56,0.04244186046511622,0.04244186046511622,-0.17221556428571827,-0.03362253770126766,0.020613094310204305,-0.1314022593981361,-0.01365353622229637,0.004253944147848188,30-40 (molto caro)
1929-10-31,28.96,-0.103248136315229,-0.103248136315229,-0.15194118466145257,-0.021690499633600258,0.02777786319466191,-0.10881382673938522,-0.0007639872928321134,0.011728880132153563,25-30 (caro)
1929-11-30,21.17,-0.2619090151244493,-0.2619090151244493,-0.09312183838046273,0.0070460496419231244,0.04450993492817301,-0.04700326929011145,0.02858725063982903,0.027983236167443692,20-25 (equo-alto)
1929-12-31,22.01,0.0437317784256559,0.04979998643975869,-0.09895555894734276,0.0007484764886267481,0.043940789926167456,-0.05282344122628324,0.021562585815149138,0.02755881519053749,20-25 (equo-alto)
1930-01-31,22.31,0.01826323987538947,0.024217995664134406,-0.10148519265649403,-0.0012092367344673782,0.0443512183323882,-0.05937464973509565,0.01970053788986048,0.027881359195989663,20-25 (equo-alto)
1930-02-28,23.7,0.06637033625057565,0.07264310293440257,-0.11765453002488035,-0.00783354702260719,0.04229865817559131,-0.07873551104494703,0.011618183872925236,0.025560372970886425,20-25 (equo-alto)
1930-03-31,24.59,0.041221283051582125,0.047382355732360715,-0.13538965855060126,-0.01197710715810385,0.04090622670742183,-0.09831747438079341,0.006799229136072782,0.023670861935195076,20-25 (equo-alto)
1930-04-30,25.84,0.06687726260094684,0.06060151399741187,-0.1333742556902554,-0.016967635497547207,0.03927147008972276,-0.09646380825555012,0.0023050187617439377,0.022364712588325508,25-30 (caro)
1930-05-31,24.31,-0.0565157763812516,-0.05093302949593348,-0.10919455762089147,-0.025289365812133036,0.044301892359434714,-0.07234949500035637,-0.006766014997477199,0.026793197739891417,20-25 (equo-alto)
1930-06-30,21.87,-0.09769493177387922,-0.09232406827253337,-0.0832226514220965,-0.023494810034945246,0.050808152980384325,-0.04504783585874583,-0.006235284340731062,0.03266640807757115,20-25 (equo-alto)
1930-07-31,21.55,-0.01759990706319703,-0.005763761365163322,-0.06988093676655138,-0.01803850145607766,0.04808765602999321,-0.03346841736423167,-0.0011679594108434666,0.028731784481355938,20-25 (equo-alto)
1930-08-31,21.3,-0.008959322570433637,-0.002953015434496775,-0.055325748943344966,-0.014580497194224828,0.05193412850580614,-0.01952899867261948,0.0017439868057438357,0.03176889021929852,20-25 (equo-alto)
1930-09-30,21.07,0.003433942600609363,-0.0026108401861413277,-0.05142307309884864,-0.010329012609051502,0.0538734045951641,-0.014287960917289011,0.006673981936544449,0.0337710310416337,20-25 (equo-alto)
1930-10-31,18.21,-0.13371230349695218,-0.12846207503329732,-0.018035679912551617,0.005441179162555043,0.06391540882551205,0.01917411118910617,0.022097342751174143,0.04288048494633445,15-20 (equo-basso)
1930-11-30,16.94,-0.0679952566964287,-0.062312300944577625,0.014522721418486872,0.015395880672165907,0.06786831171041441,0.05015820603434684,0.03158965533940239,0.04622488091857746,15-20 (equo-basso)
1930-12-31,16.06,-0.06187725631768959,-0.04439670829876474,0.028169714290244396,0.01817329466908757,0.07138843843128839,0.06036202315560213,0.03176876973636222,0.04807231426270775,15-20 (equo-basso)
1931-01-31,16.71,0.03556845046206747,0.04859446870687334,0.03262847996509244,0.015349276037676551,0.07364757540257072,0.062301283813564146,0.02762169548894322,0.048793333267084016,15-20 (equo-basso)
1931-02-28,18.16,0.08138662911973293,0.09516225496839215,0.028573358438391816,0.0015149775916132313,0.07171359078285255,0.055454180638090156,0.012337914427685615,0.04562766366837567,15-20 (equo-basso)
1931-03-31,18.58,0.0238047480620156,0.030367599011131174,0.028635139179774338,0.0003312662579353365,0.06985514249124503,0.05570398864106618,0.009781636876750932,0.04327841756409434,15-20 (equo-basso)
1931-04-30,16.87,-0.09079672941623895,-0.0849309018640857,0.04927388316572512,0.007297330337923347,0.07598508153140626,0.07550167089365667,0.01544697225467373,0.04891875188803829,15-20 (equo-basso)
1931-05-31,15.4,-0.0915999369482976,-0.07972542632017088,0.05866866609242072,0.015394717231571375,0.08150480228951884,0.08231638196314606,0.02156920669753104,0.05341145232763678,15-20 (equo-basso)
1931-06-30,15.06,-0.026789369620842107,-0.013899162595952586,0.07399743654645441,0.0222612724328497,0.08235076808094455,0.09351014603479979,0.025009450231325392,0.0535420853201618,15-20 (equo-basso)
1931-07-31,15.52,0.03857245854361935,0.03857245854361935,0.07886950639938295,0.02407247664173129,0.08156867694131664,0.09688563166393882,0.02682552355863055,0.05278081092146114,15-20 (equo-basso)
1931-08-31,15.01,-0.02485054663875319,-0.02485054663875319,0.08925041744012163,0.02673055298823579,0.0855574912980368,0.10585329771613972,0.028100460422723073,0.056663455919057526,15-20 (equo-basso)
1931-09-30,12.82,-0.14368525179856118,-0.13797648681055164,0.12679871800950449,0.043676950723339436,0.09569990260154415,0.14245470054897802,0.04298370545537766,0.06577164263218171,<15 (economico)
1931-10-31,11.15,-0.12750070442378125,-0.12164500445347115,0.1705373443814342,0.054318671999631585,0.10321341291774444,0.1852144026736,0.05152930788731003,0.07251600600704111,<15 (economico)
1931-11-30,11.42,0.020542276422764294,0.03442720535368626,0.17293054944578623,0.047799575938986205,0.1008371344985457,0.18443206909870158,0.0429365308902212,0.06907639760450435,<15 (economico)
1931-12-31,9.31,-0.18099695219762602,-0.17538734228117137,0.21728003236337323,0.062471024004574716,0.11385728050615174,0.22753946134029857,0.05613445331948186,0.08114737194287991,<15 (economico)
1932-01-31,9.31,-0.008491311216429542,0.012309570366442646,0.22767759430840528,0.06612708044512661,0.11643043093358196,0.23114077373134978,0.056215687077680654,0.08252061069248096,<15 (economico)
1932-02-29,9.34,-0.00046887550200802597,0.013708870944772134,0.23579623143320627,0.06350389884797214,0.11570827763286862,0.23579623143320605,0.05146613307581083,0.08146837341893898,<15 (economico)
1932-03-31,9.41,0.011408464965573017,0.018632811143898476,0.23356250760955333,0.057127301247487106,0.11549214376172157,0.23006794008772236,0.04310516132178632,0.08087414966879569,<15 (economico)
1932-04-30,7.19,-0.2322437449556093,-0.22672031866032594,0.28554771087705433,0.08162965491179452,0.13044485900044478,0.2782739894968904,0.06585340804079487,0.0947625355981836,<15 (economico)
1932-05-31,6.39,-0.11314623142250546,-0.10019946107830846,0.30585317433782877,0.09672649099393782,0.1375131004752641,0.2929030623263642,0.07783338177693455,0.10080967785247563,<15 (economico)
1932-06-30,5.57,-0.12391560798548096,-0.11747381098537424,0.3317904645595904,0.11756050029620724,0.1468920100151183,0.3166525492339882,0.09750415682576619,0.10926977309239772,<15 (economico)
1932-07-31,5.84,0.06184486373165621,0.06184486373165621,0.3323152580742337,0.1156485230945643,0.145350826844709,0.315349556860657,0.0949565878479004,0.10736276433058523,<15 (economico)
1932-08-31,8.83,0.5135279441117764,0.5247392622163081,0.22983799539825545,0.07040442046845263,0.12235275301451809,0.2123864098643431,0.049138625233617006,0.08472712787513381,<15 (economico)
1932-09-30,9.76,0.10365980522355023,0.11189607242671107,0.17063044127034743,0.061647388287841,0.11620900706796133,0.15072143219659595,0.03978220629413154,0.0783883799193037,<15 (economico)
1932-10-31,8.48,-0.13216303470540758,-0.1256379447407866,0.16824299650067598,0.08509107659254522,0.12323590519653305,0.1466554595481646,0.060668592162897106,0.08477082571907624,<15 (economico)
1932-11-30,8.46,-0.003355571161048676,0.004194765421064561,0.14903088763386196,0.08777249371836215,0.12544968895089603,0.1276462736713364,0.0618533405238888,0.0864987198811189,<15 (economico)
1932-12-31,8.26,-0.026398345153664127,-0.018966271452547034,0.15283063056763035,0.09183280335113353,0.12944402348624262,0.13122050261754126,0.06437483343468009,0.08994030672772069,<15 (economico)
1933-01-31,8.73,0.045698924731182755,0.06191131116112358,0.14987561099049174,0.09383547313435381,0.12747793863077628,0.12800528857846372,0.06468786473302579,0.08741033538159804,<15 (economico)
1933-02-28,7.83,-0.11265867418899855,-0.0986847950423686,0.17341761274279177,0.11391197871254444,0.13379595421826784,0.14913095641153018,0.08253656846285895,0.09285563340837144,<15 (economico)
1933-03-31,7.87,0.0033333333333334103,0.01129629629629636,0.1581692019990819,0.11793307070983072,0.134147341748448,0.13240635646435606,0.08367739296525767,0.09255654902447952,<15 (economico)
1933-04-30,8.72,0.11242643124665586,0.11242643124665586,0.12583377147986052,0.11020394085289897,0.12554341066315344,0.09923541541329373,0.07494165933368313,0.08426813630369323,<15 (economico)
1933-05-31,11.25,0.29317851959361385,0.29317851959361385,0.07271337947622669,0.08665508199927485,0.11172144657612026,0.04885145234953603,0.0515379840825807,0.07075213259292545,<15 (economico)
1933-06-30,13.1,0.17582675685832405,0.16656827845786482,0.04454342546030432,0.07150411954519709,0.1010151321143693,0.02292412562898849,0.03769664429226216,0.06066132693311621,<15 (economico)
1933-07-31,13.75,0.08461661854347136,0.05149855385512114,0.0667407645232474,0.06543493361337593,0.097592436200852,0.05116121488535552,0.03561691942547229,0.05900480497406946,<15 (economico)
1933-08-31,13.0,-0.04641585040071239,-0.05363997274616139,0.07919727972139046,0.06554959459752818,0.10069620100953158,0.06505443625144158,0.03711389050568381,0.06220551044551348,<15 (economico)
1933-09-30,12.92,-0.0048422368009996,-0.0048422368009996,0.07127357401928092,0.06875783558889093,0.09865729691124248,0.05723457044177138,0.03963712617104176,0.060237905609150655,<15 (economico)
1933-10-31,11.7,-0.09376969124133583,-0.09376969124133583,0.11686006150665507,0.078791658041107,0.10598906680994125,0.10379377409371093,0.04939755457808537,0.06711528871444061,<15 (economico)
1933-11-30,12.01,0.028010471204188203,0.028010471204188203,0.11173915533216094,0.07120222923931152,0.10593912539420103,0.09873277804958747,0.04201491682232961,0.0672650928871874,<15 (economico)
1933-12-31,12.28,0.023219154737559755,0.023219154737559755,0.10094394814400842,0.07062316024796811,0.10567633091402207,0.08806386535853838,0.041451625867196196,0.06701148817345759,<15 (economico)
1934-01-31,13.03,0.060849214309595334,0.060849214309595334,0.08547287227933187,0.06815632536076399,0.10405886253204266,0.07277378757124175,0.03905200544106102,0.06545058169741602,<15 (economico)
1934-02-28,13.93,0.07748893105629362,0.06938751052203562,0.06840983437509474,0.05995524856649759,0.10140007207610946,0.05902264100454446,0.03185285218385503,0.06328593374283153,<15 (economico)
1934-03-31,13.25,-0.04798512956419321,-0.04798512956419321,0.07954405100244188,0.06858261015056155,0.10551988777706911,0.07005903089804133,0.04025147813469343,0.067263182515102,<15 (economico)
1934-04-30,13.52,0.020193202979515767,0.020193202979515767,0.047519611427216724,0.06504465489450717,0.10682246737306755,0.03981642523742135,0.03621333369191593,0.06871968452261479,<15 (economico)
1934-05-31,12.18,-0.09826541514041498,-0.09826541514041498,0.0780361775765348,0.07846569817883897,0.11497143176788982,0.0701085805133228,0.04927106224758715,0.07638765420561855,<15 (economico)
1934-06-30,12.29,0.01702514441046543,0.009435404526805247,0.0790291426666907,0.08205896653343592,0.1147080346160636,0.0727000892568952,0.052955800198773106,0.07653649553564534,<15 (economico)
1934-07-31,11.74,-0.043552984574111275,-0.043552984574111275,0.0947882154482016,0.09012561687743159,0.11963128445001092,0.08836672708055415,0.060204634789669864,0.08129115591154323,<15 (economico)
1934-08-31,11.32,-0.035147835269271455,-0.035147835269271455,0.10028650763605151,0.09287277961156115,0.12296382387832949,0.09383276899494675,0.06287639538143397,0.08450957742281551,<15 (economico)
1934-09-30,10.91,-0.02008516483516476,-0.034495677117000634,0.1281746301899278,0.09374329680928262,0.12562385245961494,0.12005742259087437,0.06530010197116165,0.08808667821696892,<15 (economico)
1934-10-31,11.11,0.01208239489489471,0.019579301523745762,0.12856497827344904,0.09554048604290433,0.1264534984649548,0.1203861090413596,0.06626335040063047,0.08848692565195826,<15 (economico)
1934-11-30,11.45,0.032107076350093244,0.032107076350093244,0.11827783380328594,0.09177321001246419,0.12704615409670095,0.11017351695498778,0.06259675075116422,0.08905960611098207,<15 (economico)
1934-12-31,11.64,0.010590579710144876,0.018132300454250405,0.11148514719684055,0.0934267360829113,0.12917888243389175,0.1017904814794417,0.06281620727682014,0.09091879563451144,<15 (economico)
1935-01-31,11.5,0.004049676025917881,-0.010715760386228013,0.11025770597363693,0.09662867068781678,0.13016237224007932,0.10542330873821304,0.06750885616990776,0.09267806800637968,<15 (economico)
1935-02-28,11.09,-0.026187904967602593,-0.033296022449590845,0.11565628646736181,0.10358011027179748,0.1337231555356988,0.11083338412741561,0.0750630146751563,0.09652233491869389,<15 (economico)
1935-03-31,10.4,-0.05929844097995551,-0.05929844097995551,0.12905107651525882,0.1106959733699886,0.13694498600728844,0.12417026945586751,0.08199500009529315,0.0996384475729779,<15 (economico)
1935-04-30,11.1,0.07936979785969078,0.0715482775853451,0.1150749167150229,0.10540214904855838,0.13472996813040994,0.11187062545372672,0.0776214141982825,0.09789527483000593,<15 (economico)
1935-05-31,11.99,0.0826573285398231,0.0826573285398231,0.06651887741227713,0.10113773602716991,0.13018847521338417,0.06345411730721873,0.07286295987120761,0.09350120421028674,<15 (economico)
1935-06-30,12.54,0.04173788888888885,0.049341815085158336,0.04012428700146731,0.09901980276137867,0.1312483218136571,0.03415474321420464,0.06883266282004086,0.09412870783418192,<15 (economico)
1935-07-31,13.2,0.05599472990777343,0.05599472990777343,0.03669349735777949,0.09118084652000369,0.132333555102067,0.03221194550810935,0.0612090217790453,0.0949736440600999,<15 (economico)
1935-08-31,14.11,0.07104851330203443,0.07104851330203443,0.027922159859678608,0.0844802303401182,0.12828503317931683,0.023478525874728318,0.05469245363706321,0.09105869798892074,<15 (economico)
1935-09-30,14.42,0.024333040164174813,0.024333040164174813,0.03254531657551141,0.08940333513737175,0.1295832300006694,0.028081697014704865,0.05948033388869223,0.09211067071422674,<15 (economico)
1935-10-31,14.83,0.029859316681022152,0.029859316681022152,0.029479324325921485,0.09100894438276841,0.12519636973147663,0.025028958830344505,0.06104184133459456,0.08786933923578832,<15 (economico)
1935-11-30,16.13,0.0971057046979864,0.08915566335959513,0.01626979141919871,0.084780775023229,0.12382453173467023,0.01334942762753788,0.05575228724771475,0.08693819044517848,15-20 (equo-basso)
1935-12-31,16.16,0.002939672801635984,0.002939672801635984,0.008274065622456916,0.0866383023872137,0.12435063279539804,0.003946549344751915,0.05697758886966664,0.08764954692781313,15-20 (equo-basso)
1936-01-31,17.09,0.05821830265848682,0.05821830265848682,-0.0016407910954728822,0.08506425449007815,0.11981999018076994,-0.005925752768927817,0.05544650594407452,0.08326679368042034,15-20 (equo-basso)
1936-02-29,18.1,0.06031976744186052,0.06031976744186052,-0.024831586282615392,0.07935777670359978,0.11707302165510858,-0.029017012971400247,0.05047440713450335,0.08060949178080534,15-20 (equo-basso)
1936-03-31,18.66,0.024112256586483305,0.031587528532370124,-0.02719379871552452,0.07387030798984862,0.11963162853651577,-0.034143126156011006,0.043226912655811134,0.08269080146888852,15-20 (equo-basso)
1936-04-30,18.72,0.004149842978914409,0.004149842978914409,-0.032999936446858835,0.08047977270437845,0.1202239343335405,-0.041254345421523175,0.04907591246378984,0.08306185837621527,15-20 (equo-basso)
1936-05-31,17.75,-0.050197877464157825,-0.050197877464157825,-0.026110373524765307,0.08662008826262557,0.12149645689893096,-0.035768411654552024,0.0544660787232909,0.08409101759392268,15-20 (equo-basso)
1936-06-30,18.39,0.045737715874142326,0.03815990633882227,-0.026982678397828752,0.08140435811492219,0.11884466579057307,-0.03920016026070938,0.04903955375349067,0.08152186709724085,15-20 (equo-basso)
1936-07-31,19.36,0.06234399818470626,0.054701235607837795,-0.02794134861115871,0.07211378052406436,0.11858843028755905,-0.0387597162413269,0.03484627157711717,0.08126845968559882,15-20 (equo-basso)
1936-08-31,19.62,0.022975578406169594,0.015668609988982674,-0.032200849721062186,0.06793164222919801,0.11715940018055226,-0.04418555435484828,0.029487602960520443,0.08047174328955231,15-20 (equo-basso)
1936-09-30,19.86,0.014440243646292927,0.014440243646292927,-0.033313084172341134,0.04992138299835114,0.1146089109055406,-0.04782657087173092,0.011129002598721627,0.07780795432994814,15-20 (equo-basso)
1936-10-31,20.91,0.05550363447559703,0.05550363447559703,-0.05036104361584348,0.042293567715829594,0.11107009541550772,-0.0670769078980965,0.0018357557344350628,0.07419029852290371,20-25 (equo-alto)
1936-11-30,21.5,0.031017697848825465,0.031017697848825465,-0.0639821327386575,0.039100898003261,0.10897789340821817,-0.08165555809964542,-0.0036026510454746363,0.07216754306575157,20-25 (equo-alto)
1936-12-31,21.13,-0.014000897657450051,-0.014000897657450051,-0.07264996809513491,0.04404614655632444,0.11075521718329528,-0.09133676055467843,0.00020415044991595188,0.07369099191059414,20-25 (equo-alto)
1937-01-31,21.62,0.034583821805392656,0.027246347891879186,-0.07416494613249658,0.0414556184498549,0.10782663107705703,-0.09385538889445255,-0.0015672167015395866,0.07124128674342844,20-25 (equo-alto)
1937-02-28,22.24,0.03302065567557322,0.03302065567557322,-0.08476776826457755,0.04242721761295565,0.10377580376016282,-0.10536947687305309,-0.0006357545830585343,0.06713124674300541,20-25 (equo-alto)
1937-03-31,22.04,0.002300754647524439,-0.004757701371119971,-0.09407255477603083,0.038295329542446854,0.10453641704929262,-0.11544042234077379,-0.005727738679602634,0.06805155522441786,20-25 (equo-alto)
1937-04-30,20.56,-0.05624654505251514,-0.06284621956263736,-0.08994220868983738,0.04082693344593613,0.10918451136399909,-0.11126761807982422,-0.0026037886824453738,0.07272990586891259,20-25 (equo-alto)
1937-05-31,19.47,-0.04085831863609646,-0.04751902475667902,-0.07890946724711567,0.04374536504902071,0.11376802825944132,-0.10146024653822638,0.0008901093898650014,0.07734542053263649,15-20 (equo-basso)
1937-06-30,18.71,-0.033384615384615346,-0.033384615384615346,-0.0622087294825906,0.05133077656973062,0.11674062206764879,-0.08516838785554481,0.00770487421953181,0.08002826836459964,15-20 (equo-basso)
1937-07-31,19.65,0.0639386189258313,0.056601111209101385,-0.06578295224047326,0.05162660845312628,0.11456387150997327,-0.08850850861804271,0.007773812829758864,0.07791381898203209,15-20 (equo-basso)
1937-08-31,19.81,0.014366661637497335,0.014366661637497335,-0.06836052582082275,0.0484789840442994,0.11079638775985279,-0.09212785131743362,0.0034096610652796233,0.07427022088877666,15-20 (equo-basso)
1937-09-30,16.85,-0.1376277727996814,-0.14353443189009452,-0.037189588342423585,0.0617905187842398,0.11692017647339936,-0.060461545013456686,0.014615155067124297,0.08056390735880004,15-20 (equo-basso)
1937-10-31,14.36,-0.14097657156112264,-0.14097657156112264,0.007857652926308578,0.08126801309046217,0.12202400130221802,-0.01887018194276835,0.03322726410013277,0.08550160032528997,<15 (economico)
1937-11-30,13.16,-0.08265472312703592,-0.07632820397618789,0.029779974432946554,0.08983787129455956,0.1258511699366871,-0.00010087994103369358,0.04024945652698242,0.08863794193807939,<15 (economico)
1937-12-31,13.01,-0.010193452380952261,-0.0033197958002644246,0.03406245363781646,0.08972435974999327,0.12660693820296998,0.0014791841446384346,0.03808119239645613,0.08899184898764245,<15 (economico)
1938-01-31,13.51,0.03236539624924384,0.0469057539428952,0.040526497693452734,0.08531559662649091,0.1261095030486492,0.00492458748868696,0.031121978407992135,0.08736847803317094,<15 (economico)
1938-02-28,13.26,-0.018027313586796545,-0.01106296829308584,0.05742395788572008,0.08235524117261162,0.12752850684864336,0.019801455631192066,0.028454184498269086,0.08835401755385286,<15 (economico)
1938-03-31,12.38,-0.060185182669082016,-0.060185182669082016,0.07909478893888089,0.0911665405133879,0.13238584201244064,0.03704530208625889,0.03726892157183426,0.09266180474545482,<15 (economico)
1938-04-30,11.79,-0.034432589718719764,-0.04123236021365828,0.09479109750382508,0.10364791567152798,0.13487779236049646,0.051184809703937795,0.04809750261635326,0.09526351981638981,<15 (economico)
1938-05-31,11.99,0.015560052241321065,0.02276260580331635,0.10077798023868101,0.10768233717437892,0.135985966331311,0.05423139710728653,0.050745047679253696,0.09594568164453054,<15 (economico)
1938-06-30,12.29,0.029336447895791595,0.029336447895791595,0.09916069568517916,0.10944901906622229,0.13587635690571176,0.05268249970475236,0.051544261085714416,0.0958399356404307,<15 (economico)
1938-07-31,14.77,0.20486451191642185,0.20486451191642185,0.06413070121217856,0.08681391515316328,0.12704413641379464,0.02030248891677111,0.028816969455235597,0.08713124933216054,<15 (economico)
1938-08-31,14.9,0.010575524237472766,0.010575524237472766,0.052074500076644714,0.08293876027888336,0.12869210302042533,0.009906334614715462,0.024729410549519493,0.08890890633656912,<15 (economico)
1938-09-30,14.28,-0.040843034118602795,-0.040843034118602795,0.06624800502368466,0.08672466343527119,0.13268982834756549,0.0223325876125533,0.028311816547107016,0.09276572317985288,<15 (economico)
1938-10-31,16.06,0.1161702127659574,0.12414285714285711,0.0420208238882811,0.0782254794375552,0.12888830704829446,-0.002317957030828488,0.019960636561769274,0.08871068262052062,15-20 (equo-basso)
1938-11-30,16.15,0.004657988769780408,0.004657988769780408,0.03214338581466336,0.07209675690576023,0.13047404378746696,-0.011775102579816843,0.014998146646910238,0.09005170131300311,15-20 (equo-basso)
1938-12-31,15.76,-0.025503698036215328,-0.025503698036215328,0.041137428650830365,0.07470004200959246,0.13314672217164092,-0.00316376312706379,0.017884181336279337,0.09281753890282385,15-20 (equo-basso)
1939-01-31,15.6,-0.01162332545311262,-0.01162332545311262,0.051116029286266906,0.07769765228373138,0.13617388399156227,0.006390240439570372,0.021147823843160385,0.09554773242121883,15-20 (equo-basso)
1939-02-28,15.66,-0.004577779999999865,0.0025835309352519875,0.0515675659432655,0.07454962747630023,0.13571140045154095,0.005380118738545381,0.018287147465771758,0.09489843043838109,15-20 (equo-basso)
1939-03-31,15.73,0.0026657728494623445,0.0026657728494623445,0.05773246923631503,0.07585508624016479,0.1371326690398127,0.011274244237954534,0.019524253548914627,0.09626862426219174,15-20 (equo-basso)
1939-04-30,13.92,-0.12241054613935975,-0.11605120227080445,0.08286289301436534,0.09044530868523903,0.14567922577641212,0.03262272730087634,0.032171841430891135,0.10391870627196131,<15 (economico)
1939-05-31,14.5,0.04096131886734389,0.04096131886734389,0.07889538991449818,0.08587780859331762,0.1443827966664768,0.028839299225180914,0.028279483531779004,0.10266953258214162,<15 (economico)
1939-06-30,14.83,0.021717623924013107,0.021717623924013107,0.08509729789298204,0.07810256264752646,0.14280656759377086,0.0335749276764703,0.020488692533290553,0.10096124707694276,<15 (economico)
1939-07-31,15.27,0.028361038203557953,0.028361038203557953,0.08548287586917924,0.08164288171102951,0.1435748070470153,0.03277125224566246,0.024700552981234303,0.10151240140986251,15-20 (equo-basso)
1939-08-31,15.12,-0.010674637062340064,-0.010674637062340064,0.08550900526989746,0.0872375142152968,0.14400612143452696,0.03279611278883654,0.02956706615264082,0.10192785140388394,15-20 (equo-basso)
1939-09-30,16.45,0.11055748122472564,0.0869285986454762,0.06036279074441375,0.07789257191456378,0.13587850390174938,0.013219754960992924,0.022486541365858592,0.09508909784872732,15-20 (equo-basso)
1939-10-31,16.82,0.013834507961367759,0.021076183018234662,0.06348236890646719,0.07974760101723022,0.1351986689290945,0.014755112753372934,0.024377938621626294,0.09385790200277966,15-20 (equo-basso)
1939-11-30,16.6,-0.014082687338501265,-0.014082687338501265,0.06589677991471032,0.08336754267750246,0.13638281822246134,0.017058898868249184,0.027379576388821603,0.09499892788411057,15-20 (equo-basso)
1939-12-31,16.28,-0.019731649565903675,-0.019731649565903675,0.07566172179284592,0.08899728400841189,0.13945371425121245,0.025220592697016597,0.0335902404190449,0.09795799045105924,15-20 (equo-basso)
1940-01-31,16.38,-0.0014820803018054107,0.005701501854296742,0.0831669394448531,0.09198994158337492,0.13868563536069,0.030894815581511637,0.03612781333720716,0.09701155226195879,15-20 (equo-basso)
1940-02-29,16.22,-0.0022809417344173966,-0.009407506436314383,0.09163464999051185,0.0949639443810062,0.13672444102815984,0.04044450053174353,0.03969471424636084,0.09532810974077188,15-20 (equo-basso)
1940-03-31,16.17,-0.001454807692307769,-0.001454807692307769,0.09263927108406089,0.09662010935981646,0.136191208096603,0.04140201181256464,0.040825224383954195,0.09481429566420863,15-20 (equo-basso)
1940-04-30,16.37,0.014197530864197505,0.014197530864197505,0.09581328824155877,0.09872800483951782,0.1362832914908374,0.04442718941767332,0.04282587234482249,0.09471714938412279,15-20 (equo-basso)
1940-05-31,14.14,-0.13341030290681866,-0.13341030290681866,0.13688031162183711,0.11886174638297753,0.14408924299697579,0.08235504657046566,0.06148630317178849,0.10223755300619719,<15 (economico)
1940-06-30,12.84,-0.08094413201008199,-0.08746225873341473,0.16125019092065074,0.13076488042993573,0.15117668835096465,0.10467342397940627,0.07309093749054774,0.1092727809488181,<15 (economico)
1940-07-31,13.37,0.03869355394691487,0.046112793617964165,0.1485319844744728,0.11866680755947279,0.1477185954059208,0.09102068892535464,0.05952656842882975,0.1055470610255973,<15 (economico)
1940-08-31,13.65,0.026498723723723527,0.026498723723723527,0.14415022452585768,0.122938411067121,0.14706715804953308,0.086858340098795,0.06269371899987997,0.10491955994852198,<15 (economico)
1940-09-30,14.21,0.0475762500000001,0.0475762500000001,0.1493922906400944,0.12224079220609108,0.14282721074115767,0.09183791634103922,0.06159746233338792,0.1008354043859645,<15 (economico)
1940-10-31,14.33,0.014659767952336145,0.014659767952336145,0.15621604882893902,0.12579037003352522,0.14103240065528744,0.09831998341526171,0.06408622778963036,0.09873653378356573,<15 (economico)
1940-11-30,14.64,0.02850264057160623,0.02850264057160623,0.15791036966344585,0.12305235116807212,0.14141425743605152,0.09992946326354812,0.06106773733879933,0.09910423587112915,<15 (economico)
1940-12-31,13.91,-0.035898603521554384,-0.04273620207813911,0.17109309906330927,0.12738488822504457,0.1450216575213228,0.11280986433182161,0.0646334800428836,0.10297036456988984,<15 (economico)
1941-01-31,13.9,0.007201646090535085,0.007201646090535085,0.1792994203599323,0.1352931876469321,0.14763942512162376,0.12060777151448931,0.0704011609857218,0.10549199380327345,<15 (economico)
1941-02-28,13.0,-0.057240655608214897,-0.057240655608214897,0.1946789844119916,0.14683259498594037,0.15349325041988937,0.13647354772044396,0.08001211398537045,0.1111308354626821,<15 (economico)
1941-03-31,12.96,0.011768343444556573,0.004643214265369622,0.18543388894884894,0.14421098742287008,0.15474584985208195,0.1267946843490264,0.07788636355236989,0.11273055595803094,<15 (economico)
1941-04-30,12.43,-0.025460636515912793,-0.03227559709971761,0.20727658996596277,0.14935666045074547,0.15790044261590075,0.14791682742552492,0.0834938486442427,0.11616193790414919,<15 (economico)
1941-05-31,12.04,-0.01587713520055334,-0.022711321761660463,0.21239941787787542,0.15191916751772894,0.15955504418094768,0.15314487164438528,0.08624621867990268,0.1181464282901672,<15 (economico)
1941-06-30,12.16,0.04106280487804881,0.019816625186660053,0.20186492037403125,0.14597238177421312,0.15659599553346704,0.1453831899450928,0.08286896797903665,0.11644346988450782,<15 (economico)
1941-07-31,12.74,0.057120901639344135,0.057120901639344135,0.18246770063446482,0.1422929818177685,0.1533719460561711,0.11408856234110987,0.07939217560865797,0.1129590561468381,<15 (economico)
1941-08-31,12.46,0.000758065302144395,-0.012674928862985047,0.17842425481118118,0.1477549426025404,0.1555026544459981,0.1088394086093023,0.08601999712724595,0.11595504912330701,<15 (economico)
1941-09-30,12.28,0.008624444988573288,-0.004734819183460748,0.1403225723122281,0.15031598209480856,0.15469297408703908,0.07373491910217833,0.08905746877700893,0.11573050680821018,<15 (economico)
1941-10-31,11.58,-0.03434244791666663,-0.04696542245370372,0.1439883273515603,0.15437568048879524,0.157484180281257,0.0758388231195748,0.09392156216017655,0.11916359045205915,<15 (economico)
1941-11-30,10.91,-0.0408330535774839,-0.047061410372435275,0.15353639497323313,0.1565593502029965,0.1626061815945108,0.08108421165936686,0.09587142655695091,0.12448224123208895,<15 (economico)
1941-12-31,10.09,-0.058816551049448496,-0.06488870233300048,0.1754270972526739,0.16772882582745918,0.16680961866657706,0.10096711207104736,0.10675268303685259,0.12891312628707596,<15 (economico)
1942-01-31,10.1,0.026160578386605682,0.013088469107795486,0.17151516425083568,0.1691072574520316,0.1632377720197946,0.10012023527776148,0.1094806552402936,0.1261789768271191,<15 (economico)
1942-02-28,9.68,-0.024791592011944585,-0.030963797125793002,0.18729920815815548,0.17047522075558175,0.16580082103006366,0.11635906578167843,0.11232668929059941,0.1288308931386235,<15 (economico)
1942-03-31,9.0,-0.04762363198458586,-0.05952833658477841,0.190003898251625,0.1770793558408057,0.16884748229732605,0.11759270330576066,0.12001068611512489,0.13249298373687268,<15 (economico)
1942-04-30,8.54,-0.03453545232273836,-0.04053212653191396,0.19038671580062072,0.18146315001389945,0.1691545866249926,0.11934618630781846,0.12445576503095679,0.13295558435489685,<15 (economico)
1942-05-31,8.51,0.018707482993197244,0.006208004674262302,0.18273323666174868,0.1798165398377345,0.16372497150322607,0.11489893153299935,0.12427576222950787,0.1283904104908853,<15 (economico)
1942-06-30,8.91,0.057482135350988006,0.057482135350988006,0.1786166458479459,0.1769933549797833,0.15346723726411193,0.11000658486805359,0.12116152075021591,0.11844413518338781,<15 (economico)
1942-07-31,9.15,0.043817527010804325,0.037452785992445836,0.18379184607996524,0.17584390549376083,0.15254058241430735,0.1142265917212415,0.11990950639973019,0.1177026673741417,<15 (economico)
1942-08-31,9.01,0.0004501060956789704,-0.0056132278806584335,0.17997166334231807,0.17682221608163973,0.1542321618625344,0.10900080961859482,0.12152285088753678,0.11968339397668348,<15 (economico)
1942-09-30,9.08,0.01662139115250305,0.01662139115250305,0.1709461095660283,0.17357473037162663,0.15293807949299354,0.0956910889896776,0.11842796588117,0.11824380638433851,<15 (economico)
1942-10-31,9.6,0.07968509984639005,0.06675473936918785,0.1600254388484359,0.16272166082555595,0.14686382751814975,0.08809105546680285,0.10942074935176849,0.1130226428762906,<15 (economico)
1942-11-30,9.66,0.02154864091559383,0.015467994243477001,0.15339841053123582,0.16443190986553535,0.14963192595759334,0.08222810691229276,0.11171611300002549,0.11604215959313269,<15 (economico)
1942-12-31,9.62,0.010559662090813049,0.0045800191198615,0.1483824560643583,0.16835086679342504,0.15162805432729431,0.07602092890990586,0.11611984322872715,0.1183117603913677,<15 (economico)
1943-01-31,10.15,0.06503851540616257,0.06503851540616257,0.13203262664795434,0.1621551259957763,0.15034007118755754,0.05800230942004014,0.11061774691235504,0.11706103826199521,<15 (economico)
1943-02-28,10.71,0.0643376280145358,0.0643376280145358,0.1078743387242509,0.15403487023048346,0.14766730325983346,0.03718032933904758,0.10327306279204862,0.11446559280098922,<15 (economico)
1943-03-31,10.85,0.040146554412223256,0.022004463346893655,0.10337333785734004,0.15059678123516096,0.14534876817210352,0.037492589276783006,0.10150845682036747,0.11301030015623392,<15 (economico)
1943-04-30,11.04,0.03786510087323092,0.025935616955147678,0.11257638515995727,0.1410948229151534,0.14600274607421904,0.04501926288302016,0.09367553224443714,0.11428973241295215,<15 (economico)
1943-05-31,11.36,0.04363344988344986,0.037669830169830165,0.11462999997697376,0.1373660283292415,0.14484206966044977,0.04727022762927535,0.09031737018285257,0.11348017900331064,<15 (economico)
1943-06-30,11.52,0.021797028315110545,0.021797028315110545,0.1198336428321034,0.1313389272449632,0.1437321733565733,0.050407253214935555,0.08413422809013871,0.11221863971288526,<15 (economico)
1943-07-31,11.77,0.024724517906336008,0.030613739273613882,0.10998064882918279,0.1307205329936043,0.14163432337095916,0.037402503803356746,0.08292087153262706,0.10967949493947038,<15 (economico)
1943-08-31,11.21,-0.04538911605937912,-0.039871134071283176,0.11470847209862822,0.1370021001926487,0.14599869831289713,0.03977005476034878,0.08790418945278833,0.11360073963865869,<15 (economico)
1943-09-30,11.34,0.025530004258943917,0.019636153659754685,0.10759456388597943,0.12939322254533825,0.14618871291778035,0.03432601568517857,0.08124689681920816,0.11410640519314152,<15 (economico)
1943-10-31,11.19,-0.00500417014178467,-0.00500417014178467,0.11568805330611043,0.1338721492565662,0.1467621303970741,0.04273671904470233,0.08513216410718294,0.11448254090731425,<15 (economico)
1943-11-30,10.63,-0.04206416245791256,-0.04206416245791256,0.11359668817781765,0.14180246800480045,0.14905243739230123,0.04249674379396162,0.0931271329292429,0.11670837928463729,<15 (economico)
1943-12-31,10.74,0.017701287143277344,0.017701287143277344,0.1093445961232169,0.14187717409395972,0.14940325109642383,0.03937654781172917,0.0931986542784633,0.11686828736453703,<15 (economico)
1944-01-31,11.05,0.03665795586527287,0.03665795586527287,0.1049514966739753,0.1411681445820725,0.14921691018532068,0.03612181064491815,0.09251985087839198,0.116687221012018,<15 (economico)
1944-02-29,10.95,-0.0024378832630098657,-0.0024378832630098657,0.09803396310889267,0.144465410600922,0.1502017221217602,0.0313598760983973,0.0956765535924684,0.11764415690007834,<15 (economico)
1944-03-31,11.22,0.032403476352308225,0.032403476352308225,0.09428820637842739,0.14373396184916487,0.14954682819775833,0.027841566713422194,0.09497628669053215,0.11700780037802416,<15 (economico)
1944-04-30,10.94,-0.01308539944903575,-0.018724911452184134,0.0980808178989585,0.15023907087083344,0.15127020218140608,0.031721152436359645,0.10224577019938419,0.11900297877662047,<15 (economico)
1944-05-31,11.1,0.0220306490047657,0.0220306490047657,0.09290541624139403,0.1527128732585692,0.15071417262435016,0.027719972447280306,0.10420502748305793,0.1184625333369187,<15 (economico)
1944-06-30,11.53,0.05142332644628089,0.04544933027329057,0.07115291674221491,0.14834222613432013,0.14763108244001621,0.00756814402359729,0.10064527495018294,0.11560345568613806,<15 (economico)
1944-07-31,11.74,0.030189423835832674,0.02436914460512174,0.07781647188061314,0.1499355612887383,0.14815356133160895,0.01669292304263692,0.10279706906249553,0.11624781325615396,<15 (economico)
1944-08-31,11.54,-0.010555557692307649,-0.010555557692307649,0.08896877554981497,0.15388339179575228,0.1480547819654694,0.026348115160734986,0.10658306895575143,0.1163315280582704,<15 (economico)
1944-09-30,11.33,-0.012251710902940416,-0.012251710902940416,0.09571215317064286,0.15843366621972388,0.14988113499319033,0.0318380806881966,0.11136065520182203,0.1179273798114695,<15 (economico)
1944-10-31,11.58,0.02883597883597888,0.02883597883597888,0.09626159867724171,0.1582387874931006,0.14936853217085777,0.03409201682901708,0.11117369538217892,0.1174290215789402,<15 (economico)
1944-11-30,11.48,-0.0028401755744901225,-0.0028401755744901225,0.1011246629537661,0.16345869436534644,0.15006813982649891,0.03780498371865315,0.11618149107285713,0.11792973048407762,<15 (economico)
1944-12-31,11.64,0.02600104004160153,0.020236989254850846,0.10249817442707565,0.16610002888933373,0.14773103900037787,0.04202821587804029,0.1197644621152072,0.11597225438410974,<15 (economico)
1945-01-31,11.96,0.03384223918575069,0.03384223918575069,0.1008848120220649,0.16472149759335486,0.14741747410370287,0.04138737468125031,0.11844070744844748,0.11566736611957085,<15 (economico)
1945-02-28,12.34,0.037332178156659124,0.037332178156659124,0.09830339253598441,0.16468952406297244,0.145872437633088,0.03894546828722678,0.11841000440225646,0.11416508224414357,<15 (economico)
1945-03-31,12.32,0.0031484158297465648,0.0031484158297465648,0.1006154511170021,0.1638143400169827,0.14588427779842394,0.04024875641289638,0.11756959623123264,0.1139983406345364,<15 (economico)
1945-04-30,12.63,0.029014118210098028,0.029014118210098028,0.10165047419329531,0.16483589405133214,0.14513140250443546,0.04122701041331034,0.11855055830605954,0.11308887477281648,<15 (economico)
1945-05-31,13.04,0.041608309990663006,0.0357892691527264,0.10112875974896118,0.16000564481030266,0.1437816093961508,0.04101992723323433,0.11453645836826287,0.1120883174621945,<15 (economico)
1945-06-30,13.13,0.021873594242015404,0.0105821733111644,0.10107987478565406,0.16442193524703153,0.13991310515582311,0.04241139066798971,0.1200234339287356,0.10859093039657952,<15 (economico)
1945-07-31,12.87,-0.016953832560194337,-0.016953832560194337,0.08957821223229168,0.17503829369734114,0.14094676755216318,0.028941577920322592,0.1298125596183366,0.10959619014181077,<15 (economico)
1945-08-31,12.92,0.007066604645918018,0.007066604645918018,0.10211985106458599,0.17385921889714973,0.141741301682901,0.039066361030216434,0.12867886591224087,0.11036889231291713,<15 (economico)
1945-09-30,13.8,0.07179516183411994,0.07179516183411994,0.09573067954891545,0.17124505896418007,0.1398016856111155,0.0321945731738722,0.12574597086686667,0.10848257240317372,<15 (economico)
1945-10-31,14.37,0.04513888888888884,0.04513888888888884,0.09616533911970682,0.16045507873738218,0.13869159812091714,0.030919510952268414,0.1153751465264905,0.10722805604162722,<15 (economico)
1945-11-30,14.85,0.036060606060605904,0.036060606060605904,0.08924370703297568,0.16427356310919672,0.13728485317253192,0.023579039223823983,0.11904529511195383,0.10586018130090058,<15 (economico)
1945-12-31,15.02,0.02024647887323927,0.01464072898932045,0.08530798039438037,0.1633717886533128,0.13602529164649568,0.018542774608480972,0.1192115607648403,0.10476578037337791,15-20 (equo-basso)
1946-01-31,15.62,0.04298903635314488,0.04298903635314488,0.09292907268974293,0.15568898820445498,0.13474913226137852,0.022443958148800736,0.11182039040530745,0.10352473650811667,15-20 (equo-basso)
1946-02-28,15.76,0.005857690529041948,0.011414915338594511,0.10090243327543402,0.15610612407005875,0.1341731619843769,0.026355755217342347,0.11160906519567892,0.10231520037772746,15-20 (equo-basso)
1946-03-31,15.13,-0.026778578675521025,-0.03741487836212731,0.10442159275548724,0.1673429969079474,0.1334789558458056,0.031100899631392176,0.12364755679198192,0.1020740193151013,15-20 (equo-basso)
1946-04-30,16.04,0.06769347784749957,0.06189079590267643,0.0942154796190775,0.16143003761446661,0.131619839733633,0.02268639330150246,0.11814881567002833,0.10022451604443838,15-20 (equo-basso)
1946-05-31,16.01,0.0051804215791355634,-0.00025298610507606956,0.09445595975071441,0.1574922242122847,0.12842525983033948,0.023228630340093037,0.11454826109795846,0.09741592873797766,15-20 (equo-basso)
1946-06-30,15.77,-0.0033868092691621277,-0.014045773875908996,0.09267911686828012,0.15758122923616624,0.12830010155975735,0.023766728991539976,0.11500995822733495,0.09771464178616363,15-20 (equo-basso)
1946-07-31,14.51,-0.02547542160028682,-0.07961567595582641,0.10348321193890353,0.16707769184867782,0.1297672525064868,0.045776348620718776,0.1297731015922612,0.10211794451508083,<15 (economico)
1946-08-31,13.98,-0.0162357663896584,-0.03571624626313041,0.11788382061063296,0.16865637842381442,0.1273376612895598,0.06367019877071911,0.1339808120952508,0.10051051560432955,<15 (economico)
1946-09-30,11.84,-0.14422473163841798,-0.15261468524980604,0.16039697081470639,0.1832819527135836,0.13429031574183115,0.10459867626426655,0.14888405280758166,0.10784332405292307,<15 (economico)
1946-10-31,11.39,-0.018721007289595804,-0.03759175714941143,0.16485735023977344,0.18438489420208382,0.13504137289272689,0.11230823655260225,0.1517704282722716,0.10931545580841195,<15 (economico)
1946-11-30,11.11,-0.00013182485875706806,-0.023602908782260346,0.15959022738334672,0.18355394594632513,0.13799219937471174,0.11086090296392426,0.15369961753693318,0.11352115005666086,<15 (economico)
1946-12-31,11.37,0.033942211254822,0.024324144173381912,0.1600809729973871,0.18172664739905642,0.13649976718139278,0.11256865711918396,0.15257704698725005,0.11258059048814362,<15 (economico)
1947-01-31,11.47,0.009198061246970646,0.009198061246970646,0.16670429981251167,0.17842740754548458,0.1382807335423808,0.1189207187354735,0.14935918934131975,0.11432407400020939,<15 (economico)
1947-02-28,11.95,0.0426985152312076,0.0426985152312076,0.15388962865402123,0.16873485686244405,0.1379853468106833,0.1083088780596273,0.13949353601316683,0.11403490408230499,<15 (economico)
1947-03-31,11.29,-0.03672643987341773,-0.054320477501300424,0.16429518590840786,0.17500354848529964,0.1415993037017631,0.12243390038390123,0.1473055912295076,0.11843359558401678,<15 (economico)
1947-04-30,10.9,-0.03298153034300788,-0.03298153034300788,0.17260647847699895,0.18203155655915637,0.14464380524268194,0.12958866790085777,0.1537535814632709,0.121246675291667,<15 (economico)
1947-05-31,10.73,-0.01362252853881274,-0.01362252853881274,0.17690703577714273,0.1884883634569845,0.14659617805382097,0.1337314565354648,0.1596409478460934,0.12298974760582415,<15 (economico)
1947-06-30,11.08,0.03920657252440729,0.03448290628565975,0.17537229984556535,0.1862200220610808,0.143823322981673,0.1324285574038795,0.15754234231531417,0.12036070993316117,<15 (economico)
1947-07-31,11.7,0.06693620844564241,0.05732417053171779,0.1679493271264052,0.18126777478802292,0.1412490240987041,0.1256214057744045,0.1529354963986409,0.11817748822714158,<15 (economico)
1947-08-31,11.34,-0.015588670471359034,-0.028714154865074337,0.17368117497032576,0.17681768908799111,0.14319414921889484,0.13418628206005767,0.15013493717332338,0.12066776147222114,<15 (economico)
1947-09-30,10.83,-0.021668822768434737,-0.0429368918386861,0.17620925208699645,0.17491224355796753,0.1453860841256407,0.1416366596706673,0.15079924841973313,0.12388359056388243,<15 (economico)
1947-10-31,11.13,0.030267817618415238,0.030267817618415238,0.16542414957296092,0.16431619566731182,0.14373533546180073,0.1311685661860411,0.1404206656654503,0.12209708850335499,<15 (economico)
1947-11-30,10.98,-0.007299530744336535,-0.011596935373148876,0.1755709565167447,0.16305451501897594,0.14248280757113063,0.14200759341768587,0.13927727737912665,0.12094534390270772,<15 (economico)
1947-12-31,10.68,-0.011223897620606826,-0.0239005143177784,0.1886664941008529,0.16473783654635654,0.1448805569348146,0.15771308064698575,0.14239931890473279,0.12385682658622077,<15 (economico)
1948-01-31,10.42,-0.008649367930804952,-0.02119811010889594,0.19307916139971582,0.1684367356354297,0.14536792691179845,0.1658497989790042,0.14668315851990932,0.12472077194072906,<15 (economico)
1948-02-29,10.0,-0.04448565407956839,-0.03635361709301155,0.2021187197471248,0.17458712758576045,0.14548264398317756,0.17357745480790854,0.1517425718905283,0.1241922864270244,<15 (economico)
1948-03-31,10.19,0.01918833924349883,0.023543844966761762,0.19984134795169606,0.1751622209629986,0.1434957145895508,0.16947426226202844,0.15101281328316785,0.12183924367917642,<15 (economico)
1948-04-30,10.78,0.08187645687645673,0.06369365928189419,0.17034426781992162,0.166991379501104,0.14321713479744713,0.14459724553809283,0.14455208112416518,0.12235346287250781,<15 (economico)
1948-05-31,11.24,0.05330086580086557,0.048893749207556514,0.16056582222276128,0.16501281314421545,0.14169346469810895,0.13513392853107398,0.14309074286680512,0.12092990399210968,<15 (economico)
1948-06-30,11.58,0.04587203302373588,0.03719259706503264,0.14296241811667354,0.16293320017833035,0.14078799393543773,0.1189441246899885,0.14200153905508017,0.12018388408526226,<15 (economico)
1948-07-31,11.13,-0.0195699564011097,-0.03162442415027633,0.151847939945569,0.16876354609952204,0.14194380283630803,0.1304364600061514,0.14875083553520985,0.12169026826633411,<15 (economico)
1948-08-31,10.72,-0.02488496244417404,-0.028865023821952884,0.1597415900218535,0.17637848985347793,0.14226765669894292,0.13826660039917704,0.1571080073355655,0.12207731392537857,<15 (economico)
1948-09-30,10.55,-0.006778894813885383,-0.006778894813885383,0.1516209023780044,0.18059918064835223,0.14462759713824092,0.1302962839107482,0.16125955818196447,0.12423515338133839,<15 (economico)
1948-10-31,10.83,0.0318845177664977,0.03611355267537686,0.15235261957847412,0.18193164054622035,0.1443656452561668,0.12925131730156147,0.1620947985282939,0.1234288371167993,<15 (economico)
1948-11-30,10.25,-0.0510088532015649,-0.043165951161908356,0.17072265909404205,0.19203006206791873,0.14838114408970782,0.14621646145138611,0.17065505534240022,0.12674764273390604,<15 (economico)
1948-12-31,10.16,-0.0015805537388270396,0.002562265540264841,0.17536380063817636,0.1947719770879781,0.14920557894346587,0.1498078345449818,0.17326724909489455,0.12716413119776893,<15 (economico)
1949-01-31,10.25,0.016293614219881514,0.02052817094579784,0.1785718541753638,0.19782305540794876,0.14594477840394737,0.15198774149962735,0.17536835117186578,0.12357418460240921,<15 (economico)
1949-02-28,9.87,-0.03327546115451385,-0.02515172553396361,0.19286025757660763,0.2003544109404558,0.1477483786126732,0.16400408617189077,0.17727359709872692,0.12455677004613586,<15 (economico)
1949-03-31,9.9,0.014913862559241764,0.014913862559241764,0.19541393927333406,0.20190044508369231,0.1457915780317558,0.16649599242066682,0.17878990358325875,0.12217118687752482,<15 (economico)
1949-04-30,9.78,0.004135926671138046,-6.547887978725075e-05,0.2048748130299649,0.20371088574651308,0.14684391930242735,0.17759118832971277,0.18065273740443732,0.12312703160632621,<15 (economico)
1949-05-31,9.69,-0.0018282236400269936,0.002365775420309024,0.21579319530295127,0.206039919908394,0.14893087361238155,0.18638225918238271,0.18244126967193508,0.1247802408873433,<15 (economico)
1949-06-30,9.07,-0.049127931889941245,-0.05310647610797492,0.23109394346212087,0.21139388420361294,0.14889550495526627,0.2023206851623056,0.18777961621135297,0.1246732638271073,<15 (economico)
1949-07-31,9.61,0.0626342161775233,0.07160159352923245,0.22688029884082073,0.20905278574375052,0.14295309286983815,0.19619341097924448,0.18408208810827342,0.11808142777376651,<15 (economico)
1949-08-31,9.85,0.04170432475158092,0.03732741582405308,0.22266763910639065,0.2037388231809194,0.14045856280332525,0.1930904051085609,0.17937435026652193,0.11557371256778426,<15 (economico)
1949-09-30,9.88,0.018712284717680383,0.014449890220953776,0.22474552750742038,0.19698382681529614,0.13975889003019715,0.197011943101425,0.17284686273248773,0.11497258206089134,<15 (economico)
1949-10-31,10.17,0.0314181192166989,0.04012206958983566,0.2237198589024496,0.19349745878048363,0.13875860251476535,0.19400107651487764,0.16805044765404942,0.11322678315423729,<15 (economico)
1949-11-30,10.22,0.01947414516467383,0.015190640353057283,0.22932141930522976,0.19199242978948883,0.13822568972374616,0.20047710365532145,0.16706880263460655,0.11264255903362685,<15 (economico)
1949-12-31,10.53,0.03241604593420222,0.04116533445906834,0.23337100134640432,0.1922479385273237,0.13348438821772657,0.20329990254593433,0.16633429927374488,0.10724588640974453,<15 (economico)
1950-01-31,10.75,0.02629987908101561,0.03066711260902011,0.2322598623777885,0.18737813124607472,0.13167974841907748,0.20119529628507782,0.1614728707263604,0.10510195526805943,<15 (economico)
1950-02-28,10.91,0.025227093206951157,0.025227093206951157,0.23508831592504542,0.1800776285480734,0.12843665618404598,0.2039524461367086,0.15393841244825923,0.10164431754831904,<15 (economico)
1950-03-31,10.91,0.013751694751113819,0.009456136722507225,0.2306421981033746,0.1771902141295183,0.1287901861881975,0.20063763087518782,0.15160385616149719,0.10193418676430777,<15 (economico)
1950-04-30,11.18,0.03386167146974062,0.03386167146974062,0.23164532840049845,0.17512224393501086,0.12534347711265514,0.2016163036244678,0.14919054938774368,0.09813987488970444,<15 (economico)
1950-05-31,11.46,0.03914424514200299,0.03475967026798621,0.2220306518000157,0.16988555572026254,0.11653462242378954,0.19324470601970023,0.14455327367560789,0.08963299769722899,<15 (economico)
1950-06-30,11.55,0.021646782357194194,0.017354148817878112,0.23140788814107527,0.171956956514981,0.11518898500257024,0.20341402998834135,0.1466745823345128,0.0882676832024829,<15 (economico)
1950-07-31,10.54,-0.06723585912486651,-0.07884703100298018,0.2672013593465643,0.17752485846462296,0.11936843261921593,0.24057229998551266,0.15356645181138306,0.09274965224968512,<15 (economico)
1950-08-31,11.04,0.06637576716532423,0.05759901188001293,0.25026825753914905,0.1717143630570721,0.11756620582504196,0.226019848331801,0.14882323300621048,0.09144120088505137,<15 (economico)
1950-09-30,11.34,0.04108640803038521,0.03681966045649032,0.2519636565371586,0.16379126715130798,0.11874198113971657,0.22777625833294124,0.1415236288206574,0.09253440792519729,<15 (economico)
1950-10-31,11.66,0.04721348707197781,0.03869955628277455,0.2285153906151034,0.15648079251770208,0.11753759954681064,0.20674960971476897,0.13451517287130255,0.09152600790639243,<15 (economico)
1950-11-30,11.54,0.003760568696527189,-0.00030323927390396577,0.24447166506691365,0.1600763808768486,0.1174432810599304,0.22341541251351305,0.13850424322545818,0.09137895966159615,<15 (economico)
1950-12-31,11.31,0.0019470919482267313,-0.010076273155152027,0.2470505543897279,0.1629343358123545,0.12120377055671483,0.22983005621062058,0.14268773988812833,0.09543697643116289,<15 (economico)
1951-01-31,11.9,0.0801265822784809,0.06311671484102455,0.2220528036371372,0.16011992710300005,0.11914299548926377,0.20900961922561323,0.14173320518234966,0.09429171995669616,<15 (economico)
1951-02-28,12.14,0.04308765519409086,0.030911534705443833,0.2140779507005559,0.160192590079421,0.119058336686096,0.20394386404891662,0.14314619024053044,0.0947141667323268,<15 (economico)
1951-03-31,11.84,-0.011123750000000099,-0.014956603682170666,0.23384917622823065,0.16537770778965943,0.12124884842792416,0.22450075675033387,0.1487011358804624,0.09693273176801265,<15 (economico)
1951-04-30,11.95,0.019263368777932,0.019263368777932,0.23277339554977972,0.16650773527888263,0.12220229635541524,0.2225221555438197,0.1498149926599175,0.09772844924010404,<15 (economico)
1951-05-31,11.86,0.00628546989051082,0.002400197805991544,0.22415912415248518,0.16724153777464212,0.1212260477633973,0.21401785435147969,0.15098346359950354,0.0967128054536528,<15 (economico)
1951-06-30,11.62,-0.011450562395500796,-0.011450562395500796,0.22633834727295032,0.16731809436190814,0.1209698410746558,0.21438524200799347,0.15105895385847856,0.09605567461512976,<15 (economico)
1951-07-31,11.78,0.023665893271461513,0.023665893271461513,0.23433716442099461,0.16455836385556855,0.11939986994871599,0.22051647349343195,0.1475697977528725,0.09438597778597924,<15 (economico)
1951-08-31,12.26,0.04965294877640991,0.04965294877640991,0.22173494745154665,0.16330266581488662,0.11583763100448174,0.20893909003592492,0.14671523080425186,0.09076949491539099,<15 (economico)
1951-09-30,12.44,0.03135768894713853,0.023454564893903518,0.20661826498446634,0.15908662068478518,0.1154852975011249,0.19494491090607657,0.14305681702954964,0.09084455384283752,<15 (economico)
1951-10-31,12.31,0.0002839295854626389,-0.00353394800837481,0.20423979582163954,0.16060105063377406,0.11442070900780577,0.19263264969966487,0.1449880736605722,0.08987846911242836,<15 (economico)
1951-11-30,11.85,-0.022533782819634585,-0.02993882991948571,0.20801289100725473,0.16868462759349945,0.1132006410576285,0.19819034404174318,0.15384002192581092,0.08909929948493711,<15 (economico)
1951-12-31,12.15,0.03613191692352857,0.032221985161552835,0.20377620328073331,0.16589113508276654,0.11507751902999352,0.1940241536927827,0.15151728677654663,0.09087568764668252,<15 (economico)
1952-01-31,12.53,0.03833831695856471,0.03833831695856471,0.19026830969726682,0.15739775425104163,0.11539277968606854,0.18062569045666454,0.14312861775196084,0.09118410583206837,<15 (economico)
1952-02-29,12.36,-0.013320483670938521,-0.005817217387067308,0.18377107456855168,0.16114508894689017,0.11729418260095792,0.17155564150045,0.14557997895098396,0.0923651150284468,<15 (economico)
1952-03-31,12.36,0.0074970877192981344,0.0074970877192981344,0.18581039899761032,0.16067317814515336,0.11832199411748578,0.17272840673849754,0.1451143940973194,0.09323779275405997,<15 (economico)
1952-04-30,12.24,0.002029959400811965,-0.0017656086272213045,0.19153239074405182,0.15697425468595982,0.11890828812614962,0.17843544696055424,0.14151965425301372,0.09388654970053345,<15 (economico)
1952-05-31,12.2,0.0045984274080315135,0.0045984274080315135,0.2001836569359512,0.147852876758654,0.11821606435155729,0.18614255621945852,0.13252011762917126,0.09307826019901766,<15 (economico)
1952-06-30,12.45,0.032448377581120846,0.02855234596760714,0.19716785985468177,0.13041136707569279,0.11671947473196997,0.1832130737894737,0.11573333580791778,0.09169062535113359,<15 (economico)
1952-07-31,12.67,0.03366830735575599,0.025925473592791626,0.19473809637430128,0.12969909348138353,0.11459051248991448,0.18091238496079987,0.11550017703785098,0.08975834628915469,<15 (economico)
1952-08-31,12.68,0.00880515683147265,0.00880515683147265,0.17996258514192687,0.13207574200437922,0.11617279164557925,0.16630785844457852,0.1178469540366609,0.09117530909321037,<15 (economico)
1952-09-30,12.43,-0.011086841408525228,-0.011086841408525228,0.17361666524309638,0.1326643125010576,0.1161153269179862,0.1600353746046137,0.11805967721106958,0.09098939829955555,<15 (economico)
1952-10-31,12.13,-0.016108420769437637,-0.016108420769437637,0.1632092950793389,0.13122227200591818,0.11725463402432079,0.1497484402894278,0.11663623046455696,0.09184429536735195,<15 (economico)
1952-11-30,12.47,0.03667446413849973,0.03667446413849973,0.15067133753806528,0.13502005053570332,0.11810352788578693,0.1365534889903952,0.12038504023128693,0.09254488474156419,<15 (economico)
1952-12-31,12.93,0.04509032494340115,0.04509032494340115,0.14129087899367043,0.13514459843180138,0.11691610354145454,0.1272881214269932,0.12050798220003456,0.09125606172724487,<15 (economico)
1953-01-31,13.01,0.009888632872503855,0.013685206680295048,0.14430328628041722,0.1386451341820305,0.11691637915912145,0.12783161877688443,0.12354171061291286,0.09092341074761912,<15 (economico)
1953-02-28,12.86,-0.0077349121466768755,-0.003990515588739751,0.147686079275422,0.1413348703307722,0.11546245189022342,0.13031393579568418,0.12577166924936156,0.08891601453359099,<15 (economico)
1953-03-31,12.83,0.009570765661252922,0.005775386842977515,0.15099071051040713,0.1401246919404009,0.11417650388640044,0.13284279876284755,0.12463224461279876,0.08736082583052163,<15 (economico)
1953-04-30,12.16,-0.044728741823778284,-0.044728741823778284,0.16364809678329406,0.15093177853047157,0.11580952501908137,0.1445069184923704,0.13529248040580732,0.08857867359837734,<15 (economico)
1953-05-31,12.14,0.010027418049372683,0.006244543824468707,0.16947684379566752,0.1523672518949326,0.11380226081005795,0.1511033311449601,0.13713506079914772,0.08645172085908315,<15 (economico)
1953-06-30,11.62,-0.03107665727321529,-0.03469204288040484,0.18325292821566652,0.15626118121515797,0.11444127880052579,0.16553408380914547,0.1410305758023993,0.08690807722996641,<15 (economico)
1953-07-31,11.75,0.01913709116214335,0.01913709116214335,0.18592756849109815,0.15265345438459454,0.1140553861057314,0.16736192508835201,0.13709931524947794,0.08640895327433462,<15 (economico)
1953-08-31,11.72,0.008988609853163076,0.005237722827686753,0.19325405184776745,0.15506648256175803,0.11263932597298565,0.17626129078244634,0.13990424832129444,0.08425939215902534,<15 (economico)
1953-09-30,11.14,-0.04106874402077365,-0.04106874402077365,0.2103066403791789,0.16323397324741684,0.11607669077544158,0.19307103868657394,0.14796452664402637,0.0874886432300983,<15 (economico)
1953-10-31,11.39,0.03516688153559655,0.0313329301225016,0.2122699069624041,0.15979864623632367,0.1164628205584406,0.1958935093328571,0.14462677918054867,0.0875875094742733,<15 (economico)
1953-11-30,11.64,0.02708246419135052,0.030900614615853694,0.21372526433649996,0.1563484410612055,0.11102152957634304,0.19561470689700222,0.1407983269273041,0.08173144531299048,<15 (economico)
1953-12-31,11.75,0.01836734693877551,0.01836734693877551,0.2145006307490931,0.15697893223874826,0.10610617324843519,0.19720530373969103,0.14105040876024866,0.07659493276375051,<15 (economico)
1954-01-31,12.0,0.03023895824942957,0.03023895824942957,0.21738871243513347,0.15732244448478916,0.10539133779319099,0.19922349098791803,0.14138919175606413,0.07543551674921112,<15 (economico)
1954-02-28,12.22,0.02676312516365531,0.02676312516365531,0.2078956463780708,0.155966785293421,0.1025513314509201,0.19069437890367125,0.1400521963870498,0.07198653945903,<15 (economico)
1954-03-31,12.42,0.02582414168588265,0.02582414168588265,0.20842214770433154,0.15538923761870405,0.10361219530256838,0.19121338248775088,0.13948260000810864,0.07234050355723554,<15 (economico)
1954-04-30,12.91,0.04450508091832894,0.048402487936680894,0.20254808283441217,0.15230225784918994,0.09849735317522623,0.1837222460179475,0.13601494364042477,0.06694907849122433,<15 (economico)
1954-05-31,13.31,0.04422526842803709,0.04034339010674337,0.19636488675214614,0.1487189375575919,0.09462076002497244,0.17851337155610425,0.13290413224244424,0.06272153454937768,<15 (economico)
1954-06-30,13.36,0.01223074022508408,0.01223074022508408,0.19200906679715857,0.14692037914173905,0.09420517587819766,0.17341440939838537,0.13076492369004566,0.061882771788054125,<15 (economico)
1954-07-31,13.83,0.0445729742173111,0.0445729742173111,0.1914843201051213,0.14637432285429997,0.08526684374333704,0.17209339101030752,0.12986261530273824,0.052780425703326195,<15 (economico)
1954-08-31,14.04,0.02394255448611582,0.02394255448611582,0.18510305506409241,0.1422556141852196,0.08190583090893466,0.16581597849663265,0.12616586634829896,0.04888669193349093,<15 (economico)
1954-09-30,14.36,0.02739811801713854,0.031231693084366574,0.1698514095196071,0.14139174574233815,0.07475968941914668,0.14916962303431625,0.1245329053917088,0.04114347820790143,<15 (economico)
1954-10-31,14.62,0.027106518282989045,0.027106518282989045,0.16402146598572398,0.14056620880731918,0.07458481836185293,0.1426638343134068,0.12371956198747602,0.04046241174834719,<15 (economico)
1954-11-30,15.12,0.043021882121400346,0.043021882121400346,0.155796954614573,0.1368317007295885,0.07429625471496681,0.13459022744847227,0.11968070810683762,0.03977755870976174,15-20 (equo-basso)
1954-12-31,15.79,0.0495331688596492,0.053464004698074996,0.1524960010985561,0.12965140661179175,0.06833983598125948,0.13050428640789224,0.11219288938910732,0.03341941807710991,15-20 (equo-basso)
1955-01-31,15.99,0.021685254027261402,0.021685254027261402,0.14413109572596094,0.13037053286894973,0.07162197135423387,0.12306402930932903,0.11290090170609557,0.03639494540807209,15-20 (equo-basso)
1955-02-28,16.44,0.03704744850187258,0.03704744850187258,0.12751711067450255,0.1273593659078902,0.0751774365023512,0.10600203853268209,0.10993627167664366,0.039435965285054886,15-20 (equo-basso)
1955-03-31,16.22,-0.0043641161547521845,-0.0043641161547521845,0.12605987538702546,0.12823045133337607,0.07802573471979679,0.10457260993837236,0.1104384971830703,0.04199146294616507,15-20 (equo-basso)
1955-04-30,16.69,0.03808219178082184,0.03808219178082184,0.12119313600142134,0.12576023429441796,0.07680749190789538,0.0990520974279605,0.10765385966935148,0.04061683590361387,15-20 (equo-basso)
1955-05-31,16.52,-0.0007871424788135073,-0.0007871424788135073,0.11996553561643641,0.12778448608910575,0.08035369082884891,0.09784873938499827,0.10964555403287979,0.04374868518966801,15-20 (equo-basso)
1955-06-30,17.37,0.06145095301418446,0.06145095301418446,0.1153762462877006,0.11592013854524552,0.0786749606037056,0.09261032778948719,0.09727512275939643,0.041736596002144744,15-20 (equo-basso)
1955-07-31,18.45,0.0764412602647897,0.0724246883981301,0.09419452723528954,0.10784434292064748,0.07494114374987415,0.072662640267112,0.08974156349716633,0.03774693976612631,15-20 (equo-basso)
1955-08-31,18.22,-0.0029931482782853402,-0.0029931482782853402,0.09809598085493332,0.11050216157375559,0.07121045172234552,0.07648731991626101,0.09235595194716661,0.03405002541889135,15-20 (equo-basso)
1955-09-30,18.84,0.04816429020347246,0.044267768678552644,0.0818286189264057,0.10920244450881555,0.06823642374919214,0.061330341185438675,0.09148390944307483,0.031087124984129577,15-20 (equo-basso)
1955-10-31,17.77,-0.04724853405502949,-0.04724853405502949,0.08866997815365418,0.11733627556004755,0.07342553320957568,0.06660459395502105,0.0991404747573903,0.03581195278845506,15-20 (equo-basso)
1955-11-30,18.84,0.07066150162273432,0.07066150162273432,0.08140446041892546,0.11092176120669883,0.07084890352907891,0.05948633520918323,0.09283042065291425,0.03295060361133961,15-20 (equo-basso)
1955-12-31,18.94,0.012371764923989392,0.016149271509526608,0.08449193551191425,0.10932160797402068,0.06955597232224409,0.06172008424798059,0.09050645317667705,0.031325147738651804,15-20 (equo-basso)
1956-01-31,18.29,-0.02387774594078329,-0.02387774594078329,0.10132577025787848,0.11418868424845674,0.07574166712988406,0.07820044695004635,0.09529097918538687,0.037196376272634835,15-20 (equo-basso)
1956-02-29,18.27,0.00949414873537191,0.00949414873537191,0.10869886509222071,0.11265629909221775,0.07743636580062119,0.08541872364934777,0.09309903906720396,0.03864386356812344,15-20 (equo-basso)
1956-03-31,19.37,0.07206091979893459,0.07206091979893459,0.1007060084642517,0.10059729381030458,0.07412345950929877,0.07759369873717703,0.0809146842422157,0.03535754155015236,15-20 (equo-basso)
1956-04-30,19.37,0.014827683020986804,0.011055089403808616,0.10380407411259762,0.10257477437814688,0.07391811247685998,0.08143194898371564,0.08258754893896136,0.03516752292442593,15-20 (equo-basso)
1956-05-31,18.54,-0.028384790149150185,-0.03198336500044974,0.11297034889134205,0.10008822555134245,0.07525894773457664,0.09122195256937893,0.08054694685131225,0.036284091228389714,15-20 (equo-basso)
1956-06-30,18.16,-0.002620201260564392,-0.009953876251295402,0.11113832202576579,0.09975964280259841,0.07588219521754125,0.09103492814766412,0.08068759915599566,0.036992818673939665,15-20 (equo-basso)
1956-07-31,18.86,0.05748865355521926,0.04976975827379437,0.09872425615745417,0.09364959483909763,0.07429147812814563,0.07898293002569234,0.07513974435242221,0.03556616761690812,15-20 (equo-basso)
1956-08-31,18.67,-0.002847256389230557,0.0008053177631897057,0.10766504233578189,0.08747979819002394,0.07414266349490695,0.08769402147412819,0.06802812008601866,0.03496223797399445,15-20 (equo-basso)
1956-09-30,17.84,-0.03088837904722619,-0.034425282773331234,0.11342736409494902,0.08732708838764092,0.07712549669811453,0.09342185989729113,0.0682686626638942,0.03784550857344238,15-20 (equo-basso)
1956-10-31,17.42,-0.009536009109023635,-0.013137696348627381,0.11854366830086382,0.0877535879467144,0.07594165011018994,0.09924685455751203,0.06842539996566299,0.036624397682169185,15-20 (equo-basso)
1956-11-30,17.12,-0.007124657583621685,-0.007124657583621685,0.13063674149579385,0.09418438447454092,0.07612871750323769,0.11113130131465465,0.0747419282938393,0.03671517623459186,15-20 (equo-basso)
1956-12-31,17.2,0.018089543269230735,0.014400813039994409,0.1291983801972354,0.09300380392216856,0.0771643384939611,0.11052365033345168,0.07397208157715429,0.03772259194495198,15-20 (equo-basso)
1957-01-31,16.72,-0.018626184323858652,-0.018626184323858652,0.12543495498595725,0.09950177673864902,0.07788708127736199,0.10682246480513391,0.08035690966897313,0.03815195857511022,15-20 (equo-basso)
1957-02-28,15.84,-0.03995768214836015,-0.04342353889150685,0.1389515646653896,0.10804485889330251,0.07879325638352541,0.12018024725873255,0.0891450704107637,0.03868255457382941,15-20 (equo-basso)
1957-03-31,15.9,0.016205294839352957,0.012549880109715028,0.13606882483435334,0.10914471015204352,0.07789729469618512,0.11815060335727856,0.09028816497832493,0.03765688839278902,15-20 (equo-basso)
1957-04-30,16.12,0.026440305852070356,0.02276130834005574,0.12341841179009028,0.10843863144771748,0.0758455682338326,0.10576028954901062,0.08965564835617301,0.035434384483456594,15-20 (equo-basso)
1957-05-31,16.6,0.041601923788383344,0.03788191691771048,0.09780383949473359,0.10618062065292788,0.0736898521166156,0.08132181086460122,0.08749693219281296,0.033286807091884585,15-20 (equo-basso)
1957-06-30,16.73,0.019541826991591682,0.015913564262084234,0.0673773508829798,0.10294192465541485,0.07313189876307757,0.05210202981120782,0.08437339566453517,0.032592546478530604,15-20 (equo-basso)
1957-07-31,16.87,0.023221170697511395,0.015989925674914085,0.06820067568417976,0.10258602054895394,0.07258405396913536,0.05371123278784373,0.08446734364889963,0.03217697294793975,15-20 (equo-basso)
1957-08-31,15.87,-0.05205112347969476,-0.05205112347969476,0.08613230772958302,0.11053128698390591,0.07432570348423728,0.07139963398301918,0.09195555322383675,0.03368381689767852,15-20 (equo-basso)
1957-09-30,15.16,-0.03739456079115777,-0.03739456079115777,0.0931409571861821,0.11660193252888029,0.07573876398374901,0.07760286381903714,0.09759745400708386,0.03487458590410375,15-20 (equo-basso)
1957-10-31,14.15,-0.05896619675610115,-0.05896619675610115,0.1001148581734379,0.12351826973787028,0.07781438461104795,0.08447763657954321,0.10406792329828907,0.03670277634635033,<15 (economico)
1957-11-30,13.74,-0.01800436469447142,-0.021462095804702153,0.11958165037325696,0.12227496539516647,0.07932071265515317,0.1044466015313692,0.1029083867166587,0.03808256270809163,<15 (economico)
1957-12-31,13.67,0.003180503923998268,0.003180503923998268,0.12903141790204575,0.1253618183590306,0.0791061015496588,0.1137686225103236,0.10561530085241544,0.037708765332004957,<15 (economico)
1958-01-31,13.79,0.023287048516406283,0.0161311950302776,0.13301495953118936,0.12275457283085145,0.0760074989923587,0.11926811987766817,0.10317903026303665,0.03475992065785216,<15 (economico)
1958-02-28,13.78,0.007018745946822502,0.007018745946822502,0.1350188085015116,0.11709932524429822,0.07510609141338676,0.12124765620299538,0.09730101821932502,0.03356332858122202,<15 (economico)
1958-03-31,13.93,0.024189428825335257,0.01707700223627051,0.12936125487560202,0.11268250966505367,0.07396448555484114,0.11648119845408345,0.09340510734092922,0.03241684426885527,<15 (economico)
1958-04-30,13.91,0.00896461648064606,0.005473389434000442,0.13835442389590646,0.11992722504360898,0.0760201425923499,0.1261522278640228,0.10058538741607115,0.03416598794741521,<15 (economico)
1958-05-31,14.32,0.03557839316643041,0.03557839316643041,0.13550797545496374,0.1188408853774714,0.07702247090056336,0.12333629094141041,0.09919869223380462,0.034645732690738784,<15 (economico)
1958-06-30,14.64,0.027351887871853497,0.027351887871853497,0.12988515583153015,0.11906448874937703,0.07593137916403081,0.11704221524005431,0.09878304997960474,0.03303987649785434,<15 (economico)
1958-07-31,14.96,0.030707635009310952,0.027153470750657993,0.12031292736973853,0.11573949511701165,0.07427203020932294,0.10762123121582068,0.09526715367932925,0.03123085764726996,<15 (economico)
1958-08-31,15.54,0.040542989705669275,0.04414348447973726,0.1181010255708761,0.10914591757199532,0.07593726124887046,0.10467096513614682,0.08810715200665054,0.032415802492074874,15-20 (equo-basso)
1958-09-30,15.93,0.029437456324248767,0.029437456324248767,0.11799211156360578,0.10975202897477265,0.07459191378910246,0.10456335934849759,0.08839119660474126,0.030735841916885498,15-20 (equo-basso)
1958-10-31,16.56,0.04359000544662317,0.04359000544662317,0.1095985242940829,0.1079936310338172,0.07079492754940331,0.09555780125283042,0.08604939430410452,0.026632648451837104,15-20 (equo-basso)
1958-11-30,16.99,0.03326246319921489,0.029699489188182993,0.10168401073503897,0.10633053147416827,0.06606009013481007,0.0884951608681146,0.08448705245208687,0.022041639897164345,15-20 (equo-basso)
1958-12-31,17.36,0.021624333333333245,0.025159365628604213,0.10218160102451113,0.10537699912720444,0.06593493738475309,0.08752945820145164,0.08287261886747066,0.021518310569165422,15-20 (equo-basso)
1959-01-31,17.98,0.0425468935003428,0.03895190421241046,0.10021986143527317,0.09631337385139305,0.06589945751333137,0.08634403582633499,0.07406239673402104,0.021210110492793977,15-20 (equo-basso)
1959-02-28,17.76,-0.012650320628071365,-0.009233885751351867,0.10627040730582915,0.09744782757612347,0.06601166103521128,0.09156390885430143,0.07420053602930277,0.020546846812114605,15-20 (equo-basso)
1959-03-31,18.2,0.028061788692106182,0.028061788692106182,0.10468373402549558,0.09230206682973985,0.06577004976817835,0.0899983284351582,0.06827193618660798,0.019801467431809883,15-20 (equo-basso)
1959-04-30,18.43,0.019364316239316448,0.015849266872973944,0.10415584407627865,0.09266352146118972,0.0660279466410505,0.09023037838117154,0.06840418792230785,0.01964326511098724,15-20 (equo-basso)
1959-05-31,18.69,0.01765421774664322,0.01765421774664322,0.10297051686775083,0.09452608537201268,0.06407826613464018,0.08906000036072115,0.06993101707419003,0.017133997111564714,15-20 (equo-basso)
1959-06-30,18.45,-0.006062615021854123,-0.009478207410095307,0.10353720683105672,0.08962154962023505,0.0656739736306291,0.08966559674626251,0.06491973182880773,0.01826799548478064,15-20 (equo-basso)
1959-07-31,19.09,0.042275786054066566,0.03870634843059384,0.10297220527728723,0.08046711268865803,0.06422042124771576,0.08915342348135225,0.05575964005150458,0.016494099570739662,15-20 (equo-basso)
1959-08-31,18.96,-0.003185093739538014,-0.003185093739538014,0.100957323974741,0.08050493049183749,0.06699722896480043,0.087864278686139,0.05522449923642059,0.018660851654692667,15-20 (equo-basso)
1959-09-30,18.12,-0.03703236531986531,-0.040318944277818125,0.11362443695624513,0.08526974074422533,0.06982972711472724,0.10042436726588888,0.05995411528084715,0.020989089173683917,15-20 (equo-basso)
1959-10-31,18.02,0.0017674554484370386,-0.0016399168490064397,0.11758357958757437,0.08653030239915416,0.06791292510415503,0.1050893675584581,0.06097632445664414,0.018925232947254678,15-20 (equo-basso)
1959-11-30,18.07,0.0066910380116957935,0.0066910380116957935,0.11817764411284881,0.08688418514192975,0.0673845293250801,0.10496711303955375,0.06075448283616769,0.01794937854987899,15-20 (equo-basso)
1959-12-31,18.62,0.03463121032092742,0.03463121032092742,0.10725963408429418,0.07761717744741503,0.06786777549774659,0.09417809209560524,0.05115098967311904,0.01787648065613734,15-20 (equo-basso)
1960-01-31,18.34,-0.014857771757534666,-0.011495511592884755,0.11677546948210349,0.07859410518017329,0.07041002995749368,0.10282974496114261,0.05146694539110852,0.01939986335473387,15-20 (equo-basso)
1960-02-29,17.55,-0.03609243781951865,-0.03937103496979222,0.12720164321048744,0.07905552670000215,0.07468840363451346,0.11388449954203606,0.05172008254029614,0.02293038500285216,15-20 (equo-basso)
1960-03-31,17.29,-0.010781447950280798,-0.010781447950280798,0.13040521124901838,0.08238011932249867,0.07034299461395643,0.11633553551087306,0.054406813126920195,0.0180256291912948,15-20 (equo-basso)
1960-04-30,17.43,0.015842723857991015,0.012399189200845262,0.13034593632850777,0.07767336378498335,0.06887724998323463,0.11632294384555375,0.04935703262200608,0.016236252310572574,15-20 (equo-basso)
1960-05-31,17.26,-0.006245394461391274,-0.006245394461391274,0.1356580239437526,0.06561668102954799,0.0718421046958484,0.12156913007406045,0.03734801776221808,0.018554446092570842,15-20 (equo-basso)
1960-06-30,17.82,0.03988088554871427,0.0363677744488875,0.11646429602162511,0.061170775392010324,0.07330446832660509,0.10195983362389116,0.032835791905085676,0.019558729576971023,15-20 (equo-basso)
1960-07-31,17.38,-0.0219612294795668,-0.0219612294795668,0.12166443680024464,0.06408427723400312,0.07710559489859126,0.10709241716252071,0.03513915528383649,0.02316951467389483,15-20 (equo-basso)
1960-08-31,17.58,0.01490866762177645,0.01490866762177645,0.12304850610586127,0.06592038450700977,0.07816426612240335,0.10845850543527225,0.03692531693686907,0.023805054402606274,15-20 (equo-basso)
1960-09-30,17.05,-0.02720757388072903,-0.02720757388072903,0.13726891799673147,0.07543651141841368,0.08116292097895728,0.1224941739086538,0.045647590960196105,0.026223047796071652,15-20 (equo-basso)
1960-10-31,16.61,-0.016739646049990897,-0.0233387088281789,0.14675739915204522,0.07990577490004513,0.08384689744885754,0.13266883538366558,0.050165792777123075,0.028629462306797526,15-20 (equo-basso)
1960-11-30,17.15,0.03540852410199147,0.03540852410199147,0.14124474671067788,0.07637695842248138,0.08440618685406487,0.12722390899796632,0.04620429891199995,0.0287373174630543,15-20 (equo-basso)
1960-12-31,17.56,0.026906435911303372,0.026906435911303372,0.13471976104385464,0.08097065878828236,0.08228950205080254,0.12007330563242835,0.050140057904295876,0.026251297788243644,15-20 (equo-basso)
1961-01-31,18.47,0.054269366197183144,0.054269366197183144,0.12720183040539057,0.07961342193330134,0.07943882645219391,0.11265241308183604,0.048821531098880655,0.023134868658424734,15-20 (equo-basso)
1961-02-28,19.23,0.04374116711319487,0.04374116711319487,0.11662785891515659,0.07938248495530043,0.07545258024483315,0.1008336996365049,0.04833407754461949,0.01883213669730277,15-20 (equo-basso)
1961-03-31,19.84,0.03397047075223858,0.03397047075223858,0.10048858989389808,0.07879099771475939,0.07583935310514178,0.08424590453680247,0.04749736936731841,0.018851938175616034,15-20 (equo-basso)
1961-04-30,20.38,0.029190060303597276,0.029190060303597276,0.10134684370716718,0.07957963402985158,0.07498347697936136,0.08374438374884385,0.048001422805843186,0.017697521848283326,20-25 (equo-alto)
1961-05-31,20.6,0.012633551065876603,0.012633551065876603,0.0873552069039456,0.07702459987835342,0.07343343104220046,0.06997637061875239,0.04500109313867706,0.015832523186085412,20-25 (equo-alto)
1961-06-30,20.33,-0.010802005012531368,-0.010802005012531368,0.08849748763255483,0.0764618407511457,0.07447517157726224,0.07043840379369093,0.04368072358849018,0.016367543245906502,20-25 (equo-alto)
1961-07-31,20.15,-0.0002793863659454887,-0.006944190456839028,0.0885983717832095,0.07599250302289673,0.07339645031129227,0.07131024756681459,0.043666947944976275,0.015129488563567772,20-25 (equo-alto)
1961-08-31,20.94,0.03838970812958453,0.041862583407610066,0.06766239456071377,0.07030926288947614,0.07180484293996447,0.04871778530926418,0.03755322950016371,0.013069380980339718,20-25 (equo-alto)
1961-09-30,20.71,-0.005417060038353738,-0.00873233650489258,0.061838639202624,0.07352412385369433,0.06745972005044232,0.043694092357821956,0.041017229345492234,0.008641338089111938,20-25 (equo-alto)
1961-10-31,20.92,0.013430468827435593,0.013430468827435593,0.05781106417446846,0.07007788420256289,0.06766169816803558,0.038468138943455354,0.03742135377645872,0.00872406492979394,20-25 (equo-alto)
1961-11-30,21.86,0.04772058823529424,0.04772058823529424,0.058907271706050146,0.06035078924829351,0.06677411145734413,0.039544301439549345,0.02799110933841953,0.007723881636928054,20-25 (equo-alto)
1961-12-31,22.04,0.011630088163571584,0.011630088163571584,0.05796938459977374,0.06647853820229677,0.06678273664054601,0.03862356435257808,0.03342761725256249,0.007570976793603634,20-25 (equo-alto)
1962-01-31,21.2,-0.03487129448935966,-0.03487129448935966,0.07416617166163131,0.07491227489108021,0.06605012432533508,0.05452418014932925,0.04159998650203356,0.006718624554346908,20-25 (equo-alto)
1962-02-28,21.45,0.019094964046136864,0.01570926649116622,0.07797684063990973,0.0750993156300046,0.0640138144916258,0.0589697392923918,0.04162220574401965,0.004803258001941257,20-25 (equo-alto)
1962-03-31,21.44,0.003409914079559595,0.003409914079559595,0.08285868000790586,0.07751613983665684,0.06235348398946505,0.06312001185047245,0.04371133370295888,0.003288376635525614,20-25 (equo-alto)
1962-04-30,20.66,-0.0294494238156211,-0.03266316744537057,0.09365859308638314,0.08209474166494068,0.06677896601663891,0.07378556023094074,0.048241069838398154,0.007422115539190921,20-25 (equo-alto)
1962-05-31,19.09,-0.07185075924565265,-0.07185075924565265,0.11462132075551623,0.0893444551054563,0.0710676435960107,0.09370731788269304,0.05501002968579449,0.010994915380044601,15-20 (equo-basso)
1962-06-30,16.83,-0.1141274673228555,-0.1141274673228555,0.1396914953800228,0.10319342282599586,0.07466368376500898,0.11763462849324147,0.06816600636617065,0.013758090939218093,15-20 (equo-basso)
1962-07-31,17.14,0.02717358739289355,0.023783575553312897,0.13807822854196194,0.09968399346423173,0.073354711583552,0.11612117518129628,0.06461054668804112,0.012430377873125398,15-20 (equo-basso)
1962-08-31,17.57,0.03023034053010365,0.03023034053010365,0.13547836722409956,0.1004932396167062,0.07218142564014784,0.11290585921114205,0.06514004522269712,0.011220074468762942,15-20 (equo-basso)
1962-09-30,17.32,-0.005933398838004145,-0.009203354762879035,0.1405664269835578,0.09980813311806336,0.07864139560298233,0.11796303767539218,0.06457454057465917,0.017376327141977344,15-20 (equo-basso)
1962-10-31,16.74,-0.028563218390804557,-0.028563218390804557,0.14741955629125014,0.10345945985961702,0.08481090194651175,0.12401209406293634,0.06760279919474499,0.023038895778482615,15-20 (equo-basso)
1962-11-30,17.85,0.07200858999465898,0.07200858999465898,0.1249747595745403,0.10143913182907949,0.0834276749029097,0.10137231424618909,0.06539652201045598,0.02183859102907837,15-20 (equo-basso)
1962-12-31,18.59,0.0462376887630469,0.0462376887630469,0.12170414581874778,0.09898032732891004,0.08170982094131096,0.09752166542799756,0.0627677903001913,0.02042704631544634,15-20 (equo-basso)
1963-01-31,19.26,0.041467113665389466,0.041467113665389466,0.11258710241052783,0.09560227377609776,0.08159495711808673,0.08732121571112716,0.0592520748232741,0.020214261403830758,15-20 (equo-basso)
1963-02-28,19.47,0.015955361717389094,0.015955361717389094,0.09946275173078245,0.09017652392969389,0.08187875370616426,0.07386581182487473,0.05326694488442962,0.020429808595669785,15-20 (equo-basso)
1963-03-31,19.29,-0.0010829667273462018,-0.00435810454135499,0.09625008115839195,0.0888188726969652,0.08399108612528083,0.07080596647270498,0.05132461852710635,0.02259006333370639,15-20 (equo-basso)
1963-04-30,20.15,0.04978173696766652,0.04978173696766652,0.1017983178748274,0.08175907499311896,0.08358654076215744,0.0755989865519675,0.0437869968007063,0.021844350641335497,20-25 (equo-alto)
1963-05-31,20.51,0.02269569274772132,0.02269569274772132,0.10241843637485992,0.07652788132051525,0.08471663231764182,0.0755797482479128,0.03802739221506868,0.02259981011705703,20-25 (equo-alto)
1963-06-30,20.38,0.002166298355669616,-0.0011087549069305203,0.10834744886818193,0.07413392758659287,0.08554236804865312,0.08082234892351559,0.03535277090798061,0.023391241096174076,20-25 (equo-alto)
1963-07-31,19.97,-0.012218894118765755,-0.0154364221509522,0.11118473290018205,0.07674982327956337,0.086593167518205,0.08305086984656662,0.0379782996313589,0.024343495934580517,15-20 (equo-basso)
1963-08-31,20.47,0.03031143525891622,0.03031143525891622,0.10026253293034038,0.07177057631869199,0.0836509997195205,0.0717917023392598,0.03133086065462076,0.0214167340048812,20-25 (equo-alto)
1963-09-30,20.96,0.028936167465013485,0.028936167465013485,0.10157267933778114,0.0708311555024701,0.08387185306122835,0.07245581416480107,0.0301986879435725,0.021370672766882315,20-25 (equo-alto)
1963-10-31,20.89,0.004998856097003124,0.001735872797986815,0.10639105904770618,0.07474623611116082,0.08395162695097813,0.07662351134690071,0.03339063202004211,0.02146000989456054,20-25 (equo-alto)
1963-11-30,20.72,-0.003065715002966818,-0.003065715002966818,0.11099664962486822,0.0674713566867009,0.08349595089844741,0.08049370288263158,0.025722857545439792,0.020929617140323487,20-25 (equo-alto)
1963-12-31,21.04,0.023933569723675774,0.020619868850783485,0.1085816611924113,0.05747030685415133,0.08214601180192482,0.07823572028306547,0.015780407556139187,0.01977254381072613,20-25 (equo-alto)
1964-01-31,21.63,0.03330187407307528,0.03330187407307528,0.09242075680900919,0.05579047178349272,0.08121993223540058,0.06191960744786362,0.013292888209529563,0.018599029534889455,20-25 (equo-alto)
1964-02-29,21.83,0.014799073468497959,0.014799073468497959,0.08869560850378755,0.05160412388114932,0.07759499046293428,0.05711336023996494,0.007984673353680583,0.014935608801797784,20-25 (equo-alto)
1964-03-31,22.17,0.020710395399922588,0.020710395399922588,0.08005917752834812,0.05415546377323932,0.07672868312136893,0.0469786052628538,0.009154642257111156,0.014020741297497308,20-25 (equo-alto)
1964-04-30,22.42,0.016931049069373927,0.016931049069373927,0.08129081373542779,0.04720478217695767,0.07609735978179177,0.04701495335771466,0.0020821842759113363,0.01317987927728792,20-25 (equo-alto)
1964-05-31,22.57,0.01220360061712955,0.01220360061712955,0.08614630512687094,0.04307030127426259,0.07530894110109942,0.05113802813274115,-0.0031133015999142977,0.012290483241924388,20-25 (equo-alto)
1964-06-30,22.3,-0.0035066381731087004,-0.006721132888679371,0.07588136951558644,0.04391288941485816,0.07449506911338477,0.04073583549358717,-0.002803325964003789,0.011541194096426954,20-25 (equo-alto)
1964-07-31,22.98,0.039610335659687745,0.036267537152743445,0.05842121498272812,0.027416698584166843,0.0719208759825527,0.023389720429746408,-0.019043014847337614,0.009086072393613032,20-25 (equo-alto)
1964-08-31,22.65,-0.012256669069935056,-0.009070400260483114,0.06043247943728325,0.02474456016545301,0.07731562785842083,0.02356402871650065,-0.0230894707521484,0.013806870460960408,20-25 (equo-alto)
1964-09-30,22.89,0.019654471544715335,0.01637583980341395,0.05763700138821104,0.01201747279947396,0.07701982720145106,0.020972235731434363,-0.03606222902186751,0.013449827117751223,20-25 (equo-alto)
1964-10-31,23.21,0.019701874275666276,0.019701874275666276,0.05633987434502119,0.012420430253909487,0.07574738835997685,0.018624189231449817,-0.03662615933596025,0.012108101674678018,20-25 (equo-alto)
1964-11-30,23.23,0.009369475545079498,0.006134316969614639,0.056466508815674166,0.01520079195005386,0.07593303489212144,0.01831091584419653,-0.03442350683667228,0.012445264066790918,20-25 (equo-alto)
1964-12-31,22.75,-0.014903245942571863,-0.014903245942571863,0.04876827925737248,0.010355936764387064,0.07635890342523477,0.00981587099281267,-0.039774751441337686,0.012846003300072795,20-25 (equo-alto)
1965-01-31,23.27,0.028207876766714435,0.028207876766714435,0.041718121073093695,0.015926739150295743,0.07733282137112907,0.0024962985461212117,-0.03485163753505316,0.013666275235336922,20-25 (equo-alto)
1965-02-28,23.37,0.009750609614491257,0.009750609614491257,0.03296587324473266,0.025410844955199297,0.07984363785898108,-0.006975020773394847,-0.026586342388823847,0.01578854340949487,20-25 (equo-alto)
1965-03-31,23.25,0.003355744476464917,0.00015013506919192565,0.03639536605648641,0.030055059535671003,0.07940397273744848,-0.00408641290838907,-0.022236520431360596,0.015346199645775993,20-25 (equo-alto)
1965-04-30,23.42,0.015576413681907209,0.012342093893111361,0.02745526098314177,0.029983418587982147,0.07912005277438316,-0.013591731690136055,-0.02236299750781079,0.015003079854407186,20-25 (equo-alto)
1965-05-31,23.71,0.017325982342465407,0.017325982342465407,-0.00010488461562541129,0.03491767415153002,0.0796495583652912,-0.04054874452175261,-0.01823486438906552,0.015311505773616174,20-25 (equo-alto)
1965-06-30,22.39,-0.045073551373954523,-0.051117389656397894,0.008615697392860389,0.04267288531080604,0.08348482178108663,-0.03195221777539248,-0.01099085093529939,0.01909946209719804,20-25 (equo-alto)
1965-07-31,22.3,0.001028927563499371,0.001028927563499371,0.009459970297922782,0.043015176193442306,0.08463365502729792,-0.03213764795894458,-0.011766874764375657,0.02008530683116172,20-25 (equo-alto)
1965-08-31,22.67,0.021185834020335248,0.021185834020335248,0.011698301480551843,0.033308958402220146,0.08248874520699245,-0.029991553466037657,-0.021143746081290327,0.017973695574255988,20-25 (equo-alto)
1965-09-30,23.37,0.03596112267314133,0.03596112267314133,0.01696588360918505,0.028783395378997767,0.07955056348422285,-0.025938031666043693,-0.02596762983844525,0.015069829770847587,20-25 (equo-alto)
1965-10-31,23.78,0.024968300141717137,0.021734961655465623,0.016951347795789884,0.031240460503905387,0.07902080808170941,-0.026327768658313433,-0.023867807455410395,0.014544978593373559,20-25 (equo-alto)
1965-11-30,23.93,0.010759747601852832,0.010759747601852832,0.015196223213416404,0.032221542715888285,0.08180426874406765,-0.028991998550729647,-0.02364819890028591,0.0170219565326184,20-25 (equo-alto)
1965-12-31,23.69,-0.002116115029842769,-0.005254114668113652,0.02976752963766649,0.031215807667717588,0.08471333128565006,-0.015426815664921212,-0.024644414290477146,0.01977726521691947,20-25 (equo-alto)
1966-01-31,24.06,0.019804498709982132,0.019804498709982132,0.034034109401104296,0.03862133116165256,0.0840560982416021,-0.011347487172804205,-0.0178168693097569,0.019019712080070583,20-25 (equo-alto)
1966-02-28,23.7,-0.004304186312330205,-0.010527285147878152,0.0433794388402442,0.0433312814539113,0.08729804318561585,-0.0016617964146453668,-0.01309850546726643,0.022527736471368964,20-25 (equo-alto)
1966-03-31,22.61,-0.038623368216636034,-0.04161831099477742,0.05752120234396174,0.04828642843008768,0.09271431143744335,0.011994358696891583,-0.00827951135080962,0.028017334876087707,20-25 (equo-alto)
1966-04-30,23.11,0.03320957095709565,0.02681198847438937,0.0582426352528016,0.046006256542848734,0.092407038370935,0.013437300042888012,-0.010175388061931523,0.028142056525534587,20-25 (equo-alto)
1966-05-31,21.85,-0.05007580967976699,-0.05007580967976699,0.06679214057931815,0.05099007318600601,0.09548536505455152,0.020608785995456902,-0.006165608202101769,0.03089708638331823,20-25 (equo-alto)
1966-06-30,21.56,-0.0055952504417300375,-0.00866440090332965,0.06455927345650614,0.05252316318529027,0.0974843946708579,0.01759190340122796,-0.004935277483371525,0.03265415829676144,20-25 (equo-alto)
1966-07-31,21.38,0.00018398016887433144,-0.002893509000876038,0.06353260906037983,0.055276009267440473,0.09647584286095401,0.016736935641837647,-0.0025507910521004318,0.031864164141729434,20-25 (equo-alto)
1966-08-31,19.91,-0.05769454799627216,-0.06345788409415432,0.07296269313517567,0.060969098883732364,0.10097941728342175,0.02650753055433075,0.0029200672599043465,0.03632567084038607,15-20 (equo-basso)
1966-09-30,19.16,-0.032248398429427616,-0.032248398429427616,0.08533820671779724,0.06701961905278964,0.10141498428767304,0.03834723194219447,0.008288773518912995,0.03649995717572918,15-20 (equo-basso)
1966-10-31,18.83,-0.005644090305445104,-0.011688807081703612,0.08248695541208062,0.06425797834145874,0.10167720442491435,0.03637562377826775,0.005769931999422218,0.03701582184265817,15-20 (equo-basso)
1966-11-30,19.71,0.05316060547128232,0.05316060547128232,0.06179627461430259,0.05837099584572658,0.10073699314248308,0.01656631604390224,3.3894966151803985e-05,0.03608384851368651,15-20 (equo-basso)
1966-12-31,19.74,0.0071579515989628195,0.0071579515989628195,0.07505613016994195,0.06155441358898983,0.10127717799796399,0.02825766404214547,0.002696621546755651,0.03654538014189557,15-20 (equo-basso)
1967-01-31,20.43,0.04130292225091203,0.04130292225091203,0.07565889635508505,0.056697301054747795,0.10260659536312322,0.028834191101621887,-0.0024042245228305115,0.03746903054441275,20-25 (equo-alto)
1967-02-28,21.07,0.03730017761989335,0.03730017761989335,0.07222947181497319,0.05031387554196187,0.10404066349730323,0.0245588511566186,-0.009441920561481298,0.038631893836885256,20-25 (equo-alto)
1967-03-31,21.44,0.02633737789987789,0.023227264633514544,0.07219995835468862,0.04753019806954151,0.1049704901908004,0.02465698694158691,-0.012433728425906176,0.03943203155929487,20-25 (equo-alto)
1967-04-30,21.69,0.01992469991798984,0.016843356413705823,0.07065316117936637,0.04421088714370769,0.10340641931100936,0.023304262221245375,-0.016088829358142043,0.03784072895898327,20-25 (equo-alto)
1967-05-31,21.95,0.020576810319554495,0.017502783782447295,0.06464080649798598,0.04215340335446194,0.1023784602224227,0.017681919594691564,-0.01822102287931604,0.03684656386323648,20-25 (equo-alto)
1967-06-30,21.55,-0.009918277711776002,-0.012891496097025779,0.06786418350934875,0.04412757045448146,0.10535723374231254,0.020886959000621097,-0.016715670721901943,0.039621078515258645,20-25 (equo-alto)
1967-07-31,21.8,0.019924167851543828,0.016870502678335564,0.06258502724433046,0.04339845725242131,0.10596618949297709,0.015477209215484677,-0.017592083594454744,0.04021248155105339,20-25 (equo-alto)
1967-08-31,22.03,0.01851653048059343,0.01547618262841266,0.0665860358069259,0.03930049580280559,0.1084128393186865,0.019424335443062546,-0.02147827339532349,0.042395401729699245,20-25 (equo-alto)
1967-09-30,22.22,0.016539078209334424,0.013513664286092242,0.06050634233693497,0.03637102410921478,0.10580135635745624,0.013735619378154151,-0.02426394609395821,0.03982245105136917,20-25 (equo-alto)
1967-10-31,22.07,0.0009741502278814984,-0.0019960994760588324,0.061183568710770464,0.033969699438466616,0.09879363203406366,0.014024442324760189,-0.026552059158173824,0.033251783323331896,20-25 (equo-alto)
1967-11-30,21.26,-0.028817339187399704,-0.03169066066909354,0.07839589359605759,0.03801050249413773,0.09320150803951899,0.030595861571888427,-0.022932983394347795,0.028100964767132197,20-25 (equo-alto)
1967-12-31,21.75,0.031117346571695848,0.028075702481513698,0.07671685475887968,0.034751632234776064,0.09079475460585318,0.02911442359462968,-0.026026972657990033,0.02598907263075856,20-25 (equo-alto)
1968-01-31,21.51,-0.00017488632388928949,-0.006038963236945749,0.07887673666420647,0.031206789003404234,0.09307489972243888,0.03190753735416951,-0.02941583910950063,0.02830269192225421,20-25 (equo-alto)
1968-02-29,20.42,-0.042569795173961866,-0.04536929869684503,0.08096872900560625,0.034691438508743344,0.09724998969703491,0.03306320489053416,-0.026472101592112107,0.03224786021036441,20-25 (equo-alto)
1968-03-31,19.93,-0.01559228650137734,-0.01846227983519244,0.08143803856174925,0.036593732906144316,0.0998603968716345,0.03219769792844107,-0.025169598007270255,0.034632161337257106,15-20 (equo-basso)
1968-04-30,21.28,0.0766172784076029,0.07348757701688302,0.062084301042572454,0.03383445046563338,0.09532056579485682,0.012915880650654632,-0.02824505680726974,0.03024690722183343,20-25 (equo-alto)
1968-05-31,21.63,0.025576922406884695,0.02260423567527048,0.051245372012599155,0.03676708456484845,0.09272877047669237,0.0017861239429548537,-0.026116206525237384,0.02778302181640746,20-25 (equo-alto)
1968-06-30,22.0,0.029406925854024157,0.023473744725182488,0.04097654176115628,0.03446078783496542,0.09432909985595028,-0.008203927967916136,-0.028769704397505258,0.02936718961983198,20-25 (equo-alto)
1968-07-31,21.75,0.0004892205638473701,-0.005244242018180301,0.043382029652777154,0.034345741045072486,0.09413416118396056,-0.005218516967499753,-0.02906146852708824,0.029261982462438052,20-25 (equo-alto)
1968-08-31,21.14,-0.01933920737786643,-0.022141095356786766,0.04401643597112903,0.043722896873554795,0.09425421776459175,-0.007602557645179031,-0.0204251600867702,0.029305476332983194,20-25 (equo-alto)
1968-09-30,21.68,0.03507684401861866,0.03212790714107272,0.04094753356091774,0.04054577151593186,0.09341265909194885,-0.01039341423387552,-0.02386533525230572,0.028316045852126104,20-25 (equo-alto)
1968-10-31,22.0,0.02717176702862778,0.02135209696047702,0.04400651341968387,0.034845097255379764,0.09398697144071733,-0.00810618838260413,-0.029533462847169623,0.028976986739561506,20-25 (equo-alto)
1968-11-30,22.2,0.017857522479126642,0.01498221874330996,0.02565124542121744,0.027255493223975247,0.0919044030687095,-0.02627162223686974,-0.036808128486315206,0.027120740626193518,20-25 (equo-alto)
1968-12-31,22.28,0.012853154648956311,0.010000047171071724,0.008715450583414164,0.02790024727724938,0.09246261250163479,-0.043057267566651625,-0.03635973368739076,0.027705423150416353,20-25 (equo-alto)
1969-01-31,21.19,-0.03985133020344289,-0.04254837702871417,0.02038844773039683,0.03632928378489342,0.09657750304594725,-0.03310714851225649,-0.029041429116376527,0.03146530548907189,20-25 (equo-alto)
1969-02-28,20.9,-0.0023856209150326935,-0.007958885602658117,0.015776333371691154,0.03547597699739069,0.09849018731081549,-0.03886078832142814,-0.030426971868743657,0.033340983506245925,20-25 (equo-alto)
1969-03-31,20.2,-0.019137931034482802,-0.027289139363836257,0.028873014482399872,0.039882495397599804,0.09946308563299278,-0.027302862857068066,-0.026469761352595933,0.03439089662656869,20-25 (equo-alto)
1969-04-30,20.43,0.02274253105068813,0.017107585976028794,0.014193260392034501,0.04004166030914624,0.1001526394649972,-0.04092228976971912,-0.026892256845217344,0.034988141052734845,20-25 (equo-alto)
1969-05-31,20.97,0.035134912800263374,0.03229113556729546,0.0017026695803139535,0.03447745247228484,0.10047156517773792,-0.054564612021129055,-0.03305769103765399,0.03513707159940971,20-25 (equo-alto)
1969-06-30,19.71,-0.04971319311663469,-0.05490601719796451,0.012894313038562588,0.0422527146875038,0.10512287360483086,-0.04452102753160159,-0.026340033301893717,0.03967124648369569,15-20 (equo-basso)
1969-07-31,18.68,-0.04205332526393657,-0.04725955719184971,-0.002679597132967282,0.048218026907237865,0.10902974381519703,-0.05971636463602825,-0.02131108704655349,0.043505075710466246,15-20 (equo-basso)
1969-08-31,18.43,-0.00283614014711564,-0.008226215065239462,-0.009742313677602144,0.05365839108233783,0.11173245316179292,-0.06761652873633017,-0.016635861425942422,0.04624758284931896,15-20 (equo-basso)
1969-09-30,18.4,0.006285242797479995,0.0035728836524733243,-0.03163432831194657,0.05460937686653344,0.11163681792804359,-0.0899105834620274,-0.016543541665001826,0.04613110953859767,15-20 (equo-basso)
1969-10-31,18.45,0.013464183684266162,0.008030059374967369,-0.029672975063016804,0.04961455109565294,0.11105247972758647,-0.08887971963828556,-0.021459191496744356,0.04561193697574906,15-20 (equo-basso)
1969-11-30,18.44,0.00997463881909555,0.004588107412060394,-0.024453080740456268,0.04823471444084637,0.10948549124886742,-0.08442701571487499,-0.02312839204835282,0.044291887450154555,15-20 (equo-basso)
1969-12-31,17.33,-0.05027485881578475,-0.05531318847723954,-0.026649509577197805,0.05820657819103037,0.11385334269768932,-0.08693004887808153,-0.014344713507699058,0.04859872592291947,15-20 (equo-basso)
1970-01-31,17.09,-0.00589031573555765,-0.008520235535198983,-0.009226086748534423,0.06228805324520681,0.1129374265593801,-0.07080817862400046,-0.011689253796643984,0.04733801178215802,15-20 (equo-basso)
1970-02-28,16.37,-0.03196090318532474,-0.037055845800138876,0.01791107352742083,0.07033895506620969,0.11332068515353422,-0.045810358605547497,-0.0050712257631617685,0.04772898714725993,15-20 (equo-basso)
1970-03-31,16.53,0.020122638442710894,0.014781682220497805,0.023753540805784068,0.05843973449573925,0.11369865823598557,-0.040055849855343384,-0.017100260745771867,0.04807397546792469,15-20 (equo-basso)
1970-04-30,15.87,-0.02747696935514199,-0.035055070892634266,0.032517796980352065,0.06015293123610399,0.11536039142710819,-0.031056268131694043,-0.015839139201495933,0.049966900422812266,15-20 (equo-basso)
1970-05-31,13.98,-0.11199017839829362,-0.11429072197757273,0.07116694120411138,0.07810389781892924,0.12412562481441425,0.004597967846433404,0.00010135643094266733,0.05823248072367382,<15 (economico)
1970-06-30,13.8,-0.002698889034972285,-0.007839616411080441,0.07788005736232839,0.08557690095102655,0.12603319929187262,0.010424397322501333,0.006452343348045009,0.06001576399193853,<15 (economico)
1970-07-31,13.73,0.005225558936367225,7.05560700269281e-05,0.0776857822789847,0.09028625587587502,0.1258352512532801,0.00903264576153573,0.01133828279441218,0.05989829517265166,<15 (economico)
1970-08-31,14.1,0.0325578116745906,0.0325578116745906,0.055381235642814275,0.09054878923334475,0.11944109322844376,-0.01221523455855611,0.010850803138544363,0.053396039375905424,<15 (economico)
1970-09-30,14.84,0.06321298554072552,0.05778842949204832,0.040738230914219686,0.0869198221269698,0.1135417628495643,-0.025997227111467236,0.0071593459712251395,0.047676655235765475,<15 (economico)
1970-10-31,15.06,0.024895051263421397,0.019692538312845675,0.0457303485415661,0.08780240314785348,0.11087134177149727,-0.021401631215326455,0.007534789271247622,0.045116034329901744,15-20 (equo-basso)
1970-11-30,14.95,0.0020676089447275725,-0.002993338575195459,0.04953238485677569,0.09249530927418315,0.11239072864677557,-0.018274990434815397,0.011561957298072967,0.04669298655020304,<15 (economico)
1970-12-31,15.87,0.07158348164847328,0.06619864003214948,0.03266612257424062,0.08360995437415797,0.11104043120925478,-0.03377571752857622,0.0029059631472860836,0.04568580192712002,15-20 (equo-basso)
1971-01-31,16.46,0.041106792522672686,0.041106792522672686,0.043228902931246704,0.07926425920673208,0.10842370292756054,-0.024243918165105516,-0.0019227023610736138,0.04291209687661146,15-20 (equo-basso)
1971-02-28,17.03,0.04151067850393986,0.03890037605154917,0.04328312629029196,0.07153698385532592,0.11226211760229377,-0.024404198483954254,-0.009839568319278569,0.04657726457271849,15-20 (equo-basso)
1971-03-31,17.4,0.028318401812377658,0.02574760580784674,0.039132296917568254,0.0728957843933764,0.11237707957089094,-0.028147223198933036,-0.00901013951835472,0.046738848557537516,15-20 (equo-basso)
1971-04-30,17.92,0.03673862115127191,0.034153238056131574,0.03391136614469281,0.07040688741511003,0.11161297792864278,-0.033237909876728255,-0.011730114637433675,0.04607299944508347,15-20 (equo-basso)
1971-05-31,17.56,-0.011078745954692604,-0.015986543741517867,0.03542207700901079,0.06985423639272015,0.11213278869272725,-0.032237609676333934,-0.012521879701356209,0.046667918911303286,15-20 (equo-basso)
1971-06-30,17.08,-0.01595855479002617,-0.023229796996011354,0.04062313547337637,0.07249216890994425,0.11322050603597233,-0.026963757585357517,-0.01023084970665844,0.04792585080260792,15-20 (equo-basso)
1971-07-31,16.89,-0.004629629629629539,-0.007075257075257024,0.047083508534144114,0.07080666110957501,0.11391174873033516,-0.021472625263943113,-0.012627658104528039,0.04862848243602058,15-20 (equo-basso)
1971-08-31,16.52,-0.015171153198653253,-0.01758494939179367,0.04910956922184906,0.07330251281604339,0.1162380279632107,-0.020125394726099755,-0.010836705530463675,0.05079328100300762,15-20 (equo-basso)
1971-09-30,16.86,0.024864022007404563,0.024864022007404563,0.04901021672002592,0.06142957443726904,0.11469892965349393,-0.020899541569856073,-0.02272765500545426,0.049114493157710104,15-20 (equo-basso)
1971-10-31,16.43,-0.01863682092555341,-0.021036241901285502,0.046335975505842786,0.06525096776906536,0.11584919461754284,-0.02393192882492179,-0.01917939565784088,0.05024913633026484,15-20 (equo-basso)
1971-11-30,15.64,-0.0437152413745846,-0.0437152413745846,0.054956766781244726,0.07323634443877247,0.11835471276186982,-0.016229659297521848,-0.01214377011981771,0.05245437242552953,15-20 (equo-basso)
1971-12-31,16.6,0.07163601171229428,0.0664212379326723,0.0482222661547238,0.06708702184724546,0.1150114488099967,-0.022229009303966762,-0.017638723478483387,0.04952600630984638,15-20 (equo-basso)
1972-01-31,17.26,0.04422540418809451,0.04422540418809451,0.03806995864587259,0.0572610380593328,0.11655813434546536,-0.03269415046919277,-0.026994621583918854,0.050905698506804375,15-20 (equo-basso)
1972-02-29,17.46,0.020869635366247197,0.01592595674461883,0.0288462182340945,0.05304261752375683,0.11506955905353311,-0.04231435057805644,-0.030714224674052604,0.04956973965003053,15-20 (equo-basso)
1972-03-31,17.81,0.02619613434727497,0.0237173997232476,0.023428053057818365,0.04740419490666836,0.11306233213691441,-0.04818182749935662,-0.03556899864189489,0.04754321197399669,15-20 (equo-basso)
1972-04-30,17.92,0.012588981739399374,0.010149008289424888,0.018421666665940917,0.051679967120572545,0.11251312404484493,-0.05396544561198602,-0.031807331271688444,0.04707752410402133,15-20 (equo-basso)
1972-05-31,17.66,-0.007758884803921617,-0.01014407979237375,0.020140980408064335,0.053097476910786146,0.1140863079688752,-0.05285734043499413,-0.03118388435727848,0.048609246735032086,15-20 (equo-basso)
1972-06-30,17.64,0.005160940885174714,0.0027504829933635566,0.02091857767943761,0.04687175368116714,0.1130546955801921,-0.05293327172054607,-0.037878512497403816,0.047576887710599314,15-20 (equo-basso)
1972-07-31,17.4,-0.005038580246913615,-0.009787799434279099,0.02455832962382054,0.04765582087749376,0.11439072467869327,-0.04958446584744092,-0.03719226412973364,0.04897315411495273,15-20 (equo-basso)
1972-08-31,17.94,0.03783685478855725,0.035365814658108397,0.012712977963163619,0.04459797489362827,0.11284471915538696,-0.06073973697984536,-0.039970336675479556,0.04749385552058438,15-20 (equo-basso)
1972-09-30,17.61,-0.012104602102102069,-0.014451146990220542,0.012784984620054285,0.057882029849885,0.11373274496871866,-0.06083910963279826,-0.027729340145429937,0.04830579189809203,15-20 (equo-basso)
1972-10-31,17.53,0.004174283973186865,-0.0005735849817688488,0.007453725141741696,0.06647750623454662,0.1128389673464898,-0.06550487939253757,-0.0196648200388041,0.047527737311391816,15-20 (equo-basso)
1972-11-30,18.34,0.05254206964720187,0.05005965910558108,-0.000862475750740832,0.06571075316368624,0.11150367187507548,-0.07368155594706094,-0.01993850688950838,0.0463206037069992,15-20 (equo-basso)
1972-12-31,18.65,0.023115167969881334,0.020707838162893344,-0.005577988604712036,0.06471072104158715,0.11202265911039566,-0.07821381545088091,-0.020226839432208932,0.046969339282656675,15-20 (equo-basso)
1973-01-31,18.71,0.009893617021276668,0.007522974727799392,-0.01435687178257894,0.06776672453524957,0.11155475820144178,-0.08709493896429232,-0.01738484737410828,0.04639430120715038,15-20 (equo-basso)
1973-02-28,17.89,-0.03325121762387384,-0.04001169861951104,-0.009604677548687657,0.07364414113570383,0.11438794304316446,-0.08257639562440366,-0.011383581979922508,0.04924591624902264,15-20 (equo-basso)
1973-03-31,17.41,-0.013453495329830756,-0.02256708890646042,-0.0063910008849388245,0.07918470579825865,0.1163296955297386,-0.07934854480252118,-0.005359125810414311,0.051378642022496424,15-20 (equo-basso)
1973-04-30,16.94,-0.016333036773428344,-0.02310138743783141,0.006336003573727433,0.08541709375386364,0.11649490290718978,-0.06773337484557651,0.00036298606714546544,0.051751026609475614,15-20 (equo-basso)
1973-05-31,16.31,-0.025697589906315987,-0.032355692936568925,0.022488199476433213,0.09296767212684354,0.11835287942123984,-0.05324138503758902,0.007401518971457355,0.053789394024477355,15-20 (equo-basso)
1973-06-30,15.81,-0.019897908893034888,-0.02655018552950761,0.027985817776156052,0.09707197823679126,0.11995960422040808,-0.04890903110413369,0.011567903984922578,0.05558962295453096,15-20 (equo-basso)
1973-07-31,15.89,0.01210241730279904,0.009817761733267094,0.025387711895054954,0.0965264968431736,0.11932029445843506,-0.052332951529240446,0.010887797978178293,0.055106272057122485,15-20 (equo-basso)
1973-08-31,15.28,-0.016354229678638976,-0.03380249167990501,0.043429440308399236,0.09566311591291243,0.1212225474298898,-0.03308208381300215,0.011597911307517084,0.05769931161688868,15-20 (equo-basso)
1973-09-30,15.48,0.0199528982016699,0.017696365241046674,0.04014416453422798,0.09707136164443719,0.12086954646918868,-0.03715385747515665,0.012618306931306833,0.05737398445605901,15-20 (equo-basso)
1973-10-31,15.91,0.04235321969696959,0.033209770401382066,0.02576407479078613,0.09323586358496216,0.11923772475682659,-0.050497857025960324,0.00966712827096683,0.056081912427021985,15-20 (equo-basso)
1973-11-30,14.65,-0.06852863539769283,-0.0746166835323484,0.028862250272467582,0.09976110202822497,0.12322174554004994,-0.047230621458054234,0.016158775722820762,0.06015230241046754,<15 (economico)
1973-12-31,13.49,-0.06805283496732029,-0.0741044399350651,0.047449920333363815,0.10739751581537726,0.12768482772342304,-0.029615324526523712,0.023780369629471165,0.064711536698981,<15 (economico)
1974-01-31,13.53,0.0170042906379686,0.008274640074552586,0.052519152700043925,0.10726187923284702,0.12770447905623472,-0.024958613643945027,0.023932956642713776,0.06504322137636787,<15 (economico)
1974-02-28,12.96,-0.024728609579301453,-0.037126127254140884,0.05555766925548067,0.10422823294486183,0.12907446786108023,-0.021919150257292075,0.021934477025959076,0.06683727375947557,<15 (economico)
1974-03-31,13.31,0.045746388443017594,0.03261986473871192,0.05100978353323993,0.09978527541518822,0.1257445876160359,-0.025635946308327884,0.018910304452182114,0.06418190967452775,<15 (economico)
1974-04-30,12.55,-0.04816639299397929,-0.05213236635650431,0.06654884963491248,0.10578708905634593,0.12660771949279437,-0.01265698317560926,0.024400477206464544,0.06514788751654521,<15 (economico)
1974-05-31,12.0,-0.0270567452592112,-0.039068390379467854,0.06832459588223827,0.10854399497271805,0.1287478446321466,-0.011061527049241016,0.027932285691816938,0.06779810668778041,<15 (economico)
1974-06-30,11.89,0.004572320731571544,-0.0036282696417473392,0.07246205975303432,0.10597317578493448,0.12911238110636103,-0.007813088443542782,0.02609205786128599,0.06840002091149988,<15 (economico)
1974-07-31,10.39,-0.11346846345175776,-0.12064685646024542,0.10171317941020286,0.11835282213205622,0.13563689735425144,0.018662829293242034,0.038021765388928985,0.07486555782243753,<15 (economico)
1974-08-31,9.82,-0.037647627453452626,-0.04919585592401121,0.12111829116040251,0.13258367708787255,0.13954622475942058,0.037132316087612915,0.05209672720507941,0.07899922679489424,<15 (economico)
1974-09-30,8.68,-0.10013591126309784,-0.11080623642598597,0.14853404069562992,0.14619731315141604,0.1460402990787093,0.06273799899799548,0.06550503881883851,0.08565012146959972,<15 (economico)
1974-10-31,8.74,0.023769328635740772,0.01375201622247535,0.135380833016866,0.1430354514606973,0.14444033054318384,0.0509502801606625,0.06330768621394345,0.08463131612527741,<15 (economico)
1974-11-30,8.95,0.037434391801075106,0.029376648952134765,0.12633846190902553,0.1402984559818239,0.14212767184331954,0.042274242251842065,0.06158902996190374,0.08278922483975149,<15 (economico)
1974-12-31,8.29,-0.06091828129356014,-0.06815590532983318,0.15046036668698082,0.14667360959244302,0.14513214299575994,0.06401085984319876,0.06835039793088615,0.0860576599884868,<15 (economico)
1975-01-31,8.92,0.086327717310273,0.08215755332827568,0.13896408956124873,0.14245049694648437,0.14178257051518273,0.051191055055344714,0.0646231786844067,0.08287255366263158,<15 (economico)
1975-02-28,9.76,0.10807530549430355,0.09963282697625164,0.1254671537880312,0.13716593496284335,0.13806955893449824,0.03740726461649935,0.06000810329100559,0.07954887751858486,<15 (economico)
1975-03-31,10.16,0.04973644402829791,0.045752624506368855,0.09430114466577622,0.1311171432783378,0.13674566426927215,0.006404275999230213,0.05437350307861255,0.07831970976891678,<15 (economico)
1975-04-30,10.23,0.014870295217633611,0.011033356483351575,0.08852771438465612,0.13060081092976805,0.13770596882045805,-0.0003830273404397122,0.05379731893092221,0.07925714244799975,<15 (economico)
1975-05-31,10.82,0.06712634757632974,0.06110871779676397,0.0850857786796555,0.1263148731458399,0.13588482570098392,-0.004375128013491936,0.05000413679877114,0.07772795186753734,<15 (economico)
1975-06-30,11.01,0.028946235664077058,0.02126753241285262,0.09332870557256334,0.12589420475824342,0.13604126760887092,0.0024959038152212454,0.050105264070571254,0.07817400094979843,<15 (economico)
1975-07-31,10.9,0.004319985569985585,-0.006797947849608299,0.10303405621445294,0.12791279788597176,0.1377778616248868,0.013649188202053075,0.05296413026503388,0.0804233246319026,<15 (economico)
1975-08-31,10.09,-0.0699625184704653,-0.07167529467954348,0.12688820071159812,0.1340092176416492,0.14220378564205083,0.034455462318439434,0.05865436394010781,0.0845840476698585,<15 (economico)
1975-09-30,9.92,-0.008526815229650264,-0.013974470091025926,0.1351506696306779,0.13282292886323832,0.14478039426364497,0.04144462050034936,0.057836259733461626,0.08722361492062136,<15 (economico)
1975-10-31,10.33,0.04971260973977398,0.04397647526032178,0.1315671099577067,0.12901495709777389,0.1425255610922207,0.037326838029117404,0.054469385858320285,0.08520265828649354,<15 (economico)
1975-11-30,10.44,0.020416995973053353,0.013036041210138016,0.13721693394813173,0.133768699298503,0.1427025913076032,0.04230572052546466,0.05938623650247088,0.0858001767415919,<15 (economico)
1975-12-31,10.25,-0.011796380592872024,-0.015357474716861774,0.1370669643850433,0.14098620513771443,0.14528780381617779,0.040980224947029686,0.06622208955392428,0.08848855280618717,<15 (economico)
1976-01-31,11.19,0.09545283727921827,0.09348259836324857,0.11654435371584237,0.13147842132264076,0.14017162003469585,0.02090912945063228,0.057237842069226774,0.08340691093045538,<15 (economico)
1976-02-29,11.59,0.04178137690136974,0.038047393471615676,0.10055600328983583,0.13311759719100635,0.1411089093772271,0.004942496618593584,0.05944005318210821,0.08431692143555614,<15 (economico)
1976-03-31,11.63,0.008024080516898513,0.006220817403272516,0.10775631513298345,0.13902511187555455,0.14053843782836006,0.010503778987970502,0.06564264114903473,0.0835927384123103,<15 (economico)
1976-04-30,11.69,0.010954500494559927,0.007350384628269202,0.10819064587530325,0.14086615640952682,0.1400295032852652,0.010256169840093587,0.06794282102847404,0.08309433653020393,<15 (economico)
1976-05-31,11.53,-0.003832736342819776,-0.01088524794393253,0.10543141057392114,0.14186443399100535,0.1415761677900489,0.007595508792626715,0.06934194618788236,0.08484509101891469,<15 (economico)
1976-06-30,11.54,0.009005821805006642,0.0036765657039239397,0.10533718996158581,0.14436626069199354,0.14178962656537597,0.006789807172409068,0.07166356772312632,0.08530064216797562,<15 (economico)
1976-07-31,11.76,0.0266535690897185,0.02125959236945718,0.09506729514042944,0.13928419050503482,0.1382732649168985,-0.0037027407607125307,0.06746653733175223,0.08213977027766872,<15 (economico)
1976-08-31,11.6,-0.0056062060140755765,-0.010803386122016034,0.09805335668769488,0.14249856905076408,0.1403192110799516,-0.0014599645101260883,0.07084395965571955,0.08426540064455845,<15 (economico)
1976-09-30,11.81,0.024378831881251894,0.020821960937219774,0.07399596641943207,0.13691908372811024,0.1400882517305473,-0.024552355105163848,0.06550046915219032,0.0840623081116405,<15 (economico)
1976-10-31,11.35,-0.031082148499209983,-0.03610244824791864,0.08450789315959395,0.14041208752873513,0.14419679196017987,-0.01440372212568597,0.06923241641769606,0.08807945035669196,<15 (economico)
1976-11-30,11.25,-0.0036664458619561913,-0.005384262334608092,0.09183265826014986,0.14479887754687337,0.1472305966587384,-0.00804091103594573,0.07343335716362454,0.09095531295684212,<15 (economico)
1976-12-31,11.6,0.0378650609354414,0.034298514334288654,0.08629128474050995,0.1424863457340706,0.14578286143612162,-0.013026887899366235,0.0715367958815909,0.08976614508589975,<15 (economico)
1977-01-31,11.44,-0.005372492836676179,-0.010473146719565007,0.07680690813597169,0.15051046588721295,0.1479299507362417,-0.02126151011509103,0.0789359937134142,0.0919171106657195,<15 (economico)
1977-02-28,11.01,-0.023686038856775782,-0.03359785572117391,0.07780806758914127,0.1605157420457859,0.15176229737044422,-0.018973590325477296,0.08903882900704829,0.09594961292948678,<15 (economico)
1977-03-31,10.9,-0.0005418069306931672,-0.007260853606789186,0.07194203269128874,0.16556046445492845,0.1514332611041549,-0.022789033396009684,0.09402171715462693,0.09586894455497763,<15 (economico)
1977-04-30,10.64,-0.011936713055003323,-0.020170573779544898,0.08602437422958364,0.16595770180778247,0.15013073544566913,-0.009130227398883695,0.09472624239386906,0.09501897872735343,<15 (economico)
1977-05-31,10.55,0.0006450193504963231,-0.004333314079108086,0.08711866023875392,0.16608386601317537,0.15517527514740204,-0.009014474799261984,0.09500286932997892,0.10013044597264953,<15 (economico)
1977-06-30,10.53,0.008997679559875849,0.002348600946630919,0.07348469566159732,0.170177523091966,0.15766362569211,-0.022584439856844107,0.09918561163965056,0.10279590865461352,<15 (economico)
1977-07-31,10.57,0.012824386477322314,0.007843282937270102,0.0712740185534253,0.17228581641050478,0.16015711725647397,-0.024638483967762803,0.10141824867779836,0.10537477231870285,<15 (economico)
1977-08-31,10.27,-0.020786202594810455,-0.023986247684369855,0.0774868624143965,0.18212107790586507,0.16157785256161672,-0.018741672835769663,0.11043847469541523,0.10680622166540377,<15 (economico)
1977-09-30,10.07,-0.011753341858482536,-0.014972386347542832,0.10498714541976395,0.1798830836408345,0.16295354226594005,0.006547702007091649,0.1081180462504403,0.10816015990730699,<15 (economico)
1977-10-31,9.77,-0.021978592954380205,-0.025153987133099798,0.12895931884537615,0.16768165107188504,0.1651969230258128,0.02842384500073325,0.0967296790597656,0.11034079596718271,<15 (economico)
1977-11-30,9.77,0.009811419884787842,0.004917341920887441,0.13671980267390427,0.15132701866533171,0.16395368615329642,0.03692260090966348,0.08180050681386719,0.10945989058078354,<15 (economico)
1977-12-31,9.68,-0.0008013983170698236,-0.004019429240364358,0.13996764604024947,0.1498732252356385,0.16551482598850642,0.04140793413881494,0.08078308906606435,0.1111959861928844,<15 (economico)
1978-01-31,9.24,-0.03390357422013779,-0.04008659134512893,0.15673284314040026,0.1586548393052476,0.1676648333448083,0.05764835729422946,0.08945361857584477,0.11349977539652945,<15 (economico)
1978-02-28,9.05,-0.009719916897506953,-0.016017405502292248,0.16389053508649876,0.16359089780945313,0.17186563946105515,0.06533385157889748,0.09450961462065766,0.11775857485651486,<15 (economico)
1978-03-31,8.95,0.002656655053570045,-0.005250731815937493,0.17213071768284882,0.16698842970542804,0.174746828653771,0.07457655448599398,0.0981025079697786,0.12084665914905424,<15 (economico)
1978-04-30,9.26,0.048299932447646965,0.040097272569339815,0.170712628018153,0.16046349714194075,0.17394357195237808,0.07343336862178496,0.09225962499646512,0.12041676024622827,<15 (economico)
1978-05-31,9.63,0.05504320821198738,0.0452288527867597,0.16830525078534597,0.1517111061918719,0.17067267250457951,0.07192879408474395,0.08466528246158789,0.11771414286775772,<15 (economico)
1978-06-30,9.55,0.006735559319713813,-0.004072951286479554,0.17080109921756037,0.1576622264222438,0.170347909522939,0.07589038045474905,0.09098410115854039,0.11793868144697761,<15 (economico)
1978-07-31,9.43,-0.0006229094136118718,-0.008228518931012174,0.1726007093034294,0.15737853907551713,0.1729448936276805,0.07832612915072867,0.09108887349998418,0.12077870239158739,<15 (economico)
1978-08-31,10.02,0.07328143327502845,0.06840288130559657,0.1505115891853459,0.14723198722798592,0.1645894299291586,0.05834250977290156,0.08156081642819335,0.1129801998258324,<15 (economico)
1978-09-30,9.94,0.00399689605389808,-0.0035519527886124225,0.1571141901078017,0.14896554845518484,0.16143686089557296,0.06496333136212251,0.08328689508252562,0.11031836326806599,<15 (economico)
1978-10-31,9.53,-0.02773500160410658,-0.0364288764034737,0.1651457511534733,0.15650883098949797,0.16381750439024922,0.07364445404818132,0.09101509295305821,0.11295811009706869,<15 (economico)
1978-11-30,8.93,-0.05437651590457249,-0.05858552251033866,0.17554559049478002,0.16062190302727775,0.173167733229189,0.08376557930387207,0.09529268988386774,0.12214999554408901,<15 (economico)
1978-12-31,9.01,0.01922828458804071,0.014711763386025867,0.17077602874204634,0.1610801367887873,0.17441050960386684,0.08011417711975777,0.09602978797706996,0.12362246796834753,<15 (economico)
1979-01-31,9.26,0.0418530850067631,0.03270064209308732,0.16485183766690104,0.16032832324757362,0.17489465931298187,0.0752761004508089,0.09574260769894694,0.12444466088003181,<15 (economico)
1979-02-28,9.0,-0.010569543342359378,-0.022024599280508594,0.15514294097503778,0.16533914685032958,0.1754798128907653,0.0677543432212635,0.10130290056821023,0.12559144192705785,<15 (economico)
1979-03-31,9.07,0.023411610505955194,0.013148170285981253,0.15082435099121816,0.16245737573208108,0.1758133521142511,0.06549313327537831,0.09905628459008686,0.12630746222773936,<15 (economico)
1979-04-30,9.13,0.024309024309024263,0.012702123183709668,0.14646889989358547,0.16373783504214146,0.17684873652369326,0.06284879704322499,0.1008035437545689,0.12753317673117226,<15 (economico)
1979-05-31,8.79,-0.018930239960822548,-0.03127936980746959,0.15027754067129218,0.1706757482925283,0.17791561569263314,0.06846362323717115,0.1081413514207159,0.12927036274876524,<15 (economico)
1979-06-30,8.85,0.024176384571676923,0.012843865793567,0.14053141034889904,0.17178544949223506,0.17614858343406836,0.06115581544445603,0.1101578967353305,0.1282037884640137,<15 (economico)
1979-07-31,8.83,0.014208456243854473,0.003109047693990119,0.13524378045499819,0.17336941465865996,0.1779213527109298,0.05774860379338764,0.11261385371931998,0.13035636294749686,<15 (economico)
1979-08-31,9.13,0.05014335443037976,0.04018264510651437,0.1441663165429159,0.17300735976064097,0.1727849919715898,0.06727705445650356,0.11315225121523498,0.12582890649163825,<15 (economico)
1979-09-30,9.11,0.015404508069521983,0.004515451682717497,0.14386533975067772,0.17174798752958154,0.17153750878634777,0.068279283152344,0.11279995069356841,0.12496912783210457,<15 (economico)
1979-10-31,8.68,-0.03352516881522405,-0.04123640417042174,0.15074167653889892,0.17608660381111907,0.17278548894471557,0.07581039455911043,0.11728025366510852,0.12651810565186983,<15 (economico)
1979-11-30,8.52,-0.0032243460925039935,-0.012417270436842043,0.1544314721444322,0.17431529249473798,0.17700793967167483,0.08126174748463977,0.11636528006061742,0.13106424937354588,<15 (economico)
1979-12-31,8.75,0.04403996303439395,0.0331503675920537,0.14289931666417166,0.17242634340801377,0.1761021291264251,0.07270763470147745,0.11556170100829521,0.130786457306447,<15 (economico)
1980-01-31,8.85,0.03312461348175644,0.018517453136898787,0.1459475763419853,0.16600173714907074,0.17411749547561817,0.07822693804449843,0.1098907050618072,0.12951477762569752,<15 (economico)
1980-02-29,9.05,0.043958521190261335,0.029403966395466608,0.14898632029155312,0.15802843774294106,0.17012567850735594,0.08310132130987635,0.1033312724829405,0.12613245753720403,<15 (economico)
1980-03-31,8.08,-0.08777825961260466,-0.10144450291428841,0.1691717568374771,0.17184253475475297,0.17778718330422194,0.10462913414242614,0.11756979291356018,0.1338961006345154,<15 (economico)
1980-04-30,7.84,-0.01162050302451445,-0.022602497435353253,0.17430009064826368,0.17344277991471913,0.17930955366102208,0.11091429993576085,0.12017306915561043,0.13596303559057255,<15 (economico)
1980-05-31,8.1,0.05036138349514574,0.04008890052697822,0.16911051494302876,0.17211191140376791,0.17472314170690417,0.10735350061591564,0.11974249015620386,0.1320353357303643,<15 (economico)
1980-06-30,8.51,0.06862684153512832,0.05699728703232765,0.15942968829703452,0.1679971863777625,0.17265570190143942,0.0999756322515375,0.11642983131576368,0.13036559919855328,<15 (economico)
1980-07-31,8.88,0.04969458987783604,0.04969458987783604,0.15335267525740037,0.16254332853741582,0.170310874567704,0.09380392400984494,0.1107899455816983,0.12797462308543306,<15 (economico)
1980-08-31,9.07,0.035046835002782384,0.027591515663026644,0.1411752336071732,0.14909885149609514,0.16884343880895591,0.08341934777703419,0.0977319425651777,0.12696753796693194,<15 (economico)
1980-09-30,9.2,0.028358076923076903,0.019788426282051352,0.13049996136266562,0.14081575509740407,0.16657699331281428,0.07448589236483971,0.08982394723998377,0.12496077713335096,<15 (economico)
1980-10-31,9.36,0.03324769433465069,0.02350007457677661,0.12646856040039078,0.13442950153280475,0.16155650727572524,0.07189522621915634,0.08409906719300486,0.12055369589773668,<15 (economico)
1980-11-30,9.65,0.04614695340501784,0.037582007587666943,0.13033092028125526,0.13264846327019897,0.1584900174550119,0.07674665502658584,0.08304409847488703,0.11802280720239544,<15 (economico)
1980-12-31,9.39,-0.012447801522967317,-0.021602398959602587,0.14491895472368976,0.13916528248818483,0.15726044272907225,0.09207602316420971,0.09029045247722745,0.11738847020614451,<15 (economico)
1981-01-31,9.26,9.987515605480723e-05,-0.007946905448649066,0.14661223592071848,0.13837097330979709,0.15751737647111863,0.09485929987194419,0.08976092772030442,0.11773583458898407,<15 (economico)
1981-02-28,8.83,-0.030701754385964786,-0.04062630980180826,0.16664257450402964,0.1545350621515924,0.15807247353581166,0.11689298647751234,0.1062085856746322,0.1186242737160974,<15 (economico)
1981-03-31,9.08,0.04143302180685349,0.034372458947146134,0.17117653743853634,0.15331123968791593,0.1502365567763504,0.12379019480006193,0.105624043970582,0.11130696062965217,<15 (economico)
1981-04-30,9.09,0.012937937937938182,0.006116807042733319,0.17450511938999358,0.15440532682239727,0.149754820264002,0.12892343846489673,0.10725697137536438,0.11099660688061919,<15 (economico)
1981-05-31,8.82,-0.0161726996527779,-0.023841732060829846,0.17949822407946603,0.15608210690063196,0.15452670327738338,0.134872265604977,0.10940557563624953,0.11579247379433388,<15 (economico)
1981-06-30,8.77,0.00857588585168334,-0.00032986148475544486,0.18477343429988813,0.15549551873981593,0.1526396865115418,0.14071755018114662,0.1094997135997895,0.11436888777423349,<15 (economico)
1981-07-31,8.45,-0.020162509448223842,-0.03085942528394192,0.1852864864969448,0.15875202221262907,0.15225972567081403,0.14371970589689553,0.11368492666617813,0.11476991160432548,<15 (economico)
1981-08-31,8.4,0.00802564549444873,0.0003808139468202132,0.1887427622101372,0.16089110031250908,0.1506094797651547,0.14838338491713765,0.11626313428178969,0.11359716079157245,<15 (economico)
1981-09-30,7.58,-0.08302683256172838,-0.09188172366360003,0.2035287313549996,0.17064168334427787,0.1487332426137702,0.16386692377112055,0.12623796773836027,0.1120707489114241,<15 (economico)
1981-10-31,7.65,0.017272471118624955,0.015094157475972647,0.1991980303551948,0.16885078052193547,0.14955022051770128,0.15996578516321946,0.12459224804139368,0.1131685337444368,<15 (economico)
1981-11-30,7.81,0.03043730523094057,0.027138146302773114,0.2003345568733801,0.16536983679090933,0.15066081465311898,0.16159949043354516,0.12127673292293162,0.1145168077960641,<15 (economico)
1981-12-31,7.83,0.011793687279630927,0.008564558490440799,0.2015884399740815,0.16508823134702189,0.15082360922966354,0.16334588131223038,0.12128283580258725,0.11507307192704319,<15 (economico)
1982-01-31,7.39,-0.04804119547657515,-0.05106969644536641,0.22925876692914704,0.17918094254321892,0.1534880943570769,0.1893911300732034,0.13504283907648085,0.11770649060473137,<15 (economico)
1982-02-28,7.18,-0.019138959931798705,-0.02224951291298749,0.2495701489307074,0.18075004832346164,0.1526360879894868,0.20894357113028805,0.13650346103407163,0.11683799890163571,<15 (economico)
1982-03-31,6.95,-0.027445414847161564,-0.026416256555994666,0.26735509464963325,0.18283635032840673,0.15703009981207572,0.22479542136676534,0.13781782150047173,0.12072193430890277,<15 (economico)
1982-04-30,7.26,0.05469314079422394,0.050247648103837195,0.25177426461470787,0.17686510142502576,0.151891222485818,0.20946826608690716,0.13238963369125067,0.11566881824051944,<15 (economico)
1982-05-31,7.19,0.005696474634565796,-0.0037516133317295752,0.2507848796171004,0.17860723135021583,0.1499180321038993,0.20993824162871233,0.13497425835937826,0.11428343770227767,<15 (economico)
1982-06-30,6.69,-0.052706185567010344,-0.06442528430226391,0.27557983926890417,0.18342170470904473,0.14952201598588122,0.2361262272708997,0.1406224161088223,0.11456223066292015,<15 (economico)
1982-07-31,6.64,0.0024384685505924875,-0.002702241544538686,0.2828221459276514,0.18537659267691842,0.14285925728740678,0.24376668402444257,0.14284985159502162,0.10832542385230859,<15 (economico)
1982-08-31,6.64,0.007939769957343135,0.005876433683121185,0.29691627023465905,0.1855502295781697,0.1430544250699617,0.25662485805076307,0.14292653578400505,0.10844393089593307,<15 (economico)
1982-09-30,7.4,0.12096374202370108,0.11867372416461275,0.25985546242075297,0.17253208979414403,0.13378006819434773,0.21993781514513988,0.13028715017633385,0.09947162007857746,<15 (economico)
1982-10-31,8.0,0.08881399782135047,0.08548768214572511,0.20773212594094126,0.1612158343754535,0.1281899736957952,0.16957224861864129,0.11932569886980748,0.09412746517791026,<15 (economico)
1982-11-30,8.35,0.044999164782717926,0.047131816139417415,0.16612194209224018,0.1592642834129494,0.12932647188050517,0.12862072397310564,0.11705930029673506,0.09511801145771837,<15 (economico)
1982-12-31,8.47,0.013554990345160611,0.01770890424001781,0.15986487748716827,0.16143697056531714,0.12797950954358495,0.12164700048797883,0.11877406068434504,0.09370896761607694,<15 (economico)
1983-01-31,8.76,0.03925753228120521,0.03713226125404523,0.16058002900720214,0.1571384948505925,0.12568448024087742,0.1222153174467735,0.11431319848135324,0.09135457887717857,<15 (economico)
1983-02-28,8.91,0.02130014437514438,0.020256936873228826,0.1632913376723919,0.1566779345401461,0.12077738492060197,0.12448439962891933,0.11359367768753015,0.08623571102904104,<15 (economico)
1983-03-31,9.23,0.03865614782016347,0.03865614782016347,0.1618687016057101,0.1547531969513296,0.11938100915040617,0.12214352060408218,0.11135292906771488,0.08455751486783925,<15 (economico)
1983-04-30,9.53,0.041973886328724896,0.03457650579697957,0.15030409339534478,0.14846253609896953,0.11996279335394222,0.11141606295432105,0.10577883966194412,0.08562582410544017,<15 (economico)
1983-05-31,9.87,0.044240118368209735,0.037924149910337546,0.1353526582492548,0.1443276821499877,0.12043718322833818,0.09755310377870585,0.10231329419897173,0.08650390916551798,<15 (economico)
1983-06-30,10.0,0.017535039609993808,0.01446709476694874,0.14467079966062757,0.14332472250494765,0.12257315779020517,0.10628957243545956,0.10152709244707059,0.08868026333325152,<15 (economico)
1983-07-31,10.01,0.00708133012820511,0.003048972450014009,0.14235397615298107,0.1425879130084584,0.122510573172665,0.10400267385995932,0.1012589602533811,0.0887787307659571,<15 (economico)
1983-08-31,9.73,-0.02407185628742503,-0.026993796837462725,0.14396173397176026,0.14737822475452744,0.12378544108102951,0.10528849482180358,0.10590168414726664,0.08997165123448947,<15 (economico)
1983-09-30,9.98,0.03313834154351403,0.028008558318372456,0.1408742912520462,0.14518397264409644,0.12370235926236228,0.10192573067899047,0.1041077722490027,0.0899854912290019,<15 (economico)
1983-10-31,10.0,0.006479266347687362,0.0034897239723972184,0.1479359340516686,0.14585802226701583,0.12446769574576155,0.10866677377532752,0.10463040196768492,0.09094904285075178,<15 (economico)
1983-11-30,9.85,-0.011414231763068883,-0.013367958577766403,0.14588767350120158,0.1471828630120593,0.12579045620077856,0.10694240472520988,0.10605048261944972,0.0924882374917928,<15 (economico)
1983-12-31,9.82,-0.0012812752219530932,-0.0022671772207466523,0.1514645422779608,0.1483437993278076,0.12756273077788305,0.11217991725320031,0.10727914893521984,0.09432146576652167,<15 (economico)
1984-01-31,9.89,0.01575932684509329,0.009778408335701094,0.1558223751676211,0.14852449626874886,0.1293984364395806,0.11659866877308578,0.10780403740393929,0.09615972756825797,<15 (economico)
1984-02-29,9.32,-0.0511217948717948,-0.055754989232772334,0.17562535250882005,0.15447976780669492,0.13297767270729666,0.1359055446601154,0.11371305525847264,0.09960666973473953,<15 (economico)
1984-03-31,9.33,0.004423606696333904,0.002465665942540163,0.1742079920624029,0.15231664296320968,0.13183453126584133,0.13367667887614254,0.11146499542705568,0.09825155905044891,<15 (economico)
1984-04-30,9.31,0.005072003388394641,0.00019774537002237302,0.18126688725204332,0.14782037716130336,0.1320935032428614,0.14011366933253067,0.10751610090503294,0.09859429376658913,<15 (economico)
1984-05-31,9.23,-0.0025257349830795084,-0.005419760897055204,0.19143568328776484,0.14931992103125546,0.13076700866101953,0.14929252435199802,0.10921002532636503,0.09714639259018898,<15 (economico)
1984-06-30,9.01,-0.018483040655598026,-0.02132253041262122,0.20389594462960114,0.15273570560412053,0.13341791827927696,0.16142279743113064,0.11245243147375183,0.09970359660206007,<15 (economico)
1984-07-31,8.87,-0.00908447637709564,-0.01289202882137186,0.21277544696575723,0.15318809691357416,0.13265220101584196,0.17032495533311032,0.1130170926233467,0.09925920498507113,<15 (economico)
1984-08-31,9.62,0.09206559121994262,0.08788543584685193,0.202575400235548,0.14655157462833346,0.12688791149383682,0.16099931991561878,0.1065896331764189,0.0938457251979723,<15 (economico)
1984-09-30,9.69,0.014069682684509255,0.009240779433630664,0.2003102975205877,0.14588330651488124,0.12764738024664823,0.15917602240631945,0.10617607923612371,0.09472877076747643,<15 (economico)
1984-10-31,9.6,-0.0041240216736904145,-0.006961275173195558,0.2019897496231995,0.14584693633085144,0.12793823665733228,0.16034867439773604,0.10638257126540518,0.09487979529985857,<15 (economico)
1984-11-30,9.69,0.012859021035598772,0.012859021035598772,0.19454158991818615,0.14395982205121416,0.12984930806238126,0.15260846083202928,0.10441279284050631,0.0967061381431309,<15 (economico)
1984-12-31,9.6,-0.007075566245740683,-0.007075566245740683,0.20271620664639167,0.1435927485835664,0.13177224390911224,0.16012776314661514,0.10405840921114451,0.09877436373557003,<15 (economico)
1985-01-31,10.0,0.04697568389057749,0.04499089586424465,0.18640684713915467,0.14111503458282937,0.12841080215977607,0.14248432655255772,0.10143475264634838,0.09549985216238377,<15 (economico)
1985-02-28,10.49,0.05787360625485638,0.05288363641403171,0.16714171347233497,0.1389739009511255,0.12617940380546422,0.1239390746625657,0.09944987715975095,0.09327758383519047,<15 (economico)
1985-03-31,10.37,-0.004783181315643925,-0.008524597927239252,0.1745194136188244,0.14240219318912328,0.12630528981629463,0.13066205066416603,0.10280976625550298,0.09317983628149396,<15 (economico)
1985-04-30,10.4,0.010247120029728496,0.00552192302304122,0.17258609507033174,0.14485577842921127,0.12435964399661015,0.1295090043705971,0.10533207724110372,0.09118149620717153,<15 (economico)
1985-05-31,10.61,0.027356344592100568,0.023526498013938246,0.17512101319313023,0.14553609121229294,0.12358867744475543,0.13227008680049623,0.1061837735018305,0.0906930032814941,<15 (economico)
1985-06-30,10.81,0.02510966738777709,0.022251554932235074,0.17662799319045086,0.1462797803346816,0.12340740128403849,0.13313016371140818,0.10699299974747478,0.09064123648257705,<15 (economico)
1985-07-31,11.0,0.0224722075172048,0.020575227540364116,0.17180721883289496,0.1477292081710857,0.12316550263981818,0.12803974836927634,0.10859859975936459,0.09025595120977048,<15 (economico)
1985-08-31,10.74,-0.018453103896103884,-0.02027078333333321,0.1570774861069022,0.15045756916175224,0.12438597201756108,0.11223361498977824,0.1111488286714164,0.09126325591914819,<15 (economico)
1985-09-30,10.47,-0.01884994246769356,-0.021567809663073922,0.1512256802819567,0.156864076193713,0.12561350793878745,0.10538094954759258,0.11742736927820996,0.09194282772792883,<15 (economico)
1985-10-31,10.55,0.014955640050697161,0.011220752690805025,0.1424467039635291,0.1561978426792867,0.12328378751613256,0.09644185246931114,0.11683167415379492,0.08977414800205574,<15 (economico)
1985-11-30,11.16,0.06420515574650909,0.061276150730692924,0.13497075796982272,0.15170688076768202,0.12197158586198165,0.08937837305129004,0.1128727023152356,0.08909016545224535,<15 (economico)
1985-12-31,11.69,0.05294514767932501,0.050055087804633525,0.1334405247396464,0.1496056198258473,0.12026880295394715,0.08850780124146529,0.11122001804126569,0.08780736624748409,<15 (economico)
1986-01-31,11.72,0.00751728573725674,0.004759482947829907,0.13018894468164222,0.14893160897661573,0.12066500004342506,0.08468629688282214,0.11022372445027773,0.08792811567065262,<15 (economico)
1986-02-28,12.39,0.056972462375920685,0.0598735761793312,0.14255320255567905,0.1491565802949828,0.11755527108974162,0.09562639378692861,0.1097779271040853,0.08465126236514875,<15 (economico)
1986-03-31,13.19,0.061827711941659036,0.06670743488256736,0.13571846179533198,0.14205377440886413,0.11503023746756824,0.08775155030013959,0.10184519406414805,0.08165388714448363,<15 (economico)
1986-04-30,13.55,0.027414263165446817,0.029306370464094122,0.13464951032999273,0.13919346371978647,0.11396624807226718,0.08600633035529515,0.09846081524670436,0.08006469745356726,<15 (economico)
1986-05-31,13.56,0.004918301820728388,0.002149931843260733,0.13313086074282965,0.14128797436253193,0.11325333148472749,0.08451036169845438,0.10057299791086582,0.07925519067281495,<15 (economico)
1986-06-30,13.89,0.0313324004192872,0.025681263978633462,0.1269411139495895,0.13921879394099612,0.11001390586516302,0.0791362106093072,0.09911125036447577,0.07630417054717964,<15 (economico)
1986-07-31,13.62,-0.018039135752140334,-0.018039135752140334,0.13281157279550082,0.13726323635739912,0.1114233205051971,0.08443887911402426,0.09701469925578454,0.07751168971606259,<15 (economico)
1986-08-31,13.89,0.02280853802386895,0.02094380048872968,0.1336919892401056,0.1381440103144902,0.11142924534118959,0.0850412861437504,0.09785505949239792,0.07750995288350215,<15 (economico)
1986-09-30,13.47,-0.02456235714285715,-0.028988117772880462,0.13865329101055157,0.1432662538056737,0.11420381503145882,0.08982559265931189,0.10294750860450286,0.08071111589491453,<15 (economico)
1986-10-31,13.43,-0.0008987270946986259,-0.0018045306059454314,0.13927150691039292,0.1479940567527347,0.11623462111754757,0.09029743853767003,0.107258695219004,0.08302431225559537,<15 (economico)
1986-11-30,13.87,0.03532949663016005,0.03439169817306742,0.1314236091307761,0.14966748109523387,0.11540328049689563,0.08235370465346348,0.10876328458212825,0.08234725140018861,<15 (economico)
1986-12-31,14.09,0.017089395484836123,0.016168952592994668,0.12969677608800168,0.14908888886302996,0.11564368337146846,0.08074066196659535,0.10830561819233675,0.08254900870176862,<15 (economico)
1987-01-31,14.92,0.06673370876910711,0.0600186584441218,0.131143200003925,0.14535522350171437,0.11242985683999063,0.08317795043545151,0.10505440870597771,0.07960578951100761,<15 (economico)
1987-02-28,15.82,0.06461877756773782,0.060802939655308696,0.11572021611502836,0.14307487747262848,0.10983079482506919,0.06840397499679773,0.10290425105909451,0.07699022162641378,15-20 (equo-basso)
1987-03-31,16.43,0.04376409161030037,0.0391085871874175,0.10395408324374489,0.137477286857834,0.10607021733076905,0.05701684733552104,0.09771929095106247,0.07309517884999162,15-20 (equo-basso)
1987-04-30,16.2,-0.00856410256410256,-0.013842377084613111,0.1064386815608791,0.13451860780698377,0.10881409580455736,0.06022317281639533,0.09531179334028117,0.07569453150407957,15-20 (equo-basso)
1987-05-31,16.16,0.001728309713100673,-0.0018144959799606397,0.1105946581447863,0.1443687329919705,0.110568972620676,0.06465480866560913,0.10528203354986876,0.07726046044487522,15-20 (equo-basso)
1987-06-30,16.83,0.04498443445174649,0.04130166992504414,0.09792181411329581,0.14528355211389088,0.10831908140792224,0.052497283390142035,0.10641806376196628,0.07516452935310447,15-20 (equo-basso)
1987-07-31,17.31,0.031220968812209815,0.028502460107080907,0.09533318467171692,0.1481539040045241,0.10693378668205367,0.050121216516758604,0.10934550861618852,0.07397529960168936,15-20 (equo-basso)
1987-08-31,18.33,0.06454011340427801,0.05895686106124853,0.08374717713930702,0.14139163303972646,0.10111217920661253,0.03951553865127955,0.10318584976377054,0.06870552402113939,15-20 (equo-basso)
1987-09-30,17.68,-0.030304257741347818,-0.035363539874871175,0.09126129354183932,0.1462669142569022,0.10447885295247761,0.04722472407476297,0.10820227516468894,0.07210676287842754,15-20 (equo-basso)
1987-10-31,15.53,-0.11853885576822498,-0.12083233662919224,0.1164911366034318,0.16271748227140748,0.11310810115896297,0.0712378150474644,0.12412083554260533,0.08050735977999568,15-20 (equo-basso)
1987-11-30,13.59,-0.1230341422793243,-0.12379407803124864,0.15244695283388898,0.1767188310063077,0.11768292791252799,0.10561631013357697,0.13782646713005353,0.08467427047104326,<15 (economico)
1987-12-31,13.39,-0.013346938775510298,-0.013346938775510298,0.16301119447499146,0.1813691977397267,0.11912247894871286,0.11590847950879302,0.14246469270551354,0.08610749110998639,<15 (economico)
1988-01-31,13.9,0.04246542185338864,0.03976240001625797,0.15370716607151413,0.17674489138431015,0.1129706080906403,0.10646672256693446,0.1380766731757883,0.0800105778597009,<15 (economico)
1988-02-29,14.3,0.033285652029274804,0.030613361549888918,0.15010212912703835,0.1801992259777465,0.11027453976121349,0.10280843326494349,0.1415013764847437,0.07737839741269359,<15 (economico)
1988-03-31,14.67,0.03232058956476802,0.027890029094532975,0.14768126899921885,0.18255680716598022,0.10703578626311328,0.10066610043116131,0.14406189240774547,0.0740018055181979,<15 (economico)
1988-04-30,14.43,-0.008860243382260546,-0.013938670828636646,0.14662392700846016,0.18758023283152192,0.10983247236677296,0.10017020897993856,0.14929975246930582,0.07666733387002744,<15 (economico)
1988-05-31,14.03,-0.02188267009393252,-0.025212431217016995,0.15337365409794912,0.18994641866438444,0.11246749921295707,0.1070941300101158,0.1517699749100696,0.07895490887138545,<15 (economico)
1988-06-30,14.77,0.059981995965117774,0.05549054682967247,0.14198022827049672,0.1831726025628535,0.10682796061269118,0.096785114519087,0.14555921955987294,0.07317578262294022,<15 (economico)
1988-07-31,14.61,-0.0030692033000860874,-0.007275662357891566,0.14282189777067367,0.18872061044626132,0.10353250164095273,0.09852206543858033,0.15127642691939602,0.06992629396805405,<15 (economico)
1988-08-31,14.24,-0.017184853833767,-0.021314329237826724,0.1508049190335501,0.18220948805639914,0.10564336542370723,0.1065152136564469,0.14531231752199014,0.07241106052521817,<15 (economico)
1988-09-30,14.37,0.019271688155732658,0.012465199420135242,0.1495099339662349,0.17404354174121517,0.10184769645990777,0.10629413471404514,0.1380243529267111,0.06916326373916593,<15 (economico)
1988-10-31,14.81,0.038016169154228896,0.0345618724182748,0.14378387177012875,0.17117236568464,0.08745990219771849,0.10060872555612987,0.13534245569243808,0.05591403088436131,<15 (economico)
1988-11-30,14.45,-0.02020247536649833,-0.021016937149236026,0.14847951646734003,0.18584917853111227,0.0836835339264479,0.10515927918255574,0.14966586021231665,0.05330698307945947,<15 (economico)
1988-12-31,14.7,0.023259532595325982,0.02156117652462841,0.14523151433376436,0.18789392856430598,0.08224798141804901,0.10239997562154945,0.15190979695315887,0.05254676862913632,<15 (economico)
1989-01-31,15.09,0.03512658227848098,0.029997961722187938,0.1412726962809332,0.18964385581721532,0.07978652018393517,0.09907867491633682,0.15389854012959447,0.05018686667939609,15-20 (equo-basso)
1989-02-28,15.47,0.032998519621583844,0.028750992813929344,0.1337145217485438,0.1857087220044913,0.0743020770523104,0.09195414643767785,0.15041565175734584,0.04480886416249641,15-20 (equo-basso)
1989-03-31,15.3,-0.0016165901360544188,-0.007330967788587217,0.1308334252756762,0.18932278109506706,0.0712480024358153,0.08968849679815194,0.15423433472565629,0.042010157719543306,15-20 (equo-basso)
1989-04-30,15.69,0.03564798997836238,0.028917540002873388,0.11532087493925292,0.19010734802418816,0.07560449837537608,0.0758505460968506,0.15491185674538488,0.046458665910966035,15-20 (equo-basso)
1989-05-31,16.19,0.04115302128128784,0.03526604943236289,0.10869289833100315,0.18520025695949616,0.07690383696135616,0.07052543561807134,0.15080224246461404,0.04786775982240132,15-20 (equo-basso)
1989-06-30,16.64,0.03392622385048316,0.03142680509822582,0.10374954986949225,0.1805279634709549,0.07663041208343979,0.06554685772408919,0.1465430206348457,0.04728222353604217,15-20 (equo-basso)
1989-07-31,17.01,0.028001750592111962,0.02552264669197024,0.0965284547854961,0.1824909494304301,0.07582747119096389,0.05851545147913684,0.14838180648631494,0.046710076300253034,15-20 (equo-basso)
1989-08-31,17.73,0.04690752736768111,0.045227097949755546,0.09313770514948505,0.17256266633694883,0.0775629861167173,0.05472983080000482,0.13864992440021617,0.04836611824315584,15-20 (equo-basso)
1989-09-30,17.71,0.004555371225235527,0.0013407940373149074,0.09392425847030239,0.17132706785098883,0.07925112081924968,0.05559940390596907,0.13727138268342887,0.05014274797076346,15-20 (equo-basso)
1989-10-31,17.64,0.002862558786831615,-0.0019281859207487262,0.09232645445636067,0.16949363985799693,0.08037890165989614,0.05492635188745654,0.1358323376776136,0.05144074051780945,15-20 (equo-basso)
1989-11-30,17.24,-0.018135506620610253,-0.020475136072666156,0.09551989274569705,0.17970676095608162,0.08248926187046979,0.05823239932603519,0.14595675721971357,0.05358370696152637,15-20 (equo-basso)
1989-12-31,17.65,0.027367063492063526,0.025737615334264774,0.08737569792922995,0.17978943915143697,0.08221949528389128,0.05069890547546074,0.1462189952128492,0.05349734884207802,15-20 (equo-basso)
1990-01-31,17.05,-0.022112258558041664,-0.03209070489928634,0.09755226488358426,0.18228974216844884,0.08416050812996345,0.061860093956670914,0.14948582509642905,0.05574762094942409,15-20 (equo-basso)
1990-02-28,16.51,-0.025271837711170697,-0.02984087597189955,0.11148589076503224,0.18234929201819283,0.0839536465479942,0.0754942680051407,0.14940484652889308,0.05578200560484947,15-20 (equo-basso)
1990-03-31,16.83,0.027071669945024412,0.021485421545945016,0.1111632177983457,0.1837619885047157,0.08563614408448972,0.07564358407015725,0.15046091544960438,0.05749246875353431,15-20 (equo-basso)
1990-04-30,16.81,0.0019598573932912977,0.00040522611727378255,0.11778125198059741,0.18520565907545516,0.08770668169990214,0.08167265267525825,0.15197557748898993,0.05949917164839924,15-20 (equo-basso)
1990-05-31,17.39,0.03850925049776244,0.03609785130930043,0.11669600112432965,0.17734018930754392,0.082367693335055,0.08069846145670745,0.14446313559413904,0.05438009782943776,15-20 (equo-basso)
1990-06-30,17.82,0.03169957173447546,0.026139989746683856,0.11671432467053866,0.17733279774974164,0.07873238967069196,0.08145872445596036,0.14447531946154246,0.05117334614329039,15-20 (equo-basso)
1990-07-31,17.75,0.0016972354023880865,-0.0021436282302897958,0.12414594663533807,0.17813031954218794,0.07855507178658883,0.08949250872150993,0.14542515926216182,0.051192816040950495,15-20 (equo-basso)
1990-08-31,16.17,-0.07861226842207591,-0.08701398026017249,0.14387552634420997,0.1889272908662274,0.08344515010396614,0.11006510036941086,0.15698175700652772,0.056369960404442754,15-20 (equo-basso)
1990-09-30,15.3,-0.04341060720584522,-0.05134013495319689,0.16253008746273778,0.19291995683437158,0.08765364635751483,0.12960507065284865,0.16123044762733274,0.060883165483366364,15-20 (equo-basso)
1990-10-31,14.82,-0.02315768893398018,-0.02901142562950698,0.170114497926646,0.18933218659384976,0.09136820342275032,0.13760067219623062,0.1582341719389493,0.06476049113502769,<15 (economico)
1990-11-30,15.19,0.02983814686984476,0.027529092728880933,0.16868979213197632,0.18492115079376514,0.09110643295579712,0.13687372743547654,0.1541312114482738,0.06460268237667766,15-20 (equo-basso)
1990-12-31,15.85,0.04586605453180659,0.04586605453180659,0.16600126101785806,0.17564303696147676,0.09064930486018241,0.13440613570918347,0.1451599805472077,0.06406433391980237,15-20 (equo-basso)
1991-01-31,15.61,-0.00685171102661597,-0.012754524036858839,0.16798509516250104,0.1769858053715101,0.09288258601179278,0.13636239516852955,0.14642887641222524,0.06630862247187275,15-20 (equo-basso)
1991-02-28,17.35,0.1160677491371982,0.11441186226904176,0.15579812220683475,0.16162072329100097,0.08858569132395933,0.12411224708680835,0.13117931098296154,0.06193287124261104,15-20 (equo-basso)
1991-03-31,17.82,0.03044620346344229,0.028919616495348466,0.14842442693035895,0.14717007084984957,0.08634666088018839,0.11612144459575169,0.11701908752698542,0.059312655477431475,15-20 (equo-basso)
1991-04-30,18.16,0.022588284803553016,0.02107558024023426,0.14375561436980955,0.1451230482096384,0.08632655472613893,0.11105813005500664,0.11474887258290467,0.059031290442668416,15-20 (equo-basso)
1991-05-31,18.04,-0.001788787048742857,-0.004733362898156734,0.1495038089163383,0.15297339230864182,0.08678079406306538,0.11687353713573723,0.1222161416144587,0.059383881808564354,15-20 (equo-basso)
1991-06-30,18.02,0.0034701094385212183,0.0005187267637019044,0.15163023551417965,0.14979091253454047,0.08456723160504676,0.11945603233503643,0.11925943091060764,0.057438021992946675,15-20 (equo-basso)
1991-07-31,18.1,0.007804858706283557,0.0063249690459219465,0.14173239383350555,0.14580380439616492,0.08580279499593524,0.10973635634168599,0.1158559535670296,0.058673583884707003,15-20 (equo-basso)
1991-08-31,18.51,0.026789333648931546,0.023782629890076734,0.1426135145252425,0.14041892005981338,0.07843042427284308,0.1108201568409033,0.11093755445120745,0.05149550790139856,15-20 (equo-basso)
1991-09-30,18.36,-0.003031009244992333,-0.007390931945087109,0.14789790484059417,0.12723481613619003,0.07816688009037076,0.11622741742417975,0.09808174294450467,0.05138777882759871,15-20 (equo-basso)
1991-10-31,18.35,0.0018164600550962806,0.00035821193274521157,0.1567833886354335,0.13056835954903656,0.07967345840825257,0.12448381038339162,0.10186086261651806,0.05304279884119789,15-20 (equo-basso)
1991-11-30,18.29,0.00015795164736709388,-0.0027452644677197213,0.1682055301137757,0.136137446309875,0.0806109658673464,0.1358172619097302,0.10779763673675125,0.054154632177662476,15-20 (equo-basso)
1991-12-31,18.44,0.009351398389994436,0.00861945393866037,0.16881388214709303,0.13673363435246833,0.08094168025705373,0.1365736356042322,0.10889769827505269,0.05464618274647348,15-20 (equo-basso)
1992-01-31,19.77,0.07358025962437686,0.0720254728617058,0.1597458111387755,0.12835506055064516,0.07963010751134014,0.12737269597262535,0.10063493300076809,0.05321231086612799,15-20 (equo-basso)
1992-02-29,19.58,-0.006008459911555519,-0.00959428797825257,0.1711002065184013,0.12519152823422242,0.08215992060652932,0.13851858985068666,0.09751281765187358,0.05563861954633076,15-20 (equo-basso)
1992-03-31,19.28,-0.010123779975437897,-0.015098032337370504,0.17201847228621148,0.13178687102358277,0.08425081755474695,0.13998905955338392,0.10388291544312733,0.057544351711908304,15-20 (equo-basso)
1992-04-30,19.3,0.0026430348258705827,0.001205553772356982,0.16331116483066999,0.12744730626579948,0.08408701456215217,0.131561689453908,0.09919490161420264,0.057299350820440687,15-20 (equo-basso)
1992-05-31,19.66,0.020683504741333403,0.019222254197680977,0.1791699045601931,0.12192717419768484,0.0812790882151182,0.14745959323594549,0.09396981507967994,0.054700563507215305,15-20 (equo-basso)
1992-06-30,19.32,-0.013291225701727027,-0.016810158562990396,0.1946883629431726,0.11659340028846543,0.08137583006043703,0.16310127459493295,0.0890974510725262,0.05505917126110904,15-20 (equo-basso)
1992-07-31,19.62,0.019121333104726412,0.01694527331873763,0.20352181941417724,0.10186694257047502,0.08190862231763951,0.17190990728570887,0.07484394686056128,0.05577930213583482,15-20 (equo-basso)
1992-08-31,19.72,0.009417198731076715,0.006551571481308027,0.20210219454683043,0.10208187394718182,0.0832045879025689,0.1707559664745706,0.07500168162358856,0.05689976601540048,15-20 (equo-basso)
1992-09-30,19.71,0.0037818733599725984,0.0009403110857757468,0.20404512328619862,0.09630879548930826,0.08461310216351148,0.1727304125341833,0.06949622772374542,0.05818803931433991,15-20 (equo-basso)
1992-10-31,19.37,-0.011820556936213533,-0.015304969640951738,0.21085774822388825,0.09610339358857178,0.0851402039428979,0.17961449376674143,0.06949649352764475,0.058909894888790726,15-20 (equo-basso)
1992-11-30,19.83,0.027569030303030262,0.026121749978659903,0.20150190326758932,0.10016179946066561,0.0821070817372298,0.17097500953585199,0.07360769361172737,0.05627622334711657,15-20 (equo-basso)
1992-12-31,20.45,0.032711999022482896,0.03343977351087091,0.20001698005858382,0.09548585605199911,0.08153013331325654,0.16965288645646415,0.06920543466311657,0.05581821388908392,20-25 (equo-alto)
1993-01-31,20.32,0.0014289321458085258,-0.0034869181522423354,0.20024264399276315,0.09508546703287091,0.08371560776327525,0.17058966854605706,0.06886898446452805,0.05805560793862363,20-25 (equo-alto)
1993-02-28,20.55,0.01724247332827855,0.013688166992400719,0.21108393569856432,0.0859911035208436,0.08403896739374273,0.18155189352230883,0.05954985517243894,0.05812401327444183,20-25 (equo-alto)
1993-03-31,20.86,0.021501528186552044,0.017944767990916377,0.21849213710182935,0.08509233570833175,0.0843418312521278,0.1891686435576314,0.05840815486313744,0.05846763680454381,20-25 (equo-alto)
1993-04-30,20.46,-0.013417451572774186,-0.016157958651738635,0.22999945857728998,0.0921702877289794,0.0858577984968667,0.20062324015364563,0.06584010083330005,0.060149541285867913,20-25 (equo-alto)
1993-05-31,20.52,0.00724724278535116,0.005850228578991423,0.22767888295456418,0.09704545397522701,0.08789603127123757,0.19824867564984805,0.07092126244362373,0.062119670048726316,20-25 (equo-alto)
1993-06-30,20.61,0.00865182481751825,0.007254800129405048,0.22585082718592142,0.10219823798625094,0.08681654192301336,0.19650231220911407,0.07598326350589413,0.06101190135767487,20-25 (equo-alto)
1993-07-31,20.56,0.0006100373461888076,0.0006100373461888076,0.23646273531878492,0.10278602857502595,0.08852508511925694,0.20656421284639004,0.07643993588536069,0.06265712771113519,20-25 (equo-alto)
1993-08-31,20.81,0.01762465812634595,0.014813540286217952,0.2144710632835134,0.10067778029853258,0.0877117685724016,0.18546974183299714,0.0742710835194238,0.061946410450643086,20-25 (equo-alto)
1993-09-30,20.99,0.013549717775380055,0.011454163569090792,0.19910076213812355,0.10262370271944676,0.0876245046016888,0.17066464262600167,0.07604384368176564,0.061909843012275756,20-25 (equo-alto)
1993-10-31,21.11,0.012419069186772269,0.008249876039812198,0.1992166911923563,0.10347667355348578,0.08809292723511564,0.17117233560583656,0.07743713370274352,0.0627227343337542,20-25 (equo-alto)
1993-11-30,21.04,7.544729467556799e-05,-0.0006104755086817626,0.22443478883143286,0.10479697015787282,0.09015126667639795,0.19596479442796766,0.07909229082500446,0.06487914353904611,20-25 (equo-alto)
1993-12-31,21.16,0.00887179819539563,0.00887179819539563,0.23214561235755027,0.10715772801098433,0.09049304615012743,0.20364315099748054,0.08151541694699516,0.06521757036933229,20-25 (equo-alto)
1994-01-31,21.41,0.01735880101584586,0.014575329604037845,0.2400651555894895,0.11059087757907049,0.090079919478945,0.21145271153092215,0.08463781298207107,0.0647615024420678,20-25 (equo-alto)
1994-02-28,21.26,-0.0007570103666745265,-0.004162746527660577,0.2400874704058451,0.11187605244215404,0.09005027471421445,0.21200709400283757,0.0856789569055616,0.06471893949381591,20-25 (equo-alto)
1994-03-31,20.83,-0.014238181573999364,-0.017586557315935614,0.25083734351668885,0.11171648347585927,0.09229805248109768,0.2226034351781896,0.08519520805358582,0.06675400664752384,20-25 (equo-alto)
1994-04-30,20.06,-0.033463774677849334,-0.03477522138792022,0.2699085363199265,0.11658211126581697,0.09426878867849964,0.23978316662117383,0.08974435794681113,0.0685751157480683,20-25 (equo-alto)
1994-05-31,20.2,0.010582418442412145,0.009897277819739259,0.26698714424116265,0.11251358692965518,0.09452473302972475,0.23709886491110677,0.08521396244997814,0.06867452961367704,20-25 (equo-alto)
1994-06-30,20.29,0.011080930731130367,0.007665116775957603,0.2626471944669557,0.11442386249611602,0.0956440734286581,0.2336960018579175,0.08710086486789304,0.06984961050610061,20-25 (equo-alto)
1994-07-31,20.07,-0.005188751841347372,-0.007870183777084927,0.275192485322612,0.11248200696800836,0.09674299140071119,0.2458776786167347,0.08567137715407225,0.0710874171454694,20-25 (equo-alto)
1994-08-31,20.54,0.03082077979618969,0.026669823635936618,0.25775846904777544,0.10756148538942534,0.09484540467372282,0.22924716119313193,0.08124858092098641,0.069539812844156,20-25 (equo-alto)
1994-09-30,20.58,0.008174651042564207,0.005475388255301805,0.25420666856675456,0.10970166590921959,0.09536463214063651,0.22526234202562234,0.08339992523943707,0.07015000801430094,20-25 (equo-alto)
1994-10-31,20.4,-0.004440066244075114,-0.005105992621169397,0.2521122857442868,0.11030943608187549,0.09414001992530863,0.22294328604640512,0.08349661074721904,0.06912425731758409,20-25 (equo-alto)
1994-11-30,20.21,-0.0036988386048885102,-0.00502990228076694,0.2703630952400664,0.11591284442146366,0.09738313630231854,0.2409532067378397,0.08905326091647048,0.0726547852549706,20-25 (equo-alto)
1994-12-31,19.91,-0.01025706239199442,-0.01025706239199442,0.28005722712395187,0.1200739193822078,0.09829592940643694,0.2504229119685115,0.09351560780659485,0.07385250503369756,15-20 (equo-basso)
1995-01-31,20.22,0.02451174234934861,0.02042187511442073,0.2735694500935686,0.1158480081689297,0.09635483396665179,0.24434251707695753,0.08959693091610887,0.07242077868039254,20-25 (equo-alto)
1995-02-28,20.8,0.03819093677234475,0.03406294099989027,0.2577306288375081,0.11352863177683448,0.0958288159539169,0.22839473954108858,0.08713994166269812,0.07188865330983307,20-25 (equo-alto)
1995-03-31,21.15,0.025581700973882127,0.02219470724543471,0.26110406012642673,0.11043519824384518,0.09447594791601333,0.23048223182709449,0.08363399655962267,0.07042409654988568,20-25 (equo-alto)
1995-04-30,21.64,0.03215553077157063,0.02875804712847785,0.2566970968742526,0.10423044794576364,0.09322329209670421,0.22684781560202816,0.07721207244508599,0.06926666542627502,20-25 (equo-alto)
1995-05-31,22.2,0.033477601018552905,0.0314405229613548,0.2412777693867605,0.10206175585968036,0.09195654403357523,0.21199012994656607,0.07541916262364778,0.06786064753150134,20-25 (equo-alto)
1995-06-30,22.72,0.031784218832528355,0.029754479385644572,0.24124181631338448,0.10099140795388983,0.09001164359499736,0.21116389117441403,0.07453101057331968,0.065877923798491,20-25 (equo-alto)
1995-07-31,23.38,0.03547479991347613,0.03547479991347613,0.23470716055948948,0.09912750964172568,0.08807006485138746,0.20422929480290208,0.07221679641877121,0.06397710393669143,20-25 (equo-alto)
1995-08-31,23.28,0.005131241365699646,0.0025017286348540946,0.23575342807111355,0.09890520776966216,0.08645760832131888,0.2058813357887268,0.07173356348955306,0.06261302587008122,20-25 (equo-alto)
1995-09-30,23.95,0.037176643832758094,0.03514561907329461,0.22410425223453112,0.0952071166588,0.0819786826651514,0.19374123534824728,0.06703949787505525,0.058420565373564326,20-25 (equo-alto)
1995-10-31,23.93,0.009125674562721953,0.005842897482166487,0.2088655021149759,0.09130671302124593,0.08377522985461305,0.17924191663601663,0.06337214563102123,0.060373020739035166,20-25 (equo-alto)
1995-11-30,24.35,0.02358385370205185,0.024250249440139093,0.20137793882593202,0.09300401039765438,0.08407834479491583,0.17165066013424868,0.06581587095917096,0.0607466846580087,20-25 (equo-alto)
1995-12-31,25.03,0.03389137966741118,0.03456492454015869,0.1853645416725116,0.09168063310441066,0.08167324083215188,0.15601576875027523,0.06488800314101684,0.05853980410595683,25-30 (caro)
1996-01-31,24.76,0.0016257979834137792,-0.0042126943623443935,0.18605587672613821,0.09309382082453554,0.07800320163180063,0.15658453171259556,0.06608024923332012,0.055169742937180244,20-25 (equo-alto)
1996-02-29,25.98,0.05904393574427913,0.05562545951527875,0.16747265707845993,0.08682298422715551,0.07461923780792601,0.13829080406511585,0.060093494578912,0.051985341618934866,25-30 (caro)
1996-03-31,25.63,-0.00200697160041452,-0.00713474567054706,0.14591708482830068,0.08864613762212681,0.07804703372691213,0.11791745238936358,0.061832585809379115,0.055386255488904634,25-30 (caro)
1996-04-30,25.42,0.001970420510918336,-0.001875915076455903,0.1464921169050979,0.08929768416353867,0.07944674683765074,0.11845187511776256,0.06197666270277624,0.05670963133926432,25-30 (caro)
1996-05-31,25.81,0.02354825625415269,0.02158743583987288,0.15645344805329664,0.08590733268181139,0.07802693696762941,0.12758430263263332,0.05835030371020378,0.05520742541969925,25-30 (caro)
1996-06-30,25.97,0.012785931773613868,0.012139610183458549,0.14795452722440605,0.0815577110974619,0.07791394148981401,0.11906286401376964,0.053970348454813744,0.05495730745942984,25-30 (caro)
1996-07-31,24.86,-0.034765644477686264,-0.03661004133537227,0.1498897335833802,0.08617051696780753,0.08157571705044964,0.12200929706912289,0.05835540969725295,0.058728056769282944,20-25 (equo-alto)
1996-08-31,25.41,0.030757526355830844,0.02879168237676688,0.13822854070719925,0.08534153517036658,0.08058259642222732,0.1110549644687393,0.05754187542736067,0.05780854813899117,25-30 (caro)
1996-09-30,25.68,0.020237268867829616,0.017004577901835294,0.10694367970472407,0.08588015897272538,0.07926338538979927,0.08023104912663959,0.05892302843727859,0.05655773023241362,25-30 (caro)
1996-10-31,26.48,0.041194977872609506,0.037906301379013296,0.10494741554092846,0.08535381525046093,0.07681398960586172,0.07969305503124313,0.05932034311521939,0.054261160682644194,25-30 (caro)
1996-11-30,27.59,0.05052081848335366,0.04853370470312046,0.10494965451996086,0.08216027555899719,0.07480512992406108,0.08046923137629225,0.05656057420322136,0.0524767836200688,25-30 (caro)
1996-12-31,27.72,0.011982274661193282,0.011982274661193282,0.10553388799120578,0.08317192891682335,0.07624579305112666,0.08189567901246764,0.0573909732160236,0.0538700544457158,25-30 (caro)
1997-01-31,28.33,0.03257540082968946,0.029330349287169932,0.09781396099209583,0.08045099109568032,0.07528932371114538,0.07453130634540428,0.05474323396487568,0.052792619234092175,25-30 (caro)
1997-02-28,29.27,0.043611636779689045,0.04034217676471519,0.08108253090823059,0.07755355087973159,0.07436232505715235,0.057983941279452944,0.05168507272057199,0.05188569875700355,25-30 (caro)
1997-03-31,28.8,-0.006236853751508287,-0.008721261617129494,0.09293629043462803,0.07553033348527749,0.07563069819829948,0.06892033813431109,0.049023436468360604,0.05321613178630691,25-30 (caro)
1997-04-30,27.59,-0.034052464148656814,-0.03525839115970719,0.09268909887152366,0.08369196467516016,0.07741258487617486,0.06775392185444917,0.056428618904040606,0.05487123616767087,25-30 (caro)
1997-05-31,29.93,0.0921783082219576,0.09286049329892321,0.06746328865362261,0.07776751268194415,0.07357350749916991,0.0429735071807309,0.049949301999166806,0.051034548630953136,25-30 (caro)
1997-06-30,31.26,0.05336825353003061,0.052054007424565896,0.04360338665746455,0.07254765332624546,0.07172937600025797,0.019802216574615894,0.04479382887929684,0.049245347815340734,30-40 (molto caro)
1997-07-31,32.77,0.05735924560742833,0.0560416639929644,0.008798294758447511,0.06719352155200453,0.06927021650184395,-0.014182316472957313,0.03973282912853038,0.04693938606588732,30-40 (molto caro)
1997-08-31,32.59,0.0034778916159619033,0.0016057313704096465,0.01038369482455459,0.06225417823343671,0.06921692163622595,-0.012921011221988077,0.035302888736169935,0.04682908809885844,30-40 (molto caro)
1997-09-30,32.67,0.011920080022432167,0.00940911208192996,-0.0017874315317243372,0.06421420826757052,0.06946008167197992,-0.0246503638942841,0.03718692586048644,0.04692076380606447,30-40 (molto caro)
1997-10-31,32.9,0.016453757657253876,0.013937783009587257,-0.007775561416124233,0.06561539132039673,0.0700303015662278,-0.030341899228894742,0.038585993271083696,0.04764274026961268,30-40 (molto caro)
1997-11-30,32.34,-0.011520432945035464,-0.010908371293608332,0.0073691782766727165,0.06160885203036659,0.07149499666655101,-0.01566346813911068,0.03400501483273555,0.049042195431628244,30-40 (molto caro)
1997-12-31,33.03,0.026346165452505677,0.027618758342093264,6.023310719638353e-05,0.06015555956982244,0.07162475602318352,-0.022615790761189025,0.03253036157441702,0.04913614163846103,30-40 (molto caro)
1998-01-31,32.86,0.002370882993720347,0.000510045958459715,-0.0008585463042157793,0.052652604267057423,0.07404431695088354,-0.02401248135970513,0.02490708735287339,0.051315508509633956,30-40 (molto caro)
1998-02-28,34.71,0.06402158417760062,0.062049956782583404,-0.026180892865906413,0.04449276571989369,0.06914994569219113,-0.049854770026873996,0.016857478337922727,0.04638586743879336,30-40 (molto caro)
1998-03-31,36.3,0.05312872409010083,0.051180890445051475,-0.0337029340103443,0.03633772571500482,0.06642069340526291,-0.0579739649631108,0.008232059743536357,0.04369409795285417,30-40 (molto caro)
1998-04-30,37.28,0.03405675300031885,0.03214772514862596,-0.030214258160954244,0.03717465369304884,0.06374364402918653,-0.053812151429817656,0.008625073948018924,0.040962119961184706,30-40 (molto caro)
1998-05-31,36.96,-0.002218575795720157,-0.004057239353836173,-0.019687684786663273,0.04003333040341017,0.06489562802202276,-0.04287617949432776,0.010743221942868031,0.04196971255164361,30-40 (molto caro)
1998-06-30,36.8,0.001164570589968994,-6.38521960308891e-05,-0.00898141202971614,0.03540948441541536,0.06594750096358437,-0.03239636770342069,0.005365973878547203,0.0429801203136122,30-40 (molto caro)
1998-07-31,38.26,0.0446766631480493,0.043396422139289514,-0.01643859529116032,0.024449287306264056,0.06445496038739407,-0.0396508339698296,-0.005675572123599371,0.04157946512845845,30-40 (molto caro)
1998-08-31,35.42,-0.06971007193622591,-0.07084873769884992,-0.0024533208988555266,0.03403606878102017,0.06960184386545887,-0.026496990887706295,0.0041501039865852185,0.04665076910389088,30-40 (molto caro)
1998-09-30,33.53,-0.04898450149820388,-0.050147112132069016,0.013908979284509737,0.03409141401470461,0.07318473393372438,-0.010929081339531854,0.004468912804541647,0.05016065374328926,30-40 (molto caro)
1998-10-31,33.77,0.012908567173538277,0.010438058473114964,0.015380104379610904,0.009730995656279218,0.07039400331317824,-0.008795937379211027,-0.017957590656242806,0.04746648396354636,30-40 (molto caro)
1998-11-30,37.37,0.10974384243609991,0.10974384243609991,-0.003151203801633029,-0.009680132208731984,0.06371911463129987,-0.02635915576853587,-0.03497560552153678,0.041107756951341834,30-40 (molto caro)
1998-12-31,38.82,0.04104104954722709,0.041676217972820284,-0.005151483395668288,-0.014002290003256035,0.058548575305033435,-0.028220618274858333,-0.03824526618147461,0.03618228881703445,30-40 (molto caro)
1999-01-31,40.58,0.050476870719717626,0.0479194102919156,-0.005365087630800347,-0.019926069916109124,0.056854309253348445,-0.02890209898176288,-0.04420326693365806,0.034551172476999126,>40 (carissimo)
1999-02-28,40.4,-0.0006671008719246752,-0.0018820952781593014,-0.0030797137320056622,-0.026637038810163438,0.05988764075911912,-0.027481931995367637,-0.051103346025424545,0.0373635583714822,>40 (carissimo)
1999-03-31,41.36,0.02923509834039284,0.026116204102997642,-0.011931050797380549,-0.035104430047073754,0.05938309567407285,-0.03676972786287991,-0.05930265967284554,0.03673666655244934,>40 (carissimo)
1999-04-30,42.7,0.04250022106746987,0.034973143659040584,-0.01823196274291694,-0.027881779869633472,0.059114784151005795,-0.04213672386489875,-0.05181011601512864,0.03657513539612767,>40 (carissimo)
1999-05-31,42.56,-0.0009883175002747269,-0.0009883175002747269,-0.023126251336689108,-0.021497112195003387,0.058349976557410255,-0.048023260145011015,-0.04585966071491987,0.03571728564839671,>40 (carissimo)
1999-06-30,42.18,-0.006117671493740207,-0.006117671493740207,-0.016399394270174783,-0.018123178704799736,0.059413422014476414,-0.04207496124103871,-0.04338517090506222,0.036747869454029525,>40 (carissimo)
1999-07-31,43.83,0.04522387307348197,0.042088828463183736,-0.029467135297254643,-0.0212147092317021,0.05906006502619077,-0.05393413863848984,-0.0459601696576184,0.03647081634270477,>40 (carissimo)
1999-08-31,41.93,-0.037743856862749725,-0.040047282699104514,-0.024699515760974844,-0.00973992914498123,0.059411133973852115,-0.04893130474355001,-0.03475906481163793,0.03694066925940054,>40 (carissimo)
1999-09-30,41.32,-0.005980166412636545,-0.010716413386251289,-0.0181540106712047,-0.00558689903187215,0.06134017043162787,-0.04203748230085347,-0.030310787814343598,0.03903641504027067,>40 (carissimo)
1999-10-31,40.55,-0.012724711784772302,-0.014485607066963446,-0.015434112508805442,-0.0019453450866391275,0.06202518861875572,-0.04004959273625375,-0.026680616365384546,0.03968052317609039,>40 (carissimo)
1999-11-30,43.21,0.07105949612353424,0.0704230971359383,-0.019759404999498464,-0.00671671906396909,0.06068436964661994,-0.04425324123977448,-0.03134335516469733,0.03842702578631241,>40 (carissimo)
1999-12-31,44.2,0.028087307292914865,0.028087307292914865,-0.01991445515370127,-0.00728130197969501,0.06050900829739647,-0.04370243613487246,-0.03172372063927431,0.03830380722244331,>40 (carissimo)
2000-01-31,43.77,-0.0011893262778696068,-0.004147888700032465,-0.022340888246738744,-0.005824067091370733,0.062319051870072695,-0.04590459976352401,-0.030346425501274976,0.04002824074208866,>40 (carissimo)
2000-02-29,42.19,-0.02478077302886683,-0.030524113588178525,-0.014140241672540577,-0.0062534685844638505,0.063717612200489,-0.037871773042673196,-0.030214944085866446,0.04156191565433631,>40 (carissimo)
2000-03-31,43.22,0.039409535969689324,0.03090969163348878,-0.02223268603605022,-0.004355733003886808,0.0505901283946224,-0.04568907366003627,-0.027963221998365095,0.0292418125526126,>40 (carissimo)
2000-04-30,43.53,0.014246653862243885,0.01365456591486347,-0.029738442777265783,-0.0017717040454237054,0.05206900745351328,-0.05417295098494135,-0.025553564971846687,0.031067365367624777,>40 (carissimo)
2000-05-31,41.97,-0.02838794000109479,-0.029521015289723285,-0.021540428997974037,-0.004943656714478939,0.0566028781122323,-0.04576254644158173,-0.02861231950326182,0.03557114649457227,>40 (carissimo)
2000-06-30,42.78,0.03163480157163545,0.02624923706227067,-0.023411824789633884,-0.011610335880582134,0.058289913786271574,-0.04668814757667805,-0.03452229606668067,0.037211622093486385,>40 (carissimo)
2000-07-31,42.76,0.008503424626300715,0.0061689259581843015,-0.021564528787702764,-0.012604103654156207,0.059651021283095185,-0.04532395658860189,-0.03528717912228696,0.03840477684333932,>40 (carissimo)
2000-08-31,42.87,0.009397110960247312,0.009397110960247312,-0.022788342535116857,-0.012678569747893498,0.062192484604595366,-0.04749099515770616,-0.03549257670915218,0.04073084499308255,>40 (carissimo)
2000-09-30,41.9,-0.010796505983182159,-0.015921912687932416,-0.02011726028195404,-0.008323695435461853,0.062434981383926,-0.046214324921684424,-0.030792644900403565,0.04116680368425363,>40 (carissimo)
2000-10-31,39.37,-0.052142297605667354,-0.0537765350235887,-0.014819812624643713,0.001473405721382992,0.06619539688200438,-0.04111251122280002,-0.021169526034443775,0.04492002113523852,30-40 (molto caro)
2000-11-30,38.78,-0.007725640742818896,-0.008295585808446249,-0.005593720230241295,0.004719383429025781,0.0686790589198758,-0.030458899192446376,-0.017980919256672,0.0474164004793618,30-40 (molto caro)
2000-12-31,37.27,-0.033200737601553065,-0.032645105841554,0.005400923342706365,0.011800239353586317,0.07272002184487492,-0.01905623617957042,-0.01128844357697345,0.05129830335417762,30-40 (molto caro)
2001-01-31,36.98,0.004550076512914503,-0.0017606321345110532,0.007418052194074987,0.014789083569975103,0.0739559536357115,-0.017341952410099948,-0.008212282722523612,0.052617413892460885,30-40 (molto caro)
2001-02-28,35.83,-0.021362577959464835,-0.025259313997168964,0.011744636487052595,0.020142619355112634,0.07643987590559709,-0.012731884299539087,-0.003074568217096507,0.05497485376885303,30-40 (molto caro)
2001-03-31,32.33,-0.0907990299317124,-0.0928630502950909,0.034237492965865535,0.028748132115453462,0.08201781183974233,0.00856144420754168,0.004587401043438799,0.06018644404024731,30-40 (molto caro)
2001-04-30,32.17,0.004486936234206151,0.0005121433830814759,0.034956479183771316,0.03054897493174913,0.08494291921332575,0.008353114886217261,0.006098594688870973,0.06282962745514409,30-40 (molto caro)
2001-05-31,34.07,0.06879332982212372,0.06398165473007134,0.01966468011065281,0.024388335605387113,0.08174939473726939,-0.006632707862012199,6.956540583269444e-05,0.059517382441337974,30-40 (molto caro)
2001-06-30,33.07,-0.023886522998986193,-0.025531658072583507,0.01900123627955419,0.023043465597140544,0.0840298907088759,-0.007335931568994591,-0.0009687303267750247,0.06134792620547014,30-40 (molto caro)
2001-07-31,32.16,-0.026602271718158432,-0.023860306286378696,0.02598219418276737,0.028943790461838592,0.08713374334536339,-0.00168726216318138,0.004421541716462807,0.06398317754143124,30-40 (molto caro)
2001-08-31,31.4,-0.020458392719590712,-0.020458392719590712,0.03491188793603728,0.01981136891021218,0.08943474857593103,0.006606202256779881,-0.004766020640109336,0.06612399432702754,30-40 (molto caro)
2001-09-30,27.67,-0.11247324753688759,-0.11645542029050782,0.06521744626173231,0.031234845378800058,0.09590723559901027,0.038035317593728024,0.006679392104142812,0.07255427805604664,25-30 (caro)
2001-10-31,28.58,0.03184031500485007,0.035324300311563306,0.06610766060939088,0.03106969777237656,0.09443793293293923,0.03933204359203191,0.0063876246208365295,0.07049263784540272,25-30 (caro)
2001-11-30,30.01,0.050531461992649795,0.052308008997146827,0.05984092325608237,0.02779823281546001,0.0942770626616054,0.033180968548897516,0.003109188619518699,0.06998242157664136,30-40 (molto caro)
2001-12-31,30.5,0.014660493827160614,0.01868008831317658,0.06126229176497611,0.02788804765377839,0.09362596751230945,0.033441293766221625,0.0030488588008741324,0.06897119522819795,30-40 (molto caro)
2002-01-31,30.28,-0.0029768923282063042,-0.005228779640847336,0.06336263305003009,0.03300920942041641,0.09265571504003045,0.035319569588305955,0.007832968499097426,0.0676953844075141,30-40 (molto caro)
2002-02-28,29.09,-0.03352769324169336,-0.03733270232341912,0.07403609050832172,0.040774005475232133,0.09290964258510304,0.0454237054351736,0.015362077922589812,0.0676682991029609,25-30 (caro)
2002-03-31,30.29,0.04945270708851068,0.0435832847893578,0.05840158147456265,0.03871132053769988,0.08978649537408012,0.029496896074228784,0.013150978415863657,0.06421139572346712,30-40 (molto caro)
2002-04-30,29.01,-0.03514432146808921,-0.0405105933175437,0.0747689123231483,0.042394308461997765,0.09180223172659274,0.04522343959288366,0.01700063892552639,0.0661794472870103,25-30 (caro)
2002-05-31,28.13,-0.02820371386288323,-0.02820371386288323,0.08817120339352713,0.0421037064615295,0.08889154590178894,0.056971753528453295,0.016840924976907035,0.0627538075111187,25-30 (caro)
2002-06-30,26.39,-0.05920958484544303,-0.05973253671601253,0.10229468719921941,0.04726902875907979,0.09034947545440275,0.070397893947304,0.022084712222919745,0.06348155454662585,25-30 (caro)
2002-07-31,23.46,-0.10758499174901215,-0.10857601341281109,0.1289690103166501,0.06231181082046677,0.09682678386328614,0.09659663650978034,0.03705280945591616,0.06986410306477309,20-25 (equo-alto)
2002-08-31,23.59,0.011387908232716182,0.00802967500117413,0.11678755798838303,0.0646506461909262,0.09963590263227862,0.08588277494630292,0.039102667929163726,0.07280247131642636,20-25 (equo-alto)
2002-09-30,22.37,-0.04757730170036345,-0.049155902857766165,0.1345798649043617,0.07304218138622809,0.09816273717733748,0.10294470757287222,0.046999416661023696,0.07133848347449057,20-25 (equo-alto)
2002-10-31,21.96,-0.013670427090415216,-0.015302522357226622,0.14443478517782138,0.07428666775501824,0.09719486600275706,0.11241360698280722,0.04842808955353184,0.07026695138000427,20-25 (equo-alto)
2002-11-30,23.35,0.06625576760313434,0.06625576760313434,0.11876894688920103,0.06434865936983436,0.09650102406436445,0.08617971201168939,0.03922453857894048,0.06964400315919361,20-25 (equo-alto)
2002-12-31,23.1,-0.010350613050820745,-0.008162333588246584,0.12386211677944936,0.0677521967103043,0.09707754705421134,0.09078798030028801,0.04259861074422022,0.07025203018095771,20-25 (equo-alto)
2003-01-31,22.9,-0.002225175530297885,-0.006618240250032437,0.10902965858486202,0.07246379745305487,0.09794997972848196,0.07627865894183983,0.04735162658985548,0.070913514744261,20-25 (equo-alto)
2003-02-28,21.21,-0.06414835982615952,-0.07130397040094583,0.12029547340866498,0.08209034035197993,0.10330358367407544,0.08825377282692304,0.056700090139500725,0.07624876731374042,20-25 (equo-alto)
2003-03-31,21.31,0.013078981637456133,0.007029107154279179,0.11145518240831143,0.08359184588256752,0.10114385649528002,0.07909107443605556,0.05852712208880173,0.07431573143563175,20-25 (equo-alto)
2003-04-30,22.43,0.0528585883640631,0.05514990194048086,0.1092463168445239,0.07958179397849618,0.10046551032200868,0.07518241893928512,0.05448936384541159,0.07323739250565464,20-25 (equo-alto)
2003-05-31,23.59,0.05312211698232416,0.05484384251417551,0.10339257353368558,0.07882291528317609,0.09802467490961186,0.0673664564776082,0.0533904153983511,0.07063377555269157,20-25 (equo-alto)
2003-06-30,24.83,0.05704184889192776,0.05589101399928542,0.08178879128101957,0.07164950468032871,0.09762754243845362,0.0446020536671079,0.046248852565411225,0.07013269226642405,20-25 (equo-alto)
2003-07-31,24.87,0.005959008097165874,0.0048649798121227494,0.06703693052391668,0.07444856049268833,0.09938992217681641,0.02950166756397321,0.04905079552487179,0.07180746234691515,20-25 (equo-alto)
2003-08-31,24.64,-0.0016632411120290902,-0.005448916795786296,0.07186020859049336,0.0748984967880515,0.09894292249399905,0.035762007819290176,0.04976313331868165,0.07152441051763336,20-25 (equo-alto)
2003-09-30,25.24,0.03161180897328375,0.02826965408460147,0.05467559158371538,0.07282934340388936,0.09802988291636905,0.020106625071135698,0.04796149460602628,0.07078163542088367,25-30 (caro)
2003-10-31,25.68,0.02027829004159143,0.021381293598393025,0.004113315980286858,0.07292364820586883,0.09394226869438982,-0.027034563196044137,0.04820928733777796,0.0666280791780085,25-30 (caro)
2003-11-30,25.95,0.012105862179991211,0.014848696494842217,-0.016166298958990355,0.07569971346529969,0.09575372670510274,-0.04351580209885619,0.050853203183848006,0.06813984219462177,25-30 (caro)
2003-12-31,26.64,0.030638103099766,0.03175653837171355,-0.022774354192980684,0.07407919722345624,0.09687543118063524,-0.04816650217429497,0.04916532343722846,0.06906529853238452,25-30 (caro)
2004-01-31,27.66,0.049349613809100745,0.044250182640482194,-0.03427388634279327,0.06994776820199666,0.09569502775368188,-0.059263341026276395,0.045249431204764434,0.06806507529544215,25-30 (caro)
2004-02-29,27.65,0.010866621928678155,0.005437692702423114,-0.0496377019641111,0.06865293014875085,0.09749920534670742,-0.07415102140821483,0.0441635742373927,0.07000175462148217,25-30 (caro)
2004-03-31,26.89,-0.015651967301054115,-0.02195515641118606,-0.05773431938517337,0.07321880460352714,0.10015752045429482,-0.081308476595915,0.04862618472081737,0.07282765471423103,25-30 (caro)
2004-04-30,26.9,0.009681370368393338,0.006458983016153885,-0.0374367487561903,0.0724013664507368,0.09909004515619979,-0.061385817275621424,0.047817104689914514,0.07184773070552364,25-30 (caro)
2004-05-31,25.9,-0.025642533901163,-0.03131039859026252,-0.01986525612664558,0.07682675096132541,0.10190539235318896,-0.04369114397719098,0.05238716950037059,0.07479621424617111,25-30 (caro)
2004-06-30,26.4,0.028576768611045633,0.02532349469872819,-0.019843942164488704,0.0771807532464126,0.10229448881083036,-0.044693588519296834,0.05287211710492645,0.0752354218948188,25-30 (caro)
2004-07-31,25.7,-0.02238779617924369,-0.020839308000013435,-0.012892112913864162,0.08122664605142726,0.1048626554620713,-0.03791899163358747,0.05669936530393094,0.07754439209585451,25-30 (caro)
2004-08-31,25.17,-0.013875701446348199,-0.014396083661943782,0.0054491141721397796,0.08227531920153641,0.10511863052646286,-0.020375638888966763,0.05795783822841871,0.07771159675530859,25-30 (caro)
2004-09-30,25.67,0.02782624489054597,0.02566126069909669,0.007141065018807957,0.08121282882055691,0.10510714083664019,-0.018440543490507944,0.057062136495817484,0.077703133445854,25-30 (caro)
2004-10-31,25.41,0.0010259530328244892,-0.004217765945870311,0.011728221391517968,0.07820607868262419,0.10678852849958176,-0.013125453783381591,0.05494255011707172,0.0795152328712776,25-30 (caro)
2004-11-30,26.47,0.04773896084392759,0.047190406414166386,0.006499507589298625,0.07916111357697186,0.10558872708543121,-0.018259086956545878,0.05650323048675587,0.07826228977122596,25-30 (caro)
2004-12-31,27.14,0.02727447278921269,0.03105320180104898,0.005514690611704065,0.07694137652635913,0.10493302957151207,-0.019594958097289727,0.05454297527603447,0.07731413804344589,25-30 (caro)
2005-01-31,26.59,-0.013492215708674982,-0.015561450704566493,0.010971793432422272,0.0772021934550724,0.10547761656557486,-0.014534548321776142,0.05551538730793992,0.07784737713481205,25-30 (caro)
2005-02-28,26.74,0.016812067313163315,0.010980506968822912,0.0016963978485002862,0.07841034312589423,0.10518242135017974,-0.022497180392887284,0.0568513225051257,0.07775859998475876,25-30 (caro)
2005-03-31,26.34,-0.0025558806557949287,-0.01029600574123879,0.013848072281517076,0.07874606502126458,0.10207108342011373,-0.009908121442587126,0.057375230116818665,0.07503255367667272,25-30 (caro)
2005-04-30,25.41,-0.024089184590063484,-0.030608629913973506,0.027001145646368352,0.08232585743864318,0.10036715473030466,0.003931803100673648,0.061379862923983675,0.07361975243140995,25-30 (caro)
2005-05-31,25.65,0.013358705785472491,0.014401255894305187,0.011934632412832435,0.08194399063201652,0.10406613195960368,-0.011153856619120495,0.06035525698128574,0.07706261266844416,25-30 (caro)
2005-06-30,26.07,0.021806974761705344,0.021281624132007737,0.0003337670227876455,0.0791413762081119,0.10499789742298815,-0.022201187971351954,0.05729451943393804,0.07788840241059303,25-30 (caro)
2005-07-31,26.29,0.018077909475289422,0.013388707231032582,-0.003561619743167599,0.07712386018944106,0.10647816126237686,-0.025144882194576224,0.05580073123511298,0.07947045194845526,25-30 (caro)
2005-08-31,26.1,0.003100182179168298,-0.0020072525569780897,-0.0024642060002283417,0.07415100623192084,0.10736805752036971,-0.023343018434586305,0.053570104749058434,0.08050322579363178,25-30 (caro)
2005-09-30,25.73,0.0027969048221934134,-0.009309295236022197,0.0036118131009745813,0.0689100280075412,0.1087872887047514,-0.015121613037411219,0.049871251660893234,0.08243387806743563,25-30 (caro)
2005-10-31,24.88,-0.026242196336900725,-0.02819753329204744,0.018036086412951402,0.07629572404504437,0.11160899850354755,-0.0008117657417316959,0.05738235455095109,0.08518593572338484,20-25 (equo-alto)
2005-11-30,25.93,0.039615423336353484,0.048033361986850265,0.015139445490758963,0.07522556776870015,0.1095776445000618,-0.005342347899710886,0.05570160819650627,0.0826547819232577,25-30 (caro)
2005-12-31,26.44,0.021441309659466112,0.02559351010523625,0.018240286623465884,0.07175758592066872,0.1093978306674519,-0.003459140208782796,0.05222944907972216,0.08214843969853813,25-30 (caro)
2006-01-31,26.47,0.014667702002794325,0.006992454635148526,0.022214046978784818,0.06312091477365711,0.10928485467637672,0.0010022088100565263,0.0443708972291843,0.08233775221519468,25-30 (caro)
2006-02-28,26.25,-0.0001663977366431757,-0.0021791478166900413,0.0286103096510244,0.06255252513644205,0.10909429843957863,0.006677214355687466,0.04393920408001151,0.08214951985118879,25-30 (caro)
2006-03-31,26.33,0.014861377650709162,0.009274052748728057,0.023287906819254856,0.06755112314630995,0.10640568608507128,0.0006290168351295033,0.04897906050403389,0.07971316180830668,25-30 (caro)
2006-04-30,26.15,0.007983314524814489,-0.000520763066709895,0.026160240641674326,0.06968489532146327,0.10541953789984437,0.003849115246836732,0.05146872260194435,0.07909685877184147,25-30 (caro)
2006-05-31,25.65,-0.007866356415316966,-0.012765781815735178,0.029133873706892466,0.07020372903986649,,0.006817059074341492,0.052073880224214886,,25-30 (caro)
2006-06-30,24.75,-0.027057929783489976,-0.028976001878544766,0.02710172984900794,0.07428244774763049,,0.005439311772838407,0.05594519067228232,,20-25 (equo-alto)
2006-07-31,24.7,0.007200406435944995,0.004230773787976538,0.031913935673405724,0.07700035440003128,,0.010567726151744061,0.05910083505039365,,20-25 (equo-alto)
2006-08-31,25.05,0.022917592416259236,0.020910887968164538,0.00493118330359632,0.07584452437574307,,-0.01600976483964256,0.058075288095557065,,25-30 (caro)
2006-09-30,25.64,0.025311735228994214,0.03036502125772267,-0.0016636414888943074,0.07268693089023248,,-0.023729365166168748,0.05419771535357709,,25-30 (caro)
2006-10-31,26.54,0.03615913103748358,0.041807173872672854,-0.0028167314202153237,0.06834135736954594,,-0.02551253255929653,0.049226140277214725,,25-30 (caro)
2006-11-30,26.93,0.020016429755460585,0.021535064638471324,-0.0032756952494659153,0.0674999751902261,,-0.02608732165657668,0.04840877759857265,,25-30 (caro)
2006-12-31,27.28,0.021482649690824696,0.019964092728945282,-0.004436653683086544,0.06936394503738552,,-0.026449766222201188,0.05036085969169046,,25-30 (caro)
2007-01-31,27.21,0.006928265156756597,0.0038441058622344926,0.003522216768724107,0.07015231529810273,,-0.018923893423934857,0.05084561191950776,,25-30 (caro)
2007-02-28,27.32,0.015960480407944067,0.01056865083133185,0.008542022047224762,0.07118055020083136,,-0.013835114008509453,0.05208636306611547,,25-30 (caro)
2007-03-31,26.23,-0.024738910422049898,-0.03352504636419351,0.019387372711614725,0.07573107227700371,,-0.002935405653704093,0.05742558430282285,,25-30 (caro)
2007-04-30,26.98,0.04180259900257055,0.03504844794222195,0.010994904909628733,0.07116959051875904,,-0.010460098390266848,0.05331614931854278,,25-30 (caro)
2007-05-31,27.55,0.033917531329804795,0.027652871125546374,-0.0020135327656498614,0.06939582279299761,,-0.021766226716806947,0.052120916993331434,,25-30 (caro)
2007-06-30,27.42,0.0034490149453025865,0.001522546954046966,-0.005009793356860692,0.07091172296148063,,-0.024047819164302764,0.05371583319269613,,25-30 (caro)
2007-07-31,27.41,0.0057461965363219125,0.005987614250324791,-0.00040977821690701965,0.07135095257620971,,-0.019257862194968722,0.054195892818655,,25-30 (caro)
2007-08-31,26.15,-0.042011078158667226,-0.04026023268781442,0.014947731398837316,0.07622530364104319,,-0.005662140141324934,0.058483610557322985,,25-30 (caro)
2007-09-30,26.73,0.030747434610642888,0.027929428769940312,0.01484219723145963,0.07473181376871008,,-0.006108129481099178,0.05674595230648327,,25-30 (caro)
2007-10-31,27.32,0.029916328239107948,0.027698168251994115,0.008438278409074407,0.07446350305732197,,-0.01187701043479139,0.05677846451867907,,25-30 (caro)
2007-11-30,25.73,-0.048063100511368306,-0.05367924741100627,0.012575538364988148,0.08147320520704526,,-0.005700778939803031,0.06429805659504462,,25-30 (caro)
2007-12-31,25.96,0.012382208433841857,0.013057001374142452,0.01444361951335038,0.08321803093474678,,-0.0034618250683973173,0.06600898593789939,,25-30 (caro)
2008-01-31,24.02,-0.06635197378798752,-0.07095209671417912,0.03710355078787697,0.0958707460546302,,0.019202063152395032,0.07840438618445233,,20-25 (equo-alto)
2008-02-29,23.5,-0.015639656889765763,-0.01847616220082071,0.04518810659867056,0.09438920391734018,,0.026061299654613235,0.0767717275043438,,20-25 (equo-alto)
2008-03-31,22.61,-0.026266357657930173,-0.03465707513046057,0.056427022022592865,0.09737691401548831,,0.0383550515262816,0.08040342456349414,,20-25 (equo-alto)
2008-04-30,23.36,0.04243802552381526,0.03617815655013623,0.05071058807327855,0.09099324417869381,,0.0341945691039911,0.07433590853793204,,20-25 (equo-alto)
2008-05-31,23.7,0.025626042322868914,0.01705666995244748,0.05480035887205381,0.09035226605724112,,0.03959737587686596,0.07416093257395495,,20-25 (equo-alto)
2008-06-30,22.42,-0.042465820675937405,-0.05200571606886495,0.06160525061611777,0.09738619542588589,,0.04789824761657657,0.08200153937257548,,20-25 (equo-alto)
2008-07-31,20.91,-0.06078471575023314,-0.06569514299558343,0.08191167158383039,0.10602289125766506,,0.0689711403726121,0.09108028703901305,,20-25 (equo-alto)
2008-08-31,21.4,0.02110534934256636,0.025160128903148893,0.07794539729820138,0.10639090737817058,,0.06395352190531667,0.09095027537875078,,20-25 (equo-alto)
2008-09-30,20.36,-0.04847536206249248,-0.047127100622869955,0.0912955692281816,0.11375595768366131,,0.07657696478572817,0.09793084147456566,,20-25 (equo-alto)
2008-10-31,16.39,-0.20193585055535013,-0.19379196280417177,0.14644944605235288,0.13470154650856414,,0.1292720876811162,0.1172491377028626,,15-20 (equo-basso)
2008-11-30,15.26,-0.08605347967703458,-0.06824178361651079,0.17614376527755748,0.14255847189615833,,0.15453287891734346,0.12318959788580153,,15-20 (equo-basso)
2008-12-31,15.38,-0.003512172595679597,0.006915802575749419,0.18053197524863562,0.13643781818115608,,0.1564500287262507,0.11636958769646277,,15-20 (equo-basso)
2009-01-31,15.17,-0.010955566191105603,-0.01521828493111732,0.1854170768408845,0.13964977202461237,,0.16137323129915404,0.11979471308701828,,15-20 (equo-basso)
2009-02-28,14.12,-0.06702506476068715,-0.07164179355092826,0.20166707736167422,0.1541037165218786,,0.17759763738414214,0.13407835060821816,,<15 (economico)
2009-03-31,13.32,-0.056874364398301624,-0.05917996982593965,0.22237138235054643,0.1631233247912358,,0.1969380877790825,0.14258100846812627,,<15 (economico)
2009-04-30,14.98,0.12321750117769281,0.12042578632295542,0.1947731115636684,0.15389682322465092,,0.1697252237271556,0.1331991929779377,,<15 (economico)
2009-05-31,16.0,0.06659821703446056,0.06350604975417729,0.1830575936972938,0.14471269000719955,,0.15811826645113292,0.1242688854289975,,15-20 (equo-basso)
2009-06-30,16.38,0.028688610375426915,0.01996080585511062,0.18380982894382325,0.1430729134270785,,0.16040223498426953,0.12359343815984047,,15-20 (equo-basso)
2009-07-31,16.69,0.012776422061935966,0.014375418966979137,0.1843194400792041,0.1459185501785305,,0.16062321044015815,0.12602400755593535,,15-20 (equo-basso)
2009-08-31,18.09,0.08120744967574467,0.07880287396409957,0.16497180219530194,0.13339109979330255,,0.14255507713133242,0.11396638120647529,,15-20 (equo-basso)
2009-09-30,18.83,0.03650343271083467,0.03583153161077668,0.16073231626626194,0.13277163814029525,,0.13837256928541164,0.11334297444265928,,15-20 (equo-basso)
2009-10-31,19.36,0.024031081965120604,0.023036325154996096,0.1490520117242895,0.13009592782132184,,0.12770542954426212,0.11056618048150679,,15-20 (equo-basso)
2009-11-30,19.81,0.020943257008577243,0.02023535016000655,0.15706833463439662,0.13265908488104605,,0.13695890758863127,0.11322282630575642,,15-20 (equo-basso)
2009-12-31,20.32,0.02225857609242876,0.02405741035459652,0.15344185351377027,0.13292855158543926,,0.13428719679553147,0.11339585516272899,,20-25 (equo-alto)
2010-01-31,20.53,0.01356967884868232,0.010108321322501945,0.14777145428042315,0.1351328578880897,,0.13054468925980434,0.11551049775716193,,20-25 (equo-alto)
2010-02-28,19.92,-0.028984733322653167,-0.029208737951857966,0.16099935135915322,0.138615454479885,,0.14264091670831403,0.11865120783794092,,15-20 (equo-basso)
2010-03-31,21.0,0.05943035611541592,0.05509780537818898,0.14779827926302702,0.1085682451727894,,0.12923093450035106,0.08981340282662176,,20-25 (equo-alto)
2010-04-30,21.8,0.04087930211362356,0.03906500857294559,0.14063092007850386,0.1088136861375717,,0.12211527709474002,0.0909782967140933,,20-25 (equo-alto)
2010-05-31,20.48,-0.05882396611692031,-0.05955730522114677,0.15679685364021578,0.12195620837795174,,0.1370356030956117,0.10399547058666214,,20-25 (equo-alto)
2010-06-30,19.74,-0.03543564096334628,-0.03450634557683574,0.16415755244400287,0.13313360335427138,,0.1432532818339014,0.1142752904836648,,15-20 (equo-basso)
2010-07-31,19.67,-0.0015907300743366326,-0.0017739160327652215,0.16434275633819073,0.13719359282511645,,0.14346754068032808,0.1177258736854172,,15-20 (equo-basso)
2010-08-31,19.77,0.008636115741598172,0.007250055392908239,0.1566506095612965,0.14274119833739563,,0.13654024552385424,0.12297807727022514,,15-20 (equo-basso)
2010-09-30,20.38,0.03371154522191966,0.03309635340321049,0.13845675495265097,0.13824247334811957,,0.11915304433000995,0.11846892967778766,,20-25 (equo-alto)
2010-10-31,21.24,0.045774365464138045,0.044483345032171995,0.1378894138019322,0.135100161260431,,0.11896578180355144,0.11547186117510289,,20-25 (equo-alto)
2010-11-30,21.7,0.024909144536058747,0.024487563992145356,0.13886818871924933,0.13671035894227757,,0.120491943328775,0.11716883867747252,,20-25 (equo-alto)
2010-12-31,22.4,0.03713736131847867,0.03533924015185308,0.12808768035246976,0.13730774169616722,,0.11103002213334179,0.11784687400022009,,20-25 (equo-alto)
2011-01-31,22.98,0.034621931541458206,0.029735877555430168,0.10566478984477756,0.1365725243043161,,0.08961854567321659,0.11717800163042535,,20-25 (equo-alto)
2011-02-28,23.49,0.03150863943421367,0.026428234495515568,0.09761477022028875,0.13584393442178566,,0.08258044015899157,0.11640440358129056,,20-25 (equo-alto)
2011-03-31,22.9,-0.011124609758723203,-0.02068280926165933,0.11372898373580509,0.13804585261407087,,0.09966536135062709,0.11886262455535457,,20-25 (equo-alto)
2011-04-30,23.14,0.022209829128625014,0.015665068317877395,0.11505565111681504,0.14220785870859687,,0.10134726207166289,0.12275956149781053,,20-25 (equo-alto)
2011-05-31,23.06,0.006592348369728995,0.001914874631951502,0.11291256746353984,0.14232241069291507,,0.09936501321071423,0.12249899659709951,,20-25 (equo-alto)
2011-06-30,22.1,-0.03662600178168307,-0.03560168067778269,0.12363044866870188,0.14865188378324756,,0.10898811360167149,0.12755171400101184,,20-25 (equo-alto)
2011-07-31,22.61,0.031017356876332114,0.03010462904623612,0.12405669046503065,0.14861451798997516,,0.10996477502390611,0.12707678506832454,,20-25 (equo-alto)
2011-08-31,20.05,-0.10400646951254788,-0.10645864567968044,0.15176189161959597,0.1638113749143726,,0.13773823690034015,0.14206346934703884,,20-25 (equo-alto)
2011-09-30,19.7,-0.007892450076351198,-0.009422872935328175,0.1525747228306582,0.16463546050667133,,0.13834502790904768,0.14273987170020352,,15-20 (equo-basso)
2011-10-31,20.16,0.030189059642666383,0.03232751409912815,0.14457722249165883,0.16170069940990062,,0.12969692297044189,0.13868102075773692,,20-25 (equo-alto)
2011-11-30,20.35,0.017671224429313348,0.01852591891121924,0.14330130368030747,0.16505579756363553,,0.1286031996373136,0.14131382253468905,,20-25 (equo-alto)
2011-12-31,20.52,0.015547510459530622,0.01806759113422096,0.14863534417618296,0.16356811381086045,,0.13323164773033436,0.13922607677723442,,20-25 (equo-alto)
2012-01-31,21.21,0.047825579898980175,0.04324891297892375,0.14120640161355125,0.15574624187473773,,0.12557679540722488,0.13111345780124695,,20-25 (equo-alto)
2012-02-29,21.8,0.04162608648107424,0.03705072811121979,0.1377094320764234,0.14765691742089015,,0.12241444719137706,0.12266906721753257,,20-25 (equo-alto)
2012-03-31,22.05,0.028838373009124618,0.021079140325460433,0.1351890074761639,0.14337312207681374,,0.1214407498555865,0.11784513751199155,,20-25 (equo-alto)
2012-04-30,21.78,-0.0003821034042593707,-0.0034232287361600777,0.13492588941849393,0.14355201628254655,,0.12120280204002398,0.117736381186754,,20-25 (equo-alto)
2012-05-31,20.94,-0.030909522218135144,-0.02972878450533356,0.145914762728508,0.1377800418370918,,0.13158884328810672,0.11073977023990245,,20-25 (equo-alto)
2012-06-30,20.55,-0.011524111062235387,-0.010102649308054268,0.15262633814812432,0.13520207890840275,,0.1376756760461617,0.10655506665501835,,20-25 (equo-alto)
2012-07-31,21.0,0.029210868316861482,0.03091798368115839,0.14826339691327872,0.1324631634008957,,0.13315104714777748,0.10371351255207917,,20-25 (equo-alto)
2012-08-31,21.41,0.03387700788199388,0.028132748093431692,0.14120251552353236,0.1357708020787296,,0.12676746913539705,0.10759521458671628,,20-25 (equo-alto)
2012-09-30,21.78,0.030211660946635632,0.025626215154426868,0.13815573955991534,0.1238713801230813,,0.12357494898626387,0.09624334828547676,,20-25 (equo-alto)
2012-10-31,21.58,-0.002171347678892266,-0.001783121071988858,0.1448115805595176,0.12059156100160462,,0.1302041697884797,0.09256071887967265,,20-25 (equo-alto)
2012-11-30,20.9,-0.02837493953036918,-0.02373247768293374,0.15505880723657883,0.1296246631118516,,0.13922482214577836,0.10095388534507266,,20-25 (equo-alto)
2012-12-31,21.24,0.02175535174043608,0.024514447202452994,0.1566550175603012,0.12720830540893058,,0.14032275600314414,0.09863891655181889,,20-25 (equo-alto)
2013-01-31,21.9,0.0426876141058905,0.039608633831476725,0.1579679687201878,0.1240418192657382,,0.14104559065043376,0.09500546611650718,,20-25 (equo-alto)
2013-02-28,22.05,0.023330218559548532,0.014999710254954834,0.145906389566979,0.12493269032611787,,0.12998838718795058,0.09615908993764832,,20-25 (equo-alto)
2013-03-31,22.42,0.02722454023609222,0.02457671309281051,0.13991413160615163,0.11898017441218567,,0.12415455396759478,0.09033983799354384,,20-25 (equo-alto)
2013-04-30,22.6,0.01453791410620986,0.015585043936277021,0.13282027644375405,0.1217532068092666,,0.11603529824566894,0.09231874703024201,,20-25 (equo-alto)
2013-05-31,23.41,0.045742697877096505,0.04390207580218619,0.1271024455921419,0.11756820292780867,,0.10987362592651584,0.08815939902086689,,20-25 (equo-alto)
2013-06-30,22.93,-0.011177750403833397,-0.013549229888946135,0.1343731214708983,0.12423531822455769,,0.11721470464085515,0.09456175387851995,,20-25 (equo-alto)
2013-07-31,23.49,0.03254477164760905,0.032102757618650335,0.1306714476932973,0.12491025203637163,,0.11364670925557152,0.09505778103696993,,20-25 (equo-alto)
2013-08-31,23.36,0.0025252827917208176,0.0013250643926199235,0.1355870557054366,0.1235251984334862,,0.11863204439384134,0.09373679251375266,,20-25 (equo-alto)
2013-09-30,23.44,0.011924673387528673,0.0107578159806756,0.1366786123333743,0.12382237789280448,,0.11970827176389554,0.0940987017711643,,20-25 (equo-alto)
2013-10-31,23.83,0.021175499011164556,0.023798942810807855,0.12307403006946971,0.11537264486373622,,0.10535419170855276,0.0853705200232151,,20-25 (equo-alto)
2013-11-30,24.64,0.03859994044031523,0.04073890286109605,0.10993222107810441,0.11618160213152517,,0.09269722485676146,0.08571084812494556,,20-25 (equo-alto)
2013-12-31,24.86,0.015216616641311465,0.015303741002318905,0.09399062598058072,0.12015549192076835,,0.0776782613826057,0.08934272511201269,,20-25 (equo-alto)
2014-01-31,24.86,0.009678076609616948,0.005922861464908058,0.09564947920021027,0.1220618702365377,,0.07970475439229352,0.09137873794487916,,20-25 (equo-alto)
2014-02-28,24.59,-0.0013003589972465646,-0.004958599440480049,0.10842296804368945,0.127124131469881,,0.09216736216897559,0.09647930950783601,,20-25 (equo-alto)
2014-03-31,24.96,0.02722269307347247,0.020658275338735654,0.10674700684824501,0.12777242126247823,,0.09069247126589342,0.09758767565590065,,20-25 (equo-alto)
2014-04-30,24.79,0.0020172397756217375,-0.0012795647421367518,0.11441901877533844,0.12644292067577245,,0.09781373002637839,0.09642947483527453,,20-25 (equo-alto)
2014-05-31,24.94,0.01532034754332079,0.011778036116414592,0.10761060969851632,0.12756810008023622,,0.09140885120223952,0.09768242680717565,,20-25 (equo-alto)
2014-06-30,25.56,0.03196317835268614,0.030058068851657405,0.10373782466091819,0.12799373401427472,,0.08795224295045023,0.09807372967225403,,25-30 (caro)
2014-07-31,25.82,0.01495821970222222,0.015341624696023626,0.10876278747518242,0.12901535667170183,,0.09245623746527998,0.09880061923124672,,25-30 (caro)
2014-08-31,25.62,-0.004269508218877283,-0.0025949562041097662,0.1026665046055073,0.1284440898437067,,0.08609302369378113,0.09783418942836075,,25-30 (caro)
2014-09-30,25.92,0.017780338137406426,0.01701068531690164,0.10548449990833175,0.12952950628633375,,0.08886370963674683,0.09874718215640832,,25-30 (caro)
2014-10-31,25.16,-0.026465836857763603,-0.02400565702419022,0.11145256528629055,0.1361286780306208,,0.0936874195309294,0.10466028493381385,,25-30 (caro)
2014-11-30,26.61,0.05705652226529545,0.06278606852191015,0.10876476709470828,0.13266352732714615,,0.08998227881122434,0.10046948461011995,,25-30 (caro)
2014-12-31,26.79,0.006338877014618216,0.012081792968792193,0.11278006696863607,0.1336522362767607,,0.09288929099761822,0.10057700751787335,,25-30 (caro)
2015-01-31,26.49,-0.011100455798572328,-0.00644601440273318,0.12263343042017305,0.13449523975414568,,0.10067623370213408,0.10065185440774571,,25-30 (caro)
2015-02-28,27.0,0.028273980722727687,0.023849318484614246,0.11666311584301803,0.1326191298583046,,0.0951651621247942,0.09907947797971683,,25-30 (caro)
2015-03-31,26.73,0.0005536345105070506,-0.0053788366410885136,0.07067903516508078,0.1259004433882609,,0.05177180034131568,0.09298474046617011,,25-30 (caro)
2015-04-30,26.79,0.008784096718413847,0.0067375355754517585,0.07788397537160496,0.11870918253277196,,0.06070531985163674,0.08600079300113461,,25-30 (caro)
2015-05-31,26.81,0.009789039203892624,0.00465113609873824,0.08816490082651485,0.12664059719781395,,0.07191542266366291,0.09403321572691481,,25-30 (caro)
2015-06-30,26.5,-0.004355000615547944,-0.007817895978810885,0.10293641986435209,0.13147394792668177,,0.08603180302336888,0.09888341109844823,,25-30 (caro)
2015-07-31,26.38,-0.0007963009715983294,-0.0008381699721863312,0.11067747063552491,0.13663243996400354,,0.09256370142568948,0.10367081794558364,,25-30 (caro)
2015-08-31,25.69,-0.02424397498628439,-0.022892852595152613,0.12899905605278916,0.14161231307516275,,0.10957774438359169,0.10812485632222724,,25-30 (caro)
2015-09-30,24.5,-0.045070954957369125,-0.043545893861646756,0.1380282320759112,0.1501522292618629,,0.11778523321042389,0.1160064613013645,,20-25 (equo-alto)
2015-10-31,25.49,0.043171193318281675,0.043609795400908036,0.13231774587695755,0.14808090188263656,,0.11198885015761517,0.1137206044940604,,25-30 (caro)
2015-11-30,26.23,0.029324699327069714,0.03149315955148846,0.13455661763611615,0.14502722598868645,,0.1138555895406066,0.11029609855734601,,25-30 (caro)
2015-12-31,25.97,-0.011029698412545752,-0.00764295700855544,0.14660316024184672,0.1483600049654783,,0.12470555144196971,0.1129181440095357,,25-30 (caro)
2016-01-31,24.21,-0.06419621760918115,-0.06573666786721089,0.16834425303969258,0.15745337309667296,,0.14543451218134806,0.12168484680894709,,20-25 (equo-alto)
2016-02-29,24.0,-0.00549909077220645,-0.006296000108604316,0.17540459400326158,0.15767468782140992,,0.15128515729755154,0.12175841154098954,,20-25 (equo-alto)
2016-03-31,25.37,0.06362727526257617,0.059071361178807624,0.16289364968104136,0.1466743986869541,,0.1383950214539349,0.11134774341628284,,25-30 (caro)
2016-04-30,25.92,0.028312602520669028,0.02345598946019778,0.17002123722612494,0.1423479569686572,,0.14458815702102457,0.10745094512153419,,25-30 (caro)
2016-05-31,25.69,-0.003043652361420124,-0.007069159821809778,0.17250943885492842,,,0.14611978935152048,,,25-30 (caro)
2016-06-30,25.84,0.010664902272464305,0.007352209247838637,0.17423050584118127,,,0.146426054664887,,,25-30 (caro)
2016-07-31,26.69,0.03297438924319418,0.03464857788054143,0.17370887262948642,,,0.1444526060861624,,,25-30 (caro)
2016-08-31,26.95,0.01199256984193453,0.011068183853289115,0.17598691729195703,,,0.14640514462312582,,,25-30 (caro)
2016-09-30,26.73,-0.00438671242236488,-0.00677852664095846,0.17682240379036318,,,0.14715168280045754,,,25-30 (caro)
2016-10-31,26.53,-0.005059809333129439,-0.006294583904759232,0.17908035254413512,,,0.14773656603808138,,,25-30 (caro)
2016-11-30,26.85,0.012011605636490064,0.01360499453287245,0.18722423132667543,,,0.1541675957744446,,,25-30 (caro)
2016-12-31,27.87,0.03945963825339738,0.03911520396163448,0.17869501608310046,,,0.14525221441581593,,,25-30 (caro)
2017-01-31,28.06,0.014376347388458832,0.008486581905763568,0.17047133079429333,,,0.13667735479231347,,,25-30 (caro)
2017-02-28,28.66,0.025764452961699602,0.022564202615842133,0.157691377929567,,,0.12292374500431125,,,25-30 (caro)
2017-03-31,29.09,0.017492568859359903,0.016657874381214244,0.15161623983143646,,,0.11426105357783545,,,25-30 (caro)
2017-04-30,28.9,-0.0015400410677619547,-0.0044800507619841,0.15224370695597966,,,0.11428067746111714,,,25-30 (caro)
2017-05-31,29.31,0.016923733351417614,0.016051122784655147,0.12970306842056067,,,0.0902748330459422,,,25-30 (caro)
2017-06-30,29.75,0.017764279402453287,0.01680867120412466,0.11804122229970271,,,0.07628574761776696,,,25-30 (caro)
2017-07-31,30.0,0.009878840915533704,0.010580174315409696,0.11688034287904814,,,0.07504072017257002,,,25-30 (caro)
2017-08-31,29.91,0.002478052601315728,-0.0005025965449819703,0.13036494163595358,,,0.08874918115689812,,,25-30 (caro)
2017-09-30,30.17,0.016532630537076543,0.011178557043444837,0.10976629573396579,,,0.06957660434172319,,,30-40 (molto caro)
2017-10-31,30.92,0.02734799131378929,0.028014397211017172,0.09688394833871894,,,0.056171049751363666,,,30-40 (molto caro)
2017-11-30,31.3,0.01589568939295205,0.015854504989117446,0.10475057331795545,,,0.06396861628538875,,,30-40 (molto caro)
2017-12-31,32.09,0.02883486294735471,0.029460877994580414,0.09851126264329824,,,0.058478805766133624,,,30-40 (molto caro)
2018-01-31,33.31,0.048618982562285584,0.042907780615865754,0.09110963825246898,,,0.050823017633798706,,,30-40 (molto caro)
2018-02-28,32.04,-0.028866864211691823,-0.03323518869091957,0.10434287589805757,,,0.06334256535423788,,,30-40 (molto caro)
2018-03-31,31.81,0.0006457822991781104,-0.0015997061323487216,0.09843065895084524,,,0.057542273097491936,,,30-40 (molto caro)
2018-04-30,30.97,-0.016639719004330145,-0.020564525553903867,0.1107942567351734,,,0.06910618955268144,,,30-40 (molto caro)
2018-05-31,31.24,0.019616211252761806,0.015401413924955198,0.10811461112492826,,,0.06687000214910266,,,30-40 (molto caro)
2018-06-30,31.63,0.021129697561962812,0.019508792450550372,0.11418811572740273,,,0.07236812053843944,,,30-40 (molto caro)
2018-07-31,31.89,0.015807419778411047,0.01572680334098564,0.11917841183497191,,,0.07677913816240478,,,30-40 (molto caro)
2018-08-31,32.39,0.02450804923564487,0.0239392166879826,0.11159145850852181,,,0.06939558659478151,,,30-40 (molto caro)
2018-09-30,32.62,0.016797477331205846,0.015629392762888328,0.11111155198037781,,,0.06907486476956248,,,30-40 (molto caro)
2018-10-31,31.04,-0.038489861565856764,-0.04016284662165803,0.10772407125590178,,,0.06574813265472668,,,30-40 (molto caro)
2018-11-30,30.2,-0.020761083148444714,-0.01749747145920766,0.12246616980518232,,,0.07876914018035519,,,30-40 (molto caro)
2018-12-31,28.29,-0.055625121638642305,-0.05258032742030572,0.14694614037993747,,,0.10113344147077119,,,25-30 (caro)
2019-01-31,28.38,0.017356363924367013,0.015416309676686168,0.14911097439462462,,,0.10317894294034691,,,25-30 (caro)
2019-02-28,29.54,0.0582890255091193,0.05380936233444267,0.14614081841333637,,,0.10080828069349557,,,25-30 (caro)
2019-03-31,29.58,0.019480219603819293,0.013785247488015129,0.14919726576195647,,,0.10452647055820408,,,25-30 (caro)
2019-04-30,30.13,0.03723219614024842,0.031752785203878364,0.13859655314834796,,,0.09504696507910326,,,30-40 (molto caro)
2019-05-31,29.24,-0.015317885426550548,-0.017394219300851166,0.14788519465755412,,,0.10399206383018411,,,25-30 (caro)
2019-06-30,29.28,0.014047491781453258,0.013849543883471371,0.152782694899809,,,0.10828937906905,,,25-30 (caro)
2019-07-31,29.99,0.038273438099529766,0.03653333762643163,0.14963785761890125,,,0.10518184565845656,,,25-30 (caro)
2019-08-31,28.71,-0.03134414022515786,-0.03130638469585578,0.1548242905580608,,,0.1097022825713665,,,25-30 (caro)
2019-09-30,29.23,0.03085227445795069,0.0300493049343038,0.15409750718100823,,,0.10872036565475574,,,25-30 (caro)
2019-10-31,28.84,9.802751208631832e-05,-0.0021947948552428764,0.16135264190165577,,,0.11574324008720627,,,25-30 (caro)
2019-11-30,29.84,0.0443369222571488,0.04490535726790279,0.15707741101732542,,,0.11105759249486269,,,25-30 (caro)
2019-12-31,30.33,0.024693198714975884,0.025650222366341957,0.15491590024277735,,,0.10831880178029563,,,30-40 (molto caro)
2020-01-31,30.99,0.03346397500649845,0.029457834854517584,0.14648238164713812,,,0.1006274756533434,,,30-40 (molto caro)
2020-02-29,30.73,0.001220768170762554,-0.0015272863576168971,0.14880313956866154,,,0.10300778429849111,,,30-40 (molto caro)
2020-03-31,24.82,-0.18917708923391818,-0.18741798172567004,0.18396995438173636,,,0.1358125807368391,,,20-25 (equo-alto)
2020-04-30,25.93,0.04318614343665339,0.05022507642212637,0.16108065773190416,,,0.11189950717326314,,,25-30 (caro)
2020-05-31,27.33,0.05887365352603835,0.05887365352603835,0.1664767300343326,,,0.11660738506729218,,,25-30 (caro)
2020-06-30,28.84,0.06508271858198866,0.059257401928766607,0.16074985990057722,,,0.11188709927804719,,,25-30 (caro)
2020-07-31,29.6,0.034764348929532174,0.02957255559256411,0.16319394039683321,,,0.1148908505702555,,,25-30 (caro)
2020-08-31,31.16,0.05893504855500464,0.05559430240305385,0.15436648629393135,,,0.10667387068160727,,,30-40 (molto caro)
2020-09-30,30.84,-0.006270026361661629,-0.007644479990483566,0.16240538959475748,,,0.11423052001612333,,,30-40 (molto caro)
2020-10-31,31.28,0.017260013659031292,0.016830279024435013,0.1640634990197154,,,0.11545505577578652,,,30-40 (molto caro)
2020-11-30,32.47,0.03954116585995293,0.04018031809658029,0.15559446560457912,,,0.10674798245623274,,,30-40 (molto caro)
2020-12-31,33.77,0.0426008045653643,0.04164014040789632,0.1501195415562615,,,0.10125427377650498,,,30-40 (molto caro)
2021-01-31,34.51,0.02795299760073333,0.023590936941138674,0.14666401397307305,,,0.0984276116883871,,,30-40 (molto caro)
2021-02-28,35.1,0.02491528557315137,0.019342764154309355,0.14021222110237885,,,0.09298893144484732,,,30-40 (molto caro)
2021-03-31,35.04,0.008213576654843013,0.0010957897764658497,0.13068136279248588,,,0.08494308523857352,,,30-40 (molto caro)
2021-04-30,36.72,0.06021486112643415,0.05159974692068858,0.11532920366834465,,,0.07151868410259232,,,30-40 (molto caro)
2021-05-31,36.55,0.007602315186362896,-0.0004078967624420171,,,,,,,30-40 (molto caro)
2021-06-30,36.7,0.018104227956416752,0.008698848448979835,,,,,,,30-40 (molto caro)
2021-07-31,37.44,0.030682014698446114,0.025774005104643782,,,,,,,30-40 (molto caro)
2021-08-31,37.97,0.021851618571687492,0.019722527580037008,,,,,,,30-40 (molto caro)
2021-09-30,37.62,-0.0008449883112717771,-0.003540386614832358,,,,,,,30-40 (molto caro)
2021-10-31,37.25,0.00452176068906196,-0.0037587614352775356,,,,,,,30-40 (molto caro)
2021-11-30,38.58,0.0474474406056844,0.04232231551403576,,,,,,,30-40 (molto caro)
2021-12-31,38.3,0.0026540363482696616,-0.0004028357137678684,,,,,,,30-40 (molto caro)
2022-01-31,36.94,-0.020519528918750862,-0.02870654334891587,,,,,,,30-40 (molto caro)
2022-02-28,35.29,-0.029025698588840076,-0.03782100365942642,,,,,,,30-40 (molto caro)
2022-03-31,34.27,-0.008925836043681135,-0.021956306790654412,,,,,,,30-40 (molto caro)
2022-04-30,33.89,0.0011830183053225252,-0.004392384342360334,,,,,,,30-40 (molto caro)
2022-05-31,30.67,-0.07872730289994767,-0.08878156189327369,,,,,,,30-40 (molto caro)
2022-06-30,29.05,-0.03369384868947245,-0.04677098974699745,,,,,,,25-30 (caro)
2022-07-31,29.0,0.004646853338165835,0.004748579427001243,,,,,,,25-30 (caro)
2022-08-31,30.7,0.06447393857770112,0.06486929304724054,,,,,,,30-40 (molto caro)
2022-09-30,28.23,-0.0727740414294693,-0.07477338314128879,,,,,,,25-30 (caro)
2022-10-31,27.08,-0.03091175139401503,-0.03481398923276935,,,,,,,25-30 (caro)
2022-11-30,28.38,0.05285094197436524,0.05391189149770104,,,,,,,25-30 (caro)
2022-12-31,28.32,0.00010837456014778368,0.003174744576487809,,,,,,,25-30 (caro)
2023-01-31,28.33,0.013764563047711675,0.005733604012972071,,,,,,,25-30 (caro)
2023-02-28,28.92,0.03146971640739493,0.0257439006036444,,,,,,,25-30 (caro)
2023-03-31,27.95,-0.025854270581611938,-0.028534487227010352,,,,,,,25-30 (caro)
2023-04-30,28.76,0.03996221284362256,0.03416864698225086,,,,,,,25-30 (caro)
2023-05-31,28.76,0.007376952486787269,0.004826463375503298,,,,,,,25-30 (caro)
2023-06-30,29.94,0.04942186705265894,0.04605116982965218,,,,,,,25-30 (caro)
2023-07-31,30.89,0.03876041981382938,0.03678953086263026,,,,,,,30-40 (molto caro)
2023-08-31,30.47,-0.009750211836032197,-0.010688745199544769,,,,,,,30-40 (molto caro)
2023-09-30,30.81,0.014604465746676842,0.014107321821344332,,,,,,,30-40 (molto caro)
2023-10-31,29.1,-0.05305769447956843,-0.055004231039321616,,,,,,,25-30 (caro)
2023-11-30,30.01,0.0461573288986743,0.044006845731871636,,,,,,,30-40 (molto caro)
2023-12-31,31.45,0.05194550970166323,0.04978312833844267,,,,,,,30-40 (molto caro)
2024-01-31,32.37,0.026993858123179004,0.024882767426497088,,,,,,,30-40 (molto caro)
2024-02-29,33.04,0.0446825230149297,0.042535071462148855,,,,,,,30-40 (molto caro)
2024-03-31,34.16,0.03314630204550695,0.031022564372386485,,,,,,,30-40 (molto caro)
2024-04-30,33.03,-0.009732804120242022,-0.011768399414133768,,,,,,,30-40 (molto caro)
2024-05-31,34.18,0.02550787092004092,0.02339983482172414,,,,,,,30-40 (molto caro)
2024-06-30,35.21,0.03586525233848392,0.03373592558552341,,,,,,,30-40 (molto caro)
2024-07-31,35.48,0.024188240747238243,0.022082917283431147,,,,,,,30-40 (molto caro)
2024-08-31,35.08,-0.009296316359696633,-0.011332808898730562,,,,,,,30-40 (molto caro)
2024-09-30,36.1,0.02761254406092495,0.025500181592151172,,,,,,,30-40 (molto caro)
2024-10-31,36.59,0.031930899833845006,0.029809660544021677,,,,,,,30-40 (molto caro)
2024-11-30,37.36,0.025255593613612515,0.023148076097048165,,,,,,,30-40 (molto caro)
2024-12-31,38.12,0.015157857104311612,0.01307109651577898,,,,,,,30-40 (molto caro)
2025-01-31,37.14,-0.0037221710190302737,-0.005770121782743498,,,,,,,30-40 (molto caro)
2025-02-28,37.19,0.011395443112490522,0.009316416549933315,,,,,,,30-40 (molto caro)
2025-03-31,35.19,-0.05723956106374062,-0.05917750136990274,,,,,,,30-40 (molto caro)
2025-04-30,33.03,-0.05382742901980653,-0.055772383311648355,,,,,,,30-40 (molto caro)
2025-05-31,35.08,0.08370877176645863,0.08148109777610979,,,,,,,30-40 (molto caro)
2025-06-30,36.12,0.03919282660921164,0.037056659687704885,,,,,,,30-40 (molto caro)
2025-07-31,37.48,0.04570434663637357,0.04355479462084544,,,,,,,30-40 (molto caro)
2025-08-31,38.25,0.01935912808703244,0.017263731357187284,,,,,,,30-40 (molto caro)
2025-09-30,38.59,0.02881648710007112,0.02670164980349843,,,,,,,30-40 (molto caro)
2025-10-31,39.31,0.0245360782622166,0.022430039782894706,,,,,,,30-40 (molto caro)
2025-11-30,39.16,0.002272007025263978,0.0002117346167780365,,,,,,,30-40 (molto caro)
2025-12-31,39.59,0.0181357854823323,0.016042903458073354,,,,,,,30-40 (molto caro)
2026-01-31,40.05,0.012603117890918503,0.010521608829591411,,,,,,,>40 (carissimo)
2026-02-28,39.02,-0.0035958851917703427,-0.005644095548891004,,,,,,,30-40 (molto caro)
2026-03-31,37.04,-0.03322535506490609,-0.03521265902253656,,,,,,,30-40 (molto caro)
2026-04-30,38.15,-0.00983382022775836,-0.011869207872730603,,,,,,,30-40 (molto caro)
