date,strat_lordo,strat_netto,nudo3x,ndx1
1990-01-02,10000.0,10000.0,10000.0,10000.0
1990-01-03,9789.283149151288,9789.283149151288,9779.334743141952,9928.880099565835
1990-01-04,9624.071428464971,9624.071428464971,9593.174539961181,9868.295645531363
1990-01-05,9440.195633968338,9440.195633968338,9385.13963989564,9799.36505846214
1990-01-08,9477.319098316384,9477.319098316384,9429.424178671432,9817.164416937421
1990-01-09,9209.470620651875,9209.470620651875,9124.55844742095,9713.75444993892
1990-01-10,8706.458177223432,8706.458177223432,8546.14501560648,9510.865575097201
1990-01-11,8390.411418550038,8390.411418550038,8179.417072335168,9377.139795579498
1990-01-12,7925.020880493793,7925.020880493793,7632.702056766218,9170.49956635604
1990-01-15,7810.701628632845,7810.701628632845,7498.2638339876175,9118.89137159745
1990-01-16,8196.021613155925,8196.021613155925,7959.219107082152,9307.973071763192
1990-01-17,8065.016279548261,8065.016279548261,7806.368158751701,9250.65547687293
1990-01-18,8055.732080096744,8055.732080096744,7797.332088817817,9249.338893028795
1990-01-19,8363.733317877062,8363.733317877062,8163.229267691795,9396.269268568021
1990-01-22,7790.079739314442,7790.079739314442,7488.105216374377,9139.524022735273
1990-01-23,7731.985981645098,7731.985981645098,7420.546589830176,9114.263687883742
1990-01-24,7660.53417912702,7660.53417912702,7336.793356020363,9082.193295321433
1990-01-25,7569.077436392838,7569.077436392838,7228.689703045382,9039.797920851957
1990-01-26,7343.3083845916435,7343.3083845916435,6957.295361672366,8928.869048276398
1990-01-29,7237.851916392482,7237.851916392482,6830.504419969433,8876.802980544138
1990-01-30,6870.795505977689,6870.795505977689,6379.774557030288,8683.711121739301
1990-01-31,7199.253545170049,7199.253545170049,6790.494837979672,8872.17384897596
1990-02-01,7284.4844828144405,7284.4844828144405,6897.484399445132,8920.932749319687
1990-02-02,7493.973786616035,7493.973786616035,7154.843793131246,9034.060332422607
1990-02-05,7563.9006041759585,7563.9006041759585,7241.465035240525,9072.72010764538
1990-02-06,7435.041137257806,7435.041137257806,7087.816060993577,9010.763738057885
1990-02-07,7577.591105430985,7577.591105430985,7262.515356649327,9086.99233832633
1990-02-08,7610.347178793507,7610.347178793507,7304.078291977798,9106.542362052596
1990-02-09,7714.5440945188875,7714.5440945188875,7431.422016227521,9161.685374365345
1990-02-12,7564.888450218003,7564.888450218003,7253.827765598187,9090.937622028918
1990-02-13,7587.083746935201,7587.083746935201,7282.7004332188735,9105.21549905435
1990-02-14,7656.677413659508,7656.677413659508,7368.576768352977,9143.224234889432
1990-02-15,7816.632099191162,7816.632099191162,7562.395281657178,9225.619114570844
1990-02-16,7668.288839024984,7668.288839024984,7387.194394112953,9156.623688769389
1990-02-20,7372.063788031029,7372.063788031029,7032.380811114367,9012.255631398948
1990-02-21,7339.832209487866,7339.832209487866,6995.332462273945,8998.626391135866
1990-02-22,7287.169792251415,7287.169792251415,6933.318748577184,8974.22912370692
1990-02-23,7082.501344796133,7082.501344796133,6684.77453683274,8869.181437112347
1990-02-26,7305.862514462228,7305.862514462228,6961.6078103124555,8993.775273351976
1990-02-27,7397.506474848852,7397.506474848852,7075.408187493422,9044.974443250794
1990-02-28,7573.291429767272,7573.291429767272,7290.442248919301,9138.810332724062
1990-03-01,7670.476366767617,7670.476366767617,7410.788632824685,9191.333947343852
1990-03-02,7881.11682433737,7881.11682433737,7664.767273010383,9298.584548649793
1990-03-05,7769.984558730494,7769.984558730494,7534.680984683458,9248.256090932893
1990-03-06,7815.295483244096,7815.295483244096,7590.925659947031,9273.53248658142
1990-03-07,7736.360699592046,7736.360699592046,7498.992904248884,9238.36616421358
1990-03-08,7995.936747436991,7995.936747436991,7810.351702130875,9368.487336750835
1990-03-09,8055.737228704842,8055.737228704842,7883.236635754475,9399.922863191112
1990-03-12,8021.816814173527,8021.816814173527,7845.3791347101505,9387.177335131822
1990-03-13,7828.026156495108,7828.026156495108,7618.070338188007,9298.815628528688
1990-03-14,7890.961249215251,7890.961249215251,7695.139885438373,9332.450063130718
1990-03-15,7995.772081626319,7995.772081626319,7821.629868967216,9385.869534799203
1990-03-16,8407.949677253813,8407.949677253813,8308.868741025024,9583.061339688136
1990-03-19,8589.009910007946,8589.009910007946,8521.791576380016,9667.26608821215
1990-03-20,8287.863707125369,8287.863707125369,8173.71198447798,9538.010553494067
1990-03-21,8177.604117999159,8177.604117999159,8046.774708965152,9490.970934252255
1990-03-22,7857.014482813847,7857.014482813847,7671.252319825319,9345.654938226646
1990-03-23,8029.003116126582,8029.003116126582,7877.312196246983,9431.621980911414
1990-03-26,8204.667066619813,8204.667066619813,8086.382824959328,9517.372346161093
1990-03-27,7997.625616397385,7997.625616397385,8197.02932042489,9563.111530683867
1990-03-28,7673.447371506992,7673.447371506992,7825.220342248449,9420.861945491028
1990-03-29,7558.714170072251,7558.714170072251,7697.300643399706,9371.833954714917
1990-03-30,7553.354913726288,7553.354913726288,7695.989482218788,9373.596432495966
1990-04-02,7500.667663358388,7500.667663358388,7639.44563657863,9352.930005687516
1990-04-03,7890.0765038103145,7890.0765038103145,8080.538232257392,9535.224095486283
1990-04-04,7752.039724231381,7752.039724231381,7926.484842191647,9476.958132383275
1990-04-05,7607.892249867682,7607.892249867682,7764.536459885849,9414.73127998897
1990-04-06,7451.207993798667,7451.207993798667,7586.924345725786,9345.244757267577
1990-04-09,7409.716849207624,7409.716849207624,7543.341506583091,9329.633429844827
1990-04-10,7504.665950973235,7504.665950973235,7656.7747419166135,9378.677658278122
1990-04-11,7619.139079544924,7619.139079544924,7791.754936237234,9436.08077544406
1990-04-12,7756.898073561566,7756.898073561566,7952.224697450769,9503.164241386403
1990-04-16,7834.49354524973,7834.49354524973,8044.138390617114,9542.099253090108
1990-04-17,7784.945902276945,7784.945902276945,7991.536502514891,9523.631407341538
1990-04-18,7457.429335831553,7457.429335831553,7614.727116366885,9376.275053392741
1990-04-19,7241.500150322437,7241.500150322437,7365.861906381276,9276.420364417734
1990-04-20,7034.755281495297,7034.755281495297,7125.206293236992,9177.661071739793
1990-04-23,6773.298511447418,6773.298511447418,6814.132577186662,9046.343216943822
1990-04-24,6694.144680119271,6694.144680119271,6723.134201104981,9008.283975535047
1990-04-25,6754.464231951923,6754.464231951923,6799.459691051827,9044.57415216115
1990-04-26,6764.17259439419,6764.17259439419,6815.302805414274,9053.808636463089
1990-04-27,6584.383533169129,6584.383533169129,6600.656625260365,8960.971480059121
1990-04-30,6752.70541428943,6752.70541428943,6804.839903997806,9055.559669747918
1990-05-01,6849.515837283115,6849.515837283115,6921.8868863393645,9109.673087303681
1990-05-02,6966.907566587529,6966.907566587529,7063.787447095289,9174.129668883454
1990-05-03,7098.276474443421,7098.276474443421,7220.76236770752,9244.308928248993
1990-05-04,7325.458552036602,7325.458552036602,7485.663688254578,9359.59361768271
1990-05-07,7533.3368887924535,7533.3368887924535,7726.2281627827015,9462.122599987113
1990-05-08,7539.132850487566,7539.132850487566,7736.257182401261,9468.508384348004
1990-05-09,7556.324759248739,7556.324759248739,7759.2323605868905,9480.174826040737
1990-05-10,7680.442017245664,7680.442017245664,7903.261474971243,9541.128799581762
1990-05-11,8073.2287233009,8073.2287233009,8344.262104383679,9720.904068623107
1990-05-14,8369.39821684527,8369.39821684527,8675.376419610868,9851.839022861968
1990-05-15,8427.864400060842,8427.864400060842,8742.937504698688,9879.799431037412
1990-05-16,8487.338889201914,8487.338889201914,8811.400554648568,9907.98075644966
1990-05-17,8641.263344504352,8641.263344504352,8983.519079596279,9974.893328376571
1990-05-18,8836.49442633515,8836.49442633515,9200.001126801782,10057.433163768132
1990-05-21,9240.513823484684,9240.513823484684,9641.472967832233,10220.7412413294
1990-05-22,9304.941246479568,9304.941246479568,9713.628918379643,10248.713709679067
1990-05-23,9669.517333752567,9669.517333752567,10109.626364737478,10390.466356326933
1990-05-24,9777.68138155472,9777.68138155472,10228.271287119935,10433.629821502445
1990-05-25,9196.763867941203,9196.763867941203,9595.665622334856,10221.054525532107
1990-05-29,9606.26309190048,9606.26309190048,10040.647897760724,10381.52455375559
1990-05-30,9659.281300913643,9659.281300913643,10099.846404777987,10404.441673938698
1990-05-31,9627.282625331605,9627.282625331605,10066.949183361314,10395.665135945874
1990-06-01,9824.650082570573,9824.650082570573,10282.152319331717,10472.28989430646
1990-06-04,10085.160848074565,10085.160848074565,10563.841809684118,10570.48954444251
1990-06-05,9800.39535115531,9800.39535115531,10257.876922117579,10471.027956738642
1990-06-06,9817.82540478123,9817.82540478123,10278.236624829964,10480.52205401848
1990-06-07,9729.687061220042,9729.687061220042,10184.629712234491,10451.274495881242
1990-06-08,9406.796862372661,9406.796862372661,9836.142613158114,10334.63253948774
1990-06-11,9657.865019389705,9657.865019389705,10108.693779540114,10432.62025117155
1990-06-12,10026.731127286113,10026.731127286113,10506.416278578221,10571.999765793244
1990-06-13,10257.144890295123,10257.144890295123,10754.760367332061,10657.889127851158
1990-06-14,10058.243698383209,10058.243698383209,10542.349790269422,10590.335660668095
1990-06-15,10083.58909986289,10083.58909986289,10570.855647638791,10602.47661630036
1990-06-18,9578.789926674935,9578.789926674935,10027.140672681158,10423.294875526959
1990-06-19,9578.896618744664,9578.896618744664,10028.742422875048,10426.404696581865
1990-06-20,9635.030355330638,9635.030355330638,10090.701579138746,10450.43226127654
1990-06-21,9725.879688010851,9725.879688010851,10189.878218125672,10487.23114249986
1990-06-22,9432.542897730667,9432.542897730667,9874.394076134286,10381.57150742726
1990-06-25,9098.027465903266,9098.027465903266,9512.846425557644,10257.410163253744
1990-06-26,9093.554079172132,9093.554079172132,9509.595266880284,10258.755772664159
1990-06-27,9314.067911556753,9314.067911556753,9749.451361298552,10347.520860444167
1990-06-28,9591.80275072158,9591.80275072158,10049.840211899997,10456.329057434923
1990-06-29,9707.857578386145,9707.857578386145,10175.875328955806,10502.602930056419
1990-07-02,9696.204234170536,9696.204234170536,10164.110853789609,10501.09087742349
1990-07-03,9660.926370114417,9660.926370114417,10127.420932499064,10490.990417764247
1990-07-05,9548.710165994995,9548.710165994995,10007.922364780134,10452.260128996524
1990-07-06,9678.749520337082,9678.749520337082,10148.787167837525,10503.822994518336
1990-07-09,9806.678016156007,9806.678016156007,10287.076269946125,10554.067599865957
1990-07-10,9686.550325213253,9686.550325213253,10159.285846047529,10512.91300631364
1990-07-11,9931.742559303872,9931.742559303872,10422.746983953393,10606.32810050047
1990-07-12,10246.984831350448,10246.984831350448,10760.086645330497,10723.31562239355
1990-07-13,10403.230292453205,10403.230292453205,10927.443392468052,10781.499196787152
1990-07-16,10577.041911699942,10577.041911699942,11113.19299102025,10845.191464664666
1990-07-17,9979.316895397882,9979.316895397882,10475.522979590318,10640.37878200919
1990-07-18,9571.06788593481,9571.06788593481,10038.648220055098,10495.030738041882
1990-07-19,9349.955233015375,9349.955233015375,9802.008572757031,10415.09829786709
1990-07-20,8887.55909642759,8887.55909642759,9303.022841503811,10240.88053473891
1990-07-23,8325.028798259964,8325.028798259964,8689.396183982959,10018.19014581914
1990-07-24,8224.782966446506,8224.782966446506,8581.115356138493,9978.995466352759
1990-07-25,8455.335316283683,8455.335316283683,8834.669135930517,10079.690475530546
1990-07-26,8282.945889008974,8282.945889008974,8647.585703236673,10010.974376779313
1990-07-27,8113.635993107577,8113.635993107577,8463.241461146325,9942.254988809642
1990-07-30,7932.2029306622835,7932.2029306622835,8264.73576779882,9866.923063737864
1990-07-31,7872.052139964803,7872.052139964803,8200.100861394452,9843.583320881115
1990-08-01,7838.735357107819,7838.735357107819,8165.028457342805,9831.920476713893
1990-08-02,7426.176263010975,7426.176263010975,7704.644659880298,9649.498310375835
1990-08-03,6836.878762135031,6836.878762135031,7027.7531665642555,9369.23708253306
1990-08-06,5935.837591564841,5935.837591564841,5917.472664004928,8878.093830572321
1990-08-07,6013.571984568468,6013.571984568468,6019.364203816049,8931.188911885201
1990-08-08,6218.365580638705,6218.365580638705,6276.084338250728,9060.309086715253
1990-08-09,6481.723850504627,6481.723850504627,6596.669665366445,9216.759747733699
1990-08-10,6250.024224145629,6250.024224145629,6318.412659054027,9089.387759377336
1990-08-13,6333.787938644118,6333.787938644118,6423.67498090003,9142.05238094873
1990-08-14,6394.887121007085,6394.887121007085,6500.786646375302,9180.835741196694
1990-08-15,6401.806585782964,6401.806585782964,6512.470079135891,9188.547192549842
1990-08-16,5923.866366278754,5923.866366278754,5920.134662101626,8912.181991450141
1990-08-17,5562.096859894649,5562.096859894649,5446.773716214098,8676.795872553352
1990-08-20,5333.005008720043,5333.005008720043,5132.350644556574,8511.925585316723
1990-08-21,5067.357774373413,5067.357774373413,4742.686740482293,8298.558656488836
1990-08-22,4908.07067153648,4908.07067153648,4494.723088005087,8155.932013787959
1990-08-23,4624.726382085242,4624.726382085242,4002.032449528882,7859.891447250277
1990-08-24,4880.812517742938,4880.812517742938,4448.573273188115,8154.116345730676
1990-08-27,5313.582248224632,5313.582248224632,5095.772737915426,8551.513580373046
1990-08-28,5360.095579070345,5360.095579070345,5165.747851505544,8592.71651634215
1990-08-29,5242.409192075141,5242.409192075141,5003.360403950857,8504.747722206701
1990-08-30,5121.139502168037,5121.139502168037,4830.475414278657,8408.839240014395
1990-08-31,5267.162804108172,5267.162804108172,5046.9141339263115,8536.456094822232
1990-09-04,5323.006997033994,5323.006997033994,5131.965067510027,8586.48041414541
1990-09-05,5265.353460058471,5265.353460058471,5055.072524783923,8545.680648162253
1990-09-06,5091.748323570298,5091.748323570298,4805.669126423076,8407.214757767564
1990-09-07,5143.992409128456,5143.992409128456,4887.955351400028,8457.240249830533
1990-09-10,5182.935937598391,5182.935937598391,4949.730355734076,8494.921157373657
1990-09-11,5089.567202178008,5089.567202178008,4816.602393725256,8420.823277956039
1990-09-12,5155.27682507602,5155.27682507602,4918.616621051529,8482.317411017815
1990-09-13,5015.306494471428,5015.306494471428,4713.2518263711645,8366.323481690426
1990-09-14,5000.410161702127,5000.410161702127,4695.250724725271,8357.703160821653
1990-09-17,4999.320645429803,4999.320645429803,4698.483982875183,8361.65021905975
1990-09-18,4985.734629416651,4985.734629416651,4682.388345408589,8354.13160686348
1990-09-19,4949.521684779076,4949.521684779076,4630.741826532933,8325.444138703604
1990-09-20,4731.25348332166,4731.25348332166,4274.829738356919,8114.171084573405
1990-09-21,4695.991918310965,4695.991918310965,4217.651752328299,8079.963563349864
1990-09-24,4488.560115085195,4488.560115085195,3828.455509204553,7833.390622729207
1990-09-25,4586.141087256046,4586.141087256046,4026.736153207944,7970.52577947144
1990-09-26,4539.001004119051,4539.001004119051,3940.196308137982,7915.361404151088
1990-09-27,4371.436566828908,4371.436566828908,3590.8063773562626,7683.322440231041
1990-09-28,4447.536183106982,4447.536183106982,3765.627503656924,7809.876829779417
1990-10-01,4699.311704849812,4699.311704849812,4253.199418691092,8148.827109531362
1990-10-02,4701.979107967998,4701.979107967998,4263.214259913919,8157.181538002885
1990-10-03,4531.322444081431,4531.322444081431,3955.0901816497585,7962.621797706246
1990-10-04,4494.042726759666,4494.042726759666,3886.1292148700068,7918.256797872047
1990-10-05,4454.7112155387495,4454.7112155387495,3810.2107651975575,7868.596873714361
1990-10-08,4488.176633143204,4488.176633143204,3884.6381908501517,7921.722252512907
1990-10-09,4309.366008150442,4309.366008150442,3496.6037322697625,7659.860638676793
1990-10-10,4211.603017230128,4211.603017230128,3242.9995527640003,7476.515020295826
1990-10-11,4131.830118854388,4131.830118854388,2995.7524876185917,7288.308187976136
1990-10-12,4153.704307979338,4153.704307979338,3076.4998117946675,7355.542755370381
1990-10-15,4196.553983587213,4196.553983587213,3220.3779335984627,7471.975737070057
1990-10-16,4126.545536445023,4126.545536445023,2998.07940535137,7301.844637025523
1990-10-17,4152.038880920452,4152.038880920452,3092.873232743531,7380.556614277938
1990-10-18,4239.9615184551685,4239.9615184551685,3374.3204869854926,7606.204021378611
1990-10-19,4286.803808472887,4286.803808472887,3503.6712382628025,7705.223862894133
1990-10-22,4382.605411790047,4382.605411790047,3738.859606347287,7879.483402519271
1990-10-23,4374.440790466651,4374.440790466651,3726.0658027186723,7872.389727530836
1990-10-24,4372.9112479924515,4372.9112479924515,3728.03186162128,7875.666430846104
1990-10-25,4338.74515662932,4338.74515662932,3654.796636037839,7825.988190780367
1990-10-26,4257.525163771929,4257.525163771929,3458.904777355102,7688.048537925768
1990-10-29,4202.676245923274,4202.676245923274,3310.427153468886,7579.890087874613
1990-10-30,4224.823801913434,4224.823801913434,3379.975863744273,7634.793797565841
1990-10-31,4213.803794232186,4213.803794232186,3351.989920269655,7615.556936182158
1990-11-01,4221.753999434824,4221.753999434824,3369.1237494100546,7630.302588253326
1990-11-02,4302.692108145233,4302.692108145233,3599.6986590947927,7806.14258468095
1990-11-05,4390.486836458668,4390.486836458668,3816.95104814401,7964.998002504252
1990-11-06,4381.146671577518,4381.146671577518,3801.870912029897,7956.359668087801
1990-11-07,4293.055392985981,4293.055392985981,3598.2836588434584,7816.189811749898
1990-11-08,4304.9846916383385,4304.9846916383385,3634.1320665969174,7843.9629827848785
1990-11-09,4418.2266545461625,4418.2266545461625,3910.0852839551685,8044.32644387775
1990-11-12,4622.035097165188,4622.035097165188,4321.518189411206,8328.34676472999
1990-11-13,4663.288915337066,4663.288915337066,4401.616122449028,8381.736733044962
1990-11-14,4763.582409322398,4763.582409322398,4577.939666415015,8495.605535906709
1990-11-15,4634.388292707569,4634.388292707569,4368.1224077188035,8367.789082212103
1990-11-16,4459.505930907432,4459.505930907432,4048.063638408159,8165.3604037833875
1990-11-19,4522.720840319071,4522.720840319071,4182.099120302368,8257.379208243776
1990-11-20,4394.85908800765,4394.85908800765,3929.6164819431747,8093.1261597292205
1990-11-21,4408.538069224564,4408.538069224564,3967.028770929598,8120.690855691215
1990-11-23,4414.223138827289,4414.223138827289,3986.868731266137,8136.115935679017
1990-11-26,4434.779671551766,4434.779671551766,4038.893339290872,8173.396192967644
1990-11-27,4561.264487601602,4561.264487601602,4301.778719330602,8352.627029753594
1990-11-28,4574.196196401962,4574.196196401962,4334.560883194201,8375.785604067976
1990-11-29,4621.171995780229,4621.171995780229,4428.846802852028,8438.462583286051
1990-11-30,4672.876082142813,4672.876082142813,4528.274152248876,8503.57140685668
1990-12-03,4750.014801329924,4750.014801329924,4662.822134859628,8589.657031825289
1990-12-04,4790.840188683996,4790.840188683996,4737.753101234569,8637.551282020131
1990-12-05,4947.743964989004,4947.743964989004,4983.483814472302,8788.777669650543
1990-12-06,4963.112921802972,4963.112921802972,5015.117936097414,8809.300438929526
1990-12-07,4946.611486633566,4946.611486633566,5001.619628888756,8803.327781085574
1990-12-10,4942.358484619592,4942.358484619592,5005.838942491017,8807.732758380316
1990-12-11,4786.2046969820085,4786.2046969820085,4785.668291118786,8680.533748343418
1990-12-12,4847.11447383447,4847.11447383447,4890.23694518214,8745.660657078655
1990-12-13,4837.454140570373,4837.454140570373,4887.741510452822,8746.089924882735
1990-12-14,4736.47596491687,4736.47596491687,4744.5602669476,8662.604392068772
1990-12-17,4678.964152200435,4678.964152200435,4663.402790151388,8615.110698766137
1990-12-18,4859.341301875363,4859.341301875363,4960.837181166773,8800.157788362754
1990-12-19,4909.403107068722,4909.403107068722,5045.696939895502,8852.264915268848
1990-12-20,4958.025298838855,4958.025298838855,5125.821669807294,8901.06259445554
1990-12-21,5017.872334130211,5017.872334130211,5217.441298209439,8956.046459835039
1990-12-24,4911.955702360833,4911.955702360833,5095.883759434428,8888.455877760563
1990-12-26,4858.913913456377,4858.913913456377,5043.513842822479,8859.955441095144
1990-12-27,4764.1094364628225,4764.1094364628225,4934.190339605849,8797.881059803718
1990-12-28,4753.098810919289,4753.098810919289,4950.622452435113,8809.57577470318
1990-12-31,4778.86905951183,4778.86905951183,5030.388483696669,8858.820901979436
1991-01-02,4728.673219815186,4728.673219815186,4970.028713250094,8825.236420989297
1991-01-03,4525.184174039603,4525.184174039603,4715.743366771461,8676.566593033502
1991-01-04,4546.5620000825365,4546.5620000825365,4744.103461742596,8695.769893779008
1991-01-07,4291.118266154241,4291.118266154241,4417.889299012674,8498.270896209639
1991-01-08,4273.858513985086,4273.858513985086,4397.524485446603,8486.985669817544
1991-01-09,4247.355080934896,4247.355080934896,4367.271688411261,8469.293946841119
1991-01-10,4480.1492897046755,4480.1492897046755,4665.25250316993,8663.681806130086
1991-01-11,4481.29386424986,4481.29386424986,4670.875088220778,8668.969535662789
1991-01-14,4342.4336289806215,4342.4336289806215,4495.08733004039,8562.026028668039
1991-01-15,4423.055836590509,4423.055836590509,4601.5104514805125,8631.381929279363
1991-01-16,4856.648985434093,4856.648985434093,5137.472642513918,8968.296609259181
1991-01-17,5250.741835641825,5250.741835641825,5613.42621962207,9247.11891510787
1991-01-18,5396.840217978466,5396.840217978466,5790.176867126282,9346.102904551299
1991-01-21,5589.252409083338,5589.252409083338,6022.687008569073,9473.153076524932
1991-01-22,5416.227807647098,5416.227807647098,5817.903724999222,9367.760502204896
1991-01-23,5681.363468734362,5681.363468734362,6132.093177807647,9538.34644386355
1991-01-24,5965.585180425241,5965.585180425241,6465.7985114765615,9713.36007994851
1991-01-25,6054.278476342563,6054.278476342563,6570.768882725168,9767.950798065502
1991-01-28,6144.181229915929,6144.181229915929,6676.384455072259,9822.323582242538
1991-01-29,6312.106927371874,6312.106927371874,6873.659386557061,9921.116388241218
1991-01-30,6690.607882649985,6690.607882649985,7311.260410280257,10133.723484800157
1991-01-31,6949.637850141394,6949.637850141394,7608.5555245048945,10273.19199151293
1991-02-01,7123.745187563698,7123.745187563698,7803.603892201428,10362.941381284942
1991-02-04,7331.70260173585,7331.70260173585,8041.333534311812,10470.154633207498
1991-02-05,7748.929196032324,7748.929196032324,8515.459456761555,10677.933173677697
1991-02-06,8258.605444711515,8258.605444711515,9091.77128361843,10920.862252374745
1991-02-07,7899.863583223736,7899.863583223736,8686.450000241388,10760.661574530683
1991-02-08,7994.790145096117,7994.790145096117,8794.495401100745,10807.33342151264
1991-02-11,8452.565950718583,8452.565950718583,9311.327788205665,11021.106534065379
1991-02-12,8338.141562248638,8338.141562248638,9182.841719578284,10972.520037448223
1991-02-13,8543.956798516663,8543.956798516663,9415.20375875273,11067.166613152982
1991-02-14,8065.017098564651,8065.017098564651,8875.09203245919,10857.655938504602
1991-02-15,8324.269331278454,8324.269331278454,9168.233115743946,10979.27272870342
1991-02-19,8563.171701536645,8563.171701536645,9438.306287033052,11089.1785667313
1991-02-20,8252.584891183582,8252.584891183582,9088.683528015665,10954.372809574339
1991-02-21,8159.767738669342,8159.767738669342,8984.52580667741,10914.620331879847
1991-02-22,8327.396497919353,8327.396497919353,9174.370037626111,10993.582321244
1991-02-25,8460.66137424757,8460.66137424757,9325.293585343463,11055.967145509616
1991-02-26,8234.127729912609,8234.127729912609,9070.547997319341,10957.4058188259
1991-02-27,8415.702316413523,8415.702316413523,9275.733598350427,11042.122978925721
1991-02-28,8450.668159107943,8450.668159107943,9315.652684212353,11060.073852296575
1991-03-01,8672.54663037813,8672.54663037813,9565.272186842727,11160.937311155474
1991-03-04,8768.079560076767,8768.079560076767,9673.129252216002,11204.982077329912
1991-03-05,9664.029319960404,9664.029319960404,10676.228112284734,11594.402322246378
1991-03-06,9764.92449753155,9764.92449753155,10789.477188522374,11637.57480449634
1991-03-07,9915.372995003487,9915.372995003487,10958.223695368632,11700.42938599102
1991-03-08,9720.70685844537,9720.70685844537,10740.971613474056,11625.30331518514
1991-03-11,8875.990792896906,8875.990792896906,9794.232202538578,11285.923069051742
1991-03-12,8409.398542114996,8409.398542114996,9270.113452041645,11086.72688415127
1991-03-13,9037.702495528398,9037.702495528398,9975.598468260487,11370.052863967388
1991-03-14,8900.584555187772,8900.584555187772,9822.263655309713,11313.930686196845
1991-03-15,8775.717751890375,8775.717751890375,9683.230759952057,11262.671875410966
1991-03-18,8872.122056693497,8872.122056693497,9791.984747716724,11306.950179603968
1991-03-19,8685.427441113352,8685.427441113352,9583.191325445605,11228.706854584556
1991-03-20,8906.92721953488,8906.92721953488,9832.16784419571,11328.057100529422
1991-03-21,8581.776992453615,8581.776992453615,9467.971953774837,11190.314854183624
1991-03-22,8507.125759592536,8507.125759592536,9384.719981272923,11159.616408210235
1991-03-25,8851.204296366112,8851.204296366112,9771.274165986417,11314.931620067597
1991-03-26,9758.528087187926,9758.528087187926,10785.9090330217,11708.697417129548
1991-03-27,9959.57381502004,9959.57381502004,11011.05762164365,11792.365512650169
1991-03-28,9771.284473337499,9771.284473337499,10801.166219989504,11719.650722658032
1991-04-01,9732.823190823829,9732.823190823829,10758.116391122212,11706.215173227873
1991-04-02,10740.687588929586,10740.687588929586,11881.89858467451,12115.95392811607
1991-04-03,10886.989279701469,10886.989279701469,12045.46764001062,12173.757801623606
1991-04-04,11133.408635646938,11133.408635646938,12320.144279626094,12268.509191678255
1991-04-05,10907.01638840375,10907.01638840375,12068.364581380765,12187.168992438785
1991-04-08,10926.942047852903,10926.942047852903,12090.892210219503,12196.971930626189
1991-04-09,10600.245947505811,10600.245947505811,11727.231620989225,12076.909797355676
1991-04-10,10378.693736108868,10378.693736108868,11480.616255137313,11994.453236890537
1991-04-11,11216.485730764794,11216.485730764794,12413.511281778114,12321.520784653641
1991-04-12,11301.677677491112,11301.677677491112,12508.58684153932,12355.222061990367
1991-04-15,11185.591327505823,11185.591327505823,12379.67021581455,12315.027140792774
1991-04-16,11628.857552765214,11628.857552765214,12872.90781730686,12480.824253918703
1991-04-17,11789.887092533918,11789.887092533918,13052.33654950113,12541.08544170211
1991-04-18,11087.862931407108,11087.862931407108,12271.658641372367,12293.336614944035
1991-04-19,10632.95143232468,10632.95143232468,11765.518889918854,12126.564474739576
1991-04-22,10317.633634767833,10317.633634767833,11414.70112419857,12008.245500432167
1991-04-23,10405.36889483676,10405.36889483676,11512.768938516198,12044.821772619722
1991-04-24,10672.60637927099,10672.60637927099,11810.620524490394,12150.887832183082
1991-04-25,10369.512869000393,10369.512869000393,11473.321833339727,12037.428909091368
1991-04-26,10288.71092830028,10288.71092830028,11383.708339255794,12008.281605063434
1991-04-29,9701.643756302923,9701.643756302923,10729.39206305282,11780.39693119723
1991-04-30,9426.972391921283,9426.972391921283,10423.150558024096,11670.46277998036
1991-05-01,9482.493478919592,9482.493478919592,10485.31632468208,11695.749997456454
1991-05-02,9722.679698189477,9722.679698189477,10753.67017513183,11797.61768564762
1991-05-03,9782.372744771621,9782.372744771621,10820.692925099209,11824.235697430964
1991-05-06,9801.469335229933,9801.469335229933,10842.401652966495,11834.256085112882
1991-05-07,9678.267333842674,9678.267333842674,10705.347737596268,11786.507077016086
1991-05-08,9773.047366606957,9773.047366606957,10811.350600803917,11827.516153650724
1991-05-09,10212.38144109745,10212.38144109745,11301.032884054484,12008.199049581695
1991-05-10,9923.326084651637,9923.326084651637,10979.54936747105,11896.478138441333
1991-05-13,9949.175064932251,9949.175064932251,11008.769797753115,11909.157649550905
1991-05-14,9624.853092340993,9624.853092340993,10647.596000060576,11781.048005080516
1991-05-15,8762.57843181654,8762.57843181654,9684.687397707417,11428.016116412266
1991-05-16,9018.579760036688,9018.579760036688,9971.169206501818,11542.742028009307
1991-05-17,8990.399599390088,8990.399599390088,9940.143115585857,11532.832703589553
1991-05-20,8796.667301677207,8796.667301677207,9724.291388840518,11451.414588663318
1991-05-21,9058.429614269831,9058.429614269831,10017.007270829945,11568.362633244731
1991-05-22,9511.28100006,9511.28100006,10522.49093551836,11765.0196098523
1991-05-23,9664.934137548038,9664.934137548038,10694.037142437848,11831.056369138498
1991-05-24,9911.178446810174,9911.178446810174,10968.853985150114,11934.515995982518
1991-05-28,10330.948613673918,10330.948613673918,11436.283366370128,12106.175516308314
1991-05-29,10437.106397766365,10437.106397766365,11554.585823027623,12150.082983262926
1991-05-30,10759.41051522197,10759.41051522197,11913.088150139596,12277.913822879882
1991-05-31,10958.404810024169,10958.404810024169,12134.436838452539,12356.150350492879
1991-06-03,11180.242740420364,11180.242740420364,12381.156865839434,12442.1403178887
1991-06-04,11197.974582338145,11197.974582338145,12401.068292994167,12451.073106967646
1991-06-05,10744.071563042668,10744.071563042668,11896.946213005554,12284.619403431609
1991-06-06,10373.577059975727,10373.577059975727,11485.324917067892,12145.175588107042
1991-06-07,9957.179533329985,9957.179533329985,11022.494727073088,11984.244352022368
1991-06-10,9711.140549111185,9711.140549111185,10749.006829870394,11887.307148335018
1991-06-11,9801.270938103838,9801.270938103838,10849.647954217025,11926.568803897379
1991-06-12,9365.843420729656,9365.843420729656,10365.193625425702,11751.224459210545
1991-06-13,9308.51593382876,9308.51593382876,10301.67161508407,11729.356366668686
1991-06-14,9619.513262798,9619.513262798,10648.096781912614,11862.968157611649
1991-06-17,9589.936423590698,9589.936423590698,10615.614365144475,11853.06296508951
1991-06-18,9361.683359143115,9361.683359143115,10361.823847564781,11760.76059548846
1991-06-19,8809.531035109392,8809.531035109392,9746.860547435112,11530.236716573778
1991-06-20,8834.30881634746,8834.30881634746,9774.820146796477,11543.358932321813
1991-06-21,8801.518439939317,8801.518439939317,9738.67268662099,11531.229236128082
1991-06-24,7853.262062503008,7853.262062503008,8679.480180962599,11115.27531045824
1991-06-25,7859.36719273177,7859.36719273177,8686.780879379989,11120.413456074419
1991-06-26,7990.299276036853,7990.299276036853,8833.731681596157,11185.142548847458
1991-06-27,8249.707348352034,8249.707348352034,9124.001229164585,11309.688576473502
1991-06-28,8143.687367401537,8143.687367401537,9006.006839434735,11262.992106598793
1991-07-01,8608.944855381955,8608.944855381955,9525.263160431967,11481.478951804567
1991-07-02,8305.112217594151,8305.112217594151,9186.658006772232,11347.494571570374
1991-07-03,7947.827811737477,7947.827811737477,8787.939559460523,11185.366796113716
1991-07-05,7901.698150164353,7901.698150164353,8736.829394985769,11165.693009934326
1991-07-08,8546.179803071713,8546.179803071713,9456.200836467242,11474.153097581428
1991-07-09,8713.971440503012,8713.971440503012,9643.508256812338,11551.975314561307
1991-07-10,8973.261690563475,8973.261690563475,9932.543370003264,11669.463807925387
1991-07-11,9021.144849607821,9021.144849607821,9986.171516459179,11692.563596280239
1991-07-12,9384.24396245395,9384.24396245395,10390.27305307753,11852.383003752739
1991-07-15,9532.730362218985,9532.730362218985,10555.57764344538,11917.368978960627
1991-07-16,9059.364986008517,9059.364986008517,10029.534976523899,11721.541853943827
1991-07-17,8942.858529242225,8942.858529242225,9900.267264639944,11673.290444493989
1991-07-18,9227.953357078371,9227.953357078371,10217.585416363423,11800.104243019814
1991-07-19,9294.810518785598,9294.810518785598,10292.247936014577,11830.967582559873
1991-07-22,9021.157008349923,9021.157008349923,9988.411851105682,11716.674198723542
1991-07-23,8505.347525468895,8505.347525468895,9414.679325646614,11494.445878932549
1991-07-24,8357.794726596345,8357.794726596345,9250.713398166763,11429.783104560633
1991-07-25,8677.112652185979,8677.112652185979,9606.397558840868,11578.327088090073
1991-07-26,8972.476269303044,8972.476269303044,9935.110032985423,11712.471135318654
1991-07-29,9009.169552689982,9009.169552689982,9976.14769714767,11730.70298411365
1991-07-30,9482.259616847856,9482.259616847856,10501.908140329113,11938.887910126936
1991-07-31,9776.913241862458,9776.913241862458,10829.230758089301,12065.070829429642
1991-08-01,9996.5392038857,9996.5392038857,11073.191383271938,12157.789133042512
1991-08-02,10125.989279220797,10125.989279220797,11217.146519796206,12212.608267046427
1991-08-05,9756.383296135877,9756.383296135877,10807.691344966257,12066.154558121892
1991-08-06,10028.892701578265,10028.892701578265,11110.132118566265,12180.824990960993
1991-08-07,10221.099065127819,10221.099065127819,11323.446526407486,12260.920313073771
1991-08-08,10462.252853037764,10462.252853037764,11590.998834834258,12359.640160558292
1991-08-09,10389.34708391832,10389.34708391832,11510.252993752765,12333.109506501649
1991-08-12,10619.111859660392,10619.111859660392,11765.091952884572,12426.293373549659
1991-08-13,10866.41148531969,10866.41148531969,12039.328602795056,12525.024158134676
1991-08-14,11121.521339118473,11121.521339118473,12322.184670123941,12625.311718808878
1991-08-15,10774.953134273932,10774.953134273932,11938.11332800565,12496.354649140447
1991-08-16,10506.289338938795,10506.289338938795,11640.38142788159,12394.663382562776
1991-08-19,9650.761613644061,9650.761613644061,10691.80650973599,12060.158550044896
1991-08-20,9884.478538808178,9884.478538808178,10951.131861630174,12159.780180692156
1991-08-21,11162.38852722406,11162.38852722406,12367.756404409138,12686.239161970629
1991-08-22,10980.512070237142,10980.512070237142,12166.275475696375,12619.576207820179
1991-08-23,11232.37112599854,11232.37112599854,12445.48931267869,12718.33031313673
1991-08-26,11218.37043694218,11218.37043694218,12430.062451427133,12715.307729377206
1991-08-27,11222.048446208519,11222.048446208519,12434.157437337868,12718.93595514419
1991-08-28,11580.798427557944,11580.798427557944,12831.733539863053,12856.729083981138
1991-08-29,11421.52041405026,11421.52041405026,12655.245461836148,12800.041858223347
1991-08-30,11275.628920743657,11275.628920743657,12493.591815228214,12747.787563138076
1991-09-03,10908.807020857632,10908.807020857632,12087.09803443954,12611.6995697872
1991-09-04,10614.585131651516,10614.585131651516,11761.055900314894,12500.445577680142
1991-09-05,10487.893182792877,10487.893182792877,11620.680901578722,12452.836975455564
1991-09-06,10396.996629116456,10396.996629116456,11519.967068592307,12418.978314003836
1991-09-09,10545.583082230392,10545.583082230392,11684.650674122535,12480.267683191883
1991-09-10,9983.86614807915,9983.86614807915,11062.153535642165,12260.761179925665
1991-09-11,10333.7624814392,10333.7624814392,11449.94124584319,12406.113626866134
1991-09-12,10982.625305134015,10982.625305134015,12168.997827133428,12667.923747796527
1991-09-13,10279.238793821032,10279.238793821032,11389.543143347288,12399.606248273916
1991-09-16,10173.228172862235,10173.228172862235,11272.079802671957,12359.08705798709
1991-09-17,10115.624464414917,10115.624464414917,11208.260976268059,12337.8634072611
1991-09-18,10432.510056810102,10432.510056810102,11559.436836853374,12468.816659523936
1991-09-19,10703.52191448858,10703.52191448858,11859.771460516182,12578.923335366688
1991-09-20,11052.740160233443,11052.740160233443,12246.745407709119,12717.874500392598
1991-09-23,10843.133716076378,10843.133716076378,12014.49815149073,12639.642286799106
1991-09-24,11121.560249979393,11121.560249979393,12323.021563696215,12749.982908437201
1991-09-25,11307.680128170217,11307.680128170217,12529.25804857423,12823.277419686721
1991-09-26,11176.532069473602,11176.532069473602,12383.945492216173,12775.882853844896
1991-09-27,10941.630777368835,10941.630777368835,12123.665355889727,12688.548516740617
1991-09-30,11119.92325458415,11119.92325458415,12321.23018809759,12759.628586150593
1991-10-01,11212.132054588626,11212.132054588626,12423.403363268577,12796.985895808251
1991-10-02,10821.34274180266,10821.34274180266,11990.393751783813,12650.402931928758
1991-10-03,10287.247388583048,10287.247388583048,11398.590523934978,12444.346533860144
1991-10-04,10294.487014119866,10294.487014119866,11406.615452723658,12449.30312198972
1991-10-07,10111.81268811309,10111.81268811309,11204.205125200113,12377.702526181667
1991-10-08,10230.475099071877,10230.475099071877,11335.694547175532,12428.148239474996
1991-10-09,9840.936076243997,9840.936076243997,10904.069530987617,12272.441130929026
1991-10-10,10114.934062674934,10114.934062674934,11207.675191252592,12388.351097344932
1991-10-11,10369.981759172164,10369.981759172164,11490.279595691856,12494.503283175076
1991-10-14,10991.697052976286,10991.697052976286,12179.163778551068,12746.244706921278
1991-10-15,11692.713013881797,11692.713013881797,12955.914074590995,13019.302637979386
1991-10-16,12207.444646043357,12207.444646043357,13526.254186875389,13212.476438925501
1991-10-17,11563.766376800113,11563.766376800113,12813.037117152393,12982.414292745656
1991-10-18,11635.42251630386,11635.42251630386,12892.434629465439,13011.354224424056
1991-10-21,11362.591155697024,11362.591155697024,12590.128405371266,12911.784968154236
1991-10-22,11349.037530445474,11349.037530445474,12575.11060228138,12908.763822880266
1991-10-23,11175.671827393116,11175.671827393116,12383.015644729594,12845.145417616046
1991-10-24,10742.836065361109,10742.836065361109,11903.419128000342,12681.415566224565
1991-10-25,10432.574852405109,10432.574852405109,11559.639347381986,12561.40758500873
1991-10-28,10808.164845984833,10808.164845984833,11975.805769232986,12714.206857046813
1991-10-29,11223.691035596552,11223.691035596552,12436.222693034333,12879.222273936399
1991-10-30,11756.983374984358,11756.983374984358,13027.128373392437,13085.314546202062
1991-10-31,11486.969778764038,11486.969778764038,12727.944331582057,12987.282169171544
1991-11-01,11187.983653364976,11187.983653364976,12396.657764918093,12876.59087777088
1991-11-04,10828.336449505548,10828.336449505548,11998.156703808916,12740.58523540935
1991-11-05,11063.584446582674,11063.584446582674,12258.819319218095,12834.799097540461
1991-11-06,11102.929941734816,11102.929941734816,12302.415441292598,12851.978192693168
1991-11-07,11495.090911850726,11495.090911850726,12736.942836500673,13005.257830445513
1991-11-08,11805.607166632235,11805.607166632235,13081.00517017628,13124.351622645412
1991-11-11,12076.049891410807,12076.049891410807,13380.664699484378,13226.577707100738
1991-11-12,12572.500491310973,12572.500491310973,13930.74846679668,13409.851665880182
1991-11-13,12675.669372506687,12675.669372506687,14045.063016616192,13448.583978963887
1991-11-14,12446.612145979061,12446.612145979061,13791.25999553641,13369.63409022661
1991-11-15,10392.120680507735,10392.120680507735,11514.81515763602,12636.063727463481
1991-11-18,10834.063928854046,10834.063928854046,12004.502968098008,12817.121207471622
1991-11-19,10356.844375458457,10356.844375458457,11475.727839618165,12630.892973004678
1991-11-20,10441.867373853609,10441.867373853609,11569.93614822567,12667.389856853844
1991-11-21,10811.808461477063,10811.808461477063,11979.843170595512,12818.924606060289
1991-11-22,10550.25762193567,10550.25762193567,11690.03614617528,12717.517968053791
1991-11-25,10180.82234072469,10180.82234072469,11280.689574196369,12571.022419274193
1991-11-26,10297.202975675811,10297.202975675811,11409.64318634066,12620.847607847503
1991-11-27,10412.263132958169,10412.263132958169,11537.133665326724,12669.787259885203
1991-11-29,10360.586988795994,10360.586988795994,11479.87477982904,12650.766188878984
1991-12-02,11354.413457054434,11354.413457054434,12581.067542442579,13057.078137933577
1991-12-03,11352.093835623256,11352.093835623256,12578.497324790307,13058.05600758933
1991-12-04,11483.00862455178,11483.00862455178,12723.555262661248,13110.119275349754
1991-12-05,11388.435756950774,11388.435756950774,12618.765381662903,13076.002689641868
1991-12-06,11593.884294699343,11593.884294699343,12846.40919080259,13156.503225194756
1991-12-09,11546.279499985561,11546.279499985561,12793.661495828872,13140.377482847716
1991-12-10,11607.152293207288,11607.152293207288,12861.110574190894,13165.348747542626
1991-12-11,11428.496533916015,11428.496533916015,12663.154054200568,13099.684815136792
1991-12-12,11788.965222820638,11788.965222820638,13062.565343845577,13239.284598475391
1991-12-13,12182.955558700905,12182.955558700905,13499.119732632576,13388.664473747474
1991-12-16,12383.58316402752,12383.58316402752,13721.421788396137,13464.073274557666
1991-12-17,11872.200278718616,11872.200278718616,13154.792552596798,13280.664504443333
1991-12-18,11954.347135649365,11954.347135649365,13245.814000719514,13313.19429528415
1991-12-19,11342.003232511044,11342.003232511044,12567.316601120267,13087.781655725572
1991-12-20,11486.978143737759,11486.978143737759,12727.953621870089,13145.416293510727
1991-12-23,12353.656330283167,12353.656330283167,13688.2618618096,13477.897708368182
1991-12-24,12812.353708943767,12812.353708943767,14196.513804923838,13646.63857774976
1991-12-26,13633.25260921337,13633.25260921337,15106.097073920628,13940.040660661254
1991-12-27,14031.92575550767,14031.92575550767,15547.840172307664,14077.915424937533
1991-12-30,15350.477848278257,15350.477848278257,17008.839721083936,14520.886301315186
1991-12-31,15818.993677204367,15818.993677204367,17646.186780288048,14704.335856260814
1992-01-02,16139.040416604443,16139.040416604443,18042.047785574185,14816.238079396886
1992-01-03,16316.996081783042,16316.996081783042,18273.223363602676,14881.480783771356
1992-01-06,16566.901201229266,16566.901201229266,18606.179767023546,14973.83635598652
1992-01-07,16919.037068939382,16919.037068939382,19055.75250130682,15096.421022122766
1992-01-08,17533.57643441766,17533.57643441766,19831.369505795563,15303.2406552392
1992-01-09,18358.290671742525,18358.290671742525,20866.906285170684,15571.630578482911
1992-01-10,17890.493100469437,17890.493100469437,20286.4904903558,15429.31671392247
1992-01-13,18042.514573173423,18042.514573173423,20482.39482239668,15481.026055464832
1992-01-14,18650.27404000772,18650.27404000772,21238.81293004487,15673.64811178478
1992-01-15,19067.806861288474,19067.806861288474,21774.927044452637,15807.602477684224
1992-01-16,18503.333185241576,18503.333185241576,21091.79777236306,15644.388638005026
1992-01-17,18177.72670982386,18177.72670982386,20692.056964346906,15547.627013934476
1992-01-20,17047.253519517242,17047.253519517242,19279.53375878226,15195.904407231756
1992-01-21,15228.260455236736,15228.260455236736,16943.195238536482,14584.091502695353
1992-01-22,17469.623386916097,17469.623386916097,19770.149160646102,15397.135877227218
1992-01-23,17425.115072801695,17425.115072801695,19721.75053203871,15386.610170812475
1992-01-24,17332.638487946213,17332.638487946213,19609.32524914564,15359.40997268931
1992-01-27,16654.12391620214,16654.12391620214,18755.741638796342,15138.581327502101
1992-01-28,16693.313708479105,16693.313708479105,18809.948885572147,15155.170136246132
1992-01-29,16218.043833523052,16218.043833523052,18215.260847928064,14997.463468924027
1992-01-30,16348.189678688828,16348.189678688828,18386.732216160883,15046.50933667584
1992-01-31,16330.99717520414,16330.99717520414,18369.33002999673,15043.754665737057
1992-02-03,16716.225327177253,16716.225327177253,18862.5586557802,15180.403421128969
1992-02-04,17437.38620675102,17437.38620675102,19773.859184274672,15426.894062324129
1992-02-05,17967.19696909333,17967.19696909333,20441.95083151378,15602.689753152623
1992-02-06,17704.714282365003,17704.714282365003,20122.376962799317,15523.461197337301
1992-02-07,17382.8674105316,17382.8674105316,19724.06839988581,15423.10353891403
1992-02-10,17157.080185222487,17157.080185222487,19449.71928470659,15353.649426590504
1992-02-11,17036.992939034473,17036.992939034473,19303.057962976447,15317.102963371026
1992-02-12,18603.865817475482,18603.865817475482,21242.135040198824,15832.033339433832
1992-02-13,17701.56073246132,17701.56073246132,20131.50824590221,15558.220759221187
1992-02-14,17261.652267135374,17261.652267135374,19587.100057963948,15420.048252402541
1992-02-18,16160.340616339749,16160.340616339749,18199.33046445204,15057.925898476296
1992-02-19,16088.929359637554,16088.929359637554,18115.1381979445,15036.711711642523
1992-02-20,17011.98346200498,17011.98346200498,19278.697388235327,15360.657218132508
1992-02-21,16611.768687368203,16611.768687368203,18779.151114600474,15230.029042549919
1992-02-24,16158.77634523759,16158.77634523759,18209.429756022084,15078.041634223944
1992-02-25,16069.27096086084,16069.27096086084,18101.114416320033,15050.153754895215
1992-02-26,17276.57130596767,17276.57130596767,19616.754532527724,15472.217611958195
1992-02-27,17211.745905040305,17211.745905040305,19539.254722986672,15453.90319131555
1992-02-28,16999.52068615067,16999.52068615067,19278.04698229137,15387.097233818153
1992-03-02,17095.158289360446,17095.158289360446,19398.086191149916,15421.051350243373
1992-03-03,16950.53575611337,16950.53575611337,19235.70795313916,15380.043772311665
1992-03-04,16399.511709668284,16399.511709668284,18545.95555664327,15198.227755101865
1992-03-05,15866.654846455587,15866.654846455587,17873.851109177056,15016.62568649952
1992-03-06,15298.095954316828,15298.095954316828,17150.011507495474,14815.884074534551
1992-03-09,15317.010268927643,15317.010268927643,17193.161527020355,14830.251967778491
1992-03-10,16160.624923769672,16160.624923769672,18271.631567257606,15142.280171206547
1992-03-11,15479.154134172762,15479.154134172762,17416.114982923704,14907.933855886018
1992-03-12,15445.034311262267,15445.034311262267,17376.977832066685,14898.721118739462
1992-03-13,15637.630323362024,15637.630323362024,17626.725496599873,14972.05055932349
1992-03-16,15853.623124360274,15853.623124360274,17904.728373961883,15052.724573208267
1992-03-17,16431.518414076447,16431.518414076447,18636.541947356378,15259.779301033714
1992-03-18,16384.94523352569,16384.94523352569,18582.445291313332,15247.0146703412
1992-03-19,16365.606940528693,16365.606940528693,18564.260010154347,15244.039607025197
1992-03-20,16140.21027534044,16140.21027534044,18284.333722919524,15169.417389027352
1992-03-23,15897.734602413826,15897.734602413826,17983.96251483959,15088.33919542277
1992-03-24,15614.094256339458,15614.094256339458,17643.99312116013,14995.240232087554
1992-03-25,15695.457591166909,15695.457591166909,17751.425940683275,15027.640805178915
1992-03-26,15148.48863092808,15148.48863092808,17058.064824476565,14833.953518661774
1992-03-27,14071.571589196867,14071.571589196867,15659.19560488842,14430.405347864116
1992-03-30,13844.309884081607,13844.309884081607,15383.204694328215,14347.519062069658
1992-03-31,13913.01980672535,13913.01980672535,15478.46768225159,14379.01624727571
1992-04-01,14009.612500130537,14009.612500130537,15598.132043233803,14417.860842590773
1992-04-02,13325.4674905687,13325.4674905687,14690.515126704573,14140.008833359614
1992-04-03,13186.900247086423,13186.900247086423,14508.49702345702,14083.369775623898
1992-04-06,14028.098548912543,14028.098548912543,15627.382173891074,14447.155956728573
1992-04-07,12781.123850642094,12781.123850642094,13947.73284439727,13931.355129192612
1992-04-08,12561.086259673559,12561.086259673559,13662.077449849208,13837.982520129797
1992-04-09,13402.587105796854,13402.587105796854,14803.087060808562,14224.938478269887
1992-04-10,12726.777246504716,12726.777246504716,13888.289348432623,13933.68592866506
1992-04-13,13126.316925149848,13126.316925149848,14438.545325638486,14119.438465785264
1992-04-14,13466.067212042437,13466.067212042437,14898.548666957307,14271.141521432744
1992-04-15,14038.778866118131,14038.778866118131,15663.729305532506,14517.236989604056
1992-04-16,13288.483043874354,13288.483043874354,14673.978116356891,14213.27487726293
1992-04-20,12147.741854561305,12147.741854561305,13103.025116028995,13707.833528166313
1992-04-21,11938.5032093822,11938.5032093822,12811.791167689722,13607.980853792109
1992-04-22,12280.813547689866,12280.813547689866,13300.273345306668,13782.62096400039
1992-04-23,12087.60446106489,12087.60446106489,13035.869093421954,13693.005454360184
1992-04-24,11751.150303306278,11751.150303306278,12560.765828230653,13528.358783337266
1992-04-27,11386.03151514779,11386.03151514779,12040.384983966194,13343.220230209561
1992-04-28,10976.024367786898,10976.024367786898,11431.01366473726,13119.77820097698
1992-04-29,11629.364905709492,11629.364905709492,12399.46529179816,13491.919946372413
1992-04-30,12042.937858171776,12042.937858171776,12995.48448819008,13709.776449915713
1992-05-01,11997.38302114369,11997.38302114369,12942.714630609322,13692.958782734737
1992-05-04,12282.846728654396,12282.846728654396,13347.861763823863,13837.573127719474
1992-05-05,12655.582310353255,12655.582310353255,13866.325242069153,14018.490136493927
1992-05-06,12680.691592427105,12680.691592427105,13906.314198637345,14033.744335722608
1992-05-07,12441.574845371542,12441.574845371542,13586.909992601048,13928.080856210194
1992-05-08,12295.751166554615,12295.751166554615,13392.413913022394,13863.387683390254
1992-05-11,12347.751074807526,12347.751074807526,13470.235351283349,13891.999013378105
1992-05-12,12165.778207767124,12165.778207767124,13225.086013342869,13809.486187011727
1992-05-13,12028.90113045978,12028.90113045978,13055.917726644257,13752.35673797481
1992-05-14,11646.047583994201,11646.047583994201,12518.440895638221,13565.385469225617
1992-05-15,11508.30959254603,11508.30959254603,12325.897528045427,13497.557533404964
1992-05-18,11632.766126718801,11632.766126718801,12512.45772852923,13567.367727085919
1992-05-19,11783.19447077624,11783.19447077624,12734.743467564462,13649.430898694767
1992-05-20,12051.41474007702,12051.41474007702,13122.310602988176,13789.630549499447
1992-05-21,11898.197463935563,11898.197463935563,12913.504712714885,13718.238298802458
1992-05-22,11929.576788529903,11929.576788529903,12964.867481597474,13738.166333848632
1992-05-26,11698.960440324181,11698.960440324181,12647.435659924502,13627.787288640966
1992-05-27,11883.01595198933,11883.01595198933,12913.929606004986,13725.232972700771
1992-05-28,12228.00869591216,12228.00869591216,13401.008346758706,13899.533685507937
1992-05-29,12532.863697242681,12532.863697242681,13824.050557706913,14047.55674320155
1992-06-01,12887.057759322199,12887.057759322199,14304.547073920932,14212.07145304875
1992-06-02,12705.213932473893,12705.213932473893,14065.428075780153,14134.66067226107
1992-06-03,12706.022575195633,12706.022575195633,14075.114846227189,14139.676061004615
1992-06-04,12558.862137619479,12558.862137619479,13883.881360531665,14077.410375991027
1992-06-05,12289.669131793322,12289.669131793322,13525.016108650667,13957.884604535084
1992-06-08,11999.368133484959,11999.368133484959,13130.364589534138,13823.872248888025
1992-06-09,11510.418633410287,11510.418633410287,12443.883809891335,13584.69099091334
1992-06-10,11309.3938276834,11309.3938276834,12163.955035352963,13484.528816832635
1992-06-11,11300.05906138391,11300.05906138391,12157.238628351417,13483.736093464931
1992-06-12,11419.518946885928,11419.518946885928,12338.560622484443,13552.460578430706
1992-06-15,11391.548894242864,11391.548894242864,12304.984861563895,13541.865210528937
1992-06-16,10997.904239262692,10997.904239262692,11735.120393409607,13334.512702940829
1992-06-17,10537.919742171318,10537.919742171318,11048.515685346103,13076.122108086074
1992-06-18,10425.166017583271,10425.166017583271,10879.65151899601,13011.142130759381
1992-06-19,10777.005500117224,10777.005500117224,11427.523815176439,13231.174926501766
1992-06-22,10630.429768351985,10630.429768351985,11236.96535269396,13159.287305188851
1992-06-23,10789.018652085662,10789.018652085662,11484.741284119926,13257.656789095594
1992-06-24,10617.452436220834,10617.452436220834,11231.623754385228,13161.920291752245
1992-06-25,10314.280345625162,10314.280345625162,10767.780149717744,12982.382016362726
1992-06-26,10221.85504093761,10221.85504093761,10628.636344038498,12928.087776748369
1992-06-29,10989.948519527483,10989.948519527483,11808.907475779115,13408.246137887105
1992-06-30,11015.664603760886,11015.664603760886,11856.545947011859,13427.955844033413
1992-07-01,11415.939411057467,11415.939411057467,12420.206039141956,13642.245021747243
1992-07-02,10978.208366440851,10978.208366440851,11789.282692928718,13412.76963217567
1992-07-06,11085.036587548857,11085.036587548857,11965.434623333776,13481.0720060987
1992-07-07,10592.322173021203,10592.322173021203,11234.026139696622,13207.893980471377
1992-07-08,10680.917004994695,10680.917004994695,11378.374360262167,13265.940539055406
1992-07-09,11031.396571926321,11031.396571926321,11906.510958846693,13472.673150982533
1992-07-10,11074.394458358109,11074.394458358109,11979.608104143897,13501.74976496808
1992-07-13,11242.821032896427,11242.821032896427,12231.006173619444,13597.70588036741
1992-07-14,11594.846689197184,11594.846689197184,12740.911001798302,13788.186359338888
1992-07-15,11600.0214821141,11600.0214821141,12755.473255214953,13794.980578944911
1992-07-16,11759.620032244193,11759.620032244193,12985.86695694583,13879.579023899094
1992-07-17,11243.500103528555,11243.500103528555,12264.06359075373,13623.970629982667
1992-07-20,10815.218967715786,10815.218967715786,11647.302819436078,13397.109878831343
1992-07-21,11175.588270227938,11175.588270227938,12185.607971345538,13604.999390054141
1992-07-22,10845.049243097263,10845.049243097263,11711.503936210476,13430.077343890285
1992-07-23,10941.247796860554,10941.247796860554,11862.985843716631,13489.4820290272
1992-07-24,11007.605769852162,11007.605769852162,11969.270267287662,13531.275362709117
1992-07-27,10871.743560917319,10871.743560917319,11778.541220999814,13460.914643325854
1992-07-28,11260.948745489828,11260.948745489828,12350.820267408935,13680.425809518805
1992-07-29,11540.747866091378,11540.747866091378,12752.203059526257,13830.152551794492
1992-07-30,11606.435706985158,11606.435706985158,12851.230538591662,13867.497821224173
1992-07-31,11595.079457392303,11595.079457392303,12842.878471338217,13866.043644769568
1992-08-03,11751.848367928706,11751.848367928706,13069.326462038378,13949.108037228565
1992-08-04,11590.896458210884,11590.896458210884,12855.840499845106,13874.73325018292
1992-08-05,11186.030049501453,11186.030049501453,12295.717825953221,13674.79730578379
1992-08-06,11007.34706378502,11007.34706378502,12048.784678026057,13584.800858745635
1992-08-07,10897.267454252427,10897.267454252427,11897.796507291936,13529.591699106826
1992-08-10,10963.470741045034,10963.470741045034,12002.285631164224,13570.728470207478
1992-08-11,10814.744584538308,10814.744584538308,11795.501606007725,13494.327825462833
1992-08-12,10682.374046357978,10682.374046357978,11610.44122081818,13425.282843256115
1992-08-13,10698.54491541461,10698.54491541461,11644.367646049153,13439.877680271766
1992-08-14,10765.527100014278,10765.527100014278,11751.983698191461,13482.800990379385
1992-08-17,10603.787960000896,10603.787960000896,11533.611445315855,13400.814550292029
1992-08-18,10599.554263198916,10599.554263198916,11536.856597158609,13403.586957604446
1992-08-19,10410.017613046646,10410.017613046646,11288.967205786328,13309.103061558359
1992-08-20,10486.140588920845,10486.140588920845,11411.95703329871,13358.94111996371
1992-08-21,10195.974834757773,10195.974834757773,10981.846799064477,13192.621629901538
1992-08-24,9837.672249211366,9837.672249211366,10424.594085450535,12970.968907824883
1992-08-25,9921.466073866914,9921.466073866914,10569.179557320578,13032.403462491984
1992-08-26,10198.98374372884,10198.98374372884,11013.598157594462,13216.541890724107
1992-08-27,10431.594479650497,10431.594479650497,11373.73430132943,13362.093518819818
1992-08-28,10398.480096108204,10398.480096108204,11333.65855784126,13347.910776138004
1992-08-31,10398.741612022508,10398.741612022508,11344.830795689804,13353.806295248025
1992-09-01,10601.073541532509,10601.073541532509,11650.068204479769,13475.05152956364
1992-09-02,10965.092046918126,10965.092046918126,12178.85005317812,13680.418818993827
1992-09-03,11093.638527957293,11093.638527957293,12366.951093781914,13752.367925983284
1992-09-04,10932.774672870857,10932.774672870857,12150.020320240386,13673.483279866916
1992-09-08,10869.032736145633,10869.032736145633,12072.490315036075,13645.916976017232
1992-09-09,11219.358610338399,11219.358610338399,12569.178823690114,13834.572285204133
1992-09-10,11642.653677613167,11642.653677613167,13152.811879483908,14050.23760112838
1992-09-11,11666.365765776563,11666.365765776563,13196.374246876076,14067.308433057035
1992-09-14,12573.225214198075,12573.225214198075,14378.625287262954,14488.962017798094
1992-09-15,12076.33804576561,12076.33804576561,13744.36423153986,14277.527265414312
1992-09-16,11925.470261529159,11925.470261529159,13555.154039440802,14213.595129100024
1992-09-17,11994.449754413936,11994.449754413936,13652.489539210119,14249.19372665999
1992-09-18,12052.527992801513,12052.527992801513,13735.523350574234,14279.662731825556
1992-09-21,11979.356040255918,11979.356040255918,13647.563133711945,14250.765871083511
1992-09-22,11485.714837752459,11485.714837752459,13005.335310223802,14028.809613440497
1992-09-23,11621.646979305522,11621.646979305522,13193.120323083636,14097.887526120427
1992-09-24,11777.66894415819,11777.66894415819,13405.22853052394,14175.00353165977
1992-09-25,11075.680813658812,11075.680813658812,12475.914588972424,13849.01719338129
1992-09-28,10859.980860088093,10859.980860088093,12188.526819401402,13744.214892241813
1992-09-29,11092.605570244214,11092.605570244214,12515.51862402859,13868.649392506244
1992-09-30,11311.061518017916,11311.061518017916,12818.637664125641,13982.152229022833
1992-10-01,10925.215231415836,10925.215231415836,12305.830785789914,13797.2085537207
1992-10-02,10518.300833321931,10518.300833321931,11747.83695665966,13590.156401505294
1992-10-05,10451.581812046743,10451.581812046743,11663.246949156208,13559.00295029146
1992-10-06,10794.850422836693,10794.850422836693,12152.860903723484,13750.196769489214
1992-10-07,10565.006812942878,10565.006812942878,11844.360673195515,13635.329571363687
1992-10-08,10804.972738469825,10804.972738469825,12186.956327534306,13768.265869274923
1992-10-09,10562.517754856523,10562.517754856523,11861.376550210829,13647.141766108007
1992-10-12,10759.312967399728,10759.312967399728,12146.549621229755,13757.981891677942
1992-10-13,10923.955311271242,10923.955311271242,12382.985366570107,13848.732624795975
1992-10-14,10865.363779305842,10865.363779305842,12314.580558561787,13824.724997615062
1992-10-15,11082.120858374332,11082.120858374332,12615.779110408228,13938.926932110158
1992-10-16,11467.574933844384,11467.574933844384,13127.925806308474,14129.049887645697
1992-10-19,12085.812793381148,12085.812793381148,13921.292484850945,14415.195767031079
1992-10-20,12139.560178769154,12139.560178769154,13994.769399342304,14442.111035424907
1992-10-21,12412.79848950966,12412.79848950966,14340.484976355072,14562.590071653283
1992-10-22,12407.448393411372,12407.448393411372,14340.16907946567,14564.053050672592
1992-10-23,12329.815161226741,12329.815161226741,14250.144018462113,14535.146262163515
1992-10-26,12506.561572230637,12506.561572230637,14473.810818278838,14612.759921061695
1992-10-27,12149.695957520638,12149.695957520638,14039.48951610899,14468.171637686693
1992-10-28,12431.73631310921,12431.73631310921,14393.521573423122,14591.345394811875
1992-10-29,12904.07003301721,12904.07003301721,14973.479449143757,14788.89466593552
1992-10-30,12680.660158544688,12680.660158544688,14707.176727015629,14702.815674953348
1992-11-02,12803.641358339863,12803.641358339863,14860.983478693377,14755.650525771107
1992-11-03,12312.211477809664,12312.211477809664,14268.130112563906,14561.020247341605
1992-11-04,12498.770890171714,12498.770890171714,14500.25991707809,14641.55109046079
1992-11-05,13457.054835935964,13457.054835935964,15655.273149710956,15031.881549087086
1992-11-06,13645.447792752442,13645.447792752442,15882.338275437689,15106.172543650433
1992-11-09,13930.075505580164,13930.075505580164,16222.162343420774,15215.536041435478
1992-11-10,14385.554064805445,14385.554064805445,16761.790579643835,15385.886627360507
1992-11-11,14811.012708325543,14811.012708325543,17263.514210163594,15541.054312712708
1992-11-12,14672.400215327652,14672.400215327652,17102.100198787222,15494.289260753605
1992-11-13,14879.275102648016,14879.275102648016,17347.82673716077,15570.16390366054
1992-11-16,14382.863640397158,14382.863640397158,16767.019081270173,15398.074561951056
1992-11-17,13583.113424685303,13583.113424685303,15828.685394994332,15112.489345099211
1992-11-18,14305.428461057352,14305.428461057352,16678.313656933635,15384.5096615204
1992-11-19,14604.455936048587,14604.455936048587,17029.43135360951,15494.124134178961
1992-11-20,14858.45276016888,14858.45276016888,17327.183621885964,15586.093061767944
1992-11-23,14170.632342775874,14170.632342775874,16523.299888285437,15346.733539464958
1992-11-24,14973.34352316633,14973.34352316633,17462.369383218633,15639.117803387117
1992-11-25,14928.88776603295,14928.88776603295,17410.83087239268,15625.41384301596
1992-11-27,14880.71722961811,14880.71722961811,17354.920877623783,15610.368651965247
1992-11-30,15086.720488624303,15086.720488624303,17595.744092546745,15684.252443271462
1992-12-01,15303.407534994763,15303.407534994763,17848.76280103959,15761.046031021
1992-12-02,15156.5210761243,15156.5210761243,17677.5050032996,15712.261325292311
1992-12-03,15569.199831641146,15569.199831641146,18159.023597881147,15856.542755572982
1992-12-04,16040.673068266582,16040.673068266582,18709.010963723547,16018.260481418263
1992-12-07,16498.048214531453,16498.048214531453,19242.499755028777,16172.164989620633
1992-12-08,16321.775142081562,16321.775142081562,19036.90755373667,16116.23544262415
1992-12-09,15943.091232454251,15943.091232454251,18595.23033206288,15993.257959712117
1992-12-10,15503.534514898682,15503.534514898682,18082.553505241707,15847.926087825648
1992-12-11,15019.729333986506,15019.729333986506,17518.2670432886,15684.708296734174
1992-12-14,14824.823905646525,14824.823905646525,17290.94179717065,15618.480442855605
1992-12-15,14508.175773342398,14508.175773342398,16921.62031496826,15508.890151294017
1992-12-16,14756.255253810647,14756.255253810647,17210.9696212563,15598.885719721391
1992-12-17,15754.327719065685,15754.327719065685,18375.072422455258,15952.181687099956
1992-12-18,15889.650476417302,15889.650476417302,18532.906227032305,15999.499516013268
1992-12-21,16077.67114984602,16077.67114984602,18752.2042861595,16064.254977137838
1992-12-22,15577.878148473148,15577.878148473148,18169.27032917119,15899.451627326102
1992-12-23,15686.525843109359,15686.525843109359,18295.99165255502,15938.053445301395
1992-12-24,15823.384189460252,15823.384189460252,18455.616491570498,15986.046679094754
1992-12-28,16019.429495458731,16019.429495458731,18684.274087136593,16053.714127962754
1992-12-29,16072.417043425025,16072.417043425025,18796.13236105018,16087.404920533556
1992-12-30,16079.655222470126,16079.655222470126,18811.254193877292,16093.37680818129
1992-12-31,16101.809915760945,16101.809915760945,18845.97997905477,16104.937958257562
1993-01-04,15654.568076125719,15654.568076125719,18242.512983347617,15934.74135156342
1993-01-05,16081.009879564659,16081.009879564659,18831.57635330761,16107.940068726188
1993-01-06,16854.596348212795,16854.596348212795,19883.1859297816,16409.480437038557
1993-01-07,16488.652149008925,16488.652149008925,19397.980259117983,16277.735557876236
1993-01-08,16661.363953037107,16661.363953037107,19637.01143773977,16346.316594089207
1993-01-11,17288.85895541058,17288.85895541058,20480.701480647604,16582.146771077085
1993-01-12,16922.068761528288,16922.068761528288,19995.143928588823,16452.855831808985
1993-01-13,17890.86876327069,17890.86876327069,21285.633943676472,16808.55140991427
1993-01-14,18592.289971028305,18592.289971028305,22213.154581987852,17054.471851901286
1993-01-15,18305.450589483477,18305.450589483477,21839.8459330428,16960.73659078052
1993-01-18,18228.477575453282,18228.477575453282,21751.556205851713,16939.67398511939
1993-01-19,17841.433985572847,17841.433985572847,21275.004826151217,16817.754762948276
1993-01-20,17757.107455125515,17757.107455125515,21220.558548607612,16805.185717320008
1993-01-21,18217.100812928642,18217.100812928642,21827.00257318492,16967.048786244784
1993-01-22,18010.646695876494,18010.646695876494,21559.26324998442,16899.46697776224
1993-01-25,18424.730155788355,18424.730155788355,22107.754261553808,17044.566627963373
1993-01-26,18194.80761636176,18194.80761636176,21809.918272469888,16969.82648085005
1993-01-27,17303.976193370956,17303.976193370956,20637.817667654937,16667.62459425692
1993-01-28,17054.213019873452,17054.213019873452,20309.56793652316,16581.018558663258
1993-01-29,17034.83482925866,17034.83482925866,20287.317834364105,16576.715871162527
1993-02-01,17638.742261188425,17638.742261188425,21089.575107656052,16796.97967374868
1993-02-02,17880.904576257675,17880.904576257675,21415.48612764927,16885.284263957496
1993-02-03,17755.567780393398,17755.567780393398,21256.16315385122,16845.199961480634
1993-02-04,17454.590761887357,17454.590761887357,20863.098174269606,16743.151991824445
1993-02-05,16788.00927480949,16788.00927480949,19980.77605749043,16508.89753247614
1993-02-08,16384.275044110163,16384.275044110163,19443.844746680774,16362.768816487922
1993-02-09,16049.584457482333,16049.584457482333,18996.45387367203,16239.00341862836
1993-02-10,16537.548583170767,16537.548583170767,19674.793195319373,16434.01539848711
1993-02-11,16409.57298856102,16409.57298856102,19513.268121111672,16390.783585398534
1993-02-12,15794.324769046534,15794.324769046534,18687.869971178457,16161.413844955234
1993-02-16,14188.832471229282,14188.832471229282,16463.632607939773,15521.946985887354
1993-02-17,14084.202354362083,14084.202354362083,16320.039563603037,15478.464966405625
1993-02-18,14309.034122812189,14309.034122812189,16651.467063370696,15584.883878561865
1993-02-19,14264.532747019546,14264.532747019546,16595.012487014577,15568.92231130201
1993-02-22,13502.640041820687,13502.640041820687,15508.405948237594,15230.765105464681
1993-02-23,13581.006654302742,13581.006654302742,15626.243422467654,15270.954800174739
1993-02-24,14430.810629062295,14430.810629062295,16842.993971188876,15668.934694925505
1993-02-25,14584.339347470248,14584.339347470248,17061.092755505084,15738.226846041627
1993-02-26,14523.004059079369,14523.004059079369,16980.477887615158,15715.106270959574
1993-03-01,14302.83628658375,14302.83628658375,16679.560371260755,15623.95682563891
1993-03-02,15036.714939104017,15036.714939104017,17695.247645653697,15942.764493549206
1993-03-03,15438.699543995468,15438.699543995468,18249.690912343238,16110.981505725598
1993-03-04,14938.692617008071,14938.692617008071,17571.34420753012,15913.088814924213
1993-03-05,14933.367565413426,14933.367565413426,17572.148297803695,15915.034419184682
1993-03-08,15348.542878605922,15348.542878605922,18142.273849287354,16088.857748195633
1993-03-09,15331.630555486527,15331.630555486527,18131.687339921762,16087.449997787477
1993-03-10,15529.55043819961,15529.55043819961,18408.67435743527,16171.090997803878
1993-03-11,15576.934449220329,15576.934449220329,18476.68928172541,16192.737368003844
1993-03-12,15674.268734503476,15674.268734503476,18612.28778263508,16234.082434042208
1993-03-15,15858.365261033932,15858.365261033932,18864.001826727734,16309.003321944789
1993-03-16,15768.018942963445,15768.018942963445,18749.77728672032,16277.830685708961
1993-03-17,14859.97897861196,14859.97897861196,17514.485644841865,15922.095127375167
1993-03-18,14836.999563896421,14836.999563896421,17487.214895266978,15915.535181937534
1993-03-19,14409.976959133039,14409.976959133039,16900.679644061704,15739.298362740548
1993-03-22,14182.217380271759,14182.217380271759,16587.82793425742,15643.86491454504
1993-03-23,14045.43855475767,14045.43855475767,16401.39087252978,15586.929809125555
1993-03-24,14076.422858336266,14076.422858336266,16449.590836287654,15603.866591429494
1993-03-25,14668.691639428625,14668.691639428625,17276.684087031947,15867.059648102644
1993-03-26,14467.886799770538,14467.886799770538,17019.34444250061,15789.976588642578
1993-03-29,14331.620868667675,14331.620868667675,16835.56321859629,15734.830932671011
1993-03-30,14988.502335108797,14988.502335108797,17739.002816716897,16017.971884162223
1993-03-31,15168.277393912706,15168.277393912706,17987.481187369925,16094.476342948014
1993-04-01,14603.647135874851,14603.647135874851,17219.69570081452,15867.15723887076
1993-04-02,13248.622033603995,13248.622033603995,15297.658812805266,15278.452834523763
1993-04-05,13564.435565631786,13564.435565631786,15768.129788715258,15436.670098462931
1993-04-06,13141.996728997863,13141.996728997863,15194.82170004184,15251.191511289202
1993-04-07,13569.60067924271,13569.60067924271,15810.903864628743,15458.901737962582
1993-04-08,13204.66093701286,13204.66093701286,15308.975361839442,15296.926370353982
1993-04-12,13902.35453883055,13902.35453883055,16306.360285476898,15630.718764404804
1993-04-13,13582.253842133116,13582.253842133116,15863.006744111408,15490.68475459395
1993-04-14,13634.925787970758,13634.925787970758,15944.492277991802,15518.821669718936
1993-04-15,13372.432945059847,13372.432945059847,15582.407764574711,15402.964543314127
1993-04-16,13052.520276281602,13052.520276281602,15137.547312036986,15257.988817516707
1993-04-19,12732.975109081397,12732.975109081397,14707.969113551242,15115.245140104715
1993-04-20,12870.350082221641,12870.350082221641,14914.28947978406,15187.496495315476
1993-04-21,12965.53819450108,12965.53819450108,15060.474629692211,15238.69853463378
1993-04-22,12801.89107780132,12801.89107780132,14829.077674130142,15162.239797807966
1993-04-23,12365.032036522494,12365.032036522494,14192.000720981236,14946.688180895988
1993-04-26,11822.52784128611,11822.52784128611,13374.474780161094,14661.24431058498
1993-04-27,12409.937783250823,12409.937783250823,14268.661446720815,14989.50959455233
1993-04-28,12836.16273422577,12836.16273422577,14912.559156463909,15216.54574815618
1993-04-29,12764.597535062894,12764.597535062894,14819.403169168201,15186.44482026176
1993-04-30,12846.045142624793,12846.045142624793,14942.395637413683,15230.0386376998
1993-05-03,13302.82170855356,13302.82170855356,15601.374805446338,15455.52840926183
1993-05-04,14109.647249212367,14109.647249212367,16725.03394230033,15828.205302846254
1993-05-05,14318.05026067429,14318.05026067429,17014.23719039724,15921.101647175721
1993-05-06,13931.881605293056,13931.881605293056,16488.661243123523,15758.839691826177
1993-05-07,14080.29626196268,14080.29626196268,16697.71227323804,15827.096207397406
1993-05-10,14241.514368306236,14241.514368306236,16922.666266285793,15899.835540596516
1993-05-11,14042.751473802417,14042.751473802417,16655.286371300463,15817.767859558278
1993-05-12,13826.471109361271,13826.471109361271,16361.761620037973,15726.509659911377
1993-05-13,13491.306237266412,13491.306237266412,15903.223381649523,15581.25167059953
1993-05-14,13690.877810122141,13690.877810122141,16186.112932781596,15675.277594347199
1993-05-17,13973.573469749908,13973.573469749908,16580.572361654493,15804.2627366197
1993-05-18,14311.484821391026,14311.484821391026,17046.197967534747,15953.866296839587
1993-05-19,15236.926952509963,15236.926952509963,18288.180237031345,16343.009059157856
1993-05-20,15891.083939075566,15891.083939075566,19153.305009197557,16602.430400465408
1993-05-21,15439.77431376202,15439.77431376202,18561.557380460774,16433.19711676869
1993-05-24,15480.913644849872,15480.913644849872,18620.808559840763,16452.410925967757
1993-05-25,15374.047300055667,15374.047300055667,18483.871490896512,16413.810802495005
1993-05-26,16307.963482286366,16307.963482286366,19709.61658366552,16778.36034359008
1993-05-27,16105.05783064459,16105.05783064459,19449.714231889848,16706.37502820159
1993-05-28,15546.74422783257,15546.74422783257,18721.72413628927,16499.69561549984
1993-06-01,16054.926177375572,16054.926177375572,19391.488761298206,16698.205547452835
1993-06-02,16067.139710201393,16067.139710201393,19410.899439318873,16705.550756139994
1993-06-03,15985.693080435432,15985.693080435432,19308.44326429847,16677.932973342584
1993-06-04,15570.643935027254,15570.643935027254,18768.881399816706,16524.353129335657
1993-06-07,15070.013511032448,15070.013511032448,18112.01004463904,16333.335765852948
1993-06-08,14656.097544189954,14656.097544189954,17568.426616855788,16171.670213494452
1993-06-09,14595.516645255922,14595.516645255922,17492.49415264101,16150.089403362188
1993-06-10,14513.072763433529,14513.072763433529,17386.199103570314,16119.092222910358
1993-06-11,14890.193844542473,14890.193844542473,17893.2632049753,16277.507426610662
1993-06-14,15339.766155848016,15339.766155848016,18490.576124729174,16460.36162672677
1993-06-15,15311.276100095234,15311.276100095234,18460.322221822335,16453.13262668517
1993-06-16,15076.539095995093,15076.539095995093,18159.972004971547,16365.649175292303
1993-06-17,14956.41775792307,14956.41775792307,18005.48155387291,16320.978886284638
1993-06-18,14276.127590658154,14276.127590658154,17103.251372563172,16050.10510235179
1993-06-21,14259.164255493539,14259.164255493539,17085.405655097813,16046.227610842627
1993-06-22,14075.463457542655,14075.463457542655,16842.710615251,15971.954089508332
1993-06-23,13935.806420094994,13935.806420094994,16659.100274974768,15915.6113106961
1993-06-24,14229.111333265053,14229.111333265053,17061.915812309373,16045.58116523769
1993-06-25,14695.078287797818,14695.078287797818,17687.10307550597,16243.26763042333
1993-06-28,15371.754768747638,15371.754768747638,18594.61384069675,16522.802524346553
1993-06-29,15077.683989376488,15077.683989376488,18213.02425267025,16411.53322986743
1993-06-30,15088.078943723689,15088.078943723689,18233.157925925,16419.323814742747
1993-07-01,14806.457838650356,14806.457838650356,17870.807375355766,16312.308536894368
1993-07-02,14854.313553086582,14854.313553086582,17937.845947066242,16334.447208236897
1993-07-06,14461.465345605186,14461.465345605186,17428.073114851653,16181.455480727693
1993-07-07,14136.378408914263,14136.378408914263,16999.13570062459,16050.430844536402
1993-07-08,14431.984652923205,14431.984652923205,17398.90982450096,16177.96520688311
1993-07-09,14618.5644558901,14618.5644558901,17649.266580978994,16257.288245369653
1993-07-12,14657.377184847617,14657.377184847617,17704.768207846268,16276.06507114702
1993-07-13,14550.597451346672,14550.597451346672,17570.093605554917,16236.533507517865
1993-07-14,14739.340093916418,14739.340093916418,17822.00410728141,16315.863572410779
1993-07-15,14367.829892928288,14367.829892928288,17336.179630138788,16169.349436208773
1993-07-16,13351.829180918334,13351.829180918334,15976.340287716685,15748.304151886605
1993-07-19,13141.606685353952,13141.606685353952,15697.953287207216,15658.51406044556
1993-07-20,13802.13402441149,13802.13402441149,16597.987893032798,15959.44333692367
1993-07-21,13469.567208934432,13469.567208934432,16156.467408363551,15819.635390628233
1993-07-22,13032.167109451255,13032.167109451255,15563.47717281824,15627.781573179276
1993-07-23,13504.446498939287,13504.446498939287,16210.332918535565,15845.959240877983
1993-07-26,13826.175570829622,13826.175570829622,16646.893043873915,15989.899796047366
1993-07-27,13361.01413826724,13361.01413826724,16027.61164921365,15793.326462411713
1993-07-28,13842.044586658114,13842.044586658114,16678.58558197693,16008.831756470108
1993-07-29,13890.320378916216,13890.320378916216,16747.35427420144,16032.543029531595
1993-07-30,13416.223420757082,13416.223420757082,16115.39056065457,15832.591035525415
1993-08-02,13653.283096551995,13653.283096551995,16438.19039796862,15939.980273753727
1993-08-03,13748.350166199709,13748.350166199709,16570.181279672874,15984.332649423293
1993-08-04,14149.599014652118,14149.599014652118,17108.231999043695,16159.035432746281
1993-08-05,14392.086348824098,14392.086348824098,17431.10841425927,16262.401731195498
1993-08-06,14466.7323093637,14466.7323093637,17532.86633238128,16295.76988356384
1993-08-09,14366.24353227051,14366.24353227051,17405.43368054156,16258.016069787574
1993-08-10,13959.859907901176,13959.859907901176,16875.079353620677,16094.608044361768
1993-08-11,14069.931153874331,14069.931153874331,17024.781426534322,16143.906093703203
1993-08-12,14027.953371241176,14027.953371241176,16973.735300829296,16129.481592405915
1993-08-13,14134.754197695276,14134.754197695276,17118.316819598593,16176.987283853823
1993-08-16,15246.666053177545,15246.666053177545,18559.485443139893,16632.674382678513
1993-08-17,15659.184795632807,15659.184795632807,19089.761195468272,16792.84449269109
1993-08-18,15851.930274704315,15851.930274704315,19338.372609333976,16867.523071691947
1993-08-19,15175.440306888928,15175.440306888928,18476.84725672098,16618.827260341885
1993-08-20,15238.953554853671,15238.953554853671,18562.862663726777,16646.376648805817
1993-08-23,15186.451475386366,15186.451475386366,18501.22799207185,16629.7165980556
1993-08-24,15240.044900438541,15240.044900438541,18573.074120282894,16653.00470835768
1993-08-25,14876.32966411788,14876.32966411788,18111.17702170298,16516.72028407875
1993-08-26,14493.473319353327,14493.473319353327,17621.643189863247,16369.658050068332
1993-08-27,14692.975274439896,14692.975274439896,17882.587432166227,16452.193999902305
1993-08-30,15007.028663964395,15007.028663964395,18288.771593884878,16578.501908903272
1993-08-31,15390.625696201258,15390.625696201258,18781.219521130726,16729.0573700941
1993-09-01,15563.27784688449,15563.27784688449,19004.811199008924,16797.243257563183
1993-09-02,15605.973559900238,15605.973559900238,19061.75101207724,16815.82488678503
1993-09-03,15496.178033298216,15496.178033298216,18925.663308201016,16777.615473114955
1993-09-07,14653.64408906462,14653.64408906462,17853.602202398248,16462.625393499166
1993-09-08,14437.915549712587,14437.915549712587,17581.081045938136,16380.632781495247
1993-09-09,14820.665035545002,14820.665035545002,18076.129539617537,16536.143097280754
1993-09-10,15084.707019165431,15084.707019165431,18415.396979243487,16641.375964457424
1993-09-13,14718.404243197136,14718.404243197136,17956.88695743221,16505.052201906517
1993-09-14,14322.529133552523,14322.529133552523,17454.837514509672,16353.007758697891
1993-09-15,14667.894438961672,14667.894438961672,17899.770282547506,16493.715209953756
1993-09-16,14480.893114852319,14480.893114852319,17664.28789558465,16423.16064699401
1993-09-17,14525.331460278296,14525.331460278296,17724.32887503125,16443.534249599412
1993-09-20,14664.097666688143,14664.097666688143,17904.28924151014,16500.95460834599
1993-09-21,14449.221992186442,14449.221992186442,17635.214796156743,16420.06763450226
1993-09-22,15399.685269745432,15399.685269745432,18839.68229850247,16795.65816623859
1993-09-23,15763.154687649281,15763.154687649281,19298.134486420964,16933.701734745413
1993-09-24,15875.630361069303,15875.630361069303,19442.98900995617,16977.891698753592
1993-09-27,16422.71588768353,16422.71588768353,20127.02326858571,17178.82027705558
1993-09-28,16863.968841546506,16863.968841546506,20676.832192912963,17337.092017046947
1993-09-29,16971.354352473405,16971.354352473405,20811.444917686098,17376.579761991678
1993-09-30,16422.959351660313,16422.959351660313,20132.474147396693,17189.478858185368
1993-10-01,16429.541584957922,16429.541584957922,20142.569275956987,17194.155070311277
1993-10-04,16613.354577773145,16613.354577773145,20372.08373101929,17261.264889371625
1993-10-05,16221.052010053096,16221.052010053096,19886.84016977059,17126.02655226161
1993-10-06,16108.114683127922,16108.114683127922,19748.218391404676,17088.030489622837
1993-10-07,15799.15508709935,15799.15508709935,19365.754686856802,16979.508307573
1993-10-08,16204.791268985895,16204.791268985895,19871.324038568597,17129.04707455238
1993-10-11,16116.52983551253,16116.52983551253,19763.306698893597,17099.806891684202
1993-10-12,16351.590415390301,16351.590415390301,20055.9968380042,17186.015330042614
1993-10-13,16821.708435391847,16821.708435391847,20638.53873700219,17354.21173377521
1993-10-14,17555.42156615361,17555.42156615361,21544.701706484106,17610.018805698142
1993-10-15,17612.74155009344,17612.74155009344,21616.13879564559,17631.329534073502
1993-10-18,17259.11336728125,17259.11336728125,21181.255732111546,17514.940656527197
1993-10-19,16314.220438726785,16314.220438726785,20015.576681765735,17195.474929148502
1993-10-20,16461.81023884778,16461.81023884778,20198.97362601851,17249.797690041276
1993-10-21,16895.31622524055,16895.31622524055,20734.64193785979,17404.092894258352
1993-10-22,16999.448309043684,16999.448309043684,20863.68638062844,17442.02394414404
1993-10-25,16892.074111882474,16892.074111882474,20732.038624829547,17407.167707244826
1993-10-26,16522.029839877552,16522.029839877552,20276.66661924557,17281.54615975007
1993-10-27,17243.0317583214,17243.0317583214,21165.36170313524,17535.833414981065
1993-10-28,17105.52988845233,17105.52988845233,20996.692643759776,17491.09117004211
1993-10-29,17329.857109012166,17329.857109012166,21273.161299202537,17569.69572773245
1993-11-01,17862.314327751028,17862.314327751028,21928.193113048947,17751.884857822744
1993-11-02,17896.978846082075,17896.978846082075,21971.10207758678,17765.339945394608
1993-11-03,16890.230649964476,16890.230649964476,20733.538128944623,17433.662049383165
1993-11-04,15523.188674258043,15523.188674258043,19050.489910487664,16963.77782240114
1993-11-05,16277.098487261024,16277.098487261024,19980.003917362203,17241.470312774985
1993-11-08,16426.983232504877,16426.983232504877,20164.929938649133,17296.48565084382
1993-11-09,16558.716633177093,16558.716633177093,20327.385062943395,17344.762352153564
1993-11-10,17463.46194358891,17463.46194358891,21439.58721897371,17662.931991463112
1993-11-11,17682.219783396366,17682.219783396366,21708.46650483617,17738.637180913538
1993-11-12,17746.96930544025,17746.96930544025,21788.115009282028,17762.206330630226
1993-11-15,17196.440657925057,17196.440657925057,21112.042650782812,17580.366650815788
1993-11-16,17489.41130046048,17489.41130046048,21472.021654662258,17682.144949562153
1993-11-17,16474.479516881333,16474.479516881333,20225.507065007994,17341.846737794942
1993-11-18,15951.224806172646,15951.224806172646,19582.778785031685,17159.98255317601
1993-11-19,15799.964434229776,15799.964434229776,19397.14240673217,17107.57305287536
1993-11-22,14900.934382962692,14900.934382962692,18292.20372797453,16784.542559571975
1993-11-23,15835.714811993104,15835.714811993104,19441.476863968604,17137.832791372846
1993-11-24,16306.944486695784,16306.944486695784,20020.37441953841,17309.745146773348
1993-11-26,16465.47682520867,16465.47682520867,20215.12210719537,17367.701279425473
1993-11-29,16061.239534271857,16061.239534271857,19718.79513552989,17227.398050812986
1993-11-30,16506.73293711681,16506.73293711681,20265.864558856887,17388.535183177788
1993-12-01,17294.62543668163,17294.62543668163,21233.24740624507,17667.023570053832
1993-12-02,17715.61456653198,17715.61456653198,21750.122592992826,17812.2172387083
1993-12-03,18463.942045300384,18463.942045300384,22668.876354964348,18064.875321506595
1993-12-06,18077.602264924375,18077.602264924375,22194.55257040073,17940.75934354276
1993-12-07,17798.68642032274,17798.68642032274,21852.117273650783,17850.358861126875
1993-12-08,17501.85458021878,17501.85458021878,21487.68578462778,17752.98593258125
1993-12-09,16492.23937543851,16492.23937543851,20248.142666978856,17413.466546437707
1993-12-10,16451.21369446094,16451.21369446094,20197.77440111701,17400.84034169256
1993-12-13,16551.83622374378,16551.83622374378,20321.31267710916,17438.128786454767
1993-12-14,15913.996703437933,15913.996703437933,19538.213070106754,17215.94624253673
1993-12-15,16173.923572406846,16173.923572406846,19857.33512758291,17311.46908085825
1993-12-16,16325.695855272326,16325.695855272326,20043.671678634684,17367.42012871938
1993-12-17,16683.848799238338,16683.848799238338,20483.389537204956,17496.230179744955
1993-12-20,16767.95890783369,16767.95890783369,20586.65468537988,17527.453431747243
1993-12-21,16607.737928820658,16607.737928820658,20389.94535501804,17473.45201857822
1993-12-22,16590.27077747475,16590.27077747475,20368.500275442646,17469.145126108557
1993-12-23,16831.666761367418,16831.666761367418,20664.871216601987,17555.691675130824
1993-12-27,17024.25072342967,17024.25072342967,20901.3138001454,17624.475260054776
1993-12-28,17309.81127199961,17309.81127199961,21360.348880994414,17755.333005874872
1993-12-29,17374.12957385646,17374.12957385646,21459.102035688204,17784.543494445246
1993-12-30,17630.464271619952,17630.464271619952,21835.755312273308,17890.447171904918
1993-12-31,17683.880814123735,17683.880814123735,21921.90569317401,17915.837788888406
1994-01-03,17356.790811495623,17356.790811495623,21462.376811111473,17792.561047048242
1994-01-04,17641.572319593826,17641.572319593826,21890.067739942388,17912.642550385586
1994-01-05,17963.793677986137,17963.793677986137,22359.614181859408,18042.62653375786
1994-01-06,18324.93246284344,18324.93246284344,22879.230078943463,18184.312160097987
1994-01-07,18381.75818768098,18381.75818768098,22970.346906372986,18210.388204783678
1994-01-10,18871.81809160024,18871.81809160024,23667.75512698785,18396.623930893424
1994-01-11,18725.172408592447,18725.172408592447,23477.826828891768,18349.373270298398
1994-01-12,18789.919292560793,18789.919292560793,23579.07374390728,18377.704046765073
1994-01-13,18724.349336733365,18724.349336733365,23491.832804592963,18356.995521324417
1994-01-14,19179.891666365755,19179.891666365755,24133.759199944892,18526.154977952643
1994-01-17,19051.097888917022,19051.097888917022,23958.97071117531,18483.40251167295
1994-01-18,19063.91082283246,19063.91082283246,23981.02473029919,18491.041920878593
1994-01-19,18488.25732526121,18488.25732526121,23175.027496656177,18285.850855150973
1994-01-20,19109.93277799281,19109.93277799281,24050.360843525166,18518.020124880986
1994-01-21,19108.977943411428,19108.977943411428,24054.91498381331,18521.160799278077
1994-01-24,18806.613433758397,18806.613433758397,23635.168904597245,18415.40466914104
1994-01-25,18455.110135368785,18455.110135368785,23152.826450823508,18292.09276710601
1994-01-26,18533.428734407524,18533.428734407524,23268.40608132057,18324.478768446854
1994-01-27,18861.2205283712,18861.2205283712,23732.355953653157,18448.22087507073
1994-01-28,19173.395610488147,19173.395610488147,24176.303212797757,18565.21861709718
1994-01-31,19351.663921300238,19351.663921300238,24428.761456049328,18631.8171833866
1994-02-01,18858.386178545177,18858.386178545177,23754.935346330698,18462.590642418152
1994-02-02,19044.5732561714,19044.5732561714,24019.67473486632,18533.240349897307
1994-02-03,18816.597144138937,18816.597144138937,23710.59468764144,18455.81792935958
1994-02-04,17284.1782931383,17284.1782931383,21523.811197892657,17890.49900650207
1994-02-07,17518.019208532645,17518.019208532645,21865.776063706664,17987.245245768816
1994-02-08,17719.676723756253,17719.676723756253,22162.039973504012,18070.49335682728
1994-02-09,17998.205263447442,17998.205263447442,22561.940197405096,18181.20341101733
1994-02-10,17680.743674041376,17680.743674041376,22120.28645589627,18064.60220652214
1994-02-11,17700.18226382794,17700.18226382794,22200.434849987894,18088.439145584143
1994-02-14,18078.235682128015,18078.235682128015,22738.219745912033,18236.519476290265
1994-02-15,18451.40458177453,18451.40458177453,23266.003770734227,18379.655695143774
1994-02-16,18500.34376989977,18500.34376989977,23338.50253802441,18400.80087088129
1994-02-17,18318.33874220451,18318.33874220451,23101.09840718709,18340.46530869197
1994-02-18,18377.950507230056,18377.950507230056,23188.563650288666,18365.662122116864
1994-02-22,18670.60370900016,18670.60370900016,23615.590125236813,18480.451849764726
1994-02-23,18468.5837410229,18468.5837410229,23338.382923005287,18410.207676196307
1994-02-24,17717.46211198917,17717.46211198917,22284.3350026656,18135.107680670597
1994-02-25,18142.673436241974,18142.673436241974,22885.922916363757,18300.326477354854
1994-02-28,18825.409399142973,18825.409399142973,23846.10945641788,18558.304053629392
1994-03-01,18503.40850670092,18503.40850670092,23409.203056283543,18447.081322235084
1994-03-02,18307.277852832096,18307.277852832096,23144.017893270535,18379.529440851882
1994-03-03,18298.772282043334,18298.772282043334,23136.047644026294,18379.51770309679
1994-03-04,18759.003909896306,18759.003909896306,23779.35316693298,18551.965328627597
1994-03-07,19168.399155203566,19168.399155203566,24346.050294218865,18701.456682614116
1994-03-08,18736.55325771501,18736.55325771501,23753.812279017984,18551.948665083106
1994-03-09,18868.389347964923,18868.389347964923,23939.376452607816,18602.375549882763
1994-03-10,18445.774585665764,18445.774585665764,23357.41160237657,18453.758185539227
1994-03-11,18396.283823534442,18396.283823534442,23292.94032862979,18438.88601920688
1994-03-14,18821.648225122768,18821.648225122768,23883.984205556008,18596.94930384383
1994-03-15,18793.360956136607,18793.360956136607,23860.157746119457,18592.88815676425
1994-03-16,19099.333074858863,19099.333074858863,24283.69928115658,18705.02468561653
1994-03-17,19493.270944039483,19493.270944039483,24827.919476306393,18846.892238472443
1994-03-18,19364.02095737087,19364.02095737087,24655.646957508125,18805.45294342911
1994-03-21,18772.433243804684,18772.433243804684,23846.439679658026,18601.865721242768
1994-03-22,18474.112853732182,18474.112853732182,23438.10345372522,18497.812392743886
1994-03-23,18441.544914863443,18441.544914863443,23402.641536785835,18490.594900790205
1994-03-24,17627.95710272422,17627.95710272422,22270.921817567443,18194.645710515273
1994-03-25,17144.64517299628,17144.64517299628,21593.312867987097,18012.194261074957
1994-03-28,16459.66544338919,16459.66544338919,20625.14600808446,17745.049641832586
1994-03-29,15291.772842391634,15291.772842391634,18904.28230187028,17253.554561375404
1994-03-30,15009.536698380638,15009.536698380638,18491.951515929144,17130.082135636138
1994-03-31,15234.642787874638,15234.642787874638,18882.308687701832,17252.57382435291
1994-04-04,14482.44026564738,14482.44026564738,17761.557898559124,16913.304136024995
1994-04-05,15813.65083230924,15813.65083230924,19727.887789845372,17539.47402155124
1994-04-06,15745.534021907735,15745.534021907735,19638.586236305113,17515.113182447556
1994-04-07,15966.597438144487,15966.597438144487,19967.840199201873,17615.098707500067
1994-04-08,15317.814462368804,15317.814462368804,19032.047132930868,17342.03478382585
1994-04-11,15203.498009019178,15203.498009019178,18870.801141018044,17295.13949217769
1994-04-12,14383.840241885473,14383.840241885473,17627.949518870642,16917.522177712282
1994-04-13,13647.145507834372,13647.145507834372,16466.47994739058,16547.9981775823
1994-04-14,13504.8299326687,13504.8299326687,16246.509879122043,16476.297152119994
1994-04-15,13548.062103367454,13548.062103367454,16327.134016576894,16505.52869475313
1994-04-18,13071.355508783094,13071.355508783094,15542.816341165748,16243.213140785412
1994-04-19,12829.281761668479,12829.281761668479,15137.321209599202,16103.905989845645
1994-04-20,12676.853287662987,12676.853287662987,14881.345737309488,16015.064487150625
1994-04-21,13554.004163240363,13554.004163240363,16339.306730747297,16539.997247148545
1994-04-22,13709.744309287977,13709.744309287977,16609.719118724126,16633.226201743833
1994-04-25,14186.771028632404,14186.771028632404,17375.83228246048,16890.95422005666
1994-04-26,14235.191983114273,14235.191983114273,17464.003759248237,16921.551029048725
1994-04-28,13957.92007978324,13957.92007978324,17038.950430496505,16786.297611925584
1994-04-29,14020.800676431894,14020.800676431894,17143.82904441626,16822.75268301628
1994-05-02,14584.637367564517,14584.637367564517,18043.5763239021,17119.27005888196
1994-05-03,14307.016588771156,14307.016588771156,17645.805303964706,16995.72949627721
1994-05-04,14341.148667170964,14341.148667170964,17704.663302428555,17016.867416081775
1994-05-05,14396.200311681498,14396.200311681498,17797.406747227484,17048.82507861217
1994-05-06,14050.332178091432,14050.332178091432,17274.978290360443,16884.25529932025
1994-05-09,13465.535630718921,13465.535630718921,16360.361440756635,16588.505240867657
1994-05-10,13627.663321239319,13627.663321239319,16624.468316153558,16679.956179027584
1994-05-11,13213.385719569269,13213.385719569269,15966.716241137034,16462.173413756173
1994-05-12,13322.550018359367,13322.550018359367,16153.048769822064,16528.38259843794
1994-05-13,13165.611687845132,13165.611687845132,15907.259815017838,16446.72895651301
1994-05-16,12815.127525799418,12815.127525799418,15335.6969107246,16251.915742863592
1994-05-17,12806.30002930991,12806.30002930991,15332.0024644184,16252.75396198915
1994-05-18,13426.993998164473,13426.993998164473,16359.23015453365,16617.869698016806
1994-05-19,13679.138446476481,13679.138446476481,16769.353166324287,16758.930254364353
1994-05-20,13553.346860606198,13553.346860606198,16582.558341760257,16698.914152669266
1994-05-23,13504.503605518035,13504.503605518035,16512.711742319178,16677.670811802076
1994-05-24,14118.115647357055,14118.115647357055,17459.57482629187,16998.64426102385
1994-05-25,14215.032419560544,14215.032419560544,17626.193119270316,17054.95921049336
1994-05-26,13982.18402306297,13982.18402306297,17279.362198387214,16945.344809329286
1994-05-27,14062.960731926663,14062.960731926663,17413.08150155212,16991.291016847194
1994-05-31,14240.257632265897,14240.257632265897,17690.253685904452,17083.68458200588
1994-06-01,14259.132364990395,14259.132364990395,17737.41397674131,17101.227098451636
1994-06-02,14385.789711473048,14385.789711473048,17931.97715944258,17166.119223691574
1994-06-03,14579.123037928457,14579.123037928457,18225.42554916995,17262.13054835332
1994-06-06,14570.440747597135,14570.440747597135,18222.024829280264,17263.44299083838
1994-06-07,14289.768398683564,14289.768398683564,17814.4859802102,17137.129275445794
1994-06-08,13457.355630988446,13457.355630988446,16543.979452359235,16732.098662393197
1994-06-09,13389.20001873808,13389.20001873808,16444.65386600793,16700.92649768141
1994-06-10,13755.167330322856,13755.167330322856,17017.21799124407,16897.06400349427
1994-06-13,13500.84488275022,13500.84488275022,16635.274217170005,16772.98398527504
1994-06-14,13978.647050403799,13978.647050403799,17367.65708290049,17021.451027063336
1994-06-15,14006.561358586481,14006.561358586481,17416.920723932584,17039.89773388999
1994-06-16,13999.981590305233,13999.981590305233,17413.70697781802,17041.205057128038
1994-06-17,13457.952621239318,13457.952621239318,16597.427342227234,16777.287837600714
1994-06-20,13100.20865162317,13100.20865162317,16041.514938291146,16592.294709855694
1994-06-21,12544.40583803728,12544.40583803728,15139.801221482836,16283.696974816346
1994-06-22,12707.704460359511,12707.704460359511,15417.705026149673,16385.581488021195
1994-06-23,11979.280990985457,11979.280990985457,14172.134537246022,15946.591892094628
1994-06-24,11852.541074558041,11852.541074558041,13959.194561640417,15868.928931538549
1994-06-27,12491.867001840978,12491.867001840978,15073.487104449967,16293.368142981293
1994-06-28,12549.718112446857,12549.718112446857,15179.747040035703,16333.90681389447
1994-06-29,12593.131247043191,12593.131247043191,15260.070963925911,16364.97500340388
1994-06-30,12400.15200796073,12400.15200796073,14948.139266846018,16255.7313988637
1994-07-01,12371.333837118853,12371.333837118853,14909.392452460774,16243.937288170771
1994-07-05,12134.82784382062,12134.82784382062,14516.651614013936,16103.55520933336
1994-07-06,11897.466559505576,11897.466559505576,14110.21223061788,15955.495508044374
1994-07-07,12277.210129553114,12277.210129553114,14776.91340292436,16209.001876209135
1994-07-08,12274.11563438118,12274.11563438118,14781.700175251726,16212.996920044656
1994-07-11,12227.838918736712,12227.838918736712,14712.438881882537,16189.919693845133
1994-07-12,12403.877255771207,12403.877255771207,15017.378915049445,16304.016304969811
1994-07-13,13002.98808770449,13002.98808770449,15988.545572540404,16657.73190765127
1994-07-14,12860.257224994439,12860.257224994439,15772.540449648897,16585.02359633953
1994-07-15,12816.564095001828,12816.564095001828,15731.064541599842,16572.783011755553
1994-07-18,12883.4150175676,12883.4150175676,15846.44992748628,16615.5979724465
1994-07-19,12590.408226317066,12590.408226317066,15394.244375509532,16459.847598573328
1994-07-20,12185.046525974243,12185.046525974243,14731.763067144726,16226.014206506772
1994-07-21,12371.393928131009,12371.393928131009,15056.133216630004,16347.351780348035
1994-07-22,12577.599727493216,12577.599727493216,15406.355353576027,16476.36819013688
1994-07-25,12650.222295219513,12650.222295219513,15533.990393580993,16524.149915362672
1994-07-26,12473.49110622056,12473.49110622056,15261.341037373675,16429.76223584574
1994-07-27,12293.216924876751,12293.216924876751,14979.379860079249,16330.854839556601
1994-07-28,12309.269855525585,12309.269855525585,15015.215582983354,16346.139502122649
1994-07-29,12926.12937292229,12926.12937292229,16007.635035666126,16708.531937540105
1994-08-01,13200.015144816956,13200.015144816956,16445.554156294787,16863.303255284678
1994-08-02,13121.749666986263,13121.749666986263,16333.972004246923,16827.593521972223
1994-08-03,12914.855035247618,12914.855035247618,16025.74680329556,16724.17085203259
1994-08-04,12662.6791941327,12662.6791941327,15639.736587116326,16592.30223856267
1994-08-05,12621.296137989331,12621.296137989331,15583.034307669004,16574.64037637482
1994-08-08,12753.19960905086,12753.19960905086,15798.9696255123,16653.586607266232
1994-08-09,12889.07566953754,12889.07566953754,16020.688111404206,16733.889500269073
1994-08-10,13157.988443027474,13157.988443027474,16438.916183035795,16881.91549401091
1994-08-11,13197.828795773346,13197.828795773346,16506.843193960125,16907.599801094188
1994-08-12,13407.20565554859,13407.20565554859,16827.508533673692,17019.51880732354
1994-08-15,13398.558128812605,13398.558128812605,16837.508370907868,17025.34174194158
1994-08-16,13703.757212890181,13703.757212890181,17293.588321670544,17181.516808425695
1994-08-17,14301.547225598282,14301.547225598282,18155.823776282108,17469.54100404696
1994-08-18,14164.493220162833,14164.493220162833,17970.486674881748,17412.61363844587
1994-08-19,14007.896117653905,14007.896117653905,17752.90358950037,17344.8457275158
1994-08-22,13872.525595412066,13872.525595412066,17564.867087431663,17286.106076253935
1994-08-23,14243.746653973778,14243.746653973778,18099.502946044762,17463.979761191942
1994-08-24,14403.65588239188,14403.65588239188,18331.65685224515,17541.162854525788
1994-08-25,14703.537626881787,14703.537626881787,18756.85876761375,17679.311765405513
1994-08-26,15509.38774753538,15509.38774753538,19866.9119454129,18030.61931700412
1994-08-29,15410.757335599192,15410.757335599192,19737.336612914252,17994.017010144238
1994-08-30,15763.436810642592,15763.436810642592,20220.62694329696,18143.476751529317
1994-08-31,15328.372494268953,15328.372494268953,19633.501825477877,17970.485913422446
1994-09-01,14640.951014141754,14640.951014141754,18694.914609084666,17686.8360950633
1994-09-02,14611.331033666116,14611.331033666116,18659.144777282585,17678.22515409219
1994-09-06,14835.916129099269,14835.916129099269,18978.102760379148,17781.623329472186
1994-09-07,15182.636944001852,15182.636944001852,19456.776829149272,17933.80568325287
1994-09-08,15575.260843397613,15575.260843397613,19993.29590709664,18101.353449276347
1994-09-09,14916.081148906005,14916.081148906005,19101.126610984433,17834.837296828362
1994-09-12,14572.024637730405,14572.024637730405,18633.780775279953,17692.074492896183
1994-09-13,15086.83766815244,15086.83766815244,19343.15580143257,17919.252994078328
1994-09-14,15196.370193466155,15196.370193466155,19496.692783196177,17969.369041589332
1994-09-15,16209.788925778992,16209.788925778992,20858.177202282575,18390.35742649076
1994-09-16,15898.515145165075,15898.515145165075,20445.970137440203,18271.987311050205
1994-09-19,15823.153344461209,15823.153344461209,20348.700087657915,18245.76919356636
1994-09-20,15026.065840416431,15026.065840416431,19278.362120836395,17928.61489324095
1994-09-21,14677.935007460032,14677.935007460032,18813.399105379198,17787.184356620084
1994-09-22,14651.960063163557,14651.960063163557,18783.28734561395,17780.379152829795
1994-09-23,14293.205237888276,14293.205237888276,18296.463147057857,17629.452379784077
1994-09-26,14150.623368114146,14150.623368114146,18106.612383789496,17571.136582310828
1994-09-27,14184.676443111912,14184.676443111912,18159.766923376817,17590.982713737074
1994-09-28,14445.599020158643,14445.599020158643,18522.26137273419,17710.68455502288
1994-09-29,14358.203404577544,14358.203404577544,18408.875786266617,17677.218406330696
1994-09-30,14622.640612413059,14622.640612413059,18773.12059107888,17796.475677581453
1994-10-03,14494.630692897672,14494.630692897672,18604.329491967663,17745.83909063506
1994-10-04,13456.088617480033,13456.088617480033,17174.5774990681,17293.939289253878
1994-10-05,13861.198283406244,13861.198283406244,17744.197586995015,17487.756084073033
1994-10-06,13442.564466779919,13442.564466779919,17167.911110703,17301.09001652072
1994-10-07,13870.388819971278,13870.388819971278,17768.038074959397,17505.3090667317
1994-10-10,14416.020967299182,14416.020967299182,18516.694706223938,17753.827144604405
1994-10-11,15192.778552933865,15192.778552933865,19561.62634189691,18090.481279613425
1994-10-12,15135.726087911422,15135.726087911422,19489.612999724635,18071.02678274626
1994-10-13,15127.845698968486,15127.845698968486,19483.593482243912,18071.908052556362
1994-10-14,15003.15992751022,15003.15992751022,19321.16859076421,18024.43112076455
1994-10-17,14782.084952530979,14782.084952530979,19030.334770628393,17936.727596544097
1994-10-18,14896.87595578569,14896.87595578569,19188.47084989597,17989.131798797403
1994-10-19,15515.804115501842,15515.804115501842,20009.87762061493,18248.549867342732
1994-10-20,15424.275749279474,15424.275749279474,19892.167342322326,18215.535504106512
1994-10-21,15139.15504148406,15139.15504148406,19518.76564605217,18104.322774366225
1994-10-24,14939.913377020279,14939.913377020279,19258.351376631974,18026.555173776247
1994-10-25,14897.887653266303,14897.887653266303,19206.050196752836,18012.971518637925
1994-10-26,15477.497527285706,15477.497527285706,19972.25908176483,18255.24178417104
1994-10-27,15672.742229682015,15672.742229682015,20230.181005843555,18336.594244413165
1994-10-28,16378.86029949564,16378.86029949564,21153.08040996867,18618.21430209917
1994-10-31,16514.853151783354,16514.853151783354,21331.40744034094,18673.35815724833
1994-11-01,16150.639880365765,16150.639880365765,20859.08266890339,18538.62987593174
1994-11-02,16007.618182980685,16007.618182980685,20674.70606735924,18487.080559952585
1994-11-03,15912.872542943589,15912.872542943589,20553.660015838555,18454.0653008052
1994-11-04,15127.331355616281,15127.331355616281,19531.246155790486,18151.133098973376
1994-11-07,14977.711675109256,14977.711675109256,19337.572913825774,18094.145500682636
1994-11-08,15776.987650878438,15776.987650878438,20380.320402712194,18422.37699354694
1994-11-09,15870.936445672369,15870.936445672369,20503.697235509935,18462.60499328224
1994-11-10,15608.262372943456,15608.262372943456,20163.547538463536,18363.56878652569
1994-11-11,15447.213288430597,15447.213288430597,19955.37264412701,18303.415264771553
1994-11-14,16282.750194148104,16282.750194148104,21039.8435329256,18638.0140806088
1994-11-15,16229.301026958243,16229.301026958243,20971.158233173268,18620.821677498574
1994-11-16,16332.878923097587,16332.878923097587,21105.84636133065,18663.77223786015
1994-11-17,16119.370579546081,16119.370579546081,20829.918602150003,18585.531835975333
1994-11-18,16282.602324893114,16282.602324893114,21041.519935810116,18651.546104272238
1994-11-21,15902.763035177499,15902.763035177499,20550.437607790238,18509.536299723783
1994-11-22,14576.152138831265,14576.152138831265,18831.995271137257,17996.6771823042
1994-11-23,14486.025863316414,14486.025863316414,18716.078911909284,17962.735053041182
1994-11-25,14915.437048578144,14915.437048578144,19273.59286594206,18144.07000055476
1994-11-28,15203.750327434702,15203.750327434702,19647.330867703127,18264.355613282816
1994-11-29,15792.937271168921,15792.937271168921,20409.63932901353,18503.599288742807
1994-11-30,15290.67428888978,15290.67428888978,19760.372915051168,18310.455442938455
1994-12-01,14473.278878779505,14473.278878779505,18703.21000194599,17987.036543127007
1994-12-02,14944.420437072815,14944.420437072815,19313.0253173045,18185.58205973853
1994-12-05,15012.421522903418,15012.421522903418,19401.10976313712,18216.320563995883
1994-12-06,14700.54403894831,14700.54403894831,18998.040797355443,18093.265421948938
1994-12-07,14227.795855906892,14227.795855906892,18386.965776885834,17902.349873137748
1994-12-08,13203.284660990974,13203.284660990974,17061.730394036676,17475.290523010688
1994-12-09,13435.622648472245,13435.622648472245,17362.97889587501,17581.11101982728
1994-12-12,13455.424602826959,13455.424602826959,17388.87341881183,17592.83928937516
1994-12-13,13309.306980616513,13309.306980616513,17200.15088394819,17532.184210214804
1994-12-14,13727.817908072038,13727.817908072038,17741.19496346542,17718.993699444592
1994-12-15,13937.348128076861,13937.348128076861,18012.004445833398,17812.162323753688
1994-12-16,13751.751968614979,13751.751968614979,17772.150542177573,17736.125673858638
1994-12-19,13578.38966271475,13578.38966271475,17548.105558980707,17664.610067696955
1994-12-20,13592.256615491515,13592.256615491515,17566.026708104888,17673.62596086579
1994-12-21,14336.879159511192,14336.879159511192,18528.34370129619,17999.367205334707
1994-12-22,14546.835079679795,14546.835079679795,18799.681375815475,18090.29032055883
1994-12-23,14687.817464056603,14687.817464056603,18981.88072648998,18151.80659226418
1994-12-27,14919.3272081247,14919.3272081247,19382.39124996735,18282.557343293072
1994-12-28,14565.687526923117,14565.687526923117,18831.323092060662,18112.398774162975
1994-12-29,15108.330483316298,15108.330483316298,19676.98020231296,18386.601542293276
1994-12-30,14908.879656427429,14908.879656427429,19371.968394143798,18294.723538737224
1995-01-03,14324.92938448401,14324.92938448401,18462.007541645075,18011.41875904178
1995-01-04,14460.726272742135,14460.726272742135,18683.409449825947,18086.517780786373
1995-01-05,14306.827675936409,14306.827675936409,18446.49290029887,18013.18108388487
1995-01-06,14613.084352575195,14613.084352575195,18934.65000951681,18175.177704883114
1995-01-09,14780.536051691399,14780.536051691399,19200.635827906848,18263.411162969278
1995-01-10,15143.990814876071,15143.990814876071,19768.785790715778,18446.693222856808
1995-01-11,15090.640552964383,15090.640552964383,19691.600966181257,18425.860088456757
1995-01-12,15102.57121210226,15102.57121210226,19714.765988099443,18436.25633232991
1995-01-13,15394.423855032937,15394.423855032937,20164.839694798447,18579.72444842516
1995-01-16,15692.502041626087,15692.502041626087,20623.045985390832,18723.6510544494
1995-01-17,16006.332637555255,16006.332637555255,21098.478056469725,18870.754703758474
1995-01-18,16238.414399758385,16238.414399758385,21448.92338854936,18978.483133672027
1995-01-19,16079.889062260641,16079.889062260641,21219.90634696814,18914.202687230103
1995-01-20,15296.264252981477,15296.264252981477,20037.313453049977,18566.09256050491
1995-01-23,15457.151934019525,15457.151934019525,20286.361165322207,18646.208137811638
1995-01-24,15614.567367783276,15614.567367783276,20529.99788122122,18724.063189011456
1995-01-25,15337.309217891843,15337.309217891843,20114.33396397463,18600.918822427655
1995-01-26,14911.386484486438,14911.386484486438,19463.58077574404,18403.523150579033
1995-01-27,14968.781155728322,14968.781155728322,19558.34546413831,18436.55803113747
1995-01-30,14450.840637387115,14450.840637387115,18755.7253009881,18187.53573632759
1995-01-31,14768.873670860756,14768.873670860756,19254.431609063962,18351.86509601056
1995-02-01,14898.518271939409,14898.518271939409,19491.813136678098,18430.630639873918
1995-02-02,15275.92798758519,15275.92798758519,20070.07979784222,18616.253988252713
1995-02-03,15753.540590444454,15753.540590444454,20791.28662779247,18842.637874749766
1995-02-06,16210.065248603483,16210.065248603483,21499.34833830323,19059.97461928472
1995-02-07,16162.715491341318,16162.715491341318,21433.959434061624,19044.12806523774
1995-02-08,16683.672754302705,16683.672754302705,22201.982086358923,19275.065222331545
1995-02-09,16755.735526694407,16755.735526694407,22311.903997215024,19310.39138999598
1995-02-10,17214.43082733508,17214.43082733508,22982.527142313353,19507.382899969776
1995-02-13,16984.464607485934,16984.464607485934,22651.47899437562,19417.277528853774
1995-02-14,17087.04993667332,17087.04993667332,22805.529320485595,19464.837671481106
1995-02-15,17371.1695974039,17371.1695974039,23221.27629034441,19586.670149780373
1995-02-16,17179.97181167556,17179.97181167556,22947.67281965842,19513.316598718022
1995-02-17,16601.123069526107,16601.123069526107,22105.8988538384,19278.2780392986
1995-02-21,16502.02726426466,16502.02726426466,21964.50983858161,19240.693342459188
1995-02-22,16959.743904240022,16959.743904240022,22634.986583859245,19439.979986251623
1995-02-23,17148.29823250944,17148.29823250944,22912.15886288712,19522.87546718586
1995-02-24,16848.424830718577,16848.424830718577,22485.042296284868,19405.12481572214
1995-02-27,16442.29396353593,16442.29396353593,21896.49705136515,19239.354952282556
1995-02-28,17258.152139442343,17258.152139442343,23084.65107121765,19590.854823522437
1995-03-01,16947.624197318608,16947.624197318608,22641.218841499558,19469.019429279902
1995-03-02,17142.91558931315,17142.91558931315,22927.445992080156,19554.643174267487
1995-03-03,17687.802435864214,17687.802435864214,23713.110103597977,19781.60342726768
1995-03-06,17740.1695013643,17740.1695013643,23792.943573232686,19807.442306920777
1995-03-07,17149.51372276307,17149.51372276307,22945.677537922074,19575.972621498746
1995-03-08,17681.549529540956,17681.549529540956,23713.633790311007,19797.966981284968
1995-03-09,17672.43219647064,17672.43219647064,23703.86259459659,19798.890453666274
1995-03-10,18202.667769535637,18202.667769535637,24463.764442255255,20014.10524050545
1995-03-13,18082.72718606158,18082.72718606158,24295.842015213657,19971.994598736797
1995-03-14,18707.574262119324,18707.574262119324,25185.29549057655,20219.389506875046
1995-03-15,18375.014730135397,18375.014730135397,24716.071273771904,20097.541428037923
1995-03-16,18495.072168434668,18495.072168434668,24889.74161078278,20148.311836727233
1995-03-17,18396.446220773098,18396.446220773098,24753.52394254829,20115.26283161409
1995-03-20,18701.64755585843,18701.64755585843,25188.252945167067,20236.720744905255
1995-03-21,18752.04494180152,18752.04494180152,25264.133972956814,20260.765614022574
1995-03-22,18741.17132031663,18741.17132031663,25251.993153019812,20261.248013203858
1995-03-23,18933.711052105566,18933.711052105566,25526.19052901372,20338.31119061501
1995-03-24,19724.832956892613,19724.832956892613,26641.732760286515,20638.327401833303
1995-03-27,19925.049995071582,19925.049995071582,26925.515094137772,20715.403170741603
1995-03-28,20345.371461218245,20345.371461218245,27516.91801389161,20870.881864003662
1995-03-29,19218.44387156336,19218.44387156336,25949.614324808397,20478.468678475183
1995-03-30,18784.854184103893,18784.854184103893,25342.776054643546,20322.605224852767
1995-03-31,18621.20112297267,18621.20112297267,25115.26927100268,20265.531215872816
1995-04-03,18765.973282282295,18765.973282282295,25328.852940649485,20326.744440776984
1995-04-04,17947.357278850304,17947.357278850304,24193.234841056306,20026.739174046892
1995-04-05,18263.43853042884,18263.43853042884,24641.40387545843,20154.12325289432
1995-04-06,17696.051898684025,17696.051898684025,23841.407517730553,19939.76403004471
1995-04-07,18154.630064282966,18154.630064282966,24494.788392403927,20125.621490850175
1995-04-10,18775.536294670874,18775.536294670874,25368.310700684167,20368.5987720411
1995-04-11,19241.96058167267,19241.96058167267,26028.34999566685,20549.036036669084
1995-04-12,19679.036308090566,19679.036308090566,26644.405655594197,20714.977586818404
1995-04-13,19913.791217231807,19913.791217231807,26972.536943683972,20803.863784991267
1995-04-17,19665.898713476166,19665.898713476166,26629.711525747665,20719.589925188728
1995-04-18,19197.638819870044,19197.638819870044,25982.281010640516,20555.52670694755
1995-04-19,18404.0713311628,18404.0713311628,24874.617284486976,20267.242538758364
1995-04-20,18626.197969824683,18626.197969824683,25188.0240985332,20356.12792526016
1995-04-21,18889.057110047772,18889.057110047772,25567.894282783556,20462.243880907543
1995-04-24,19499.000871335495,19499.000871335495,26417.09578381264,20692.588229642923
1995-04-25,19824.21522258785,19824.21522258785,26871.347662846947,20815.03948354993
1995-04-26,20312.872074694504,20312.872074694504,27548.35837642757,20993.716198501614
1995-04-27,20600.436301776084,20600.436301776084,27947.27254358674,21098.951019174743
1995-04-28,21141.587435697358,21141.587435697358,28694.0183819083,21290.792180663866
1995-05-01,20662.751122376227,20662.751122376227,28036.688687357455,21132.14822077803
1995-05-02,20563.99202129249,20563.99202129249,27902.234020276348,21102.272269355744
1995-05-03,21803.018541527563,21803.018541527563,29606.49070408496,21535.811019811845
1995-05-04,21678.894091109687,21678.894091109687,29436.971941914697,21498.68784298477
1995-05-05,21152.7421312491,21152.7421312491,28714.92387657993,21326.882892197027
1995-05-08,22004.88569797101,22004.88569797101,29887.99894109094,21621.24234221345
1995-05-09,21886.73057856318,21886.73057856318,29726.877137425832,21586.38538430187
1995-05-10,21449.222159666642,21449.222159666642,29127.976542865694,21445.40897401673
1995-05-11,22339.78139058532,22339.78139058532,30350.161263989838,21749.315444564338
1995-05-12,22830.170507227616,22830.170507227616,31022.791219735365,21914.006220556523
1995-05-15,23261.58811651775,23261.58811651775,31614.536985041716,22057.38893894849
1995-05-16,23920.435613699436,23920.435613699436,32515.84221163073,22271.077741245885
1995-05-17,24438.436430779315,24438.436430779315,33225.22846663164,22437.153167125096
1995-05-18,23442.901552490606,23442.901552490606,31865.233738373976,22135.16234479754
1995-05-19,23696.294722021983,23696.294722021983,32212.232941654234,22219.600249817722
1995-05-22,24438.555191589552,24438.555191589552,33226.42659749636,22456.898923911485
1995-05-23,25611.085951891648,25611.085951891648,34827.10558690971,22821.66813960167
1995-05-24,25199.616052279707,25199.616052279707,34266.200317908486,22703.367778211283
1995-05-25,25361.775090848827,25361.775090848827,34487.90717066691,22756.527694756667
1995-05-26,24502.91756141179,24502.91756141179,33316.291234501245,22503.039510355833
1995-05-30,22431.06168738375,22431.06168738375,30483.432723914033,21869.392453949822
1995-05-31,23254.962704190395,23254.962704190395,31610.70542884476,22143.009265155008
1995-06-01,23650.02689103077,23650.02689103077,32151.1262207976,22273.281780513506
1995-06-02,23881.308468354604,23881.308468354604,32467.640526057265,22350.482092758954
1995-06-05,25051.854904923846,25051.854904923846,34065.318884612396,22721.21625254736
1995-06-06,24188.71033262026,24188.71033262026,32887.78504042235,22463.607882677745
1995-06-07,24472.16303384121,24472.16303384121,33276.449540685724,22556.24383128862
1995-06-08,25006.279356100295,25006.279356100295,34005.38398517789,22725.10729102942
1995-06-09,24926.62888611431,24926.62888611431,33897.33537211829,22705.231716705843
1995-06-12,25105.0468545036,25105.0468545036,34141.110002722904,22763.85003107254
1995-06-13,25636.225182402348,25636.225182402348,34865.73860039252,22929.101083616744
1995-06-14,25740.621063812046,25740.621063812046,35008.309925153284,22964.585579606908
1995-06-15,26626.785782668816,26626.785782668816,36215.81086906085,23232.85334526889
1995-06-16,27483.113123972842,27483.113123972842,37382.46370465117,23486.614034343038
1995-06-19,29532.66366193989,29532.66366193989,40172.62563892225,24075.281185496533
1995-06-20,31023.852905752177,31023.852905752177,42202.27595401988,24485.177206475415
1995-06-21,30313.973724911415,30313.973724911415,41236.28574523983,24302.87724877535
1995-06-22,32088.46031056424,32088.46031056424,43651.21235551766,24781.77935536108
1995-06-23,31826.195641230566,31826.195641230566,43294.41871701099,24718.832247456503
1995-06-26,30378.947734167137,30378.947734167137,41325.27591263512,24348.63452629538
1995-06-27,28895.49652641747,28895.49652641747,39306.457697128135,23956.635082148612
1995-06-28,29342.764409115785,29342.764409115785,39915.259350590386,24084.740493885733
1995-06-29,30250.546375487927,30250.546375487927,41150.67614041823,24337.66688870647
1995-06-30,30543.85360219597,30543.85360219597,41549.85726302891,24420.853414231988
1995-07-03,30689.485781377363,30689.485781377363,41748.08242151438,24464.098227712308
1995-07-05,31429.881080048403,31429.881080048403,42755.56761819306,24665.308561459264
1995-07-06,33233.30669897025,33233.30669897025,45209.251873163084,25141.598263606968
1995-07-07,35681.77254788652,35681.77254788652,48540.303450768384,25763.621656240593
1995-07-10,36796.5688535706,36796.5688535706,50056.91953573696,26036.59699454792
1995-07-11,34935.55065436054,34935.55065436054,47525.1194105099,25602.334695044887
1995-07-12,37842.15963143144,37842.15963143144,51479.35978507725,26317.022435541705
1995-07-13,38517.58576447665,38517.58576447665,52398.222706952554,26478.35296541178
1995-07-14,39807.02450502189,39807.02450502189,54152.37598865136,26778.608748512397
1995-07-17,41217.653709307124,41217.653709307124,56071.3837583956,27099.76327978067
1995-07-18,37376.34701079039,37376.34701079039,50845.6685186259,26262.779168157263
1995-07-19,31284.59729970027,31284.59729970027,42557.55110509344,24840.52964414645
1995-07-20,31820.357730007505,31820.357730007505,43286.61047272234,24986.863603755417
1995-07-21,31363.12767466513,31363.12767466513,42664.54198821961,24871.680368347534
1995-07-24,33900.37685348389,33900.37685348389,46116.64588542587,25546.982811127076
1995-07-25,35704.47821612102,35704.47821612102,48571.11685909838,26004.825356217716
1995-07-26,36460.05595241284,36460.05595241284,49599.06492341389,26192.97407395894
1995-07-27,37847.91773047861,37847.91773047861,51487.16095221362,26530.067491920636
1995-07-28,35873.17468436702,35873.17468436702,48800.684834819534,26073.432623684777
1995-07-31,34862.96781406755,34862.96781406755,47426.367790603515,25833.381720251626
1995-08-01,33069.201816408466,33069.201816408466,44985.979782881084,25394.87368587245
1995-08-02,31696.940937955933,31696.940937955933,43118.986228797025,25048.0750316902
1995-08-03,31940.83871196876,31940.83871196876,43450.88036610635,25116.79113433956
1995-08-04,33228.83661741339,33228.83661741339,45203.247089440396,25458.90501172008
1995-08-07,33759.36843541688,33759.36843541688,45925.04996930553,25598.93645435448
1995-08-08,34113.89249812229,34113.89249812229,46407.388344534105,25693.10355829601
1995-08-09,35867.3337710605,35867.3337710605,48792.837209754376,26137.896465152986
1995-08-10,34777.584021345305,34777.584021345305,47310.32615409771,25877.817006236848
1995-08-11,35840.06385136569,35840.06385136569,48755.759359649885,26145.955253093853
1995-08-14,37521.33523210321,37521.33523210321,51042.97350581023,26559.45011539413
1995-08-15,37373.11270210137,37373.11270210137,50841.34048043782,26529.1960362537
1995-08-16,39732.406136879625,39732.406136879625,54050.90165859839,27092.162386852335
1995-08-17,39684.09650619875,39684.09650619875,53985.18587212661,27085.995520320026
1995-08-18,39514.03823504684,39514.03823504684,53753.84510588071,27052.117012994844
1995-08-21,36185.53443785211,36185.53443785211,49225.779569194434,26297.325822091767
1995-08-22,38111.56253645264,38111.56253645264,51845.938413050375,26768.576598499258
1995-08-23,38495.61907690648,38495.61907690648,52368.408074672094,26863.250686533214
1995-08-24,36884.184393929485,36884.184393929485,50176.2358783288,26493.185692826108
1995-08-25,36286.53916661854,36286.53916661854,49363.21444618109,26354.799596905028
1995-08-28,33633.27489944661,33633.27489944661,45753.71035080456,25717.11537310847
1995-08-29,33754.99736950412,33754.99736950412,45919.31623691095,25752.711664801132
1995-08-30,34813.103126729235,34813.103126729235,47358.77582523305,26026.381609114247
1995-08-31,35515.36647561367,35515.36647561367,48314.139597463734,26206.014262576773
1995-09-01,34841.17670729848,34841.17670729848,47396.98408803286,26044.886834961926
1995-09-05,38863.896041884036,38863.896041884036,52869.42254410226,27051.9326373435
1995-09-06,38602.94216801734,38602.94216801734,52514.428631893315,26996.23412630726
1995-09-07,39563.46557170014,39563.46557170014,53821.105429830415,27224.981693655256
1995-09-08,40561.27561061039,40561.27561061039,55178.504481093034,27458.737838219564
1995-09-11,41645.882791902564,41645.882791902564,56653.97843950253,27708.408352241626
1995-09-12,40856.03960487431,40856.03960487431,55579.49591730876,27538.204794586454
1995-09-13,41182.85966025835,41182.85966025835,56024.09438525145,27616.56956371351
1995-09-14,40435.82116351101,40435.82116351101,55007.842643670105,27454.535330448944
1995-09-15,37382.88182310711,37382.88182310711,50854.697770960454,26768.5081682573
1995-09-18,37769.100920126184,37769.100920126184,51380.10228941481,26865.49210486866
1995-09-19,39647.19725780591,39647.19725780591,53935.01945397482,27315.610060763636
1995-09-20,40058.14904717025,40058.14904717025,54494.06837913186,27414.88344844805
1995-09-21,38377.875946296364,38377.875946296364,52208.26723089146,27036.48337574063
1995-09-22,37932.24195901507,37932.24195901507,51602.03839185294,26936.68232621375
1995-09-25,37010.15328614459,37010.15328614459,50347.6522798529,26723.243690488223
1995-09-26,35640.738309549866,35640.738309549866,48484.73401947676,26398.43694705049
1995-09-27,34786.43761999536,34786.43761999536,47322.56457393463,26192.2466492718
1995-09-28,38251.15804112745,38251.15804112745,52035.88478979963,27066.52241658758
1995-09-29,36236.74257733178,36236.74257733178,49295.52467636292,26596.239854702395
1995-10-02,34137.09668118616,34137.09668118616,46439.2174910443,26087.29419570435
1995-10-03,33994.57812642067,33994.57812642067,46245.34062429559,26055.63875695328
1995-10-04,31457.54222534993,31457.54222534993,42794.01473984828,25412.096987496927
1995-10-05,33766.02937951033,33766.02937951033,45934.42926326688,26038.242223871748
1995-10-06,32807.71226135805,32807.71226135805,44630.75850672569,25796.550045760265
1995-10-09,29238.39637372174,29238.39637372174,39775.13286329971,24865.630157411517
1995-10-10,29839.09618922101,29839.09618922101,40592.3197964173,25040.350128003938
1995-10-11,32030.858646456545,32030.858646456545,43573.946919788796,25657.907850189666
1995-10-12,33509.347656555976,33509.347656555976,45585.247987943316,26057.254917994927
1995-10-13,32950.05986376752,32950.05986376752,44824.40728828601,25916.928098808115
1995-10-16,32667.735589344207,32667.735589344207,44440.3408854958,25847.524993422274
1995-10-17,36267.85476862569,36267.85476862569,49337.851460883205,26801.631986009663
1995-10-18,37827.46354552704,37827.46354552704,51459.50313811958,27190.586546315633
1995-10-19,38434.32746890079,38434.32746890079,52285.06518466832,27340.836925083033
1995-10-20,36617.73535637532,36617.73535637532,49813.820193389794,26914.954983689382
1995-10-23,36858.76519255102,36858.76519255102,50141.71099624082,26978.80488093151
1995-10-24,37020.61782737037,37020.61782737037,50361.89116309001,27023.10121555066
1995-10-25,35153.16613419706,35153.16613419706,47821.45812369445,26573.53557704726
1995-10-26,34801.18690732151,34801.18690732151,47342.6347002869,26489.57908001719
1995-10-27,36767.50669895138,36767.50669895138,50017.56536010765,26993.199314187746
1995-10-30,39272.3392121208,39272.3392121208,53425.07475637526,27610.99067381225
1995-10-31,37639.53979922815,37639.53979922815,51203.85665389789,27233.255772913108
1995-11-01,38023.65684967724,38023.65684967724,51726.39955974806,27330.776662383207
1995-11-02,40621.795807066934,40621.795807066934,55260.84061708834,27958.175027827318
1995-11-03,41994.609300373,41994.609300373,57128.38059551087,28278.134869664464
1995-11-06,40761.19958673341,40761.19958673341,55450.48191457113,28006.35400522346
1995-11-07,36871.430764147655,36871.430764147655,50158.94098921935,27120.508135534983
1995-11-08,37316.18884183256,37316.18884183256,50763.97837806033,27234.41519164243
1995-11-09,40707.43973866085,40707.43973866085,55377.34840746354,28064.30692174236
1995-11-10,40027.3166643638,40027.3166643638,54452.12656381955,27913.041353509394
1995-11-13,38973.41757355111,38973.41757355111,53018.42949240385,27673.06551205767
1995-11-14,35757.003245300664,35757.003245300664,48642.9026102165,26916.754033668374
1995-11-15,36066.66687692701,36066.66687692701,49064.16100745952,26999.280098878477
1995-11-16,35725.33607002606,35725.33607002606,48599.82340389878,26918.946556784
1995-11-17,35185.20330528059,35185.20330528059,47865.04075749899,26788.108443581634
1995-11-20,32096.117511461845,32096.117511461845,43662.72832110287,26008.95553706732
1995-11-21,32510.65532375705,32510.65532375705,44226.65484189356,26125.59019335149
1995-11-22,31615.6684794238,31615.6684794238,43009.13788143492,25890.53536040306
1995-11-24,33147.71290212399,33147.71290212399,45093.29149848194,26313.380354957844
1995-11-27,32373.94401795697,32373.94401795697,44040.67631657742,26113.351681279724
1995-11-28,36435.56427907016,36435.56427907016,49565.99949441878,27210.088450530664
1995-11-29,36707.38223469366,36707.38223469366,49935.77361258023,27282.629963237676
1995-11-30,35613.9785051811,35613.9785051811,48448.3354521852,27016.630440990528
1995-12-01,34392.258997256606,34392.258997256606,46786.339824828,26712.399151020236
1995-12-04,36306.65019734364,36306.65019734364,49390.62811109837,27212.680166133458
1995-12-05,35057.203829375976,35057.203829375976,47690.91358029958,26905.250534878447
1995-12-06,34819.056517110424,34819.056517110424,47366.94413470677,26849.00707356857
1995-12-07,34298.78008267042,34298.78008267042,46659.17352660273,26719.948689620713
1995-12-08,36430.18222037511,36430.18222037511,49558.67788093929,27278.075330267136
1995-12-11,35817.52102160294,35817.52102160294,48725.22942832303,27129.904630103403
1995-12-12,33805.950683644674,33805.950683644674,45988.7411557508,26626.737105618886
1995-12-13,34224.10459838329,34224.10459838329,46557.586928737204,26741.15277468872
1995-12-14,30495.263425348243,30495.263425348243,41484.967817316116,25774.622096856034
1995-12-15,29995.26249817219,29995.26249817219,40804.77948500989,25638.238314016
1995-12-18,27547.10576008393,27547.10576008393,37474.37036295203,24945.18299402953
1995-12-19,31601.626299342017,31601.626299342017,42990.03526276584,26173.37419000405
1995-12-20,29961.726166923876,29961.726166923876,40759.15752716215,25725.18937662066
1995-12-21,32430.94628267959,32430.94628267959,44118.22072354198,26436.35626843866
1995-12-22,33156.804873746856,33156.804873746856,45105.6599815783,26638.184550021335
1995-12-26,33075.75733568147,33075.75733568147,45064.54084561581,26634.723426717745
1995-12-27,32369.647756690854,32369.647756690854,43953.61143576448,26420.490243067452
1995-12-28,31160.369249564206,31160.369249564206,42023.05779189655,26038.26764689961
1995-12-29,31726.442639470377,31726.442639470377,42945.298159597856,26233.275880866782
1996-01-02,33070.368138910555,33070.368138910555,45097.09914609872,26675.956074801383
1996-01-03,31092.82104217687,31092.82104217687,41925.19247949163,26055.149686469147
1996-01-04,29889.983665332864,29889.983665332864,39970.216959660815,25654.66953180818
1996-01-05,30086.67848872015,30086.67848872015,40305.60288303972,25730.860022509885
1996-01-08,29809.422187574844,29809.422187574844,39861.80094395623,25640.86828287216
1996-01-09,26228.697136896837,26228.697136896837,33743.12428662079,24333.366948027284
1996-01-10,26307.353245555485,26307.353245555485,33892.827337352,24373.55918600477
1996-01-11,28530.78405581068,28530.78405581068,37659.58630895979,25280.71055704774
1996-01-12,28211.00720752062,28211.00720752062,37136.051021086845,25167.932217522564
1996-01-15,26066.01422911189,26066.01422911189,33436.80820596592,24336.59681396576
1996-01-16,27315.697018159794,27315.697018159794,35600.96266372017,24865.855867603834
1996-01-17,27236.915857689033,27236.915857689033,35479.42585963353,24841.85855898507
1996-01-18,28238.28690865015,28238.28690865015,37182.538981803475,25243.646543948198
1996-01-19,29464.16084732408,29464.16084732408,39242.638744140815,25714.219104621825
1996-01-22,30289.18544674428,30289.18544674428,40603.276049120104,26015.856084401104
1996-01-23,29763.357532742677,29763.357532742677,39753.50020002981,25838.860675617045
1996-01-24,31671.38691611212,31671.38691611212,42844.67993396947,26513.059697580116
1996-01-25,30304.34624944865,30304.34624944865,40644.05577559301,26063.714747832175
1996-01-26,30915.974242345546,30915.974242345546,41646.48555451572,26282.49597164946
1996-01-29,30781.901048427182,30781.901048427182,41450.31717588363,26245.773439927812
1996-01-30,31804.994482942147,31804.994482942147,43106.39680658059,26599.846554597487
1996-01-31,32877.3412830916,32877.3412830916,44821.00364542926,26957.125129217482
1996-02-01,34342.70847458843,34342.70847458843,47087.82518477359,27415.995159289112
1996-02-02,34251.89962657494,34251.89962657494,46960.06821899222,27395.69364435702
1996-02-05,36352.247021354146,36352.247021354146,50231.486767282484,28036.346541680115
1996-02-06,36924.33385715163,36924.33385715163,51123.657869720344,28206.927702668607
1996-02-07,36239.512331384925,36239.512331384925,50079.20403017224,28019.46178513146
1996-02-08,37606.85865866173,37606.85865866173,52190.552558003525,28417.822431710763
1996-02-09,37455.521034803554,37455.521034803554,51970.33832389746,28382.51081994301
1996-02-12,37806.48317834508,37806.48317834508,52519.07056600805,28487.055268418295
1996-02-13,36680.555467155835,36680.555467155835,50796.17129024166,28180.216012057976
1996-02-14,36508.03385306501,36508.03385306501,50540.78714678989,28137.6079089307
1996-02-15,36908.20570944362,36908.20570944362,51167.67373524287,28258.55502038589
1996-02-16,36692.53457424872,36692.53457424872,50851.65300597533,28205.00964902902
1996-02-20,36318.87428462884,36318.87428462884,50285.6649045217,28104.98984934191
1996-02-21,37965.27278292431,37965.27278292431,52820.273420029145,28581.799084938222
1996-02-22,40635.34117759178,40635.34117759178,56872.75432516442,29317.4349552795
1996-02-23,40468.657628438275,40468.657628438275,56631.42239150881,29280.77155117126
1996-02-26,39629.95933547774,39629.95933547774,55372.91159134724,29068.669751658836
1996-02-27,38436.22144572999,38436.22144572999,53573.66514443463,28758.588496398268
1996-02-28,38470.88131153208,38470.88131153208,53637.745423134715,28774.76790508312
1996-02-29,37017.000981365,37017.000981365,51421.07613801718,28383.095345350725
1996-03-01,34108.27235577746,34108.27235577746,46923.50032301644,27560.299677718856
1996-03-04,33604.38001019286,33604.38001019286,46144.61087157189,27412.389758784702
1996-03-05,35714.590899180585,35714.590899180585,49434.414379983384,28068.387902031223
1996-03-06,34446.75045441963,34446.75045441963,47477.268986418094,27702.63868024726
1996-03-07,34684.15513574112,34684.15513574112,47857.66383807829,27781.230663427625
1996-03-08,32000.59864061356,32000.59864061356,43635.19691086443,26968.806705162224
1996-03-11,33920.55880550209,33920.55880550209,46662.91280569984,27597.052434941346
1996-03-12,32948.04560550547,32948.04560550547,45149.40814515152,27303.272224024215
1996-03-13,35213.62240512505,35213.62240512505,48686.918023408194,28020.893229137953
1996-03-14,34552.393322334196,34552.393322334196,47670.59179495853,27830.576072741154
1996-03-15,36224.5468447761,36224.5468447761,50261.89411982742,28339.47967102711
1996-03-18,38037.56698911193,38037.56698911193,53041.675354416,28866.638846869166
1996-03-19,37379.16284270473,37379.16284270473,52046.55733586858,28690.915590259683
1996-03-20,35084.938255095374,35084.938255095374,48518.92861056143,28047.478578367347
1996-03-21,34493.02725042215,34493.02725042215,47611.02624388418,27877.197438442494
1996-03-22,34675.00077384356,34675.00077384356,47910.67397468143,27940.31579974305
1996-03-25,32406.26287785341,32406.26287785341,44358.34190315688,27254.41746948912
1996-03-26,32987.843201049014,32987.843201049014,45287.66424790488,27449.27882799324
1996-03-27,33822.25972033163,33822.25972033163,46617.727877901874,27722.564169743466
1996-03-28,33803.352291120456,33803.352291120456,46602.40882087655,27724.13695773318
1996-03-29,34020.27542838906,34020.27542838906,46952.65296965447,27798.200972052786
1996-04-01,34496.69839684055,34496.69839684055,47695.32477135206,27949.322450354477
1996-04-02,34896.259181415895,34896.259181415895,48333.53600295285,28078.56634606854
1996-04-03,35296.20391421181,35296.20391421181,48963.10521027658,28205.08070857991
1996-04-04,35185.13999403062,35185.13999403062,48807.17171634764,28179.76150138536
1996-04-08,34034.833691234555,34034.833691234555,47035.75955952687,27843.460198436136
1996-04-09,34079.229687446394,34079.229687446394,47119.98770687693,27864.64343287611
1996-04-10,33768.00450449651,33768.00450449651,46649.07874711761,27776.385338692915
1996-04-11,33006.28098664138,33006.28098664138,45471.50518159758,27547.215656997287
1996-04-12,33127.50166090274,33127.50166090274,45673.70107110858,27592.56128597009
1996-04-15,33984.09723814887,33984.09723814887,47020.08245614219,27868.210328877296
1996-04-16,36193.90238894009,36193.90238894009,50430.56624930759,28546.56120743577
1996-04-17,35345.57625551974,35345.57625551974,49145.27041278517,28308.722887364598
1996-04-18,37306.65684405595,37306.65684405595,52148.34042035444,28889.973142585262
1996-04-19,37215.276761753994,37215.276761753994,52020.22746126452,28871.049864952907
1996-04-22,39032.22591489453,39032.22591489453,54779.301347238994,29386.207059902317
1996-04-23,40744.165473650886,40744.165473650886,57357.98005348484,29852.131523054923
1996-04-24,42399.44924762303,42399.44924762303,59836.81313452102,30287.06264193824
1996-04-25,42861.849234857866,42861.849234857866,60533.478540966666,30409.56798028054
1996-04-26,42832.72120174789,42832.72120174789,60499.87685634655,30408.925062099515
1996-04-29,42872.937670171515,42872.937670171515,60569.73554125463,30425.61305468895
1996-04-30,42800.466537115724,42800.466537115724,60470.721059153075,30414.020367937923
1996-05-01,43989.61833995715,43989.61833995715,62249.186940072126,30717.183443760023
1996-05-02,40869.57326130133,40869.57326130133,57610.8149003756,29959.29100556667
1996-05-03,41611.86875915122,41611.86875915122,58728.68345393126,30157.99151828233
1996-05-06,41920.220079661165,41920.220079661165,59199.626949597616,30243.56203493124
1996-05-07,41517.84105628597,41517.84105628597,58609.390172086154,30148.022373497195
1996-05-08,41979.08386793112,41979.08386793112,59305.738336656636,30272.37718327944
1996-05-09,41775.81960292905,41775.81960292905,59015.25189955662,30227.92862626894
1996-05-10,43555.90928941134,43555.90928941134,61662.585279357634,30684.891428008472
1996-05-13,46517.90231679518,46517.90231679518,66032.01873940945,31414.717471612534
1996-05-14,47848.6784866372,47848.6784866372,67992.25281487462,31730.742917277435
1996-05-15,46770.70987513794,46770.70987513794,66417.82110781973,31491.040512192772
1996-05-16,47746.80381203306,47746.80381203306,67859.32669604039,31724.041151066664
1996-05-17,46836.16802172086,46836.16802172086,66530.61312242527,31522.200555625008
1996-05-20,47296.104111950066,47296.104111950066,67213.3091046528,31635.203811106156
1996-05-21,46197.70605494801,46197.70605494801,65611.43010552535,31389.08708191589
1996-05-22,46284.64873936007,46284.64873936007,65746.8637486776,31415.845562462415
1996-05-23,46976.02541096018,46976.02541096018,66767.75854453495,31583.615724823565
1996-05-24,46323.03763061232,46323.03763061232,65819.22958768641,31439.24556321822
1996-05-28,45540.81062591575,45540.81062591575,64690.84147315121,31264.75260025173
1996-05-29,43979.89383586822,43979.89383586822,62402.915724946986,30901.312153132334
1996-05-30,45263.81745880916,45263.81745880916,64298.185879492696,31219.232618701426
1996-05-31,46847.30843176446,46847.30843176446,66625.71602890993,31601.067308569618
1996-06-03,46201.92640916812,46201.92640916812,65691.00262459996,31458.50769113846
1996-06-04,46829.208877607,46829.208877607,66618.12939401083,31611.701042031385
1996-06-05,48140.743358064894,48140.743358064894,68540.52632036991,31920.996230407996
1996-06-06,45637.33252264345,45637.33252264345,64883.2771970051,31358.51321961771
1996-06-07,46474.974012624756,46474.974012624756,66116.5706295604,31562.380278008244
1996-06-10,45937.83846357486,45937.83846357486,65336.961271832464,31443.539480854215
1996-06-11,46322.27759502465,46322.27759502465,65906.7974041491,31540.14590130695
1996-06-12,47517.1304798594,47517.1304798594,67658.75515085383,31824.827130101836
1996-06-13,46432.28650148589,46432.28650148589,66081.1657142804,31582.73332711295
1996-06-14,44313.874963085655,44313.874963085655,62984.22737386657,31094.56913894087
1996-06-17,43777.378855231866,43777.378855231866,62211.273878225154,30972.506986597957
1996-06-18,41443.03677712421,41443.03677712421,58781.989389137605,30408.522773427987
1996-06-19,41715.87284312067,41715.87284312067,59193.89124506788,30484.57362604354
1996-06-20,41100.88843786877,41100.88843786877,58299.12777998299,30336.01038359584
1996-06-21,42522.23173913324,42522.23173913324,60401.2293683069,30705.632478171938
1996-06-24,43348.37090088116,43348.37090088116,61625.77654634743,30918.209436455203
1996-06-25,41628.809556532666,41628.809556532666,59107.00936232956,30502.08805923626
1996-06-26,40105.942547171886,40105.942547171886,56865.562067402614,30121.562130408536
1996-06-27,42093.92398024341,42093.92398024341,59805.015810394776,30645.545939614927
1996-06-28,43191.201390687325,43191.201390687325,61423.683885935505,30927.090582283392
1996-07-01,44983.21223982615,44983.21223982615,64055.09483117698,31373.948725843216
1996-07-02,43640.26862053126,43640.26862053126,62097.40685412006,31059.617188423534
1996-07-03,42432.13100969035,42432.13100969035,60336.70807085876,30771.302471355808
1996-07-05,39460.46076729235,39460.46076729235,55969.50482237709,30034.077624275244
1996-07-08,39147.35354203428,39147.35354203428,55516.27542590018,29958.072992930473
1996-07-09,39940.32445019521,39940.32445019521,56700.649293898205,30176.16542673277
1996-07-10,39334.31697133939,39334.31697133939,55823.90632398213,30025.720046437626
1996-07-11,35607.84074844727,35607.84074844727,50279.67198731553,29036.767550525998
1996-07-12,35470.968578728796,35470.968578728796,50086.99651174853,29004.574267119
1996-07-15,31077.127410367284,31077.127410367284,43399.95754749164,27718.680333337066
1996-07-16,32070.156397929342,32070.156397929342,44960.08246234059,28055.495249755175
1996-07-17,34485.5858800566,34485.5858800566,48684.47227829764,28834.911062782514
1996-07-18,36391.334424117646,36391.334424117646,51541.35493617318,29403.800318492802
1996-07-19,34652.548645054834,34652.548645054834,48951.258279776484,28916.21833553126
1996-07-22,33235.05840575683,33235.05840575683,46837.55436771901,28504.89655820462
1996-07-23,29449.391767221623,29449.391767221623,41032.59183775825,27332.088670584013
1996-07-24,30317.64294384878,30317.64294384878,42395.2168376609,27639.249510958623
1996-07-25,32405.042171943453,32405.042171943453,45601.37379236586,28340.65436680433
1996-07-26,34283.64846530164,34283.64846530164,48448.229126682556,28935.19509646328
1996-07-29,32303.82710801506,32303.82710801506,45471.58865470425,28347.485972387414
1996-07-30,33709.13409982165,33709.13409982165,47608.48920531449,28796.32252766041
1996-07-31,34546.4830100444,34546.4830100444,48877.11118497483,29056.957297016375
1996-08-01,36866.5508807491,36866.5508807491,52328.635265905206,29745.68500806778
1996-08-02,39592.92503010482,39592.92503010482,56350.22945856601,30512.571549665172
1996-08-05,38396.32968282301,38396.32968282301,54600.19699511801,30201.70251795969
1996-08-06,40178.42408073648,40178.42408073648,57221.27093573065,30689.928247672826
1996-08-07,42025.73242827771,42025.73242827771,59926.710088218286,31178.6343770556
1996-08-08,41127.20038977044,41127.20038977044,58623.731199135524,30957.773172268888
1996-08-09,41245.76089397239,41245.76089397239,58804.15840804767,30994.606554284524
1996-08-12,41415.73489588047,41415.73489588047,59060.333701539115,31044.69467795602
1996-08-13,39556.75744607328,39556.75744607328,56351.931404172086,30575.23098769119
1996-08-14,40930.212542363384,40930.212542363384,58367.23021961074,30944.726488456938
1996-08-15,40894.71870562751,40894.71870562751,58322.027158381614,30941.80950522739
1996-08-16,40021.22183923201,40021.22183923201,57054.57189640435,30722.7378848064
1996-08-19,39641.406217477735,39641.406217477735,56513.746248171694,30630.698427074418
1996-08-20,38341.921074191436,38341.921074191436,54623.208254046825,30294.158495615953
1996-08-21,39090.633946157766,39090.633946157766,55725.06650782546,30502.8210893848
1996-08-22,41514.35540541854,41514.35540541854,59260.971656102476,31152.982139224954
1996-08-23,40764.56996007668,40764.56996007668,58177.1383201885,30968.167151806352
1996-08-26,39917.4879938839,39917.4879938839,56954.9166568508,30756.37629017611
1996-08-27,40967.512698353996,40967.512698353996,58487.484703425245,31037.285636541685
1996-08-28,41056.605524221704,41056.605524221704,58623.10906312751,31066.362688734604
1996-08-29,39510.25777223853,39510.25777223853,56380.92450068409,30675.384379612377
1996-08-30,38187.4384178839,38187.4384178839,54459.39207405407,30331.926578424584
1996-09-03,39126.5485354004,39126.5485354004,55844.47958843361,30594.109848098018
1996-09-04,39090.47982530106,39090.47982530106,55798.13723241576,30590.725825371665
1996-09-05,36177.51759329932,36177.51759329932,51551.951856602995,29819.82896396952
1996-09-06,38089.720556021704,38089.720556021704,54351.27360307933,30364.52790497356
1996-09-09,39379.39533374786,39379.39533374786,56233.02811643233,30719.99635103554
1996-09-10,39301.716935112076,39301.716935112076,56126.2050846755,30705.643626583074
1996-09-11,39881.06060871358,39881.06060871358,56972.16311126134,30865.010431242583
1996-09-12,41702.923374259066,41702.923374259066,59613.690255609705,31347.155234294205
1996-09-13,45699.669899499706,45699.669899499706,65381.38028827145,32363.316265103258
1996-09-16,45940.121836705766,45940.121836705766,65730.3339444547,32426.265269323343
1996-09-17,48486.99571154742,48486.99571154742,69394.66384952993,33034.21389830307
1996-09-18,49494.181032711276,49494.181032711276,70843.24075006481,33269.55499965962
1996-09-19,51329.6959302312,51329.6959302312,73479.75629860368,33687.79995486386
1996-09-20,52695.95098431125,52695.95098431125,75441.0808249025,33993.12433214049
1996-09-23,50548.3633258075,50548.3633258075,72361.49887144408,33536.22268857002
1996-09-24,51185.92439159696,51185.92439159696,73277.81280295712,33683.3463168574
1996-09-25,53052.83640541612,53052.83640541612,75956.38822577467,34099.354945626765
1996-09-26,52798.762673864585,52798.762673864585,75593.9528148659,34050.77917263252
1996-09-27,52800.92606970524,52800.92606970524,75598.25166198098,34057.077244234584
1996-09-30,51256.67615819142,51256.67615819142,73385.55526909613,33730.4570246869
1996-10-01,50595.29456855679,50595.29456855679,72438.23541295098,33590.86294940445
1996-10-02,53266.70719824386,53266.70719824386,76268.74687728794,34188.47736962964
1996-10-03,52331.629924783556,52331.629924783556,74929.6479323607,33994.008949323084
1996-10-04,55652.502876600454,55652.502876600454,79688.49523809356,34719.26123037655
1996-10-07,56881.578050037184,56881.578050037184,81449.9541073576,34980.784757555986
1996-10-08,54274.70625140939,54274.70625140939,77715.93436491817,34451.9791806372
1996-10-09,54409.15798412642,54409.15798412642,77909.10017286791,34486.187592133865
1996-10-10,53838.43380050008,53838.43380050008,77091.95735122247,34371.289281960075
1996-10-11,56866.742897916134,56866.742897916134,81429.87369677243,35021.62420857643
1996-10-14,58257.25850524282,58257.25850524282,83421.58518943348,35312.91630666683
1996-10-15,58931.96268682601,58931.96268682601,84388.12491708534,35455.10330097774
1996-10-16,57210.14454116854,57210.14454116854,81922.39997317291,35115.61350547665
1996-10-17,54539.11039920862,54539.11039920862,78097.14661489423,34574.828780953896
1996-10-18,54738.90215463946,54738.90215463946,78383.5034018236,34622.77171483855
1996-10-21,52426.98755150497,52426.98755150497,75072.51031402298,34140.96481421435
1996-10-22,50373.571147382616,50373.571147382616,72131.612758605,33700.7644178101
1996-10-23,53030.80091238003,53030.80091238003,75937.68125576098,34299.05255255574
1996-10-24,52734.60810396943,52734.60810396943,75513.64171623038,34240.849432919866
1996-10-25,51685.05201763267,51685.05201763267,74010.68859028092,34019.31326269064
1996-10-28,51264.88354689174,51264.88354689174,73409.13037021631,33932.737091012124
1996-10-29,49080.5965167485,49080.5965167485,70281.01493253949,33456.334786882304
1996-10-30,50096.65917946583,50096.65917946583,71736.35094177429,33692.76667456188
1996-10-31,53265.253767726215,53265.253767726215,76274.12621704895,34408.73282228252
1996-11-01,53990.41715650925,53990.41715650925,77312.63178325897,34570.61726905571
1996-11-04,54121.66330791223,54121.66330791223,77500.6173382646,34604.384789125485
1996-11-05,57035.60422653994,57035.60422653994,81673.3897054362,35231.192521055986
1996-11-06,60787.1187013686,60787.1187013686,87045.48666578559,36009.498579945364
1996-11-07,62735.60446797878,62735.60446797878,89835.67322864001,36400.23957311425
1996-11-08,63475.41516436077,63475.41516436077,90895.06415538015,36549.37561673507
1996-11-11,64893.18438887208,64893.18438887208,92925.27257403659,36827.57177897846
1996-11-12,62293.83199116418,62293.83199116418,89203.07051375469,36341.975027272354
1996-11-13,63352.12424869414,63352.12424869414,90718.5169491315,36553.818875094825
1996-11-14,65954.47195742138,65954.47195742138,94445.00847101443,37060.41005823214
1996-11-15,63407.0236274571,63407.0236274571,90797.1317592093,36589.42738291403
1996-11-18,61916.570007467315,61916.570007467315,88662.84279823964,36308.819185426604
1996-11-19,64814.667027495336,64814.667027495336,92812.83896783202,36881.35233410236
1996-11-20,65416.78598454617,65416.78598454617,93675.05694342978,37001.692083616836
1996-11-21,63466.103382110865,63466.103382110865,90881.73255355707,36640.05619452934
1996-11-22,67696.64594884941,67696.64594884941,96939.75436657274,37460.269619480656
1996-11-25,68379.94304175039,68379.94304175039,97918.21720559045,37592.5333936799
1996-11-26,69417.33885223586,69417.33885223586,99403.73976947465,37788.890016671074
1996-11-27,71118.244747596,71118.244747596,101839.39071478002,38103.81529865771
1996-11-29,71508.22198407551,71508.22198407551,102397.8275026505,38179.79829868246
1996-12-02,74209.45716454076,74209.45716454076,106265.92275629824,38666.87569290912
1996-12-03,72406.58695964742,72406.58695964742,103684.26169512059,38360.15555474472
1996-12-04,71530.64766574408,71530.64766574408,102429.94046839673,38211.8259606683
1996-12-05,71795.85066922255,71795.85066922255,102809.70395083126,38265.3832221204
1996-12-06,69551.62678244917,69551.62678244917,99596.03643038409,37873.02038692806
1996-12-09,76945.41301571956,76945.41301571956,110183.73706534744,39221.34621732398
1996-12-10,74843.14534389765,74843.14534389765,107173.34698081201,38870.650848809404
1996-12-11,76773.68400511784,76773.68400511784,109937.82579644873,39211.30914008634
1996-12-12,73241.9878368646,73241.9878368646,104880.53301256291,38616.54981206205
1996-12-13,69323.64955846261,69323.64955846261,99269.57925093544,37934.30733596464
1996-12-16,63352.109261343736,63352.109261343736,90718.49608450348,36851.373979807635
1996-12-17,65925.23665985321,65925.23665985321,94403.14448134927,37356.40373746215
1996-12-18,70927.68388390841,70927.68388390841,101566.51274484758,38307.47079296242
1996-12-19,72726.33873210485,72726.33873210485,104142.13752997288,38637.632900416844
1996-12-20,70192.23585612132,70154.84366864018,100513.37118717779,38195.26884071094
1996-12-23,68055.10745522736,68016.51891685888,97122.7350481349,37772.11666366904
1996-12-24,70260.64983066171,70224.76337940543,100829.52306411685,38258.914132156264
1996-12-26,71865.52048858868,71831.63148653648,103531.20384568928,38606.965206333094
1996-12-27,70157.21562661156,70121.63170056778,100716.41328158259,38263.48386136868
1996-12-30,68168.17107149516,68130.54594380189,97429.46189142272,37853.573725575196
1996-12-31,67017.11606078982,66978.6379298193,95573.7495730497,37619.51871571788
1997-01-02,65785.188151422,65745.33759711482,93522.64773025655,37356.597335846054
1997-01-03,72515.66726899927,72483.02278291725,104687.26775832823,38849.27771201038
1997-01-06,73619.75911367328,73588.33427081829,106524.06216988209,39082.885999671285
1997-01-07,76022.33142284163,75994.90530111046,110711.28661924214,39601.409436120455
1997-01-08,73291.83546440418,73262.05157468672,106261.92882266444,39077.419573810206
1997-01-09,74070.08288827194,74041.88526309136,107659.43388395765,39255.16399691201
1997-01-10,76029.64525262051,76003.23844545492,110866.5217826043,39651.421885570366
1997-01-13,75640.04789873629,75614.20157371683,110358.56217296021,39597.39451512792
1997-01-14,79627.7075203079,79605.06988367712,116823.27939833059,40377.110191323096
1997-01-15,75390.56092354236,75364.68469777123,109978.2702303016,39595.15624362501
1997-01-16,77546.94237592343,77522.96461698874,113497.2613236267,40023.98757846327
1997-01-17,79873.52566134292,79851.44548912416,117272.67989091823,40474.370172657174
1997-01-20,83914.39383741292,83894.90538597874,123730.31305261885,41223.944159818784
1997-01-21,87507.59193512157,87490.12771708351,129432.86823689855,41864.050790010886
1997-01-22,90625.27442494633,90609.62099019779,134388.46130863088,42405.22769898761
1997-01-23,87036.32087974522,87019.15395426242,128764.56303300736,41820.68539712229
1997-01-24,83160.6386398711,83141.39239220366,122628.41440721054,41163.264654926475
1997-01-27,80923.89733071592,80903.36790283794,119075.34331815795,40772.48475377099
1997-01-28,81119.33396373666,81099.11900357957,119414.4230382604,40817.90060080457
1997-01-29,81491.9186950044,81472.1246636425,120035.58704756285,40895.39743839401
1997-01-30,86348.2557827316,86331.26414278551,127752.21422134188,41778.468242188734
1997-01-31,88931.54424794306,88915.88535341245,131834.6620141264,42230.37245596966
1997-02-03,87910.16478451857,87894.26003100156,130260.31245508895,42069.157125488106
1997-02-04,87403.28653502438,87387.25229755366,129477.95556136215,41991.79450340686
1997-02-05,79667.36746085825,79646.74711822213,117168.46342212225,40667.92072126835
1997-02-06,79155.92572772416,79135.17271592777,116378.77717089262,40583.18958103169
1997-02-07,82661.35355106881,82642.8163364074,121976.13481302066,41240.438663448236
1997-02-10,75598.54919107493,75575.05055495708,110628.15619817328,39968.23805721219
1997-02-11,75468.7020300077,75445.31864116919,110448.73737996678,39953.149607194304
1997-02-12,82287.80948942946,82268.79788470501,121345.96116573663,41273.63405493581
1997-02-13,84038.69876024124,84020.79054089231,124141.25111502681,41597.288028532275
1997-02-14,82025.43168396514,82006.47530228134,120958.28151843119,41248.55554258958
1997-02-18,81379.07677405784,81359.86634223176,119948.062513893,41140.44979902757
1997-02-19,81356.73825098758,81337.75159855402,119946.05066367293,41146.92959864485
1997-02-20,76948.84872613793,76927.25397738077,112932.87484575732,40351.69478649579
1997-02-21,73109.64120406784,73085.09041544759,106727.66961930704,39619.22175291094
1997-02-24,76737.34732250136,76715.6746798544,112603.05008548284,40352.698932130785
1997-02-25,77114.69434549329,77093.49696781159,113239.07986720125,40435.25665087291
1997-02-26,76762.0152915453,76740.701993361,112691.07248529112,40376.624205108856
1997-02-27,69163.7850785838,69135.83737996599,100299.33522147413,38903.24447137198
1997-02-28,69483.92125291428,69456.97841752929,100924.05539778373,38990.35977029133
1997-03-03,70632.75394133096,70607.40371057554,102881.05535090476,39248.943529100354
1997-03-04,71887.88560792751,71864.03537321094,104985.18188939776,39523.12604850365
1997-03-05,74101.88572104777,74080.02726424093,108604.22535934868,39983.927548465144
1997-03-06,69359.75155299823,69333.79009364975,100875.73273497164,39042.215029126666
1997-03-07,67018.97673638703,66991.31889076102,97107.38817370705,38562.63158026192
1997-03-10,69872.75619980064,69848.20749014948,101848.87825167879,39196.76119247491
1997-03-11,68446.12189721795,68420.4431420918,99538.57888997364,38906.98681825931
1997-03-12,66424.06453260724,66396.78839930495,96264.65730216465,38486.97522101839
1997-03-13,66627.42069327718,66600.5526315603,96628.91734263845,38542.00008026091
1997-03-14,66258.37072728029,66231.43283958176,96062.75480138596,38473.21567328828
1997-03-17,64814.491834060515,64786.27866132858,93705.91375867983,38165.05508066906
1997-03-18,63831.282902520135,63802.108020538755,92087.82299097948,37951.806609759304
1997-03-19,60662.01004485223,60629.10882538064,86783.45664554813,37229.50768401216
1997-03-20,62504.97596124448,62474.682967986955,89930.43947929185,37685.787971500096
1997-03-21,60728.817292024374,60696.28634789673,86936.54373597937,37273.9315498489
1997-03-24,58724.004952331714,58689.068327021574,83574.25904777211,36799.68288555467
1997-03-25,59562.25018745195,59528.77227522939,85044.15545324064,37021.62259542782
1997-03-26,64645.69095871964,64618.53711527115,93601.34543118885,38269.568577443
1997-03-27,61483.890733658845,61452.93266613804,88297.22363268705,37553.13680882542
1997-03-31,57385.85649224735,57348.71075365078,81244.67340007958,36559.63498042706
1997-04-01,57279.16646392621,57242.31926240734,81126.09175021286,36548.12016259008
1997-04-02,55018.25247604896,54977.45332755766,77159.01204252722,35958.65395486028
1997-04-03,58501.44077012075,58466.59689460743,83251.90127412516,36911.319080822235
1997-04-04,61701.986441165485,61671.679577318864,88718.09905590693,37725.49931631957
1997-04-07,63568.309199570715,63540.509219113235,91885.95079133438,38180.992233629775
1997-04-08,65133.68250895055,65107.76159302217,94511.34680409147,38551.18260908186
1997-04-09,62745.774447430595,62717.263590344555,90545.5379388176,38018.578611145036
1997-04-10,59750.00117925976,59717.677483057494,85490.4563347935,37317.58596885479
1997-04-11,55476.81151001274,55437.46481720519,78055.70705114753,36242.203144549094
1997-04-14,58304.767067765126,58270.28747354952,83006.98502426107,37014.73351613314
1997-04-15,56681.961519510834,56645.33489750344,80257.10816768487,36612.33924183118
1997-04-16,56758.38299713528,56722.14087919445,80426.70022335261,36644.409112724985
1997-04-17,58370.07184965043,58336.777195834205,83273.06469221803,37082.987389418806
1997-04-18,59817.169344658294,59786.13315148745,85773.85512605036,37460.564970525644
1997-04-21,57219.584343708935,57184.92202737425,81345.39476009656,36822.30178621805
1997-04-22,59940.96956670547,59910.54603514948,86047.14235477986,37538.0596181149
1997-04-23,63643.52615786821,63617.746685026985,92285.18597929324,38451.61503914944
1997-04-24,63559.674534292804,63533.98561496517,92171.60443572633,38442.43684030448
1997-04-25,59768.41770038143,59738.0859935421,85800.03925520858,37563.2260164123
1997-04-28,61747.76914867721,61720.128848542336,89164.36964690138,38060.637936362575
1997-04-29,66964.44083220632,66942.19524997886,97790.90103806411,39294.60595546251
1997-04-30,70827.25512214351,70808.30128851271,104079.18513440956,40143.605846906015
1997-05-01,72399.54885056973,72382.13768279618,106667.41950896825,40483.24515354009
1997-05-02,78613.34678190223,78599.57840559659,116549.09964075957,41740.303708077125
1997-05-05,84304.41328118443,84293.23217728273,125493.51301399371,42815.22262165221
1997-05-06,79641.18667422883,79627.98005704084,118177.88022670576,41990.58689043156
1997-05-07,78219.76545655038,78205.96738507652,115951.63763911351,41734.10592090089
1997-05-08,80607.83482024963,80595.32520936147,119733.5585807209,42194.99309661849
1997-05-09,80499.89485161914,80487.52565054662,119590.72129394648,42185.441969965745
1997-05-12,81823.10881897015,81811.60868494822,121708.20832725258,42441.648271919854
1997-05-13,78248.05499686424,78234.9925227543,116098.35054093874,41796.83523161697
1997-05-14,78043.63896868863,78030.63388657008,115798.34584478688,41767.99308024682
1997-05-15,83334.12510706246,83323.51725629988,124112.06185363942,42774.72231668336
1997-05-16,79079.7369056779,79067.35425146675,117448.15741788025,42016.48685881158
1997-05-19,78614.33809929846,78601.8666575411,116734.08179073947,41938.53180752901
1997-05-20,85569.40168901542,85559.79318795682,127622.7692867413,43249.692418817016
1997-05-21,87724.16984905042,87715.39132577585,130988.16074816225,43637.2633590879
1997-05-22,86498.00342545226,86488.93394927445,129098.7478559336,43434.92589417654
1997-05-23,89877.87050134446,89869.94460142666,134355.1469664019,44031.86657569858
1997-05-27,96792.97693448482,96786.79284794445,145024.99043423118,45205.009185603834
1997-05-28,96162.36086023772,96156.16412816492,144072.64867970702,45113.80275266649
1997-05-29,92669.45575174128,92662.52672583204,138704.05032277884,44561.17002681925
1997-05-30,89376.7054875223,89368.99836634554,133630.673421053,44025.498674337156
1997-06-02,89281.89801471293,89274.30582451526,133504.02656889716,44019.20174990753
1997-06-03,81488.8211781837,81478.55652081405,121379.11622037838,42694.195775051834
1997-06-04,79479.4135636244,79468.44438467523,118250.58180152773,42334.76404487263
1997-06-05,81551.58040335102,81541.68551635275,121526.03012366904,42732.9629455456
1997-06-06,85123.3612646965,85114.84687441912,127105.22758327701,43394.30021467645
1997-06-09,87618.25135952706,87610.61935212566,130990.7125388559,43843.976429712
1997-06-10,83972.20233026838,83963.49466875318,125342.69628359434,43221.40608204605
1997-06-11,85936.00435265288,85928.06106141128,128410.95486203952,43581.5500133896
1997-06-12,86148.71334329863,86140.96713285013,128759.46220856975,43628.51132583691
1997-06-13,89884.11635278272,89877.55104163778,134557.05516631168,44290.86760332793
1997-06-16,92985.49460489929,92979.75084335402,139348.11726185182,44824.2009000546
1997-06-17,96663.64623810526,96658.78242821559,145016.83542742062,45439.77037442315
1997-06-18,91516.80595641768,91510.93339315572,137116.08182461443,44622.4152432041
1997-06-19,94332.37803375752,94327.19787973873,141458.0663680794,45101.14142905007
1997-06-20,94129.16999357558,94124.05804100026,141161.4118215312,45077.41117406357
1997-06-23,90615.21575346003,90609.42881748526,135769.19344588087,44511.23432327042
1997-06-24,95315.33493712205,95310.61682497968,143005.0852291823,45309.67959923835
1997-06-25,93222.44060372158,93217.43486922682,139809.6900893151,44980.036951991045
1997-06-26,89861.51379610531,89855.90725474534,134658.63040718043,44435.407930534726
1997-06-27,88638.74599948474,88632.9600896308,132790.12715611764,44237.56369964562
1997-06-30,87056.8849803326,87050.83711128146,130368.66363003537,43976.31704228135
1997-07-01,85987.62849530681,85981.41693705722,128733.77236170256,43800.04461373084
1997-07-02,91860.92694962844,91856.12618620353,137786.42533908013,44834.254292192694
1997-07-03,94729.92809867724,94725.83209002121,142210.69226929356,45321.827938366005
1997-07-07,95958.31129811582,95954.49780338957,144102.25266557033,45530.55895465114
1997-07-08,100128.66979219149,100125.51203393703,150481.1722584266,46210.21023782884
1997-07-09,101340.81422605539,101337.87955048337,152339.84709474412,46408.406142178304
1997-07-10,101259.58149862968,101256.84228285635,152245.05506441393,46406.75455425003
1997-07-11,102866.47259136273,102863.97031453389,154700.70759682465,46664.23594635513
1997-07-14,110699.58140819138,110697.95585448739,166631.90119940598,47871.90387868855
1997-07-15,116073.09290477847,116071.82151559992,174781.71532134578,48660.58652183949
1997-07-16,130556.94822301583,130556.23328613053,196692.5322984728,50702.328165894076
1997-07-17,127460.09457303036,127459.32542390747,192016.85178447064,50309.282973359586
1997-07-18,119100.70766669964,119099.6652890446,179377.7595849952,49214.094293305054
1997-07-21,114881.92553912199,114880.73172513761,172997.1965737224,48639.02662432205
1997-07-22,125353.03511968539,125352.33985648377,188851.2505169816,50133.19955106339
1997-07-23,125679.91702006874,125679.25798313224,189349.09783026058,50185.86721328077
1997-07-24,124284.78029646553,124284.12576180736,187246.7897368445,50008.75561213577
1997-07-25,123273.32197952128,123272.67586122776,185723.3691221767,49881.72635639909
1997-07-28,119747.36837717966,119746.66003284954,180399.7554074415,49413.69053861116
1997-07-29,123935.03814652629,123934.4740954181,186732.4109302263,50000.3782284914
1997-07-30,128330.60591964104,128330.15747414395,193374.3807120491,50601.79827048807
1997-07-31,130382.31440431296,130381.93221474167,196476.37627214406,50881.067486695225
1997-08-01,130995.18540531957,130994.84248393142,197405.73669537425,50970.06189539877
1997-08-04,136292.9034314421,136292.64481120833,205403.1245350875,51667.15398697854
1997-08-05,140710.9934608283,140710.7922892091,212070.81506532492,52235.12324177297
1997-08-06,142654.9830416473,142654.80977802782,215005.01624415975,52485.033716768485
1997-08-07,140264.987908378,140264.8055183277,211401.1903402704,52200.83554508434
1997-08-08,132580.39067641323,132580.1391788827,199808.11412141065,51255.6149060115
1997-08-11,127590.40453252956,127590.09879908881,192278.83636120963,50620.63507872006
1997-08-12,123922.78798316736,123922.44523125104,186745.2547716112,50143.756989525595
1997-08-13,126697.01437854719,126696.73020396034,190935.24395912667,50527.42338862016
1997-08-14,128162.28465257297,128162.03285742489,193148.48509930112,50731.36290609236
1997-08-15,118768.53229485365,118768.1392965428,178968.93142345603,49498.66441117818
1997-08-18,122968.38246405797,122968.07824854301,185312.09343509175,50091.9863311248
1997-08-19,133608.45350036473,133608.27816479112,201368.52935413018,51547.36623186371
1997-08-20,142082.66691946678,142082.55457516253,214150.96014434154,52646.95508257352
1997-08-21,132217.00561967114,132216.8335816662,199271.6111602445,51436.71404739674
1997-08-22,129390.75562796842,129390.56867477759,195009.381976245,51078.852022858286
1997-08-25,128229.02244203651,128228.83608569248,193258.3397842887,50934.77206544714
1997-08-26,123127.47570316869,123127.2445706937,185562.24065460384,50267.428196471374
1997-08-27,122626.06099222974,122625.83666956236,184807.40175874654,50207.93193649782
1997-08-28,115398.13885761914,115397.82278419443,173899.48654697576,49228.7753804574
1997-08-29,116468.30536665033,116468.02665133963,175517.87644283622,49389.975511747296
1997-09-02,125739.9469102693,125739.78436825162,189509.8264526803,50710.912946833465
1997-09-03,124893.55391389498,124893.39409207848,188234.40947761852,50605.89030622207
1997-09-04,126666.51330379164,126666.38510847671,190911.33613463782,50854.50529110569
1997-09-05,128439.44734451103,128439.34106517294,193586.85075477455,51100.83602311171
1997-09-08,130693.14241839173,130693.05585513586,196986.7243628257,51408.79669252352
1997-09-09,133758.1596907822,133758.0920670393,201609.4263190101,51819.7952348292
1997-09-10,125233.4921983641,125233.38650733788,188754.4702969405,50727.3541837419
1997-09-11,125895.21059692073,125895.11760147387,189753.7009023663,50825.61095680377
1997-09-12,126182.88747632454,126182.8089445599,190189.37399843865,50873.26938858127
1997-09-15,117308.9724020831,117308.84184611352,176806.0086074493,49688.74356174641
1997-09-16,129051.56698859946,129051.50642686668,194515.9910801463,51356.35151637132
1997-09-17,126258.83925017496,126258.77302606274,190305.60039159856,50994.65883625835
1997-09-18,126427.44840890163,126427.3888503308,190560.6947105035,51026.233185005454
1997-09-19,129580.14263432934,129580.09807638501,195314.99835850947,51459.379384873486
1997-09-22,131248.57467018598,131248.5389500532,197831.1426761194,51689.22369109744
1997-09-23,135180.25341846677,135180.22817242678,203759.00026966378,52214.40846709905
1997-09-24,128275.43765339829,128275.40141499216,193349.54168610563,51334.24676837911
1997-09-25,124977.09821347227,124977.05704573012,188377.12608157008,50903.03616044028
1997-09-26,125036.21573161907,125036.17865585627,188466.81519341003,50919.88808828174
1997-09-29,129029.225704569,129029.20053728936,194487.322715902,51470.87045777645
1997-09-30,121496.27601267786,121496.23660221668,183130.59296451093,50477.89273400627
1997-10-01,123069.52123063944,123069.4902632516,185503.20255914328,50704.53381264783
1997-10-02,126625.52851380683,126625.50718490752,190864.67739330058,51201.71237300556
1997-10-03,130528.46817161713,130528.45444795048,196748.80953182053,51736.64577048497
1997-10-06,130989.4416775607,130989.43007215353,197443.95291745831,51806.43920514836
1997-10-07,136099.90065424648,136099.89389849833,205147.83709433585,52489.1094059195
1997-10-08,137685.97350557393,137685.96833293312,207538.8117556095,52702.01879199179
1997-10-09,138659.99011812426,138659.9860185211,209007.13754326696,52835.334423302294
1997-10-10,134816.4563826343,134816.45177266354,203213.55408237604,52356.19438416294
1997-10-13,135720.03456795885,135720.0309457159,204575.69315789238,52482.14387836804
1997-10-14,132429.13824107166,132429.1341985235,199615.13478297985,52066.93760452165
1997-10-15,128030.54544649977,128030.54049508815,192984.83234943432,51499.38124658986
1997-10-16,121216.11106271707,121216.10345530172,182712.7886294271,50594.48014890819
1997-10-17,113138.51385339373,113138.49971087706,170536.18053954828,49479.21679102382
1997-10-20,117232.98166509063,117232.97358827978,176708.79287200127,50084.66449427381
1997-10-21,124387.5266040574,124387.52314052692,187493.7756697486,51112.1748946362
1997-10-22,120354.10454124822,120354.10040804281,181413.94344281196,50568.46130647323
1997-10-23,112394.56061956935,112394.55273967174,169415.67626727975,49462.29939525875
1997-10-24,106914.00341076158,106913.99164372281,161154.0644817341,48666.75694504852
1997-10-27,82854.00812504212,82853.83390336762,124864.49295191096,45022.076078754806
1997-10-28,100268.49730377184,100268.46788371974,151134.5313223889,48187.16207457313
1997-10-29,95309.11228029309,95309.07016542015,143657.25700435633,47400.74107376703
1997-10-30,87202.5361761255,87202.44958343265,131431.5998082471,46064.21292067102
1997-10-31,92105.6165854264,92105.57290417662,138828.27893387477,46936.23415111839
1997-11-03,100489.73920272819,100489.72421325065,151470.05964633625,48368.97889768775
1997-11-04,99555.53056737779,99555.5173293535,150062.13760959796,48227.42586336328
1997-11-05,99311.52603950423,99311.51547237068,149694.71775346523,48196.35172326687
1997-11-06,95639.28310532046,95639.26998469818,144159.0386725413,47610.53610766738
1997-11-07,93973.77378286488,93973.76092028272,141648.5867413181,47342.34620165981
1997-11-10,89332.31140070138,89332.29261442859,134651.4878311335,46570.948205700006
1997-11-11,89138.63830351611,89138.6233082694,134360.09301680676,46545.35606307731
1997-11-12,80943.70487467587,80943.66618115193,122004.19116250488,45126.566367244806
1997-11-13,87131.16020455517,87131.14757672207,131334.47637907678,46284.67345714325
1997-11-14,92968.21704837827,92968.213021812,140134.12118807356,47326.34497343611
1997-11-17,98855.58380839639,98855.58261587309,149008.78419840275,48333.53250703996
1997-11-18,95028.73310751858,95028.73165468943,143240.38311732814,47718.14444833571
1997-11-19,95759.4849736976,95759.48411777169,144341.9589156424,47848.66750524261
1997-11-20,102177.83873598157,102177.83855205058,154016.69386903633,48925.93187588335
1997-11-21,100430.27721593216,100430.27707808556,151382.53141010078,48655.410273548696
1997-11-24,92866.19218706271,92866.19184865952,139980.85685161504,47442.244378243
1997-11-25,94945.10042618461,94945.10030098484,143114.50808126744,47804.41468099658
1997-11-26,96598.65590316505,96598.65585822208,145606.98936742696,48090.14914569798
1997-11-28,98295.8052663087,98295.8052521242,148165.1744489779,48380.04594694317
1997-12-01,106314.26074599235,106314.26074509283,160251.71316323554,49703.8635002421
1997-12-02,98240.66782769741,98240.66782541787,148082.065279257,48454.19339484272
1997-12-03,100872.50650293767,100872.5065025998,152049.14065613665,48895.18465911852
1997-12-04,98302.31271585304,98302.31271568277,148174.9853691788,48488.28321175505
1997-12-05,103163.8515661612,103163.85156615455,155502.97624250597,49295.91809352641
1997-12-08,106776.23180863552,106776.23180863538,160948.06064556816,49879.743432102834
1997-12-09,97189.40937808936,97189.4093780889,146497.4619325513,48395.48275670385
1997-12-10,92301.11272530514,92301.11272530493,139129.13798259237,47592.396676678145
1997-12-11,83863.75187272896,83863.75187272854,126411.16841960463,46150.38879009118
1997-12-12,77952.96488432748,77952.96488432724,117501.60412280154,45074.05491776078
1997-12-15,79326.18600946155,79326.18600946155,119571.51493710601,45346.451113744595
1997-12-16,82416.97467757891,82416.97467757891,124230.38361576849,45943.16385751366
1997-12-17,78988.99442598179,78988.99442598179,119063.25265337655,45314.060364810204
1997-12-18,74892.29422433609,74892.29422433609,112888.13351559904,44538.430152562396
1997-12-19,75586.56896959027,75586.56896959027,113934.64145010019,44683.6877644715
1997-12-22,76613.58304877196,76613.58304877196,115917.62963230298,44950.575991486374
1997-12-23,71198.589940262,71198.589940262,106563.66450049271,43749.181315090915
1997-12-24,69120.11233624422,69120.11233624422,102954.54820866944,43262.77381958982
1997-12-26,71926.32391137721,71926.32391137721,107869.29170189922,43958.59656216702
1997-12-29,76705.20319703224,76705.20319703224,116118.07841080999,45086.634118037815
1997-12-30,80829.01731392131,80829.01731392131,123161.72815586768,46005.99959919383
1997-12-31,79124.20152250188,79124.20152250188,120283.71205519252,45655.52757247322
1998-01-02,82753.58421780856,82753.58421780856,126566.8243792672,46458.37121098945
1998-01-05,84760.28971624673,84760.28971624673,129971.18548685384,46882.94477897249
1998-01-06,82183.74011087629,82183.74011087629,125647.62351880078,46371.18787697915
1998-01-07,78804.09003652641,78804.09003652641,119935.18065775683,45676.464885015375
1998-01-08,79476.51904973997,79476.51904973997,121101.22976780677,45832.38878077979
1998-01-09,71304.89357763613,71304.89357763613,107034.37705596336,44065.71592995969
1998-01-12,74178.22678247864,74178.22678247864,112017.01395118737,44757.112808468184
1998-01-13,78962.81796470546,78962.81796470546,120230.04405475476,45858.70677677107
1998-01-14,79184.65193068603,79184.65193068603,120654.75661578296,45920.63361337413
1998-01-15,78967.77482007218,78967.77482007218,120313.81154849185,45885.31850736989
1998-01-16,81119.53364703266,81119.53364703266,123990.57301891636,46360.66613369178
1998-01-20,85680.43961265823,85680.43961265823,131704.64407073433,47330.123775113796
1998-01-21,85542.97990412601,85542.97990412601,131507.23080322056,47314.658528758315
1998-01-22,84144.5477832504,84144.5477832504,129184.71280182022,47044.30080440637
1998-01-23,84958.14687030332,84958.14687030332,130585.05227867475,47222.41796378616
1998-01-26,83069.41857201676,83069.41857201676,127440.7212948937,46851.562271047245
1998-01-27,87364.17607696877,87364.17607696877,134666.04821847173,47745.08779769512
1998-01-28,93756.59995063381,93756.59995063381,145308.7704654157,49011.114520670686
1998-01-29,95141.65938087882,95141.65938087882,147621.8833555348,49279.65059267218
1998-01-30,95610.27573669776,95610.27573669776,148438.2826493281,49379.01465331368
1998-02-02,103110.0631325543,103110.0631325543,160786.567973007,50756.733478493254
1998-02-03,105800.4902900296,105800.4902900296,165214.74339236523,51231.400086017915
1998-02-04,109341.28001436719,109341.28001436719,171020.02489387846,51840.242170419384
1998-02-05,106582.88586229559,106582.88586229559,166573.07197350316,51399.810150014724
1998-02-06,111873.67960502936,111873.67960502936,175221.87252315896,52298.221324604245
1998-02-09,108517.92413258442,108517.92413258442,169768.5535771643,51764.64555335742
1998-02-10,113186.90025099253,113186.90025099253,177436.8923744692,52552.91850135656
1998-02-11,112847.99527249706,112847.99527249706,176900.56718808864,52508.985269491575
1998-02-12,114481.42250819388,114481.42250819388,179613.57604377496,52786.425798578486
1998-02-13,112076.66214889985,112076.66214889985,175716.65203793958,52413.7277218534
1998-02-17,109723.84725826126,109723.84725826126,171900.89849468623,52043.32522640757
1998-02-18,113066.75477377784,113066.75477377784,177358.09460468945,52602.97933721626
1998-02-19,117609.04580637735,117609.04580637735,184747.0137656159,53342.501877030154
1998-02-20,118420.13911054039,118420.13911054039,186092.94105980766,53481.19109695985
1998-02-23,126034.18281835718,126034.18281835718,198430.26021816858,54672.23911734528
1998-02-24,121889.15963065751,121889.15963065751,191749.3293644613,54068.03380770411
1998-02-25,130339.25801867219,130339.25801867219,205397.8611600748,55360.14654849131
1998-02-26,132370.92916968453,132370.92916968453,208684.49220801253,55664.92212939108
1998-02-27,128146.60460885675,128146.60460885675,201931.92135836513,55074.07393034085
1998-03-02,122890.85159759544,122890.85159759544,193451.7843936177,54312.54756160202
1998-03-03,122259.13672814243,122259.13672814243,192444.74763505885,54227.59321056259
1998-03-04,123458.6749220576,123458.6749220576,194397.60993213003,54420.29542915209
1998-03-05,107269.19225430276,107269.19225430276,168094.81979923713,51975.17365761209
1998-03-06,117203.48418152405,117203.48418152405,184256.79427470145,53649.832082868284
1998-03-09,106996.89146787926,106996.89146787926,167665.16327447593,52048.68607243219
1998-03-10,112483.83992319489,112483.83992319489,176613.52743019623,52983.54187318749
1998-03-11,113919.11753022845,113919.11753022845,178961.90516020296,53227.439225255344
1998-03-12,116555.60457573565,116555.60457573565,183256.6136017689,53662.324916745565
1998-03-13,118253.51099226614,118253.51099226614,186020.78011831758,53941.30960557073
1998-03-16,121404.86905900048,121404.86905900048,191131.27698396062,54444.50678607388
1998-03-17,117655.76016585433,117655.76016585433,185080.52295544036,53879.291383428834
1998-03-18,120275.95139409752,120275.95139409752,189334.63289113098,54301.31493401608
1998-03-19,122940.80466636151,122940.80466636151,193666.64759761182,54724.74387334115
1998-03-20,117810.46187842032,117810.46187842032,185386.50249176996,53954.19155428471
1998-03-23,120616.25001511289,120616.25001511289,189941.544815569,54405.31357174579
1998-03-24,126133.22331348341,126133.22331348341,198860.3806398429,55266.164908576866
1998-03-25,131333.58677956075,131333.58677956075,207244.493374545,56052.30575228916
1998-03-26,132245.36136060476,132245.36136060476,208749.74469377135,56197.59822433676
1998-03-27,130159.99664004527,130159.99664004527,205418.20464258376,55908.248075934884
1998-03-30,128502.24380188284,128502.24380188284,202784.41842238835,55678.86611106741
1998-03-31,132836.43962980885,132836.43962980885,209763.34666638373,56327.12773689454
1998-04-01,135256.67091216936,135256.67091216936,213666.74474643642,56686.09115162643
1998-04-02,135757.93726625812,135757.93726625812,214496.67264527731,56769.11997131432
1998-04-03,136821.24365968243,136821.24365968243,216222.9467739302,56931.06227864071
1998-04-06,127499.45426875424,127499.45426875424,201252.99382765612,55626.88632809485
1998-04-07,120214.1794850569,120214.1794850569,189524.04405291443,54555.703331698445
1998-04-08,122815.3094116014,122815.3094116014,193736.05034100465,54969.12730470124
1998-04-09,124517.76312832483,124517.76312832483,196500.8589764052,55239.95887889778
1998-04-13,126299.47616100831,126299.47616100831,199404.29212394264,55521.41746680807
1998-04-14,129373.11353067485,129373.11353067485,204364.258806357,55991.1997630304
1998-04-15,135054.28221436372,135054.28221436372,213492.86608525613,56834.39431933829
1998-04-16,133747.54496903214,133747.54496903214,211407.14087779413,56658.97286741369
1998-04-17,134880.55572501215,134880.55572501215,213236.41803625357,56832.02418225691
1998-04-20,141908.27643035355,141908.27643035355,224500.50737580596,57842.39029309999
1998-04-21,147412.91134143426,147412.91134143426,233318.5752992598,58609.54487007051
1998-04-22,154658.4665645,154658.4665645,244903.36881126702,59589.53897425255
1998-04-23,143074.57048400096,143074.57048400096,226401.15499043543,58099.023512417414
1998-04-24,140160.7046067811,140160.7046067811,221747.1931326962,57710.79919221408
1998-04-27,130098.50763763246,130098.50763763246,205638.07515793588,56323.116069419426
1998-04-28,130806.32553680635,130806.32553680635,206786.71410769655,56437.55809898042
1998-04-29,136135.7940875574,136135.7940875574,215353.2016375133,57226.491255727145
1998-04-30,138854.2135757479,138854.2135757479,219720.21611521582,57623.03846115863
1998-05-01,139912.43317952202,139912.43317952202,221424.08987836607,57781.84444417671
1998-05-04,141260.68441456664,141260.68441456664,223603.24551449943,57981.28122410193
1998-05-05,138331.43396912655,138331.43396912655,218937.45204215104,57587.91110651032
1998-05-06,136608.29704929204,136608.29704929204,216197.21252787465,57357.50209219903
1998-05-07,130161.69705685673,130161.69705685673,205884.0530480965,56455.27890803379
1998-05-08,140000.70864873676,140000.70864873676,221629.95415917138,57904.157626533415
1998-05-11,134508.25355958534,134508.25355958534,212852.65518334732,57149.66063571181
1998-05-12,140495.41247185157,140495.41247185157,222432.51492065573,58016.8133262484
1998-05-13,142643.90080320716,142643.90080320716,225876.76589016052,58326.18936363984
1998-05-14,143608.05384915668,143608.05384915668,227424.0659192172,58469.3469289984
1998-05-15,137916.99151834007,137916.99151834007,218346.26538324403,57701.39790437449
1998-05-18,135555.69067187372,135555.69067187372,214585.36215430533,57379.974277002955
1998-05-19,139735.9628921939,139735.9628921939,221272.67561942176,57985.84903995029
1998-05-20,133760.87492661158,133760.87492661158,211743.13294023235,57163.34160827459
1998-05-21,129189.97471340565,129189.97471340565,204438.94525567582,56515.82545114469
1998-05-22,126132.36339828177,126132.36339828177,199552.2066626264,56075.18901518189
1998-05-26,121760.27744163548,121760.27744163548,192556.0916802763,55429.46497492328
1998-05-27,124498.95745071414,124498.95745071414,196966.7648065041,55862.16601130257
1998-05-28,126077.13252343124,126077.13252343124,199503.3649858759,56111.52375159881
1998-05-29,119020.34157890477,119020.34157890477,188202.08035124803,55061.60246578634
1998-06-01,111144.09954829763,111144.09954829763,175557.15629236534,53837.96180312901
1998-06-02,117163.98274604754,117163.98274604754,185238.9198323877,54836.96886362407
1998-06-03,110347.37039690069,110347.37039690069,174309.94834985587,53768.00120222457
1998-06-04,119025.82901114887,119025.82901114887,188253.38545464425,55210.97046416263
1998-06-05,122360.81338703971,122360.81338703971,193607.99089476842,55743.981929866466
1998-06-08,122394.91019461933,122394.91019461933,193675.4644205818,55760.09485209538
1998-06-09,127286.98720390142,127286.98720390142,201512.22302604417,56521.814984118166
1998-06-10,119764.33008626854,119764.33008626854,189479.44339454736,55406.568828216856
1998-06-11,115508.1182593406,115508.1182593406,182664.27937606687,54751.86307036681
1998-06-12,115992.56590029076,115992.56590029076,183451.89890592988,54840.022565513646
1998-06-15,112056.95934401866,112056.95934401866,177147.56371695988,54221.309982923856
1998-06-16,122551.8002914853,122551.8002914853,193972.9961956572,55947.32623242618
1998-06-17,126451.35296114816,126451.35296114816,200220.09168624794,56557.611916669746
1998-06-18,127384.94026942665,127384.94026942665,201725.33507099832,56709.12211490954
1998-06-19,131145.33028479348,131145.33028479348,207739.49369164906,57282.49390235708
1998-06-22,138716.646537811,138716.646537811,219822.346744133,58402.9802759781
1998-06-23,151250.9526576303,151250.9526576303,239790.87291299913,60181.50740869478
1998-06-24,161168.41823287713,161168.41823287713,255574.69803932894,61512.36015606863
1998-06-25,153939.94527028676,153939.94527028676,244078.99126101114,60600.72277524043
1998-06-26,157215.95469571472,157215.95469571472,249296.56836095476,61043.01196206705
1998-06-29,163826.1267696688,163826.1267696688,259812.28604579857,61911.86174968855
1998-06-30,162883.33049782345,162883.33049782345,258317.24037545666,61803.81153091022
1998-07-01,169662.3962068019,169662.3962068019,269096.23631534877,62674.1082586622
1998-07-02,160742.63616385902,160742.63616385902,254921.6666504194,61584.46332918607
1998-07-06,164296.78308567012,164296.78308567012,260575.91383346586,62050.398967913054
1998-07-07,165591.61936392408,165591.61936392408,262637.430843284,62224.72854875563
1998-07-08,177125.7507160398,177125.7507160398,280966.9795349551,63683.01436930265
1998-07-09,179117.28349908348,179117.28349908348,284133.0174827416,63933.19153322043
1998-07-10,182097.3233698624,182097.3233698624,288868.5609225429,64299.39458982363
1998-07-13,193576.37537429444,193576.37537429444,307098.4398499552,65663.07610879668
1998-07-14,192487.527801975,192487.527801975,305372.7078440208,65551.39609702173
1998-07-15,205198.460444699,205198.460444699,325553.42773414083,67006.6939486224
1998-07-16,206394.99497311152,206394.99497311152,327456.58821468597,67148.814859162
1998-07-17,211138.19975238777,211138.19975238777,334986.36043638113,67675.07763506961
1998-07-20,211873.53532744586,211873.53532744586,336155.1151407278,67765.44699863016
1998-07-21,197042.48515131284,197042.48515131284,312614.86633149826,66195.30188841201
1998-07-22,196412.56120306047,196412.56120306047,311617.5055227371,66136.31484889946
1998-07-23,186123.93516338494,186123.93516338494,295285.51387286617,64992.30395874207
1998-07-24,187151.50968184375,187151.50968184375,296918.2815338733,65123.296325967174
1998-07-27,194146.3459743769,194146.3459743769,308023.1724299289,65946.40180589314
1998-07-28,180555.54417249252,180555.54417249252,286448.67157566716,64418.09949240734
1998-07-29,175346.32137206983,175346.32137206983,278179.490634721,63809.32979036959
1998-07-30,191254.4396215962,191254.4396215962,303434.9646097,65751.37683850875
1998-07-31,173109.2035360636,173109.2035360636,274628.0438374724,63681.98377648224
1998-08-03,169708.1507751373,169708.1507751373,269229.23107084545,63275.676185584736
1998-08-04,150608.7365360314,150608.7365360314,238889.53970904654,60909.73392451974
1998-08-05,154874.51602037146,154874.51602037146,245670.81679896265,61496.5894879407
1998-08-06,167354.9708029486,167354.9708029486,265495.20937127306,63161.35956628889
1998-08-07,166618.0453188455,166618.0453188455,264327.01453114656,63079.624496957134
1998-08-10,166106.40581826348,166106.40581826348,263517.2572995781,63026.099114093966
1998-08-11,154070.25179207735,154070.25179207735,244402.66036857135,61513.0828751825
1998-08-12,162513.7368759102,162513.7368759102,257815.24780553233,62648.96119100041
1998-08-13,156590.83133648214,156590.83133648214,248410.75287154617,61898.01325660298
1998-08-14,153592.4084514146,153592.4084514146,243650.48462907318,61513.316400502954
1998-08-17,166586.72460255085,166586.72460255085,264288.01789701247,63260.689115751804
1998-08-18,178725.93629906178,178725.93629906178,283559.8969379561,64809.265341855295
1998-08-19,177505.1761513372,177505.1761513372,281624.18943053536,64672.98024865384
1998-08-20,177402.1488749807,177402.1488749807,281462.1750592867,64671.74222316421
1998-08-21,168407.94449607056,168407.94449607056,267186.9591112616,63589.56399459169
1998-08-24,166917.89682022235,166917.89682022235,264822.9475440227,63412.99859641757
1998-08-25,173206.22247640806,173206.22247640806,274805.63128991413,64220.74380102458
1998-08-26,167778.512237103,167778.512237103,266191.5025093742,63560.80281281044
1998-08-27,144819.42628131516,144819.42628131516,229737.0955069618,60670.26529952174
1998-08-28,129379.4094902333,129379.4094902333,205203.9644622515,58521.12236440792
1998-08-31,91318.1363764657,91318.1363764657,144429.020774639,52753.85384838256
1998-09-01,109017.6657705868,109017.6657705868,172755.87709703596,56211.77454679617
1998-09-02,110670.34998432823,110670.34998432823,175400.55612903537,56508.262558610346
1998-09-03,107246.35244594133,107246.35244594133,169946.37897282158,55932.23862049247
1998-09-04,106255.50695937766,106255.50695937766,168373.98460697354,55769.333842214255
1998-09-08,127539.03573196546,127539.03573196546,202267.17419942125,59520.96948998523
1998-09-09,120156.67799554065,120156.67799554065,190527.05766003922,58379.59663860251
1998-09-10,112588.63031587002,112588.63031587002,178483.4082395931,57159.50985218098
1998-09-11,127470.75449479753,127470.75449479753,202169.41161374742,59697.80582101282
1998-09-14,132743.82016348102,132743.82016348102,210555.50969633376,60533.480203578925
1998-09-15,137532.0753983326,137532.0753983326,218168.29700682295,61273.40935281327
1998-09-16,139727.18764270612,139727.18764270612,221659.98452102148,61610.80611493423
1998-09-17,127196.91830034077,127196.91830034077,201753.9687765335,59777.07138271338
1998-09-18,129765.20253493618,129765.20253493618,205839.23628126187,60190.797293087126
1998-09-21,137775.1247570294,137775.1247570294,218566.46325254487,61441.674235955536
1998-09-22,140352.76152957074,140352.76152957074,222662.45891731873,61836.02651567635
1998-09-23,158699.13813521928,158699.13813521928,251789.09702459222,64542.907016048215
1998-09-24,145597.69634422346,145597.69634422346,230993.07198794506,62777.04858270756
1998-09-25,156355.495637616,156355.495637616,248071.35594251458,64334.941923148275
1998-09-28,153978.34495953747,153978.34495953747,244299.47694162288,64019.91232323409
1998-09-29,154456.78952746632,154456.78952746632,245060.1323308658,64097.34016297997
1998-09-30,141207.6316310379,141207.6316310379,224030.36362212553,62274.838143536785
1998-10-01,118587.84232302873,118587.84232302873,188103.4882706921,58955.87290001786
1998-10-02,119289.56406382039,119289.56406382039,189222.85023868852,59082.24558402355
1998-10-05,100018.13315200753,100018.13315200753,158566.13860586338,55900.981158133996
1998-10-06,94330.07950121321,94330.07950121321,149504.8079430906,54845.09228587003
1998-10-07,86290.13613989153,86290.13613989153,136667.88978350014,53284.14337135381
1998-10-08,81310.90720632618,81310.90720632618,128701.17689159533,52257.30930576081
1998-10-09,96035.44269224853,96035.44269224853,152244.82430035106,55452.18902727384
1998-10-12,106897.83377893953,106897.83377893953,169542.75017533966,57561.20030338798
1998-10-13,97468.91269228228,97468.91269228228,154542.74108142863,55872.86213048218
1998-10-14,104369.486410351,104369.486410351,165531.58141687568,57206.086796027266
1998-10-15,120508.5683143635,120508.5683143635,191180.47652735014,60169.903874352065
1998-10-16,118859.66247137984,118859.66247137984,188564.92972221118,59905.13076178277
1998-10-19,123286.3571262882,123286.3571262882,195596.7749949731,60659.35903550463
1998-10-20,115635.91438798809,115635.91438798809,183451.1682226756,59413.509498244835
1998-10-21,128775.81160693063,128775.81160693063,204314.27955989967,61675.29180222512
1998-10-22,135431.30729774572,135431.30729774572,214878.67295023552,62748.16116595935
1998-10-23,131002.34677620823,131002.34677620823,207850.78376988825,62074.108887517694
1998-10-26,139251.64184378606,139251.64184378606,220943.06126159083,63387.360963294464
1998-10-27,134436.8299717545,134436.8299717545,213304.19914053325,62666.98193053018
1998-10-28,142313.68208895452,142313.68208895452,225804.08519862354,63901.12418192014
1998-10-29,147310.61576499866,147310.61576499866,233733.11154292064,64659.29801486225
1998-10-30,148585.94846427266,148585.94846427266,235756.8716580235,64856.25421877478
1998-11-02,154342.9304967633,154342.9304967633,244891.559167142,65703.85917471893
1998-11-03,148715.23653820856,148715.23653820856,235962.22508441887,64915.37593674805
1998-11-04,158928.19006894092,158928.19006894092,252167.02831316195,66411.37516506281
1998-11-05,161539.4920424381,161539.4920424381,256310.35441676545,66785.30649324716
1998-11-06,166954.4103548226,166954.4103548226,264902.0965769719,67541.7963275405
1998-11-09,170080.04862753925,170080.04862753925,269861.4783621668,67973.66485814565
1998-11-10,173438.3018234013,173438.3018234013,275189.93828664435,68431.48745629715
1998-11-11,174508.26452106985,174508.26452106985,276887.62330225564,68582.71769984445
1998-11-12,169430.36533710288,169430.36533710288,268830.6562812217,67928.03589604305
1998-11-13,168906.88219611504,168906.88219611504,268000.06130995025,67868.50955292772
1998-11-16,172430.87085210503,172430.87085210503,273591.4821596811,68350.92389915975
1998-11-17,180409.22084104278,180409.22084104278,286250.5190386263,69415.61631675503
1998-11-18,186240.45553428627,186240.45553428627,295502.78446570155,70174.16657781837
1998-11-19,194488.50504096283,194488.50504096283,308589.7456289704,71220.8800863373
1998-11-20,196982.03019768978,196982.03019768978,312546.15578353015,71536.19042012084
1998-11-23,214064.86866098357,214064.86866098357,339651.0418855961,73615.11654980926
1998-11-24,210655.46471230648,210655.46471230648,334241.43118874147,73235.59990167596
1998-11-25,217629.38750819364,217629.38750819364,345306.76927293924,74055.02176422365
1998-11-27,229744.86172173242,229744.86172173242,364530.0704400816,75440.61409514317
1998-11-30,199861.3188573227,199861.3188573227,317114.646635919,72181.27724477855
1998-12-01,228484.3325424417,228484.3325424417,362530.0222689285,75637.87460689803
1998-12-02,222755.0059334828,222755.0059334828,353439.45190018776,75016.97465925306
1998-12-03,203969.66815560826,203969.66815560826,323633.2553563737,72919.42446424611
1998-12-04,225755.74382463394,225755.74382463394,358200.6430173081,75526.51700409918
1998-12-07,245149.1344974405,245149.1344974405,388971.62094060454,77700.50037282924
1998-12-08,241227.84076737022,241227.84076737022,382749.80832235276,77297.83736078697
1998-12-09,248607.19778224602,248607.19778224602,394458.43811400986,78097.60272523692
1998-12-10,234078.23791815914,234078.23791815914,371405.72336345515,76587.90787651401
1998-12-11,243443.61642243178,243443.61642243178,386265.5207068035,77620.78305728425
1998-12-14,216789.64301977266,216789.64301977266,343974.3689954425,74799.56654029849
1998-12-15,236729.56066148207,236729.56066148207,375612.5067454204,77104.06622054148
1998-12-16,233438.82960765943,233438.82960765943,370391.1911788408,76758.33174802795
1998-12-17,247451.93536013397,247451.93536013397,392625.41391075525,78305.72435532989
1998-12-18,267292.3118852972,267292.3118852972,424105.6124147611,80410.25641544978
1998-12-21,291363.31572202203,288646.546794352,462298.43491536897,82836.06739309357
1998-12-22,282331.07507119834,279591.4175260262,447007.95259199524,81935.19458296608
1998-12-23,303954.524445382,301495.09465139586,485632.79234696395,84307.39079574627
1998-12-24,297954.8846154364,295438.398016401,475101.2953345801,83710.56970385769
1998-12-28,305793.29008921416,303376.73729580716,489087.87489311356,84544.54915086673
1998-12-29,305287.0437980237,302883.2195175224,488356.3482573469,84515.046310689
1998-12-30,299513.30398199987,297058.49466333416,478256.5245099361,83945.06419751306
1998-12-31,310582.1178520981,308258.0517450382,497914.40619976475,85107.76004110755
1999-01-04,318930.608938754,316698.5694752452,512682.1049826624,85961.78669782683
1999-01-05,341802.2339831238,339785.27722645487,552808.1842342655,88217.1895830095
1999-01-06,372193.8588887501,370417.03222679085,605718.3616387353,91044.74106827291
1999-01-07,373276.52490334306,371520.48894947756,607712.8140001094,91158.16906994951
1999-01-08,377017.4777321477,375295.2353575335,614263.5449249347,91499.22706858194
1999-01-11,391019.7244613507,389425.42348257586,638795.7018670095,92730.87840158469
1999-01-12,357087.8956437555,355258.3752673276,580016.7180031212,89900.40843367758
1999-01-13,361854.4330331899,360076.72067856294,588441.7004890648,90349.01909710128
1999-01-14,339559.46659088077,337607.0038980275,549639.9647701106,88376.55027849981
1999-01-15,377037.63716151187,375365.6404250415,614747.2168971638,91879.18412507998
1999-01-19,404972.29549549695,403478.1930065035,662996.4246976549,94296.55908275576
1999-01-20,404763.9316046036,403281.04327193246,662748.8534136706,94298.80423892438
1999-01-21,363937.55970963597,362186.52829794335,592159.8580004747,90964.88328381778
1999-01-22,365041.309810593,363307.47113098484,594157.301011208,91080.65094196128
1999-01-25,382150.2270322626,380539.7122899921,623836.8107086947,92610.71836820163
1999-01-26,417382.1384837713,415980.56801350974,684551.8487990756,95628.90274207696
1999-01-27,398755.40430807153,397258.5221510075,652588.186572175,94154.68797740263
1999-01-28,440265.255152904,438992.05379572895,723920.5105759025,97599.23170879975
1999-01-29,453705.65627683914,452499.7748471412,746971.3543652358,98649.61153362515
1999-02-01,455764.0583322131,454582.22719575424,750624.6570363652,98825.40445216064
1999-02-02,423291.51971779985,421969.23407347983,695131.672566068,96405.04138015436
1999-02-03,447272.7099947528,446069.15403880447,736247.9866509408,98320.42049248637
1999-02-04,391130.9456788004,389630.26903888275,639819.9651152621,94042.92356687515
1999-02-05,369524.9508392001,367892.2339786245,602551.4513644993,92231.24057629427
1999-02-08,393383.2304450073,391909.89113785396,643826.5261746583,94351.19584766787
1999-02-09,339096.9133196971,337236.63695513696,549693.0409852875,89767.16709946365
1999-02-10,343244.7508508036,341429.4181609628,557023.2043710699,90179.80195767136
1999-02-11,393061.274910702,391577.0857526385,643191.6299326484,94843.59042859352
1999-02-12,346016.2480472934,344207.44758452516,561710.6135816748,90852.97761762836
1999-02-16,343808.8323976208,341992.78657838824,557958.9367219156,90664.49215116294
1999-02-17,312762.39174928586,310676.3035039168,503687.20138126664,87738.65307541346
1999-02-18,319299.5973980397,317285.9224569071,515254.0649059477,88423.58595870736
1999-02-19,330950.0322283689,329050.6266575974,535735.8193721571,89608.63725135494
1999-02-22,361641.4213631843,359981.4251081828,589140.2024409189,92599.7536558682
1999-02-23,377932.1249950097,376393.4446976494,617435.1625115541,94096.24926014173
1999-02-24,357122.9991575802,355452.4222162817,581498.8513580121,92284.97776582275
1999-02-25,349463.8946526864,347752.34651557816,568339.80876148,91602.8574768891
1999-02-26,324981.489490442,323075.90481219965,525711.9229763584,89326.55503888258
1999-03-01,330606.8746939868,328765.47194270394,535682.1593259053,89904.92470321538
1999-03-02,307229.7523535216,305183.43137719063,494802.84082678694,87631.72331609856
1999-03-03,312057.93691365316,310068.3009293916,503374.4636932002,88151.15850740774
1999-03-04,326984.6508159673,325137.9838929391,529585.2379966251,89694.66349183813
1999-03-05,344033.0419043912,342364.9685094596,559658.6547765527,91406.21294601045
1999-03-08,375425.8339325948,373987.08102204034,614144.1527349644,94386.48208796431
1999-03-09,372293.35023702064,370857.93219505623,608942.2002885472,94134.43495398424
1999-03-10,377284.33634784457,375891.2997635714,617657.6284129184,94597.93826395982
1999-03-11,379869.3571205572,378500.35394627304,622190.3292797457,94843.8191154315
1999-03-12,361284.32886577304,359805.47792775894,590166.1378397978,93231.12763995185
1999-03-15,387375.99343374185,386061.8030873783,635218.6883982873,95617.77880975087
1999-03-16,394162.98591710697,392895.06994126143,646968.6401526048,96221.97536730696
1999-03-17,389166.62426546786,387881.5768431894,638470.3740545621,95815.39301105494
1999-03-18,409668.65668278135,408497.125945443,673729.1714459951,97593.8220470238
1999-03-19,382026.63939679,380713.3188607532,626292.0805821993,95318.23972539678
1999-03-22,367739.9491740363,366351.66452431417,601759.3178381334,94088.24321018932
1999-03-23,333762.58298708335,332138.6990694576,542900.8761197426,91035.03342715932
1999-03-24,358609.677030585,357172.39807554585,586071.3013883833,93461.94210357055
1999-03-25,393828.81578003534,392603.5912272883,646792.8611918017,96704.04122476345
1999-03-26,384943.50044787687,383678.16179511574,631593.4988302153,95961.33949679464
1999-03-29,426154.5350718234,425093.4425934182,702252.6878679522,99554.56703156768
1999-03-30,415058.4447774637,413955.5384620277,683345.7047819684,98676.35616863148
1999-03-31,403991.7532504702,402844.77599627874,664467.6083070165,97782.78073200367
1999-04-01,425800.7207481199,424757.52285340714,701822.0179942646,99629.91776054108
1999-04-05,467939.5502081101,467060.4251227957,773670.999452643,103044.84954481454
1999-04-06,467228.76307121076,466354.62813407584,772528.5471421294,103009.70806266948
1999-04-07,450699.2253655259,449779.40594912175,744512.0492597241,101780.0331212628
1999-04-08,469906.9031226237,469065.8941303239,777298.2073289978,103289.45408821
1999-04-09,474453.73114765924,473635.1310403515,785092.9351605056,103650.33186165804
1999-04-12,466009.03658716206,465169.74845429097,770803.4706701256,103037.15677036598
1999-04-13,438860.4530861733,437928.41971234983,724629.7494317612,100995.31088850433
1999-04-14,396856.6884323294,395742.59363429825,652845.2440689944,97675.5906329707
1999-04-15,414160.00747635943,413136.51330906013,682556.3689940001,99172.10383762167
1999-04-16,386365.3633682274,385213.21707619325,634982.0250317103,96882.99117606481
1999-04-19,323463.12813667534,321895.3579930891,526201.46346303,91365.20614142585
1999-04-20,352301.26242975675,350949.9621416013,576305.1258272784,94278.87950853971
1999-04-21,389511.08801557845,388378.61419374647,640412.1469771388,97788.93111674719
1999-04-22,430770.92369173485,429828.89699536946,711029.2578205002,101398.05316460837
1999-04-23,445983.42986831756,445113.81006558996,737085.3996636805,102651.98336874656
1999-04-26,475336.79536617914,474571.16840712144,787042.2433662722,104986.62364808055
1999-04-27,442152.41801126325,441287.409868026,730728.2126501309,102498.51415261767
1999-04-28,409015.6561622071,408022.88620269456,674239.5303893891,99872.80733328548
1999-04-29,391700.4947167559,390636.4893557049,644682.0622976093,98428.49142717196
1999-04-30,400621.6002904714,399608.83923881245,660040.8835192932,99225.02205087942
1999-05-03,401272.786777864,400271.87439163704,661234.600985483,99299.8417601299
1999-05-04,379215.7227261894,378114.48223737895,623496.7343596448,97425.78049354577
1999-05-05,409356.0455673279,408404.374577698,675176.1269406035,100132.26737580271
1999-05-06,366904.95752099063,365748.214538185,602438.4262227572,96551.6084230242
1999-05-07,386508.2156976622,385465.95327262,636204.7390284741,98370.09270598255
1999-05-10,395247.4275384032,394261.01268120087,651300.9914836492,99163.02709585059
1999-05-11,417066.90852094267,416183.98398970807,688670.3720138518,101074.56254238222
1999-05-12,440182.47178490425,439394.21439249796,728125.4257454759,103020.08647344715
1999-05-13,417660.95672186033,416796.3941493941,689826.9914384539,101229.42203456331
1999-05-14,387504.7776869647,386515.71935705515,638345.6776027248,98726.49958234167
1999-05-17,413986.0968770554,413121.61205985607,683690.0009574794,101079.07608934867
1999-05-18,404684.18331031466,403790.5505413687,667893.056770029,100315.86680232138
1999-05-19,419140.2609907018,418313.5464309403,692636.6680349282,101569.84311633653
1999-05-20,393188.37767188775,392263.4743605596,648412.9022728894,99423.50774131001
1999-05-21,379424.11479558074,378445.1432083492,624939.8325774561,98238.80258963088
1999-05-24,351474.93720945413,350354.0202586718,576988.3346887946,95741.04135164802
1999-05-25,321398.589350706,320088.79299037013,525063.730800697,92883.52563836047
1999-05-26,345834.37453442655,344696.2738620532,567413.6670913266,95394.79664266239
1999-05-27,344236.3467032629,343098.94572743645,564750.9353728085,95259.99804768703
1999-05-28,363059.106239187,362042.45705420006,597269.8383794649,97102.78794293445
1999-06-01,331060.9560342544,329867.2332669652,542241.2071940711,94135.37661024561
1999-06-02,353576.3297232885,352531.52689272625,581179.7250945657,96402.95615296475
1999-06-03,331865.40305051964,330702.34374418255,543859.4038228516,94354.08454414202
1999-06-04,368573.2805878332,367630.49704715144,607141.0600766527,98027.97485138045
1999-06-07,390228.2617847335,389393.8388542422,644279.3144020614,100041.60765009302
1999-06-08,355490.8558894402,354496.20783828816,584826.5216373504,96979.57347832256
1999-06-09,379207.27249685104,378339.4225433921,625572.876366948,99246.55855338852
1999-06-10,359669.75283476233,358720.1943472041,592209.8665022792,97497.27930786928
1999-06-11,341994.7253077779,340958.98302614206,561917.4779223868,95849.6960811266
1999-06-14,326013.21303747577,324888.0554798972,534424.6277191772,94301.03056650092
1999-06-15,339222.11105455545,338191.55041981896,557333.1129701737,95662.76441072894
1999-06-16,390867.2848749469,390097.75620084116,645927.7953138861,100746.1871622289
1999-06-17,402912.6629531163,402199.0413186405,666546.4816245656,101833.44665246512
1999-06-18,410560.37525669864,409882.9642512585,679643.8613291401,102515.89268299959
1999-06-21,444781.66752191156,444217.1731767225,737810.953547109,105456.04246300919
1999-06-22,410797.5019315771,410136.6801361843,680188.4798300811,102726.69666774476
1999-06-23,426572.6367609215,425976.1378701153,707111.9136972176,104097.66910050079
1999-06-24,396019.4469825695,395330.0161247798,655250.2060701227,101568.51771145371
1999-06-25,396283.30538409256,395605.9908988171,655799.4125142449,101612.30463336437
1999-06-28,426908.75734856754,426339.29124901333,707915.4032575333,104319.41109010387
1999-06-29,446874.744271464,446368.57601380046,741829.144740711,106001.09729382384
1999-06-30,456303.4252721305,455828.2675473017,757854.4950411846,106780.47531295707
1999-07-01,471022.3160175805,470592.26875737,782841.7410306603,107970.87993563522
1999-07-02,486099.2891175809,485708.5722681712,808375.2835227181,109161.7949026146
1999-07-06,475375.6238782714,474970.54637159547,790336.1901028941,108367.03032204529
1999-07-07,481141.4607530297,480754.69669218693,800130.2063429782,108831.76695577575
1999-07-08,501528.0490648078,501186.43755135924,834583.9189155269,110411.0444984867
1999-07-09,512837.49976635014,512520.30693639873,853691.4611093906,111271.07679966956
1999-07-12,507021.98304306716,506701.79567211843,843951.667207058,110865.47072401214
1999-07-13,500110.2175959954,499786.628549495,832377.2914795815,110376.14423942093
1999-07-14,526995.7706919017,526717.8268646031,877689.8741477659,112396.43111833451
1999-07-15,534662.3539304045,534401.6831216067,890649.1657239164,112967.35408164145
1999-07-16,554189.6617270772,553957.5367917885,923518.992888782,114374.88528708337
1999-07-19,530580.2474773866,530324.8785107458,883878.7861976782,112756.49635477866
1999-07-20,468466.03384312533,468117.2995570752,779300.5255089373,108327.27042915452
1999-07-21,488659.11409181426,488354.6872148741,813423.4751933822,109925.46057476816
1999-07-22,438444.7346468781,438048.83845450473,728737.0908461226,106127.98835185329
1999-07-23,449621.97610472154,449259.13933153806,747701.2062571812,107065.33457266074
1999-07-26,409942.3562192493,409491.87317305454,680644.0330349251,103881.53130252777
1999-07-27,450441.4891564597,450091.41063110053,749184.2060753212,107384.8463322593
1999-07-28,464638.1418943291,464324.3353545906,773220.061458115,108550.19087418819
1999-07-29,422792.65263301675,422399.199765747,702617.138802766,105263.4052725074
1999-07-30,426900.392834131,426527.8211069474,709664.8272564933,105631.96883574962
1999-08-02,423261.1025032934,422894.2391871571,703637.6727473366,105349.81889584777
1999-08-03,408926.2639605412,408533.26801952405,679461.8303822576,104160.11721037197
1999-08-04,389950.8356452194,389523.2515739135,647459.6280025569,102541.48370832158
1999-08-05,404264.6565445563,403883.2255189484,671779.670795296,103841.77861532937
1999-08-06,393338.56878749933,392939.8556923695,653376.3305237193,102910.13983795636
1999-08-09,380310.9976261907,379884.0965647525,631365.4556294926,101770.98854309761
1999-08-10,367954.94387055235,367498.74611319887,610466.207572838,100664.33408751318
1999-08-11,406731.49005938147,406390.39258016145,676260.9620699085,104296.89527738815
1999-08-12,391827.5283138907,391459.2357133962,651125.0642890595,103021.37309684316
1999-08-13,440075.59809352143,439813.70907431806,732661.1044178868,107338.07434987822
1999-08-16,443265.6109318842,443015.81676070276,738097.3302256267,107620.71692009561
1999-08-17,456851.08141392,456630.4343992543,761048.5893889781,108753.42238693956
1999-08-18,445032.90141701844,444802.3226476658,741221.1219357285,107826.36959334022
1999-08-19,422840.43883610354,422579.05531366885,703879.7690832722,106032.91538765086
1999-08-20,442588.5172698242,442366.0517852128,737211.2170571819,107723.56271739452
1999-08-23,482599.37385295413,482433.8830217843,804546.9197258934,111020.55636114973
1999-08-24,493792.58022733004,493643.5363991503,823388.9179653524,111904.98874853397
1999-08-25,527915.8598895976,527799.8599730349,880676.9675521606,114518.18254733035
1999-08-26,499759.9410760409,499625.61218581663,833487.2876465634,112491.0712471614
1999-08-27,490424.91438212007,490292.1627126879,817910.2144264489,111808.2776956423
1999-08-30,468471.888304273,468325.8947889252,781126.0583819924,110150.02749812316
1999-08-31,485819.2555334524,485717.94905932655,810499.5477828371,111548.33781835892
1999-09-01,490439.6811799841,490352.76219743496,818345.3571427785,111926.5566253038
1999-09-02,482701.26083337126,482612.5314391617,805404.5682368043,111354.9218710266
1999-09-03,551284.0201738958,551232.3221949055,920281.952407143,116667.47250098144
1999-09-07,541254.3648000489,541201.223440376,903517.6698394915,115978.17008645533
1999-09-08,516846.80962017085,516790.7852691832,862726.776407685,114251.83150055204
1999-09-09,548640.2933093569,548598.9263222251,915958.9706746563,116620.42161646063
1999-09-10,567483.101031383,567449.5845437951,947500.2091075174,117978.15059843
1999-09-13,532694.0475270847,532653.6900898389,889334.8704814969,115583.33021055203
1999-09-14,557742.4395133947,557711.2024861153,931251.940961004,117418.20490241372
1999-09-15,518191.3366431796,518150.16080871684,865105.3659439468,114657.38726536269
1999-09-16,520349.2282835074,520310.91299398994,868735.0581104434,114836.53299328354
1999-09-17,564354.4038942998,564329.8733258975,942355.1919514748,118099.25801558245
1999-09-20,569775.243113383,569753.2104512263,951431.35448379,118497.76534631239
1999-09-21,521467.7810577469,521436.3049727869,870664.4976608797,115164.10030967413
1999-09-22,546621.8799556423,546598.0903400941,912745.2755498486,117038.33698307804
1999-09-23,474188.2345159019,474145.6936734814,791599.9266713964,111879.49450787518
1999-09-24,471911.25193985895,471871.09864845464,787818.3330675707,111719.6751766356
1999-09-27,487551.0323775136,487518.9349082009,814011.7700358296,112976.13921688768
1999-09-28,488298.43607038003,488268.5668205578,815280.0266837984,113053.32824297555
1999-09-29,470423.9987053379,470390.41316120967,785393.1696582653,111690.40525027836
1999-09-30,475565.791011522,475536.6859037148,794021.028522999,112117.69802765988
1999-10-01,473303.86456971173,473278.38600377477,790275.6778662485,111959.72934749081
1999-10-04,510525.84642007074,510509.7554627604,852527.2589948392,114917.78231059705
1999-10-05,512517.3413409347,512504.27341726475,855880.493516339,115087.22346773991
1999-10-06,550156.689739671,550148.7594725586,918791.0902302208,117925.81258579183
1999-10-07,549660.7745308357,549653.7760772493,917971.1666532282,117909.99816243342
1999-10-08,564633.873140902,564628.5889241901,942994.3277497926,119000.63738504327
1999-10-11,579978.1435754577,579974.6132347153,968637.7685675359,120098.7638214066
1999-10-12,544618.1350738519,544613.5456743985,909570.6137147545,117677.19114185305
1999-10-13,497637.2107072732,497630.0208417293,831080.602826317,114311.49019815735
1999-10-14,507455.61882428854,507449.99634342274,847493.1744926134,115082.6565041835
1999-10-15,465870.05138103594,465861.87599137746,778014.8206222206,111956.59190714468
1999-10-18,441444.52609207464,441434.0811088443,737199.4074433785,110017.09726052154
1999-10-19,441332.6163351609,441323.20521670755,737021.7570543024,110026.23231977246
1999-10-20,499423.13595498045,499419.43230876874,834094.6467732675,114874.71229822468
1999-10-21,505800.35095659475,505797.52854265773,844753.6524680892,115382.81124895888
1999-10-22,510951.4766205121,510949.2160847879,853362.0049733004,115793.59135037466
1999-10-25,509681.68326422985,509679.70579555596,851243.753402376,115716.69810298439
1999-10-26,498518.651470053,498516.66079027235,832599.333950874,114890.77082352267
1999-10-27,492888.3811203498,492886.5312580014,823197.0157145994,114477.06259444075
1999-10-28,542297.56762729,542296.8437074646,905729.4618105631,118321.52733053794
1999-10-29,604525.2295983614,604524.9933471093,1009665.3857938765,122866.80575711897
1999-11-01,589766.5544669365,589766.3176001678,985015.6983187875,121887.71377483575
1999-11-02,596697.366335695,596697.1987301499,996592.0398051605,122385.82755450689
1999-11-03,627598.090825815,627598.0118502432,1048202.68502625,124519.20318117617
1999-11-04,648732.4668332981,648732.4254153431,1083501.2878318,125938.01232616598
1999-11-05,686313.2745686623,686313.2579039745,1146268.319573551,128391.17385777422
1999-11-08,708854.5500515748,708854.5419105899,1183916.4413319153,129818.52481055919
1999-11-09,691227.7749982751,691227.7673651531,1154476.5134189958,128764.44083064242
1999-11-10,716461.1126863888,716461.1093570975,1196620.8327568013,130353.07955609268
1999-11-11,756253.4828197699,756253.4817403238,1263081.3759268501,132788.41075459777
1999-11-12,787051.4274485839,787051.4270709293,1314519.5725265392,134613.45079017055
1999-11-15,776050.5430237314,776050.5427538933,1296146.0880699088,134009.0454429893
1999-11-16,827830.6296355341,827830.6295779046,1382628.2881085402,137012.19311795672
1999-11-17,803346.2554865398,803346.2554389746,1341734.9132548503,135684.59016091566
1999-11-18,878979.847912381,878979.847906978,1468056.8214172856,139965.6979423379
1999-11-19,900852.8485327088,900852.848531236,1504588.7258446738,141150.37087390615
1999-11-22,918992.5475239886,918992.5475235955,1534885.334936712,142121.65855084694
1999-11-23,873543.2481381353,873543.2481377801,1458976.7072788575,139802.80017892568
1999-11-24,968158.3359406805,968158.3359406661,1617001.177799631,144873.8854450863
1999-11-26,975304.5139991172,975304.5139991142,1628936.5998358715,145254.84328797355
1999-11-29,924755.988721833,924755.9887218307,1544511.333972735,142769.9728256221
1999-11-30,836937.6435434743,836937.64354347,1397838.664519473,138274.8001283479
1999-12-01,862452.9545959675,862452.9545959673,1440453.892310448,139702.92667936147
1999-12-02,958068.1603601236,958068.1603601236,1600148.742415712,144888.80514683088
1999-12-03,1016743.8620096795,1016743.8620096795,1698147.8766000737,147870.70278555455
1999-12-06,1034309.3703563698,1034309.3703563698,1727485.4824759269,148746.7998937742
1999-12-07,1047471.6282985529,1047471.6282985529,1749468.85627432,149402.45916835996
1999-12-08,1006826.4153918406,1006826.4153918406,1681583.9301189121,147494.83141445048
1999-12-09,1009680.7367182184,1009680.7367182184,1686351.167847736,147658.69741136115
1999-12-10,1043446.6714861905,1043446.6714861905,1742746.4435608461,149329.2195946237
1999-12-13,1081201.5407628606,1081201.5407628606,1805803.9681637143,151155.06104197018
1999-12-14,1005631.6496830124,1005631.6496830124,1679588.4532566557,147658.52476785475
1999-12-15,1073678.944490477,1073678.944490477,1793239.8589875665,151013.53505372626
1999-12-16,1165829.4188213726,1165829.4188213726,1947147.9750428668,155358.94242695003
1999-12-17,1194247.759069777,1194247.759069777,1994611.7915973521,156647.07968427334
1999-12-20,1225888.2657214757,1225888.2657214757,2047457.21431663,158056.49116217162
1999-12-21,1375639.2687776268,1360915.1572688108,2297568.7294782656,164518.6389535273
1999-12-22,1408137.1677648802,1394366.8576439333,2362536.1425094674,166096.62538224508
1999-12-23,1437002.0663154316,1423710.850275716,2417217.7976196464,167405.65148455428
1999-12-27,1445143.6462911768,1432008.0634298217,2432809.571024457,167793.3804483745
1999-12-28,1424146.962154321,1410796.229089739,2394128.6118853865,166931.9465139875
1999-12-29,1542316.6894624901,1530351.0344682739,2613256.490170409,172052.5957529027
1999-12-30,1534564.6159173143,1522567.7982020157,2599371.7411059886,171776.44089361228
1999-12-31,1561437.6607541647,1549780.760562864,2649408.529336021,172907.1642315389
2000-01-03,1656778.75332996,1646161.8960269673,2825568.0141020385,176768.75977148127
2000-01-04,1361166.2601011747,1347144.916616714,2277895.5433053984,165377.93005934745
2000-01-05,1320110.1760197093,1305630.853261051,2201954.133941363,163568.22766989883
2000-01-06,1154420.669706714,1137108.6203225327,1887393.2546453327,155807.16568856256
2000-01-07,1323147.8110970347,1308576.2321410957,2206536.8882091986,164615.5785479828
2000-01-10,1512122.5609552742,1499867.8227510308,2557798.4350229856,173378.68325884774
2000-01-11,1319317.0435385422,1304702.671602384,2199450.6200961135,165311.36279693115
2000-01-12,1253200.6154422024,1237613.788775104,2075225.7166468825,162227.20112465552
2000-01-13,1380208.625206603,1366514.5262623448,2314061.236577875,168478.2941193329
2000-01-14,1474865.0203693057,1462468.6042128461,2491132.8822724307,172804.2428917822
2000-01-18,1531790.842821209,1520103.365931736,2597035.7294649733,175282.3618827021
2000-01-19,1568244.548831927,1556973.5019830149,2664544.526884275,176830.95112213533
2000-01-20,1625251.070444125,1614690.3752431995,2770600.8496721997,179207.12980929055
2000-01-21,1634085.8127926071,1623651.4097214742,2787170.29362648,179594.83679537798
2000-01-24,1411039.3095142762,1398222.56458682,2375469.7021814077,170782.5473664679
2000-01-25,1513219.2961183034,1501665.9285840595,2565486.735730124,175365.28484586577
2000-01-26,1360304.8427075422,1346970.459837915,2282022.896203002,168936.31572147863
2000-01-27,1330722.9559906228,1317139.9351040074,2227973.379461776,167631.28303891697
2000-01-28,1185189.8844900173,1169341.900625358,1953512.135422313,160776.3468073591
2000-01-31,1296262.3764774383,1282193.1825628276,2163395.893619022,166561.56793347927
2000-02-01,1423124.5408875647,1410936.2953911303,2401878.2648779987,172711.4285018721
2000-02-02,1446025.406731335,1434175.5311562312,2444918.907200487,173773.7027956083
2000-02-03,1580011.24425874,1569723.7180897803,2693308.757732903,179689.3334449626
2000-02-04,1605519.2842970872,1595549.5556492591,2740764.084000009,180776.56504787476
2000-02-07,1672964.0941661445,1663641.0602031772,2864649.029431351,183532.38457487413
2000-02-08,1826770.600452792,1818795.018358672,3146120.4499622188,189576.04503676607
2000-02-09,1705287.508364706,1696463.6565645537,2925576.0329829776,185179.88437739006
2000-02-10,1851782.8220316996,1844164.5564246124,3193028.641585363,190855.70515435294
2000-02-11,1693995.910970993,1685438.0149052758,2907908.6372719253,185208.76890912405
2000-02-14,1713870.3066271765,1705508.8537761508,2944462.88088411,186017.68505377072
2000-02-15,1725776.196280413,1717642.06472821,2967261.390709522,186530.78287427814
2000-02-16,1725970.2103106687,1717882.9805160274,2967987.67417257,186579.08865410756
2000-02-17,1881719.1324977402,1874675.379480476,3250377.5752880154,192529.55498579398
2000-02-18,1672661.9332264878,1664245.5677315048,2871563.997862845,185084.2868459623
2000-02-22,1675703.102606993,1667368.6125053104,2877583.055776488,185246.43507595235
2000-02-23,1916184.4348374582,1909429.1583126204,3313339.7424779753,194630.00876018332
2000-02-24,2024929.3134140398,2018787.4471553117,3509560.443476164,198506.62123749484
2000-02-25,1921324.6993717114,1914717.0557714193,3323589.2388121444,195035.55151379615
2000-02-28,1898535.1778368414,1891840.0975151986,3282805.187861577,194272.38106635286
2000-02-29,2035033.0650172227,2029131.0942717548,3529293.9061913393,199169.1412072387
2000-03-01,2091899.024867319,2086332.6487844086,3632025.3435239517,201137.58820373818
2000-03-02,1985596.9417162605,1979563.251299149,3441299.130858609,197653.16841140276
2000-03-03,2268365.2400767673,2263534.637968662,3948310.976477232,207395.70330000253
2000-03-06,2288289.9505081316,2283613.4237422054,3984605.7233276214,208068.642964838
2000-03-07,2187640.2052473794,2182614.3884968683,3804786.1102020578,204976.2631871504
2000-03-08,2266176.771257336,2261482.6975852414,3945584.724789728,207541.6999732698
2000-03-09,2474802.39023165,2470797.487930477,4318026.65164914,214109.44531126344
2000-03-10,2474842.2541921358,2470891.244726132,4318539.341495218,214156.57787349581
2000-03-13,2219910.1613298818,2215137.5877486113,3863599.3072451786,206675.07882530114
2000-03-14,1927510.0519411417,1921408.0396754867,3338616.223301961,197351.44166910223
2000-03-15,1799198.6044632534,1792392.5140512092,3107251.165678856,192828.27688887392
2000-03-16,2078396.9590691056,2073019.7786582627,3609841.3450804497,203259.59182287214
2000-03-17,2198094.2668066123,2193275.7156416513,3824867.468550183,207332.1218500425
2000-03-20,1938867.8294117542,1932906.2563071991,3359737.5675778394,198965.22471893218
2000-03-21,2185747.2110048565,2180942.527795135,3803274.1646128427,207756.63033159592
2000-03-22,2396316.0206624134,2392267.439491579,4179682.070899756,214647.99425402586
2000-03-23,2492559.510383363,2488862.74737519,4351775.866973746,217632.71489264365
2000-03-24,2540005.814687054,2536473.1109806653,4436537.963153594,219084.996453294
2000-03-27,2559379.2793736435,2555977.343544811,4471672.154922229,219702.88536579584
2000-03-28,2363803.0392686115,2359883.6306677093,4123582.278922831,214041.75213379855
2000-03-29,2106702.1377665172,2101888.9931108844,3664236.564291827,206132.68425653764
2000-03-30,1878629.543471588,1872779.5555358492,3254749.840437684,198491.30475854885
2000-03-31,2066279.243985015,2061375.490968985,3592425.4645998282,205391.53945283356
2000-04-03,1629575.7865006225,1622215.9475865848,2804491.7399840388,190413.237996096
2000-04-04,1579966.4213323705,1572294.1467237433,2714708.2244079895,188416.49968517676
2000-04-05,1574639.6919478446,1566986.7036000092,2705501.7633932605,188238.37277203985
2000-04-06,1636220.9484699785,1629073.3293702097,2817917.4093797156,190880.3557843575
2000-04-07,1869829.582506842,1864091.8052744893,3240200.296739211,200450.55812696004
2000-04-10,1502698.7895546737,1494477.6479541895,2574357.333526224,186757.16411435054
2000-04-11,1407660.0100530193,1398687.7549158232,2401102.230709218,182602.11769834327
2000-04-12,1134317.7573517882,1121887.4731223304,1892143.0466824726,169733.914043137
2000-04-13,1067703.3394763148,1054238.6476646804,1766533.8339078312,166009.41620206664
2000-04-14,803171.9926505194,783432.5465910921,1249932.077303013,149857.64527142674
2000-04-17,993092.1229334517,978380.2711377509,1625118.2829627532,164879.39729715366
2000-04-18,1127384.545766896,1115173.940404746,1881758.014137396,173589.19575829656
2000-04-19,1020172.1225044552,1006246.1498175199,1679181.4630801408,167392.1969717769
2000-04-20,962671.4235653864,947640.5407499131,1569015.944254856,163762.49135381903
2000-04-24,858060.2654393753,840517.0455874858,1364467.3724464707,156676.36452562813
2000-04-25,1025657.9028938283,1011993.1736365474,1690971.4550003477,169202.41325058608
2000-04-26,940515.2852780353,925218.0439203149,1527876.0053595847,163793.82527734354
2000-04-27,1067241.5627514475,1054474.5525924063,1771451.838473495,172528.20544027738
2000-04-28,1127927.3150947522,1116191.1687876612,1886608.838363762,176298.65344465122
2000-05-01,1172045.6327098843,1161098.168260544,1970649.880632516,178950.24909688087
2000-05-02,1005758.4369458257,992219.6925069094,1657021.1394538134,169491.2428501897
2000-05-03,958391.1383680082,944019.0608211544,1566901.3990652808,166451.04471695685
2000-05-04,963097.0451019772,948998.545152215,1577421.6020987495,166855.46622942385
2000-05-05,1043807.7509519962,1031316.962551719,1732521.6862352213,172356.13847221
2000-05-08,920748.6231379202,905881.1787374165,1496654.2875647775,164567.58895158116
2000-05-09,870255.1036590893,854253.6087348615,1398568.6780228133,161004.06519657694
2000-05-10,748110.9574315508,728435.4314872612,1153654.94826132,151636.71914553808
2000-05-11,819278.9957420253,802070.2382172418,1299033.3674403809,158035.30912595833
2000-05-12,832648.8941635838,815961.6289268085,1326821.6691975845,159192.47119397332
2000-05-15,894586.5195453784,879621.6843063771,1449859.194075351,164143.67641974252
2000-05-16,980198.4139477079,967142.2026801258,1616047.2962956154,170446.71782042194
2000-05-17,913007.8283055414,898633.3238761454,1487093.6641921836,165945.74814634703
2000-05-18,832736.3252772114,816459.6870010379,1330347.7356011316,160147.0944118372
2000-05-19,736597.4058311171,717316.8730456356,1136657.0830627058,152405.637076934
2000-05-22,737812.0468042169,718720.080281878,1140341.165094199,152599.50493246742
2000-05-23,618530.7936565188,594116.5340969008,886923.9732758936,141324.72732421072
2000-05-24,680953.9784888275,659934.4298289762,1024549.0906213758,148661.66026548605
2000-05-25,644015.6727665906,621305.1344125685,945720.75223842,144877.50037037703
2000-05-26,644254.1131201697,621675.2980439074,947221.7545041759,144981.9160798859
2000-05-30,780582.1351778578,763635.3591002537,1233152.4975042834,159597.90631769854
2000-05-31,731837.3208923717,713381.477781095,1135061.3666257393,155396.75676324044
2000-06-01,829779.6449186204,814595.4587686697,1334121.6131117053,164511.79335838332
2000-06-02,967808.786835507,955770.4957188542,1602625.1249922859,175580.93004189
2000-06-05,949927.2558093967,937661.558564244,1569320.2215745905,174399.51423562842
2000-06-06,893775.073190258,880522.542612177,1462495.2406208613,170476.96526720392
2000-06-07,949013.7363208518,936983.6614629187,1569649.2702439136,174674.31192419722
2000-06-08,929232.8913002737,916932.4528394998,1532652.4110123157,173336.6264060708
2000-06-09,962694.0689560844,951129.0290427203,1597519.6752617005,175816.4476402378
2000-06-12,880992.3587430345,867906.8193230438,1441393.5654247855,170123.82252098707
2000-06-13,958992.4539788294,947552.390242809,1592038.3059093775,176084.33151668723
2000-06-14,899178.6908260059,886802.0710407504,1479188.8602369241,171958.7936228198
2000-06-15,945253.8921880807,933868.7214576943,1568335.5398175828,175447.43105827528
2000-06-16,967716.3839110124,956820.1812782603,1611842.299561062,177104.61138319978
2000-06-19,1065941.3648423876,1056665.4555634207,1797837.3321091952,183951.97494848468
2000-06-20,1065003.155291094,1055835.0588001339,1797073.3119593505,183962.43989616647
2000-06-21,1090671.9093942938,1081929.991276581,1845701.2866462835,185658.2776295613
2000-06-22,966527.2401470883,956070.526571523,1613361.072036214,177904.80594076117
2000-06-23,886643.4825657159,874778.1281402915,1461349.7422166727,172352.7145809699
2000-06-26,939191.4127858954,928462.6432038909,1563067.998003282,176385.8441669136
2000-06-27,891291.1601718424,879748.2042546149,1472168.5247443186,173001.65316772368
2000-06-28,935411.4638588686,924805.9228515747,1557434.55822747,176376.00995788898
2000-06-29,866656.47530653,854794.5859970243,1426239.304214033,171458.50466849
2000-06-30,925360.070361182,914762.584092322,1539829.4859606356,176044.37833034195
2000-07-03,950944.0023191371,940897.1130190466,1589330.148200076,177965.80150299188
2000-07-05,848845.815323681,836905.3568365591,1394281.3510661758,170720.96361309924
2000-07-06,933745.2874752617,923591.2543895463,1558213.3731899322,177445.7188613679
2000-07-07,963955.941464196,954405.830004306,1616286.154159502,179685.3945538304
2000-07-10,917192.9046481188,906933.8137340839,1528250.0373775465,176458.74071027464
2000-07-11,898758.620380063,888253.1530986561,1493817.5488890044,175168.578174603
2000-07-12,996770.4291053265,988007.3184103561,1680440.2745448258,182498.01072700083
2000-07-13,1034234.9769165565,1026085.242433921,1751343.6789893259,185101.02720885148
2000-07-14,1093658.6632457492,1086335.5566213778,1862604.5287511996,189057.57884919771
2000-07-17,1108196.9240356006,1101132.7510549277,1890290.5984472765,190031.89327128915
2000-07-18,1031111.84497911,1023272.475235495,1748401.8732294617,185314.95773402057
2000-07-19,947691.4434302539,938736.0566540661,1592576.0467414884,179846.41890475902
2000-07-20,1047058.1273860447,1039654.5923283214,1780016.2020090986,186937.92102111655
2000-07-21,984120.0998603418,975964.7564930057,1663191.3052724155,182885.42228917422
2000-07-24,903240.5632657636,893931.5959619181,1511523.6860994315,177362.6303008861
2000-07-25,949432.8861870958,941029.8939233766,1600174.3033558899,180865.32144493272
2000-07-26,917637.0660722799,908818.8775020775,1540864.606470433,178666.71691901295
2000-07-27,830130.4791927484,819798.1626048393,1374585.3460271782,172275.4194795914
2000-07-28,713167.2609407238,699919.1297648951,1145007.1399524533,162718.73310655105
2000-07-31,777866.9663876247,766577.4396317842,1274840.2706792215,168901.34538475497
2000-08-01,729896.6408934,717415.3649238216,1180716.793595582,164777.99453499445
2000-08-02,713615.15933382,700770.368749586,1149107.098421004,163340.12193617105
2000-08-03,778971.678134132,768077.1151656207,1280026.1679533143,169575.59751787857
2000-08-04,775502.9778058882,764641.183589709,1274197.0111329004,169351.71919602065
2000-08-07,824468.5190340767,814846.4396859321,1370464.091373661,173650.1157968689
2000-08-08,809838.1038112966,800020.0685101594,1343133.2228815465,172530.09978973007
2000-08-09,812569.4843048161,802969.1236481091,1349722.9231414418,172846.37442851992
2000-08-10,756698.3160489213,745909.0685544907,1241732.5856014383,168270.78463283155
2000-08-11,781708.8651466338,771721.8621887153,1292291.8962219183,170587.8733504699
2000-08-14,822039.3440053831,813050.8924709674,1371397.18393723,174102.34900920893
2000-08-15,822913.6291253348,814056.2693225875,1374010.8698704545,174247.38266400233
2000-08-16,821261.2275451078,812485.5644274111,1371776.7544123845,174187.3993412285
2000-08-17,883727.0239718527,876215.631564492,1491980.1263775139,179309.6294425001
2000-08-18,868603.1799409771,860950.7906586954,1464233.1294228297,178233.5220251636
2000-08-21,879852.7763080398,872524.1609420952,1486669.9547546224,179179.14082192347
2000-08-22,879146.4822682001,871912.8772440231,1486208.5196161468,179196.0357589646
2000-08-23,920908.7436613564,914430.9363135664,1565837.342442318,182431.82359895634
2000-08-24,953938.7034528235,948018.5787443582,1628486.9612583856,184900.9502805484
2000-08-25,940886.9554842436,934898.0502676724,1604975.9804358694,184047.69020688877
2000-08-28,955074.1172608773,949374.7596908238,1632296.2110871256,185128.38507071664
2000-08-29,952638.9775393552,947010.3711133102,1628596.0815295388,185025.1099146308
2000-08-30,962920.3524717367,957514.8338441559,1648503.784822797,185815.60485800527
2000-08-31,1035500.5410145029,1030970.5178188081,1783296.2435725892,190916.85013928683
2000-09-01,1049866.3723840339,1045615.6545527756,1810846.474135594,191937.86645339528
2000-09-05,968131.7907273932,963146.2031707319,1661114.7129809195,186685.72862751808
2000-09-06,867099.0433571946,860896.940535423,1473499.490188809,179694.31492897964
2000-09-07,937449.2028624864,932326.6793762896,1606047.4433785847,185118.05063803628
2000-09-08,845445.2761669997,839151.7748153455,1434679.6569573062,178570.62693956116
2000-09-11,781268.7907249536,773958.5722949922,1313501.828048078,173578.47708659817
2000-09-12,758392.2528753554,750734.6665241931,1270430.0586051214,171715.59148607988
2000-09-13,797878.4505447134,791163.7831644258,1347594.1341177754,175226.22448688335
2000-09-14,794546.1461971796,787889.2783311824,1342210.3433561192,175027.61889794795
2000-09-15,759275.927764076,752069.7211984108,1275690.6813841374,172170.8794699777
2000-09-18,709842.3564222625,701626.3992743001,1180489.3905794867,167922.1376767977
2000-09-19,796040.6722059015,789848.2197239789,1348651.952921258,175929.02384239147
2000-09-20,814440.1630560595,808688.6053847512,1384620.7926392786,177527.92884841884
2000-09-21,771599.7557446812,765283.2871368711,1304664.1905829392,174145.9408508979
2000-09-22,761384.9966463471,754996.9001999688,1286117.4985107533,173355.26943961007
2000-09-25,717819.842516425,710637.8724442975,1203006.3273089891,169655.4684203121
2000-09-26,696809.2265681651,689254.845320153,1163009.338078224,167808.89934022873
2000-09-27,690593.6533506636,683028.0432579297,1151989.601027578,167312.16536642896
2000-09-28,766143.9913158353,760386.4384135943,1299662.6879976739,174494.56665044092
2000-09-29,681643.3130440628,674196.6335607208,1137230.865929283,167259.72278571862
2000-10-02,626828.8392914195,617938.957936951,1029009.6767962518,161987.2517038497
2000-10-03,580783.2636885997,570311.4714528247,935065.7976620969,157089.76257820614
2000-10-04,619983.9885092694,611248.9718281444,1018247.690870372,161779.01656989113
2000-10-05,606523.2390680334,597477.1221729694,992027.551530526,160422.43431910523
2000-10-06,559042.6618175567,548205.0215761781,893839.3310621517,155161.47339700442
2000-10-09,560718.4784822018,550151.3676084605,899007.3382050783,155491.2357664217
2000-10-10,511645.6239195737,498602.78881039954,792400.621072991,149375.8353316774
2000-10-11,482873.3148721425,467971.8797171362,726552.2815266392,145267.71303470185
2000-10-12,455250.35021296365,437991.59649301943,658628.765104985,140769.57590599565
2000-10-13,528071.7231539614,517069.0527514953,838034.3862754817,153578.98215985973
2000-10-16,517289.2484328692,505897.4583056826,815882.1360573513,152256.17905746354
2000-10-17,490863.1316890154,477989.4403070699,757252.3196244667,148639.25246030907
2000-10-18,479753.82707648317,466342.9810710656,733309.7082458402,147102.13935627087
2000-10-19,560950.3736895577,552606.8841225688,917676.9587071826,159459.3091526614
2000-10-20,580896.4991758025,573510.6911189503,960609.1292442321,161977.57459243707
2000-10-23,565856.3451780481,558115.5870711289,931252.1339904302,160359.5933074778
2000-10-24,538066.4338060794,529382.0571185783,874645.4006992484,157142.16157481403
2000-10-25,451849.7576561427,438160.63113707054,681966.4952904135,145634.13345377104
2000-10-26,466539.8867897341,454434.72043817455,720801.6044116532,148427.38741736172
2000-10-27,467627.4532623779,455917.83751657134,725962.1781661477,148810.99999012394
2000-10-30,440347.6373579755,426566.0333764323,660985.2786880353,144400.71433775398
2000-10-31,492789.4020820939,483509.07557844685,790150.0882228819,153835.2112319033
2000-11-01,473464.8151867944,463256.0159947729,748550.5197602233,151165.9840889924
2000-11-02,497930.3501908862,489491.0878087102,806095.7268186867,155069.57166919418
2000-11-03,501241.90471230913,493237.71731041296,815490.8665845311,155702.7292238451
2000-11-06,489523.3709356239,481156.5222191757,791910.2381004507,154232.80083857328
2000-11-07,484804.30973893567,476439.02995046246,783626.6034856231,153725.56655685246
2000-11-08,417273.80126678175,404070.80131743377,625171.3690953929,143394.51536884203
2000-11-09,415614.9420604679,402575.7239365587,623600.0409754298,143302.7721213284
2000-11-10,380197.570205341,362271.51236187125,521199.0878363209,135487.263649281
2000-11-13,371426.7253297594,351811.69216769835,491908.13727905956,132976.0021743717
2000-11-14,400491.0858014808,387474.5621579195,597197.3700645425,142489.83752514157
2000-11-15,407029.2085635206,395244.9612730062,618812.2707525826,144237.14032239796
2000-11-16,374777.8861624423,358724.6551818053,527051.7722423944,137136.3062572517
2000-11-17,375050.4280559558,359540.46019271953,531992.5800851233,137591.98614145681
2000-11-20,354035.76797341893,333561.41520153754,454275.9909065471,130919.15070957212
2000-11-21,352439.75909342885,331928.737298921,451168.91699598514,130646.59581831566
2000-11-22,342506.7645221184,317097.825097483,393480.7345941288,125104.1415308561
2000-11-24,350549.1077529518,332111.5425295061,464873.65867335314,132695.18925770314
2000-11-27,343875.61279185547,323190.69636204786,434684.2594456004,129849.00854264184
2000-11-28,334825.85355727514,307552.6132949104,364666.0871771474,122902.77110534105
2000-11-29,334027.827104212,305974.21718229924,356854.1475611174,122049.49304048519
2000-11-30,334114.87497908226,301196.5732567301,317054.9443605878,117536.35180748704
2000-12-01,332479.6000562541,301887.6046224154,333285.2381534917,119564.8768233974
2000-12-04,331954.828884684,301676.8181067584,334941.3057404096,119786.24071753112
2000-12-05,331724.5194251863,315770.9093740957,452178.3680290072,133785.57976161558
2000-12-06,323552.4268384224,302999.1882137904,400035.7620785883,128669.22118098874
2000-12-07,322005.67192047683,300491.4676963382,389424.3129669478,127556.62126756465
2000-12-08,326390.8581890415,313091.2041479293,464597.4651981524,135789.20788565674
2000-12-11,331642.77624362253,321733.57524893776,501675.55799530196,139428.00730645432
2000-12-12,318908.5853101566,304931.8703948906,445882.4831749967,134286.4534641309
2000-12-13,313603.5639097899,294230.8518168019,392240.10332556587,128927.49397677262
2000-12-14,314566.15087295836,289249.08845912263,345113.2653881813,123789.19114747361
2000-12-15,318529.33742663683,287748.6729388334,307209.98213178513,119281.48143196695
2000-12-18,318629.67413310055,287808.30773734156,307052.11033541185,119284.32146723913
2000-12-19,327167.8573988869,265003.6260396717,254930.26350442346,112558.12224046706
2000-12-20,255775.14928025598,207176.04274758065,194463.9519324028,103680.9506031619
2000-12-21,260075.81447881702,210659.55081913236,198196.4328719026,104364.51939141152
2000-12-22,326222.8095726493,264238.1440552097,254596.6306565988,114284.4534548419
2000-12-26,314328.5869206655,254603.90872182875,244540.12301020176,112802.01458067857
2000-12-27,334119.1359204439,270634.1119574199,261380.4911440149,115413.41046266942
2000-12-28,335580.3814111603,271817.71036055346,262651.8174792936,115623.04772410705
2000-12-29,289116.48174085625,234182.28373133607,223218.44857330114,109859.23073808341
2001-01-02,218336.37790396213,176850.9055288231,162222.52323298043,99872.85582306818
2001-01-03,324910.30010462773,263175.0207673586,253498.43418784998,118622.67500932526
2001-01-04,300498.1640762108,243401.36507166247,232821.10719794754,115419.2346947642
2001-01-05,236482.98313655506,191549.5260631885,178141.9716767499,106404.88727702836
2001-01-08,239980.77134235008,194382.70950921494,181282.44174921318,107049.73684526721
2001-01-09,248011.59828138392,200887.62192897729,188312.9769193089,108453.30883977609
2001-01-10,276981.53452502773,224353.0632218352,213228.5119888834,113256.38636767189
2001-01-11,311249.1664349032,252109.60013871844,242432.16499550763,118447.73454910262
2001-01-12,304828.7301860033,246909.09266759295,237060.37098345475,117594.67625335857
2001-01-16,292834.75663662323,237194.05982029697,226920.28012022356,115939.63649125383
2001-01-17,321201.0144494984,260170.52589906304,251044.20221411414,120069.48764053454
2001-01-18,359972.86637565575,291575.44883493055,283831.3865963827,125318.73420605673
2001-01-19,354198.9385598832,286898.60857367737,279007.8288940129,124631.8846250378
2001-01-22,349271.19209518755,282907.16915866046,274889.93706415046,124041.66662833303
2001-01-23,381201.8561718816,308770.77883429546,301877.3659466465,128123.76962100908
2001-01-24,379540.57553408935,307425.15339179453,300538.0464705701,127957.86427974462
2001-01-25,328067.9676320972,265732.70889497595,257205.3446766031,121831.59305353549
2001-01-26,340510.79522385506,275811.3103083846,267761.9097591681,123520.80104438329
2001-01-29,362975.12915452477,294007.260226947,286786.12000687124,126468.87047613811
2001-01-30,359545.77062409214,291229.50432885846,283969.34850209364,126078.08713662619
2001-01-31,324310.25654501806,262688.9897729249,254293.61087490537,121709.42558218206
2001-02-01,329240.2366977833,266682.2384593126,258347.25449278107,122376.95696561213
2001-02-02,281761.5357164936,228224.83002155487,218107.06541059096,116044.07243257249
2001-02-05,280085.3914174118,226867.16511964842,216719.15778203466,115817.77379317967
2001-02-06,281752.2627561977,228217.3189899943,218188.6722782326,116099.35873186418
2001-02-07,261867.3933599866,212110.71690745372,201265.24529997614,113117.53342443633
2001-02-08,245943.49743581022,199212.47502594718,187647.91881740015,110585.75513555214
2001-02-09,219791.95804264088,178029.91503729968,165125.41000730018,106180.30382580009
2001-02-12,225949.7185614673,183017.65704455742,170525.82440700015,107356.00370647071
2001-02-13,205649.63037304505,166574.73070812898,152920.35018868968,103679.80560507465
2001-02-14,228807.49498985684,185332.435525411,173090.34871365732,108255.9493761684
2001-02-15,245697.0566357447,199012.85973934561,187701.44825205178,111320.53938779404
2001-02-16,202045.34396676545,163655.2844809128,149968.84588803042,103880.1909903685
2001-02-20,174765.3586008598,141558.69131998945,126029.7307218169,98370.58789745772
2001-02-21,167251.17530389738,135472.25655756117,119374.53491967247,96655.87513141448
2001-02-22,161998.57857249983,131217.6907484041,114777.72330343306,95431.7485378225
2001-02-23,166348.00046286994,134740.69139182955,118732.12767487632,96544.03139165165
2001-02-26,174309.3847105611,141189.35572795043,125883.06987311978,98498.74617680929
2001-02-27,147502.2393089156,119475.7595584236,101861.19636266444,92250.18977285083
2001-02-28,137848.8909131951,111656.61635582217,93074.21475451929,89613.33576598794
2001-03-01,147356.86587576658,119358.0081166389,101769.66591049748,92418.94203111978
2001-03-02,132633.6714950453,107432.325903239,88279.05202385383,88350.61536366493
2001-03-05,137838.6109581211,111648.28966568888,93216.16486327646,90012.34377506535
2001-03-06,147219.9879808199,119247.13800007569,101876.49542125214,92814.86901827187
2001-03-07,150504.9983156035,121907.97289142653,104913.50207791907,93752.59249714347
2001-03-08,140375.97125205034,113703.53336782468,95711.34502435826,91027.10970619877
2001-03-09,120362.76004479053,97492.97533566611,77132.61624550515,85152.42407169628
2001-03-12,102871.82002047042,83325.43893359222,60203.837611048766,78936.93698048708
2001-03-13,114634.8953796812,92853.4458972108,71898.33323813976,84061.18485138126
2001-03-14,108991.42549919056,88282.27563107946,66496.02632813172,81969.76137882388
2001-03-15,103461.03813364267,83802.70139378717,61070.97520003832,79754.23398557075
2001-03-16,97947.68586455712,79336.9254628699,55605.413639388105,77388.28661508269
2001-03-19,106157.62647445577,85986.91867580614,63980.626162985485,81286.52712594002
2001-03-20,93330.42994561089,75596.98117065884,51087.721971625244,75839.95535929118
2001-03-21,92377.16949460597,74824.8470188356,50170.69569583494,75398.78869913831
2001-03-22,101017.42407073046,81823.39146871786,59232.26607944665,79950.70439834034
2001-03-23,101266.26983710672,82024.95476084143,59532.71262447819,80099.17699985493
2001-03-26,98296.33609132469,79619.32965455156,56561.74466948483,78780.05068050313
2001-03-27,104090.80772229438,84312.81025927617,62480.44819322954,81541.03592574208
2001-03-28,89892.69600502434,72812.44125020948,48045.97623560275,75275.28647752106
2001-03-29,86575.76060848155,70125.74728702017,44509.75530205997,73441.02942634306
2001-03-30,87280.52849694184,70696.60423929893,45354.3654386569,73917.77560710847
2001-04-02,83087.81403361663,67300.53549170337,40435.68833373677,71256.9430914138
2001-04-03,75070.44052851302,60806.52025726526,31019.14912095419,65736.46337184425
2001-04-04,73624.91439716343,59635.65442286364,29124.77733295478,64408.30831681822
2001-04-05,80883.20756584784,65514.820010378,38566.44896145447,71378.11123941204
2001-04-06,76332.54899141309,61828.81909121243,33152.14745635296,68048.78462385526
2001-04-09,78046.71966226179,63217.28508245411,35409.80437668207,69603.88542014715
2001-04-10,84985.85419705664,68837.93445772493,43761.95384635933,75087.0343273553
2001-04-11,88609.7483671328,71773.26283346859,47811.270346788326,77414.45348999673
2001-04-12,93915.51325394373,76070.89446848766,53620.297653859954,80561.54337454615
2001-04-16,88141.91299461441,71394.31952561229,47586.57936500419,77552.07494085147
2001-04-17,89580.89598200603,72559.8854601755,49410.836074950974,78554.92312289067
2001-04-18,102916.00708167654,83361.2301373393,63516.95771178623,86042.37859784128
2001-04-19,115819.77758579848,93813.19201514359,76241.29114309957,91801.13874897263
2001-04-20,113296.562423934,91769.40576887697,73903.79495789521,90876.98108962241
2001-04-23,98919.78330774198,80124.31744372027,59922.860787599275,85160.23878618306
2001-04-24,93969.72503349658,76114.80562244327,54970.61732334489,82827.26527799424
2001-04-25,98512.34586636661,79794.2960283917,59826.863590290304,85278.97760097195
2001-04-26,93476.65627308606,75715.42345075161,54758.597514684865,82883.85430295422
2001-04-27,97607.3232374796,79061.23416770104,59129.08115187281,85101.60481081103
2001-04-30,101864.05895878383,82509.15967666349,63483.89122129994,87203.82841109841
2001-05-01,108668.6685983329,88020.84484831063,70018.23564381734,90207.72941398759
2001-05-02,113430.96743757326,91878.27286925627,74746.08331582605,92250.47137614334
2001-05-03,103389.80990184395,83745.00703513864,65051.45977792406,88274.80667377725
2001-05-04,108199.02150395344,87640.43405869626,69843.23643381457,90454.3949803354
2001-05-07,104898.55651033443,84967.08100415191,66693.07326762848,89106.87080206211
2001-05-08,108414.10437067863,87814.64964342496,70241.47778940045,90699.40368731882
2001-05-09,102469.80354952866,82999.80846556816,64467.897323654135,88226.79698698627
2001-05-10,98380.12251989223,79687.1960628224,60500.80681539814,86429.19368310989
2001-05-11,96601.22575483497,78246.30239790573,58789.92719909687,85626.34953605247
2001-05-14,94062.4597680566,76189.92009460938,56238.47817685588,84399.3834054102
2001-05-15,94151.1457792859,76261.75512981611,56409.200249761416,84496.36360893384
2001-05-16,103525.30212068564,83854.75476396098,66031.88954042786,89312.62082477228
2001-05-17,106145.73542246435,85977.28700868518,68686.56160221723,90521.74660333726
2001-05-18,106317.83805414321,86116.68891023038,68936.13720783782,90643.80164203396
2001-05-21,120082.21509205634,97265.73592916466,82310.21145530941,96518.07090407038
2001-05-22,118763.53674752725,96197.61589543488,81122.49537170005,96067.06622247602
2001-05-23,107903.32765725303,87400.92415635983,70925.0627209981,92054.90136991198
2001-05-24,112898.69857358305,91447.13889385035,75880.21144202688,94211.32038626322
2001-05-25,107779.15540930079,87300.34552304768,71010.40759720565,92208.82696508653
2001-05-29,98093.33881996243,79454.9033156843,61511.03748044798,88109.75032333597
2001-05-30,88758.52554564257,71893.77128466702,52179.39510376982,83666.22032274514
2001-05-31,90406.29335867503,73228.45143569625,53999.80903746119,84650.66800693178
2001-06-01,93869.77620303225,76033.8477841579,57667.28023370485,86578.13080969556
2001-06-04,93514.89702173858,75746.39818383193,57461.74723041047,86486.59873921493
2001-06-05,101261.53218678094,82021.11729794025,65417.40289767819,90489.30796954593
2001-06-06,99126.13325108637,80291.45942292969,63350.125647912835,89547.95148517314
2001-06-07,104990.21837502008,85041.32645938819,69266.37627454568,92347.28559103335
2001-06-08,97749.95973400566,79176.76871038356,62143.24291964725,89193.79963923774
2001-06-11,92875.43120003631,75228.43543887643,57234.99899402054,86857.21092942584
2001-06-12,93276.71563158164,75553.47296022171,57730.85905794594,87119.40510019335
2001-06-13,87657.12346508425,71001.64347175739,51931.222294540974,84213.46627609894
2001-06-14,81308.26321445359,65859.11204763592,45055.21649804423,80507.69348143449
2001-06-15,80551.85504623999,65246.426837859224,44262.01031911543,80045.77410948265
2001-06-18,78130.07281304624,63284.800538817464,41513.304425059425,78399.27705134179
2001-06-19,78631.01350663682,63690.55892011983,42203.20678729141,78843.83455464934
2001-06-20,81533.2168343658,66041.32287189426,45639.14775150408,80993.81855423226
2001-06-21,83555.84455143573,67679.63686585844,47983.37947165011,82391.14967020461
2001-06-22,81712.50277218755,66186.54320007203,46015.7272253185,81275.72472098807
2001-06-25,82792.21317789817,67061.10091139766,47313.92839898922,82050.67735988619
2001-06-26,83271.9953923974,67449.72107586762,47927.09304986659,82415.85637121786
2001-06-27,83521.51292264785,67651.8284919278,48272.88180979062,82624.84516676876
2001-06-28,87412.99925586587,70803.90460718407,52621.68082747512,85116.81840585648
2001-06-29,89057.75203484231,72136.1426021781,54459.26163269802,86118.73026090983
2001-07-02,89029.64077257042,72113.37268066492,54442.6429135728,86120.78070686842
2001-07-03,88277.30154134883,71503.98328076876,53709.43254234934,85744.97868278569
2001-07-05,82381.73328770143,66728.61513426986,47400.56835060319,82398.45835862857
2001-07-06,76464.64045164603,61935.81222986884,40693.44381684625,78522.3735278337
2001-07-09,78125.5466545077,63281.134382752265,42763.27280694978,79863.54953714654
2001-07-10,73552.99872646754,59577.40324362187,37299.760258540846,76472.40455476691
2001-07-11,74391.18659203149,60256.329423726675,38432.20333951799,77255.92008160865
2001-07-12,80573.69027679223,65264.11321853781,46045.994015445,82367.33259386857
2001-07-13,80564.94229552353,65257.02741623693,46109.29266039528,82415.41508152249
2001-07-16,76043.2678323431,61594.50342002153,40931.358638339014,79340.7600496983
2001-07-17,78637.80106156046,63696.05679109348,44110.11684123446,81404.60609975667
2001-07-18,74529.89935284424,60368.68576852656,39300.91560223529,78456.386784731
2001-07-19,76116.44584387468,61653.77708631754,41341.59617364305,79824.17168218801
2001-07-20,74854.22862357766,60631.39015965619,39908.010738154415,78911.51534079385
2001-07-23,72140.95412262678,58433.65720719102,36572.90901352908,76723.21632741553
2001-07-24,70792.22465556295,57341.19597900045,34874.15704285447,75544.95790461382
2001-07-25,71840.5091056452,58190.29889088613,36362.90851743115,76629.4267632399
2001-07-26,74130.56901811114,60045.23105163217,39402.942324589414,78774.5191692449
2001-07-27,74600.16345117029,60425.599185953484,40082.489786938495,79237.25899451188
2001-07-30,73733.41057113493,59723.535548297135,39130.8120340926,78620.09602484778
2001-07-31,74400.526255239,60263.89448416891,40073.45503172839,79261.27227391566
2001-08-01,77029.69089191635,62393.49904775324,43340.5885002366,81424.99095058846
2001-08-02,78347.21266320927,63460.682265428404,44975.660710871496,82458.90330425825
2001-08-03,76577.92448401598,62027.57148638356,42994.066863035354,81257.96672927435
2001-08-06,75082.0358552621,60815.91238905367,41258.00208809524,80174.19923089026
2001-08-07,74618.80127575788,60440.69569065438,40775.52324612781,79871.48484602735
2001-08-08,70570.22614271512,57161.37877034243,35703.451718651086,76569.51674502382
2001-08-09,70639.55073445033,57217.53119414594,35872.056605184895,76699.41521641874
2001-08-10,70013.04562701908,56710.06653511241,35103.668858628655,76161.15999887808
2001-08-13,71659.37069281506,58043.578071192256,37425.50995542408,77849.63943287494
2001-08-14,70396.75851722366,57020.87123356543,35830.73803337163,76753.39111769502
2001-08-15,67599.38078227532,54755.015262695604,32000.43244603984,74027.80329035931
2001-08-16,67948.8217484962,55038.0599476826,32598.599210868913,74498.11481251435
2001-08-17,65226.241569669444,52832.7894626509,28546.023563432947,71420.09073666653
2001-08-20,65830.07651413136,53321.891451715725,29633.628044088004,72335.86527803047
2001-08-21,63869.55832856432,51733.88573433699,26427.077037043066,69735.6457627254
2001-08-22,64838.38650338843,52518.62963118246,28275.554898412705,71370.0964421804
2001-08-23,64190.251075830274,51993.644567450254,27235.554087249653,70503.80971906742
2001-08-24,66759.34227435893,54074.59007551291,31738.076832613464,74397.61515909806
2001-08-27,66649.36570495955,53985.50984036407,31650.9346921137,74338.62772180136
2001-08-28,64607.165317812556,52331.342123534385,28511.442728944032,71889.81256978863
2001-08-29,63704.57155960704,51600.247630735204,27015.70172918819,70641.46960789508
2001-08-30,62351.27770288347,50504.0892795445,24529.439065220035,68483.06143967285
2001-08-31,62677.74962103341,50768.529199766796,25321.891551856355,69228.91603217456
2001-09-04,61667.65094284503,49950.35649017987,22959.63983013371,67083.56083198034
2001-09-05,61448.36345581263,49772.73519305512,22527.323931267292,66669.6920838266
2001-09-06,60437.26230933238,48953.75049131697,19961.765589510796,64145.900222594435
2001-09-07,60303.180148180385,48845.14489914478,19630.464860015174,63797.89303866539
2001-09-10,60399.79232465614,48923.400071548356,20109.12592679035,64323.26049236847
2001-09-17,59083.7314711691,47857.40018685395,15125.092600915135,59015.98482249736
2001-09-18,59050.50416487151,47830.48630624722,14104.930753185936,57695.45745718208
2001-09-19,59065.06888243226,47842.28362336916,13534.396808491427,56923.71871933518
2001-09-20,59208.93344711849,47958.81289248374,12120.932494045492,54948.20122168183
2001-09-21,59488.43465833222,48185.20687581386,10891.957969157209,53096.9650824421
2001-09-24,58859.33597148673,47675.64143599258,12746.94866400941,56116.93139439679
2001-09-25,58858.432258390414,47674.90943484391,12639.417144317418,55965.13824106739
2001-09-26,59131.72936977375,47896.27814165563,11222.351523676794,53879.6204971929
2001-09-27,59116.89766162344,47884.26456406448,11242.811214559257,53918.12918710965
2001-09-28,58879.714547585514,47692.1479369754,11950.374390799989,55055.00645263579
2001-10-01,59146.946447947645,47908.60386621143,11422.311983108753,54249.13074992424
2001-10-02,59062.1068432486,47839.88439280177,11661.978282758835,54633.52731027069
2001-10-03,58318.06713888628,47237.21755034021,14376.71348931163,58877.8264212932
2001-10-04,58267.640908116206,47196.3726638412,14762.141358151664,59409.378928707425
2001-10-05,58227.844350928164,47164.13773696736,15148.018477985312,59932.47146033402
2001-10-08,58200.27162162002,47141.80402330562,15427.234596446935,60306.20071688232
2001-10-09,58201.02692968992,47142.41581744362,14155.682980416188,58654.86569036896
2001-10-10,58011.34771558299,46988.77700976146,16204.224003298212,61489.657228109114
2001-10-11,58186.365214182195,47130.53993267792,19375.121648315682,65506.12884084403
2001-10-12,58182.08380703152,47127.07202348752,19537.20446328505,65694.79767423168
2001-10-15,58021.40135726151,46996.92038766201,18905.837650877627,64993.152520141695
2001-10-16,58176.15197099949,47122.26727869976,19966.892796201213,66214.9836888922
2001-10-17,57396.07828849662,46490.413171499546,16124.828362261067,61973.98573858974
2001-10-18,57379.742465245596,46477.181271427566,16692.92642674083,62707.47394524142
2001-10-19,57358.87600482465,46460.27958763097,17339.26193503049,63522.54830859649
2001-10-22,57446.622375604784,46531.35352079003,18705.280811122924,65196.512186103304
2001-10-23,57421.505907441664,46511.00936109947,18741.645167438925,65244.73737218518
2001-10-24,57641.77017324847,46689.4218420499,20388.34537575126,67161.5877861756
2001-10-25,58110.47212139273,47069.06706996926,22717.992468936165,69725.78735088409
2001-10-26,57736.17645370072,46765.89025444123,21600.54520410839,68588.96034407629
2001-10-29,56862.17977123661,46057.95918859313,18018.67065640079,64804.03083906455
2001-10-30,56740.7957725399,45959.63901724879,16744.005276664808,63281.8626491446
2001-10-31,56719.37901619327,45942.29159768567,17583.373760026796,64345.092701736365
2001-11-01,56904.84939909166,46092.5212821718,19875.062535136138,67145.7335639845
2001-11-02,56884.63624938905,46076.14877538748,19939.8912507428,67224.18363708681
2001-11-05,57253.7581217863,46375.13485370678,22220.11380097047,69792.10415339626
2001-11-06,57711.44461281488,46745.85764009613,24147.370358008993,71815.56402438036
2001-11-07,57687.184534174165,46726.20714979764,24218.37384231938,71891.77654453972
2001-11-08,57425.00670177127,46513.84497948432,23543.731359240865,71230.05145649085
2001-11-09,57440.931007530584,46526.74355332935,23743.545988320395,71437.33590868069
2001-11-12,57590.268274511014,46647.70567218572,24387.8485811416,72089.30061852555
2001-11-13,58361.17171554404,47272.131949340255,26872.77455038111,74543.58627274534
2001-11-14,58387.24698493052,47293.25273116863,27129.78595656421,74787.27574287662
2001-11-15,58263.48081858615,47193.00302105637,26955.249069411515,74632.96091121947
2001-11-16,58188.50398826921,47132.272324401405,26928.13760375922,74613.99066947437
2001-11-19,58831.29471364683,47652.92821756897,28733.081772092464,76287.12082354318
2001-11-20,57287.867086457074,46402.76287129409,25110.885984090823,73087.63012321322
2001-11-21,57278.8494564456,46395.458655438895,25218.86584307093,73198.31830345202
2001-11-23,57615.5682444618,46668.1984670127,26455.641876275622,74400.84353366404
2001-11-26,58310.06102436794,47230.73265480459,28573.292584042785,76392.0231071476
2001-11-27,58042.13155229419,47013.7116974681,28050.77551873663,75932.55945764855
2001-11-28,56988.567538491385,46160.33237670477,25283.865531464355,73442.07057005065
2001-11-29,57553.48804285878,46617.91394743651,27338.728977984643,75437.61359358355
2001-11-30,57443.51982413238,46528.84047627308,27167.363198028266,75286.11001068092
2001-12-03,56946.02282368532,46125.87146180296,25707.417346582602,73943.07770959483
2001-12-04,57874.32859964779,46877.79250520697,28986.635511536006,77092.58569032687
2001-12-05,59632.90468294031,48302.22656313758,33592.41233495721,81181.44642812246
2001-12-06,59464.82004076719,48166.07920437321,33415.18875212378,81044.68606969256
2001-12-07,58211.47875224965,47150.881719011944,30838.630069480645,78967.63002836774
2001-12-10,57540.21084557008,46607.159512532286,29256.59369705169,77623.11005900362
2001-12-11,57787.174762643364,46807.19852017108,30100.895541603386,78375.54554363043
2001-12-12,57921.125041793304,46915.69728886425,30568.1888996396,78786.91421920869
2001-12-13,56542.963590044266,45799.39636344566,26827.20944074492,75578.72077850597
2001-12-14,56582.69188631802,45831.57599946682,27012.08151985347,75757.91895351736
2001-12-17,57054.95005315296,46214.10173910733,28757.7684333443,77395.50158439756
2001-12-18,57330.55674255162,46437.3411876036,29665.441312598094,78215.49473482577
2001-12-19,56814.643105731266,46019.45482930521,28104.57960974328,76849.49596002037
2001-12-20,55729.78751420203,45140.72955424205,24407.755958115853,73485.63219743148
2001-12-21,55927.44456024632,45300.83034877139,25387.22391349318,74474.0433179554
2001-12-24,55917.777929324584,45293.00044681766,25337.081470855635,74430.51870138312
2001-12-26,56065.15842058489,43722.187901321966,25985.28285370109,75070.74364991898
2001-12-27,57460.36657483592,44810.23535896052,26747.781578512186,75810.57356421677
2001-12-28,58902.26603296098,45934.69484180061,27475.524504544846,76503.72037301687
2001-12-31,54386.74989567287,42413.28777567031,25230.14096837598,74425.33819157229
2002-01-02,57559.69723667257,44887.69797537918,26826.676318898895,76000.51509623181
2002-01-03,63150.37944021763,49247.56896631223,29634.955050433535,78657.9238535809
2002-01-04,64027.19777088175,49931.352208678756,30077.19147462052,79054.81809642595
2002-01-07,61288.35066067236,47795.47332491195,28715.389353011396,77867.35618026328
2002-01-08,62974.040401702325,49110.051677616335,29585.88002386906,78659.76328298914
2002-01-09,61436.73685780353,47911.19170287964,28898.885300737547,78056.55629015074
2002-01-10,61724.04498651881,48135.24778946076,29047.825700618178,78196.23923612226
2002-01-11,59312.723591126014,46254.788514754895,27859.609351777304,77135.61580870437
2002-01-14,56201.88258466,43828.81168979856,26300.312019603545,75702.04684393841
2002-01-15,57038.28878316434,44481.079693725405,26724.55998823948,76114.51178369082
2002-01-16,51734.19467790891,40344.70327654712,24061.63496487404,73591.85663497094
2002-01-17,55691.881415679025,43431.08933302212,26064.94332252742,75639.4776536873
2002-01-18,50442.1561546603,39337.11223996349,23421.07602563215,73087.42291463626
2002-01-22,46268.93976440583,36082.64625239234,21310.12616986957,70896.85469726987
2002-01-23,50234.126594795474,39174.881225877936,23326.15305076925,73137.64092523226
2002-01-24,51633.70180963986,40266.33431812483,24041.92650218875,73890.96180392861
2002-01-25,50993.485500346054,39767.06420882719,23721.892883336594,73568.38348869474
2002-01-28,51577.15122345818,40222.233571339864,24019.91527588658,73881.73236757533
2002-01-29,47413.917246731784,36975.55232873827,21919.876312950488,71733.88224495394
2002-01-30,49076.47725675209,38272.09305390712,22765.495457773377,72661.45911091003
2002-01-31,50036.85562919417,39021.04025818117,23260.61398734989,73193.42142730027
2002-02-01,48063.5902452986,37482.197199063376,22266.018855928607,72155.45846733582
2002-02-04,43833.88500068396,34183.67860601953,20121.812598915865,69844.4631147955
2002-02-05,42517.095115726006,33156.78531973295,19453.29500370576,69075.98657293497
2002-02-06,41180.81513981024,32114.692764540752,18776.27688927985,68279.61511251812
2002-02-07,38731.33672994159,30204.476895834905,17523.08524204074,66765.44920698696
2002-02-08,41483.54236222635,32350.773369219158,18944.98166808925,68576.12059257657
2002-02-11,43423.4019402672,33863.565045236974,19939.094890509616,69780.5269510576
2002-02-12,42389.58816336488,33057.34953667431,19414.819046731795,69173.93907641187
2002-02-13,44088.677983611684,34382.37788716549,20286.4284583333,70214.07308622738
2002-02-14,43107.44608283956,33617.168142844515,19790.653935714723,69647.13534410775
2002-02-15,40095.60942153005,31268.39945755859,18257.516568982654,67853.66889678346
2002-02-19,36422.193218605804,28403.700632324468,16370.426757922138,65520.76623862351
2002-02-20,37845.260105102876,29513.47361005906,17111.143365586795,66513.68354429874
2002-02-21,33598.43743293613,26201.60606010678,14921.213433115665,63680.92782621208
2002-02-22,34087.91678944158,26583.324564108938,15181.687412757441,64056.053025020454
2002-02-25,37415.08388679335,29178.002419439825,16920.14950248643,66505.68335558422
2002-02-26,36914.39960754225,28787.5458015804,16672.55879870521,66186.07001367405
2002-02-27,35334.935334493945,27555.80695208689,15859.489420567656,65114.92687829196
2002-02-28,34043.39693974339,26548.605938697394,15192.442424022747,64206.69679050059
2002-03-01,38974.642676862706,30394.21805823369,17745.06919286757,67807.28410610148
2002-03-04,43257.34252971236,33734.06428298825,19941.418721561848,70609.69286818898
2002-03-05,43557.19211721526,33967.90077567391,20108.665129805675,70812.14424235608
2002-03-06,45201.21881700898,35249.988373535394,20950.940055593255,71805.89474262495
2002-03-07,44115.31185242291,34403.148202446995,20404.579210994343,71186.84597808408
2002-03-08,47957.280591108814,37399.2920435773,22363.827203759654,73470.39416461969
2002-03-11,47830.64845667415,37300.538483753866,22304.10943473833,73410.25616324841
2002-03-12,44989.90137312868,35085.19331634763,20868.616288665886,71840.61404054712
2002-03-13,42207.28083803148,32915.17790355023,19454.612526178942,70223.17660821283
2002-03-14,41493.123117403156,32358.24488254183,19095.2630413868,69795.83372495022
2002-03-15,42842.00776913343,33410.167143382285,19799.107246706113,70658.37775697907
2002-03-18,43616.57455345008,34014.20992931297,20212.533213567007,71155.24095400302
2002-03-19,43486.54375823205,33912.805937571226,20160.51318728184,71099.28994083984
2002-03-20,39254.179746006426,30612.21391531843,18001.11506217661,68565.88968442204
2002-03-21,41996.57643076703,32750.860920497347,19410.938837772224,70360.79323602165
2002-03-22,40536.95796891452,31612.58334399231,18670.162761117634,69470.77299146276
2002-03-25,37360.58917577997,29135.504938621507,17048.247460022238,67464.05490513639
2002-03-26,38155.405221310735,29755.339029323422,17473.924751688657,68030.38549246512
2002-03-27,37928.762633965656,29578.59272075141,17360.71733919157,67888.33882450896
2002-03-28,39047.78533330192,30451.25806415765,17949.205429642105,68660.28276445204
2002-04-01,40893.41118823889,31890.561950891413,18899.531391644843,69876.97877071622
2002-04-02,35802.044062821886,27920.079811838656,16284.898031363902,66659.66681801144
2002-04-03,34702.00341384351,27062.21754392315,15721.39070148558,65895.5961239486
2002-04-04,34838.213565861566,27168.440482168066,15812.480863669116,66027.61348833532
2002-04-05,33502.1172822771,26126.49117870031,15122.553583386944,65072.07182018904
2002-04-08,34519.37600466626,26919.79629470311,15655.52677853058,65841.2208366336
2002-04-09,31424.445560663404,24506.227257778184,14046.975730989487,63590.9816754438
2002-04-10,32454.7214511866,25309.68375990265,14607.838007518312,64441.91141399814
2002-04-11,30077.58168642505,23455.880892122852,13363.623168037602,62616.955174864604
2002-04-12,31575.86941813576,24624.314542923865,14184.900996003842,63904.20311653755
2002-04-15,31748.09606714805,24758.624801235124,14284.837652374965,64058.88438758977
2002-04-16,35304.03162131932,27531.706815882288,16143.577400430086,66841.94476107748
2002-04-17,34586.972712737326,26972.511315137428,15791.174743975651,66360.39290448293
2002-04-18,34063.88426135356,26564.58289390933,15525.311558328258,65992.75813964881
2002-04-19,33346.66228534033,26005.260225685237,15159.704014458823,65479.49159203951
2002-04-22,31121.90073302448,24270.288892931876,14002.312566080724,63817.833744693206
2002-04-23,29516.90803654842,23018.64180528518,13159.420651086532,62541.89503322871
2002-04-24,28311.14661327345,22078.33361749564,12546.002777754391,61574.620360789435
2002-04-25,28278.477562341875,22052.856789754012,12544.185598780627,61576.08642317897
2002-04-26,25501.138354996456,19886.959999124767,11056.2209594697,59145.85059924932
2002-04-29,25269.859954300766,19706.598470189503,10944.842724632656,58951.50646147031
2002-04-30,26733.456160607508,20847.978074680377,11741.766487714442,60386.56277345608
2002-05-01,26226.73776120652,20452.815772534228,11474.442282073229,59932.64342751995
2002-05-02,24111.738438641496,18803.4420724074,10330.171918777882,57944.73503692363
2002-05-03,22513.038822972172,17556.70261847229,9452.857182829772,56308.54686517106
2002-05-06,21244.660391381414,16567.56280903881,8747.014072489897,54911.08985985975
2002-05-07,21155.24580248166,16497.833202146998,8702.58230347141,54822.07202701047
2002-05-08,26165.495354051716,20405.056128067255,11475.038439117598,60647.736395438515
2002-05-09,24069.48917686738,18770.49415583999,10345.925093110212,58662.916354478664
2002-05-10,21719.55667306533,16937.908760898277,9052.530795700684,56222.56675319097
2002-05-13,23882.440968211755,18624.625363958643,10256.518160575803,58719.15521988523
2002-05-14,26795.636384316433,20896.46907160851,11841.41677833745,61747.93346866244
2002-05-15,27061.849890922396,21104.074602130335,11989.357636206512,62009.53434682416
2002-05-16,27296.381296929194,21286.97297415073,12119.304930597917,62238.035829764245
2002-05-17,27801.064038715624,21680.547776908068,12392.477488983204,62710.14353906993
2002-05-20,26032.04104508384,20300.982322921413,11448.765833788224,61122.830516491165
2002-05-21,24242.64488904295,18905.528940315835,10482.27359683806,59407.26278543758
2002-05-22,24612.799633465722,19194.192626357897,10696.090732197641,59815.47470223548
2002-05-23,25642.89045475971,19997.504802989628,11259.412669811223,60869.870419159844
2002-05-24,24003.70607157008,18719.19346622159,10372.09333275647,59275.27005629101
2002-05-28,23603.51863099905,18407.108903093493,10166.711441134283,58888.298910456695
2002-05-29,22435.058816847184,17495.890224886134,9524.768557328767,57653.10947825543
2002-05-30,22808.335872673517,17786.988832896113,9739.568983620211,58090.65898305756
2002-05-31,21960.10796247976,17125.501714739312,9272.713541996181,57166.6762898761
2002-06-03,19944.5769988701,15553.698013574367,8138.930307747552,54840.856693277026
2002-06-04,20652.641726597223,16105.879438618143,8551.66727897077,55771.82998626934
2002-06-05,21279.088593083223,16594.41150342078,8916.056515320777,56568.00232209334
2002-06-06,19775.433129479497,15421.791848530207,8065.070407094632,54772.38391731379
2002-06-07,19137.675411726857,14924.439061940002,7700.645837221362,53951.35918844743
2002-06-10,18970.009378576648,14793.685381533542,7605.926628623723,53734.04501264022
2002-06-11,17773.109507128516,13860.287839231949,6908.609135408793,52095.79182253646
2002-06-12,18473.07420551581,14406.15248903101,7328.725017485665,53155.53755263549
2002-06-13,17907.41129203931,13965.022545077296,6998.852877902907,52361.844230314884
2002-06-14,17994.16015956761,14032.673299898077,7055.9013439347955,52507.88815919275
2002-06-17,19286.77898408452,15040.71688208769,7823.869452484686,54416.669074206584
2002-06-18,18878.845123823074,14722.591304775236,7589.225191977531,53876.59179314062
2002-06-19,17484.411389142686,13635.147775118621,6769.589301063614,51940.91946634877
2002-06-20,16406.176376591022,12794.290544913074,6119.3054109617005,50281.52295308746
2002-06-21,15660.959819501397,12213.13641542994,5655.001181002006,49013.43893599786
2002-06-24,16224.07372963375,12652.278529395951,6015.391371942486,50058.17236690745
2002-06-25,15274.809643979637,11911.998756892765,5418.371508397423,48405.71129796632
2002-06-26,15377.3798150401,11991.98769152725,5488.790134868586,48618.89878298917
2002-06-27,15956.633002422966,12443.715955830068,5863.419217412404,49728.54022401482
2002-06-28,15971.003918082657,12454.923056505206,5875.461943649863,49766.17054265201
2002-07-01,14573.763534498275,11365.290773009121,4982.076291046714,47247.355275476315
2002-07-02,13804.912072023615,10765.705057789222,4464.6224411752955,45614.984194921664
2002-07-03,14443.813153865734,11263.949492257865,4909.027700831082,47131.7425212747
2002-07-05,15900.079758823667,12399.613136668677,5872.844609937943,50219.66165647841
2002-07-08,14684.032980091108,11451.283955866416,5098.766791942825,48016.83310775868
2002-07-09,14134.89112213161,11023.0378904924,4734.602980867494,46877.11745702219
2002-07-10,13481.758061269165,10513.694704527039,4286.6804864067135,45402.18437029792
2002-07-11,14217.844390141074,11087.728662321324,4808.7554761902775,47248.61134585542
2002-07-12,14267.520112775373,11126.468074468485,4848.395015028695,47381.81909948984
2002-07-15,14697.570950136433,11461.841487260224,5141.272647326228,48339.2763653521
2002-07-16,14467.560195904674,11282.468527312367,4993.70258390504,47880.24112247702
2002-07-17,14849.01476986609,11579.944339891828,5251.33840665993,48707.08223782989
2002-07-18,14049.168968327136,10956.187814232399,4727.922852742783,47092.31081998818
2002-07-19,13444.392905400147,10484.555638271097,4310.264772354992,45708.99120045088
2002-07-22,12951.754639452034,10100.37367146769,3957.769562448554,44466.228864247845
2002-07-23,12242.219056969176,9547.045206268895,3422.644905364905,42465.33806425696
2002-07-24,13028.744797961861,10160.414136379375,4049.1167538893806,45059.29121472775
2002-07-25,12056.56180294388,9402.261144751696,3319.246292948761,42355.13960630774
2002-07-26,12277.121188513154,9574.263492928767,3502.016357290376,43135.58115934354
2002-07-29,13147.058265740203,10252.680417527745,4184.533394706505,45940.93635302874
2002-07-30,13324.93718363021,10391.398574949651,4316.311134429402,46426.47544397906
2002-07-31,12986.307323831126,10127.319443163986,4074.5082878689177,45562.84960725652
2002-08-01,12159.769260490766,9482.74706468492,3457.6002135379895,43266.61445514753
2002-08-02,11862.903886844038,9251.237799151251,3217.761959901777,42269.318289750474
2002-08-05,11413.147149871415,8900.496819944769,2834.0917125880123,40592.35849327542
2002-08-06,11900.63111637777,9280.659227095784,3278.3987962711867,42716.526559095946
2002-08-07,12121.647355400166,9453.017850597556,3465.1633695204637,43530.756312370046
2002-08-08,12515.447813757588,9760.121551380253,3783.174815101188,44865.54488708124
2002-08-09,12358.063416195846,9637.385963061566,3663.891751683444,44397.23222931709
2002-08-12,12378.953528882219,9653.677033271368,3682.712404048841,44476.4408707907
2002-08-13,11910.275120797396,9288.180065085626,3313.1970320044275,42992.078884117196
2002-08-14,12726.419374642213,9924.646873107446,3983.1568352266177,45892.968581087865
2002-08-15,12921.949748604255,10077.13044742738,4132.314722862344,46469.11854994024
2002-08-16,13176.557428229842,10275.68522053977,4322.290262838772,47184.56685627403
2002-08-19,13716.065079096266,10696.418088329581,4712.213313185444,48606.829475776336
2002-08-20,13355.081750066725,10414.90669362924,4462.986177974323,47753.38855855018
2002-08-21,13863.166757351199,10811.134739427109,4826.94543714241,49054.92450316483
2002-08-22,14133.459049131667,11021.921094133377,5015.884780418463,49698.49415930157
2002-08-23,13319.916265983838,10387.48303255298,4462.330428648446,47873.81751688001
2002-08-26,13431.14382876356,10474.2233992381,4545.150002895151,48173.43085172529
2002-08-27,12636.572632268924,9854.580253070493,3976.971649982016,46169.54239276878
2002-08-28,12159.570527081762,9482.592083236625,3613.5022521000283,44766.3263618213
2002-08-29,12398.500567672023,9668.920712714327,3807.1131516587593,45569.066033971976
2002-08-30,12098.631269045241,9435.068848388122,3576.534811605783,44652.37343276631
2002-09-03,11504.548281724054,8971.775624354374,3089.394414578192,42628.306600251715
2002-09-04,11748.153968141916,9161.750537392018,3308.7934485007504,43640.488905776736
2002-09-05,11272.09704848491,8790.49946668558,2898.1011432938453,41838.06107494794
2002-09-06,11685.43132814847,9112.83653930986,3284.6768315463137,43701.32709801704
2002-09-09,11806.623038421845,9207.347406271212,3391.1592242653956,44176.712908356276
2002-09-10,12003.311787073526,9360.734334425637,3559.7111701909703,44911.80769192907
2002-09-11,11981.700065838291,9343.880520696448,3544.322109114866,44850.32565980636
2002-09-12,11554.23857325779,9010.52639799906,3191.136555480067,43363.806518014026
2002-09-13,11655.865596927733,9089.779822941098,3282.9548058648566,43782.8334235525
2002-09-16,11465.973286751501,8941.693069948122,3118.83401022259,43056.39561694829
2002-09-17,11334.34990177911,8839.047103503157,3005.607923144335,42538.46004386113
2002-09-18,11306.869271647824,8817.616444817893,2981.764619884913,42429.04164126778
2002-09-19,10996.718197593149,8575.746379350701,2688.8518141490913,41042.76537241015
2002-09-20,11046.175665671799,8614.31558656201,2741.2809823722155,41312.48460438555
2002-09-23,10780.204953987764,8406.899398681802,2471.7883992848574,39961.666514812394
2002-09-24,10782.196794458492,8408.452727447546,2476.0917526756857,39987.738273555864
2002-09-25,11075.155906151242,8636.915710335183,2800.0340446475752,41734.46045724128
2002-09-26,11009.217104872338,8585.493601832844,2735.7050064888053,41417.86134746717
2002-09-27,10885.251556787625,8488.819568630432,2609.535202075788,40784.12116529344
2002-09-30,10648.394021683733,8304.10717420591,2355.923368194664,39465.8380378843
2002-10-01,10923.841254612913,8518.913588997151,2679.1210378349747,41273.39192524846
2002-10-02,10737.75483610025,8373.794845283632,2484.129369210403,40275.04792799714
2002-10-03,10608.720390891634,8273.167853082314,2340.432776213459,39501.36979572285
2002-10-04,10483.643367188663,8175.627040097263,2190.0124095623464,38657.96220372416
2002-10-07,10416.544440206828,8123.300212239774,2102.9970662810356,38148.75258678335
2002-10-08,10455.610532273176,8153.765746735939,2156.479980950084,38474.89935626629
2002-10-09,10430.670853391917,8134.316638645221,2123.640923203263,38282.37334655109
2002-10-10,10677.581529931487,8326.868934913093,2455.9168155027646,40281.75279791707
2002-10-11,10986.32949548212,8567.644791866693,2811.473281001789,42228.5930218167
2002-10-14,11078.906109966405,8639.840291670438,2907.0959107866724,42710.39090886267
2002-10-15,11565.128952902332,9019.019216686267,3387.592092971894,45066.58338388591
2002-10-16,11084.860046652217,8644.483445205773,2956.283433222642,43157.20450602967
2002-10-17,11428.019855587505,8912.09523957362,3296.2339502946666,44814.56777892625
2002-10-18,11552.598386505737,9009.247304968976,3411.58832094976,45340.572462884746
2002-10-21,11829.343786356903,9225.066090003862,3659.649233650944,46442.764567521874
2002-10-22,11624.214688747541,9065.096989721927,3485.5817168817543,45709.77823925041
2002-10-23,11935.440043081138,9307.804828336239,3761.1766388589017,46917.78702344695
2002-10-24,11604.332615540945,9049.592035038924,3482.2271540506667,45761.27586754727
2002-10-25,11976.70488997653,9339.985052926797,3813.449558299899,47215.48146565262
2002-10-28,11755.78591904814,9167.702283556231,3629.0334385825317,46457.78116212595
2002-10-29,11513.815514821381,8979.00263874658,3420.3355023704594,45570.56782181664
2002-10-30,11810.622993624882,9210.466755220023,3689.7094091664794,46770.180270370016
2002-10-31,11852.727068289398,9243.301448204988,3727.9016253705327,46934.92478630733
2002-11-01,12248.087334287018,9551.62155869125,4061.1159709319886,48336.2079444746
2002-11-04,12655.385616912186,9869.251483344866,4394.576273884266,49662.13844378176
2002-11-05,12704.902828540153,9907.867281322397,4436.895963645695,49824.595085277404
2002-11-06,12951.844280662943,10100.443577804843,4632.435306681837,50559.58979490834
2002-11-07,12271.065919259841,9569.541315598944,4109.4596798573075,48660.05609131422
2002-11-08,12013.348337939575,9368.56129818011,3899.3961135075792,47833.91625535014
2002-11-11,11523.129777237393,8986.266328763471,3482.8189986941516,46133.461084574024
2002-11-12,11869.828798863318,9256.63816388822,3798.950350038659,47532.11297650099
2002-11-13,11998.895306058183,9357.290159500333,3912.271561299259,48007.64548454874
2002-11-14,12627.287741130242,9847.339468125887,4444.0790596841525,50185.86287502609
2002-11-15,12678.296294905334,9887.118283268064,4487.062580569108,50350.73711047484
2002-11-18,12417.183336295571,9683.49039455038,4282.473337956622,49588.567398519626
2002-11-19,12124.28685482019,9455.076253585412,4045.6184967264753,48677.39029111143
2002-11-20,12752.651351246479,9945.103774370633,4572.4171786356155,50793.20744595266
2002-11-21,13531.680796063587,10552.626748112027,5181.9549035752525,53053.35751617065
2002-11-22,13485.410700928542,10516.543200848495,5151.758810359529,52953.55650522031
2002-11-25,13685.555169917361,10672.625058584343,5304.208958085455,53479.13104679034
2002-11-26,12925.85899798866,10080.179059808992,4744.935221540827,51602.800007132224
2002-11-27,13566.959816703653,10580.13895021495,5244.163872575232,53415.72134456223
2002-11-29,13381.358950166874,10435.398862253478,5109.822588836054,52962.870638389024
2002-12-02,13457.289531506185,10494.613020177896,5169.5855024230295,53172.45329966308
2002-12-03,12873.593161333045,10039.419757678177,4730.423956354054,51669.884430913255
2002-12-04,12551.874091681455,9788.528437453517,4477.5932561742875,50752.36515468674
2002-12-05,12297.506301170011,9590.16074090025,4271.385217854204,49976.23415246631
2002-12-06,12484.125311380447,9735.694824103402,4428.0336303958475,50590.10401889948
2002-12-09,11709.540037558025,9131.637619206136,3790.390947923463,48164.721259591446
2002-12-10,11937.27550119117,9309.23620294807,3994.259640915873,49031.06744435716
2002-12-11,11980.222270894581,9342.728068263801,4031.772371251811,49187.4349402803
2002-12-12,12028.274680761104,9380.201546489523,4073.484407640495,49359.94551954726
2002-12-13,11563.000913286356,9017.359673565861,3672.350420848309,47742.60735073091
2002-12-16,12001.439064300075,9359.273899116175,4072.7361957425114,49480.484561196026
2002-12-17,11968.033215277519,9333.222482351943,4043.8304515980917,49366.32346208236
2002-12-18,11613.366532614235,9056.637098869833,3736.1577125133895,48117.21253278045
2002-12-19,11520.038607582957,8983.855692563135,3651.5110654963128,47756.64980348046
2002-12-20,11612.807309187076,9056.200990733338,3736.6063311041034,48130.423867124526
2002-12-23,11836.967155265604,9231.01114353188,3939.649576366289,49005.02969042166
2002-12-24,11719.397913003546,9139.325243653811,3836.080844242723,48578.47317332628
2002-12-26,11633.048997472826,8843.829260825501,3758.8686467685407,48255.39244756102
2002-12-27,11033.032483524134,8387.67682785709,3552.0165257883464,47373.04860421033
2002-12-30,10791.976973709927,8204.418442919385,3466.6413191672423,46996.27642309481
2002-12-31,10625.862974646465,8078.133077331278,3408.285419971119,46735.325495592515
2003-01-02,11892.655327730648,9041.190594069125,3859.6693048958587,48801.229792872204
2003-01-03,12007.363537437148,9128.395575469927,3901.7363660737465,48981.386523959365
2003-01-06,12963.688902088878,9855.425801562324,4240.016679011513,50399.817837630864
2003-01-07,13313.454139992853,10121.328923440926,4363.841097775264,50893.39251251518
2003-01-08,12295.088795833693,9347.133849488951,4005.1510132629164,49501.964431746754
2003-01-09,13388.738682039715,10178.562726546761,4391.179783662846,51095.248991851266
2003-01-10,13779.87310028409,10475.91606991676,4529.183360284853,51633.50750118543
2003-01-13,13621.624307492588,10355.610094717667,4474.228696907957,51427.70208948565
2003-01-14,14037.273364217745,10671.600278451871,4620.878288787033,51992.589137244475
2003-01-15,13267.93961665074,10086.727274860836,4351.086874414436,50983.76797014986
2003-01-16,12844.193443549055,9764.581394992745,4203.029588480198,50408.46947737423
2003-01-17,11367.645910554787,8642.061041117231,3681.3408425313696,48325.822062053936
2003-01-21,11099.123895481924,8437.921708892884,3587.0759978860096,47916.174966959145
2003-01-22,11022.46842201889,8379.645678304336,3560.8901410070757,47802.38582779028
2003-01-23,11799.671787076975,8970.501425839304,3838.170017784102,49045.94783552579
2003-01-24,10653.27076702987,8098.969389144942,3430.8969277547126,47314.04590798146
2003-01-27,10368.33233184076,7882.349750458066,3329.59345976736,46851.1406755489
2003-01-28,10790.869682918154,8203.576643773977,3481.141942565424,47564.70549436186
2003-01-29,11230.522324368336,8537.81514787561,3638.774019913722,48285.42983166159
2003-01-30,10293.571155499561,7825.5138273012335,3305.0716831425666,46812.21625521876
2003-01-31,10221.458466561831,7770.69137201519,3279.876015067022,46696.004285812276
2003-02-03,10330.560153810937,7853.634089294957,3319.7660278293506,46888.07164357026
2003-02-04,9894.733337070138,7522.304103890269,3164.637123007341,46160.50184097669
2003-02-05,9816.995224480033,7463.2050151685535,3137.3362158597874,46030.490984798205
2003-02-06,9856.939107726233,7493.571678587618,3152.351171274702,46106.64496367761
2003-02-07,9488.35950099807,7213.365250192601,3020.472971407895,45466.415952171104
2003-02-10,9823.822733297613,7468.395513572933,3142.386087982772,46080.81335078908
2003-02-11,9865.211174293716,7499.860377652919,3158.0893374763436,46160.29689263217
2003-02-12,9460.77916602233,7192.397765783758,3013.048710901815,45456.36281831795
2003-02-13,9330.349764054485,7093.24101316922,2966.7198799555417,45226.07052896592
2003-02-14,10112.388806329123,7687.773002734372,3248.6787229568263,46661.51559803845
2003-02-18,11020.979287785078,8378.51358912349,3574.0321369180006,48221.98305466646
2003-02-19,10748.504076488767,8171.368906157275,3478.255648222524,47794.085283666725
2003-02-20,10617.117060704353,8071.484143792812,3432.13844231284,47585.68179310994
2003-02-21,11028.17847790635,8383.986651969055,3580.339740125186,48273.41917997945
2003-02-24,10396.21913429549,7903.550221597968,3355.50213795202,47265.78462357464
2003-02-25,10520.874432568718,7998.317309282822,3401.598810337992,47485.01938044688
2003-02-26,9811.698925704317,7459.178593368306,3148.0788332219504,46308.146362731735
2003-02-27,10357.881892800564,7874.404980467651,3344.578935321795,47274.3879837054
2003-02-28,10777.071234546205,8193.086606167126,3494.912199112754,47985.48489585457
2003-03-03,10226.376722399931,7774.430393049372,3300.6830359996743,47099.38099584259
2003-03-04,9995.051512739676,7598.569304661935,3219.5062889600563,46716.03385113164
2003-03-05,10191.189615833868,7747.679988858664,3290.404441781684,47061.70172591443
2003-03-06,10013.691519817945,7612.740055602347,3227.5556760753034,46764.83599458176
2003-03-07,10089.48136720361,7670.3580085679405,3255.3599807794644,46901.87645525958
2003-03-10,9464.632789900763,7195.327418330025,3032.0488569654694,45832.17919569463
2003-03-11,9319.062896754487,7084.660362704115,2980.1317814070303,45573.28569988288
2003-03-12,9618.968601971686,7312.658615944908,3089.099772381198,46131.42796211892
2003-03-13,11200.35042005559,8514.87746659585,3654.530137694439,48948.783242381374
2003-03-14,11217.311598616943,8527.771916476668,3661.1715418491913,48981.316146632016
2003-03-17,12619.119768873195,9593.472930619193,4157.067879601322,51195.664044267905
2003-03-18,12786.515742236163,9720.732895542696,4216.611583639568,51443.111006626656
2003-03-19,12543.816364106067,9536.224787448476,4131.773155153887,51101.12644826802
2003-03-20,12711.49150148408,9663.696982105159,4192.10647754843,51352.86542776358
2003-03-21,13134.007939677282,9984.907976753644,4341.616630701882,51966.38275644447
2003-03-24,11575.774116605531,8800.286998823982,3792.8178503671784,49779.851132852746
2003-03-25,12170.466026919628,9252.391491700662,4003.992073275016,50706.65213071229
2003-03-26,12158.787300731452,9243.51293712614,4000.531366166557,50695.02802158952
2003-03-27,12016.499947019438,9135.341376731516,3950.9247940896385,50488.472676399724
2003-03-28,11533.190694914607,8767.913670829052,3780.741375538117,49766.52559085046
2003-03-31,10673.551168255155,8114.3872220635885,3476.286561438598,48433.59190366253
2003-04-01,10781.319583718108,8196.316341959078,3516.5627196537475,48623.50571321462
2003-04-02,11967.632283348255,9098.190559780835,3937.4014218242583,50566.02597307501
2003-04-03,11983.572602542084,9110.30891854851,3943.6497294652445,50595.763725922894
2003-04-04,11560.046269308546,8788.330168231667,3794.685057167026,49961.69894609851
2003-04-07,11635.905075721708,8846.000546134635,3822.237463120195,50085.57347517224
2003-04-08,11416.445690984092,8679.160250978404,3745.8437420502296,49754.85394748996
2003-04-09,10724.057259323905,8152.783625804411,3500.7834961683825,48672.77663743651
2003-04-10,10997.698240999343,8360.814566035815,3599.1234584469657,49131.40763345636
2003-04-11,10788.532239639091,8201.799641951724,3525.689571872725,48800.16550533279
2003-04-14,11429.622206276785,8689.177474453227,3753.7311593689205,49855.18241558838
2003-04-15,11568.514550968084,8794.768036510724,3804.5728042314845,50083.21464671256
2003-04-16,11621.026225255773,8834.689151061286,3823.787868308546,50170.491311345955
2003-04-17,12502.60965613063,9504.898082831773,4135.154092812292,51535.2310228247
2003-04-21,12417.523734882998,9440.212946529367,4105.864764061172,51416.60333093589
2003-04-22,13107.951421401409,9965.098948285404,4349.264661170653,52435.65319474489
2003-04-23,13458.718663658616,10231.763827070601,4472.958295890733,52935.845750354085
2003-04-24,13289.709613334562,10103.27754759865,4414.488300662389,52708.318596090525
2003-04-25,12437.943052355473,9455.736388181542,4116.074240080085,51523.76225457004
2003-04-28,13210.206192585429,10042.836413128258,4388.551703920255,52663.73863521004
2003-04-29,13535.2522946867,10289.947229003355,4502.960930727342,53124.49910750505
2003-04-30,13160.613277349323,10005.134235909716,4372.692157440187,52615.350364395184
2003-05-01,13399.625361975191,10186.839141318811,4457.028021955453,52956.72443965603
2003-05-02,14190.477418397,10788.071076221398,4734.497140817445,54058.783386528674
2003-05-05,14182.96779315234,10782.362010310047,4732.8710067483025,54055.79061931094
2003-05-06,14771.367628043445,11229.683058988283,4938.802373377833,54842.99172134419
2003-05-07,14143.897282090027,10752.659313360746,4720.681147961356,54038.85781159081
2003-05-08,13515.898223839027,10275.233623127895,4507.099285256263,53227.07736225758
2003-05-09,14370.22840763244,10924.72373354349,4806.233370129508,54407.776647840496
2003-05-12,14976.036891442109,11385.279413893171,5018.4331497355515,55211.711996934326
2003-05-13,14804.229877433485,11254.666029729256,4960.166146972312,55001.296194131486
2003-05-14,14507.818017328696,11029.323913297021,4858.84763358135,54630.054780295395
2003-05-15,15044.8871954983,11437.621696106642,5046.104036320492,55335.08555831553
2003-05-16,14725.265943765047,11194.635031211283,4935.5715047787835,54934.32769533957
2003-05-19,13177.820811109581,10018.2159731747,4396.508440009422,52937.6002434902
2003-05-20,13186.112914726302,10024.519905068677,4400.310555319796,52955.99048915041
2003-05-21,13210.144317992617,10042.789374012847,4409.690946349315,52996.75137774863
2003-05-22,13811.795489475728,10500.184527796535,4620.307035354319,53843.63025164477
2003-05-23,13759.119160959923,10460.138237646624,4602.66788350259,53778.29345505728
2003-05-27,15250.055958374338,11593.597787063078,5121.850224629724,55803.542504942394
2003-05-28,15274.464297174636,11612.153814888381,5130.874855258389,55839.61702845962
2003-05-29,15592.803465224413,11854.165797291023,5241.972225265326,56245.945090960864
2003-05-30,16207.251372304028,12321.289453442063,5455.253592406899,57012.10144655812
2003-06-02,15700.514981264972,11936.05166036048,5280.363663980297,56406.16191177936
2003-06-03,16214.355186712048,12326.690008510535,5459.46651263219,57047.17778521188
2003-06-04,17247.054796167835,13111.78246584758,5816.79133383671,58295.07924390946
2003-06-05,17531.15527761029,13327.765064334119,5915.358982781019,58627.741488905085
2003-06-06,16749.96109908032,12733.875368178728,5646.62657153469,57743.33425347584
2003-06-09,16037.184832208008,12191.999235209914,5400.839098238019,56908.866264037926
2003-06-10,16718.021682384875,12709.59396542643,5636.636268877404,57740.37242487092
2003-06-11,17329.915559362038,13174.775963276365,5848.6523620507205,58467.672954774
2003-06-12,17371.091095317865,13206.078969891003,5863.47890536576,58520.473983403775
2003-06-13,16314.426805796495,12402.767768797583,5499.283820183132,57312.25537549042
2003-06-16,17808.06776536173,13538.283111872315,6014.930590313365,59106.900282244074
2003-06-17,17721.338570512256,13472.348704534714,5985.972319117995,59015.477829289026
2003-06-18,18066.004259911315,13734.374980687438,6105.160844814742,59410.596529384995
2003-06-19,17123.836859222567,13018.10810786526,5781.491506372536,58364.14843079948
2003-06-20,17017.39618203114,12937.188378592899,5745.667732344575,58246.99058346644
2003-06-23,16065.355725706399,12213.415681773387,5417.78013196794,57142.3806643968
2003-06-24,15729.928968880344,11958.413148256464,5302.516807993543,56740.46395504542
2003-06-25,15595.467870800112,11856.191366683723,5256.987041119904,56581.35918774354
2003-06-26,16601.34106401362,12620.889493611077,5604.824500731766,57832.57864894708
2003-06-27,16223.062814197336,12333.30983541606,5474.947280625085,57389.23042003772
2003-06-30,16079.864777758456,12224.445943840768,5426.0050093209775,57221.55616465039
2003-07-01,16690.726467732442,12688.843238933645,5637.938773912952,57969.56465429835
2003-07-02,17831.939113946053,13556.430901944483,6031.757556838191,59322.363542371604
2003-07-03,17219.978966113158,13091.198522794411,5821.9236881658035,58637.57306066208
2003-07-07,19300.756550498812,14673.074580400405,6538.442516517663,61046.210299513106
2003-07-08,20031.73722947098,15228.790310575403,6790.054172287846,61832.47397653948
2003-07-09,19881.54740915397,15114.611033252128,6739.108307859309,61681.07771485811
2003-07-10,18671.518355546184,14194.706857393307,6324.709265239358,60420.025905647264
2003-07-11,19187.22127820541,14586.76130488147,6502.440849705938,60989.15609840845
2003-07-14,19858.687836100515,15097.232428459522,6732.970941849099,61713.10540368235
2003-07-15,19797.910994740083,15051.027860068147,6712.593194148809,61654.08666403444
2003-07-16,19682.515050894555,14963.30004038963,6673.434664252357,61537.43605705528
2003-07-17,18051.113628196308,13723.054629118224,6114.238855552174,59821.83872481034
2003-07-18,18216.354012270676,13848.675843648001,6171.694651668158,60012.36305963461
2003-07-21,17394.302968946424,13223.72540525283,5890.037058748675,59102.58654788271
2003-07-22,18089.835061881542,13752.49194588023,6129.492573995592,59906.6155844648
2003-07-23,18549.64743579087,14102.056546506636,6288.193457371797,60426.782673945025
2003-07-24,17904.51255598686,13611.603637004637,6068.150991618188,59725.11866615993
2003-07-25,18938.95309279361,14398.019604992305,6424.09237767142,60896.02653386412
2003-07-28,19033.910068786758,14470.20904414881,6457.0082946266,61003.2312159906
2003-07-29,18791.976347966785,14286.283014108632,6375.369904475091,60749.33907575335
2003-07-30,18290.65655487991,13905.163098246863,6203.983565311062,60208.16306325696
2003-07-31,18853.799896062646,14333.28332363858,6397.258089398341,60836.55232360139
2003-08-01,18296.34701717077,13909.489176210302,6207.325673480101,60237.707056631676
2003-08-04,18424.189637914475,14006.679372035953,6251.556866853312,60383.979691534376
2003-08-05,16794.70882915743,12767.894075114244,5693.715985463823,58591.115198952124
2003-08-06,16199.982232854534,12315.7632127997,5490.558025358171,57897.358167725084
2003-08-07,16277.819741010106,12374.937865323345,5517.730226885149,57995.93851622317
2003-08-08,15883.045783775575,12074.817623831961,5382.7447471938,57526.07816421012
2003-08-11,16498.536110013465,12542.73376156337,5594.411341457148,58283.165425075196
2003-08-12,17198.94575623861,13075.208379799402,5834.868216739689,59121.29190081717
2003-08-13,17182.12249424463,13062.418778662399,5829.7012726944195,59106.97662889357
2003-08-14,17651.960622389703,13419.605289820698,5991.7623787741995,59657.82094041955
2003-08-15,17722.10854465441,13472.934064387493,6016.07667033736,59741.68154606994
2003-08-18,19032.69939439473,14469.288649365308,6464.441310048572,61228.98802545985
2003-08-19,19687.574684665015,14967.146541611968,6688.475983023098,61939.562478862055
2003-08-20,19686.880343201163,14966.618680227019,6688.507562439006,61942.94537931219
2003-08-21,20359.149092775766,15477.69965649713,6918.259972715011,62655.48441779512
2003-08-22,19889.053422462646,15120.31735325009,6758.043837585146,62175.13997125556
2003-08-25,19981.781122251607,15190.812022778326,6790.087330751127,62276.70639431424
2003-08-26,20089.579139035865,15272.76364657899,6827.063811854148,62393.05553969287
2003-08-27,20539.785847196,15615.025701858864,6981.046093618486,62865.4502749848
2003-08-28,21161.2212239563,16087.46146396206,7193.209371575802,63505.63969360296
2003-08-29,21580.349609245684,16406.096748543947,7336.245049322443,63929.9409309468
2003-09-02,22535.896524319105,17132.535171476207,7662.003177252758,64879.545019820245
2003-09-03,22488.468648340775,17096.478928831042,7646.143832793885,64838.18799661015
2003-09-04,23133.26948147813,17586.677884989796,7865.900857295076,65462.76206458079
2003-09-05,22557.432825527754,17148.907781171252,7670.016815250662,64922.794688608425
2003-09-08,23786.953887568976,18083.630427628224,8088.872114502169,66108.0030806155
2003-09-09,22953.58835051376,17450.07833623984,7805.215446416805,65338.72676362534
2003-09-10,21031.134424828575,15988.565169377307,7150.5394274557975,63515.35813359073
2003-09-11,21904.46798886687,16652.502279053435,7448.122549284758,64399.797151629165
2003-09-12,22233.846799168274,16902.906963248635,7560.459450564643,64726.950681922084
2003-09-15,21747.919020095083,16533.488566390766,7395.081602152618,64258.40290718134
2003-09-16,23440.395980232715,17820.165624708825,7971.391310876539,65931.02829555012
2003-09-17,23132.312852914525,17585.950624261808,7866.598146726887,65645.57732345218
2003-09-18,24305.06604329216,18477.516453911572,8265.82062004746,66759.50839867743
2003-09-19,23893.130240056104,18164.34920850307,8125.724710235071,66385.84918152762
2003-09-22,22556.49519957398,17148.194966856838,7670.838679353261,65150.55368933528
2003-09-23,23634.523772292778,17967.748003854063,8037.855577027449,66193.03361601291
2003-09-24,21156.774431859594,16084.08086528408,7194.495606405629,63881.44128658665
2003-09-25,20497.225148321257,15582.669648501618,6970.088387578247,63220.609592316265
2003-09-26,19733.765399471813,15002.262253346316,6710.190780985965,62438.14869944939
2003-09-29,20914.819414590176,15900.138644977464,7112.435811378102,63689.054003617624
2003-09-30,19420.051272506087,14763.766380407373,6603.597284619926,62173.582498813856
2003-10-01,20830.071507386787,15835.710478150188,7083.824658955131,63683.978320163136
2003-10-02,20910.307099149788,15896.70823328278,7111.2246099904605,63769.43160015377
2003-10-03,22700.252536348275,17257.484057077207,7720.41885364001,65593.74989902397
2003-10-06,23013.927316298254,17495.95001711118,7827.197351693783,65899.59608403857
2003-10-07,23554.30755152205,17906.764975191578,8011.087735568778,66419.13336248512
2003-10-08,23036.80573794292,17513.3429512273,7835.052653381213,65936.12478022146
2003-10-09,23761.912789551297,18064.593355282002,8081.77258686149,66631.68034283222
2003-10-10,24163.787443248275,18370.111781476335,8218.53611372177,67011.03684964584
2003-10-13,24669.779743458104,18754.783892057167,8390.696459048751,67482.46733828113
2003-10-14,24978.32126713529,18989.347380603354,8495.665379462225,67767.416455012
2003-10-15,24814.17099127342,18864.554902452943,8439.856014478517,67622.5835273214
2003-10-16,25290.86375418492,19226.952534060645,8602.021441124714,68059.24014422059
2003-10-17,23550.32826427114,17903.739789186213,8009.991133552565,66501.43182325158
2003-10-20,24323.127448878287,18491.247332828087,8272.869501573405,67232.4232881519
2003-10-21,24984.743696578982,18994.22992424708,8497.922358701386,67845.61130467479
2003-10-22,23152.216380532456,17601.08194537799,7874.604732809004,66190.36215103968
2003-10-23,22685.143950862242,17245.998009830255,7715.741437256967,65748.72704160676
2003-10-24,22312.811659168827,16962.938665994963,7589.104364947216,65392.47238745783
2003-10-27,22642.93657974968,17213.910567943876,7701.407018684871,65718.46300469944
2003-10-28,24742.256557182343,18809.883167069678,8415.469665310746,67753.01912434367
2003-10-29,24734.889973655332,18804.282846211183,8412.96754286148,67749.86218421871
2003-10-30,24600.011266220627,18701.74358417141,8367.094213655035,67630.28021511504
2003-10-31,24546.340455021164,18660.94125533731,8348.841348102596,67584.65308054106
2003-11-03,25934.456550657804,19716.23310072377,8820.981721924705,68862.19114601212
2003-11-04,25190.941882565818,19150.988616758015,8568.092813096693,68207.7185733607
2003-11-05,25198.309383898308,19156.58963536265,8570.599678034985,68217.93444062064
2003-11-06,25752.445684138896,19577.86240981911,8759.077358478697,68721.56324212454
2003-11-07,25570.527457659726,19439.5621469419,8697.202835113687,68563.3364301884
2003-11-10,24387.825029164753,18540.4325768485,8294.934366598918,67509.84065859884
2003-11-11,24128.180645750075,18343.042314334303,8206.623043222662,67273.78867204933
2003-11-12,25865.845543914198,19664.072740255462,8797.649328307885,68892.28287309926
2003-11-13,25667.428584027806,19513.229593624812,8730.162629579325,68719.72501725487
2003-11-14,23934.67133423859,18195.930124592876,8140.806456235431,67176.93753622597
2003-11-17,23230.663583143632,17660.720107826495,7901.355001624814,66521.80608637308
2003-11-18,21776.086742281386,16554.90260201772,7406.615051488101,65136.870322795476
2003-11-19,22453.98553859502,17070.26372634715,7637.186655094924,65816.18800834306
2003-11-20,21699.259518505212,16496.49600115089,7380.484655682632,65082.21971427278
2003-11-21,22166.724013374806,16851.87799765265,7539.481753514504,65552.97358602456
2003-11-24,24391.80834028766,18543.460821934663,8296.291157774838,67749.79020007676
2003-11-25,23979.84504111091,18230.27267320108,8156.17168230917,67371.9120079376
2003-11-26,24423.802222897313,18567.783631479448,8307.173123808132,67791.20133814834
2003-11-28,24635.324921776344,18728.590195096738,8379.11752089298,67990.44557644973
2003-12-01,25817.934944210647,19627.649515041325,8781.354081980367,69081.9144121338
2003-12-02,25002.74366015412,19007.914092911215,8504.086232139623,68358.40908001535
2003-12-03,24365.75546799493,18523.654565263598,8287.429908833907,67781.4282654323
2003-12-04,25012.94402952119,19015.668751651097,8507.55564429567,68385.05708728777
2003-12-05,23676.54116442058,17999.69101742206,8053.010120799889,67170.69136654203
2003-12-08,24236.976381672754,18425.75243727928,8243.628777697191,67704.15302493784
2003-12-09,22471.58900140944,17083.646461996574,7643.174414803605,66063.82945923251
2003-12-10,22727.93080041458,17278.525990425172,7730.362956721702,66318.45116868317
2003-12-11,24100.542705464362,18322.031036460296,8197.224120543964,67656.94174271452
2003-12-12,24114.345775617425,18332.524587698274,8201.91890526226,67673.35728634408
2003-12-15,23068.474488896903,17537.41858491555,7846.190760744336,66698.49611750362
2003-12-16,23386.607678420034,17779.27397561799,7954.396168671243,67008.55473003672
2003-12-17,23220.657815872135,17653.113392047002,7897.95228553121,66853.52425391856
2003-12-18,24776.656739651055,18836.035325490113,8427.188164798321,68350.25011991666
2003-12-19,24507.65390369499,18631.530457300345,8335.69327348644,68106.42315210123
2003-12-22,24791.199728581127,18847.09138749652,8432.134615220592,68372.60219819278
2003-12-23,25644.18234891826,19495.55703552671,8722.256285727497,69160.29624684976
2003-12-24,25377.472322117294,19292.79523681939,8631.541238701268,68924.10802791953
2003-12-26,25410.694206073866,19318.051613672847,8642.840869245976,68957.74914958092
2003-12-29,26597.787939366935,20220.51959916148,9118.178174448654,70225.4906377778
2003-12-30,26573.191689537893,20201.82071514647,9110.717596494696,70209.96962116675
2003-12-31,26465.532021699575,20119.974268798127,9071.095655238958,70111.8212615466
2004-01-02,26226.246191998907,19938.06125331376,8989.676702486062,69905.71819143722
2004-01-05,27811.322484246,21143.08876562467,9597.181267528516,71484.06738058547
2004-01-06,28032.33619052348,21311.110707511525,9686.398392570965,71709.3119155933
2004-01-07,28687.900155689236,21809.492153230112,9937.206956843213,72331.97837374987
2004-01-08,29524.372465733442,22445.406116374794,10259.033514928411,73116.60586230629
2004-01-09,28965.87688985898,22020.819276154903,10053.264500215762,72631.58434989126
2004-01-12,29973.915398448447,22787.163547569828,10435.440464865886,73555.7451648411
2004-01-13,29161.111850900415,22169.24336184125,10129.776409728078,72841.41559189638
2004-01-14,29644.81444558235,22536.970099802602,10314.262528636613,73287.42371929027
2004-01-15,29522.870208865545,22444.26405093275,10271.631192497913,73190.28135408844
2004-01-16,30670.688411597846,23316.873476856883,10705.41871242126,74224.41991579921
2004-01-20,30600.868690352574,23263.794211578643,10689.00143844191,74190.35580544455
2004-01-21,30249.19183827423,22996.43781727126,10558.612611994338,73892.56401714143
2004-01-22,29364.11384277035,22323.57220169185,10226.331395894604,73121.2878968012
2004-01-23,29393.156177196663,22345.651146520322,10241.293687422018,73160.76998760879
2004-01-26,30569.570499682148,23240.000290094937,10690.882891966548,74235.16993055557
2004-01-27,28678.764892957483,21802.54722384229,9979.221321842004,72591.84080360073
2004-01-28,27237.53553001311,20706.876912960142,9433.306421281924,71271.91753907084
2004-01-29,27470.04676845832,20883.63965972406,9524.143842227242,71504.41085990923
2004-01-30,27284.354045949924,20742.46989991312,9459.93750522633,71347.46624071068
2004-02-02,27016.451923905373,20538.80183090649,9359.523450831886,71098.7698085687
2004-02-03,27209.09211674342,20685.253287837713,9434.394543099996,71292.08725184092
2004-02-04,25752.34306268636,19577.784393590944,8878.844846648952,69896.47264096676
2004-02-05,25860.901417180772,19660.31405130951,8922.153261850433,70013.78799858036
2004-02-06,27481.281710058833,20892.180834552077,9541.110299708751,71636.48812704769
2004-02-09,27069.077496471484,20578.809534701857,9386.76176059561,71253.95716749433
2004-02-10,27527.470798676477,20927.295310003552,9563.12284084144,71703.9453046862
2004-02-11,28222.695245805062,21455.82796809626,9827.911823734144,72369.5034134447
2004-02-12,27554.18907867144,20947.607431655382,9577.046549855002,71757.54070556113
2004-02-13,26700.4654160282,20298.57841871272,9253.380799992801,70952.9365984531
2004-02-17,27772.34430609953,21113.456263217056,9665.861771419392,72010.93439920344
2004-02-18,27801.469953781343,21135.598545542598,9682.737906044022,72056.6251471976
2004-02-19,26645.385051997022,20256.704501116248,9244.68577729566,70973.78259957397
2004-02-20,26506.829910855933,20151.37029236947,9193.455989703878,70846.40833179925
2004-02-23,25607.697899348364,19467.82034820238,8851.19001264729,69970.94119068174
2004-02-24,25515.04317437721,19397.381156548352,8819.58938277338,69891.34521262876
2004-02-25,25894.835603619114,19686.111944108794,8966.681264844721,70283.56146973702
2004-02-26,26210.88397965942,19926.38239052992,9092.339345599365,70615.56764194742
2004-02-27,25874.63074405088,19670.751540460602,8966.909361640124,70294.55896477833
2004-03-01,26784.713515583226,20362.626615206646,9315.76314593176,71209.82504103938
2004-03-02,25974.11716481572,19746.38441359696,9009.694095089333,70433.68027792952
2004-03-03,25625.40660448979,19481.283092555565,8878.11162032751,70094.47641458419
2004-03-04,26345.831193464353,20028.97373338202,9154.76334123525,70826.21241309002
2004-03-05,25932.85515602087,19715.015667465173,8998.80327182221,70427.71577237478
2004-03-08,24410.554289354946,18557.712113485064,8413.934161914782,68905.60021909447
2004-03-09,24231.757512394677,18421.784879948435,8349.284645185053,68732.71884300295
2004-03-10,23331.178982797286,17737.135244805075,8000.596403690893,67779.48990634116
2004-03-11,22662.992794729427,17229.157967051175,7740.846055176364,67049.51322392277
2004-03-12,23856.435293673323,18136.452494527643,8223.78271536391,68447.38033350794
2004-03-15,22461.62941308084,17076.074852979407,7679.635284189924,66941.29180584931
2004-03-16,22733.5361779817,17282.78738416268,7797.476078818974,67287.18478395425
2004-03-17,23660.479532100595,17987.480432396664,8159.567754501579,68332.23958618595
2004-03-18,23164.238106001554,17610.221259369726,7968.371941745158,67802.08721713269
2004-03-19,22332.715132560254,16978.06994588636,7644.127147229782,66885.97417813363
2004-03-22,21612.37194422626,16430.441188523742,7361.613148671809,66065.47142386885
2004-03-23,21124.491743870458,16059.538496321433,7179.528436022502,65524.22777023161
2004-03-24,21582.758295240033,16407.92791143868,7364.738875945447,66091.09459974316
2004-03-25,23379.721393503547,17774.03879367591,8067.615623871395,68197.08412447307
2004-03-26,22917.065171041013,17422.312205160208,7889.207833622209,67697.94237556309
2004-03-29,24072.17664850804,18300.46622017016,8338.68167282699,68987.13685159852
2004-03-30,24188.68031995186,18389.03617106887,8388.961843915007,69129.39974892655
2004-03-31,23873.92507131947,18149.748802945665,8269.138257490265,68803.87548707712
2004-04-01,24515.194251667897,18637.26287964757,8523.851050371666,69513.92157241823
2004-04-02,26227.076219740196,19938.692267902214,9175.602593651965,71289.28036835598
2004-04-05,27104.108145720467,20605.44099485655,9508.583373822588,72155.36304052547
2004-04-06,26357.94126381983,20038.18021008333,9228.068233390417,71449.57514723114
2004-04-07,25783.455903900645,19601.437406277302,9011.898860904386,70895.40135687443
2004-04-08,25942.212676624826,19722.12956465103,9075.894250437435,71066.91993395981
2004-04-12,26440.930361295115,20101.27127148442,9266.107288811816,71567.10775504328
2004-04-13,25306.286000393855,19238.677036580986,8836.986088699257,70466.06944705325
2004-04-14,25427.528237168008,19330.849401836575,8886.27100241341,70600.75039949926
2004-04-15,24654.16776909211,18742.915151905952,8592.666554662577,69826.88415840972
2004-04-16,24169.544119479193,18374.488197470717,8408.418662858694,69331.44584353337
2004-04-19,25271.26037384413,19212.04939484867,8832.803589507193,70501.48742666036
2004-04-20,23551.117486689967,17904.33978221662,8174.212283507159,68752.92758707656
2004-04-21,24168.237972743136,18373.495221448204,8414.32081050739,69429.70046845911
2004-04-22,25740.67371905237,19568.91297194497,9013.619132727299,71081.67276526586
2004-04-23,26289.249327388356,19985.958324185027,9222.369152829477,71634.12301013562
2004-04-26,25472.823575129103,19365.28441842821,8917.006277083414,70847.23736572896
2004-04-27,25411.839045172233,19318.921958284925,8897.091787663305,70798.19762617316
2004-04-28,24155.47119650585,18363.78949517831,8419.326910587626,69534.6327456773
2004-04-29,23170.12093730525,17614.693582630076,8041.918821633873,68499.27015846621
2004-04-30,21866.682573030375,16623.776554071104,7535.578850920297,67065.21885714616
2004-05-03,22432.28684788849,17053.767662775695,7759.655533789066,67733.46954898277
2004-05-04,22715.280528273204,17268.90883442887,7871.169306414172,68061.47374040139
2004-05-05,22977.903738900535,17468.563700081246,7975.273492963822,68365.09050492622
2004-05-06,22415.689098328025,17041.149503662076,7759.858849797604,67753.14163136235
2004-05-07,22009.7779555517,16732.562404737262,7604.448553931284,67304.37376895703
2004-05-10,21621.884177156273,16437.67270314562,7456.328551577155,66870.9038366566
2004-05-11,22634.045756373303,17207.151469452507,7852.606030417376,68059.04839329187
2004-05-12,22326.557417881217,16973.388647176962,7734.965291656123,67722.73773784943
2004-05-13,22415.31449482548,17040.864717668504,7771.372215144014,67832.52858944559
2004-05-14,21680.99465845573,16482.6104494107,7487.075006449936,67008.90872550182
2004-05-17,20862.269010065076,15860.18808641725,7166.330252433763,66055.52722784426
2004-05-18,21535.080754909297,16371.681865681225,7439.4604917693905,66898.16965379873
2004-05-19,21483.01261759469,16332.097942632367,7420.778962315072,66845.66809686036
2004-05-20,21498.542704025735,16343.904428862405,7428.596282926019,66872.6332537289
2004-05-21,21951.82267039271,16688.502876850816,7608.244483723672,67415.19492936488
2004-05-24,22187.622461856517,16867.76569057207,7701.6051662677,67694.4676505396
2004-05-25,23602.691860510455,17943.54832989845,8252.436121566614,69311.87631498642
2004-05-26,23872.432262832546,18148.61392047588,8356.902971339669,69607.96871373673
2004-05-27,24285.126070994924,18462.35742634273,8515.525483615558,70052.01563639146
2004-05-28,24420.733605395344,18565.450766788505,8569.100741977945,70202.58604691335
2004-06-01,24520.06254652002,18640.96391868497,8609.027110765657,70315.34236872527
2004-06-02,24312.732730451215,18483.344923493838,8532.295459811587,70110.1668304505
2004-06-03,23430.39938686521,17812.565883235082,8199.222082945442,69201.59381858136
2004-06-04,23863.276200132266,18141.65317826287,8365.812264677346,69673.93922330767
2004-06-07,25520.21044677942,19401.30948822472,8993.099436410237,71419.07042658
2004-06-08,25730.134058371365,19560.90037270722,9074.074783682676,71637.21501473576
2004-06-09,24445.479615042565,18584.26350317896,8591.60390452782,70371.35846572362
2004-06-10,24985.536810235983,18994.832875525666,8797.294828707127,70936.67620874791
2004-06-14,23914.929624075885,18180.921822467295,8393.323047909813,69854.63479194629
2004-06-15,24843.899122245388,18887.155212536447,8747.505632173225,70840.91849523796
2004-06-16,24866.811723617087,18904.57413121346,8760.75458914557,70880.44124021086
2004-06-17,24110.845825745913,18329.863809849587,8476.562811847101,70117.76621806317
2004-06-18,24133.07339677094,18346.76194576141,8486.588528607572,70149.12952816703
2004-06-21,23600.682760663352,17942.020945631466,8287.331560804623,69603.83895040922
2004-06-22,24574.4447892746,18682.3071013576,8656.824173388683,70641.96537035827
2004-06-23,25440.290505452424,19340.551701011347,8984.466773739206,71536.92902347232
2004-06-24,25183.138767076965,19145.056429839442,8889.655227567528,71289.08450332464
2004-06-25,25659.62737866408,19507.29885884663,9069.318565234173,71773.12574492506
2004-06-28,25392.377541763286,19304.126678617053,8972.101839662475,71520.48025820426
2004-06-29,25993.89678169979,19761.421533668006,9198.102249962205,72124.7893418637
2004-06-30,26529.89502646463,20168.905157422378,9398.711030697652,72652.95744567645
2004-07-01,25170.35576065957,19135.33836484891,8894.450601727405,71357.9256829116
2004-07-02,24759.427617645622,18822.93717612591,8743.39333036809,70958.18011176163
2004-07-06,23090.407099924905,17554.092482465356,8114.157067409252,69260.15858686251
2004-07-07,23370.33872295488,17766.90577666885,8227.45764281163,69586.6209943338
2004-07-08,22409.47935622296,17036.428651979695,7863.612597082711,68564.95289723435
2004-07-09,22786.68244236842,17323.19093513105,8008.99299082858,68991.54385225147
2004-07-12,22430.799243918747,17052.636736952296,7876.496352250356,68615.16963888209
2004-07-13,22275.532069243953,16934.597486629104,7819.068726699591,68452.4686497637
2004-07-14,21727.33870653956,16517.842730182307,7610.870805613405,67848.95597472649
2004-07-15,21715.399331709512,16508.76602187472,7607.968196670931,67844.34234144619
2004-07-16,20720.924048341094,15752.732963634187,7224.324300615851,66707.96748532046
2004-07-19,20890.028649281638,15881.291883850468,7295.170194668052,66929.97067083578
2004-07-20,21872.402447399916,16628.124992071203,7675.144475686586,68095.96021403233
2004-07-21,20421.189546553553,15524.864864912735,7115.331730964446,66444.38310005124
2004-07-22,21284.378078692636,16181.089385225427,7452.341179794407,67497.33217996322
2004-07-23,19933.656486500004,15154.226080269254,6927.271931138677,65916.10431747741
2004-07-26,19654.323699896795,14941.868041357353,6819.568516143849,65578.38627907418
2004-07-27,20525.643190531435,15604.273985704034,7164.209595866081,66686.97711601168
2004-07-28,20212.304862368717,15366.063807465674,7043.746705358793,66317.14982920908
2004-07-29,20786.40648916472,15802.514884638047,7269.011883672783,67028.03110751387
2004-07-30,20852.924181234685,15853.083837938142,7296.931571078893,67117.81069034999
2004-08-02,21082.06694926014,16027.28576188863,7388.912724575139,67404.09789765606
2004-08-03,19972.79621993992,15183.981402363404,6959.459105592155,66102.51393967768
2004-08-04,19968.34495913441,15180.597406424944,6959.68673226383,66107.44035158273
2004-08-05,18966.4710368252,14418.939657738334,6568.73804718782,64873.82167196986
2004-08-06,17591.814128920552,13373.879932780235,6012.632988189525,63047.22414761574
2004-08-09,17701.91425878952,13457.581699218885,6060.323622392777,63217.92685633198
2004-08-10,18641.81372681006,14172.124414488131,6443.944642044378,64555.85612411049
2004-08-11,17852.352497393866,13571.949832354507,6126.507632261846,63499.92858452475
2004-08-12,17165.02730251698,13049.422447532581,5845.223703328064,62532.152998841804
2004-08-13,17266.8780855223,13126.852787177513,5890.096416021023,62696.147530776274
2004-08-16,17882.824027085768,13595.11529877435,6146.377217403635,63609.4492603811
2004-08-17,18178.9360447698,13820.22946506429,6269.048739912974,64036.676166374804
2004-08-18,19153.26323095985,14560.94527230599,6662.685257769142,65381.048125605455
2004-08-19,18757.68303387509,14260.21210056904,6508.138685144321,64879.685202513836
2004-08-20,19241.37192674642,14627.928421960021,6701.993602090109,65527.993521484976
2004-08-23,19388.571944305193,14739.83475217174,6762.5386516789285,65729.4868489574
2004-08-24,19338.399178217052,14701.691753124524,6745.15636873466,65677.35229409231
2004-08-25,20065.120858988885,15254.169651763345,7030.795260636664,66608.61628135559
2004-08-26,19854.98497198034,15094.417388476271,6951.152432253431,66361.34645552556
2004-08-27,20024.772036364502,15223.495140012996,7019.333604536876,66582.53960015488
2004-08-30,19216.65345652902,14609.136621956519,6705.783867238772,65595.37417043574
2004-08-31,19236.34606345281,14624.107594173036,6715.867221092098,65632.42578598198
2004-09-01,19572.575820197653,14879.7205948323,6851.573621624471,66078.98860777776
2004-09-02,20350.444298363986,15471.081983387932,7154.661339005279,67057.86905849588
2004-09-03,19294.43755323277,14668.270669324922,6746.632381398119,65787.68911033968
2004-09-07,19664.995157440444,14949.980836936624,6893.566000910867,66269.78059331453
2004-09-08,19459.6746413012,14793.889378121783,6816.767009613198,66028.21579738229
2004-09-09,20016.359624459907,15217.099745772659,7035.098005337992,66737.66001594122
2004-09-10,20853.305594647423,15853.373801051057,7359.791599151207,67768.94694836538
2004-09-13,21436.031738877904,16296.381522114822,7582.8820226839625,68458.32014292944
2004-09-14,21725.969301049772,16516.80166275938,7693.911100358698,68797.12555359225
2004-09-15,20906.757478348012,15894.009693947255,7386.010593161456,67884.10593026252
2004-09-16,21005.13342873922,15968.798350714735,7426.823335401331,68013.78358579565
2004-09-17,21344.10226859748,16226.493693105005,7556.720121405355,68414.96017546607
2004-09-20,21268.41926901896,16168.956969382361,7530.595191899907,68340.79791028606
2004-09-21,21733.15388416575,16522.263620875583,7707.028968613676,68879.18870456042
2004-09-22,20374.282655171086,15489.204692018007,7195.72350209956,67360.68758287416
2004-09-23,20427.574958609308,15529.719266711722,7218.590224447651,67436.64753318533
2004-09-24,20139.771759686737,15310.921739722577,7114.104289344423,67115.88728315737
2004-09-27,19593.96677399803,14895.982706612096,6907.212306731118,66469.85692787713
2004-09-28,19746.64502677287,15012.053772733729,6968.352597919523,66670.52539775142
2004-09-29,20573.37262422248,15640.559482513272,7285.728089666427,67687.26040995248
2004-09-30,20639.449067042133,15690.792983514311,7313.878992123897,67779.06691478033
2004-10-01,22302.06805422079,16954.771021568566,7937.169868312994,69709.35490914936
2004-10-04,22564.372862377775,17154.183827114033,8035.49326861764,70002.24524102577
2004-10-05,22677.501931994735,17240.188293900497,8079.7598705385535,70135.85497259276
2004-10-06,23239.466845212297,17667.41263931075,8287.519204033382,70742.07695799867
2004-10-07,22380.582393579705,17014.46022359699,7972.824297189421,69851.78592366628
2004-10-08,21274.025591902726,16173.219081780917,7564.030990559913,68662.99529579499
2004-10-11,21555.185149724097,16386.96589269537,7670.2880416358075,68989.48185926465
2004-10-12,21430.256940031326,16291.99132870759,7625.477650442014,68860.1263365747
2004-10-13,21399.73775040179,16268.789629624142,7615.757938718037,68835.85146752435
2004-10-14,20996.3168156015,15962.095669305447,7467.320005792566,68393.60794950758
2004-10-15,21232.97178190989,16142.00861527623,7556.927734381984,68672.13062608021
2004-10-18,22356.556689497316,16996.19508736126,7972.970329193423,69937.33511109497
2004-10-19,21745.459524340225,16531.61877623269,7750.068645135849,69290.64541111316
2004-10-20,22108.53471729052,16807.640566907798,7885.17478051037,69698.30442351957
2004-10-21,23105.18145709109,17565.324438270276,8251.012812414127,70781.24744437233
2004-10-22,21424.70581997941,16287.771183330726,7636.519136964439,69029.22575863241
2004-10-25,21172.526352467918,16096.055997205229,7544.930708324021,68758.25348688585
2004-10-26,21575.81060714489,16402.64604876585,7695.040232066327,69219.21977333823
2004-10-27,23230.04987413003,17660.25354590163,8300.445667296604,71039.49657156963
2004-10-28,23550.915243056064,17904.186029905617,8418.524701532135,71381.49703095423
2004-10-29,23526.525424457373,17885.644081751165,8410.505105433787,71363.99548920606
2004-11-01,23617.37620511566,17954.711855172314,8444.298441239303,71465.05991389985
2004-11-02,23895.694454004308,18166.298608901096,8545.728508844464,71756.6902093746
2004-11-03,24319.908851099215,18488.800448161503,8699.75382030199,72193.31092405923
2004-11-04,24907.171874413307,18935.25725501534,8912.00226613162,72785.96070911296
2004-11-05,25344.940902201513,19268.063773605398,9069.99222107354,73221.66544620806
2004-11-08,25433.566184207673,19335.439649218515,9102.26642424424,73314.14209472027
2004-11-09,25422.046604827134,19326.682083319825,9098.493374754717,73309.64642194929
2004-11-10,24922.544971693766,18946.94439289192,8919.366794640915,72834.1858714193
2004-11-11,26127.781528927786,19863.205154227868,9352.5490763044,74018.88341274878
2004-11-12,26970.740002431496,20504.05011372666,9655.170341742178,74822.9171072896
2004-11-15,27098.23772256033,20600.97810467803,9701.02835842278,74947.12656345592
2004-11-16,26446.903085698938,20105.81193445771,9467.7366572782,74352.10669128412
2004-11-17,27598.559969038324,20981.33965255815,9880.576290855233,75438.52598023451
2004-11-18,28104.272294399725,21365.798916983396,10061.822800468288,75905.59793097028
2004-11-19,26569.79488905433,20199.23835487992,9512.195603883503,74529.31667062482
2004-11-22,27395.225136851815,20826.7577764716,9807.979098935488,75307.54538382783
2004-11-23,27093.16156201485,20597.11903925378,9699.849697378577,75036.58681081561
2004-11-24,28126.097591433194,21382.391230879155,10069.82682488385,75996.38275632622
2004-11-26,27892.850949385225,21205.069405931867,9986.331393067323,75792.17820356885
2004-11-29,28003.919176897776,21289.507152273076,10026.122399729098,75898.66880458187
2004-11-30,27524.240120833325,20924.839241672034,9854.385208584294,75471.14631317665
2004-12-01,29392.4244987507,22345.09490032455,10523.28770230239,77185.03246484486
2004-12-02,29716.391521541427,22591.385364356942,10639.28136815941,77475.02637317701
2004-12-03,29780.195264558053,22639.891083671217,10662.126707024938,77536.9049759968
2004-12-06,30062.11970354783,22854.219382591065,10763.064633743525,77788.01520797139
2004-12-07,28371.771164241345,21569.160420305263,10157.87232943177,76336.49567895202
2004-12-08,29040.45062990191,22077.51270402785,10397.279386179445,76942.54210723075
2004-12-09,29463.85971894546,22399.402321427064,10548.871836606593,77322.86449617846
2004-12-10,29204.40540584387,22202.156556662063,10455.980111713288,77102.31301122796
2004-12-13,30072.540688307607,22862.141760461658,10766.796452594912,77872.69333808184
2004-12-14,30417.79756534905,23124.617477046682,10890.407910840679,78177.16548513611
2004-12-15,30197.652360100998,22957.25579841659,10811.58987444315,77995.04990332974
2004-12-16,29298.992518578078,22274.06481351523,10489.844941216243,77227.82683811757
2004-12-17,28691.82072477405,21812.4726997402,10272.46074395445,76700.76005214642
2004-12-20,28436.581707102265,21618.431542217313,10181.078157452057,76479.68107194196
2004-12-21,29358.06815733518,22318.97607132524,10510.995644282495,77312.13117277896
2004-12-22,29588.741825328176,22494.34183615109,10593.583160141206,77521.03007373537
2004-12-23,29594.4998392529,22498.719269104633,10595.644687451455,77532.48796717325
2004-12-27,29249.24724715265,22236.24681007387,10472.034766243602,77237.41748252463
2004-12-28,30150.142256313968,22921.137043466966,10794.57995097792,78036.8101183985
2004-12-29,30120.833824287354,22898.855802426704,10807.8185726638,78075.18402554978
2004-12-30,30054.546624045804,22848.462076650958,10782.157963310796,78019.86895495541
2004-12-31,29920.279931151912,22746.388088341682,10727.654412494647,77894.87679279287
2005-01-03,29079.766447523692,22107.401891150865,10376.050620641763,77050.57097364223
2005-01-04,27643.625494189353,21015.59995783766,9759.121972117428,75530.14109608324
2005-01-05,27292.06701953244,20748.333557967995,9606.984758549354,75144.15945727496
2005-01-06,27019.650433280935,20541.233443703146,9490.182726398943,74846.09516206074
2005-01-07,27307.204657447284,20759.841691833863,9621.666584420129,75198.19756132456
2005-01-10,27299.87840715885,20754.2720336396,9621.897074999031,75205.27342854129
2005-01-11,26805.336956163894,20378.305238008426,9407.606481451552,74653.44710774983
2005-01-12,27301.395462790853,20755.425349592413,9630.773246437933,75250.18403079124
2005-01-13,26438.238540921117,20099.224860453756,9248.855267766301,74261.95671777596
2005-01-14,27073.3820502208,20582.081999075643,9533.177999014413,75029.32359430805
2005-01-18,27573.25055424368,20962.098596908505,9758.19788469184,75626.11189720349
2005-01-19,26400.612862078142,20070.620572826134,9238.414786436058,74289.84975181271
2005-01-20,25173.219260608694,19137.515292380427,8679.21000797982,72797.31593226311
2005-01-21,24755.97437126092,18820.3119038152,8489.85537651137,72274.17738523718
2005-01-24,23928.676254442173,18191.372466309444,8099.019741631627,71171.33914992506
2005-01-25,24252.9067172591,18437.863206177746,8260.123826078594,71649.37648478584
2005-01-26,24881.701691266066,18915.89397793766,8565.141647011686,72537.46756226373
2005-01-27,24805.64643704747,18858.074253904513,8538.680563994063,72469.01494524638
2005-01-28,24501.608115356918,18626.934248703525,8399.619205320058,72081.84405539754
2005-01-31,25226.016142603024,19177.653231278753,8737.012689138517,73053.17201675619
2005-02-01,25338.332868817102,19263.040127696706,8804.73831338943,73248.64697317981
2005-02-02,25382.343217079084,19296.49825254626,8827.901798701703,73319.61493445271
2005-02-03,24723.538789338225,18795.653299818754,8533.320231760734,72510.81205025419
2005-02-04,25693.836275641326,19533.305595698966,8977.128069878183,73774.545094354
2005-02-07,25454.270592577966,19351.179826416497,8879.81864068151,73514.76248449381
2005-02-08,25582.72751611565,19448.837035578512,8941.418947918673,73691.51419617573
2005-02-09,24589.245833905752,18693.559345857553,8486.656826573038,72448.96767455271
2005-02-10,24576.476363424325,18683.851571334,8485.258649763726,72451.6493402319
2005-02-11,25440.92703735418,19341.03561365188,8883.565810915381,73591.96267271235
2005-02-14,25723.03232299773,19555.50139818953,9015.82920093049,73963.95387779575
2005-02-15,26062.245579481685,19813.38255419639,9173.824443507445,74402.80664687806
2005-02-16,25857.320212174902,19657.591500615606,9084.972058055786,74169.43899478737
2005-02-17,24942.449982200495,18962.07684134928,8674.577135806625,73059.44020886488
2005-02-18,24786.91127997536,18843.831166786378,8606.172774766314,72874.11715373184
2005-02-22,23995.335603729975,18242.04911211976,8241.004310091537,71850.1094860625
2005-02-23,24091.070094490722,18314.82964376233,8289.293688436555,71997.05351984846
2005-02-24,24820.94046777286,18869.70128276638,8630.114523701937,72990.41080691731
2005-02-25,25153.160572241894,19122.266012922337,8785.122483649213,73434.12146558706
2005-02-28,24546.95843946372,18661.41106758487,8509.22706743892,72672.14326872326
2005-03-01,25115.544393745517,19093.668947772952,8781.595042125851,73454.45055261247
2005-03-02,25025.750239748526,19025.404456946675,8745.728150149795,73361.45197057175
2005-03-03,24513.48127297664,18635.960616493998,8513.521555513382,72719.17862457268
2005-03-04,24819.071356927037,18868.280322776136,8658.494219023916,73138.88051770712
2005-03-07,25743.205620792818,19570.83780753212,9077.209300573228,74324.82724473882
2005-03-08,25070.499115468003,19059.424034837473,8783.595126939399,73530.53780630337
2005-03-09,24807.25146530361,18859.294449560803,8666.731590288258,73211.44863501469
2005-03-10,24879.28016549293,18914.05305381769,8705.870943761665,73328.63958033152
2005-03-11,24170.035309451076,18374.861616360868,8382.924649697661,72428.9186841512
2005-03-14,24486.91747051898,18615.765933783994,8538.967948284071,72885.23374724918
2005-03-15,23984.811199203763,18234.04811111634,8316.827150349105,72260.14967656572
2005-03-16,23417.894571183653,17803.059308058604,8052.0907552216995,71500.32682910094
2005-03-17,23446.971409822047,17825.164484132256,8073.117251691035,71569.3823223273
2005-03-18,23323.735183609315,17731.47622204287,8018.7984158958125,71415.69307444891
2005-03-21,23308.044471892732,17719.54762314911,8017.886039934931,71419.79546503875
2005-03-22,22646.579021456226,17216.6796728064,7702.460348157995,70490.04911127563
2005-03-23,22849.91327837335,17371.261111554108,7806.16448993901,70813.12567055302
2005-03-24,22777.033689660377,17315.855633650866,7775.368826410959,70726.75884226676
2005-03-28,22822.67772829799,17350.55574404955,7817.656332331675,70861.72343041711
2005-03-29,22537.45054291856,17133.71658790145,7682.685488464827,70460.67532029936
2005-03-30,23418.470016846324,17803.496780916375,8112.300285813187,71780.77918777024
2005-03-31,23092.364533682165,17555.580588459063,7960.303372018301,71339.31573278453
2005-04-01,22623.46154060083,17199.104997958046,7746.1862325705315,70706.7903636302
2005-04-04,22850.538352337473,17371.73631349087,7860.985326794486,71063.12639778233
2005-04-05,23052.46990322748,17525.251368643898,7971.4662092956105,71403.11938896497
2005-04-06,22932.617486666033,17434.135590759954,7920.012337603727,71256.60145488863
2005-04-07,23568.74195230874,17917.738484893736,8223.741487062502,72174.58575942696
2005-04-08,23064.727484766772,17534.569988234318,7989.752938743584,71497.25133549346
2005-04-11,22815.999695644845,17345.478882377647,7874.189908597292,71159.66286372115
2005-04-12,23160.20532068154,17607.155402359775,8041.91359344668,71671.99456028006
2005-04-13,22225.12655504516,16896.277544757,7594.88445259304,70351.11315762602
2005-04-14,21578.399876974694,16404.61449747519,7272.823574779589,69363.7079768493
2005-04-15,20634.82698255967,15687.279121757078,6778.519045580579,67799.15952601453
2005-04-18,20660.023580569294,15706.434410349015,6797.0451281225005,67867.67887210267
2005-04-19,20933.460734386383,15914.310393889507,6951.979475795763,68390.105656579
2005-04-20,20521.961432393422,15601.474991187673,6745.625460487373,67720.24824484716
2005-04-21,21636.84569802776,16449.04694700019,7326.953090516812,69672.33568531308
2005-04-22,20845.090386659554,15847.128327761737,6928.000946934708,68414.72381176018
2005-04-25,21285.728320815302,16182.11588402174,7161.876066706355,69191.38511093387
2005-04-26,20791.007640339965,15806.012832201555,6907.916853734228,68380.4375586378
2005-04-27,20872.30226592135,15867.815699929582,6954.929424478022,68542.3719401825
2005-04-28,20457.287289645552,15552.307565160614,6741.294799722126,67847.39344242727
2005-04-29,20747.174728432834,15772.689600347578,6904.791628051914,68402.65289217846
2005-05-02,20776.15695326844,15794.72284787371,6945.677462244271,68544.85852759222
2005-05-03,20870.89000135225,15866.742049614615,7001.062084488404,68734.2581615577
2005-05-04,21571.638091037992,16399.47396378231,7361.124309889167,69919.81262163472
2005-05-05,21498.128764658482,16343.589738441226,7328.307152837544,69823.26045396227
2005-05-06,21661.468340842624,16467.76589583745,7415.0545735553005,70106.10943327537
2005-05-09,21876.998973129914,16631.619423217988,7525.998667524401,70463.12438867343
2005-05-10,21461.900974111275,16316.048171809292,7323.280480174919,69837.87588883797
2005-05-11,21720.265698402538,16512.46559506166,7460.702991659083,70282.05953090204
2005-05-12,21561.52531988924,16391.785900110204,7385.887771956316,70054.52303452602
2005-05-13,22042.00905217332,16757.065552233023,7625.341128846819,70818.9548488709
2005-05-16,22350.177032919022,16991.3450610669,7779.811245557718,71304.60635708767
2005-05-17,22645.848336071736,17216.124181568877,7927.026605146955,71761.86421111324
2005-05-18,23286.65021512742,17703.283000345946,8230.227205364967,72684.34972025915
2005-05-19,23711.526769729946,18026.288233681487,8427.314008168372,73272.17661510153
2005-05-20,23943.718181739507,18202.807837792898,8535.429609887391,73593.22268444998
2005-05-23,24197.978075051775,18396.10463253844,8653.327953609489,73939.80494085657
2005-05-24,24385.172640630874,18538.416143209084,8739.991626112509,74194.417761478
2005-05-25,24061.23189023005,18292.145652317926,8605.77736185296,73822.43510353715
2005-05-26,24662.06998757587,18748.922680204596,8874.702419791622,74599.1661932692
2005-05-27,24688.120019670205,18768.72677766274,8889.72672115221,74649.10814633178
2005-05-31,24396.43190565389,18546.975809508745,8764.174066214811,74305.52651197008
2005-06-01,25039.709681229484,19036.016886848836,9049.538868832411,75119.89097680133
2005-06-02,25408.485244261556,19316.372287718284,9211.98572086048,75577.35843904212
2005-06-03,24406.528592716906,18554.651645526003,8778.513312502695,74399.9485482018
2005-06-06,24423.695089979363,18567.70218548578,8789.814337934193,74439.77735819113
2005-06-07,23851.980616482142,18133.06590133959,8546.176535304647,73759.90532627465
2005-06-08,23711.177467334488,18026.02268242777,8486.462079557343,73595.94638226535
2005-06-09,24131.08672582981,18345.251612691816,8680.680803745849,74165.19538732078
2005-06-10,23422.73060633785,17806.735822204835,8366.59825690317,73278.59654416669
2005-06-13,23701.380317643838,18018.574564644914,8498.36041244752,73671.05825002962
2005-06-14,23508.972402958978,17872.299693261324,8417.730568475357,73445.89387544434
2005-06-15,23684.149826398243,18005.47537433898,8499.637082136187,73691.91039159198
2005-06-16,23965.92888550781,18219.693150657335,8629.741771269022,74075.74056203388
2005-06-17,23980.709069081397,18230.929535890205,8639.563620875606,74111.71150090064
2005-06-20,23935.478931562957,18196.54408683522,8623.610993942113,74073.9685968923
2005-06-21,23885.783269242274,18158.76379787888,8607.509962194727,74035.73565925007
2005-06-22,23788.939286350404,18085.1397935598,8569.752739293659,73935.34583227603
2005-06-23,23091.753998306944,17555.116439239253,8259.161304911153,73049.99218473943
2005-06-24,22518.63063806599,17119.409072712846,7999.367952190345,72291.81793526925
2005-06-27,22285.774252046725,16942.383933328096,7894.529946425819,71983.68284809317
2005-06-28,22781.472043232083,17319.229817082563,8128.185137303925,72701.49814960455
2005-06-29,22609.62788687754,17188.588196076726,8053.439507931918,72486.36941589207
2005-06-30,22222.815738273843,16894.52078528809,7881.343307089015,71977.74152975874
2005-07-01,22093.74745419046,16796.39879958433,7831.9224885157,71835.35762263788
2005-07-05,22603.503299485677,17183.93208182857,8079.225087841198,72599.5024759669
2005-07-06,22301.27549528323,16954.168492006047,7943.538058612233,72201.21074612804
2005-07-07,22479.819833737056,17089.903813426572,8032.58667214306,72479.09651521528
2005-07-08,23520.91697131452,17881.38034985906,8503.031503798016,73902.17892691688
2005-07-11,24054.344341129166,18286.909509300993,8740.188335573943,74597.52373140628
2005-07-12,24351.886653846086,18513.11103326184,8872.22441918189,74981.52415681616
2005-07-13,24417.680676603683,18563.12982917489,8904.61058782399,75081.15956787385
2005-07-14,25042.01735722838,19037.771258598495,9173.572361744027,75845.50799020576
2005-07-15,25203.73158578465,19160.711772878843,9247.754049341953,76058.44594598308
2005-07-18,24869.975335306204,18906.97921363269,9109.387859357712,75687.63493892559
2005-07-19,25697.876747445065,19536.377296228493,9462.048903461877,76672.83901784741
2005-07-20,26200.915933352688,19918.804351477564,9678.3540374871,77265.68353118925
2005-07-21,26145.962234814182,19877.02672918516,9660.21304302626,77226.06484933497
2005-07-22,26071.836418684114,19820.67382791086,9637.212637567485,77173.42677239983
2005-07-25,25744.535249576093,19571.848635384922,9504.800700605545,76828.62774114391
2005-07-26,25959.21024926611,19735.05168251717,9598.19555124231,77088.87658770665
2005-07-27,26519.29860878758,20160.849409635808,9830.125974547997,77718.43760039155
2005-07-28,26806.361186822458,20379.083892088725,9949.91780037419,78042.84227282325
2005-07-29,26184.040097880796,19905.974782240854,9698.327287211967,77393.79698521532
2005-08-01,26385.487265219053,20059.121592969794,9785.661930705279,77635.27293544999
2005-08-02,27128.200018681382,20623.75643486596,10091.022018510097,78451.99616682206
2005-08-03,27124.03647692428,20620.591172480483,10091.506800837877,78462.54010685564
2005-08-04,26257.56341640301,19961.869644872393,9745.374806919142,77574.75795380662
2005-08-05,25910.332288406542,19697.893037302725,9612.670167243865,77231.82494732979
2005-08-08,25387.793518103732,19300.64175195839,9400.714715451764,76673.32473229627
2005-08-09,25851.873230188477,19653.450524446336,9596.176467501631,77213.80474180267
2005-08-10,25157.835218369848,19125.819833783884,9316.021069311937,76471.54012445956
2005-08-11,25784.51318794279,19602.241188634867,9576.69574670252,77193.8518174876
2005-08-12,25381.08557897102,19295.54215438989,9414.231900152516,76766.47216392124
2005-08-15,25755.23011539735,19579.97922671237,9570.53893606588,77200.41841792139
2005-08-16,24579.67607919038,18686.28410126871,9088.911761641924,75914.54828583467
2005-08-17,24906.049139970437,18934.403715094708,9229.76875184878,76315.70182749719
2005-08-18,24615.57306339517,18713.574177959246,9112.87765079029,76002.56790678832
2005-08-19,24515.74093697199,18637.67848792789,9074.898414709041,75905.98166596598
2005-08-22,24581.04677746289,18687.326151507892,9104.673723318416,75997.98531255525
2005-08-23,24388.843112565683,18541.206557579844,9027.72155855247,75792.87226690447
2005-08-24,23976.221876778494,18227.518223637002,8859.863920113103,75332.0915577996
2005-08-25,24133.044092241867,18346.739667487513,8928.322356900313,75535.03529021665
2005-08-26,23832.091199505358,18117.945307600312,8805.366603692051,75197.235819349
2005-08-29,24331.4093946517,18497.54354239302,9017.744427513624,75810.70222598585
2005-08-30,24078.374346074135,18305.17791519496,8915.512081684079,75533.19363435904
2005-08-31,24728.003316592658,18799.047381351233,9185.960027410076,76305.89058567399
2005-09-01,24519.71500087924,18640.699702974343,9105.561020931576,76092.54702835529
2005-09-02,24325.957118115824,18493.398541131828,9031.362464283988,75895.11159080718
2005-09-06,25337.293269541442,19262.249789884543,9444.653562645653,77062.03558452027
2005-09-07,25438.698918317572,19339.34172374076,9487.827264432506,77188.82612295676
2005-09-08,25328.244119160587,19255.37032595886,9446.26124965852,77085.48827058502
2005-09-09,25762.62298993872,19585.599534871035,9623.524568298499,77577.04007303444
2005-09-12,25946.28348583663,19725.224328683256,9699.171093994024,77789.73735693879
2005-09-13,25715.25850583781,19549.59148483131,9609.334802727146,77559.023827213
2005-09-14,24906.90180149559,18935.051936635544,9288.174508178527,76704.40052031391
2005-09-15,24847.34294487393,18889.77332059547,9266.520232965722,76654.1157069991
2005-09-16,25309.600447342687,19241.196788961966,9454.37546259541,77181.4232009268
2005-09-19,24706.402276065375,18782.62555468129,9214.157805289527,76537.12783008523
2005-09-20,24355.012756535925,18515.48760009715,9074.640289254783,76160.13238199054
2005-09-21,23644.41486268725,17975.26753847228,8789.769660925193,75372.45218870018
2005-09-22,23858.651384456636,18138.13724016211,8880.38921901578,75640.63604079791
2005-09-23,24028.2890870973,18267.10144195294,8952.404189251136,75854.29867592915
2005-09-26,24060.55256329533,18291.629205475474,8968.745689594874,75909.67378450609
2005-09-27,23878.492037271986,18153.22076177028,8897.346829877972,75717.46619509683
2005-09-28,23861.156329172107,18140.041582125792,8894.228809924358,75717.8255690855
2005-09-29,24742.0086713341,18809.694716035156,9250.834332141354,76738.9742777688
2005-09-30,25237.141684277467,19186.11123665847,9452.870318155507,77306.95628293575
2005-10-03,25400.03889284273,19309.9510915348,9519.560623260188,77498.48203086275
2005-10-04,24935.12198923068,18956.505858310917,9337.889711111153,77015.23820957083
2005-10-05,23867.16752892697,18144.61149533567,8913.301646506132,75857.6478356811
2005-10-06,23075.272777037557,17542.58686879321,8594.428756712865,74962.5891477847
2005-10-07,23178.33128634375,17620.935361985074,8641.277576294337,75108.22770083147
2005-10-10,22802.01727361196,17334.84898189856,8489.84640780189,74678.93953009388
2005-10-11,22482.73683463225,17092.12141414987,8360.807040729447,74309.9788401644
2005-10-12,21767.678387722626,16548.5102923061,8062.989212392183,73437.00199007415
2005-10-13,22228.522135264004,16898.858977337884,8261.040003248369,74047.51633758645
2005-10-14,22623.409123736892,17199.065148921483,8428.009635747994,74555.70635147895
2005-10-17,22828.667372382184,17355.109269924447,8516.953289171795,74827.35556518738
2005-10-18,22354.40946003109,16994.562692381463,8325.58702431276,74276.33981371367
2005-10-19,23590.813435603213,17934.51795774149,8829.253057696822,75783.49438449334
2005-10-20,22986.83519636633,17475.35368995362,8589.958621145954,75108.38787660815
2005-10-21,23359.692776260727,17758.81237528255,8745.204799648633,75570.31358092155
2005-10-24,24431.686454156334,18573.77748529392,9170.481037791229,76804.80578308919
2005-10-25,24206.222364927868,18402.3722148427,9084.135611228452,76573.4133287696
2005-10-26,23722.092683104533,18034.320791086688,8897.821059830718,76059.54188196645
2005-10-27,22365.13799588699,17002.718880784767,8356.870628744362,74527.74198854566
2005-10-28,22905.53061561724,17413.54325397728,8577.343156295306,75192.51872546536
2005-10-31,23815.481260035805,18105.317881313946,8939.437931551098,76260.06805403953
2005-11-01,23686.707214483074,18007.419585489566,8891.372961111132,76133.4282546341
2005-11-02,24577.547111964428,18684.665589849035,9239.918205912289,77138.26836519658
2005-11-03,25575.845182639463,19443.604857652295,9625.317873992235,78220.90733738737
2005-11-04,25954.823245299318,19731.716536756398,9771.24920010963,78626.50977450807
2005-11-07,26002.734157561204,19768.13999958773,9790.415890831422,78688.26777158081
2005-11-08,25951.06539978888,19728.8596980987,9771.565932026358,78648.12346069558
2005-11-09,26026.083320769034,19785.890807036238,9800.988428189676,78737.41197034811
2005-11-10,26999.949087575787,20526.255827975532,10171.53259240855,79740.04517405176
2005-11-11,27108.478112566812,20608.763188433913,10213.156089632797,79859.30962668979
2005-11-14,27027.182909263393,20546.95988150245,10182.797558083774,79790.6931397675
2005-11-15,26646.571177983027,20257.60623338819,10039.143967695387,79425.97954886791
2005-11-16,26982.326033446025,20512.858198359103,10166.672534154157,79772.75265594237
2005-11-17,28192.366105478213,21432.77075078921,10623.99329999052,80979.37366014568
2005-11-18,28357.059577298245,21557.976184503565,10686.339077835208,81148.43794813083
2005-11-21,28670.373300390896,21796.167657152473,10804.641880849127,81458.56866549734
2005-11-22,29064.13604197823,22095.519139006406,10953.199889400055,81842.6268874501
2005-11-23,29189.88724045874,22191.119366336956,11000.669153232562,81971.62907453909
2005-11-25,29401.180759327217,22351.751699717293,11080.35753960647,82180.35068393609
2005-11-28,28527.93813231889,21687.883723384173,10751.211923092957,81377.43541986022
2005-11-29,28135.094515070035,21389.230990303728,10603.16231521661,81014.60970711676
2005-11-30,27910.47363566421,21218.466755895955,10518.54370456325,80809.75979203428
2005-12-01,29488.80134109171,22418.36376892011,11113.458381309798,82344.23460839478
2005-12-02,29729.06094589461,22601.017080499205,11204.014346717473,82579.07639108188
2005-12-05,28971.28443008301,22024.930267389685,10918.42823438615,81888.65794039659
2005-12-06,29298.972106340632,22274.049295456072,11041.93104357256,82208.54093823375
2005-12-07,29066.456707725403,22097.283385993072,10954.303974058923,82002.24389927447
2005-12-08,28468.345458821794,21642.57939863501,10728.893253592596,81450.92023111091
2005-12-09,28814.96865142377,21906.09383357636,10859.526978154825,81792.56395504852
2005-12-12,29097.922173259773,22121.204475370312,10966.164355117966,82071.4015409093
2005-12-13,29469.52585712147,22403.709907392524,11106.21110930545,82431.92329925639
2005-12-14,29107.698977349126,22128.637125752986,10969.849041855157,82105.75498935222
2005-12-15,29237.714877835344,22227.479520841534,11018.848274358357,82239.15655080529
2005-12-16,28556.78463493245,21709.81379038051,10762.225379677337,81611.89360210914
2005-12-19,27313.377255029965,20764.534305019723,10293.621136156318,80438.47683516124
2005-12-20,27339.149876090665,20784.12750541923,10303.334090969707,80474.70443150122
2005-12-21,27602.850245698533,20984.601263015815,10402.715125870653,80744.37681873476
2005-12-22,28225.066588483875,21457.630741365323,10637.210451644687,81362.05198176399
2005-12-23,28193.953579904966,21433.977601442828,10625.48485946583,81343.20910931978
2005-12-27,27453.2065282401,20870.83715117849,10346.318741104595,80641.87556416172
2005-12-28,27349.27644022816,20791.826054978355,10319.213327682006,80582.4082922738
2005-12-29,26878.603969902957,20434.005249252248,10097.73616985945,80016.85244424579
2005-12-30,26480.03680145576,20131.001282924637,9908.41284175548,79527.64149792536
2006-01-03,27789.149447712607,21126.232088640158,10532.478833331284,81208.36021736069
2006-01-04,28403.55007620647,21593.319802043927,10827.887863071626,81978.90015338837
2006-01-05,28787.702362072872,21885.365097056125,11005.344890856511,82438.1662795219
2006-01-06,30071.939392468204,22861.684635443115,11576.551585720292,83875.90216216943
2006-01-09,30370.681089262835,23088.797970916465,11710.860725946206,84211.9560919684
2006-01-10,30453.46370161903,23151.732055488992,11749.562174837578,84316.4520583546
2006-01-11,31095.899272200968,23640.132860689926,12032.894047704252,85005.93878733681
2006-01-12,30568.09251373201,23238.876676208693,11805.14102747766,84481.4612801318
2006-01-13,30517.60892845485,23200.497382116275,11789.499674314147,84455.91678960892
2006-01-17,30020.956131697316,22822.92547148568,11575.040240516562,83955.57577568923
2006-01-18,29119.42676871797,22137.55298130343,11175.660434038891,83001.68153795798
2006-01-19,29673.16731707984,22558.524892070087,11431.549610706115,83646.7391845159
2006-01-20,27338.537980818404,20783.66232236064,10366.189566721983,81059.91188618325
2006-01-23,27317.557756164464,20767.712460485778,10361.115155646858,81057.97567789766
2006-01-24,27686.968316105605,21048.550607043497,10541.46918617414,81539.58633282453
2006-01-25,27298.165608346917,20752.969907236293,10364.900312638803,81095.68283795573
2006-01-26,27820.895258955454,21150.36630611308,10611.439139176771,81749.95713986315
2006-01-27,28669.314430903665,21795.362669487025,10996.06670489599,82749.06044310817
2006-01-30,28753.61981051353,21859.454412176383,11037.369158653966,82864.19110717208
2006-01-31,28614.105672844253,21753.39114249649,10981.369435166867,82735.59166557282
2006-02-01,28677.874027267484,21801.86995822961,11021.104893188536,82847.34464347693
2006-02-02,27513.597908652948,20916.748679386856,10491.154664009398,81531.41658179904
2006-02-03,26644.663061077124,20256.15561969877,10090.801349039406,80506.09639316029
2006-02-06,26343.647914020356,20027.313932014767,9960.020178151713,80169.93770156903
2006-02-07,26112.47874151847,19851.57146824477,9853.657849528343,79896.15210347078
2006-02-08,26812.175628922203,20383.50422361045,10183.486423090259,80799.14997991231
2006-02-09,26146.433092696418,19877.384690947183,9880.047467834165,80008.30330640699
2006-02-10,26501.08590624467,20147.00350976016,10049.749425271337,80477.95095651901
2006-02-13,25793.005602264264,19608.697403363076,9721.374588546169,79613.04911607801
2006-02-14,26384.257153630904,20058.18642138584,10003.498998539086,80394.71049565254
2006-02-15,26803.586413836474,20376.97441773417,10202.118930660077,80938.41392242604
2006-02-16,27407.32607155261,20835.957307945555,10481.226424361745,81688.21461884434
2006-02-17,26838.740978705657,20403.700082648775,10227.906627579127,81041.91985269904
2006-02-21,26065.280492644706,19815.68979573224,9866.484565436365,80099.04774774746
2006-02-22,26882.68427727425,20437.107234100007,10253.354353742223,81157.53609637004
2006-02-23,26661.1647369356,20268.700740401135,10153.739333086098,80906.4447147773
2006-02-24,26802.73614832763,20376.328017724318,10226.746200983032,81112.0516188202
2006-02-27,27560.347256186324,20952.289082227937,10573.672958415067,82040.97938746218
2006-02-28,26524.586181824714,20164.86919784051,10100.477288861379,80829.00109391753
2006-03-01,27454.228874049222,20871.61437233378,10532.240379183828,81992.62798774138
2006-03-02,27406.400773485635,20835.253865699124,10513.425704955262,81955.87555911776
2006-03-03,27001.05540077517,20527.096883922823,10333.374799011175,81500.08776613286
2006-03-06,26413.02021260907,20080.053051765994,10064.883157854823,80806.21527692498
2006-03-07,26039.41352960978,19796.024873438295,9899.873161384461,80376.5158512112
2006-03-08,26049.866036060386,19803.9712151426,9911.226734147289,80419.0754009943
2006-03-09,25403.487900830558,19312.573141675766,9607.511246575485,79609.47203644327
2006-03-10,25504.5128702157,19389.375670446723,9658.96830073669,79763.31962033774
2006-03-13,25687.42288993877,19528.42992740691,9753.141459833168,80034.28843749753
2006-03-14,26726.26567802803,20318.19263266992,10233.592782809928,81360.26594001081
2006-03-15,27245.258411730243,20712.748103507238,10472.86694228224,82006.34546761069
2006-03-16,26598.801034399574,20221.28978756999,10183.259586705854,81262.50842349789
2006-03-17,26848.349548015754,20411.0048353785,10299.75592599392,81584.35270267143
2006-03-20,26967.533841380206,20501.612683872587,10356.799384045493,81746.97745029526
2006-03-21,26292.16366662087,19988.173901424147,10049.247520963665,80949.83594818064
2006-03-22,26418.698303052584,20084.36972424118,10114.926103622118,81138.10741363844
2006-03-23,26183.645459642095,19905.674765177093,10009.991495845463,80869.47084863491
2006-03-24,26525.640313939275,20165.6705839983,10169.492228027875,81310.90546200967
2006-03-27,26543.476411211363,20179.23017606983,10180.618845073264,81352.53078942871
2006-03-28,26225.985977631488,19937.863429730507,10038.736287405321,80986.58354075527
2006-03-29,27434.820760528135,20856.8596814275,10589.6291456977,82479.93242145197
2006-03-30,27621.28702946467,20998.61751686137,10675.95414806255,82716.19647477768
2006-03-31,27390.91395101319,20823.480270163775,10577.905189043506,82475.1497149415
2006-04-03,27491.861124618106,20900.223656005153,10631.74998249267,82627.6695659241
2006-04-04,27891.63100779152,21204.14196591461,10810.40915841608,83103.10491569307
2006-04-05,28580.12962758411,21727.56142723403,11112.115922069659,83888.88500055824
2006-04-06,28846.873645080213,21930.349066793933,11232.109207164347,84203.63494522366
2006-04-07,28108.537715477552,21369.041631403834,10914.486371201609,83422.77052223883
2006-04-10,27911.15233208694,21218.9827234023,10831.027080409025,83222.85860325488
2006-04-11,27275.752970312205,20735.931077252266,10553.496084596074,82524.72531755248
2006-04-12,27259.195717305778,20723.343704960706,10555.922317277884,82543.63553266162
2006-04-13,27544.28553883888,20940.078432561848,10687.823301707382,82900.03111313358
2006-04-17,26756.135954157493,20340.901006211545,10351.276439576604,82042.53329056707
2006-04-18,28104.09029758171,21365.660556972623,10939.648268320285,83609.49233154752
2006-04-19,28413.49372540458,21600.87929360599,11076.079604294393,83969.81614270422
2006-04-20,28166.267275086022,21412.929555248294,10973.308375630204,83722.91339451603
2006-04-21,27254.43279705226,20719.722775184327,10590.536979022116,82762.2068703359
2006-04-24,27115.252020686654,20613.91293781203,10538.482800524029,82639.23271903055
2006-04-25,26886.14674387349,20439.73951592324,10442.334441802825,82400.51527981699
2006-04-26,26895.59216996092,20446.920241770014,10451.742742724447,82437.82943215274
2006-04-27,27515.30261090182,20918.04465051469,10722.909366803848,83163.34202020027
2006-04-28,26792.553146111793,20368.586562068176,10410.970160811943,82369.59305932307
2006-05-01,26182.434915924605,19904.75446973669,10147.885583908172,81688.65752177744
2006-05-02,26303.005298681666,19996.416069309376,10203.774480367138,81851.40547895365
2006-05-03,26139.676460252118,19872.24807510995,10133.959457110766,81677.53580158224
2006-05-04,26719.56277398274,20313.096862941686,10395.489084023193,82392.94102326191
2006-05-05,27246.895500213832,20713.9926724106,10626.207254122797,83015.37878113381
2006-05-08,27291.573635985416,20747.958471449332,10647.83309939074,83084.68519053057
2006-05-09,27101.31482151564,20603.317417250786,10567.985069096463,82890.00256945261
2006-05-10,26390.576220852236,20062.99038564362,10260.849999042593,82099.96856604778
2006-05-11,24875.833142090505,18911.432512424308,9578.57045658481,80293.11170280864
2006-05-12,24057.355790235833,18289.198912683794,9199.066847036784,79245.269915193
2006-05-15,23999.923710690713,18245.537143039262,9178.02819507147,79197.2579130193
2006-05-16,23591.775985104796,17935.249719762676,8987.588340543936,78661.88195176277
2006-05-17,22745.372673015074,17291.78587984033,8572.51951067817,77463.25832582192
2006-05-18,22349.813191738966,16991.06845694745,8379.310437627522,76893.41934790771
2006-05-19,22764.45214184533,17306.290724164348,8593.758957558834,77561.41980153318
2006-05-22,22236.453837137953,16904.888919886573,8327.993258667317,76774.01661764797
2006-05-23,21758.708003771655,16541.690709230006,8079.344423466565,76021.94990770073
2006-05-24,22071.09836619462,16779.180212506082,8248.683317510973,76564.97289476615
2006-05-25,22658.41367674158,17225.67676984667,8550.775520819478,77511.63564850089
2006-05-26,22853.72266640481,17374.157134543937,8654.651479717979,77837.63867224976
2006-05-30,21754.01578378065,16538.123528135548,8084.205176543903,76139.67126525767
2006-05-31,21980.037257822492,16709.95254098853,8208.941104296007,76543.18688039643
2006-06-01,23120.77476537699,17577.178987848958,8782.342628737217,78337.46797432283
2006-06-02,22981.04910806388,17470.95491392799,8718.999491704792,78161.49216974119
2006-06-05,21840.254922715838,16603.68537873113,8141.399254342247,76447.8601393809
2006-06-06,21763.00797672226,16544.959691128865,8105.457951844791,76347.4274802181
2006-06-07,21452.326806172343,16308.769572141679,7945.223579917039,75856.37894754065
2006-06-08,21334.585513998554,16219.258740960604,7886.142981100493,75680.32699372093
2006-06-09,21030.764311760446,15988.28379716072,7722.678285714461,75169.36674874421
2006-06-12,20258.569569760766,15401.235770814754,7261.583133658428,73685.19208531993
2006-06-13,20164.005520246556,15329.34504738553,7209.084047427767,73519.24591303995
2006-06-14,20455.89974856574,15551.25271046131,7397.386423291236,74170.9588701565
2006-06-15,21561.392713694517,16391.68508848762,8015.396847613259,76248.18682879546
2006-06-16,21257.891108040752,16160.953112599664,7855.645706551874,75753.66341679305
2006-06-19,20873.000122554047,15868.346233662356,7642.881626552406,75081.70789729773
2006-06-20,20840.90438118846,15843.945987716643,7630.631647048297,75053.4425568628
2006-06-21,21506.865827999703,16350.231943459667,8000.73906257194,76278.72170587175
2006-06-22,20968.29457441859,15940.792233157163,7706.638588401053,75356.11148043541
2006-06-23,20853.92562104288,15853.845165658879,7652.378424150856,75191.14962513586
2006-06-26,20965.04350097384,15938.320659413594,7725.083480812237,75441.14485292995
2006-06-27,20227.304252381244,15377.466840695906,7287.563464174388,74028.81443379298
2006-06-28,20470.527017126424,15562.372844635167,7445.704881050487,74575.97595217024
2006-06-29,21722.82936028209,16514.414575758827,8129.706919378275,76871.39291111872
2006-06-30,21404.92798170302,16272.73541541616,7967.541410388854,76372.39857466625
2006-07-03,21685.817480192185,16486.276918278974,8131.39886663806,76908.50423387339
2006-07-05,20762.242975370897,15784.144980893914,7631.2414972033175,75344.28436143766
2006-07-06,20681.556445160237,15722.804407413432,7592.6656422355345,75229.71743104538
2006-07-07,20225.45793102697,15376.063206032171,7327.556089581549,74366.49960527425
2006-07-10,19896.582755266296,15126.041401500686,7140.860291749666,73747.14227612269
2006-07-11,20150.174658397456,15318.830367979463,7309.127805878155,74338.52782469867
2006-07-12,19456.068042803516,14791.147522454117,6854.067909816756,72807.99986973555
2006-07-13,19025.762122879427,14464.014705721567,6532.088699984491,71679.88570630267
2006-07-14,18761.61242121799,14263.199351011099,6317.35076922659,70906.19549444159
2006-07-17,18836.56305079747,14320.179302796425,6396.732261295306,71214.84741993374
2006-07-18,18876.904654171874,14350.84832623376,6444.214208948253,71402.76199689227
2006-07-19,19154.21030131165,14561.665266564678,6681.259959678017,72290.00151795878
2006-07-20,18751.905574048116,14255.819884196344,6359.618847910994,71141.85477593685
2006-07-21,18533.815629959667,14090.020683192359,6161.711049238295,70415.58680271747
2006-07-24,18962.813095159432,14416.158769293246,6546.923845251406,71894.55901972619
2006-07-25,19066.295166470452,14494.829268354159,6639.296769528312,72244.50858599323
2006-07-26,19019.578671168027,14459.313840867473,6614.565838157176,72166.68491360167
2006-07-27,18843.51105354292,14325.461404676837,6487.076015489974,71714.90104428078
2006-07-28,19398.342692561368,14747.262798709398,6902.514128725118,73257.58759660237
2006-07-31,19359.280548587547,14717.56646269798,6887.674074511392,73217.1324330719
2006-08-01,18892.439674643138,14362.65856348464,6549.511019835451,72030.94665729435
2006-08-02,19142.5311148492,14552.786362074406,6752.3668567366,72786.47245261373
2006-08-03,19319.465994553335,14687.298119630655,6886.137299185842,73279.11421000103
2006-08-04,19162.635868100715,14568.07066158402,6790.779669195714,72952.93128254997
2006-08-07,18964.50419733661,14417.44440119601,6656.3700842764165,72483.62736902465
2006-08-08,18783.978827368406,14280.203033984973,6528.86172106097,72032.73589017097
2006-08-09,18776.63250801427,14274.618118622064,6537.182821352523,72075.20057418352
2006-08-10,18937.329232493066,14396.785092591927,6674.876156769521,72593.1124867524
2006-08-11,18748.569636159104,14253.283793690618,6544.38143992107,72131.99896939757
2006-08-14,18858.792446907788,14337.078826198554,6641.844950138125,72501.95792660759
2006-08-15,19650.83578874416,14939.216415741606,7173.736417947905,74449.26223455914
2006-08-16,20503.51668958253,15587.452686612609,7670.434699435032,76179.7728586858
2006-08-17,20579.29032981893,15645.058318366377,7718.928480793562,76352.85879297247
2006-08-18,20638.638589920596,15690.176831954706,7757.90086272105,76493.93302807123
2006-08-21,20204.26696568175,15359.953132101784,7528.154183051257,75751.41931657579
2006-08-22,20245.01247354374,15390.929217112287,7558.391874020523,75865.31566145142
2006-08-23,19891.55132409708,15122.2163408302,7366.361968213656,75235.32659416151
2006-08-24,19989.6231660043,15196.773804252778,7431.380186702057,75469.0680880935
2006-08-25,20033.357839506727,15230.02235201678,7464.221329152705,75592.66880495138
2006-08-28,20344.043461961246,15466.215855489338,7642.055197968864,76205.44531010257
2006-08-29,20413.60177650025,15519.096390728842,7687.881158421672,76370.3182519697
2006-08-30,20625.742228757284,15680.372590930792,7806.277046298804,76774.93774823786
2006-08-31,20539.071794085605,15614.482855027125,7770.11401813171,76669.02646582927
2006-09-01,20799.757736016796,15812.664944833312,7910.552569193023,77143.56281139089
2006-09-05,21208.233076636316,16123.20143191261,8119.5213742798,77835.55365408158
2006-09-06,20248.291635382717,15393.422144583737,7637.786138975388,76309.03112687907
2006-09-07,20028.694226456995,15226.476918866847,7527.293293985533,75953.62032206416
2006-09-08,20275.56506855221,15414.156312071553,7666.543961916395,76434.49489410057
2006-09-11,20509.904211212564,15592.308692179866,7795.778001772813,76876.56478423753
2006-09-12,21456.93632064632,16312.273877761996,8264.576936873777,78430.2151779082
2006-09-13,21706.22317000524,16501.789999732973,8387.527059385642,78832.06041151342
2006-09-14,21750.089418598436,16535.138575240173,8414.815827887605,78930.53588583959
2006-09-15,21948.640617813107,16686.083775055642,8511.55486317581,79246.0034109353
2006-09-18,21919.580033578386,16663.990956118185,8503.735975429468,79234.78817949884
2006-09-19,21524.412133998663,16363.571226604337,8326.64495499444,78697.81304535933
2006-09-20,22327.37862044315,16974.01295257168,8697.269929320268,79878.40534652243
2006-09-21,21938.69982667529,16678.526456285686,8527.403723325893,79371.52540985338
2006-09-22,21494.265539265027,16340.652786505143,8328.201673145804,78766.55101056547
2006-09-25,22431.657546048067,17053.289246667286,8755.883864800655,80127.83482252798
2006-09-26,22732.983057998754,17282.366884026298,8892.722982895637,80558.44968310272
2006-09-27,22585.596631781133,17170.31883977624,8832.207598262696,80388.98161433983
2006-09-28,22784.66607020864,17321.65802221102,8923.214792290371,80678.33001662546
2006-09-29,22488.84820168147,17096.767477855545,8799.257280723985,80318.03329263946
2006-10-02,21706.051172327145,16501.659241399648,8455.299825631348,79284.73306742162
2006-10-03,21946.64534142792,16684.566899842386,8567.928845750444,79649.82792891475
2006-10-04,23409.74483806232,17796.86361093209,9204.437991537578,81635.33301334303
2006-10-05,23712.29737690173,18026.87407478437,9336.714817952545,82039.836934968
2006-10-06,23514.97661569724,17876.86429470971,9257.330766524481,81820.83689432484
2006-10-09,23741.871006322915,18049.356927670207,9355.612661209663,82123.86591264921
2006-10-10,23813.059976350516,18103.477141237167,9388.339527805612,82233.14943856192
2006-10-11,23716.695259105156,18030.217490541047,9350.938720634196,82137.4930048022
2006-10-12,24794.54743712433,18849.636426443514,9799.14143427573,83463.3387442144
2006-10-13,25141.95756748696,19113.749117542444,9943.308209544783,83886.39304087913
2006-10-16,25144.025341268865,19115.321107678574,9946.014633323959,83907.8185502294
2006-10-17,24369.580062326175,18526.5621485863,9630.928133571182,83035.57926100175
2006-10-18,23990.134856500394,18238.095331770604,9477.122220672138,82607.22773114359
2006-10-19,24200.678432945773,18398.157534074664,9567.066231774423,82882.16368146366
2006-10-20,24317.263480056015,18486.78934945103,9617.014654497832,83040.05196671246
2006-10-23,24981.136870292554,18991.487895406848,9888.876219924257,83836.20837936191
2006-10-24,24455.753086256773,18592.073736364946,9677.571377419561,83252.87925020808
2006-10-25,24979.9564945469,18990.59053465814,9891.66562926253,83880.51640140216
2006-10-26,25704.543890891215,19541.44587956448,10184.96275866096,84723.3752896558
2006-10-27,24540.34706490243,18656.384881602855,9717.098350129803,83440.02135822382
2006-10-30,24954.911165420446,18971.550245682854,9885.937585640768,83937.03257775803
2006-10-31,25143.23917938174,19114.723441365764,9963.121875184672,84169.30119282777
2006-11-01,24065.67573101715,18295.524007312575,9529.514701208067,82962.112309126
2006-11-02,24155.77548977252,18364.02082900112,9567.67613750553,83086.5167489117
2006-11-03,23884.531132533823,18157.811882068763,9459.74031522331,82787.75834768738
2006-11-06,25042.875321075648,19038.42351114028,9926.736949282418,84163.71289910963
2006-11-07,25428.67469255929,19331.72097520807,10081.907598487891,84616.11065130643
2006-11-08,25773.931437469742,19594.196591342738,10220.40571755074,85017.51088322523
2006-11-09,25339.74945034069,19264.11705990352,10047.688695352064,84552.6015281837
2006-11-10,25803.979432885862,19617.040072974076,10233.46645745354,85087.64050732508
2006-11-13,26536.085818254676,20173.61160244743,10525.256749110435,85910.36385062782
2006-11-14,27388.40922113169,20821.576091523988,10864.24830654229,86846.82936880198
2006-11-15,27679.04535955227,21042.527312977254,10979.834504812312,87169.12322286583
2006-11-16,28044.02774668225,21319.999015854744,11124.851243325813,87567.24204021845
2006-11-17,27971.276767243762,21264.691310982907,11096.073532544224,87506.15666489908
2006-11-20,28105.548784163202,21366.769346792793,11149.432234687562,87660.83368336392
2006-11-21,28330.45656878903,21537.75169605423,11238.732979935823,87909.30805092724
2006-11-22,28829.507045188064,21917.14640218548,11436.77860264947,88440.1557724842
2006-11-24,28616.25438450297,21755.024664288092,11352.191800860157,88236.6848597345
2006-11-27,26696.082876036427,20295.246666613628,10590.302355787744,86277.24764185902
2006-11-28,26917.826589240787,20463.823583952057,10678.354790091216,86530.57166654212
2006-11-29,27470.080606294316,20883.665384368043,10897.505696383605,87136.77476405469
2006-11-30,27388.560069680938,20821.69077158887,10865.181497237096,87064.96958834463
2006-12-01,26637.13207636026,20250.430315608974,10567.079073890209,86283.03230026214
2006-12-04,27742.695290094656,21090.916098952668,11005.695631986304,87491.02602728954
2006-12-05,27958.475621498477,21254.95945587434,11091.301928189732,87732.25678046093
2006-12-06,27680.859355216133,21043.906372580157,10981.170932748033,87456.30262336055
2006-12-07,26668.960533860958,20274.62736350525,10579.742917890964,86404.9969365348
2006-12-08,27051.5583999003,20565.49093706565,10731.524562286597,86832.4048334357
2006-12-11,27291.397029619824,20747.824209439095,10826.670749616103,87103.301666369
2006-12-12,26833.44010809164,20399.670185185572,10644.996416799284,86630.41771287787
2006-12-13,26888.52660404178,20441.548764469997,10666.84968386526,86703.9429243674
2006-12-14,27780.438187987562,21119.609500385617,11020.676714935638,87676.87587307964
2006-12-15,28006.718702737046,21291.635444566793,11110.443636707821,87929.3435546712
2006-12-18,27178.653243217555,20662.112647717207,10781.944796397722,87077.20804038228
2006-12-19,26899.95333153595,20450.2357412884,10671.38276687602,86793.884521774
2006-12-20,26563.118295904693,20194.162587566276,10537.75816350935,86445.88397043363
2006-12-21,26030.18834113443,19789.011579520877,10326.34145712346,85881.98235895555
2006-12-22,25237.982240868056,19186.75025562701,10012.068252928495,85024.85513575288
2006-12-26,25441.23852196863,19341.272414575564,10092.701313836194,85267.08643567355
2006-12-27,25859.665152412617,19659.374201874238,10258.693822384057,85748.56241422155
2006-12-28,25647.318308269136,19497.941095722268,10176.351725188864,85533.23881579991
2006-12-29,25557.629485564536,19429.75668123418,10136.653245977122,85436.07880934262
2007-01-03,25627.61554587563,19482.96240298122,10175.121712930695,85558.22490830149
2007-01-04,26817.706842211617,20387.709235206923,10752.746827991057,87191.31529132332
2007-01-05,26511.538172805056,20154.949669091973,10611.282793658442,86823.30877255205
2007-01-08,26564.262695934132,20195.032598383623,10639.606862179973,86914.85782703478
2007-01-09,26856.582320929167,20417.263662106147,10786.7439621909,87329.82509210739
2007-01-10,27633.67550463137,21008.03564612397,11151.99007623494,88329.88820756381
2007-01-11,28365.675917723485,21564.526611961624,11491.940132053101,89241.96500041883
2007-01-12,28755.503082926443,21860.886138259117,11674.038795018048,89728.03087007302
2007-01-16,28640.256446135885,21773.27182675046,11624.110507964991,89614.88928741115
2007-01-17,28020.400255500026,21302.036614258865,11339.833771816153,88899.11316881253
2007-01-18,26662.923698737508,20270.037961438862,10702.182739503549,87247.45576260795
2007-01-19,26760.503558005228,20344.221403359083,10753.68631394668,87401.78150765905
2007-01-22,26074.684528326594,19822.839055221422,10429.728040547152,86538.50608945332
2007-01-23,25807.791254175434,19619.937945807345,10326.476459626143,86267.18794167638
2007-01-24,26879.26862635122,20434.510543104854,10832.72924628097,87691.13669166327
2007-01-25,25922.979208238303,19707.507644762205,10379.609238417273,86482.90637237964
2007-01-26,25732.336645018622,19562.574852050057,10291.496273450695,86252.42951612035
2007-01-29,25791.46746832548,19607.528062983107,10323.890163811395,86357.13088665521
2007-01-30,25868.017447145146,19665.723893048635,10366.28878219908,86489.57085339433
2007-01-31,26390.04316376524,20062.585137985465,10615.910662288217,87198.0417092741
2007-02-01,26342.888657451862,20026.73672001657,10596.66576473398,87159.73287656788
2007-02-02,26579.74069316534,20206.79948467818,10710.719231972324,87486.81394877633
2007-02-05,26449.499441760105,20107.78577035493,10657.221200315731,87355.5845740548
2007-02-06,26339.368323416533,20024.06044545121,10611.21777297368,87244.2993106433
2007-02-07,27004.847089768584,20529.979451517534,10924.338659446146,88116.83883360111
2007-02-08,26973.245798932217,20505.955103245706,10912.294918638057,88098.9914325227
2007-02-09,25997.078347749513,19763.840265587023,10455.461478634013,86884.12801673597
2007-02-12,25715.59832269859,19549.849824867313,10326.133476771784,86540.22385634063
2007-02-13,25897.554874578695,19688.17922398407,10415.822468408542,86805.05058322664
2007-02-14,27050.853175222786,20564.954801901113,10957.24772089797,88323.44100402427
2007-02-15,27362.7624396777,20802.078558562687,11105.287961866263,88735.78061766585
2007-02-16,27270.0480100202,20731.593977428038,11065.504361874035,88644.4549292834
2007-02-20,27737.180455675658,21086.723539116138,11283.527100322193,89241.26141876126
2007-02-21,27938.21676144924,21239.557999271416,11378.804396098232,89507.16378126909
2007-02-22,28211.615396252357,21447.40469938132,11507.811809862123,89860.19079128026
2007-02-23,27921.100848607115,21226.545915263876,11380.09236956749,89542.57521604765
2007-02-26,27533.586592947813,20931.94473943016,11204.92130952987,89097.90913607909
2007-02-27,24678.787513617473,18761.631897367504,9835.454429781525,85482.75305508809
2007-02-28,24842.825844245373,18886.33927104221,9920.83635183821,85744.2127707819
2007-03-01,24535.8552048836,18652.970020797347,9778.93979756954,85349.55956922406
2007-03-02,23594.645447651113,17937.431180258176,9316.03893026144,84016.92101202662
2007-03-05,23163.992156421875,17610.034280350737,9100.13788875977,83381.74311460035
2007-03-06,24116.41009567149,18334.09395219607,9576.967949630702,84851.84537921865
2007-03-07,23866.15590806809,18143.84242764289,9457.534401690264,84513.11474278805
2007-03-08,24192.440261604854,18391.894603283585,9622.351580006898,85017.9937820839
2007-03-09,24121.03224276185,18337.60786154988,9590.341992655234,84937.74400863487
2007-03-12,24496.057520934475,18622.714502927636,9778.887170012289,85508.37679798187
2007-03-13,23351.139220457186,17752.30967877403,9207.861677972522,83858.09739778693
2007-03-14,24003.9826289113,18248.622867146038,9535.450530238135,84866.4050230764
2007-03-15,24034.76431400762,18272.024123980038,9559.639061576334,84952.16355629363
2007-03-16,23929.505202956643,18192.00266043395,9512.19975428141,84825.6523206995
2007-03-19,24448.389705788264,18586.475850577655,9770.241810656522,85606.67960284969
2007-03-20,24744.26238226605,18811.408061753024,9916.473984372395,86047.89471715041
2007-03-21,26130.617569013375,19865.361205861394,10570.473934391024,87953.73217801221
2007-03-22,25864.72867192572,19663.223657166876,10450.132226386686,87634.46417929587
2007-03-23,25638.325722448157,19491.104634049043,10346.243948644775,87358.51800559081
2007-03-26,25951.15550385746,19728.92819819687,10496.013831114331,87794.45490799198
2007-03-27,25453.39143142277,19350.51145897898,10264.18063840724,87162.54273877665
2007-03-28,24742.38123821919,18809.97795372468,9926.264167496505,86220.40070501194
2007-03-29,24767.64192970032,18829.18196829713,9941.906584501601,86279.91297764763
2007-03-30,24762.090029761534,18824.961230024433,9948.471273200958,86313.13494528331
2007-04-02,24781.55335278644,18839.757893024645,9960.60054887648,86362.42715734827
2007-04-03,25587.012185988773,19452.094383570904,10343.621182484172,87483.63070520251
2007-04-04,25771.810384361183,19592.584096497307,10433.050653134766,87750.16138827217
2007-04-05,26173.80713541265,19898.195345145716,10623.202802097825,88297.72201564674
2007-04-09,25976.070412578847,19747.869337259282,10535.213148848372,88068.47956915894
2007-04-10,26290.051572972243,19986.568217856995,10683.530579551856,88496.2664519776
2007-04-11,25560.755743984544,19432.13336646072,10346.676929817586,87580.7391509241
2007-04-12,26117.354097145955,19855.27787511753,10608.15145443508,88332.92342655822
2007-04-13,26226.84486309146,19938.516382912807,10662.631738440485,88498.68744995186
2007-04-16,26868.80194215998,20426.55342301241,10959.368001551018,89334.22124303869
2007-04-17,26890.02891993477,20442.690874784883,10971.768691488445,89382.62736836485
2007-04-18,26772.074454234127,20353.017982026075,10921.926755236,89261.9996620968
2007-04-19,26748.947812707593,20335.436342932026,10918.740670703226,89268.01988134308
2007-04-20,27261.6431657922,20725.204336386185,11154.01550310637,89923.89722385524
2007-04-23,27417.806916271355,20843.925193340183,11227.07085619718,90135.03069473035
2007-04-24,27749.78491837935,21096.305869260217,11380.52028774966,90560.52374537259
2007-04-25,28659.872036220488,21788.184248214202,11788.229088463788,91656.88547702366
2007-04-26,28993.192602965108,22041.585586251324,11938.140071579646,92060.51349450707
2007-04-27,29041.207754759904,22078.088295429116,11961.337989547617,92135.30420795843
2007-04-30,28032.483912846874,21311.223010915935,11513.960370971556,91001.79662010477
2007-05-01,28249.6908437575,21476.35091604715,11614.140391356432,91280.71080249362
2007-05-02,28916.143657971927,21983.010425569504,11912.381283066738,92077.07921625719
2007-05-03,29153.42759112969,22163.401532977394,12019.112979422327,92367.23789903136
2007-05-04,29140.080994653683,22153.255008152082,12015.173537659684,92372.3575949559
2007-05-07,29133.983656067026,22148.619609348418,12015.039615651865,92387.22651303757
2007-05-08,29284.204705314474,22262.82262793926,12083.536398453694,92578.00514668108
2007-05-09,29521.24939956586,22443.03185800433,12189.48224865401,92863.8191452414
2007-05-10,28187.113881891582,21428.777836407968,11600.009450638368,91382.17425577823
2007-05-11,29161.590927563975,22169.60757179312,12032.892767907291,92533.94130727487
2007-05-14,28673.151431378854,21798.279684371406,11824.193645677986,92014.20885731357
2007-05-15,27963.68908445627,21258.9229031414,11513.147295630166,91222.52236826655
2007-05-16,28774.91540287205,21875.64402702868,11873.272854302948,92188.67693356982
2007-05-17,28464.257645422553,21639.471707456127,11738.512636457668,91855.08200318669
2007-05-18,28963.549603614043,22019.049996046502,11962.44485954945,92454.30657509527
2007-05-21,29562.178548655214,22474.147553160063,12226.60116359235,93150.06163106489
2007-05-22,29778.148678676105,22638.335201278624,12322.96032597014,93410.1103803556
2007-05-23,29228.898046065417,22220.7766732208,12085.498882366792,92825.49417707938
2007-05-24,27925.290555001735,21229.731068873665,11512.862127541252,91374.69084401244
2007-05-25,28521.590081487717,21683.05772482592,11777.916097050726,92090.96088890778
2007-05-29,28953.056524666128,22011.072809785546,11970.063885807918,92606.92477607506
2007-05-30,29730.873267930245,22602.39486775449,12310.724588900122,93500.68768148974
2007-05-31,30155.211004611665,22924.990473854905,12500.187207740097,93995.74557652672
2007-06-01,30142.46161496521,22915.297965447397,12496.267120812403,94001.3992752911
2007-06-04,30364.98402954932,23084.466877373758,12597.33191163181,94270.29485537385
2007-06-05,30286.893929836402,23025.10019637964,12565.037811122806,94205.26346427122
2007-06-06,29475.027778873417,22407.892650591773,12218.348181723528,93354.35244696563
2007-06-07,28029.332977063474,21308.827565140175,11587.608390609847,91763.33606724898
2007-06-08,29034.194251155004,22072.75639762525,12027.64196520191,92940.00332930301
2007-06-11,28831.76397970249,21918.86219857756,11941.164741310205,92732.56663695961
2007-06-12,28328.4831863641,21536.251465354962,11723.472125953738,92184.31976052429
2007-06-13,29300.01957506913,22274.845615887025,12150.085168302725,93317.68593891375
2007-06-14,29755.01431661403,22620.747692777673,12348.164650959665,93840.16455230031
2007-06-15,30538.79977302208,23216.60736422725,12686.916543210218,94713.73601772987
2007-06-18,30603.72841276741,23265.968267303484,12719.959463201174,94811.56064121601
2007-06-19,30467.891956644613,23162.70089297998,12663.164182683682,94686.06160013577
2007-06-20,29558.889413012024,22471.647043272213,12273.759997392453,93731.09298315702
2007-06-21,30400.851097259576,23111.73421055398,12636.37861823113,94669.59942099034
2007-06-22,29502.680795144995,22428.915389729707,12252.595092730991,93726.77621791954
2007-06-25,29084.378727713593,22110.90829936008,12074.525283442663,93288.16038138214
2007-06-26,28882.465690581786,21957.407318979414,11988.752807653473,93082.62970142304
2007-06-27,29938.66997249951,22760.368807052088,12443.855469949045,94275.78918655522
2007-06-28,29856.23876117184,22697.701869183667,12411.752273396385,94210.24251012188
2007-06-29,29950.16594776988,22769.108428324205,12453.346677151016,94330.99676673423
2007-07-02,30832.45645679233,23439.8549043286,12834.790457082292,95309.67023962188
2007-07-03,31330.6453503987,23818.594606675888,13047.677714840884,95852.35001452711
2007-07-05,32060.501752935343,24373.455624656355,13358.056238900072,96628.20671244228
2007-07-06,32388.451536175842,24622.773915134956,13499.057974037525,96984.13346196114
2007-07-09,32416.16955791717,24643.846073584675,13511.467308866064,97029.84904764585
2007-07-10,31566.9057803123,23998.207613008024,13153.017676227952,96187.80950881023
2007-07-11,32127.941652694677,24424.725670795448,13391.378731012072,96784.71894491077
2007-07-12,33887.65606860214,25762.518870624634,14133.8827710284,98589.47210157335
2007-07-13,34424.89886195663,26170.94864144983,14361.40822177792,99134.76108387533
2007-07-16,34199.41898409334,25999.53136795533,14267.554154155667,98935.15930825625
2007-07-17,34874.6211221148,26512.842403308427,14551.926916749548,99608.78478881448
2007-07-18,34665.61562802722,26353.949502170766,14464.515705145062,99425.7700281714
2007-07-19,35411.54972240911,26921.033314159784,14777.990835412029,100160.4221165928
2007-07-20,34515.51366718884,26239.837018534003,14402.246399168353,99328.0520366621
2007-07-23,34521.74843309948,26244.57689414244,14405.697454855772,99352.36954804906
2007-07-24,32700.687799133488,24860.146266892047,13640.239844310547,97609.03637667338
2007-07-25,33199.0388406634,25239.009239462914,13851.079329753333,98128.05647680491
2007-07-26,31979.97794576186,24312.23875861989,13338.179753013157,96933.02901494967
2007-07-27,30515.508372058117,23198.900469550237,12720.006515504036,95451.52703697793
2007-07-30,31320.41598912201,23810.81790732579,13060.682717944619,96319.42156960916
2007-07-31,29341.476841054406,22306.362803004,12224.04308562112,94278.63656264702
2007-08-01,29912.33372775258,22740.34712125297,12466.228743216257,94916.21256729588
2007-08-02,30876.029275959358,23472.980405064452,12874.96026468696,95968.6086126141
2007-08-03,28638.256213628796,21771.751183729146,11926.229169234404,93626.58154407452
2007-08-06,30200.690007674737,22959.565118742048,12589.21606394994,95376.35152877643
2007-08-07,30519.229434961657,23201.729344851527,12724.616498800087,95733.41086329227
2007-08-08,31691.79296110799,24093.150985468914,13219.596544493985,96989.91830791338
2007-08-09,29291.609154719754,22268.45173569294,12204.891822011681,94523.7290508519
2007-08-10,28760.842894999034,21864.94564030928,11980.279217448857,93958.86481353526
2007-08-13,29154.754664607455,22164.410418202275,12148.498725449988,94413.53681998409
2007-08-14,27677.593631317483,21041.423661076173,11520.148323264682,92800.74339149476
2007-08-15,26126.181417373205,19861.98869641101,10853.846036840596,91026.32506799337
2007-08-16,25346.708324652514,19269.407426708894,10520.68361172009,90109.40051189232
2007-08-17,27025.669684768473,20545.80947810699,11246.28872733886,92195.28842347823
2007-08-20,27190.666871876547,20671.245806245664,11318.015549544105,92405.91209911891
2007-08-21,27932.765285249636,21235.41360645237,11635.212580591839,93283.81895966877
2007-08-22,29029.784122334444,22069.403671584485,12101.398903751458,94544.47651912553
2007-08-23,28799.87096295967,21894.616070606513,12004.843603138264,94308.0188669655
2007-08-24,30089.047959824573,22874.69113516902,12549.934734434702,95750.35713277919
2007-08-27,29443.71094476823,22384.084555751284,12278.23325167724,95074.55623556713
2007-08-28,27280.739295813644,20739.721847099736,11360.670982648922,92721.30211493977
2007-08-29,29625.196221765444,22522.05567608832,12354.002741921193,95438.40113148523
2007-08-30,30011.820539547763,22815.98029166355,12517.74281181,95875.18461881389
2007-08-31,31133.599320532798,23668.793686466906,12990.378801487546,97097.0524608418
2007-09-04,32604.00400985535,24786.644047065474,13607.969618269617,98650.98125808418
2007-09-05,31332.79230504947,23820.226792731857,13074.60309477553,97377.53803376341
2007-09-06,31520.031257205766,23962.57204754905,13153.7721199278,97589.32186459344
2007-09-07,29613.418526671914,22513.10188207302,12352.465853617745,95622.9322044828
2007-09-10,29683.258391877556,22566.196461457323,12382.55603052506,95715.54013418235
2007-09-11,30967.525564491545,23542.538914957568,12923.036719935983,97123.13287922947
2007-09-12,30953.240123197807,23531.67864919708,12917.502926372666,97124.46776857803
2007-09-13,31388.15188812607,23862.312981897427,13100.77080937391,97598.98577533949
2007-09-14,31477.513259545736,23930.248457069963,13138.620874311828,97708.25084531266
2007-09-17,30631.308721750273,23286.93573195167,12783.916261109578,96844.26069084732
2007-09-18,33032.02803147524,25112.042089105915,13790.090583690695,99400.16509398856
2007-09-19,33309.248171997875,25322.79402447358,13906.35251152635,99695.06138801402
2007-09-20,32868.204332653535,24987.49788564122,13721.99474042776,99270.10634155938
2007-09-21,33671.04904984269,25597.847038586337,14058.197313733104,100096.3791855391
2007-09-24,34039.54543686602,25877.990200604603,14212.494879550546,100478.24934089826
2007-09-25,34996.33059339528,26605.369975715596,14612.644512043658,101436.95324753152
2007-09-26,35565.380926700374,27037.980892222473,14850.62286079717,102003.48630142077
2007-09-27,35959.97746799839,27337.96625624097,15015.591381921,102397.15073059584
2007-09-28,35673.98015185728,27120.541621172746,14896.164052801054,102141.70020473236
2007-10-01,36982.99644740924,28115.699177890234,15443.09139223213,103407.2748191413
2007-10-02,36912.10591328231,28061.805845182396,15413.528215630415,103356.97850325609
2007-10-03,36223.987160311335,27538.675171206083,15126.137065782947,102730.28293484476
2007-10-04,36341.694719811414,27628.16035769101,15175.357253608005,102857.29664989041
2007-10-05,38611.0711498332,29353.41550619201,16123.270188538494,105014.52686305379
2007-10-08,39328.41859734042,29898.766802126633,16422.874325277102,105680.92292396129
2007-10-09,39746.85333958814,30216.87475628726,16597.633893771123,106071.81509364836
2007-10-10,40048.43929682788,30446.15039278378,16723.590183742213,106356.22788136044
2007-10-11,38043.10070539048,28921.62555697596,15886.131237994541,104597.04814775952
2007-10-12,40004.47588864992,30412.72795334127,16705.24122596243,106410.63839229719
2007-10-15,38938.34260503699,29602.2181092235,16260.027124612147,105481.46055811807
2007-10-16,38502.441562130814,29270.83169462872,16078.000473818582,105103.85192293569
2007-10-17,39991.06409720613,30402.531865141475,16699.661734585006,106474.4234198401
2007-10-18,40437.06254106578,30741.594658476697,16885.91483936862,106886.41786669062
2007-10-19,37291.74321914221,28350.418702808456,15572.420819874153,104131.19914602587
2007-10-22,38661.67300201804,29391.884710705915,16144.522166297873,105422.19245368164
2007-10-23,41212.74540119743,31331.294467790944,17209.838873723584,107756.99261720339
2007-10-24,40266.79119192343,30612.148737622025,16814.819644540356,106948.888960369
2007-10-25,38757.214129961205,29464.518241528287,16184.433664069298,105628.61399400202
2007-10-26,40521.19843041162,30805.557549051984,16921.062029774646,107247.18870318514
2007-10-29,40994.74664424555,31165.56459026929,17118.812291793416,107681.24642195721
2007-10-30,41212.8868086483,31331.40197042005,17209.906468637128,107888.58484722157
2007-10-31,42953.95664881648,32655.020946061366,17936.95458671604,109424.23738566223
2007-11-01,40526.32379121043,30809.45401813887,16923.207792650926,107378.60637976149
2007-11-02,41440.74447577251,31504.626918088914,17305.058633455123,108201.75176986262
2007-11-05,40674.352153350526,30921.99008334508,16985.024061055712,107550.37829204662
2007-11-06,41962.201859555695,31901.05609757377,17522.812662738474,108701.03277588569
2007-11-07,38859.7944890506,29542.50322908382,16227.289940793346,106037.86611852283
2007-11-08,35445.78147622138,26947.05742753539,14801.635549729343,102947.86511006592
2007-11-09,31805.020819983063,24179.23055512236,13281.226242905026,99437.84814632944
2007-11-12,29348.498198299916,22311.700671405655,12255.203234274088,96891.57945866707
2007-11-13,33064.77564412782,25136.937909201053,13807.333526775596,100996.05043718326
2007-11-14,31707.116876507953,24104.800733650492,13240.368431792573,99628.26510970853
2007-11-15,31041.296209520788,23598.621803393893,12962.324616479997,98945.28101821245
2007-11-16,32161.304346043275,24450.089095613843,13430.069016495247,100149.73026662633
2007-11-19,30855.47056784392,23457.350994027358,12884.752168860412,98808.71059018745
2007-11-20,31247.268358938712,23755.208655416354,13048.38240046837,99241.27059114637
2007-11-21,30147.99370192133,22919.50364123424,12589.327625923328,98091.81711789923
2007-11-23,31152.166124749543,23682.908786166703,13008.682056887828,99195.1552549916
2007-11-26,29319.61952723797,22289.74614888908,12243.413334229,97264.36101581703
2007-11-27,31272.046082629928,23774.04550187377,13058.750500800232,99437.49560757198
2007-11-28,34103.64857692045,25926.723531466287,14241.193679910606,102453.1593140471
2007-11-29,34434.54500491479,26178.28195891164,14379.371609892523,102799.32883903818
2007-11-30,33767.59188038598,25671.242096912585,14100.861587801932,102150.4940908996
2007-12-03,32706.188399530074,24864.328005553158,13657.634673022354,101094.30145152438
2007-12-04,32296.813912492737,24553.107957577537,13486.68584994898,100686.45894869161
2007-12-05,34179.74366956683,25984.57354199212,14272.970456932946,102657.05040060844
2007-12-06,35552.2769235251,27028.018794861695,14846.120659621498,104045.32362038044
2007-12-07,35657.90957775909,27108.324238311314,14890.23134110919,104162.72424787683
2007-12-10,35890.777622999514,27285.358241422266,14987.473695356526,104403.84369666493
2007-12-11,33298.24429363156,25314.42851157151,13904.868980166579,101904.41287923987
2007-12-12,34132.519257521824,25948.67197937,14253.250233332255,102769.5308035581
2007-12-13,33795.3107269633,25692.314882429953,14112.436789995316,102445.27570623353
2007-12-14,32691.320794408228,24853.02515956294,13651.426436641928,101343.88425130746
2007-12-17,30251.5957017425,22998.2653139219,12632.632248490323,98836.79704433966
2007-12-18,30631.503824098763,23287.084055220894,12791.2764286344,99264.173042081
2007-12-19,30689.386400042502,23331.088307152986,12815.447361721903,99340.39240478026
2007-12-20,32432.293590250945,24656.104097167892,13543.260393280334,101234.67276170626
2007-12-21,34399.86680508929,26151.918442485618,14364.890732721067,103295.84408611401
2007-12-24,35211.52973898843,26768.971495928796,14703.829526389189,104122.5149754025
2007-12-26,35612.34956173833,27073.688004689702,14871.206132523583,104531.96243522309
2007-12-27,34057.80468890992,25891.871488953133,14222.050501665495,103025.3795265883
2007-12-28,34092.712130662156,25918.409282686836,14236.627348412341,103074.79172808286
2007-12-31,33132.052129917975,25188.08372262673,13783.377328726125,101995.1517680253
2008-01-02,31793.210518581636,24170.25197271152,13080.47235214266,100274.61284626051
2008-01-03,31854.21120430052,24216.626715000348,13115.552153868739,100377.2915277348
2008-01-04,28688.726580429826,21810.12042869806,11419.192225223025,96062.75785522163
2008-01-07,28481.03785913321,21652.228581861906,11309.47423468581,95767.58485612865
2008-01-08,27039.492519051826,20556.31805469161,10489.310289052715,93465.01295707734
2008-01-09,28164.464255295356,21411.558839867837,11126.254277069726,95368.99595893713
2008-01-10,28281.173312098963,21500.28493152165,11198.742044225653,95588.5067510825
2008-01-11,27035.473180434925,20553.262420310886,10493.031694678004,93593.03768893935
2008-01-14,28083.624699274824,21350.10193109681,11087.734518386858,95373.36621246173
2008-01-15,26455.3977345997,20112.269847987118,10144.574430290659,92681.50722408405
2008-01-16,25858.21884255295,19658.274669201423,9791.066549529889,91617.00109580604
2008-01-17,25071.79407345133,19060.40850479949,9314.313397374735,90141.888326046
2008-01-18,25106.361692599985,19086.687954131336,9341.531681634671,90241.4133573427
2008-01-22,23983.245701596137,18232.857967968754,8601.80578789727,87871.1712232917
2008-01-23,23843.665613677105,18126.744560724008,8511.687375775497,87575.73059801041
2008-01-24,24626.92161612295,18722.201723730246,9042.498632357343,89407.60221263474
2008-01-25,23779.854693616373,18078.23338518302,8479.076571396448,87562.28449650909
2008-01-28,24099.867781807912,18321.517937135846,8702.571255662753,88343.0031017804
2008-01-29,24142.913107983175,18354.24242022306,8737.259824283537,88471.86883744136
2008-01-30,24148.31994869475,18358.352879665294,8746.655455896922,88515.08532731289
2008-01-31,24870.826938554717,18907.626630636572,9221.365374692601,90127.93010357021
2008-02-01,25393.352802247686,19304.8681039485,9427.201073229618,90807.96024913061
2008-02-04,24762.697749880626,18825.423238993248,9021.409014638362,89514.5243861975
2008-02-05,23592.01905252089,17935.434507665435,8200.693715269805,86809.3867339371
2008-02-06,22831.414243740823,17357.197532537506,7747.305767220007,85218.67280725129
2008-02-07,23204.057418914872,17640.49322029461,7910.302826995174,85825.23323475487
2008-02-08,23900.42315104537,18169.893521057526,8185.039409861949,86827.82576566067
2008-02-11,24575.689660465774,18683.253493680786,8450.93005337363,87777.10988986383
2008-02-12,24111.39806598077,18330.283641172315,8271.435586104139,87164.84341890302
2008-02-13,25636.669164218132,19489.84526359937,8861.16881795992,89245.51052846752
2008-02-14,24292.942321651935,18468.299599051305,8342.661108427425,87514.12660193919
2008-02-15,24024.796445323405,18264.4462199622,8239.691938352078,87163.23590594127
2008-02-19,23465.149223577693,17838.98386039596,8021.518558579945,86403.04311106358
2008-02-20,24246.059338252748,18432.657601797564,8328.28617577045,87513.52307415649
2008-02-21,23483.08067158995,17852.615941259217,8030.634944995874,86480.10782469428
2008-02-22,23721.9805468296,18034.235541375314,8126.074240047321,86831.74433224557
2008-02-25,24135.884958096278,18348.899387830377,8289.334684041585,87422.33986805187
2008-02-26,24335.48748795742,18500.64384403479,8368.805395178406,87710.86251413873
2008-02-27,24605.150232705975,18705.65039675195,8487.729908277555,88135.51002310746
2008-02-28,24395.872471188235,18546.550508893426,8408.148393744383,87869.27682699174
2008-02-29,22632.831616357817,17206.228439987222,7714.654379058441,85462.68630012307
2008-03-03,22246.470907658426,16912.504228770435,7553.878853311031,84877.10303587833
2008-03-04,22579.510934554757,17165.692291120362,7688.63528503062,85389.87087304358
2008-03-05,22894.56244160259,17405.20488470628,7817.558543784712,85875.24263136236
2008-03-06,21518.618148554993,16359.166446910334,7266.613099292549,83866.02356628265
2008-03-07,21352.22212304749,16232.666675475688,7201.415452810791,83623.15607398425
2008-03-10,20283.803630546714,15420.419539850442,6763.747489752383,81937.01372524447
2008-03-11,22327.33390242796,16973.978956454994,7586.068789155639,85265.3577216719
2008-03-12,22122.321079133,16818.121415934507,7509.026448778247,84984.79938614329
2008-03-13,22608.064675952566,17187.399791341057,7705.020495501881,85732.25910942515
2008-03-14,21399.228937212985,16268.402812980596,7220.449337924495,83943.14717012818
2008-03-17,20567.667982526877,15636.222624896574,6882.2036447362925,82640.32169298294
2008-03-18,22826.746807407377,17353.64919280063,7784.583685485815,86260.0343570593
2008-03-19,21319.21569357443,16207.574094258795,7180.066628326151,84035.3551312003
2008-03-20,22446.026414809054,17064.21293675241,7635.55943220835,85820.35135030092
2008-03-24,24531.763265918136,18649.85919322634,8449.922481141759,88879.51892840509
2008-03-25,24888.844393227555,18921.324096612683,8589.792372964925,89378.35006099491
2008-03-26,24614.40809703803,18712.688531938216,8485.423247839928,89024.83358167634
2008-03-27,23196.02978553388,17634.390347435965,7931.843813962563,87097.31692769134
2008-03-28,22834.998097387142,17359.9220968156,7792.0283211018495,86593.81931784588
2008-03-31,23308.86695096704,17720.172898990862,7980.280073589648,87299.38734974654
2008-04-01,25886.1822311747,19679.533363682865,8966.956963146898,90904.78553869389
2008-04-02,25625.164883093646,19481.099327941785,8868.434907574125,90579.68273008212
2008-04-03,25853.544834195454,19654.72133319414,8958.731614214794,90894.90431083011
2008-04-04,26249.322568660456,19955.60467939213,9111.779457552917,91420.33697642342
2008-04-07,26046.825486209353,19801.659688409807,9036.2389239654,91175.57143612843
2008-04-08,25480.320514259904,19370.983839935514,8820.545789127733,90457.97538673162
2008-04-09,24730.66817572396,18801.073295551945,8532.94292611922,89482.60673913982
2008-04-10,25697.285156968002,19535.927549547952,8906.740237344584,90796.94844212769
2008-04-11,23675.197220280184,17998.669306560503,8122.778997689272,88140.81870401642
2008-04-14,23397.136739715836,17787.278516851937,8015.726139455899,87761.19603064391
2008-04-15,23517.069041602463,17878.455026206753,8065.2503437275445,87949.49392557527
2008-04-16,25330.198850704834,19256.856377640754,8766.941282224285,90507.65414333799
2008-04-17,25098.93084106996,19081.038774607696,8679.716547886861,90215.28592641298
2008-04-18,27301.37669857835,20755.41108441642,9518.304449864592,93128.42765823609
2008-04-21,27802.50051762607,21136.38201432084,9709.467581835872,93759.90269514215
2008-04-22,26531.296838380924,20169.970861284386,9228.503601680924,92219.82648964567
2008-04-23,27493.984067703554,20901.837587673665,9594.761577514517,93447.76488901704
2008-04-24,28201.238322488196,21439.51570410441,9863.500051271012,94328.26735574876
2008-04-25,27946.94348322661,21246.1923422904,9769.40625635747,94036.43891452008
2008-04-28,28127.799473828883,21383.685058261206,9839.072787220557,94268.0639832139
2008-04-29,28539.291059799718,21696.514594987384,9995.92636439213,94777.11906094236
2008-04-30,27874.698689979996,21191.269456932016,9747.468077262716,94000.02184954553
2008-05-01,30441.1356389976,23142.35985384484,10702.58071693698,97077.59008194364
2008-05-02,30494.780657813397,23183.14257445435,10724.019821394562,97150.00010396764
2008-05-05,30222.30995480044,22976.001318834504,10624.059231528185,96855.7436735938
2008-05-06,30855.990620819728,23457.746355529373,10860.90631095834,97583.06533666841
2008-05-07,29128.781758395573,22144.664954395223,10217.6658236989,95664.23158968709
2008-05-08,29769.990986914174,22632.13345372984,10458.530694003715,96423.41971173546
2008-05-09,29477.443271579195,22409.728988174058,10352.020367239475,96103.63020740532
2008-05-12,31034.514140417232,23593.46584976558,10932.229830891309,97906.61338326364
2008-05-13,31184.701375361474,23707.64316160282,10989.404179278512,98084.94743358284
2008-05-14,31028.03557804497,23588.540632009826,10933.0671501286,97925.00480811494
2008-05-15,32533.50096358986,24733.04529546772,11490.279696847045,99596.2688915902
2008-05-16,32521.533954770326,24723.947578885785,11487.218732856745,99595.21077612342
2008-05-19,31838.044773203354,24204.336458472488,11236.459546718223,98878.29509052301
2008-05-20,31108.938963296903,23650.046065877275,10968.343038063329,98099.57004346783
2008-05-21,29161.9698237605,22169.89562123487,10245.024148664377,95950.81258158974
2008-05-22,29495.08344726941,22423.139634167997,10370.892395888279,96351.25744272029
2008-05-23,29230.50439151794,22221.997870253417,10274.828594313936,96061.29459408176
2008-05-27,30768.81010441233,23391.46883859077,10847.169981755664,97852.4463798386
2008-05-28,30963.974418066642,23539.839215792817,10920.90669046074,98081.82252452911
2008-05-29,31795.643301861917,24172.10145516141,11229.542658804161,99013.4541658854
2008-05-30,32400.954046127645,24632.27873741925,11453.800285041178,99680.30481835353
2008-06-02,31212.907158192436,23729.086132192828,11016.938522370845,98420.84099522082
2008-06-03,30756.588041050152,23382.177221095342,10849.61113901306,97930.30885262869
2008-06-04,31837.891004845867,24204.21955867265,11249.795238508392,99142.05802268357
2008-06-05,33359.39327520753,25360.915993284078,11809.92019585722,100795.28166326138
2008-06-06,30325.454461634625,23054.415190196327,10692.211542611432,97623.40881642663
2008-06-09,29851.111447172225,22693.803915208824,10518.33361025247,97101.90456583077
2008-06-10,29534.612873967355,22453.191213987775,10402.31857728358,96752.54223870294
2008-06-11,27486.620479139,20896.23954368485,9637.888443668868,94390.15466025512
2008-06-12,27473.411223411666,20886.197429846896,9635.250286639208,94388.97111506326
2008-06-13,29146.546483121405,22158.17028669245,10260.821549521419,96439.14314077026
2008-06-16,29928.4725163148,22752.61636300995,10552.706681615871,97361.18739193695
2008-06-17,29406.506072879733,22355.800179512153,10360.517616279645,96777.79301020969
2008-06-18,28478.809501484888,21650.534510550253,10016.615763118116,95714.61185387168
2008-06-19,29779.82137087151,22639.606837303305,10501.498752599444,97266.59163671586
2008-06-20,27459.022423615555,20875.258587528544,9636.955742487728,94605.06749365154
2008-06-23,26847.405278879367,20410.286970696576,9409.286529901965,93867.51100977429
2008-06-24,26463.516749043763,20118.44219175746,9266.545783253227,93400.23579817057
2008-06-25,27627.438737657278,21003.294249240804,9704.85131099776,94880.19011254485
2008-06-26,24503.797233035497,18628.598488490174,8521.875840000703,91032.50873734096
2008-06-27,24506.54864664674,18630.690204274146,8525.018937402412,91050.86508019353
2008-06-30,23829.33080281701,18115.846762583526,8266.861065246201,90138.95212256612
2008-07-01,24721.97699403439,18794.465971285194,8611.361198949176,91398.1730945612
2008-07-02,23038.73752542437,17514.811560072485,7964.192486011965,89115.77825256017
2008-07-03,23035.334920620953,17512.224787169693,7965.5050831808185,89127.71136316915
2008-07-07,23385.46073276373,17778.402029530767,8103.38207170712,89648.99449538639
2008-07-08,24919.322580695447,18944.49462449442,8692.186567945775,91827.41960315141
2008-07-09,23023.903967098235,17503.53459758437,7964.727471443031,89272.956914803
2008-07-10,23708.108448308452,18023.689512484958,8231.222358480047,90275.67940500894
2008-07-11,22700.59931006371,17257.747685944592,7844.737741030794,88869.8889116406
2008-07-14,22262.869542504264,16924.971014281164,7676.441222640854,88241.3855493513
2008-07-15,22263.819158911832,16925.692944135808,7679.268854051717,88259.18844369311
2008-07-16,23763.64384853496,18065.90936367286,8261.133446893888,90495.31550774246
2008-07-17,24091.06775563496,18314.82786568672,8388.799404919844,90968.62746411297
2008-07-18,23015.153171177422,17496.88195260395,7976.812949084186,89486.60942096039
2008-07-21,22887.28611318457,17399.67317877187,7929.948573069921,89318.42916870599
2008-07-22,22940.59600370022,17440.20112374452,7952.952069723247,89411.84858877225
2008-07-23,23743.253839341694,18050.408203145547,8265.193501872935,90589.04432591346
2008-07-24,22738.25368261065,17286.373787476616,7879.845008998664,89188.35227214805
2008-07-25,23727.63391284514,18038.533417521234,8263.257850884449,90641.95336705708
2008-07-28,22204.680292025252,16880.733618206963,7677.1004863473645,88505.87062969712
2008-07-29,23604.74352346295,17945.108072048297,8219.490109834895,90597.18254479897
2008-07-30,23843.853202333466,18126.887171835555,8314.997528979184,90955.23870543847
2008-07-31,23705.368962165496,18021.606864357545,8264.479847481158,90778.22207778026
2008-08-01,22906.752648469093,17414.47228383827,7960.232130256922,89671.39992731901
2008-08-04,22157.91683653847,16845.182490032297,7674.949751082887,88607.22941193251
2008-08-05,24309.430235013337,18480.83425704744,8501.889015422148,91796.53871350491
2008-08-06,25219.052176985977,19172.35899389452,8847.655371996136,93048.19883183928
2008-08-07,24647.479192257702,18737.830274198124,8634.438393229124,92308.07524150198
2008-08-08,26327.535524143106,20015.06475941271,9268.71972340472,94575.64121138495
2008-08-11,26899.424147754995,20449.83343824582,9483.726343294544,95314.37548463332
2008-08-12,26883.962217152995,20438.07876633508,9479.819035972158,95308.78719766806
2008-08-13,26910.134214224396,20457.975585609598,9492.177810162491,95357.70615336676
2008-08-14,27783.363999004316,21121.833798855212,9818.487068650327,96457.9039347548
2008-08-15,27497.479050793456,20904.49458961041,9714.60648828899,96125.31742179717
2008-08-18,26488.180317839728,20137.192253881454,9342.893633299778,94906.85904411455
2008-08-19,25546.071426614646,19420.96986189202,8993.0101891324,93729.6014340996
2008-08-20,25700.42781438661,19538.316701836524,9052.87424590744,93944.95590658797
2008-08-21,25451.48401042861,19349.061374344714,8962.227534844407,93638.79180189237
2008-08-22,26378.55810105337,20053.853812801874,9309.465720870787,94855.49495576564
2008-08-25,24753.66126441622,18818.553403356655,8704.2418507844,92807.38920279482
2008-08-26,24619.03211507732,18716.20386364939,8655.82584222972,92642.61787149245
2008-08-27,25118.4256056214,19095.85934049806,8846.853413772513,93331.42684067848
2008-08-28,25657.936051911063,19506.013056213866,9052.379424258625,94061.51656332711
2008-08-29,24038.53083076442,18274.887554806493,8447.088498163648,91972.43273258816
2008-09-02,23230.642544225677,17660.704113344018,8142.683089578141,90874.41390765784
2008-09-03,22628.118838827508,17202.6456303703,7916.347127516845,90039.12032035869
2008-09-04,20667.195703727277,15711.886895992364,7159.714300235826,87177.1518785504
2008-09-05,20455.406230784043,15550.87752189301,7079.371706957961,86857.4892858755
2008-09-08,20280.359313349825,15417.801055804168,7014.894462787894,86600.19621268475
2008-09-09,19033.896497540103,14470.198726837472,6519.646163068717,84568.59876396613
2008-09-10,19488.465312622666,14815.77700032014,6706.357277193552,85382.12782024001
2008-09-11,20521.633021045876,15601.22532200074,7117.212062890501,87132.020637141
2008-09-12,20311.313372185246,15441.333356865525,7037.657703106166,86813.79387084224
2008-09-15,18465.22260487688,14037.873992978351,6299.795458009827,83786.19668260841
2008-09-16,18962.354860436906,14415.81040407548,6505.194087235824,84702.95863956591
2008-09-17,16475.664231731345,12525.34580192824,5467.022532447673,80203.2511460364
2008-09-18,18007.517746045374,13689.911595137899,6118.952919681268,83397.18060914862
2008-09-19,19269.21835813345,14649.098201676738,6633.243521995332,85739.8025178077
2008-09-22,17068.409308154314,12975.970247180601,5730.007713891379,81854.44580346711
2008-09-23,16635.02220418943,12646.49501225795,5548.164622948319,80994.58682940506
2008-09-24,16926.14702479746,12867.817746100573,5677.89281680238,81631.83100566267
2008-09-25,17552.318594025674,13343.854118632014,5945.87898222499,82922.13649873101
2008-09-26,17150.060426363965,13038.044132415544,5781.04651580226,82161.98638882759
2008-09-29,13256.669187883961,10078.159121513308,3955.772549174971,73520.92412712643
2008-09-30,14778.414992895787,11235.040699234305,4736.314456932962,78361.98823287035
2008-10-01,14231.8001530011,10819.48598812527,4461.2114610238605,76848.83380411864
2008-10-02,13044.230801691467,9916.656422062813,3838.7304505024363,73278.50185971787
2008-10-03,12767.475029056446,9706.257514548222,3681.86197537699,72284.10500115395
2008-10-06,12073.103126857291,9178.37298935642,3234.278588499713,69358.76613614411
2008-10-07,11295.25279363214,8587.025395186234,2675.0560624553245,65364.84546142674
2008-10-08,11290.463827456797,8583.384664437159,2678.6356847878133,65397.3647685265
2008-10-09,10039.520498766082,7632.376101135071,2343.1738380505803,62670.69314382695
2008-10-10,9928.278305884149,7547.8061005564305,2313.761442159922,62411.69585931391
2008-10-13,13246.862562457358,10070.703799962048,3186.778436367006,70264.53112259612
2008-10-14,11593.639364238998,8813.868751966009,2752.1475135570295,67073.78812302106
2008-10-15,8895.48649193628,6762.643546309696,2023.681966695867,61159.322155350375
2008-10-16,10129.136116822005,7700.504863023905,2358.921282948631,64539.64821201892
2008-10-17,10101.322074293286,7679.359706390354,2351.988279627874,64479.74054022967
2008-10-20,10922.626371249997,8303.742443456571,2572.5545647390873,66498.66601519773
2008-10-21,9451.529139701965,7185.365589313669,2176.80520490691,63092.143252688154
2008-10-22,8588.776884596968,6529.472741256524,1940.8346206125327,60815.61287667867
2008-10-23,8621.30841427287,6554.20428791378,1950.4166654629464,60918.82588007192
2008-10-24,7994.685262905721,6077.824607679014,1776.0621514597763,59106.71204516826
2008-10-27,7484.209846112611,5689.744283342055,1631.926626244476,57510.82717059094
2008-10-28,9418.777175279254,7160.4664608586945,2166.6194430620976,63794.8339345135
2008-10-29,9499.924748718533,7222.15753467633,2189.2321046088828,64020.05533483513
2008-10-30,10091.435346544955,7671.843488400253,2349.545533758528,65586.03967917056
2008-10-31,10104.241341571058,7681.5790300927565,2353.789756758232,65628.90598800032
2008-11-03,10115.662824734682,7690.262019997333,2353.544027112556,65628.99209059845
2008-11-04,10977.837859722433,8345.716046197545,2584.359408549109,67776.80462535597
2008-11-05,9337.139716741365,7098.402960158778,2143.175289621072,63922.45499326437
2008-11-06,8291.987695125337,6303.843766538366,1856.186502217535,61071.51592314405
2008-11-07,8767.787008192434,6665.562167973586,1989.05835229365,62530.95367863551
2008-11-10,8412.15263277064,6395.19713330435,1892.2240266329507,61518.469811099065
2008-11-11,7995.137697171331,6078.168563197268,1776.8508919361866,60270.38503970257
2008-11-12,7069.4905566588095,5374.460939491525,1514.9095049366415,57310.89704025229
2008-11-13,8105.7062048225525,6162.226405943749,1809.4823536466315,61027.65145965248
2008-11-14,7158.830894486083,5442.380424230263,1541.2585836058563,58014.431751580596
2008-11-17,6783.292450162888,5156.883656943213,1432.7439012182035,56654.99493563793
2008-11-18,6828.726180456534,5191.423883971113,1446.8325472131696,56842.7432626556
2008-11-19,5973.279204294662,4541.084750996726,1190.837105698572,53492.30402352641
2008-11-20,5440.119111404252,4135.758784327714,1022.9745803709429,50980.77878482616
2008-11-21,5894.721858689394,4481.362854194986,1168.194666558019,53395.007197927225
2008-11-24,6627.729891538884,5038.619845955507,1390.1642502751,56778.81106614161
2008-11-25,6480.121993162775,4926.403431233005,1347.6254325783013,56201.72037594329
2008-11-26,7086.437193697081,5387.344334424719,1526.299052187901,58687.566865357636
2008-11-28,6986.272050135692,5311.195473731753,1498.0730561557111,58327.914521371065
2008-12-01,5790.550148130705,4402.168068529652,1139.531063587759,53676.35329941764
2008-12-02,6184.695302401809,4701.8102731754525,1261.1950248097255,55588.247223189464
2008-12-03,6588.7883489976875,5009.015195148799,1382.3799936268485,57370.35998758399
2008-12-04,6127.062737660844,4657.996088042793,1245.6218012267243,55480.20851362375
2008-12-05,6682.18528353688,5080.018639106488,1411.6740965793388,57947.20695250632
2008-12-08,7267.424658880274,5524.937001727804,1581.319269265981,60270.17764327801
2008-12-09,7094.159344566566,5393.21496935722,1532.4580337164891,59651.22394975704
2008-12-10,7221.664752902464,5490.148805138321,1570.0822820413869,60141.19210069976
2008-12-11,6660.093276607386,5063.223563511444,1408.5207796520544,58080.15458431691
2008-12-12,6980.163805861115,5306.551784062821,1502.2441915621807,59370.122391370765
2008-12-15,6658.806465974897,5062.24528743548,1409.6649258678317,58152.29812338078
2008-12-16,7422.038052321492,5642.4792258968955,1630.1287379978492,61185.61035995815
2008-12-17,7175.575917982647,5455.110545869424,1560.7632106697292,60319.587230430225
2008-12-18,6891.625878119472,5239.242318055714,1479.873090593326,59279.33159660507
2008-12-19,7047.617765280111,5357.832518820995,1525.911484851991,59895.83210355024
2008-12-22,6679.468317611295,5077.9531115944355,1420.4275909098315,58517.46190891186
2008-12-23,6603.5205059829295,5020.215068978049,1399.0433234862383,58225.56255832444
2008-12-24,6614.157173361573,5028.301415921257,1402.9551145488354,58281.578004493844
2008-12-26,6624.899038424592,5036.4677376294185,1406.9799946534436,58339.061866018565
2008-12-29,6473.3315083386615,4921.241079695097,1363.1936266593023,57735.62714385343
2008-12-30,6806.35615747591,5174.417451363091,1461.4378546468206,59124.34690871974
2008-12-31,6933.126085218458,5270.792150430018,1499.0373569761275,59633.167602022266
2009-01-02,7610.165154633513,5785.4996818876525,1692.1970277677306,62196.30240941152
2009-01-05,7585.986841726641,5767.118527367487,1687.426736625725,62139.70984811691
2009-01-06,7754.348538162677,5895.112666966375,1735.3921564448558,62730.33685961288
2009-01-07,7230.512433083375,5496.875104743126,1588.7536998585174,60965.32562062948
2009-01-08,7415.370544157031,5637.410365289977,1642.2911013128319,61651.93786428413
2009-01-09,7004.955801432916,5325.3994804767,1526.1821296136554,60200.85470245421
2009-01-12,6717.714899732207,5107.029430465006,1444.2433494366985,59125.27725138417
2009-01-13,6732.699858062409,5118.42149225222,1449.7005914136296,59201.50751807852
2009-01-14,6245.966788102052,4748.390886581947,1307.8086795430722,57271.78671025293
2009-01-15,6471.587448882461,4919.9151879143,1375.5688989122737,58262.613691842525
2009-01-16,6642.190825586846,5049.613527121986,1426.5214464776557,58983.717601026976
2009-01-20,5900.846315885219,4486.018869463802,1206.7205576836714,55956.0353679656
2009-01-21,6418.569897181411,4879.6094885939465,1363.2443825430032,58377.05474146849
2009-01-22,6210.076359378253,4721.105793585256,1302.2408347390322,57508.02447263925
2009-01-23,6293.755659107421,4784.7215696067415,1328.3388502276084,57893.90595160861
2009-01-26,6389.2490900062785,4857.318839555781,1357.6973579793503,58322.14633145121
2009-01-27,6501.20401589566,4942.430683380143,1391.5421073586958,58808.50126136141
2009-01-28,6999.233180336857,5321.048954324104,1536.565430635237,60853.213837669726
2009-01-29,6582.256761337324,5004.04966581226,1416.9604101600953,59276.103162500265
2009-01-30,6294.93204918257,4785.615900316688,1333.6018886283875,58115.48051080429
2009-02-02,6468.257995269868,4917.384026970337,1386.11248944788,58880.083825445174
2009-02-03,6702.386147671073,5095.376005293355,1455.319126193582,59861.878357306385
2009-02-04,6694.534870102983,5089.407203966497,1454.4590945926777,59851.97887624488
2009-02-05,7061.628753772066,5368.484136468714,1560.975590789418,61314.94639236557
2009-02-06,7489.2571757138685,5693.581430527316,1682.7220139478286,62910.9467439129
2009-02-09,7544.463613170957,5735.551193319082,1699.1215271223336,63117.30860744982
2009-02-10,6806.736421883672,5174.706540964359,1490.8361800525724,60540.24370171519
2009-02-11,6775.312152856632,5150.816770536867,1482.6515508072798,60431.369791158766
2009-02-12,6969.828624648167,5298.69463689127,1539.745566159689,61208.97825976652
2009-02-13,6888.5900892006875,5236.93441074135,1517.557270555946,60916.89873299672
2009-02-17,6255.179823785008,4755.394941543948,1334.1783290151006,58465.127710770284
2009-02-18,6271.699438805372,4767.953700191522,1339.980347392935,58551.72623926684
2009-02-19,6031.207226929573,4585.12355300914,1269.3412145385091,57524.69572971586
2009-02-20,6080.29047164885,4622.438261814966,1285.0274187387347,57763.472946722475
2009-02-23,5604.67653872532,4260.860792506688,1141.2096394396995,55610.37373693041
2009-02-24,6022.879393715885,4578.792458291798,1270.00449549091,57704.160526299405
2009-02-25,5905.140381423111,4489.283360351804,1235.4343828308274,57182.406748192465
2009-02-26,5550.966749796102,4220.028831511065,1127.7122233594228,55522.23163026722
2009-02-27,5451.157914126491,4144.150847882218,1097.3393890962602,55025.52416696986
2009-03-02,5077.935248178266,3860.4146120395544,978.4853232334826,53040.57999153272
2009-03-03,5108.008031751426,3883.2769384491266,989.3712051183462,53238.89703071334
2009-03-04,5356.017525806613,4071.8219725983236,1070.7314530166489,54699.878240818674
2009-03-05,5033.190847214783,3826.3984360065188,967.1950548019438,52938.446979386295
2009-03-06,4949.884723321497,3763.0663606191074,940.6578130558275,52455.901478526954
2009-03-09,4784.856462093721,3637.6064089051224,885.4292470321977,51430.894983162645
2009-03-10,5304.815224194601,4032.8962865364583,1059.8981014505698,54810.52270405028
2009-03-11,5419.894894821813,4120.3836648360075,1098.4923997260532,55477.473266811496
2009-03-12,5782.986156994925,4396.417671866686,1211.9145787961402,57388.56590630722
2009-03-13,5818.663116227004,4423.540478283342,1223.7834821911183,57577.6647028316
2009-03-16,5577.674653035498,4240.333064409524,1151.2753136126216,56442.280868441536
2009-03-17,6037.618211840299,4589.997396139733,1292.1250990320887,58745.76686935959
2009-03-18,6192.3921359196465,4707.661661018447,1340.1887907337766,59475.9584378488
2009-03-19,6156.733773115031,4680.552992222065,1331.0010014958425,59341.86143224516
2009-03-20,5962.322400626322,4532.7550258397005,1274.5051156934353,58504.06320971422
2009-03-23,6757.037090489832,5136.923462657049,1508.3966099658503,62084.65241382669
2009-03-24,6435.454147429848,4892.445455022583,1416.8784780747599,60830.93992977974
2009-03-25,6459.567321241708,4910.777088644604,1424.8393077072412,60946.72626604078
2009-03-26,6994.765852555765,5317.652743738497,1579.108773089782,63148.18601319545
2009-03-27,6603.8085511417885,5020.434050450999,1468.786634008732,61679.53013267672
2009-03-30,6227.706561764832,4734.508857543345,1360.8049716579098,60169.90452598968
2009-03-31,6406.448513779949,4870.39441134027,1414.9504143406175,60969.78200195885
2009-04-01,6587.6913139542685,5008.181192763077,1468.114041353149,61735.19807242916
2009-04-02,7101.606451916408,5398.876507093663,1615.038849752533,63796.46494084642
2009-04-03,7390.903272930844,5618.809535082031,1696.8412488967062,64875.46960040862
2009-04-06,7344.826157441261,5583.780185312275,1684.9755326078941,64726.1794523567
2009-04-07,6824.501300129457,5188.211989972544,1539.892293050309,62870.37681379045
2009-04-08,7146.2222452496135,5432.79491134528,1631.611990645574,64120.48502965543
2009-04-09,7678.219479026819,5837.236833989908,1780.33781099167,66070.6449208261
2009-04-13,7620.8827474241025,5793.647551010152,1765.9202343090021,65894.25965323069
2009-04-14,7411.323578996209,5634.333728295274,1708.9743055993936,65187.91967696767
2009-04-15,7326.6904494472965,5569.992819243614,1686.455565365441,64903.53798746148
2009-04-16,7829.742730331328,5952.429829727597,1826.5800663185098,66703.04163246104
2009-04-17,7840.083418936018,5960.2911638008145,1830.3548249030414,66750.97571367236
2009-04-20,7179.681371226727,5458.231647442783,1649.6414627570607,64556.15819588717
2009-04-21,7443.8948556672285,5659.0954919350725,1724.0330132283116,65528.47879769792
2009-04-22,7533.732669831012,5727.393174666648,1749.9195846861464,65858.40182007402
2009-04-23,7653.8782424998535,5818.731819535948,1784.0427530733105,66288.43819759245
2009-04-24,8071.146740652432,6135.95315629677,1898.9430310347066,67713.50102482518
2009-04-27,8016.511137522681,6094.417360672879,1885.0533093671822,67550.42066105123
2009-04-28,7891.183411270748,5999.139070960496,1851.9132308590335,67156.57557555237
2009-04-29,8194.94510799581,6230.068776697892,1935.3433698477065,68167.05969541767
2009-04-30,8377.26212707707,6368.672214923556,1985.4988997484054,68757.95125174215
2009-05-01,8407.807282162323,6391.893653806696,1995.2416310822196,68872.51598790332
2009-05-04,8906.205901014322,6770.792796234092,2129.520116896409,70419.64585322198
2009-05-05,8832.971537740883,6715.117606956005,2110.9107414900673,70216.67065750652
2009-05-06,8829.948668293928,6712.8195214521575,2111.0455609477913,70220.3110308936
2009-05-07,8260.938038230519,6280.238788665015,1959.685326897366,68544.21042929712
2009-05-08,8325.149595621451,6329.05454197788,1977.9621315642728,68759.3950238758
2009-05-11,8347.261983128366,6345.865111563106,1984.8598011833749,68841.42331753246
2009-05-12,8051.9128771388805,6121.330936019284,1906.3659962617448,67936.05292927835
2009-05-13,7475.457181445941,5683.090217679127,1750.3328611144407,66084.64148137064
2009-05-14,7755.854545774982,5896.257583848584,1828.0537775634489,67064.79066856694
2009-05-15,7683.981426852577,5841.617257625352,1809.6240122516049,66841.46569244293
2009-05-18,8236.611131179001,6261.744667953041,1960.3014576721264,68698.681894979
2009-05-19,8316.403613422845,6322.405556548568,1982.726163296718,68962.73864226966
2009-05-20,8243.968406752741,6267.337912597085,1964.2631786698903,68750.78736764262
2009-05-21,7827.072900477197,5950.400136618726,1852.8976983301864,67453.59436249509
2009-05-22,7759.955920271732,5899.375584623089,1835.7052384767112,67247.0284897497
2009-05-26,8497.822033342545,6460.325849920249,2035.4021406535276,69687.56902356024
2009-05-27,8319.990186064417,6325.132187896938,1988.9790900648968,69159.89158926415
2009-05-28,8609.93600567843,6545.55860612259,2067.384191723368,70070.76052072854
2009-05-29,8856.94551684295,6733.343420148005,2133.978612805843,70825.27289365741
2009-06-01,9556.46750286211,7265.143209686498,2319.2231245543453,72876.87224568494
2009-06-02,9610.101636392901,7305.917654941708,2334.196802623855,73035.99600956272
2009-06-03,9518.525454755521,7236.29840766309,2311.105969665588,72797.45161214945
2009-06-04,9825.724505434242,7469.841303758557,2392.3492696170547,73652.76044021234
2009-06-05,9830.473444655172,7473.451604690761,2394.5547615928867,73677.7027370369
2009-06-08,9738.704443257877,7403.6857694423725,2371.793353679192,73446.5650054439
2009-06-09,9974.82106612109,7583.189448890352,2434.1702773054953,74092.73623435711
2009-06-10,9853.961843509634,7491.308263690838,2403.5734581953366,73784.61753329463
2009-06-11,9882.014090400568,7512.634511172459,2411.9099393731112,73872.23473128336
2009-06-12,9747.792382213313,7410.59472172755,2377.8276755459856,73526.59216399801
2009-06-15,9139.108078947915,6947.852748149245,2219.7328911926224,71899.37471517643
2009-06-16,8896.923796100971,6763.736232554825,2157.0197710378447,71224.51508269973
2009-06-17,9108.639866062515,6924.689803275592,2213.6446584285472,71849.99674475983
2009-06-18,9068.446315197092,6894.13333426069,2204.0613643106462,71748.56502658974
2009-06-19,9367.076937984695,7121.162227593924,2283.286454044364,72610.48280555067
2009-06-22,8571.629132124448,6516.436451707091,2075.4897953654304,70410.05463463033
2009-06-23,8532.149772432842,6486.422934484295,2066.0590228368624,70305.61703332776
2009-06-24,8901.263245883552,6767.035226049256,2164.350896674162,71422.74093959985
2009-06-25,9390.342857346584,7138.849750312807,2293.3494295453324,72843.94718581779
2009-06-26,9463.285703129914,7194.303318336688,2313.716473238552,73061.87111164226
2009-06-29,9525.105912192766,7241.301089423114,2330.6864382682015,73242.78576284996
2009-06-30,9402.168194833106,7147.839763653691,2299.6278474603064,72919.7388433169
2009-07-01,9471.951256310698,7200.891158961971,2318.685446922037,73123.36315720463
2009-07-02,8836.637942741916,6717.904929508952,2154.0082219663705,71394.44105369913
2009-07-06,8742.99452002758,6646.714097074152,2130.421434961167,71135.990679928
2009-07-07,8129.706960832175,6180.472575828016,1969.6920600563924,69349.17804393657
2009-07-08,8231.983765397203,6258.226791177096,1998.048569215452,69684.05359306112
2009-07-09,8282.455802661369,6296.597306087442,2012.6617256084562,69856.02904458035
2009-07-10,8356.789185024032,6353.10800608861,2033.362657613221,70097.62449623314
2009-07-13,8808.554205805087,6696.554742251148,2153.0201682416655,71474.74342436774
2009-07-14,8892.486265093192,6760.36267446348,2175.912710592525,71730.21410677451
2009-07-15,9722.916869332004,7391.683532687981,2392.169460682081,74108.71063058391
2009-07-16,10051.315913265316,7641.3433660296505,2477.6608557959685,74993.76866258861
2009-07-17,10208.01904880421,7760.474281376353,2518.6733488475584,75409.80878593892
2009-07-20,10528.251029310084,8003.925242518629,2601.4463917807984,76238.15602648369
2009-07-21,10703.58663150584,8137.221176327567,2646.9400827047366,76684.8588698405
2009-07-22,10941.236499429726,8317.890479468402,2708.197697501964,77278.72899005776
2009-07-23,11685.046467412543,8883.359460194706,2897.738432463482,79083.9048652698
2009-07-24,11629.643502303783,8841.240290571008,2884.3314664966906,78964.31364436
2009-07-27,11632.283706021353,8843.24746090933,2885.630496535818,78978.53917355869
2009-07-28,11761.261445571425,8941.300611659048,2918.91961185411,79284.6138249782
2009-07-29,11632.156056336622,8843.150417389854,2886.9028930767713,78997.11172778618
2009-07-30,11849.482824214127,9008.369426553596,2942.399438228657,79505.68558356416
2009-07-31,11705.820983035093,8899.152935248589,2906.6490397565303,79186.07262147205
2009-08-03,12237.137253544546,9303.077167056173,3041.253281818855,80410.79501475736
2009-08-04,12243.175410978662,9307.66757438695,3043.2699616255245,80430.98315011419
2009-08-05,11927.959671945859,9068.030126204909,2964.444357809306,79738.96744792403
2009-08-06,11616.58244246202,8831.310840155124,2886.442660485618,79041.98672806904
2009-08-07,12026.60742276782,9143.025414664833,2990.2816644415307,79992.1982008226
2009-08-10,11825.017508839821,8989.77008324905,2940.0401640478804,79546.6012533796
2009-08-11,11480.714900151972,8728.019833082164,2853.7787376534766,78771.01815157554
2009-08-12,12009.58729747437,9130.086151525322,2987.405091864727,80002.85078923352
2009-08-13,12207.15531068114,9280.283900763787,3037.4844068601647,80452.29513896324
2009-08-14,11825.22037657686,8989.924310023931,2941.9190843400934,79610.98090459307
2009-08-17,10807.81948234407,8216.46244285904,2686.168500297319,77306.42426705103
2009-08-18,11247.107801822685,8550.423977327588,2797.4004619704133,78375.81001461417
2009-08-19,11457.65717523781,8710.490586680104,2850.827666157213,78877.12665128818
2009-08-20,11831.363683979047,8994.594655844145,2945.1050473797313,79748.98861761404
2009-08-21,12343.988445701216,9384.308983405826,3074.004379232045,80914.8494892189
2009-08-24,12275.068877877991,9331.914044581887,3057.0546441401516,80768.56043401307
2009-08-25,12388.289159915494,9417.987854072393,3085.7209504842176,81023.44391022032
2009-08-26,12321.565825840684,9367.262564907116,3069.2928902386498,80882.08993601812
2009-08-27,12409.521921847421,9434.129703152757,3091.566133309891,81080.16690803826
2009-08-28,12459.61887468105,9472.215066452138,3104.338535178372,81194.2588328143
2009-08-31,12049.402368792467,9160.354887848991,3001.982501765267,80304.31966436627
2009-09-01,11398.257225080255,8665.332776598749,2839.286773743831,78855.98283549052
2009-09-02,11363.654205364652,8639.02641458306,2830.909847948,78780.77848956158
2009-09-03,11611.442749214408,8827.403475065817,2893.184934615132,79360.80313265712
2009-09-04,12304.442174941556,9354.244598172274,3066.5642101980943,80948.44436052341
2009-09-08,12680.203775812715,9639.911016460457,3160.5249029756055,81777.61723968068
2009-09-09,13010.603336971704,9891.091709275948,3243.0903743217477,82492.16988775249
2009-09-10,13405.611303530215,10191.38985240835,3341.7109452508175,83330.80531649441
2009-09-11,13388.443977608478,10178.338682474332,3337.4889580005097,83298.19144129554
2009-09-14,13585.731745542063,10328.323379971353,3386.7357605329416,83710.37673712177
2009-09-15,13724.15073989716,10433.554085420765,3421.287385247298,83997.54041210523
2009-09-16,14309.9919053367,10878.929948810994,3567.375496034728,85195.5982880842
2009-09-17,14243.934546871671,10828.71095636862,3550.9207275842814,85067.14365700257
2009-09-18,14346.680193141156,10906.82160071456,3576.5440772659836,85274.28950050323
2009-09-21,14504.567161636798,11026.85250509639,3615.909798174483,85589.68846413537
2009-09-22,14567.373068483768,11074.599636295321,3631.569542223832,85715.79274990982
2009-09-23,14319.629835304951,10886.257022485794,3569.8092469387093,85232.43521015503
2009-09-24,13957.866542291104,10611.23258160675,3479.623942037261,84517.2198919132
2009-09-25,13575.313389928635,10320.403000864915,3384.255660376935,83747.59609579612
2009-09-28,14306.820674491668,10876.519074056989,3566.6168708745768,85254.33989070273
2009-09-29,14134.346669273364,10745.398621077484,3523.6200019342614,84914.28648789151
2009-09-30,14166.678950601838,10769.978692539755,3531.680274405781,84981.56077571044
2009-10-01,12866.481180489398,9781.525271026749,3207.5476507086764,82384.19336648546
2009-10-02,12775.481165903351,9712.344045029467,3184.86181463496,82192.35525869192
2009-10-05,13078.439361232353,9942.662902384884,3260.3877361407085,82844.4403313697
2009-10-06,13771.558424173056,10469.594977664769,3433.1787573076463,84310.3445952911
2009-10-07,13897.329338710864,10565.210193795285,3464.5328000948757,84569.44606166816
2009-10-08,14037.397972988329,10671.695010167676,3509.0814378345976,84934.37416559718
2009-10-09,14253.179016951242,10835.738908800378,3570.126749902204,85429.3514320524
2009-10-12,14293.300854009678,10866.240858603267,3581.663593287736,85523.84765176667
2009-10-13,14270.165954804317,10848.652941748189,3585.5841295917353,85557.53030627623
2009-10-14,14807.374884239536,11257.056968100012,3734.6697446219086,86745.81248118744
2009-10-15,14761.041332645982,11221.832667108065,3728.863720818851,86703.3728535046
2009-10-16,14424.131454397655,10965.70261554884,3639.2293261883783,86011.15951735093
2009-10-19,14820.811227311639,11267.27172126106,3748.142166270101,86871.6825618251
2009-10-20,14804.985089196838,11255.240166732583,3744.9469734701056,86849.51380651604
2009-10-21,14733.59094332207,11200.963971688952,3728.064916045939,86721.52508004098
2009-10-22,14951.726465214266,11366.797822449382,3789.1719599766016,87197.85733053359
2009-10-23,14725.042976961668,11194.465524460276,3727.7351189539504,86729.11403127607
2009-10-26,14559.851172185277,11068.881241522296,3683.8024329494283,86390.91525650735
2009-10-27,13994.57085192149,10639.136413833206,3530.0662375308757,85191.6332929934
2009-10-28,13060.246864643941,9928.832363745272,3281.6209297220726,83195.51149418355
2009-10-29,13680.074278027143,10400.04569881598,3452.5319678086603,84642.23126474423
2009-10-30,12707.419774074435,9660.601520028511,3185.317637905745,82461.00879379937
2009-11-02,12825.485353655815,9750.35888524076,3218.3993434880954,82748.86889902492
2009-11-03,12955.150142275128,9848.934353455441,3254.6517824559546,83061.96374088546
2009-11-04,12981.45859920617,9868.934914036288,3263.149483720284,83136.6598417732
2009-11-05,13826.332309806781,10511.2359002296,3498.534095527875,85138.06642397481
2009-11-06,14033.432667783101,10668.680453776678,3557.450102649375,85618.44669238263
2009-11-09,14880.373229187702,11312.552728427734,3789.4939049813015,87482.48779766021
2009-11-10,14990.199819667101,11396.04654115984,3820.1001975860227,87720.54287512893
2009-11-11,15219.224633222566,11570.158792214312,3883.250286374273,88206.45351259742
2009-11-12,14974.369801928118,11384.012037212528,3819.0923059709758,87723.23454142376
2009-11-13,15329.3920851472,11653.911739110117,3918.993574541865,88490.67497095864
2009-11-16,15778.791925308687,11995.56038660519,4043.4964938459143,89430.32824660528
2009-11-17,15890.293491064418,12080.327571035736,4074.6392920346525,89662.5147882685
2009-11-18,15628.169948990711,11881.052569972278,4003.953034609142,89146.62801032458
2009-11-19,14915.04950580596,11338.914782767888,3813.5533030707343,87736.14906588028
2009-11-20,14697.44857632657,11173.487346871183,3756.716965745779,87302.824044005
2009-11-23,15360.982474496865,11677.92779971058,3939.023257975178,88717.56610261569
2009-11-24,15186.470238567232,11545.25781621598,3894.8696295698132,88388.64931235844
2009-11-25,15363.18689402028,11679.603672466601,3943.346964946896,88757.9183454584
2009-11-27,14672.078964188226,11154.200527206483,3757.2280626262523,87364.08466976513
2009-11-30,14716.424797563675,11187.913698954208,3769.748089606626,87463.65514101466
2009-12-01,15170.744397847746,11533.302511090362,3899.4546711237226,88469.31611453765
2009-12-02,15240.834308641617,11586.587183415058,3919.7453533560283,88625.32796070007
2009-12-03,15045.087169120186,11437.773722679303,3867.745061578681,88235.98692224718
2009-12-04,15255.676940731399,11597.871044078911,3926.2574897474897,88683.4966146768
2009-12-07,15048.53922442213,11440.398089489408,3871.9011568366786,88276.811627729
2009-12-08,14780.577462471509,11236.684680250259,3800.726391051987,87738.45616443356
2009-12-09,15181.076778408293,11541.157529113167,3909.818229807087,88580.44693532135
2009-12-10,15413.426174009674,11717.797237585213,3973.133898508246,89061.17075467565
2009-12-11,15228.993641428056,11577.585515907791,3924.6498671813806,88701.48045457847
2009-12-14,15639.843372370171,11889.927093175927,4036.476712031053,89546.52060771266
2009-12-15,15367.576122649341,11682.940509489343,3963.587207334128,89010.1130705496
2009-12-16,15422.434092167437,11724.645355408844,3980.7845368519565,89141.42477602726
2009-12-17,14868.1649542245,11303.271593330031,3831.180383706401,88027.315330006
2009-12-18,15560.597750900728,11829.68194625907,4019.139061660685,89469.41277395481
2009-12-21,16088.799739071354,12231.238597453812,4162.042899553243,90532.39105090336
2009-12-22,16357.196909106213,12435.283018344047,4235.169466258317,91065.22783174468
2009-12-23,16675.99945177239,12677.647273482078,4321.3032336445995,91685.21941674734
2009-12-24,17139.716433368976,13030.180286235354,4446.185990445243,92571.0891010114
2009-12-28,17359.99081712902,13197.640170650056,4505.611440814491,92986.19001779183
2009-12-29,17192.92642090565,13070.632281653512,4461.209347311275,92683.42889650005
2009-12-30,17366.8591361707,13202.861694338877,4508.5401821064115,93013.8861868571
2009-12-31,16873.485998966233,12827.783089558478,4376.429092681496,92108.0703178396
2010-01-04,17562.282556998223,13351.429053398446,4562.613616695083,93416.8853842732
2010-01-05,17607.71446923658,13385.967898280478,4575.098366450488,93504.7728145597
2010-01-06,17334.69620579845,13178.41036908427,4502.277458294344,93011.35794458532
2010-01-07,17285.23896309734,13140.811334621781,4489.986928766792,92929.39211659458
2010-01-08,17708.90726024375,13462.898010608576,4603.82623009212,93717.43799526189
2010-01-11,17532.75640587736,13328.982295089512,4557.418669382192,93405.23070787154
2010-01-12,16869.489894920738,12824.74511886872,4380.128287294608,92196.71086498883
2010-01-13,17509.202595417893,13311.07590802017,4551.853765118797,93404.23248163058
2010-01-14,17515.16605684523,13315.609528971852,4554.61063427675,93425.77055309352
2010-01-15,16918.717064299464,12862.169243969009,4395.2004735171095,92338.49317877136
2010-01-19,17734.92694474412,13482.679036820346,4614.080066185278,93873.95288175285
2010-01-20,16975.21490817076,12905.120776702266,4412.967053070145,92512.75881825328
2010-01-21,16510.233034639958,12551.626151193635,4289.723281051414,91654.19315157858
2010-01-22,15069.009769449825,11455.960476026281,3901.965565353035,88895.21455382621
2010-01-25,15250.463015835616,11593.907245631315,3951.280602091697,89272.2672400556
2010-01-26,15284.769514289266,11619.988182359659,3960.8901952851843,89347.20032929008
2010-01-27,15651.03358543804,11898.434263891531,4059.9061533296244,90094.27758093459
2010-01-28,14461.875918601465,10994.397207743232,3739.7678535717564,87728.77695750854
2010-01-29,13756.616102985903,10458.235330046311,3549.293680817789,86241.8919346412
2010-02-01,14197.06930194435,10793.08244448889,3669.5947809999825,87218.78477664708
2010-02-02,14569.41391349948,11076.151154291223,3770.8249562064448,88023.34603714017
2010-02-03,14750.538635781133,11213.848168988005,3820.2931300558557,88410.83534853051
2010-02-04,13525.532672871988,10282.558050480366,3488.1630405045585,85851.32162722893
2010-02-05,13814.122205942862,10501.95337474098,3567.3905280444505,86503.81855284845
2010-02-08,13557.369863730011,10306.761737764225,3498.4412858583987,85949.04239541301
2010-02-09,13978.30729164568,10626.772316485762,3613.0844784854467,86890.39900237754
2010-02-10,13878.316076265666,10550.755681758666,3587.810350389345,86690.3347782431
2010-02-11,14467.329146937354,10998.542932594333,3747.564595543748,87979.55432475652
2010-02-12,14544.439639887514,11057.164884072185,3768.83998070986,88148.61646435979
2010-02-16,15083.813372468856,11467.214665497486,3914.6299378759263,89287.81031696973
2010-02-17,15290.49714967201,11624.342520539123,3971.914708036379,89725.95175810023
2010-02-18,15595.910852664398,11856.528136173332,4054.2996533209957,90348.93609251229
2010-02-19,15591.780058217188,11853.387769377781,4053.7663004453284,90347.61537195413
2010-02-22,15449.109146322557,11744.92461534512,4015.7492021285484,90067.82331805927
2010-02-23,14857.102054790674,11294.86121065704,3857.870851429381,88890.12362767028
2010-02-24,15300.764257079969,11632.147915748777,3978.395188969298,89818.39881691203
2010-02-25,15308.881048193685,11638.318569269713,3980.964579315876,89840.36044204296
2010-02-26,15446.506832075618,11742.94624983768,4018.9109237349608,90128.43792026812
2010-03-01,16130.700412378144,12263.092877507084,4202.602363991699,91504.30410778853
2010-03-02,16248.484744010591,12352.636428710563,4235.367759749106,91744.85468841171
2010-03-03,16256.415191064672,12358.665417303628,4237.759589188373,91764.87974769747
2010-03-04,16463.07903189902,12515.778116057189,4293.640377780087,92170.9845596764
2010-03-05,17208.342748270952,13082.352284472838,4493.314510145692,93602.54446168145
2010-03-08,17269.294018469674,13128.689459446057,4509.861194610178,93720.25251104547
2010-03-09,17549.109495629193,13341.414455710817,4584.834435307864,94242.41081921132
2010-03-10,17975.11474211231,13665.277758008524,4700.275023586261,95036.21057496876
2010-03-11,18152.838431785156,13800.389195036945,4747.696944098692,95358.67665212254
2010-03-12,18167.144023492907,13811.264779809768,4752.198582183993,95391.67877618318
2010-03-15,18044.89523676371,13718.32720193049,4719.957636322898,95178.81707980626
2010-03-16,18380.852291817497,13973.732885729374,4809.471032699317,95783.35968322557
2010-03-17,18489.40655118601,14056.259430197557,4839.100623130488,95982.9324508818
2010-03-18,18706.787474233304,14221.51960991558,4896.892814628443,96367.91468256249
2010-03-19,18377.39458833117,13971.104224982368,4809.819342187852,95799.62369170698
2010-03-22,18859.956414218992,14337.963712711786,4937.8627239620855,96652.60198352847
2010-03-23,19244.923527561936,14630.628466567587,5041.183511385341,97329.62998375909
2010-03-24,18912.249064963096,14377.718318308074,4953.5776123739215,96768.75298019443
2010-03-25,18833.888314831973,14318.145879899159,4933.004805084349,96637.69448888463
2010-03-26,18931.238276294865,14392.154545891435,4959.334718120232,96812.5307403237
2010-03-29,19177.20965393508,14579.150136417413,5024.693202470608,97240.731299449
2010-03-30,19371.599178739358,14726.931493466242,5076.403544033832,97577.22711049413
2010-03-31,19088.66297006413,14511.834013710713,5001.8637875226705,97102.56280337185
2010-04-01,19122.9451915725,14537.896494300943,5011.103463218877,97165.37199498009
2010-04-05,19652.054725358797,14940.14309174049,5151.1566972902765,98073.60378993631
2010-04-06,19773.006954830078,15032.094983836241,5183.235219278508,98280.23488587183
2010-04-07,19633.821086942367,14926.281275720154,5146.64053981231,98051.99717467089
2010-04-08,19733.48184318765,15002.046684464627,5173.311135712241,98224.41804514252
2010-04-09,20139.672337076823,15310.846155360574,5280.544621911145,98906.14348051265
2010-04-12,20174.86478426289,15337.600619667553,5290.119523343689,98968.998177681
2010-04-13,20420.473917658754,15524.320820117511,5354.896538913468,99376.02995031449
2010-04-14,21181.35334079919,16102.76656618041,5555.285737818225,100618.72485787352
2010-04-15,21487.18249373952,16335.26802062926,5635.832003374658,101108.14392607917
2010-04-16,20672.916891335266,15716.236332359844,5421.735850589974,99830.9751574602
2010-04-19,20693.367743625615,15731.78374782534,5427.193732692382,99867.57721558241
2010-04-20,21001.15871122,15965.776638770812,5508.501754837064,100369.40678578448
2010-04-21,21339.692186002594,16223.141002206543,5597.64060368647,100913.92097532187
2010-04-22,21672.660941554695,16476.274881719306,5685.25802798968,101443.5783643661
2010-04-23,21994.576787828733,16721.005973406463,5769.947831937781,101950.44597143942
2010-04-26,21793.788778804334,16568.3602766662,5717.269147321023,101643.35140640438
2010-04-27,20429.8288666268,15531.432762260552,5358.553524460205,99520.72577274824
2010-04-28,20469.899348235387,15561.895669949014,5369.1734370531685,99589.56478222345
2010-04-29,21546.18483229644,16380.123553198595,5652.279551874173,101343.04876895451
2010-04-30,20211.969876636587,15365.809140213749,5301.380492414127,99249.04035444198
2010-05-03,21147.386357742096,16076.943740304961,5547.462632563227,100787.78939754482
2010-05-04,19197.144803437666,14594.305497537978,5034.291326718388,97683.11103143104
2010-05-05,18884.514495772484,14356.633579939175,4952.031295252075,97154.10200058571
2010-05-06,17029.348191264,12946.274691992096,4462.5261193791475,93955.91473003138
2010-05-07,15844.160367287517,12045.255641910351,4149.185485231859,91759.76651520195
2010-05-10,18218.379541954575,13850.215718421241,4776.170917496457,96384.57311896607
2010-05-11,18157.982669687975,13804.300015123701,4760.3559553737605,96281.18562792218
2010-05-12,19137.44190978764,14548.917379776864,5018.572236448981,98025.04058809121
2010-05-13,18266.62150874266,13886.89085987151,4789.378638342806,96535.84971816208
2010-05-14,17190.3109160809,13068.643888231798,4505.532790906034,94631.76246807005
2010-05-17,17413.643861157558,13238.428992292165,4564.615027341004,95048.34779360902
2010-05-18,16643.583295045268,12653.003437162875,4361.551712409926,93641.8492256732
2010-05-19,16284.916579188513,12380.333116830929,4266.878243446685,92967.21840990717
2010-05-20,14396.968449647986,10945.052399404352,3765.9432724051812,89331.96594964768
2010-05-21,14930.098770564058,11350.355732432103,3908.0161143520363,90458.11308609675
2010-05-24,14747.616171375008,11211.626414722685,3859.7552377714305,90088.56313800674
2010-05-25,14754.285639235462,11216.696765155426,3862.2226634403405,90110.56048144621
2010-05-26,14291.921117376718,10865.191937103014,3739.5502215958577,89159.32690885478
2010-05-27,15851.714295527483,12050.998388426522,4153.126123116231,92448.95972233955
2010-05-28,15589.801632388582,11851.883704515903,4084.006957464439,91938.9671923985
2010-06-01,15154.647435950938,11521.065067350164,3969.168631821239,91080.03149354314
2010-06-02,16246.993418523765,12351.502673666564,4258.171104992523,93293.38273517958
2010-06-03,16659.85394449726,12665.372923936928,4367.304122311807,94093.24129161285
2010-06-04,14996.71710950421,11401.001200817434,3927.504192246281,90937.63080895465
2010-06-07,14175.114431843485,10776.391624854416,3709.5301331683454,89258.08199414116
2010-06-08,14116.706905670988,10731.988288366367,3694.22990940076,89138.09219866536
2010-06-09,13726.421404587443,10435.28031994739,3590.593018745904,88307.26417605067
2010-06-10,14892.340864840033,11321.650921548717,3900.3662580075284,90849.48978060664
2010-06-11,15303.29813660846,11634.074254915937,4009.3647086136357,91698.54981839073
2010-06-14,15261.202839925645,11602.072015724176,3998.40873493933,91617.82669059599
2010-06-15,16539.73212758824,12574.052338983296,4336.316722391937,94201.51913138966
2010-06-16,16742.411755190336,12728.136106837283,4389.911267067672,94592.49089767321
2010-06-17,16881.612425764713,12833.961068446197,4426.732913885906,94859.85515652
2010-06-18,16955.48146960532,12890.11876291896,4446.313269166448,95002.61523865309
2010-06-21,16488.13312544746,12534.825068036433,4323.254088862017,94129.06583500956
2010-06-22,16089.72871102731,12231.944832712366,4218.497204441954,93371.66070449413
2010-06-23,15932.795762146343,12112.639205649102,4177.2260295947935,93070.01681398998
2010-06-24,15176.602613460778,11537.756120687114,3977.708637847943,91591.0888355461
2010-06-25,15026.806412464837,11423.876085812664,3938.3600961710363,91291.87305940858
2010-06-28,14964.623499274425,11376.602575031766,3922.085716866423,91168.91488425931
2010-06-29,13226.141181162126,10054.950719384175,3460.969385992643,87598.81629447092
2010-06-30,12675.072626822963,9636.010146999051,3314.2248989613436,86363.43484277303
2010-07-01,12572.535492025225,9558.058019982096,3287.1164964713194,86130.6064268636
2010-07-02,12441.179383658135,9458.196754460268,3252.537333573468,85831.21824636681
2010-07-06,12573.701377123412,9558.944364460516,3288.2654603616124,86148.1174181605
2010-07-07,13748.635077232746,10452.167889850483,3601.2004785005706,88883.5747741316
2010-07-08,13943.194353445877,10600.078297544333,3652.9814554230634,89312.30400137935
2010-07-09,14321.627141130626,10887.775440546928,3753.336919872734,90132.90170367705
2010-07-12,14467.10032430445,10998.368974047697,3791.9774807697872,90444.96149716433
2010-07-13,15033.789629682135,11429.184958901264,3941.8281828492713,91639.12114347974
2010-07-14,15236.607652928662,11583.37393970931,3995.458979770132,92057.52188036771
2010-07-15,15304.673758628025,11635.120048350755,4013.680016532952,92200.27557516206
2010-07-16,14007.511986226418,10648.974692882744,3671.355653891872,89581.85739411354
2010-07-19,14371.735079398495,10925.869155337374,3767.774131981636,90368.80506263554
2010-07-20,14874.50608611801,11308.092331882635,3900.595634418374,91433.45946728834
2010-07-21,14310.62929861738,10879.414516300349,3751.945414713392,90274.75511757769
2010-07-22,15385.903757744356,11696.87378489892,4035.5411171782034,92552.0253338615
2010-07-23,15688.124049022794,11926.631663147702,4115.256392209773,93164.25611119477
2010-07-26,16063.322048699316,12211.869613135128,4214.05103796021,93912.63185597837
2010-07-27,16022.274093053813,12180.66359729924,4203.33277058157,93835.88042243062
2010-07-28,15610.75219091951,11867.811013221193,4095.160247658961,93033.79399904532
2010-07-29,15302.939394284462,11633.801527115791,4014.251327141689,92423.94078501119
2010-07-30,15393.28803638553,11702.48755816946,4038.121922354917,92609.96335096662
2010-08-02,16257.50792414289,12359.496149192868,4265.441253195287,94350.59201600395
2010-08-03,16072.812656884853,12219.084687909808,4216.969650871197,93996.1062987275
2010-08-04,16514.79625087713,12555.09525936041,4333.170620215261,94862.37511866084
2010-08-05,16404.104697834075,12470.943873430459,4304.141749416792,94653.4640920383
2010-08-06,16350.15515901458,12429.929646625127,4290.020396954463,94552.86591688606
2010-08-09,16666.07802521247,12670.104676305802,4373.053412140372,95165.80119803171
2010-08-10,16250.125158018061,12353.883525787365,4263.8385297824625,94376.49434945738
2010-08-11,14869.443018429392,11304.243220081953,3900.998045169388,91702.34630905397
2010-08-12,14550.274853400919,11061.601006710722,3817.1413333777195,91048.0879846674
2010-08-13,14232.032383853017,10819.662537712908,3733.4959467577028,90385.84558184826
2010-08-16,14294.743049350003,10867.337263282152,3750.1058368013373,90522.66999452497
2010-08-17,14854.373144438057,11292.786602595817,3897.3950335370323,91710.5830293217
2010-08-18,14984.71640682871,11391.877869049893,3931.7176518127294,91982.62761433837
2010-08-19,14310.130901589262,10879.035618367256,3754.4651859928667,90603.18731621582
2010-08-20,14374.156491777048,10927.709993251032,3771.3770830370268,90742.01966667817
2010-08-23,13962.487192115765,10614.745352689566,3663.2228439225655,89877.39366154521
2010-08-24,13198.79220396531,10034.159120823955,3462.3510989263273,88237.36356161317
2010-08-25,13545.123323118296,10297.451511852742,3553.611850319413,89015.33738182021
2010-08-26,13050.00285605156,9921.044529020499,3423.407952616135,87930.91053471732
2010-08-27,13548.449044986719,10299.97983580115,3554.6586117809707,89057.35362358294
2010-08-30,13104.993488840322,9962.85022995361,3438.1013354343213,88086.70133462064
2010-08-31,13001.654318813886,9884.288369183683,3411.022607645184,87858.1571589078
2010-09-01,14160.217006440558,10765.066108498566,3715.610154256398,90475.96543301072
2010-09-02,14638.615301803398,11128.760342381538,3841.266680134478,91498.67572098071
2010-09-03,15347.331775824627,11667.550086320518,4027.324915712477,92978.79332156711
2010-09-07,15007.05955262858,11408.863868734647,3938.028920744597,92294.46714720863
2010-09-08,15576.49436791975,11841.767081185555,4087.491499174063,93464.94902879013
2010-09-09,15728.74668440616,11957.514336429085,4127.454347538219,93772.42765926843
2010-09-10,15883.497890972358,12075.161330701652,4168.069738987068,94082.90069380056
2010-09-13,16621.691207344655,12636.360346789126,4361.789447891596,95543.36649260538
2010-09-14,16800.900711786566,12772.601349431317,4408.818041855137,95889.692403102
2010-09-15,17088.285522765113,12991.080804043862,4484.233014911891,96439.3943143492
2010-09-16,17312.849984417167,13161.802147806055,4543.1625238752795,96864.81907245028
2010-09-17,17518.30755552925,13317.997800351995,4597.07790975426,97250.98130521951
2010-09-20,18420.803981203473,14004.105483634516,4833.907139248993,98924.01590737622
2010-09-21,18411.525683964832,13997.051814675711,4831.472372271945,98910.45590522858
2010-09-22,18234.809231877218,13862.706113030232,4785.099211651344,98597.05211701377
2010-09-23,18217.59620008424,13849.620195978625,4780.582243285019,98569.06681812489
2010-09-24,19366.708057844226,14723.213101314706,5082.127171869407,100644.58604862461
2010-09-27,18997.405379982836,14442.456970288242,4985.216371738679,100007.95925584281
2010-09-28,19037.81777440487,14473.179811425352,4995.821216256569,100081.95577631913
2010-09-29,18942.34045839257,14400.594792546977,4970.766474864588,99917.73198238865
2010-09-30,18629.676945246734,14162.897631041655,4888.718677631057,99371.0619131221
2010-10-01,18589.003779651855,14131.976543019371,4878.045402678064,99301.80738564633
2010-10-04,17994.520145456285,13680.03038854836,4722.043596818548,98246.2976242363
2010-10-05,19341.456935155107,14704.016361254966,5075.500882242336,100700.65616935695
2010-10-06,18822.031612448453,14309.132021924426,4939.195551547997,99802.30285016369
2010-10-07,18965.437416170505,14418.153865071892,4976.827477919944,100058.84466603577
2010-10-08,19308.27995742794,14678.794123604885,5091.023047365794,100827.22705276645
2010-10-11,19302.876220048554,14674.686023418595,5090.538871209087,100827.13820433537
2010-10-12,19660.727871977153,14946.73670514859,5200.2052151117,101554.29109780306
2010-10-13,20054.32390865061,15245.96145240392,5320.0678758037075,102337.68300994308
2010-10-14,19977.487406420907,15187.547797749308,5298.699063830817,102203.8190979018
2010-10-15,21093.84222016098,16036.237712952336,5632.987967372589,104356.276637971
2010-10-18,21262.948129099674,16164.797627552143,5684.587318890052,104678.13470504491
2010-10-19,20327.5320397625,15453.6633252962,5405.500396902409,102968.29028527597
2010-10-20,20743.340580848926,15769.7747543257,5530.904853826677,103767.73187467759
2010-10-21,20855.531896839344,15855.066309736676,5565.394751810148,103986.62337505256
2010-10-22,21230.418384559773,16140.067438014421,5677.990426665611,104691.0929173629
2010-10-25,21481.16817616859,16330.69573715231,5753.480758512024,105158.28444104525
2010-10-26,21628.983075994875,16443.06952123537,5798.27585615702,105434.43707114701
2010-10-27,21811.989853670704,16582.197336796926,5854.218551288397,105776.76935624689
2010-10-28,21907.60295036352,16654.885580647162,5885.902463512069,105970.85600805191
2010-10-29,21752.06510821789,16536.64055994519,5842.001661914922,105710.65604165195
2010-11-01,21849.162331058258,16610.45708566318,5874.629731337627,105910.71501627809
2010-11-02,22503.19140568502,17107.67165674178,6067.436846298395,107072.65303785352
2010-11-03,22691.6252816836,17250.925332252733,6123.480966273899,107405.62505543341
2010-11-04,23549.151074680205,17902.844850657882,6373.924249994074,108873.1905565017
2010-11-05,23506.427364563126,17870.364870753514,6364.26262760989,108821.53588621641
2010-11-08,23569.945286487047,17918.653299403613,6383.599371073292,108935.10176618527
2010-11-09,23198.6769110755,17636.402779974265,6277.952968349439,108337.5128385543
2010-11-10,23518.785876205788,17879.760220752414,6371.780057890567,108880.57091959803
2010-11-11,23076.215853816728,17543.303827005697,6243.817701210308,108155.05576926991
2010-11-12,22038.603962778372,16754.47689046146,5940.618068122458,106407.72017546326
2010-11-15,21850.896804043245,16611.77568949095,5886.559743071967,106088.23734618262
2010-11-16,20788.204969444843,15803.882148932205,5572.8413518037005,104206.88436468628
2010-11-17,20956.04674802257,15931.481029749877,5623.592237192081,104526.4272838317
2010-11-18,21901.071042147538,16649.919807613613,5902.805980261154,106259.57596933398
2010-11-19,21908.004378453516,16655.19075958083,5906.829451200804,106286.99378673163
2010-11-22,22346.063831832114,16988.21806932675,6036.0865014932315,107065.54973753242
2010-11-23,21360.37826927828,16238.867248060498,5747.606122704338,105363.20185501195
2010-11-24,22579.7814468443,17165.89794352518,6105.194313338895,107551.511712257
2010-11-26,22384.5400072628,17017.468932638036,6049.029414768754,107225.01879056048
2010-11-29,22108.542573676517,16807.64653959273,5970.127952902711,106762.121372423
2010-11-30,21332.78841287274,16217.892525145267,5742.590059330581,105409.07971131342
2010-12-01,22594.983506435176,17177.45505288351,6112.687039971984,107676.75971286156
2010-12-02,23247.406023650547,17673.44826579134,6303.080237489992,108797.9936822674
2010-12-03,23419.00136021715,17803.90072575077,6353.744255216346,109092.82334392873
2010-12-06,23374.75042234672,17770.259696709927,6341.786064419963,109027.71662948604
2010-12-07,23357.380260889608,17757.0543244818,6337.661517546451,109007.41168705709
2010-12-08,23691.26553388929,18010.884970923227,6435.231689439708,109570.14290758112
2010-12-09,23716.64695710582,18030.180769760875,6443.610930835984,109621.04755975185
2010-12-10,24132.427575563062,18346.27097108257,6564.387848217317,110309.29734135102
2010-12-13,23885.977248707964,18158.91126749543,6494.115991025429,109919.04708286542
2010-12-14,24039.299300399347,18275.471770883032,6539.349999711002,110177.61516115237
2010-12-15,23724.226391622495,18035.942906993656,6449.309583624418,109675.30257669894
2010-12-16,24195.790939181432,18394.441899388137,6585.95791268176,110453.25589724671
2010-12-17,24199.086190734066,18396.947058792975,6588.229929158843,110469.3322051987
2010-12-20,24340.61999949455,18504.54574934985,6630.418508234693,110708.50919032161
2010-12-21,24695.747734699617,18774.525619340904,6733.452395056931,111285.34635052615
2010-12-22,24734.713256206956,18804.14849975212,6745.428216629207,111354.72247303718
2010-12-23,24553.453000305995,18666.348447907596,6694.24739517706,111076.4909597836
2010-12-27,24536.76158564432,18653.65908148083,6690.420812082228,111058.7203528548
2010-12-28,24457.067524534745,18593.073015892347,6668.320981486635,110939.83057851915
2010-12-29,24586.02919396565,18691.11394960506,6706.086540298463,111152.65367120707
2010-12-30,24396.951630322885,18547.370921421065,6652.582657234842,110860.44299172984
2010-12-31,24147.440932637925,18357.684622536344,6581.969626990795,110471.59216041489
2011-01-03,25275.34237693654,19215.1526688398,6905.647549225048,112285.80548835019
2011-01-04,25183.345597423762,19145.213669121535,6880.05609390379,112150.50107966663
2011-01-05,25789.34080979691,19605.911306711652,7053.553463113974,113096.61423162428
2011-01-06,26019.37696159628,19780.792410605645,7119.684181967021,113453.48649671291
2011-01-07,25989.39115098607,19757.996203923994,7111.948813685141,113415.83494130732
2011-01-10,26239.70497382185,19948.293065156602,7183.78217145255,113801.11795020674
2011-01-11,26379.872525597173,20054.853081888086,7224.6822729864925,114020.53663040651
2011-01-12,26915.569819904165,20462.107913133656,7377.4797728531785,114827.81137829475
2011-01-13,26935.001733767924,20476.88069784895,7383.579305590026,114862.93530372277
2011-01-14,27539.45405531569,20936.40537871631,7555.411828480401,115757.45436678862
2011-01-18,27720.27455630719,21073.871114309204,7607.555479763009,116027.26068045352
2011-01-19,26833.72717506572,20399.888423010056,7357.796110578156,114761.0333808682
2011-01-20,26247.60069175429,19954.295651520788,7192.437185216526,113904.79741205467
2011-01-21,25646.636342074256,19497.422642426798,7024.668355661403,113022.61028260454
2011-01-24,26696.03548095074,20295.210635299263,7322.4789759143705,114623.23066127855
2011-01-25,26816.4217082312,20386.73223377741,7357.097864211941,114807.33957369582
2011-01-26,27158.046579323123,20646.44677910812,7454.280972901532,115316.33058048888
2011-01-27,27694.44253034009,21054.232752331707,7607.591360036041,116110.38462017929
2011-01-28,25629.857936516077,19484.66714263842,7024.0593639538765,113145.19492497593
2011-01-31,25999.721115193996,19765.849384955483,7129.72314326031,113715.97451615143
2011-02-01,27426.5182113198,20850.54780844871,7533.020068318164,115863.52568950562
2011-02-02,27291.033720033494,20747.54800945481,7495.36079282852,115673.92864783734
2011-02-03,27350.417754638034,20792.693720005467,7514.402504608131,115775.35716646211
2011-02-04,27869.655984885143,21187.435825449727,7661.08362080464,116532.14504103818
2011-02-07,28251.832804388287,21477.97930548367,7769.064833011274,117083.14201871716
2011-02-08,28758.556041327083,21863.207098382427,7911.887889456687,117804.12586692466
2011-02-09,28661.184166310308,21789.18177298047,7885.026709930143,117674.34651585427
2011-02-10,28779.50743851176,21879.13504466007,7918.946756166214,117846.61821289557
2011-02-11,29308.262012321044,22281.111789764967,8067.506563139449,118587.09272966877
2011-02-14,29539.955302105136,22457.252704857357,8132.972383160198,118911.42178682057
2011-02-15,29403.456527485872,22353.481814069663,8095.181402544099,118730.81282140213
2011-02-16,29985.404819850002,22795.898186373728,8258.367101182834,119532.18461803418
2011-02-17,29969.834647459404,22784.061225469155,8254.391611646124,119516.59324100887
2011-02-18,29779.454831845153,22639.32818219171,8201.561573513167,119265.20384467553
2011-02-22,27226.64392147997,20698.596751304867,7485.525541238992,115797.97505453718
2011-02-23,26471.614840133112,20124.598628900316,7273.4696438713245,114707.97980074745
2011-02-24,26885.914090135993,20439.562644843987,7390.643010479251,115327.39420675085
2011-02-25,28009.430990177887,21293.697415339757,7706.601917023884,116974.31883323421
2011-02-28,28171.380255608034,21416.816612438597,7752.770427356919,117211.42005969984
2011-03-01,26911.77245803286,20459.221032829217,7399.161938080488,115432.84986332475
2011-03-02,27302.204093625915,20756.040097543882,7509.387555511234,116009.4574525067
2011-03-03,28854.978742647614,21936.510830493557,7944.859762039938,118255.35677008047
2011-03-04,28428.568897297206,21612.339938732224,7826.141708473789,117669.82491103072
2011-03-07,27296.009223097142,20751.330551726507,7508.746659536956,116082.56651394654
2011-03-08,27620.60866661101,20998.101802945275,7600.346149144362,116558.02254203083
2011-03-09,27101.99998226822,20603.83829915488,7455.267315832148,115819.82333691294
2011-03-10,25787.02717602449,19604.15240566518,7085.377184816971,113907.78818224881
2011-03-11,26279.27248854808,19978.37360075737,7224.557187186019,114656.98877556113
2011-03-14,25991.11371420081,19759.305753549852,7143.932357913253,114233.85335641741
2011-03-15,24958.327566692962,18974.147507118552,6852.842657795191,112685.68259430332
2011-03-16,23143.423966316866,17594.39766079103,6337.310052355391,109863.26220892488
2011-03-17,23816.13436151257,18105.814390694402,6529.3952100207,110976.49549803253
2011-03-18,23683.937580444777,18005.314017933288,6492.577101579052,110771.17671349528
2011-03-21,24970.69843335591,18983.552249813205,6857.540647603375,112850.01656707811
2011-03-22,24815.454212032844,18865.530449388465,6814.327320224689,112616.30094957566
2011-03-23,25214.81132887224,19169.134960655498,6927.745294733415,113244.4197811784
2011-03-24,26566.013712826672,20196.36377943803,7308.325875135862,115321.48091803349
2011-03-25,26707.982409836015,20304.293086449914,7348.692707155526,115537.20495007413
2011-03-28,26256.53672254772,19961.089118188367,7222.364478336847,114878.56279040259
2011-03-29,27006.594389939357,20531.307806996927,7433.351606695746,116000.60158880064
2011-03-30,27380.08151637665,20815.245094465186,7538.513931680132,116551.05751375739
2011-03-31,27463.38548018064,20878.57552768115,7562.292530088988,116677.04042719353
2011-04-01,27597.535760197377,20980.56101506435,7600.305608390373,116875.85725282569
2011-04-04,27304.313519225307,20757.643752771637,7518.648387678354,116460.6120718171
2011-04-05,27072.228869077375,20581.205312564547,7454.100264516907,116130.64994176135
2011-04-06,27223.582481921865,20696.269343524662,7496.936772534901,116356.40875707997
2011-04-07,27240.060504408288,20708.79648214994,7502.03790353916,116386.1085818128
2011-04-08,26835.084086861443,20400.919992312825,7389.06015968867,115805.1754788652
2011-04-11,26605.37053324098,20226.284138242394,7325.1644395534895,115474.66661366513
2011-04-12,26054.345177326533,19807.376406730935,7171.248953593077,114669.17061808058
2011-04-13,26664.444544255643,20271.19415858867,7342.729825419801,115586.43193154264
2011-04-14,26479.114180145272,20130.299875637163,7291.472033135214,115320.75895395769
2011-04-15,26353.13895512656,20034.52933591008,7256.6374373702165,115140.39244145631
2011-04-18,25838.3057960784,19643.13611153507,7112.761249753125,114382.71023339537
2011-04-19,26315.451838531953,20005.878341268184,7246.983706952613,115105.4553672371
2011-04-20,28033.989400159968,21312.36753224944,7727.45583623563,117652.54412913878
2011-04-21,28721.43752624168,21834.988373446085,7919.473393741349,118630.39597845386
2011-04-25,28950.121912596966,22008.84182046433,7983.523245544485,118953.58304840926
2011-04-26,29391.670168291104,22344.52143331756,8107.098417190927,119570.71796114554
2011-04-27,30031.21361079154,22830.72354693224,8285.23206947155,120449.87644329993
2011-04-28,29892.4635138736,22725.241126344845,8247.114632041987,120268.58610286635
2011-04-29,29675.07120096378,22559.972287675973,8187.250606129984,119981.00519956676
2011-05-02,29679.138484535826,22563.064371400054,8188.777165309381,119991.84266243843
2011-05-03,29254.978904427866,22240.60420582926,8071.77752706128,119423.75009901874
2011-05-04,29060.97255477491,22093.114151225393,8018.136196387968,119162.56966251181
2011-05-05,28611.238551547984,21751.211461896866,7894.106941602933,118551.50140884084
2011-05-06,28894.59778785589,21966.63054127403,7973.469132073432,118952.1213146494
2011-05-09,29170.510325515403,22176.388393623136,8051.5547466135995,119343.77923590207
2011-05-10,29911.77730790274,22739.924112448447,8257.338605458697,120363.88211770786
2011-05-11,29233.611453704776,22224.359961867496,8069.54092444315,119454.78973167435
2011-05-12,29772.46189200291,22634.011917641506,8219.252725488244,120196.89175922654
2011-05-13,28713.05990562715,21828.619428697126,7925.758602466033,118769.60961972126
2011-05-16,27222.718731248347,20695.612691645852,7512.018989772759,116706.28970446713
2011-05-17,27417.370252576045,20843.593227131954,7566.480190527499,116991.61320600269
2011-05-18,28094.37877185976,21358.277533367593,7754.6780588822185,117964.87040464516
2011-05-19,28329.13444503459,21536.746573773027,7820.736873196697,118303.15825558046
2011-05-20,27676.91166042449,21040.905204209037,7640.039478603568,117395.36359483529
2011-05-23,26459.603992612836,20115.46758468567,7302.1960621359485,115668.25904344043
2011-05-24,26008.36616567757,19772.421638751086,7177.002789602636,115010.48905136585
2011-05-25,26255.788896904083,19960.520596357965,7246.074812254814,115382.68600129955
2011-05-26,26759.99782283317,20343.83692672585,7386.890883766858,116133.36389429937
2011-05-27,27107.901580257632,20608.32488947147,7483.596678417703,116643.42418864298
2011-05-31,28370.959770586553,21568.543571966737,7833.79775549993,118466.18564147713
2011-06-01,26580.971225035926,20207.734975774794,7337.821083805626,115969.39652308609
2011-06-02,26724.105942374197,20316.55073007198,7377.723688985915,116182.87531997074
2011-06-03,25542.491658879397,19418.248403858895,7050.486752140131,114468.39539954501
2011-06-06,24948.431190790434,18966.623954281986,6885.873840651129,113580.76116512698
2011-06-07,24766.881394431686,18828.603784188726,6835.6489232993845,113307.81212165428
2011-06-08,24243.075870494205,18430.38947076267,6690.31751736242,112507.99938540206
2011-06-09,24360.993348069747,18520.03424392333,6723.72776046179,112698.45082885717
2011-06-10,23217.37124916331,17650.614835148157,6405.786448700188,110925.25564434723
2011-06-13,23253.05576949698,17677.74338976475,6415.998197842123,110987.3245475999
2011-06-14,24124.67039046558,18340.37370196923,6658.952791857985,112391.37052146801
2011-06-15,22804.857000379012,17337.00783626948,6291.967662480444,110329.85001048223
2011-06-16,22525.078671216885,17124.31108114308,6214.296359943269,109878.96893607035
2011-06-17,22311.836881315015,16962.197607575265,6155.149287096307,109533.45892608649
2011-06-20,22654.83986581601,17222.959840377633,6251.061686225436,110105.47875587926
2011-06-21,24106.62890378868,18326.657966067436,6654.736648550026,112478.67565926346
2011-06-22,23592.538143912072,17935.829138138964,6512.175322824794,111678.65192977828
2011-06-23,24198.71119436451,18396.66197412889,6680.7385538423905,112645.37375880993
2011-06-24,22982.12389499037,17471.772002558144,6343.007308076984,110750.36103690822
2011-06-27,24068.664105932803,18297.795868930894,6644.873525821182,112510.36582821367
2011-06-28,25136.375090081707,19109.505133266688,6941.384267017905,114187.03297539354
2011-06-29,25421.103808044376,19325.96533796991,7020.371229815973,114623.36678174506
2011-06-30,26436.968816329376,20098.259573752064,7301.5323405467225,116156.79230644924
2011-07-01,27673.882515214904,21038.602347662512,7643.619127045425,117974.0384349905
2011-07-05,28018.3575626434,21300.483691473084,7738.891354000195,118467.45379481741
2011-07-06,28278.743351266225,21498.43759478991,7810.9636017344865,118838.49111075539
2011-07-07,29501.500647287212,22428.0182022289,8148.881310302995,120555.50572000493
2011-07-08,29244.4064413456,22232.566669119304,8077.86572805145,120208.63425362643
2011-07-11,27644.277228128485,21016.095427570726,7635.686877325178,118018.56805887984
2011-07-12,27004.861948946815,20529.99074795713,7458.995839813454,117111.50778166499
2011-07-13,27302.852230449593,20756.532832630586,7541.398094171082,117546.00327057681
2011-07-14,26350.128936489833,20032.241020017933,7278.0850514363065,116181.18667644127
2011-07-15,27423.527393303382,20848.27408950426,7574.844303137375,117763.46969652126
2011-07-18,26981.36366486322,20512.12657387836,7452.682086208219,117133.65416146666
2011-07-19,28850.622376992083,21933.19897699207,7969.19386783886,119842.89413457023
2011-07-20,28476.046780461307,21648.434198496794,7865.723918719245,119327.53755243565
2011-07-21,29063.699373992684,22095.18716953661,8028.099315993197,120151.94568545416
2011-07-22,29979.30559033068,22791.261350020402,8281.047226209193,121417.17598226061
2011-07-25,29780.89687659112,22640.424472383776,8226.243867497327,121152.68932113789
2011-07-26,29975.85476812034,22788.637920647387,8280.105633702886,121420.45652553649
2011-07-27,27670.05357185443,21035.69145806368,7643.115435911126,118310.1798450931
2011-07-28,27831.325312777888,21158.295578585563,7687.682996379655,118543.4090027549
2011-07-29,27515.595160604684,20918.267056491237,7600.468028093038,118098.40376433133
2011-08-01,27209.163870254633,20685.307837234184,7515.82730768961,117663.37122352827
2011-08-02,25087.21393137806,19072.13119166858,6929.539635322411,114607.19249650369
2011-08-03,25740.725229690346,19568.952132038543,7110.1424065025685,115606.1108785808
2011-08-04,22218.292213798162,16891.081852113428,6136.2942517507945,110331.36097778962
2011-08-05,21831.28415638759,16596.86550495918,6029.284804454535,109693.15082669507
2011-08-08,17859.874891633965,13577.668605679237,4923.924083379357,102992.84956320713
2011-08-09,20443.995387408715,15542.202620708002,5644.415948223852,108019.24558029482
2011-08-10,17976.68577109958,13666.472106294184,4957.06809085561,103637.64205358457
2011-08-11,20395.593250021953,15505.405712262029,5631.1597604800745,108338.34421464716
2011-08-12,20815.52954201398,15824.655194285913,5747.858572221727,109089.81793371792
2011-08-15,21729.705204863098,16519.641820611985,6001.211356795875,110695.73230131138
2011-08-16,21145.844482418033,16075.77155559994,5839.721273692442,109705.9551359909
2011-08-17,20780.301817887852,15797.873911280343,5738.642700548981,109076.11556690397
2011-08-18,17698.46688938743,13454.960894785092,4881.640597651216,103649.45163693132
2011-08-19,16820.240193132697,12787.303863884339,4635.657118824603,101911.45097178199
2011-08-22,16974.955775133127,12904.92377518174,4680.011158931957,102239.37936824979
2011-08-23,19053.58850632396,14485.169244328188,5260.435998464766,106468.93468112352
2011-08-24,19473.523139748573,14804.417465454177,5377.24409003444,107260.01087598519
2011-08-25,18474.39255224606,14044.845290776662,5100.189513415433,105420.92326728076
2011-08-26,19880.104859918298,15113.514359530262,5490.287934489944,108111.6996239077
2011-08-29,21586.68937281533,16410.91644685141,5962.479427113046,111214.15173746353
2011-08-30,21985.713362893825,16714.26770411803,6072.827639985774,111903.39844434499
2011-08-31,22083.01265913816,16788.237852732578,6099.774121716169,112072.09427297783
2011-09-01,21433.695020021816,16294.605071022921,5920.381543806123,110976.55300887574
2011-09-02,19950.13712084977,15166.755204519579,5510.34711408633,108417.64163894704
2011-09-06,19943.23381598009,15161.507083445202,5508.525585156913,108408.7212150332
2011-09-07,21491.817634109517,16338.791807904725,5936.539330677972,111219.54136527842
2011-09-08,21217.247935316806,16130.05482615157,5860.703158249936,110749.05509690315
2011-09-09,19761.996726542304,15023.724643513508,5458.613070478662,108219.39556786756
2011-09-12,20533.46535796505,15610.220656542224,5671.829914795494,109631.455093572
2011-09-13,21340.759500990345,16223.952410421292,5894.871769719738,111071.58216609027
2011-09-14,22267.93569270158,16928.822469507086,6150.999288056865,112683.33965982405
2011-09-15,23270.259360781063,17690.822129828724,6427.872656189323,114377.21350379058
2011-09-16,23866.239644550355,18143.906086890973,6592.499348243098,115356.85855432367
2011-09-19,23948.84023008342,18206.70178864185,6615.31604355308,115493.16185401854
2011-09-20,23548.039092133306,17901.999484684788,6504.603989732268,114852.09833636187
2011-09-21,22391.11687025672,17022.468881783163,6185.03080141153,112974.39759623462
2011-09-22,20198.334589392955,15355.443143102315,5579.324327044022,109289.6507831711
2011-09-23,20815.797073899717,15824.858580889024,5749.884950257226,110406.36703504658
2011-09-26,21591.440567224825,16414.52846225269,5964.138717221879,111780.77911145297
2011-09-27,22149.834743037733,16839.038214786317,6118.382267132446,112747.51747304
2011-09-28,21185.057088086643,16105.58227757668,5851.884635776973,111113.6876325631
2011-09-29,20522.007785924947,15601.510230678101,5668.732520304474,109957.57783135914
2011-09-30,18882.93053639869,14355.42940154528,5215.975138805517,107033.23721106027
2011-10-03,17449.005180958247,13265.311839155682,4819.88624834097,104326.91205773411
2011-10-04,18557.734444164882,14108.204558202122,5126.147199853889,106539.47903681803
2011-10-05,19957.974613330665,15172.713525966448,5512.931332577,109222.00537948479
2011-10-06,20923.837483320825,15906.9944796029,5779.728729712926,110986.95181947456
2011-10-07,20518.125394816754,15598.55870833069,5660.60150516076,110227.49484523668
2011-10-10,22365.111747292787,17002.698925733832,6245.59661261855,114027.69721433488
2011-10-11,22786.75287882579,17323.244483259572,6379.309194257146,114844.59289822934
2011-10-12,23108.924572752094,17568.170078808434,6481.475156820809,115460.85450923325
2011-10-13,23637.89530709921,17970.311156315773,6647.427598679484,116449.47085391138
2011-10-14,24878.22769764975,18913.252932894167,7033.533661074426,118707.28894794518
2011-10-17,23797.904158699308,18091.95518653343,6699.321237001726,116830.3658922811
2011-10-18,24639.068849722677,18731.436453161106,6961.7513832918985,118359.11395573549
2011-10-19,23271.408048456044,17691.695400256274,6537.230817282569,115956.57965535363
2011-10-20,22982.807586577583,17472.291767554052,6448.104097301694,115432.812476134
2011-10-21,23777.53886668216,18076.472816822312,6696.638406437207,116919.07600411822
2011-10-24,25126.286633096795,19101.835554027497,7113.594310102456,119348.90384671355
2011-10-25,23721.355846533574,18033.76062351344,6678.987121616473,116921.65088931775
2011-10-26,23687.71472742936,18008.185530211125,6669.645411367067,116870.37157918459
2011-10-27,25495.45696264618,19382.491069482363,7226.955819736471,120128.80178377157
2011-10-28,25534.74361575486,19412.35808477628,7240.062427726466,120204.7435667674
2011-10-31,24323.871472126455,18491.812963951485,6867.226108063389,118144.70076818242
2011-11-01,22594.227138467246,17176.88003689518,6328.461279383495,115058.33683306069
2011-11-02,23117.582452094633,17574.75208552765,6493.17737507775,116059.78761471232
2011-11-03,24451.978590807958,18589.204239872495,6908.092827534683,118535.10877534508
2011-11-04,24126.049618954556,18341.42223716159,6808.313496972005,117967.71670701962
2011-11-07,24535.344629422434,18652.581864415984,6935.824687260235,118707.47175277847
2011-11-08,25358.31875181374,19278.234058100334,7189.970379864761,120160.696225894
2011-11-09,22871.545041626094,17387.706294657855,6417.772997824724,115862.32727924155
2011-11-10,22812.912156721464,17343.13163299531,6400.804199857692,115763.44643118622
2011-11-11,23974.89435706434,18226.508999168454,6763.749364712457,117954.72449237356
2011-11-14,23569.686263237527,17918.456381347674,6639.116901793703,117233.51767049497
2011-11-15,24246.69946868334,18433.144250159,6851.0262475963455,118484.08798226932
2011-11-16,23073.57076591027,17541.292943545177,6487.261699458173,116390.37032823107
2011-11-17,21675.097392112206,16478.127152154844,6049.444941822141,113775.27446511512
2011-11-18,21213.77177727502,16127.41213564011,5904.476060264049,112869.61315336796
2011-11-21,20158.30402072716,15325.010578555324,5567.966098147821,110728.52854382088
2011-11-22,20272.503896917427,15411.829107975558,5607.106489112467,110991.07685446604
2011-11-23,19098.450834587024,14519.275072601422,5229.145175542831,108500.29575026454
2011-11-25,18747.875299311097,14252.755935814812,5115.689133358454,107718.61867819152
2011-11-28,20367.298605134445,15483.895185792575,5638.926122903329,111394.14209934304
2011-11-29,20056.87147754472,15247.898198680388,5541.274865351563,110754.23399848722
2011-11-30,22041.58397375912,16756.742393539367,6171.237485451203,114954.3754206576
2011-12-01,22396.95722728977,17026.90891469576,6284.094307910833,115658.298073604
2011-12-02,22206.225225493752,16881.908127814706,6225.56854748762,115302.4413859813
2011-12-05,22849.3876253605,17370.861492718435,6427.593778182986,116552.85120244953
2011-12-06,22700.238221056963,17257.47317411848,6382.27464554432,116282.14638117862
2011-12-07,22670.702288560275,17235.01897968358,6374.366339262153,116237.33247624527
2011-12-08,21670.99617944806,16475.009274410844,6061.555145816251,114339.16274237056
2011-12-09,22585.033501558766,17169.89072952423,6349.001636287315,116149.69218174601
2011-12-12,21888.171192556907,16640.112914571688,6131.735294910493,114828.00100019501
2011-12-13,21276.84301775199,16175.360982255293,5940.109208739898,113634.99205106068
2011-12-14,20400.209904823485,15508.915446195924,5662.40893314187,111867.32050346133
2011-12-15,20244.76701927406,15390.742614644383,5614.265404691479,111553.36976789538
2011-12-16,20512.09281829886,15593.972543797328,5700.959459097119,112130.64661126501
2011-12-19,19961.105881874882,15175.094020055396,5525.829536092271,110985.55198306977
2011-12-20,21532.15462221484,16369.45732266161,6024.675721726624,114328.37335239099
2011-12-21,20705.48631467149,15740.996687033132,5763.944558216488,112682.26296519689
2011-12-22,21131.47492806253,16064.847344303174,5900.2734537291835,113573.76559785551
2011-12-23,21642.590013460253,16453.413965906133,6062.62958647227,114618.63098204893
2011-12-27,21778.61106713548,16556.821677404863,6106.686847093727,114899.44503034055
2011-12-28,21114.785455214544,16052.159454107506,5898.579021255223,113597.41435026067
2011-12-29,21555.869042115544,16387.48581034931,6038.932354853679,114501.55010040523
2011-12-30,21369.046961451582,16245.457475051902,5981.4618036990605,114141.49090775858
2012-01-03,22473.067070326128,17084.77013895674,6329.036465585073,116355.5458636139
2012-01-04,22672.282325427885,17236.22017605832,6392.3318363101325,116746.67585046234
2012-01-05,23178.670370300162,17621.193144842906,6550.874266710796,117715.11682220861
2012-01-06,23368.752482464333,17765.69986409443,6610.947963518927,118078.23118754312
2012-01-09,23214.3720449218,17648.33474071755,6564.402381004468,117804.40966381835
2012-01-10,23663.96262640768,17990.128396086846,6704.48157762281,118645.64881684305
2012-01-11,23793.994683768375,18088.983074166656,6745.775998571133,118892.54869999146
2012-01-12,24059.426396140443,18290.773055893467,6828.783488861595,119383.52881136176
2012-01-13,23775.62196653563,18075.015525822357,6742.608203554584,118884.67719107035
2012-01-17,24361.272072463627,18520.246139441948,6923.8268516602375,119953.06879468382
2012-01-18,25286.9516726199,19223.97844004429,7207.7258321320205,121595.90280509203
2012-01-19,25742.78896429094,19570.521051455242,7347.931567924689,122387.73030787914
2012-01-20,25599.466401272603,19461.562490648575,7305.590509390635,122156.06748082227
2012-01-23,25600.86657504791,19462.62694914153,7307.2988532910895,122168.99854712862
2012-01-24,25498.846617904976,19385.0679977123,7277.886373998405,122008.49486569098
2012-01-25,26432.760620130855,20095.060363580797,7562.158928939236,123600.44130624199
2012-01-26,26094.017985987244,19837.53699026919,7460.5788715165345,123050.46262862184
2012-01-27,26304.688388461393,19997.695609922175,7525.592086777262,123411.32706722204
2012-01-30,26402.54181034845,20072.087023208976,7558.056839722554,123592.2334119214
2012-01-31,26478.577922727764,20129.892194981716,7582.151559212722,123727.01823096453
2012-02-01,27089.43599708343,20594.286741361757,7768.500735219249,124744.16424273876
2012-02-02,27323.625246640855,20772.325167767132,7840.0478284293495,125130.67217104216
2012-02-03,28366.536683759954,21565.180994820483,8154.126156848238,126805.17434408079
2012-02-06,28334.72335880368,21540.995451185827,8145.599408039204,126764.5806273609
2012-02-07,28452.357112250163,21630.424527863557,8181.827926491487,126956.1192018269
2012-02-08,28891.051824766106,21963.934782652366,8314.13182486564,127644.04255735887
2012-02-09,29484.882866126056,22415.384814428777,8492.433479368348,128560.14089690824
2012-02-10,28929.405002409403,21993.092138970656,8327.266370644391,127730.35289785614
2012-02-13,29654.105552910478,22544.033507415857,8544.573150196115,128845.0612091582
2012-02-14,29843.18569585161,22687.778496467927,8601.817566066002,129136.45819099947
2012-02-15,29194.34884350691,22194.51122479095,8409.002132795396,128175.23766570761
2012-02-16,30392.877064115466,23105.672086371243,8766.957699074661,129997.60994482476
2012-02-17,30115.377880467106,22894.708013174466,8685.161698143787,129597.01298824146
2012-02-21,30315.42976806511,23046.794086018046,8745.535804807118,129900.99254252594
2012-02-22,29950.720953281452,22769.530361901918,8639.465125939045,129379.51653668794
2012-02-23,30458.807146822604,23155.79431956571,8791.552358178275,130142.38544013075
2012-02-24,30773.14042801873,23394.760894063722,8885.751717368015,130610.90131716963
2012-02-27,30856.947582042892,23458.473869156183,8911.731154258308,130741.90561781214
2012-02-28,31777.980836059145,24158.67386348543,9185.444771210421,132084.15311002286
2012-02-29,31407.875638644266,23877.307630506235,9076.912336484529,131567.68734899166
2012-03-01,32121.36440745629,24419.725431055424,9288.954297902217,132596.03272234325
2012-03-02,32046.839164817804,24363.06887251608,9268.142250564764,132500.88104805775
2012-03-05,31096.3974999144,23640.51162990441,8987.37518435989,131166.77022189906
2012-03-06,30190.00034284373,22951.438481379715,8719.455709380587,129867.21580396508
2012-03-07,30830.740271536342,23438.550203438306,8910.278127975158,130818.3792795567
2012-03-08,31843.393986455972,24208.403107611186,9210.76812873141,132292.7754042934
2012-03-09,32181.908983554265,24465.753423699127,9311.942025057217,132781.0241386824
2012-03-12,32178.969480271237,24463.51871591509,9311.790521238554,132784.18559163806
2012-03-13,33987.23227683882,25838.22000317182,9845.468441216903,135324.77909190088
2012-03-14,34392.29082551062,26146.158931811202,9965.537201518113,135878.8452357931
2012-03-15,34626.4884731189,26324.203742693073,10035.801691866414,136202.1665157043
2012-03-16,34547.95281081971,26264.498330258997,10013.347118693237,136104.56638284877
2012-03-19,35317.29071085221,26849.37449069188,10239.969808153397,137135.3207474003
2012-03-20,35481.079074995854,26973.891831563647,10288.917487944693,137357.83466116225
2012-03-21,35449.98796557129,26950.255340103824,10280.293845592716,137323.47458773645
2012-03-22,35241.197488267666,26791.525901849018,10219.50268824143,137056.80753928004
2012-03-23,35125.10693038037,26703.270013562782,10186.226002375637,136912.05289800678
2012-03-26,37012.50277392812,28138.13086487994,10740.104318985897,139397.59638494177
2012-03-27,37172.61935672808,28259.856795924952,10787.48374680547,139606.6531865091
2012-03-28,36727.70198574185,27921.615870004985,10657.606405637804,139050.46334207783
2012-03-29,36374.42104708367,27653.03999593484,10554.510546785823,138606.16211821977
2012-03-30,36107.18496013384,27449.878268873526,10476.614068380817,138269.22446211806
2012-04-02,37240.209137901955,28311.240786881077,10808.953284284067,139735.36210133997
2012-04-03,37172.91941418962,28260.08490954838,10789.670948101671,139656.39156744076
2012-04-04,35671.310948175356,27118.51240410073,10350.033399739948,137763.6909794021
2012-04-05,36344.69807302908,27630.443606310768,10547.808250492146,138645.24596423685
2012-04-09,35462.546813264926,26959.802992205976,10289.669700289092,137518.3049973481
2012-04-10,33738.589612093245,25649.193611686293,9784.096441673128,135270.083828569
2012-04-11,34218.818321039216,26014.27938661834,9925.617574495205,135926.2743607267
2012-04-12,35421.18555582404,26928.35879396528,10278.730399708964,137542.18388853414
2012-04-13,33836.128756245125,25723.346100626524,9814.142796503971,135473.98789484086
2012-04-16,32761.29985044265,24906.2255564268,9498.824629734017,134027.10473213138
2012-04-17,34703.844906554485,26383.01266627615,10069.424245160077,136714.75212167887
2012-04-18,34420.12639816757,26167.32045636153,9986.73047004784,136344.53441831004
2012-04-19,33315.98196660093,25327.91327822724,9663.149787984512,134875.9869430716
2012-04-20,32916.24018603252,25024.016332849176,9546.673757808969,134338.05035636044
2012-04-23,32092.958855637058,24398.130589461998,9305.278593814915,133209.73184185807
2012-04-24,31562.258907612155,23994.674906426466,9149.733553714776,132471.4260794693
2012-04-25,34072.239882619724,25902.84560146175,9887.007024915261,136033.45794528374
2012-04-26,34653.038576520375,26344.388010926687,10057.712633907204,136820.37262502295
2012-04-27,35260.045090986125,26805.85447387291,10235.908526797455,137632.43938695593
2012-04-30,34582.5391834215,26290.79203658722,10037.909731379104,136749.0659136198
2012-05-01,34702.65776065927,26382.11015863544,10073.544709516504,136914.99354133158
2012-05-02,34997.65606163772,26606.377640587405,10160.35422475371,137312.39630153138
2012-05-03,33847.21866488065,25731.777016589494,9823.786755990028,135800.33576127762
2012-05-04,31370.48672909913,23848.88334274319,9097.11248863731,132455.9893822184
2012-05-07,31415.833035028827,23883.35710687317,9111.01419155427,132527.43719901636
2012-05-08,31081.817109168627,23629.427133798537,9013.392866006798,132058.08817271868
2012-05-09,30781.19298943934,23400.882718043962,8925.622391081852,131633.4023527374
2012-05-10,30600.975669767617,23263.875540874284,8873.256610640508,131379.92793947997
2012-05-11,30589.32512809906,23255.018413105354,8870.445564912823,131369.99910229305
2012-05-14,29698.069436684204,22577.456308422024,8608.844616612918,130082.51977297373
2012-05-15,29371.79749315401,22329.413567279473,8513.664357559413,129607.02384673269
2012-05-16,28724.868902657345,21837.59701948174,8323.58784916739,128646.37779239805
2012-05-17,26990.79557285296,20519.297022819406,7811.55117299824,126012.28906586068
2012-05-18,26027.055293617097,19786.629732997637,7526.346965521023,124482.47915195569
2012-05-21,28083.239680617175,21349.80922715727,8135.654779456867,127845.44495727435
2012-05-22,27877.23004473575,21193.193876683297,8075.766607460454,127535.58512517448
2012-05-23,28128.91816104861,21384.535521348702,8150.80274052555,127934.41430690198
2012-05-24,27614.507666136466,20993.46362025312,7999.640195044723,127147.37690544299
2012-05-25,27473.39126892875,20886.182259787864,7958.723607902589,126934.41674375471
2012-05-29,28493.15056264057,21661.437060372522,8260.162196831974,128540.78541840463
2012-05-30,27781.22145534049,21120.204966177644,8051.128473442785,127460.34999103552
2012-05-31,27372.731278544514,20809.657200145466,7931.707902156647,126833.98030679506
2012-06-01,25269.038611414537,19210.360337440787,7309.179084102479,123519.553869145
2012-06-04,25844.88287383689,19648.136223951333,7481.15599190021,124492.02226461848
2012-06-05,26127.925799382843,19863.31483340761,7565.87800516801,124965.70617439595
2012-06-06,27943.96725654919,21243.929716165258,8102.451019915641,127923.6529572994
2012-06-07,27587.53139262012,20972.955363378787,7998.150772740386,127378.58736471886
2012-06-08,28350.086232754846,21552.67481694875,8223.239000975407,128577.33082438879
2012-06-11,26971.396099182235,20504.54890021362,7817.933672349388,126468.76044994638
2012-06-12,27886.686881673555,21200.383277436576,8088.181628548076,127929.80242238122
2012-06-13,27276.421397160757,20736.439237488095,7909.253341463242,126990.28125483444
2012-06-14,27672.43716050039,21037.503541122685,8026.738505398789,127622.87150177469
2012-06-15,28678.622088192926,21802.438658929026,8322.949694726864,129196.594935282
2012-06-18,29381.18398510665,22336.54948944444,8529.539010088347,130269.43165490209
2012-06-19,30333.115597748867,23060.239439690406,8808.80505894948,131695.06243619815
2012-06-20,30416.576982519415,23123.68954954064,8833.848826249428,131823.8214599578
2012-06-21,28126.839603660097,21382.95533315755,8163.196293616574,128491.82416241271
2012-06-22,29057.60685639093,22090.555435805392,8436.677279521144,129930.5806694671
2012-06-25,27320.562502442277,20769.996768155997,7927.584316672641,127321.02247980083
2012-06-26,27838.76069667253,21163.94820376295,8080.447673851107,128143.19981210696
2012-06-27,28344.743145045388,21548.612824650914,8229.461321913876,128934.75491440372
2012-06-28,27395.043548323163,20826.619726855934,7951.391126689088,127486.40849422265
2012-06-29,29932.14599678612,22755.409064569816,8694.802715933838,131463.3304765098
2012-07-02,30247.659675145576,22995.273016098963,8787.482051948622,131934.37429404113
2012-07-03,30961.454963863092,23537.923843235574,8996.307786383173,132983.43202731613
2012-07-05,31016.748476849156,23579.959803729354,9012.76563716273,133068.51837139693
2012-07-06,29784.69675410612,22643.313265163895,8653.30907122042,131303.4545717795
2012-07-09,29715.565882933006,22590.757686532703,8633.471400673156,131207.05963068965
2012-07-10,28871.75374043269,21949.263739579907,8387.334895675222,129964.11396120486
2012-07-11,28386.21475136146,21580.140913762476,8245.773771966213,129236.83984293145
2012-07-12,27539.51455910777,20936.451375703582,7998.438803453012,127948.55177271861
2012-07-13,28816.341726209117,21907.13769051932,8372.270025036465,129945.74775839785
2012-07-16,28551.022938371567,21705.43355776494,8295.160109826033,129550.70935433998
2012-07-17,29031.938764071085,22071.041701617803,8435.989997405395,130287.74214733565
2012-07-18,30175.19965983951,22940.186511800486,8769.999774279313,132011.16707932955
2012-07-19,31202.87282517292,23721.45769978527,9069.820517916229,133519.48998312792
2012-07-20,29874.15949333765,22711.325803505417,8682.687731029357,131623.80063825892
2012-07-23,28913.88463621447,21981.29304238613,8402.845632975434,130213.67915638095
2012-07-24,28163.00362505871,21410.448420369998,8183.982191224367,129087.05874328414
2012-07-25,27563.38038836813,20954.594969802816,8009.213866743159,128172.05329150314
2012-07-26,28712.682417702432,21828.332449870246,8345.087146295395,129967.57031482791
2012-07-27,30777.948000124667,23398.41576965764,8947.167914444834,133097.10319398696
2012-07-30,30605.850000810828,23267.581168824112,8897.213385248291,132853.39356851505
2012-07-31,30618.93284582136,23277.52718104706,8901.188523546563,132877.16830359586
2012-08-01,30360.860417348133,23081.33197075957,8826.262983127217,132508.2225525331
2012-08-02,30028.21949708047,22828.447322491505,8729.55581397751,132028.14292254538
2012-08-03,31756.5867672246,24142.40938355343,9232.934387556299,134569.74665058515
2012-08-06,32399.354059264828,24631.062374397174,9420.031472496925,135482.65866837843
2012-08-07,33230.077881628604,25262.606146754842,9661.87286851681,136646.03908749652
2012-08-08,33114.080711396666,25174.42125485823,9628.22050301343,136491.38728931572
2012-08-09,33317.91751263699,25329.384744450155,9687.557812673907,136775.76944354468
2012-08-10,33440.329831969815,25422.44664523269,9723.19786530584,136947.49824411495
2012-08-13,33650.453484933154,25582.189607793272,9784.314615033249,137238.43689963565
2012-08-14,33616.94121650702,25556.71247104537,9774.582677232087,137196.94750392067
2012-08-15,33900.27963127997,25772.115721201822,9856.982925852068,137586.48399516777
2012-08-16,35112.42283417813,26693.627143394773,10209.452202884191,139230.4604671697
2012-08-17,35576.44978819844,27046.395807454217,10344.3868434046,139847.91679204893
2012-08-20,35730.564786689196,27163.55913526971,10389.200933670263,140053.95527386793
2012-08-21,35262.99433480409,26808.09658673431,10253.248081349331,139447.13512927186
2012-08-22,35690.57155782892,27133.154957679966,10377.575684148713,140014.84199504473
2012-08-23,34866.787173726756,26506.886776198353,10138.047587724059,138941.6927832133
2012-08-24,35473.28761859127,26967.96850826719,10314.39823554144,139751.38153516065
2012-08-27,35645.09167646712,27098.57964508103,10364.353484402893,139981.0839983596
2012-08-28,35649.88677176464,27102.225035391843,10365.748060227854,139991.45442399243
2012-08-29,35699.65688337776,27140.061923166857,10380.219637997034,140060.69392926668
2012-08-30,34534.99017854876,26254.643707743413,10041.574947851434,138541.67311642924
2012-08-31,35230.45985743343,26783.36279914184,10243.79357407482,139475.7135412795
2012-09-04,35221.85373464287,26776.820139468182,10241.291278849058,139468.4709296806
2012-09-05,35027.60780638692,26629.147949272876,10184.811335968645,139216.1988755876
2012-09-06,37410.50050750728,28440.701927954975,10877.673782566686,142377.21793454606
2012-09-07,37227.42349703101,28301.520719091663,10824.441350398609,142149.1656514355
2012-09-10,35773.59133180541,27196.269340373612,10401.717467259812,140302.9214616892
2012-09-11,35639.80111267252,27094.55758320344,10362.815921107356,140132.15299518564
2012-09-12,35899.880808767484,27292.27878483948,10438.438061432442,140477.155691441
2012-09-13,37429.69535666323,28455.294488225245,10883.254981528908,142476.70060346473
2012-09-14,38376.11377666608,29174.793126769946,11158.44057646032,143681.75529184996
2012-09-17,38424.246888541784,29211.385513109362,11172.436013096,143746.0643099389
2012-09-18,38461.52293637218,29239.723999657646,11183.274592715416,143796.78797957176
2012-09-19,38729.40787018959,29443.379001604546,11261.166224284176,144134.87834543127
2012-09-20,38634.22019572768,29371.014177828845,11233.48895567704,144021.04685808538
2012-09-21,38631.128507956695,29368.66377435506,11232.59000028843,144021.45335604378
2012-09-24,37915.26158525249,28824.438022426744,11024.440770688567,143136.08919257246
2012-09-25,36336.80264883993,27624.441243259946,10565.479752727058,141154.00089431446
2012-09-26,35446.06759353668,26947.274943397788,10306.484945649525,140004.78096356854
2012-09-27,36973.47367082137,28108.459647630316,10750.6015659174,142019.89218492474
2012-09-28,36091.87315411183,27438.23772664224,10494.262765299629,140895.30087761514
2012-10-01,35901.279432766896,27293.34206514145,10438.844732972257,140651.51847784175
2012-10-02,36093.717649931736,27439.639973474274,10494.799080600334,140907.04873473692
2012-10-03,36849.272587650004,28014.037869314445,10714.488206076821,141894.4887876786
2012-10-04,37231.348352240886,28304.504524056047,10825.582563877218,142389.1656176778
2012-10-05,36572.7878127457,27803.844983253137,10634.096039506217,141553.89866783866
2012-10-08,35689.89584614404,27132.641259270218,10350.038203034706,140297.75372347122
2012-10-09,34210.41469535283,26007.89067195218,9848.483377759077,138035.72625096198
2012-10-10,33793.687537923164,25691.080880343994,9704.125295420947,137365.43302733052
2012-10-11,33504.92277211938,25471.552338354206,9604.396291996885,136898.99081816056
2012-10-12,33522.254906013084,25484.72880076875,9614.070868565814,136949.06785132855
2012-10-15,34092.665251598206,25918.37364366928,9823.095259578848,137945.67299460957
2012-10-16,35263.64351435087,26808.590114533657,10237.112447402023,139887.8287154181
2012-10-17,35162.106077889766,26731.39799131308,10206.415935939109,139752.20875306395
2012-10-18,34146.959139073486,25959.64965573131,9859.28281108077,138172.0218456408
2012-10-19,32164.44704008283,24452.47827574288,9149.340770488838,134859.69795189617
2012-10-22,32612.751607465045,24793.29426058381,9315.601175437632,135680.63049937744
2012-10-23,31772.314767988322,24154.366330816247,9019.422575271266,134246.76906823544
2012-10-24,31454.503279727534,23912.755508071677,8912.991361496654,133722.752672475
2012-10-25,31504.629689744663,23950.863265697895,8934.069531706207,133832.18072314956
2012-10-26,31691.361671314004,24092.82310467851,9016.298131994206,134246.79348499636
2012-10-31,31187.36062984544,23709.664814964908,8834.404237870342,133348.0639916451
2012-11-01,32263.243698572696,24527.586768745372,9230.599571726369,135345.4821674526
2012-11-02,31339.790549898233,23825.54709032376,8908.535291930548,133775.43582495215
2012-11-05,31790.221653315795,24167.979738312737,9075.687227966675,134616.1342422918
2012-11-06,31993.807477265178,24322.752426652994,9158.435832168536,135029.30222783986
2012-11-07,30095.455745884075,22879.562546426914,8457.713020779027,131589.6058752627
2012-11-08,29064.29933330971,22095.643278486572,8067.931119930689,129572.078874998
2012-11-09,29334.2882004181,22300.8977602264,8176.25988687322,130155.89441026891
2012-11-12,29232.830001916824,22223.765876328107,8163.482033427244,130092.00001566287
2012-11-13,28709.93682247661,21826.245157415637,7965.056965638795,129041.88238215414
2012-11-14,27974.324752986304,21267.008490726785,7685.1835580470315,127534.34742493238
2012-11-15,27791.92797028403,21128.344413553787,7616.653061729479,127159.0927531674
2012-11-16,28003.72201683279,21289.35726465959,7705.2167077793565,127655.76397521283
2012-11-19,29456.303853768448,22393.658102387166,8267.604974506929,130765.3761600429
2012-11-20,29394.718081232357,22346.838557715466,8256.269994764783,130709.54231181137
2012-11-21,29530.776519540093,22450.274690250422,8311.674799590251,131005.84834865518
2012-11-23,30519.371747669047,23201.83753568661,8686.531889610578,132979.2395008084
2012-11-26,30837.087814875973,23443.37581618465,8805.629149805372,133590.97256540347
2012-11-27,30526.961935461422,23207.607847915842,8703.350739095138,133077.7589139741
2012-11-28,31164.435905366783,23692.236679900332,8938.943165402641,134282.52264970966
2012-11-29,31522.213866753074,23964.231339638638,9087.285477002624,135029.36358521166
2012-11-30,31451.920731184582,23910.79216910726,9065.24422774882,134924.24660801882
2012-12-03,31215.268234471667,23730.881100604773,9003.736835622673,134623.1456723166
2012-12-04,31095.745552511893,23640.01599788941,8963.634049804059,134427.31672371546
2012-12-05,30261.00987723468,23005.422282030802,8661.082928186881,132918.90345296552
2012-12-06,30746.58431178522,23374.572054675944,8842.26166388144,133849.72547575974
2012-12-07,30308.36257692555,23041.421373171583,8684.71152004461,133058.77280321103
2012-12-10,30490.445700573182,23179.846996339445,8753.91464532675,133416.18926432167
2012-12-11,31421.678761003808,23887.801221433274,9095.963346732291,135157.88773421015
2012-12-12,31191.711823939084,23712.9727368737,9019.487275995383,134783.1573541821
2012-12-13,30603.97650886089,23266.156878173355,8811.314199882005,133750.25617071215
2012-12-14,29888.72620518603,22722.399900460267,8552.987411658483,132447.19235266835
2012-12-17,30842.223723001243,23447.280303698535,8905.967482915354,134273.1922741319
2012-12-18,31995.31794532558,24323.900734515613,9318.262698150398,136349.25025302084
2012-12-19,31568.677015651883,23999.554164795696,9169.29474439357,135626.75436180033
2012-12-20,31629.44902301916,24045.755058225317,9195.293204825983,135759.01134042855
2012-12-21,30763.23454047448,23387.230110161945,8899.347098958531,134306.64145861514
2012-12-24,30562.124195623066,23234.33936304672,8832.8548388321,133976.17955490338
2012-12-26,29982.73086581648,22793.86535792702,8624.63226096447,132927.43345209703
2012-12-27,29858.393510589787,22699.33998107987,8582.87201730326,132716.8810738822
2012-12-28,29151.705922029905,22162.09266308733,8322.776675464365,131380.2486973397
2012-12-31,30574.311115807464,23243.60426353408,8845.38780691384,134134.1083865149
2013-01-02,33009.207216171635,25094.6929492388,9698.286188758086,138449.26710774002
2013-01-03,32569.254805825487,24760.226550890846,9547.586813857908,137736.24085798697
2013-01-04,32315.157484394298,24567.053348675443,9465.969422441332,137347.82503715548
2013-01-07,32299.351908557037,24555.0374262716,9462.99343195273,137337.4829160367
2013-01-08,32126.008783781792,24423.256239810224,9405.51669447292,137063.47856689256
2013-01-09,32383.428309076393,24618.955091470074,9498.036533262171,137516.9418959557
2013-01-10,32873.16434093612,24991.268648266963,9670.553686855164,138353.59251702664
2013-01-11,32988.83737386511,25079.207120246934,9713.523543094789,138562.59235476598
2013-01-14,32597.793960722785,24781.92296197059,9580.179977312402,137932.63468611237
2013-01-15,32207.065675507158,24484.87837438458,9446.383858967885,137294.5841824593
2013-01-16,32549.963126111463,24745.560376822257,9568.509662650165,137890.2964447153
2013-01-17,32916.518096929,25024.227609920083,9698.714079394986,138519.8156732087
2013-01-18,32782.85567756392,24922.613010367517,9657.13717257554,138325.96387273725
2013-01-22,32864.21377494511,24984.464131460627,9688.126880466692,138478.00657915187
2013-01-23,33348.901908962296,25352.940109076408,9857.086152487109,139287.1022127763
2013-01-24,32150.86923215446,24442.15597631122,9443.246718520477,137341.9364661663
2013-01-25,32538.47958899613,24736.83021144769,9580.389444091717,138010.85250688362
2013-01-28,32698.045787635176,24858.13772221888,9640.086919043484,138301.58193437598
2013-01-29,32724.744050472742,24878.43462616447,9652.051280952097,138362.87706888022
2013-01-30,32568.43283701905,24759.601662971654,9600.486639201059,138120.5640755659
2013-01-31,32343.17303037345,24588.351694907997,9524.815551049833,137761.74925321058
2013-02-01,33322.92134520112,25333.18882374668,9863.893923501066,139400.59766242543
2013-02-04,31826.589241732505,24195.627583916685,9346.819099845543,136968.90860756472
2013-02-05,32995.06917808959,25083.944744283435,9752.543920100834,138954.8245614335
2013-02-06,32715.089435637325,24871.09486810088,9660.61524341445,138522.35837463735
2013-02-07,32712.031478535057,24868.77010779898,9662.024630746337,138533.21740699423
2013-02-08,33602.92482174306,25546.056743370547,9968.546799020116,140002.30260558275
2013-02-11,33565.49368739179,25517.60035491095,9958.454338338574,139959.22180768484
2013-02-12,33177.48164901448,25222.620748163026,9828.856055312237,139356.24903679226
2013-02-13,33517.67615960126,25481.247886048648,9947.687982799544,139922.00722698178
2013-02-14,33433.86632731625,25417.532874853558,9922.333278896122,139807.29366268188
2013-02-15,33213.36236466849,25249.898456962266,9849.54909562075,139469.60759095004
2013-02-19,33776.735210329665,25678.193159262166,10043.788960975855,140390.57058662537
2013-02-20,32409.746244096914,24638.96285760857,9579.43419833624,138231.18854725017
2013-02-21,31543.57794946289,23980.473023125127,9280.551718528728,136797.6783309728
2013-02-22,32299.560650629235,24555.196118910695,9544.991322992948,138101.05189598436
2013-02-25,31204.243948206295,23722.500072941726,9164.977538984087,136272.42759498354
2013-02-26,31545.660726712056,23982.056419394146,9287.47917452904,136883.6350285528
2013-02-27,32376.392423236608,24613.606177949714,9577.335131873291,138311.7242371845
2013-02-28,32286.9439734599,24545.60450292517,9549.074904496043,138179.8000045535
2013-03-01,32555.5609183897,24749.816003971868,9644.8349623709,138645.77428675708
2013-03-04,32910.142769568665,25019.38087484067,9768.717086108587,139243.47125797338
2013-03-05,34151.676259372034,25963.235766864513,10190.375656709519,141251.02155360472
2013-03-06,33927.04987996345,25792.467351172425,10117.139685915829,140916.8081588254
2013-03-07,34140.55502845295,25954.781038663863,10192.286205523726,141269.85816259866
2013-03-08,34280.60237513302,26061.249671499438,10242.574577491036,141506.36537540308
2013-03-11,34526.07561660467,26247.866562406398,10327.325091568684,141900.82989168362
2013-03-12,34151.40006671608,25963.025796056965,10205.395894128726,141346.5665522094
2013-03-13,34074.192220720506,25904.3298335686,10181.936931396462,141242.4322858938
2013-03-14,34348.33753609513,26112.744184987136,10275.846286549793,141680.83112784612
2013-03-15,34071.590361855364,25902.351814257494,10189.02773164998,141285.99940542187
2013-03-18,33832.122905385106,25720.300720085434,10111.220445196392,140930.5291138353
2013-03-19,33661.78001402127,25590.80041046374,10056.40507232354,140680.01335746003
2013-03-20,34258.25078844649,26044.25725477299,10257.990364964033,141624.16169852935
2013-03-21,33235.88454308992,25267.02056317744,9917.165106639026,140059.8354076294
2013-03-22,34059.52507737746,25893.17938526411,10195.334400462129,141373.4924274073
2013-03-25,33681.59583056633,25605.865050716384,10071.10336514019,140803.446476058
2013-03-26,34227.57977506982,26020.940134246917,10255.605349209935,141667.43658434288
2013-03-27,34334.92216216011,26102.54537325882,10293.580332791318,141846.47322530707
2013-03-28,34607.62568980005,26309.863629873777,10389.124248534976,142289.52527068608
2013-04-01,33881.65363056857,25757.955618365544,10149.879216426214,141201.52614733067
2013-04-02,34647.177533472364,26339.932251820162,10406.069970683044,142393.7402637794
2013-04-03,33788.813658991494,25687.375596104313,10122.767593738507,141105.7681071034
2013-04-04,33777.228754151125,25678.568367626773,10121.281748505542,141103.06373060777
2013-04-05,33016.44381850858,25100.194454090222,9869.3843461573,139936.67712555866
2013-04-08,33467.17592375159,25442.855933639352,10022.815673124884,140666.00264408306
2013-04-09,34056.02076921609,25890.515294099074,10222.72434479085,141605.4005091206
2013-04-10,35868.226172484385,27268.213881591648,10818.919766406507,144362.45228190153
2013-04-11,35855.01024241739,27258.166693699557,10817.138559408071,144358.82626081916
2013-04-12,35751.6219914283,27179.567519955726,10787.54701955432,144231.4858715546
2013-04-15,33719.74155404341,25634.864693504365,10118.797357265923,141255.34318594617
2013-04-16,35058.82021824355,26652.876658860398,10562.871267986953,143325.92626560087
2013-04-17,33148.714942358405,25200.75134469728,9932.68684971202,140479.90108417434
2013-04-18,31869.723494151865,24228.419671680873,9503.743908608185,138461.87451988214
2013-04-19,33042.31120260633,25119.859696490083,9904.007405826325,140409.83405686327
2013-04-22,33988.47798627651,25839.167032757756,10220.244444791628,141908.45142935577
2013-04-23,34818.781345350755,26470.39115499241,10496.111302753901,143189.48188433234
2013-04-24,34768.89164431047,26432.463351372757,10482.041939410654,143129.7647068566
2013-04-25,35254.46921863578,26801.6155109787,10643.1818039625,143867.46656853225
2013-04-26,34968.22496904188,26584.003148918553,10552.091374368547,143461.31501821932
2013-04-29,35853.365104262404,27256.9160051693,10846.11446343148,144798.0516493771
2013-04-30,36568.08046083707,27800.266298373554,11078.471175974251,145836.36579270556
2013-05-01,36059.268951524195,27413.450931629755,10916.129633176583,145128.20021801864
2013-05-02,37395.92550108762,28429.62152519221,11346.67040543697,147040.35620549193
2013-05-03,38620.168372035965,29360.33151590935,11737.637543987143,148733.41136690372
2013-05-06,39021.34314279453,29665.317867906175,11866.258601505659,149280.95424750546
2013-05-07,38919.91414262209,29588.20818154483,11836.20884121988,149159.2276145393
2013-05-08,39490.49977184153,30021.986280871468,12020.741626640112,149938.6662433165
2013-05-09,39211.61141605422,29809.966112990187,11934.063210021586,149582.5805664702
2013-05-10,39970.83347499315,30387.1518758772,12174.49291050994,150591.39636154243
2013-05-13,40007.83238748179,30415.279674956946,12187.424643274237,150649.03823000597
2013-05-14,40548.71780366498,30826.47868833975,12358.403479802611,151357.85353454525
2013-05-15,40803.94102756237,31020.507838912083,12439.524629831858,151693.37145602528
2013-05-16,40668.356742769596,30917.43217358832,12398.57558504209,151531.27502707212
2013-05-17,41840.17640445233,31808.28830379561,12765.718578001428,153031.3244641836
2013-05-20,41511.995853139815,31558.79457578312,12664.50838313632,152631.2919526421
2013-05-21,41724.65044613599,31720.461642808885,12733.241947860393,152911.79621077605
2013-05-22,40615.029415778336,30876.890972829227,12388.222221058679,151535.08679094387
2013-05-23,40299.55295509645,30637.055315411613,12292.87202816253,151150.65585352058
2013-05-24,40278.57597195577,30621.107917842528,12287.39133728499,151132.53128347924
2013-05-28,41101.37964028375,31246.63052670065,12545.033942545118,152193.18737865987
2013-05-29,40411.520429555145,30722.176699074116,12330.93175057929,151331.74462451975
2013-05-30,41081.95897467858,31231.86629328419,12540.862759380587,152194.88335781143
2013-05-31,39873.317604078715,30313.017080023128,12165.055245192103,150678.99551006366
2013-06-03,40222.99538789239,30578.853716404858,12275.418724322863,151138.90277526327
2013-06-04,39544.78653339193,30063.256875569314,12064.70070776653,150278.35172686155
2013-06-05,38113.69790021197,28975.29588342519,11619.675826347204,148434.83704566487
2013-06-06,38607.279000962044,29350.532588982976,11775.713108461983,149103.44870557747
2013-06-07,40160.720584785646,30531.510347865173,12261.348291452798,151157.3451953393
2013-06-10,40137.917771396314,30514.17489364973,12256.51262951543,151141.7327199326
2013-06-11,38925.636880963335,29592.558796831105,11879.496579079301,149596.26099195023
2013-06-12,37625.25942965354,28603.96877571887,11473.567719361068,147896.5472712583
2013-06-13,39002.20171189103,29650.76591796122,11905.83199269623,149758.0380659669
2013-06-14,38262.392313071476,29088.33830245513,11676.153041052901,148799.24846449323
2013-06-17,39304.16420099004,29880.32780645199,12002.026622714528,150187.73648726914
2013-06-18,40269.4384915351,30614.16130249412,12302.763273839731,151446.39380513426
2013-06-19,38815.9699888566,29509.18639209284,11851.85551681048,149600.44351763622
2013-06-20,36161.30286803369,27491.02049543192,11020.689751171663,146107.51920535872
2013-06-21,35705.91681432086,27144.820930066708,10878.816444166589,145484.67082719746
2013-06-24,34636.59875913668,26331.889917086253,10541.416186511113,143984.72856929593
2013-06-25,35264.7202203313,26809.40866209216,10744.467984305718,144913.2770665981
2013-06-26,36236.20853979845,27547.96626879701,11051.875423844765,146299.3864720118
2013-06-27,36702.83611935187,27902.71201454769,11200.560541902756,146959.58231468787
2013-06-28,36800.5295786937,27976.981819007913,11232.318261197071,147102.61771145876
2013-07-01,37455.4158434742,28474.848054440834,11437.739265669543,148003.5188957129
2013-07-02,37536.5800468681,28536.551770900936,11464.312208345133,148122.3061549294
2013-07-03,37971.895005482496,28867.49262479963,11602.455932317465,148721.43203947812
2013-07-05,38801.78247966552,29498.400577561355,11860.394759289917,149827.71737096267
2013-07-08,38911.69091222066,29581.956609350946,11895.18052896423,149978.41703786148
2013-07-09,39617.41432872778,30118.470931805114,12113.871083230599,150901.7505191733
2013-07-10,40259.38883652203,30606.521221799445,12312.691200987438,151731.56546141036
2013-07-11,42610.37801954788,32393.821089035035,13036.357586317092,154708.46523430615
2013-07-12,43424.75224778925,33012.93535826469,13286.862850147572,155703.77790016794
2013-07-15,43456.149153602724,33036.80432627066,13296.786848145812,155746.92999967176
2013-07-16,43354.12993655485,32959.24593748622,13265.78520945928,155630.27608181527
2013-07-17,43681.5760413852,33208.181314950125,13366.609935115159,156028.94287589382
2013-07-18,43364.27457267773,32966.95822596738,13269.476707256634,155655.39231634128
2013-07-19,41977.15075320265,31912.42074179391,12843.902923344978,153995.7369852709
2013-07-22,42400.032575795296,32233.90951376835,12974.075489485078,154520.32312687446
2013-07-23,41409.6696153109,31481.002779629056,12670.321342401383,153318.77985995493
2013-07-24,41806.51212459571,31782.69560292197,12792.5369587892,153816.0612488682
2013-07-25,42648.7334416985,32422.980151702155,13051.193437723054,154857.0806660498
2013-07-26,43254.78692684018,32883.72209018153,13237.22105424568,155597.2051169377
2013-07-29,42947.09694222474,32649.805969842317,13143.06836708377,155232.6823979121
2013-07-30,43632.583964370206,33170.935914853566,13353.344583239428,156064.91295705145
2013-07-31,43837.23274359873,33326.51669701365,13416.270352997053,156314.45471966043
2013-08-01,45372.03402352244,34493.323479301805,13886.428792818597,158144.77351669967
2013-08-02,46120.671924635084,35062.46281474699,14115.721448413185,159019.61596414685
2013-08-05,46105.43119720684,35050.876308817584,14111.101235562375,159006.70465465708
2013-08-06,45181.42609166784,34348.41701450075,13828.228971719356,157948.6555010677
2013-08-07,45028.303125316816,34232.007862384766,13781.421344625905,157774.84865661475
2013-08-08,45522.95725873558,34608.060322927784,13932.91034960257,158357.35302677617
2013-08-09,45018.06037389184,34224.220983400315,13778.372970001901,157776.29735067184
2013-08-12,45336.04145217326,34465.96073409722,13875.754857381542,158152.4079093919
2013-08-13,45993.57760896463,34965.84150523001,14077.068461512305,158921.66277310962
2013-08-14,45483.01615283478,34577.695770938706,13920.798679915019,158338.03423849292
2013-08-15,43162.498138495896,32813.56109567505,13210.40885415961,155649.08001496675
2013-08-16,43064.202308736465,32738.833349266315,13180.356787042087,155535.39663840146
2013-08-19,42889.18192638725,32605.77705602823,13126.812608161372,155329.1208043508
2013-08-20,43408.548978265266,33000.617095944275,13285.851772100292,155960.75769536168
2013-08-21,42955.93134855847,32656.522178228715,13147.320267561363,155423.0432428284
2013-08-22,44228.52194652636,33623.987712828006,13536.896143529037,156962.52456923
2013-08-23,45188.19802779929,34353.56526470797,13830.656394186424,158102.3047839549
2013-08-26,45118.189005498265,34300.34208649544,13809.236106411912,158025.0968891905
2013-08-27,42383.152316566084,32221.076581444755,12972.068498123921,154836.14965247657
2013-08-28,42905.72156588521,32618.351037947094,13132.04493126423,155476.9703704553
2013-08-29,43792.92510446751,33292.832561795796,13403.616860436572,156553.06921698438
2013-08-30,42962.086614856875,32661.201615598045,13149.319230671734,155567.38061820995
2013-09-03,43714.15617784357,33232.949814093794,13379.51943468165,156479.54245635652
2013-09-04,45104.00629439523,34289.55991962946,13804.91928534577,158142.324480381
2013-09-05,45337.29398081307,34466.91294786656,13876.323405079645,158419.39499568776
2013-09-06,45486.21547517662,34580.12800177928,13921.904770137735,158597.27675607443
2013-09-09,47077.40563404993,35789.80347805712,14408.919535993125,160451.04823058026
2013-09-10,47751.37519696123,36302.1774689752,14615.20080121684,161221.2106082114
2013-09-11,47516.460484794516,36123.58752185904,14543.300806813675,160961.33249531867
2013-09-12,47323.55844947825,35976.93700360081,14484.259567770552,160748.00742916804
2013-09-13,47444.130844396284,36068.60013288494,14521.16302424351,160889.01354051544
2013-09-16,47014.07585580297,35741.65808246361,14389.536662816192,160407.38046906938
2013-09-17,47998.98178568395,36490.416201142056,14690.985539745161,161531.99137602857
2013-09-18,49825.18666334603,37878.75765288345,15249.929678065955,163585.08841579783
2013-09-19,50116.0045500597,38099.84704541059,15338.93992814078,163907.923303338
2013-09-20,49517.26120354341,37644.66251650542,15155.683335629661,163259.7538844294
2013-09-23,49268.3589773664,37455.43879782023,15079.502156995017,162990.76467484952
2013-09-24,49236.524935180314,37431.237504261095,15069.758753363938,162960.20904222576
2013-09-25,48771.96106411805,37078.060658077826,14927.570297301134,162452.22837267115
2013-09-26,49933.75232031355,37961.292862184,15283.15822670282,163746.68101795486
2013-09-27,49759.90110417285,37829.125407833104,15229.947812489627,163561.21567734875
2013-09-30,49200.115229566465,37403.55763976849,15058.614882414548,162952.44037848717
2013-10-01,50797.84473495805,38618.20454392372,15547.629861255577,164720.94282812695
2013-10-02,50807.01542949324,38625.17640974239,15550.436723730701,164735.49630513284
2013-10-03,48958.98732566348,37220.24421844602,14984.813180419816,162742.80307975574
2013-10-04,50271.8078135953,38218.293848246845,15386.626429134092,164202.02136388142
2013-10-07,49020.92586008697,37267.33194439183,15003.770626594742,162844.73562248066
2013-10-08,46193.0850212421,35117.513649895984,14138.257081713064,159718.01474376683
2013-10-09,45694.64293777237,34738.58146422617,13985.699565513418,159148.040727781
2013-10-10,48097.81121006874,36565.54960386343,14897.41311894528,162610.75771875787
2013-10-11,48945.20244456257,37209.7644951281,15217.219690112905,163778.94143073136
2013-10-14,49803.93078384474,37862.59822906094,15530.273623071216,164906.66160826155
2013-10-15,49342.83508206358,37512.05800006861,15367.516971660596,164335.23603100324
2013-10-16,50808.612711136695,38626.39071616706,15893.18158558823,166213.62833654994
2013-10-17,51600.98106818608,39228.775393043084,16177.889682138642,167210.82009748442
2013-10-18,53796.824216229244,40898.12810436287,16950.972993049247,169878.99960793462
2013-10-21,54106.577833834715,41133.61306687106,17061.43738660514,170252.80266633668
2013-10-22,54340.468155167895,41311.42423813663,17148.775414922493,170548.10926781222
2013-10-23,53373.46572558451,40576.276953542816,16829.508490067048,169494.52258245615
2013-10-24,54073.82248711867,41108.71136708464,17075.68885289187,170325.74765083642
2013-10-25,55004.39293645177,41816.16185326925,17402.26668132448,171416.39070510064
2013-10-28,54943.81176655347,41770.10604080615,17384.293970986855,171362.20849590853
2013-10-29,55342.69638232942,42073.35134111039,17523.905208697255,171825.76652946568
2013-10-30,55048.27154757286,41849.51982717974,17424.939681433705,171507.1480242088
2013-10-31,54694.44326291591,41580.527842547286,17306.58671567565,171123.67888104165
2013-11-01,54766.00489375206,41634.93136520747,17337.577801756204,171230.59927328004
2013-11-04,54971.598979316856,41791.2308005632,17414.157853805937,171487.48675156038
2013-11-05,55145.38533030676,41923.34894227742,17476.76376309831,171697.7787518329
2013-11-06,54982.90756764999,41799.82796407734,17423.32377642353,171527.56653480843
2013-11-07,52094.438802254896,39603.918311162524,16435.41865079756,168290.4741171612
2013-11-08,54023.93101709927,41070.78221862846,17109.626413724294,170596.3546422408
2013-11-11,53845.14905324203,40934.86624650352,17050.566992995147,170404.82645964154
2013-11-12,53936.90215431273,41004.61999379684,17084.580262788586,170522.89297758273
2013-11-13,55723.25751113737,42362.66651954861,17698.612623240486,172570.5582787358
2013-11-14,56145.25918202009,42683.486171032986,17847.753393415314,173060.10775461854
2013-11-15,56480.80630390621,42938.58021005636,17964.182585077993,173441.255047197
2013-11-18,54921.731813513834,41753.32012897753,17433.158624453048,171737.11253737708
2013-11-19,54399.32955524183,41356.17262460178,17267.193163685002,171196.92074544312
2013-11-20,53902.55123089581,40978.505283739585,17098.91637471232,170645.56778525034
2013-11-21,55486.01955573306,42182.31036595219,17640.594000706536,172452.2943328371
2013-11-22,56352.74811697485,42841.22613367298,17940.233435670016,173433.5203362575
2013-11-25,56599.757876823074,43029.01113675597,18026.043113921645,173714.87668569142
2013-11-26,57446.655265169684,43672.85058981799,18314.081427619905,174644.9889638764
2013-11-27,58611.098228964984,44558.09870989489,18708.013205250812,175902.05480884266
2013-11-29,59441.93959402194,45189.7318421022,18988.204157214375,176785.1291899785
2013-12-02,59110.27292437738,44937.58785143557,18879.015415012513,176451.25149237146
2013-12-03,59016.138926019106,44866.024067143066,18849.323165105572,176363.71750037864
2013-12-04,59188.299784294955,44996.906455442084,18908.721728431727,176553.94072396905
2013-12-05,58918.8395645944,44792.05386897623,18822.48073112814,176290.49945656912
2013-12-06,60203.3337502004,45768.56890527414,19252.998826641,177639.53734640704
2013-12-09,60785.71096252455,46211.3113567423,19449.05193529428,178247.509524143
2013-12-10,60682.163279265995,46132.59097730509,19416.10764553603,178151.88849471288
2013-12-11,58431.957565831646,44421.91004269624,18666.492382706932,175864.21738644227
2013-12-12,58006.685779866544,44098.60434138451,18525.805702829857,175427.35115061738
2013-12-13,57811.08432897505,43949.90163797201,18463.08170733385,175234.30857645895
2013-12-16,58729.39585481753,44648.03248437036,18773.569319580944,176221.53177003056
2013-12-17,58403.440762974904,44400.230624378266,18668.48591990903,175897.70191078223
2013-12-18,60346.95832934858,45877.75706874877,19318.96538779389,177945.63442775622
2013-12-19,59794.187133542466,45457.522091910476,19137.061948421604,177392.1480372243
2013-12-20,61401.596631051536,46679.5280467799,19671.10952294656,179047.27470688315
2013-12-23,63327.750044064625,48143.85368647631,20309.41768246956,180988.95528940024
2013-12-24,63498.997780246165,48274.04188910672,20367.190889552956,181165.67139085077
2013-12-26,64104.15517500618,48734.10258998971,20568.3847412418,181767.3138133724
2013-12-27,63547.740463750204,48311.09769199363,20386.333976852045,181236.1608968342
2013-12-30,63334.78109021117,48149.19892070154,20318.646326233807,181040.68425424153
2013-12-31,64458.33336007873,49003.36058051061,20692.64339996581,182156.5657950499
2014-01-02,62934.35997618189,47844.78552351962,20201.071386159383,180719.17158847756
2014-01-03,61646.96494591172,46866.06516900052,19778.40042141794,179463.7601450865
2014-01-06,61044.04094952544,46407.70237155565,19580.82051932804,178871.12629928655
2014-01-07,62604.29395088699,47593.858395718344,20095.078674184977,180441.99025947793
2014-01-08,63100.013812336416,47970.72105801875,20259.03657729879,180937.72718900873
2014-01-09,62320.92861410933,47378.43467856196,20003.943456336758,180183.29915394826
2014-01-10,62959.2635909362,47863.71807653407,20214.869049734985,180821.57669791733
2014-01-13,60259.885853202315,45811.56168759614,19325.31506535413,178174.22840052974
2014-01-14,63666.88983124074,48401.67898868125,20444.9000422698,181619.91198122894
2014-01-15,65189.80421909716,49559.44896179686,20944.67770153062,183104.83869019744
2014-01-16,65263.21490782687,49615.258199528624,20969.674986148173,183182.74537533522
2014-01-17,64193.776848053036,48802.235955083255,20620.33423199411,182170.57556517102
2014-01-21,65583.32311487247,49858.61506398568,21075.7100220715,183516.6192817629
2014-01-22,66115.99260240098,50263.56805620438,21250.58899413656,184029.2785595958
2014-01-23,65361.73709053334,49690.15802694695,21005.018954431118,183325.4904603739
2014-01-24,61517.28529243439,46767.47840002827,19744.39188512634,179663.1005642156
2014-01-27,59867.34937844123,45513.142454410794,19201.254195860864,178020.6494153626
2014-01-28,59698.79058311632,45384.998473706524,19146.85991907279,177857.46894159963
2014-01-29,57821.07212571084,43957.494691954875,18525.6566185016,175938.90867948902
2014-01-30,60957.3702906401,46341.81246519732,19560.591654502347,179220.0458694673
2014-01-31,60423.98362108231,45936.3142474391,19386.102732112155,178692.09376996747
2014-02-03,56373.11715306548,42856.71134975279,18041.372944346782,174565.33553323935
2014-02-04,57763.146773132554,43913.457919807974,18508.389184277254,176076.41873394905
2014-02-05,57015.10592555234,43344.77248423904,18263.366731310285,175304.29328367705
2014-02-06,59058.168287202134,44897.97617998337,18940.324650962833,177475.10813261798
2014-02-07,62234.917469952474,47313.04615715051,19984.864861065565,180742.54020212105
2014-02-10,63266.59550474104,48097.36197957988,20324.64755239033,181771.8652004818
2014-02-11,65326.75552838367,49663.56388443146,20998.64461646888,183786.1700466432
2014-02-12,65623.37795928204,49889.06608375736,21096.507093413682,184076.75774488004
2014-02-13,67344.41158853908,51197.45286804708,21658.083224270966,185715.18358526978
2014-02-14,67576.86346654348,51374.17048703724,21734.531000687984,185938.82761381994
2014-02-18,68424.34979233536,52018.45766985715,22011.014586168614,186732.4066499281
2014-02-19,66956.04652926448,50902.20488311716,21533.745178187088,185387.9164220761
2014-02-20,67986.00999309702,51685.21723190054,21870.927270862216,186360.66215379507
2014-02-21,67468.7323499739,51291.96562974388,21703.96315165497,185891.58427496272
2014-02-24,68734.77766333203,52254.45522213192,22116.328567170793,187074.00848889264
2014-02-25,68359.78146586572,51969.37068887056,21996.003094548367,186739.91705472663
2014-02-26,68216.7980800967,51860.66998184607,21950.196924802196,186615.45238175086
2014-02-27,69493.50972418538,52831.268472240205,22365.472379149283,187797.46979714007
2014-02-28,69284.22806664513,52672.165622496286,22298.115840937084,187614.1360248445
2014-03-03,67736.25549530273,51495.3455880954,21795.96688671599,186211.02850624346
2014-03-04,70567.7780562536,53647.96284971486,22714.74125684458,188832.70239476967
2014-03-05,70974.10166362087,53956.863517886995,22847.455659768886,189205.73418734083
2014-03-06,70616.44620241283,53684.96198684275,22732.05412206729,188892.45819391028
2014-03-07,69623.08012134086,52929.7721809368,22410.489011103593,188007.04628628388
2014-03-10,69785.3642214167,53053.14593042667,22463.589411432862,188160.78429997456
2014-03-11,68950.84976228823,52418.72039041341,22193.48221625839,187411.8735044315
2014-03-12,69814.09601747816,53074.98879370177,22473.85274746864,188206.296340113
2014-03-13,66698.40138229045,50706.334506381565,21462.90460795346,185389.50220327507
2014-03-14,65414.427605503835,49730.21510210974,21046.13848095026,184194.71357986005
2014-03-17,67268.195861102,51139.51114695663,21648.742377727554,185957.84049190994
2014-03-18,69678.76945433483,52972.10905691447,22430.667797876707,188201.88523414682
2014-03-19,68339.25793309178,51953.768019293486,21996.859014870144,186993.86406768596
2014-03-20,68957.33309532047,52423.64923498295,22197.817094329406,187568.52691932046
2014-03-21,66681.10443397456,50693.18479320902,21460.216523065807,185496.2205578591
2014-03-24,64742.74694497221,49219.58121061401,20831.135437356505,183688.86302881152
2014-03-25,65395.79058106459,49716.04661867035,21044.06441968122,184319.85874595618
2014-03-26,62889.46540029629,47810.65517953537,20229.11202799277,181945.67964367018
2014-03-27,61859.493428045535,47027.63636237057,19894.166218193488,180946.56236917968
2014-03-28,62285.91361797371,47351.815118422644,20033.953459241577,181375.42227855462
2014-03-31,63536.03920632771,48302.20200842832,20441.791623839348,182611.2586795201
2014-04-01,66826.18629900049,50803.48083368906,21510.189245986017,185797.81814202832
2014-04-02,67235.72473972011,51114.825524685875,21643.789232834188,186187.71691797953
2014-04-03,65682.09079278179,49933.70152499072,21140.314453029197,184749.2718583794
2014-04-04,60424.16233511464,45936.450111767444,19427.924372431058,179766.17506540084
2014-04-07,58827.89783542437,44722.91695348327,18906.813488621607,178163.96389495517
2014-04-08,60332.40072132452,45866.68989282279,19399.428252067424,179716.33051522108
2014-04-09,63469.707313915336,48251.77430618363,20422.429636624816,182880.42270493865
2014-04-10,57604.371606058485,43792.75177744007,18504.731541982077,177161.32268286735
2014-04-11,55621.881802811506,42285.597347414645,17853.33179426545,175087.5153377066
2014-04-14,56921.155331288,43273.34812981509,18284.76317972559,176502.7966754542
2014-04-15,57550.03795770941,43751.44553784447,18493.23243840888,177178.55407165628
2014-04-16,59742.71666193326,45418.392534132065,19212.602890231883,179480.9092348073
2014-04-17,59808.02685543035,45468.04350701159,19235.842083782245,179558.3315858264
2014-04-21,61077.476378093605,46433.12109209777,19650.615888489523,180853.96906520348
2014-04-22,62544.295456144304,47548.245552213084,20128.274450982753,182324.43757124525
2014-04-23,60896.75253589843,46295.72883972424,19593.45289708372,180714.7475582339
2014-04-24,62623.03373925621,47608.10500370199,20154.883504362155,182445.9053263195
2014-04-25,59622.6085919106,45327.082400016894,19179.21333907927,179507.06062654938
2014-04-28,60215.97862594173,45778.18195874836,19373.244850398478,180117.46149079627
2014-04-29,61673.1207411222,46885.949671083596,19847.781275764213,181593.16056977012
2014-04-30,62081.95750502522,47196.76092411727,19981.303159108127,182005.48714971868
2014-05-01,62715.44250237629,47678.357207007895,20187.54875135763,182636.83098654874
2014-05-02,62362.55947756299,47410.08384022586,20074.053110992703,182299.71154221531
2014-05-05,63262.76076722985,48094.446685075745,20366.70939057418,183190.75348299954
2014-05-06,60723.3334587679,46163.88991176601,19543.093217309564,180726.54409198335
2014-05-07,60210.98312448745,45774.38421303754,19377.3266530309,180220.65549649828
2014-05-08,59902.68563762464,45540.0062493628,19277.90349721671,179917.50166032958
2014-05-09,60668.46637667615,46122.17813816612,19527.254431739962,180698.28784710108
2014-05-12,63565.5627558033,48324.64678888032,20466.59421868314,183600.8180443429
2014-05-13,63479.28987906808,48259.059289691395,20439.131907796145,183523.87169664525
2014-05-14,62539.578420520746,47544.659505452604,20135.261810746353,182619.55471710724
2014-05-15,61081.01573421991,46435.811827886915,19662.946600811887,181196.79047624164
2014-05-16,62203.355039535934,47289.05135185736,20027.195121483037,182320.7625672567
2014-05-19,63671.187202796136,48404.94599291332,20502.938841242973,183769.56897345057
2014-05-20,62864.2435790427,47791.48071539772,20242.216111688253,182995.7866745854
2014-05-21,64703.066678971314,49189.41495775872,20837.359101717666,184794.36702006965
2014-05-22,65512.01667355909,49804.405544855385,21099.30059191755,185573.9088879229
2014-05-23,66930.96005995157,50883.13331800916,21557.955490304234,186923.80092519868
2014-05-27,69421.54473002405,52776.55829941649,22362.110631009557,189253.27879355682
2014-05-28,68816.36278886648,52316.47893754882,22167.030383110807,188708.2815927317
2014-05-29,70117.25902401136,53305.463355320244,22586.999725855043,189905.33360119702
2014-05-30,70177.62413383143,53351.3549117536,22606.65825425431,189965.7786237325
2014-06-02,69958.74428558706,53184.95519944008,22536.28674184883,189774.06837775075
2014-06-03,69795.01999611246,53060.486570254565,22483.63394707674,189631.67211358855
2014-06-04,70551.52412680782,53635.606074043506,22727.804349930986,190323.5264965587
2014-06-05,72434.27086397626,55066.93252066219,23335.084412006196,192024.0681688787
2014-06-06,73445.9905757572,55836.0753647047,23661.346787275743,192924.46527480482
2014-06-09,73512.45839835267,55886.606405578066,23682.903583238483,192988.54017034554
2014-06-10,73808.52031419877,56111.68248279091,23778.41307446056,193253.45958985985
2014-06-11,73631.91655640422,55977.42245508067,23721.590403683913,193105.01792396017
2014-06-12,71651.23020472548,54471.639068687335,23083.225240040192,191378.3110769419
2014-06-13,72321.12787294404,54980.91747035461,23299.275555298856,191980.83007599725
2014-06-16,72570.86728714762,55170.77764711436,23379.85243630835,192207.60168641707
2014-06-17,72649.65574317458,55230.675241715566,23405.322790598733,192282.86583505612
2014-06-18,73990.37545053361,56249.93478245016,23837.47436943429,193471.75936337153
2014-06-19,73766.90742279672,56080.046984076085,23765.52845915275,193282.61700843455
2014-06-20,73872.61674739109,56160.41071487381,23799.71074169239,193380.78080730952
2014-06-23,74027.06381827829,56277.82649512692,23849.51576485982,193521.17466928315
2014-06-24,73688.64037734739,56020.54578307077,23740.50672841112,193231.83568857872
2014-06-25,75304.75460809881,57249.169364546346,24261.284010675052,194650.25721542168
2014-06-26,75278.83285542602,57229.46278935447,24252.956804418718,194633.52295266045
2014-06-27,76312.12138137079,58015.00296051773,24585.908474966902,195529.72010442216
2014-06-30,76611.12623892537,58242.31635951955,24682.26296570818,195790.71393330008
2014-07-01,79287.717189579,60277.149477973166,25544.655159112903,198076.5233783898
2014-07-02,79588.37185540838,60505.717115885054,25641.53051026481,198332.49872704042
2014-07-03,81040.9454417249,61610.01168121863,26109.53599285615,199544.7319659068
2014-07-07,80277.60850726142,61029.697653628486,25863.605694681457,198923.83845179985
2014-07-08,77404.41818629953,58845.40318035982,24937.9037304199,196556.17009377058
2014-07-09,79136.47146546535,60162.1674676007,25495.95620414698,198027.86512739072
2014-07-10,78350.56864125779,59564.69810299972,25242.755146680756,197377.90438627396
2014-07-11,79836.11403310433,60694.058927281556,25721.382167983033,198630.95733977825
2014-07-14,81361.18139160304,61853.46566000922,26212.73327707262,199901.35794780322
2014-07-15,80428.37400568312,61144.31458051966,25912.202964147287,199143.03036244825
2014-07-16,81528.80893275049,61980.90167043452,26266.74332083653,200056.8907008048
2014-07-17,78149.12545473393,59411.554318617775,25177.87580618529,197298.12603576435
2014-07-18,81889.04791771984,62254.767281836495,26382.806526203116,200451.0323274159
2014-07-21,81529.43764936688,61981.37964163624,26266.949328625007,200163.26039053206
2014-07-22,83236.82597324719,63279.39281269781,26817.034436770682,201566.17965544626
2014-07-23,84784.42579062721,64455.92946718684,27315.638084868573,202821.08498256057
2014-07-24,84591.88863883854,64309.55634547519,27253.607267067076,202673.27124071986
2014-07-25,83442.69581209023,63435.9018848316,26883.363016111503,201761.19944369287
2014-07-28,83572.28875211702,63534.42273136584,26925.115396550438,201871.33533143398
2014-07-29,83052.35068044851,63139.148583286675,26757.603158602793,201458.3813887098
2014-07-30,84123.65684093673,63953.591019786916,27102.754512858257,202330.2739122792
2014-07-31,78818.16398864331,59920.17957791934,25393.441497693377,198082.46130799936
2014-08-01,78037.75307067353,59326.885342391906,25142.01082327617,197434.27750472777
2014-08-04,79792.73131653681,60661.077948840124,25707.426853491677,198919.86635302985
2014-08-05,77719.89003656324,59085.235332784796,25039.60331030749,197202.96770744512
2014-08-06,77678.5608414851,59053.81550941451,25026.2884393917,197173.56943439494
2014-08-07,76695.29658346534,58306.30544407497,24709.502715646522,196347.17592160509
2014-08-08,78492.43139627085,59672.54686939608,25288.50007519102,197886.32163559552
2014-08-11,79846.2056380872,60701.73089973311,25724.656129860075,199029.5592757135
2014-08-12,79524.79282705598,60457.38223210354,25621.104202463106,198768.1092585652
2014-08-13,82209.91997978844,62498.70485418921,26486.1921381957,201010.8221780614
2014-08-14,83452.24372209828,63443.160522350234,26886.44103392958,202029.01768283203
2014-08-15,84611.74833885788,64324.6543473989,27260.00744214625,202970.38901460546
2014-08-18,86710.70329587521,65920.34944591152,27936.243660937165,204654.46285737253
2014-08-19,87979.64932784706,66885.044260693,28345.06961324581,205658.55038754008
2014-08-20,88016.39332120454,66912.97826180355,28356.907704723148,205692.9752848122
2014-08-21,88428.23964768597,67226.07748401875,28489.59535406161,206019.5968092084
2014-08-22,88802.02842335709,67510.24409522847,28610.021713829326,206315.684966787
2014-08-25,89769.13558592995,68245.47100131077,28921.601949453765,207070.4648682088
2014-08-26,90045.37560194623,68455.47781355634,29010.60028657277,207288.699944668
2014-08-27,90144.37847386554,68530.74307683994,29042.496791295172,207370.50998122137
2014-08-28,89684.42397558737,68181.07042855964,28894.309768811352,207023.65540290935
2014-08-29,90761.11408785939,68999.60592358086,29241.19517265959,207857.94988151983
2014-09-02,91643.62456017631,69670.51962296928,29525.520251989685,208537.50447005514
2014-09-03,89974.36394423305,68401.4923986853,28987.72192331806,207277.23095920967
2014-09-04,89652.92964267074,68157.12739324199,28884.16300117835,207036.23759641722
2014-09-05,91225.37482641991,69352.55231839327,29390.769569183118,208252.49089921947
2014-09-08,91595.56054909907,69633.97976934623,29510.035105704832,208540.04932196988
2014-09-09,89340.62491792202,67919.70299456312,28783.545423909945,206834.61779711972
2014-09-10,91522.89409017183,69578.73631976728,29486.62360255889,208524.51980076186
2014-09-11,91366.1344567658,69459.56245287016,29436.11916481936,208411.34188925812
2014-09-12,89796.42777687729,68266.21942908276,28930.394881333606,207223.68376636616
2014-09-15,87190.87754643115,66285.39381977121,28090.9450399963,205225.24160190733
2014-09-16,89616.01004557809,68129.05989235407,28872.26833510786,207133.73962607747
2014-09-17,90031.27202545194,68444.75580744172,29006.056430629946,207459.51378155712
2014-09-18,91986.72347341855,69931.35478397895,29636.05902607302,208967.34441261913
2014-09-19,91784.40519224266,69777.54572364989,29570.876613909866,208820.0290282736
2014-09-22,89173.45841406632,67792.61747996157,28729.688125939327,206845.84484503872
2014-09-23,88535.97523369895,67307.98164587871,28524.305344075645,206358.77281635813
2014-09-24,91336.71237267408,69437.19480976462,29426.640029267113,208540.56367315946
2014-09-25,85547.20672942595,65035.820808452045,27561.391170559087,204140.22716261068
2014-09-26,88485.29658836615,67269.45406066948,28507.97782127961,206483.02106721158
2014-09-29,88055.86656054287,66942.98712613102,28369.625098499826,206154.80947834006
2014-09-30,88202.88220277445,67054.75328811049,28416.990240842242,206275.34793322207
2014-10-01,83973.29728141362,63839.28270109557,27054.312849452606,202983.99188927014
2014-10-02,84043.64557010424,63892.76380085767,27076.97749014525,203046.39388758122
2014-10-03,86663.8775901326,65884.75099302997,27921.157474771037,205162.24308970215
2014-10-06,85950.02932166604,65342.05988893287,27691.17157440305,204604.7179726007
2014-10-07,82245.77242860636,62525.96107360316,26497.743090539538,201671.14511394565
2014-10-08,87388.75870906362,66435.829635578,28154.697912090058,205880.45526797292
2014-10-09,82729.61088758479,62893.79110010399,26653.62498944761,202227.40436051294
2014-10-10,77757.99092870709,59114.20089330797,24669.826776107737,197215.91877597335
2014-10-13,74959.9271383337,56987.02009759944,23467.640630399346,194017.96343295762
2014-10-14,75034.43930872371,57043.66671818241,23512.62841085575,194147.40815430612
2014-10-15,73982.37683774994,56243.853972011086,23059.154588684,192904.74369289767
2014-10-16,73091.6322127494,55566.680396948,22680.804809390414,191855.13182911777
2014-10-17,75150.10874354444,57131.60245476126,23587.490750110628,194417.06546254683
2014-10-20,77489.64683148473,58910.196820128156,24599.991884649608,197204.34950273344
2014-10-21,82287.15491312547,62557.42140937199,26531.583730554255,202371.40212231583
2014-10-22,81184.8473940952,61719.41071300634,26094.323756967635,201265.36077494486
2014-10-23,84307.08809367978,64093.04153535781,27336.33154988664,204464.2308696924
2014-10-24,85845.53845175741,65262.62246775568,27944.050193823117,205985.15128517288
2014-10-27,86034.89976227045,65406.58120971123,28026.644908395716,206193.89946500736
2014-10-28,89319.103527665,67903.34172066751,29285.805360242262,209287.61809208026
2014-10-29,88401.60263028776,67205.82714088527,28941.40919680433,208473.11891527666
2014-10-30,88943.64792720236,67617.90793402793,29155.19799792483,208992.3195382857
2014-10-31,92194.57662641545,70089.37163724142,30382.765670950048,211931.38649212226
2014-11-03,92826.161232844,70569.52317999117,30625.019239217614,212500.62794069323
2014-11-04,92042.54385984062,69973.79129111457,30337.050171009014,211840.5626057357
2014-11-05,91852.72047784306,69829.48126710767,30271.837081051584,211694.73898550624
2014-11-06,92466.67073472479,70296.22659309069,30507.813689041475,212250.7747019321
2014-11-07,92184.51706821226,70081.72402781353,30428.726677600745,212073.34516437608
2014-11-10,93055.9008919725,70744.1788803337,30767.32335359946,212865.937998879
2014-11-11,93706.60666997763,71238.86697121685,31014.696745889374,213442.42561031965
2014-11-12,94184.96670093597,71602.53211523178,31197.388369102253,213867.53244101076
2014-11-13,95247.66130617444,72410.4277621229,31600.315317504603,214794.28677065694
2014-11-14,95936.57397129368,72934.1619944173,31858.875787228844,215386.16928990875
2014-11-17,95232.39531758773,72398.8220518239,31605.090689900047,214820.32173568118
2014-11-18,96949.57692964077,73704.28040501446,32243.708289536684,216273.2723257761
2014-11-19,95718.76422534496,72768.57580932234,31797.96462154438,215282.76364440707
2014-11-20,96902.22133177861,73668.27911058786,32236.483269717035,216278.468032994
2014-11-21,97453.49066116639,74087.3723188168,32446.482489705704,216754.1983211324
2014-11-24,99522.53408784894,75660.32768097412,33201.635133397314,218441.86923585305
2014-11-25,99759.70112662576,75840.62992140082,33292.10643537737,218646.43486360257
2014-11-26,101670.43677372314,77293.23446464422,33984.81067558702,220169.0438197569
2014-11-28,102957.4562906022,78271.66934144232,34451.86966757697,221183.8537779501
2014-12-01,99638.53899665693,75748.51845599264,33260.474023323965,218640.64155101698
2014-12-02,100796.16333903834,76628.58283416387,33682.32478418665,219571.3328404085
2014-12-03,101236.93851909852,76963.67472930749,33845.371942456986,219931.98887476537
2014-12-04,101157.62964729672,76903.38149739245,33821.30588682699,219886.2317152944
2014-12-05,101119.65286378188,76874.51028836088,33812.303038539656,219873.09102795448
2014-12-08,98936.61405700797,75214.89186149283,33029.98874726683,218183.72788829132
2014-12-09,99971.06380588385,76001.31483280065,33407.69597816587,219021.71243125256
2014-12-10,95489.4943356924,72594.27724329925,31778.287307150124,215467.24208277153
2014-12-11,96793.35210182457,73585.51311504528,32265.425480633443,216574.46948277226
2014-12-12,93843.43449719711,71342.88801869299,31189.022521748328,214172.3717021139
2014-12-15,91309.32351430628,69416.37289221687,30255.61357160323,212042.02921047687
2014-12-16,87365.69596076202,66418.29657023033,28774.67923306343,208588.53467842532
2014-12-17,91636.465886807,69665.07736230087,30367.90191990367,212444.3505420224
2014-12-18,97789.86279348012,74343.09355810053,32613.142759792823,217686.17241075236
2014-12-19,98661.05341175491,75005.40152940959,32933.81453759779,218405.95161880486
2014-12-22,99399.59888517405,75566.86826695134,33207.66801701969,219017.64643217417
2014-12-23,98451.85312210527,74846.36053823191,32873.73436424524,218289.8496810299
2014-12-24,98679.50013474039,75019.425339379,32960.80756415487,218488.9024596966
2014-12-26,100656.57259772379,76522.46132785488,33675.74680443917,220074.94916495553
2014-12-29,100546.41133216323,76438.713084038,33641.27643173802,220006.23504448854
2014-12-30,98564.77858770896,74932.2102185019,32931.912338630405,218466.2487291559
2014-12-31,95621.94305375595,72694.96914691143,31868.539910164054,216121.15009280771
2015-01-02,95225.78597605867,72393.79741142031,31731.769624191114,215818.17769141594
2015-01-05,90980.41043761659,69166.32227414347,30172.253486898044,212288.77880908776
2015-01-06,88049.70257185395,66938.30105771142,29081.294197591942,209736.24762551291
2015-01-07,90835.25065096085,69055.96699505884,30124.397302709596,212249.9110581643
2015-01-08,95619.03347623671,72692.75718968452,31873.845133989667,216364.7456084065
2015-01-09,93917.50651343897,71399.20001950985,31258.456613901817,214978.50426216595
2015-01-12,91286.06752306064,69398.6929171809,30294.05242510709,212773.7940847734
2015-01-13,91020.11568391375,69196.50751784761,30211.44217457828,212586.49391907355
2015-01-14,89770.32927478851,68246.37848312894,29768.065785770767,211552.63861139794
2015-01-15,86525.37321377384,65779.45537735255,28557.259331205474,208690.43255563555
2015-01-16,89460.26904248369,68010.6604219679,29656.42846587233,211373.92153689987
2015-01-20,91130.55620335772,69280.46805971858,30280.38559503723,212862.39096094278
2015-01-21,92348.25190872129,70206.20067824493,30734.66582436497,213932.98729799376
2015-01-22,97096.23889819863,73815.77769254964,32455.74462209235,217932.3987434355
2015-01-23,97571.83718161838,74177.34326458667,32632.66384228833,218334.64399581007
2015-01-26,97364.62181034885,74019.81127412361,32576.808898201612,218216.3418613814
2015-01-27,90466.31525982117,68775.49008756675,30057.019668162462,212596.32094636376
2015-01-28,88980.9117723429,67646.23714368707,29512.800280330317,211319.31710615213
2015-01-29,91331.1956614032,69433.00082308306,30388.479151771728,213415.4121569515
2015-01-30,89337.73344406352,67917.50480033882,29670.284156472862,211740.2661499363
2015-02-02,91669.23210371408,69689.98732596666,30531.535021860323,213795.09953598786
2015-02-03,94042.17627913045,71493.97810580536,31418.03979406409,215870.46702640073
2015-02-04,93531.9673501242,71106.10037431295,31240.405152241827,215469.82620304386
2015-02-05,95669.61855577953,72731.21364308028,32016.589630269078,217260.49845430627
2015-02-06,93924.99699363756,71404.89453072289,31395.523486183225,215861.90939108244
2015-02-09,93107.56216736871,70783.4534934725,31114.6345507587,215224.34887447374
2015-02-10,97111.27100479054,73827.20559800751,32554.82940412818,218551.2040991492
2015-02-11,98119.9597311665,74594.04418652599,32922.082416993784,219379.30714204136
2015-02-12,101397.10176625871,77085.43613614522,34086.639193328636,221972.31433601555
2015-02-13,103788.93401581542,78903.7862557236,34934.22379964138,223818.51040952958
2015-02-17,103866.03531149423,78962.40121513103,34965.028556147416,223890.72203365603
2015-02-18,104232.68054299867,79241.13706739346,35097.75420614147,224180.44150854033
2015-02-19,105650.91759412314,80319.327861075,35599.60921653308,225255.378470497
2015-02-20,107800.9289193722,81953.8377022589,36354.10805216423,226853.19981206066
2015-02-23,108243.17625062825,82290.04877551526,36511.665741487246,227187.43648390615
2015-02-24,108339.95455103634,82363.62284583405,36549.02943515893,227271.45394838374
2015-02-25,107591.69062194953,81794.7678163129,36291.31429951195,226743.79737185416
2015-02-26,109108.39566820697,82947.81724222413,36822.333857870566,227856.22135179653
2015-02-27,107561.99540422209,81772.19252796833,36287.06581783928,226758.68396936427
2015-03-02,110542.56950582645,84038.12370899868,37325.45843517125,228928.17232856547
2015-03-03,108785.88621081099,82702.63486769523,36718.70058252331,227694.267771147
2015-03-04,107814.83706342817,81964.41113415905,36386.61642832464,227014.38065328868
2015-03-05,108277.85304120007,82316.41122057993,36550.61156225434,227361.94943745015
2015-03-06,104540.0483579753,79474.8082636995,35248.898615741426,224669.38718494115
2015-03-09,105475.2967672424,80185.81509001079,35579.14381747482,225377.47485036356
2015-03-10,99692.23357434441,75789.33885289833,33549.07817337927,221097.4340059603
2015-03-11,98119.25250750087,74593.50653166445,32997.57727352943,219892.2673135096
2015-03-12,100118.26599501283,76113.22281391201,33706.422862322914,221473.135680999
2015-03-13,98680.78686929388,75020.40355761723,33208.518486625966,220388.9741788556
2015-03-16,102323.80455893786,77789.94630160269,34491.07879926074,223232.5455855015
2015-03-17,102657.48047565795,78043.61778846422,34612.730300933756,223501.4034134605
2015-03-18,105833.55897450443,80458.17788950731,35724.498114743415,225900.7886445755
2015-03-19,106122.1581280753,80677.58052759076,35828.658869665705,226126.82335639163
2015-03-20,108332.8520535015,82358.2232918962,36598.31963115889,227752.51077500804
2015-03-23,107394.59062554382,81644.92586895241,36277.64733090368,227093.86346362962
2015-03-24,106354.10513971577,80853.9143304444,35920.915428003165,226356.01512354857
2015-03-25,99277.35093052954,75473.93132165045,33447.014851740576,221166.07580414868
2015-03-26,98330.23951849394,74753.90584760303,33121.34058691155,220454.59122812137
2015-03-27,99470.58892859181,75620.83724991893,33526.1175985541,221358.98007019053
2015-03-30,102781.25475804161,78137.71509868102,34685.34219646939,223916.62616922826
2015-03-31,99436.19348626074,75594.6886951082,33518.40113311589,221411.9301732764
2015-04-01,97927.46097653385,74447.70025560452,32997.43194415533,220271.2249976128
2015-04-02,98225.79137078914,74674.50090526065,33105.987628581854,220519.15692634878
2015-04-06,100511.94388780819,76412.50979090319,33910.19321687157,222311.15085934516
2015-04-07,100002.84516931005,76025.47607822128,33748.34129728832,221963.89691494647
2015-04-08,102123.8070192298,77637.90154582569,34490.82544684747,223598.10731773588
2015-04-09,104020.28134472185,79079.66415989482,35152.139321116294,225033.64604885402
2015-04-10,105252.09080107449,80016.12651952381,35584.292957884434,225962.33832836276
2015-04-13,104312.55244587881,79301.858334188,35274.49203547724,225313.13274643675
2015-04-14,103495.24065151993,78680.51082987171,34996.263944634615,224727.27275740443
2015-04-15,105346.36010913468,80087.79317073466,35637.68293613793,226106.73251320794
2015-04-16,104938.88263469576,79778.01529458602,35499.40534026052,225820.8438952937
2015-04-17,100259.37409622603,76220.49786748741,33883.3594412679,222400.69105351975
2015-04-20,104689.15625318768,79588.16502571317,35415.13326911569,225758.5088749876
2015-04-21,105977.88940859598,80567.90266729551,35861.465214097225,226713.44961953026
2015-04-22,107721.09837193515,81893.14787524242,36463.106113451875,227987.85974795712
2015-04-23,108873.56300055483,82769.28966806622,36861.26863890078,228824.30955246696
2015-04-24,113174.05593737951,86038.66687768047,38335.53661945787,231881.5508027732
2015-04-27,112293.02268359017,85368.87620875823,38037.34272858961,231287.0359386394
2015-04-28,111567.16109557332,84817.05218112738,37790.37463458315,230793.17064817567
2015-04-29,109571.84373872355,83300.14581986521,37108.84752480101,229412.45010267923
2015-04-30,104230.13726710931,79239.2035848015,35275.21933407784,225640.5077991396
2015-05-01,108752.44590978637,82677.21244295037,36828.406680046406,228958.73617713698
2015-05-04,109001.60924353548,82866.63466426259,36915.39994346249,229145.6450207718
2015-05-05,103729.87136064145,78858.88486846369,35105.88100793567,225408.19618153904
2015-05-06,101661.89820928629,77286.74316506936,34397.387341851565,223898.35809545973
2015-05-07,103146.05065833325,78415.04502808557,34910.484541247075,225018.12258973584
2015-05-08,107098.99313317344,81420.20286185265,36268.5966653319,227942.57851453617
2015-05-11,105668.58314208731,80332.75779591227,35779.73096762023,226925.03291941143
2015-05-12,104389.51988002058,79360.3715276201,35344.121185334705,226010.68696382354
2015-05-13,104795.88804052916,79669.30606656637,35485.33340260524,226318.23154111824
2015-05-14,109602.33888704452,83323.3292419494,37131.684914868856,229824.81916646764
2015-05-15,109541.26111225855,83276.89589399773,37112.52392927995,229791.9447835198
2015-05-18,110888.94539140436,84301.45013294689,37574.219797903344,230751.50522179442
2015-05-19,110208.01535475609,83783.78455928748,37343.09554301837,230285.06148317194
2015-05-20,110317.5963755555,83867.09168181292,37381.80964717151,230371.31234313996
2015-05-21,112075.2419643431,85203.31209072357,37982.87831961215,231612.7127072069
2015-05-22,111900.0218722077,85070.10397148946,37924.17596139504,231500.1033402561
2015-05-26,107905.13582974055,82033.05924798579,36561.478352197686,228734.04313983314
2015-05-27,113155.47197895459,86024.5387367833,38353.44877856475,232477.6136154474
2015-05-28,112378.54198540517,85433.89081532625,38089.63467723808,231951.31585841108
2015-05-29,110348.3395750285,83890.46368060102,37398.48893481991,230555.09728677245
2015-06-01,111336.45260957212,84641.65994649816,37736.34202229694,231256.10531820523
2015-06-02,110379.9792262261,83914.5171916904,37411.2625131669,230598.81410362167
2015-06-03,111176.63901029015,84520.16435356163,37683.70860811804,231165.3308484368
2015-06-04,108763.3919779815,82685.534006645,36861.94674661524,229491.7615168847
2015-06-05,108046.82446833693,82140.77564531358,36618.83749984776,228993.96104539608
2015-06-08,104758.49389215773,79640.877796074,35497.3902752275,226663.0182378379
2015-06-09,104478.72327004626,79428.18690010287,35403.09545266586,226468.94263334695
2015-06-10,108542.75918248028,82517.80164575017,36790.22473054467,229433.32410465195
2015-06-11,108755.57878747047,82679.59416036076,36863.69743773931,229592.76266398834
2015-06-12,106243.78529593893,80770.04553021373,36008.615333670095,227824.28013201713
2015-06-15,104755.04066282931,79638.25253673008,35501.82868269121,226762.1374850887
2015-06-16,106369.34514529462,80865.50028760004,36053.368872300925,227943.0573650032
2015-06-17,107296.58071251535,81570.41548591532,36370.28103868835,228617.6003740363
2015-06-18,111802.92265056432,84996.28592621523,37904.67301509035,231839.26197957646
2015-06-19,110439.7733078102,83959.97463354013,37441.602939914366,230901.93560583564
2015-06-22,112676.93774303161,85660.7411563827,38203.032063150386,232473.92707155793
2015-06-23,113022.19035806607,85923.21363284881,38320.95812695308,232719.9250247411
2015-06-24,111224.19528639544,84556.31821023732,37710.22737691388,231490.42275066127
2015-06-25,110441.6905516182,83961.43218580291,37444.81883665428,230954.10523010063
2015-06-26,108262.87179881032,82305.02198377386,36704.35716238541,229438.50396386895
2015-06-29,100736.03058097708,76582.86791923568,34139.94377171199,224101.8384691768
2015-06-30,101888.80366121614,77459.24420719981,34534.339516892636,224971.3553934963
2015-07-01,104128.91227702067,79162.24899366492,35298.88933321182,226638.13268074574
2015-07-02,104416.79629990099,79381.1079657045,35397.77851890231,226856.39879475132
2015-07-06,103376.18035961433,78589.99725139496,35044.374245487845,226108.06761677554
2015-07-07,104098.85307474495,79139.39699220762,35291.248818185515,226645.626448554
2015-07-08,98659.11286551101,75003.92626186313,33438.56703244283,222686.18633405428
2015-07-09,98684.06456161148,75022.89536790992,33448.38995675099,222714.50153121087
2015-07-10,103291.7461078969,78525.80753585981,35018.497858925446,226205.8415073223
2015-07-13,108484.09100541256,82473.20015381601,36784.32909199007,230014.64787845162
2015-07-14,110577.09008094427,84064.36739389977,37495.7692949982,231504.26481012837
2015-07-15,110932.19546997026,84334.33027558515,37616.7524825224,231760.02152081733
2015-07-16,115814.60538051347,88046.10004803145,39274.37010236142,235171.03771095883
2015-07-17,120852.67329077974,91876.20618895102,40984.067495545314,238590.41196328143
2015-07-20,122255.88404486136,92942.97349378643,41460.27244775738,239521.46878094948
2015-07-21,121840.69235176251,92627.33101303378,41319.526499351625,239257.43468865097
2015-07-22,117838.5166008843,89584.7444116817,39961.90210493911,236644.02346420343
2015-07-23,116276.2100406166,88397.02720400238,39431.99412189686,235604.94866996774
2015-07-24,112830.54492672639,85777.51842656598,38262.99948115729,233283.60042234228
2015-07-27,109986.95527401344,83615.72736199584,37298.190556726615,231329.6562709436
2015-07-28,112986.49207173256,85896.0746128631,38316.230868136285,233441.10447850142
2015-07-29,114571.9473517628,87101.39024424295,38854.27921202054,234540.61263774327
2015-07-30,115843.90199761493,88068.37230697423,39285.891902175004,235415.9335742526
2015-07-31,115110.17965435077,87510.57227277075,39037.17113909806,234926.00579196974
2015-08-03,114472.20981673128,87025.56646572145,38820.85139236664,234498.9975033183
2015-08-04,113496.33343298033,86283.6729071677,38489.91231503577,233839.56409769633
2015-08-05,116085.64625403665,88252.15429990173,39368.272771078264,235625.24319662357
2015-08-06,110505.43503760261,84009.8928559581,37475.495607324316,231856.00482475356
2015-08-07,109886.31888980893,83539.22024855338,37265.57755183471,231429.93208428068
2015-08-10,113750.99929590801,86477.278333465,38576.54602561044,234150.58881485497
2015-08-11,109338.10706024888,83122.45145299108,37079.773869802826,231129.14363194827
2015-08-12,110367.63793325845,83905.13493189873,37429.06787502957,231861.7121091461
2015-08-13,109717.06031754622,83410.54427423677,37208.47362224085,231413.04660821866
2015-08-14,110546.67462160111,84041.24455401674,37489.9183515648,232003.3417666856
2015-08-17,113152.46346213411,86022.25156262168,38373.74431165987,233833.34718674867
2015-08-18,111344.11973378676,84647.48874834464,37760.46294610342,232594.5523428351
2015-08-19,109050.01520710038,82903.43448149602,36982.42589526104,231003.91184664035
2015-08-20,99928.58761488702,75969.02302513216,33888.433968152916,224568.70894620355
2015-08-21,87102.9329466162,66218.53542131152,29532.493334678806,214953.48628470692
2015-08-24,77303.43250087944,58768.63051656071,26182.727824053865,206832.69078186998
2015-08-25,76034.76141283213,57804.144723259786,25748.94876521996,205696.56691267126
2015-08-26,87471.7816880782,66498.94645484789,29658.242913197522,216112.48833168717
2015-08-27,93999.40726421552,71461.46368369283,31876.406005870358,221506.60353314294
2015-08-28,94276.91294058683,71672.4326928727,31970.94897005267,221732.12789838918
2015-08-31,90714.73854243386,68964.34969748667,30762.05386748501,218943.93452215422
2015-09-01,82333.4334539115,62592.60388932559,27912.78666765938,212190.66023102993
2015-09-02,89083.1143903693,67723.93495997177,30208.601898893285,218014.4508253041
2015-09-03,87726.96750431282,66692.94716687563,29748.592474964877,216914.2575608722
2015-09-04,84626.12606126383,64335.58476831833,28695.810438292014,214361.84095877898
2015-09-08,91822.82870134903,69806.75654827667,31139.45329791046,220452.95221721084
2015-09-09,88616.81601689123,67369.43948758645,30051.825222314674,217892.82012418745
2015-09-10,91291.42027302079,69402.76225504196,30959.54615831701,220093.0783559239
2015-09-11,93005.7853741474,70706.07940331283,31541.202125898017,221477.9117026724
2015-09-14,92070.19510869078,69994.81268660027,31223.950743171994,220741.87976311526
2015-09-15,95370.8293394371,72504.06418167245,32343.45618237753,223386.55534952623
2015-09-16,96903.90230998579,73669.55704591333,32863.410702046785,224590.20132395654
2015-09-17,96987.7669828703,73733.31374874907,32891.86335613338,224661.64176367907
2015-09-18,92931.85531723745,70649.87532468332,31516.354958749474,221536.55217508465
2015-09-21,93721.37938662218,71250.09767984295,31784.12348685959,222170.49149899514
2015-09-22,89697.65473071736,68191.12888695585,30419.53365544459,218997.55824234508
2015-09-23,89660.19184692518,68162.64836151936,30406.837544250124,218973.55063559892
2015-09-24,88876.3135875254,67566.71813816082,30141.00114433837,218341.87325722293
2015-09-25,86599.65647914441,65835.92797675601,29368.9095491111,216483.96599020372
2015-09-28,79140.78783061278,60165.44891139074,26839.32872730832,210275.00699830413
2015-09-29,77976.43597291729,59280.270053189335,26444.46813914034,209250.01991775894
2015-09-30,83571.549825997,63533.86097524821,28341.977511871784,214261.0685205035
2015-10-01,84283.82608235501,64075.356983658276,28583.535001770466,214875.98800050208
2015-10-02,88774.56690007531,67489.36693540575,30106.499186647223,218698.49392431852
2015-10-05,92766.06565769223,70523.8365327426,31460.15326007891,221982.5501635673
2015-10-06,91175.7070047559,69314.79319482656,30920.80811694767,220720.4424981254
2015-10-07,92873.86205112727,70605.78692241941,31496.710712788652,222097.14851928156
2015-10-08,93945.51134793882,71420.49022252104,31860.143729805382,222957.82425730082
2015-10-09,95230.7337874648,72397.55890157659,32296.006721666854,223981.00848388707
2015-10-12,95692.76028061482,72748.80674900545,32573.76098052619,224629.59559710763
2015-10-13,94003.89335910362,71464.87416165491,31912.794527142803,223116.75481298252
2015-10-14,93656.87854799854,71201.06200535284,31779.896574550305,222813.5015862906
2015-10-15,97553.58260114322,74163.46552771956,33343.21266452274,226473.50200015283
2015-10-16,98695.34559086239,75031.47158009668,33804.55565589134,227524.57259903703
2015-10-19,100017.26190330222,76036.43615704101,34339.81179014996,228732.02661647066
2015-10-20,98585.4360396171,74947.91469784178,33787.72059594813,227512.85536154162
2015-10-21,97080.40946663647,73803.74363423347,33223.986800545616,226254.12749566385
2015-10-22,102228.97507839913,77717.85378871475,35249.20135233787,230857.89387316882
2015-10-23,109572.14635601304,83300.37587955467,38086.99662741152,237059.78032435742
2015-10-26,109986.52939352061,83615.40359353536,38253.45266486088,237411.99752191355
2015-10-27,110512.03754533161,84014.9123010804,38460.528425461474,237847.26563181143
2015-10-28,113045.83598581713,85941.1898224652,39438.60351412121,239870.3568061174
2015-10-29,112508.47503468263,85532.67022418097,39240.22661094055,239475.1213250308
2015-10-30,111044.1597191818,84419.44920730789,38686.9088740484,238356.4633010542
2015-11-02,114635.13006239163,87149.42383416064,40061.65990009624,241186.72444741498
2015-11-03,115639.81130764954,87913.21580276189,40447.60784343883,241968.22995583378
2015-11-04,115520.83043709531,87822.7626030277,40408.41176592288,241897.07893753177
2015-11-05,114511.36638261429,87055.33458439645,40031.33295629644,241151.6500142679
2015-11-06,114786.75384778428,87264.69325924292,40141.28698650986,241379.42610458293
2015-11-09,111297.00641225929,84611.67164041442,38817.78304379263,238733.56692884216
2015-11-10,110375.90383374786,83911.41894330716,38472.23774768803,238032.10230041892
2015-11-11,110046.8332786562,83661.24860493517,38352.53792233265,237792.13220555842
2015-11-12,106929.45937639651,81291.31768315127,37160.66539403915,235335.75113638732
2015-11-13,101493.33284196627,77158.59418811671,35051.64094785403,230890.46968486242
2015-11-16,105298.09640357652,80051.10150275119,36530.2771118515,234143.82499332578
2015-11-17,105301.04048495967,80053.33969095862,36538.103884109805,234167.3298452863
2015-11-18,110787.21223984093,84224.10922062137,38641.08590375598,238666.68067446415
2015-11-19,110892.84216092815,84304.41258624227,38688.07237026282,238770.3317404518
2015-11-20,112909.98665690598,85837.91266182154,39460.58930922144,240366.49047646002
2015-11-23,112123.78586622914,85240.21677323872,39167.71418999312,239778.78956764904
2015-11-24,111746.74307369794,84953.57635060359,39031.88202741481,239508.55425996133
2015-11-25,111958.79436333185,85114.78476642541,39118.28892540844,239692.22990003755
2015-11-27,112440.60485041092,85481.07306149992,39308.307384117536,240087.2778330249
2015-11-30,111364.30051388919,84662.83084598511,38905.57390313938,239274.29423074753
2015-12-01,114732.39103628276,87223.36484885265,40197.01237914361,241929.48955258465
2015-12-02,112691.81327137757,85672.0500258704,39430.45063082658,240399.3912619217
2015-12-03,107423.88902017899,81667.19947923526,37423.447499895556,236328.3558787601
2015-12-04,114450.17327846291,87008.81355924027,40087.95295476118,241944.71915880922
2015-12-07,112916.58312267429,85842.92751364519,39513.187417173984,240796.19273901364
2015-12-08,112970.46751533053,85883.89221417888,39541.240906780884,240860.9192746111
2015-12-09,108139.8048257772,82211.46239355914,37705.09814155332,237140.4437715845
2015-12-10,109441.12689238887,83200.77054251976,38215.86722742875,238218.86747277962
2015-12-11,102667.0766259011,78050.91309980789,35610.12685094625,232812.22440640477
2015-12-14,104627.35439733384,79541.18120734434,36376.759406003366,234490.40684823657
2015-12-15,106290.06313965897,80805.22748023461,37024.63712620094,235890.05182773076
2015-12-16,110519.33545487796,84020.4604137036,38648.023179365875,239345.25384474697
2015-12-17,106158.28105986307,80705.04237711981,36996.09827231587,235942.85127087357
2015-12-18,100894.49349416482,76703.33667585399,34984.26437850792,231673.607344265
2015-12-21,103629.63010463625,78782.6781445693,36046.201200256684,234025.18155000586
2015-12-22,105384.12216744103,80116.50113854877,36726.063378196486,235504.0088013977
2015-12-23,107586.3855622736,81790.73473418619,37573.34390437765,237322.62629726648
2015-12-24,107451.38541975322,81688.10315317102,37528.04806553731,237234.88791338386
2015-12-28,107338.30840386849,81602.13825935638,37492.52871743727,237167.6677139013
2015-12-29,111804.8662278156,84997.76349803405,39188.727461829534,240751.8568696106
2015-12-30,109200.92251437527,83018.15921617563,38208.5814517154,238752.45375175987
2015-12-31,105384.33669950393,80116.6642329306,36760.27606844536,235743.47172338705
2016-01-04,99429.68657842983,75589.74192819574,34468.34192764797,230852.2853510648
2016-01-05,98577.33924509543,74941.75924639263,34152.71299458984,230155.6730049051
2016-01-06,96199.07753929288,73133.72590378,33233.296163545274,228098.3582215201
2016-01-07,88443.25751518818,67237.49456444889,30130.145809211037,221006.75183657967
2016-01-08,86589.18962650302,65827.97072860217,29395.64531129686,219218.56925458452
2016-01-11,87207.55922310153,66298.07578305443,29658.364071065676,219879.27218103583
2016-01-12,89755.74052154746,68235.28762957721,30699.49414261186,222459.80914292068
2016-01-13,82019.3102453024,62353.797018968085,27497.990184757826,214734.45700432852
2016-01-14,86288.86417056013,65599.653366953,29268.98946330482,219351.8953121928
2016-01-15,79821.59059300655,60683.01772694518,26557.762446776953,212586.56962062555
2016-01-19,80050.24707121227,60856.84995726351,26672.128860203964,212899.1209307477
2016-01-20,79533.27118393675,60463.827759899636,26463.06001891898,212350.25912709482
2016-01-21,79788.79055868933,60658.08205416382,26583.496562924513,212679.7902340519
2016-01-22,85162.71028947993,64743.513876106466,28838.295795274174,218700.32109276636
2016-01-25,82057.97111444648,62383.18829255937,27552.952267522844,215458.71926053477
2016-01-26,83799.30440703352,63707.00755345788,28287.14127176762,217379.95304564954
2016-01-27,78756.68028763976,59873.437631408466,26181.831645267383,211994.5807487866
2016-01-28,81296.29230751572,61804.134828454786,27269.119014348416,214936.54831494027
2016-01-29,85674.59739632756,65132.667413993375,29087.848802056666,219722.465063384
2016-02-01,86002.56883960459,65382.00217114936,29237.50276146336,220107.1577748205
2016-02-02,81375.06618616996,61864.02134085427,27324.04926251395,215313.39733746301
2016-02-03,80361.91066517036,61093.786947074135,26909.98826336544,214233.5159177674
2016-02-04,80143.00967437282,60927.37116149122,26827.7403775208,214022.93382183285
2016-02-05,73817.07415230114,56118.185393912434,24059.524493658042,206669.2989842524
2016-02-08,71289.98739250372,54197.0103145505,22914.406485439806,203397.88479490415
2016-02-09,70781.51530986998,53810.452991213686,22690.20355027574,202741.80280690326
2016-02-10,71417.95125064984,54294.292679066166,23008.028373456225,203695.68123887983
2016-02-11,71235.53312773319,54155.61237835518,22936.54144019241,203492.01928237194
2016-02-12,73370.80544073858,55778.91713411526,23925.07830751669,206422.7327735338
2016-02-16,76798.58816756432,58384.83112844635,25444.658367020154,210800.38438239635
2016-02-17,80928.92157793553,61524.84742851879,27206.31032286656,215672.83762814495
2016-02-18,78720.04661255534,59845.58749790403,26279.923368424137,213232.65010892603
2016-02-19,79252.47292008797,60250.35561663312,26518.249968738543,213884.87977273154
2016-02-22,82290.62194931955,62560.057165152684,27800.766613776923,217340.62399911784
2016-02-23,79048.92214964761,60095.60957713176,26445.030332528466,213815.4599476855
2016-02-24,80746.01030613428,61385.792219687275,27170.618045969815,215778.65096955787
2016-02-25,82604.16556669922,62798.42341105517,27953.578176021278,217859.04246962737
2016-02-26,82314.6900111296,62578.35450313633,27845.001888670966,217584.78520326325
2016-02-29,80655.16289082503,61316.72700471597,27163.58651364468,215817.69281284962
2016-03-01,86928.81356916693,66086.16410184941,29732.60381594234,222629.02361276306
2016-03-02,86939.58339143606,66094.35167755191,29747.637542843913,222674.40901816703
2016-03-03,86476.79170518278,65742.52210497444,29570.976501894726,222241.4776043923
2016-03-04,86608.99375730293,65843.02648496421,29634.352213027007,222408.0939021225
2016-03-07,85270.4319204835,64825.40742890593,29106.155521377874,221094.56318489663
2016-03-08,83365.47329190071,63377.194766534914,28337.74225612087,219156.71228377766
2016-03-09,84663.97035041318,64364.35525074358,28889.238320424734,220586.16127962567
2016-03-10,84323.82355527327,64105.76438772153,28761.874654974497,220269.78656615232
2016-03-11,88041.4348177457,66932.01563712061,30267.617139540052,224121.42265770634
2016-03-14,88299.78205803732,67128.41976845718,30381.06900826385,224409.36223948534
2016-03-15,88248.56208273227,67089.48064626833,30374.802808134264,224401.85940692015
2016-03-16,90176.8485814116,68555.42792835919,31148.31030131995,226314.6148515582
2016-03-17,89931.40277144757,68368.83189179315,31063.629937867732,226117.52003162727
2016-03-18,90472.4791776728,68780.17610213358,31286.420838361824,226666.08372505466
2016-03-21,91317.20616734555,69422.36554621655,31628.998911592746,227501.40031402023
2016-03-22,91872.67393850959,69844.6505489818,31855.965504188287,228053.610994061
2016-03-23,89927.20104522476,68365.63760031178,31099.817747089244,226257.27035397233
2016-03-24,90025.3363619404,68440.24331938667,31161.678778359244,226415.2782290073
2016-03-28,89596.81533776132,68114.46743953461,31002.303105060146,226037.27610294038
2016-03-29,93343.11113832804,70962.52562513645,32474.144274431652,229622.31565762186
2016-03-30,94614.37627839112,71928.98350272296,32978.03936817942,230818.09387177296
2016-03-31,94170.75639180579,71591.72896743132,32817.85020933804,230452.51670708373
2016-04-01,96908.00314189443,73672.67463419437,33879.91029157226,232946.70541676896
2016-04-04,95694.41634360504,72750.06574295746,33421.65963409121,231904.73573096862
2016-04-05,93311.95682524076,70938.84108415825,32510.42977434092,229805.386866247
2016-04-06,97435.92680104944,74074.0196904502,34102.45703006912,233564.73373048435
2016-04-07,93407.77401971466,71011.68448990361,32559.143140588807,230049.7039953953
2016-04-08,93359.76456868472,70975.18611463613,32550.138878547266,230036.68280482528
2016-04-11,92420.3504022293,70261.01234169515,32195.037234032538,229208.34922351397
2016-04-12,94488.57106346216,71833.3422102987,33002.5488314526,231132.82925521772
2016-04-13,97842.41283425369,74383.04384012493,34293.583968418265,234154.9681531943
2016-04-14,97811.31759675014,74359.40421036269,34290.332411359304,234155.89936518364
2016-04-15,97107.96086924613,73824.68912329913,34030.06580069916,233571.80987694464
2016-04-18,98616.9637013154,74971.88307080351,34616.483267545336,234921.7833276639
2016-04-19,96659.82507536602,73484.0014456661,33882.97255686021,233270.8398886579
2016-04-20,96831.71667794388,73614.67913686285,33956.83145232235,233448.6365436806
2016-04-21,96827.34349640057,73611.35449936632,33963.70616968052,233472.697367089
2016-04-22,92907.78715767668,70631.57791238636,32467.84629724131,230053.40046202074
2016-04-25,92869.47464502188,70602.45147093959,32465.392134092464,230055.7898378472
2016-04-26,91650.70588634539,69675.90308173357,32003.626198804097,228973.2559991915
2016-04-27,89607.46596295397,68122.56439767047,31218.95884832301,227110.07540410658
2016-04-28,86734.46281482285,65938.41221938898,30101.605832833688,224408.66902996475
2016-04-29,85503.50844293126,65002.59992329695,29631.005668040132,223247.20629138715
2016-05-02,87543.33704269693,66553.34520611966,30449.004356219495,225309.4835911411
2016-05-03,85406.22476295309,64928.641646685326,29615.84052516391,223262.48303265643
2016-05-04,83850.25910983577,63745.74500670145,29013.518693551425,221756.86926592875
2016-05-05,83690.28378003916,63624.12646086942,28961.428748142105,221632.04808618178
2016-05-06,84709.03912470018,64398.61802612397,29377.53994332822,222701.3870865051
2016-05-09,85239.54259062377,64801.92433695645,29601.6094906917,223275.51022450233
2016-05-10,88389.9444021449,67196.96416960402,30844.503392249804,226408.3723999439
2016-05-11,86158.72177546672,65500.71480647324,29981.354017484475,224304.49901694313
2016-05-12,85175.88836527329,64753.53228592564,29604.52238814368,223372.72913777982
2016-05-13,84291.53513108024,64081.217657906695,29270.533613063482,222540.67057053838
2016-05-16,87053.66412152867,66181.07962816134,30364.477409509953,225320.96742177164
2016-05-17,83965.23019843509,63833.149837346,29158.942374137885,222347.07584940307
2016-05-18,84738.53038046802,64421.038255829415,29475.02903816748,223158.41098367397
2016-05-19,83541.90865473893,63511.32677482032,29012.32060147585,221998.61402943515
2016-05-20,85937.80291378789,65332.76496859258,29965.645933476633,224438.08820972007
2016-05-23,85498.62381137855,64998.88646455855,29803.87374629117,224042.19121834324
2016-05-24,90199.47834503166,68572.63182440678,31634.120141346426,228636.28296046684
2016-05-25,91956.98504173,69908.74664294955,32319.10604613863,230294.6684135635
2016-05-26,92587.65381159159,70388.20193639862,32567.694201808674,230893.31356935843
2016-05-27,93973.31934876382,71441.63078605132,33101.653358260715,232163.38908593322
2016-05-31,94609.96293227849,71925.6283307902,33350.25958142328,232752.86221674338
2016-06-01,94360.91599685772,71736.29459934356,33264.56487678066,232561.84995885164
2016-06-02,94997.53895005384,72220.27646023076,33512.4085177553,233147.7678391267
2016-06-03,93702.98893519907,71236.11664937965,33032.84456169574,232044.00730834794
2016-06-06,94485.35548653059,71830.89762218049,33335.76968568304,232761.6391099914
2016-06-07,93838.79329650618,71339.35962416093,33101.54927431543,232224.8473898803
2016-06-08,94255.25579018632,71655.96820961818,33266.26265271484,232618.35562738887
2016-06-09,93759.42188027037,71279.01884389498,33089.776831166455,232215.32806122844
2016-06-10,90732.29594046739,68977.69741316352,31952.61161100971,229563.54363352578
2016-06-13,88546.00767315169,67315.60863873418,31128.69173608098,227598.62186918958
2016-06-14,88636.79947885832,67384.63157744317,31172.97290071727,227714.70164077825
2016-06-15,87757.8009986265,66716.38781079317,30846.365374695986,226927.5886034287
2016-06-16,88538.42876599758,67309.84690241989,31154.173659725388,227690.54135443323
2016-06-17,85759.5282708655,65197.23467865029,30099.957868581387,225130.45493906504
2016-06-20,87116.15150647868,66228.5846084613,30631.050456310128,226462.61460709202
2016-06-21,87810.09759468652,66756.14541574933,30906.443814307164,227149.41529802888
2016-06-22,87305.60652880748,66372.61459324392,30723.18487029537,226708.5989996489
2016-06-23,90742.16011948309,68985.19648885998,32035.12743137875,229943.69867810173
2016-06-24,80585.35772566833,61263.65880545856,28123.48509376255,220592.86609603273
2016-06-27,76392.12235764573,58075.822353183416,26455.999245266128,216241.00711569845
2016-06-28,80569.2882426747,61251.44225209096,28144.41184317093,220848.90036966986
2016-06-29,84296.0426435128,64084.64441819569,29604.973791328426,224677.1550670919
2016-06-30,87081.26076505534,66202.05951087092,30681.548411586355,227408.6446178699
2016-07-01,88136.99600262038,67004.66441588684,31091.915689205507,228430.72401029247
2016-07-05,86630.86450280652,65859.65335029273,30529.526870963793,227061.6922113576
2016-07-06,88463.43473915203,67252.83395859509,31233.371041386126,228814.82588044278
2016-07-07,89259.65001013051,67858.14318689158,31545.905838581704,229586.29577640817
2016-07-08,93142.28635102126,70809.85196832744,33004.33240508784,233132.65516538668
2016-07-11,94667.6000015125,71969.44594038768,33579.26165210791,234494.78280867386
2016-07-12,96011.51654077976,72991.1358186527,34084.505916425296,235679.34506859316
2016-07-13,95272.31104082175,72429.16730706886,33818.77253243251,235075.37927773423
2016-07-14,97106.6269826714,73823.6750585322,34500.160653786545,236662.6517180073
2016-07-15,96674.20308863475,73494.93208770898,34348.91879518394,236325.37050089208
2016-07-18,98479.83472244322,74867.63307786355,35017.81882915377,237867.94643472641
2016-07-19,97441.90649660619,74078.56565312488,34643.57477287509,237029.15166355707
2016-07-20,100759.14885209255,76600.44319486596,35859.68636979764,239811.23064195795
2016-07-21,100094.70385535905,76095.31009471335,35623.205868007164,239292.73696759008
2016-07-22,101282.02278520669,76997.94928208372,36059.988161811336,240279.38131800632
2016-07-25,101255.72124803958,76977.95398213666,36055.419713237345,240277.91105590435
2016-07-26,101633.72284814494,77265.32332205577,36197.34749399275,240601.86269658772
2016-07-27,103592.03532239309,78754.09734556051,36911.187302293816,242192.16963587972
2016-07-28,104784.80594476577,79660.8810902077,37346.13715759946,243152.22098827348
2016-07-29,105351.1160249272,80091.40877548781,37554.05211891138,243612.23052306898
2016-08-01,107043.30829685315,81377.86940439539,38167.36693638961,244947.27822294258
2016-08-02,104571.85164522658,79498.9861763384,37279.24057333227,243056.27442085952
2016-08-03,105553.02332991,80244.9053980989,37636.1577786995,243840.80185376646
2016-08-04,106168.37673828551,80712.71744633513,37860.82587874593,244334.8722414693
2016-08-05,109312.19478457012,83102.75208252408,38994.30877001443,246782.0710206391
2016-08-08,108862.22950921956,82760.67357246492,38834.87289820206,246454.70893136508
2016-08-09,109598.44314720764,83320.36757145626,39101.487920408304,247027.6732213447
2016-08-10,108745.69197967523,82672.07788151645,38797.69052126637,246396.90190706297
2016-08-11,110087.68871976795,83692.3082648444,39280.934535568544,247428.86231542783
2016-08-12,110336.9193180767,83881.78162290339,39371.946105844305,247628.95531716218
2016-08-15,111702.97633235987,84920.30342380855,39862.8701219546,248667.1814444815
2016-08-16,109624.74594856036,83340.36383247908,39119.867652761684,247131.260937725
2016-08-17,110180.71347632709,83763.02876677107,39320.47372454234,247562.6789192665
2016-08-18,110394.25950333166,83925.37353146398,39398.27910364094,247734.97237502952
2016-08-19,110210.50167464069,83785.67474203775,39334.36102275747,247610.0123616485
2016-08-22,110365.82344613601,83903.75549867275,39392.29347644692,247740.58104123134
2016-08-23,111038.99426616423,84415.52225878806,39634.60397395117,248257.56135974696
2016-08-24,108617.80509606453,82574.85403559283,38769.68105351711,246460.73174812942
2016-08-25,108060.52412017058,82151.19057451886,38572.24173771633,246051.3198368709
2016-08-26,108614.46387680563,82572.31393001473,38770.93567366108,246482.75792089305
2016-08-29,109112.7799808787,82951.1503419734,38949.398652960306,246869.9113737612
2016-08-30,108076.67020750334,82163.46536504303,38579.67128898026,246097.75346871576
2016-08-31,107735.85943317527,81904.36972304394,38458.49293737877,245849.0419312247
2016-09-01,108603.53428815369,82564.00489461485,38768.75767434555,246519.11570230834
2016-09-02,109606.54833439486,83326.52940328783,39127.11816986624,247287.6526255322
2016-09-06,111709.981224167,84925.62877463843,39878.292601632435,248879.1493123621
2016-09-07,111868.50880071108,85046.14669048258,39935.00502665599,249006.182599891
2016-09-08,109929.23995881322,83571.8502672225,39242.719709197496,247576.374687142
2016-09-09,101519.87481851826,77178.77227805018,36240.20248415,241271.238310849
2016-09-12,106921.23023395149,81285.06161642604,38168.91799971457,245560.19297500298
2016-09-13,104103.29625684465,79142.77484644632,37162.922608264824,243411.7642397269
2016-09-14,105633.83762544127,80306.3431030091,37709.421705039415,244613.78183207609
2016-09-15,110559.99474460828,84051.37095283398,39468.06495593628,248425.34024334353
2016-09-16,110428.48481775585,83951.39274940346,39421.128136280575,248335.8981438599
2016-09-19,108912.98515618849,82799.25969686906,38880.123548075324,247208.90061553367
2016-09-20,109532.24540547314,83270.04185500141,39101.19523854377,247686.43480573737
2016-09-21,112846.73165857192,85789.82411639536,40284.41565496174,250193.81360105125
2016-09-22,115465.69505255559,87780.84685701782,41219.34285694385,252138.42733075688
2016-09-23,113163.31365481028,86030.50023857036,40397.43082956783,250471.72235596154
2016-09-26,110242.67548661806,83810.1343398491,39354.81134151328,248326.02066501777
2016-09-27,113639.74449425281,86392.69874727918,40567.508827352554,250885.73157374328
2016-09-28,114235.10346278566,86845.31035991399,40780.042131595816,251332.98808277134
2016-09-29,111631.98934463681,84866.33676388132,39850.77345514855,249433.06042033806
2016-09-30,114216.549887486,86831.20531727523,40773.41881228705,251367.1340341633
2016-10-03,113574.80962857987,86343.33311104651,40544.328156240736,250905.49824139682
2016-10-04,113069.26251425862,85958.99944552757,40363.85619975221,250542.3460920731
2016-10-05,114340.99205687207,86925.81037731892,40817.84260809686,251490.77220101858
2016-10-06,114067.3351020255,86717.76729375363,40720.15160235517,251299.28597368288
2016-10-07,113403.05991761763,86212.76329055698,40483.01635070248,250820.6103737694
2016-10-10,115444.43750136171,87764.68616231924,41211.754377354526,252334.748119081
2016-10-11,111042.59403148018,84418.2589196446,39394.74701538916,248635.4858316657
2016-10-12,110879.55176036172,84294.30878340927,39337.62408298198,248524.3551382744
2016-10-13,109919.90972169313,83564.75711184499,38931.144589970965,247677.38660386155
2016-10-14,110156.18444562408,83744.38098496269,39060.49558020192,247960.70353587077
2016-10-17,109436.773024643,83197.460588012,38759.02992985635,247331.8099205688
2016-10-18,111854.74606581322,85035.68380344195,39813.39069393388,249583.5267897048
2016-10-19,111644.98307341003,84876.2150269882,39735.128965358446,249429.0689674085
2016-10-20,111390.01651309767,84682.38100057669,39637.51216617982,249233.8856799723
2016-10-21,112403.10888215504,85452.56738415809,40107.2159348697,250227.42400287517
2016-10-24,115675.71974886293,87940.51458945003,41546.787056895635,253230.33636644343
2016-10-25,114541.8718498461,87078.52585125862,41075.08721910008,252281.200848528
2016-10-26,112694.93591028733,85674.4239594254,40296.105733795885,250695.55553059478
2016-10-27,111260.44808544636,84583.87878916244,39694.20652202334,249456.469289814
2016-10-28,109476.3170556507,83227.52327051194,38932.86945420317,247870.68049274498
2016-10-31,109203.66856028009,83020.24685125139,38826.40954533966,247653.767119913
2016-11-01,107243.54617381372,81530.0968725144,37992.06435288927,245888.88775209102
2016-11-02,105044.47301246405,79858.28859806586,37033.501057229885,243829.92090280805
2016-11-03,102502.71482225896,77925.95981123087,35908.35596634508,241369.5227853548
2016-11-04,101520.29499481716,77179.09170999342,35477.829296336524,240413.7256188802
2016-11-07,107389.64832431007,81641.16856781201,38063.27342837373,246262.57846453323
2016-11-08,109064.58697469451,82914.51242199635,38807.88606139305,247877.43847705773
2016-11-09,110174.4342827051,83758.25511574456,39297.300108959964,248928.53148381217
2016-11-10,105785.11341268141,80421.34796836636,37386.36695028454,244902.7204154468
2016-11-11,106005.57468877318,80588.94993452354,37501.18346830375,245162.39897250614
2016-11-14,103260.79718157498,78502.2791367053,36318.105157586375,242593.27365468998
2016-11-15,106502.17626588231,80966.48290628046,37763.32122387686,245820.02198465355
2016-11-16,107995.29170720412,82101.59873297566,38422.89367242534,247260.18931828396
2016-11-17,109833.24180963356,83498.86929371463,39246.910933511164,249036.82940718016
2016-11-18,108757.40818467549,82680.9849287256,38792.89284386475,248085.64737616383
2016-11-21,111609.16959280979,84848.98843250437,40024.88621527909,250720.99045418034
2016-11-22,112443.2079042709,85483.05198928571,40390.064894150564,251492.68552599795
2016-11-23,111251.59368551822,84577.1473809831,39891.78108817633,250467.69600302688
2016-11-25,112160.44461053377,85268.08596519494,40288.68563764811,251307.551971584
2016-11-28,111376.12309306343,84671.81876236566,39964.4957709727,250642.69672789803
2016-11-29,112287.10925134517,85364.38062164858,40362.59931916624,251484.13359958815
2016-11-30,108636.33874163593,82588.94392699187,38810.554970404315,248269.9470369797
2016-12-01,104309.96940428077,79299.89462038687,36952.11915716525,244317.1116310884
2016-12-02,104519.74438046351,79459.37250730689,37073.72129096185,244594.90351000667
2016-12-05,106505.10583918379,80968.71006496352,37981.747138026505,246601.61528074672
2016-12-06,107053.19861555916,81385.38835235049,38230.999111011435,247150.9329326506
2016-12-07,110572.73139842668,84061.05377904304,39744.50755177064,250422.28463530084
2016-12-08,110930.3710161584,84332.94326535169,39920.73205586567,250802.43998843702
2016-12-09,113043.5642837367,85939.46279928029,40823.5568901427,252703.16098809338
2016-12-12,111667.20612774404,84893.10972916185,40281.23903975251,251594.2830090792
2016-12-13,115279.32334784955,87639.16091244499,41804.97454418865,254776.75461306295
2016-12-14,114360.3271323303,86940.50954227,41431.46341171609,254028.1889464103
2016-12-15,115044.32850024416,87460.51004371337,41737.32035995287,254663.46913513745
2016-12-16,113865.28121227844,86564.15923254826,41264.46918285915,253711.96328127923
2016-12-19,115001.0139282955,87427.58087106889,41765.960636279175,254749.92799351434
2016-12-20,116120.53195429198,88278.67556502916,42245.06294675272,255734.22713389274
2016-12-21,115788.19725194221,88026.02371376756,42117.907008496586,255487.89355760335
2016-12-22,114863.9165810493,87323.35492553895,41745.13155175687,254744.3794010154
2016-12-23,115180.44588988248,87563.99099300294,41885.98107129223,255041.09484672482
2016-12-27,116737.9258507033,88748.03885987333,42539.95083304083,256378.64359850355
2016-12-28,114243.77491541793,86851.90268549773,41522.22164344714,254344.37802648515
2016-12-29,113722.07347726522,86455.28796779545,41317.64687842285,253936.86439792783
2016-12-30,110402.99924293325,83932.01777106423,39938.06996456453,251120.76429609826
2017-01-03,113094.53095644517,85978.2093524431,41111.09631555661,253590.12692528617
2017-01-04,114629.9962718142,87145.52095647684,41758.62624482231,254932.43880141753
2017-01-05,116296.2893063379,88412.29212704716,42460.09919109622,256370.873389769
2017-01-06,118788.20781196852,90306.7311344369,43538.53638124179,258552.40207022574
2017-01-09,119894.09865660871,91147.46599364986,44000.88239014742,259478.72677779023
2017-01-10,120531.21482127876,91631.82281024009,44268.14099533407,260015.23413160318
2017-01-11,121470.49904763537,92345.89779841292,44662.28027610092,260798.0897780272
2017-01-12,120727.52922845182,91781.06752663867,44426.774428855,260350.90202829498
2017-01-13,121840.50226189477,92627.18650041854,44902.18836401791,261290.77193278074
2017-01-17,120723.55584207765,91778.04682667532,44503.96931219899,260529.57785291536
2017-01-18,121435.3433575443,92319.17127806738,44797.833389155916,261114.21199142083
2017-01-19,121101.31349969642,92065.23071343412,44670.84832829045,260878.71684371497
2017-01-20,121870.99968643334,92650.37165295874,44987.45306112935,261506.25802200282
2017-01-23,121934.98087028136,92699.01226867181,45051.50335913773,261641.60539557575
2017-01-24,124249.10292786596,94458.2845257073,45992.32363217853,263474.1592639773
2017-01-25,127659.28718014377,97050.81957663443,47353.205727244975,266084.1605821594
2017-01-26,127954.02682125026,97274.89041678209,47500.76498928955,266371.984632315
2017-01-27,128697.28659327513,97839.9411203127,47805.86964237691,266953.75176052866
2017-01-30,125918.13451315202,95727.13763329771,46728.3324057908,264959.5285762756
2017-01-31,125030.55991575391,95052.37401824375,46382.376276403425,264317.03755579324
2017-02-01,127433.03207253708,96878.81294780498,47356.4888214456,266178.8465644621
2017-02-02,127060.0217636122,96595.23815280704,47216.14956507042,265927.42270038265
2017-02-03,128010.13785294878,97317.54788208623,47595.87669483164,266651.8157828135
2017-02-06,128323.50474228707,97555.77977347652,47769.035984052585,266986.71955264825
2017-02-07,129548.26968512194,98486.88666053847,48263.16742807669,267918.85389929457
2017-02-08,130291.91257077576,99052.2286197427,48559.10098495798,268478.0386400443
2017-02-09,131391.5368942829,99888.19946197509,48993.02941876047,269289.36590341886
2017-02-10,132424.6367723788,100673.59621679358,49399.90076182985,270046.4675787294
2017-02-13,134593.86501280818,102322.71539357053,50251.334109641466,271609.61259899044
2017-02-14,135602.58119548907,103089.57485528168,50657.0613634365,272352.3491611631
2017-02-15,137892.03939480337,104830.0968301252,51557.10806147729,273977.13153818395
2017-02-16,137732.7696471225,104709.0146911941,51503.052864197176,273893.23143416824
2017-02-17,139539.17515385256,106082.30400518271,52201.962347583125,275144.0119307952
2017-02-21,141500.9969765547,107573.74595164994,52963.89309158556,276494.56434866553
2017-02-22,141576.24466465053,107630.95173716119,53002.37408975768,276573.4863530934
2017-02-23,140027.56890888483,106453.5971186646,52412.23683960374,275558.9775187109
2017-02-24,140848.07160885047,107077.3704551406,52731.767794549,276130.8778740129
2017-02-27,141159.29770560074,107313.97484507917,52854.21470197567,276356.5534624578
2017-02-28,139806.63715148563,106285.63747703005,52339.94794618336,275472.1988427031
2017-03-01,144413.43650124545,109787.87896995325,54123.866491775574,278614.7293956966
2017-03-02,142211.76419771946,108114.09474151045,53284.9349816231,277188.20948254236
2017-03-03,142992.42671563706,108707.58025165394,53585.89585840258,277723.01838370605
2017-03-06,141945.17267077597,107911.42303032079,53188.21433888984,277048.9564005359
2017-03-07,141223.45368714642,107362.74834779318,52915.751543277845,276588.8208793294
2017-03-08,141865.00945510817,107850.48029789363,53165.171851003426,277036.30614329915
2017-03-09,142172.4035641251,108084.17148380028,53285.60922285207,277258.43595700775
2017-03-10,143868.9937268704,109373.97553501462,53935.20657679747,278398.05486098764
2017-03-13,144525.49115904636,109873.06663328095,54191.969562342936,278852.83307873807
2017-03-14,143529.25170581916,109115.69239466531,53814.55394019048,278218.5041969733
2017-03-15,146199.99006883288,111146.07618209378,54833.12613968136,279986.81722622464
2017-03-16,145849.58313777213,110879.68522381753,54702.71521880985,279777.9242614319
2017-03-17,145569.53144010357,110666.78064489561,54598.279445030326,279612.9418131173
2017-03-20,145916.54494129296,110930.59180535635,54732.32890127521,279854.83263705537
2017-03-21,139477.4324053309,106035.36512216604,52278.33727555537,275685.3541413517
2017-03-22,142163.2041731409,108077.1778019903,53304.72197823644,277502.4108229777
2017-03-23,141174.62961120484,107325.63066767863,52931.34420830582,276867.43799060426
2017-03-24,141848.5106983846,107837.93739641436,53190.4287493025,277332.09607727156
2017-03-27,142635.16872025502,108435.98088729898,53492.29549630799,277869.68468911207
2017-03-28,145199.37885122877,110385.37838335847,54472.2171133201,279579.41772690584
2017-03-29,147019.56149988223,111769.14153708586,55165.39843807437,280778.3931172766
2017-03-30,147765.39637408944,112336.14991861084,55450.231288292125,281274.74673079
2017-03-31,147464.86009670765,112107.67228351912,55339.07880324229,281099.9376957248
2017-04-03,147121.33729978162,111846.5148720894,55211.73084877891,280898.2559313959
2017-04-04,147763.20479302682,112334.48380607807,55457.79141842905,281329.47983167006
2017-04-05,145975.59022806937,110975.47998858508,54784.07700113053,280204.215561626
2017-04-06,146141.8533448294,111101.8787183865,54851.41612049315,280332.9210845685
2017-04-07,145925.44133163925,110937.35513604268,54770.98613769483,280209.8067978743
2017-04-10,146174.5011729102,111126.69867894422,54867.125973884096,280387.65740471287
2017-04-11,144293.19307324346,109696.4659322176,54156.09477532617,279190.37048513384
2017-04-12,142577.9867756345,108392.50927851125,53508.756833695974,278091.81428813736
2017-04-13,140718.86709307172,106979.14490158847,52804.838419130625,276886.15735097637
2017-04-17,144263.59429468322,109673.96396012303,54150.37789840281,279251.70440216124
2017-04-18,143649.0870777707,109206.79521467203,53919.32299776442,278868.3753512262
2017-04-19,144264.4526996665,109674.61654803102,54154.56216692396,279287.75699885876
2017-04-20,147739.97303277574,112316.8222522469,55470.91780207878,281564.5286334889
2017-04-21,147605.55840968224,112214.63580249884,55421.381306168914,281494.6811183079
2017-04-24,152924.34222051007,116258.15147138521,57432.89660061587,284914.25429971924
2017-04-25,156240.03212986674,118778.84879214459,58684.71689202417,286998.4052737877
2017-04-26,155627.99821235845,118313.56033084323,58454.876809680514,286637.9626239959
2017-04-27,158147.0071129658,120228.59435402244,59405.80597475547,288206.49875887064
2017-04-28,159170.7780347313,121006.89892716218,59793.06939719526,288847.06254327245
2017-05-01,163088.3374257336,123985.1573683236,61269.42937770739,291238.7892780971
2017-05-02,164325.7457224921,124925.87615192356,61736.105989142,291992.7479646443
2017-05-03,162662.80478107094,123661.65335358754,61110.76518142387,291021.4192364316
2017-05-04,162748.6275374387,123726.89865636025,61143.78316718429,291088.34451505844
2017-05-05,164446.82579861552,125017.92523727994,61783.55272869845,292118.11470779707
2017-05-08,165564.8685532941,125867.89838110737,62204.83150976284,292796.6297819851
2017-05-09,167236.92581574988,127139.0517087255,62834.43806760651,293799.0784713254
2017-05-10,167519.33894434007,127353.75152567029,62941.40406077543,293980.4455188537
2017-05-11,166845.8219693662,126841.72160709689,62688.56028020325,293601.45313325606
2017-05-12,167940.9798307159,127674.2968968194,63100.935912760724,294259.88054281933
2017-05-15,169490.7256815658,128852.46503705218,63684.200234454984,295181.2040799961
2017-05-16,171253.79502418241,130192.80876331731,64347.714311130665,296221.07048593607
2017-05-17,158344.42994226966,120378.68172964787,59490.33079577793,288782.27875014534
2017-05-18,162219.40711013772,123324.56775399685,60949.13416146278,291157.15603497706
2017-05-19,164386.57381853843,124972.11968582528,61764.96004548903,292470.7561488385
2017-05-22,168542.66126726047,128131.71505910553,63328.63268447717,294953.45301024185
2017-05-23,168878.91632799004,128387.34729669233,63455.35926096697,295164.90490886697
2017-05-24,171256.2240866166,130194.65541705668,64349.92436974918,296566.6581265635
2017-05-25,175549.92732635787,133458.8708739996,65964.34888378713,299061.5562475982
2017-05-26,176445.91583118172,134140.03102023865,66301.31306511576,299585.69954628625
2017-05-30,177004.910662496,134564.99741098465,66511.58507425594,299917.34729491925
2017-05-31,176456.68649951022,134148.2192391435,66305.63016238293,299622.7361134935
2017-06-01,178973.89405377494,136061.8838191529,67251.94261740452,301064.1110387808
2017-06-02,184952.08431063098,140606.70211501417,69498.90262790673,304433.1188232509
2017-06-05,184620.4915756145,140354.61433190136,69374.35566062972,304267.49194886297
2017-06-06,182592.65269821312,138812.9840332498,68612.28650173968,303169.5972634973
2017-06-07,184523.24830335795,140280.68677457844,69337.92998831443,304254.53209351486
2017-06-08,185232.81662998916,140820.12412509418,69604.65736958852,304660.88381181046
2017-06-09,171683.72365160345,130519.65474978903,64512.0038507017,297246.9111798582
2017-06-12,168640.99237820832,128206.46962744262,63368.3990680501,295506.32373344025
2017-06-13,172491.99176092754,131134.1269451168,64816.166048810905,297772.5370737148
2017-06-14,170250.49853614584,129430.06953303392,63973.721173306614,296498.3158470355
2017-06-15,167901.21206265118,127644.06412199618,63090.746434534514,295150.0167457457
2017-06-16,166171.71334365243,126329.2418960291,62440.73706890987,294152.129490113
2017-06-19,174116.14020046112,132368.8583982888,65426.97803680901,298857.10498992266
2017-06-20,169946.98909070666,129199.33159708137,63860.04056130603,296487.2190872052
2017-06-21,174923.69735169108,132982.79009971875,65730.6113288898,299397.8979569428
2017-06-22,174679.36958278774,132797.04403500873,65638.85665177269,299274.54608308343
2017-06-23,176770.39331266726,134386.70955188278,66424.81178855698,300484.9970575795
2017-06-26,174421.96363433977,132601.3555049175,65542.59541122532,299170.72499018646
2017-06-27,164808.11882983556,125292.5921695632,61929.663423892685,293689.56838087545
2017-06-28,171891.1882255236,130677.37619236342,64591.638383550046,297913.1928683903
2017-06-29,162912.41952234338,123851.41874985457,61217.3698653433,292741.4099155871
2017-06-30,162370.47954535528,123439.41802440936,61013.77609956094,292432.48664215533
2017-07-03,158045.6435076754,120151.53438301706,59388.42375275804,289852.21312587685
2017-07-05,162422.6787842972,123479.10161525881,61033.479377348616,292544.8037878355
2017-07-06,158015.02187860024,120128.25480607315,59377.030893861425,289914.694668583
2017-07-07,162958.81378604422,123886.68920620195,61235.02738800178,292954.9482204853
2017-07-10,166199.1584230123,126350.10655463765,62452.796520679985,294913.39669204626
2017-07-11,167553.22161759564,127379.51025644143,62961.663834005296,295730.9636372453
2017-07-12,173624.33037116466,131994.96827197386,65243.09578407414,299319.5510265284
2017-07-13,174906.1829407911,132969.4750642851,65724.79879451764,300073.0235067599
2017-07-14,178939.52528305896,136035.75554098765,67240.44127509781,302396.4975550208
2017-07-17,179074.7677456095,136138.57134171802,67291.26686077844,302489.6890011519
2017-07-18,182770.21227886065,138947.9707091602,68679.92352692818,304587.47085455316
2017-07-19,186114.9719237885,141490.7678060062,69936.79728515018,306462.62345989194
2017-07-20,186574.4201752788,141840.05558870596,70109.44752548338,306732.03595170344
2017-07-21,186585.5409363381,141848.50995970366,70113.62761178263,306755.37550831423
2017-07-24,188442.8834156948,143260.5232478689,70811.56689256274,307790.4758621889
2017-07-25,187404.520278775,142471.12518931614,70421.37932669796,307242.4474519251
2017-07-26,189289.8477939132,143904.4136288509,71129.83390316657,308290.0285622829
2017-07-27,186055.48495337515,141445.54384024334,69914.45031322437,306551.459608481
2017-07-28,185272.37413835293,140850.1970535267,69620.17946711954,306138.5999414163
2017-07-31,182565.0850591002,138792.02620065658,68602.85557001957,304664.6614464621
2017-08-01,183929.37475646115,139829.20442868472,69115.51839683524,305440.77968444204
2017-08-02,185695.36710776258,141171.7703229938,69779.12965800246,306435.5926018497
2017-08-03,183507.89419468612,139508.7809416088,68957.13841614165,305249.6402196829
2017-08-04,184303.83923739343,140113.88473342068,69256.23263957787,305708.2104097781
2017-08-07,187548.9218314815,142580.90403383164,70475.64437965877,307519.70413366455
2017-08-08,186736.07750988036,141962.952850317,70170.20024788735,307092.8059250494
2017-08-09,186059.86049719347,141448.87027361954,69916.09683767741,306739.4649974077
2017-08-10,173669.8673930844,132029.58702471806,65260.28247867314,299948.0480464548
2017-08-11,177553.97170965266,134982.41180989926,66719.8211278093,302201.09065936535
2017-08-14,184537.0087691706,140291.14793658536,69343.85175476216,306179.92522871745
2017-08-15,184477.69742371698,140246.0574867355,69321.56425538249,306164.4160812369
2017-08-16,185367.36426073549,140922.41169166658,69655.87624176298,306673.88087092375
2017-08-17,173968.5575004112,132256.66114016876,65372.52284388211,300405.0965295616
2017-08-18,173464.4143797833,131873.39483717098,65183.080035098086,300131.88288961304
2017-08-21,173054.69654207173,131561.91376263733,65029.11959364653,299912.53400699707
2017-08-22,180824.4720601183,137468.7545308206,67948.78430330358,304417.9449683058
2017-08-23,178816.31690888034,135942.0884529373,67194.17570917666,303308.22941615357
2017-08-24,177209.19828260844,134720.3036280192,66590.26543997711,302416.6958756954
2017-08-25,176106.58892907613,133882.0634670651,66175.93565919269,301806.55679647805
2017-08-28,177500.31694466394,134941.6216799262,66699.65971806052,302619.7806866472
2017-08-29,179677.47686388655,136596.77078170513,67517.77559153455,303874.151007617
2017-08-30,186166.33041121345,141529.8122296976,69956.10545816206,307549.34067650797
2017-08-31,191391.4722907292,145502.1381999626,71919.56778581797,310444.0469583086
2017-09-01,191305.73152837687,145436.95523175693,71887.34880298184,310415.1409407506
2017-09-05,185999.30736228917,141402.83577428767,69893.34286347848,307562.50082271127
2017-09-06,187711.8114157051,142704.73809243078,70536.85403922715,308523.70500457694
2017-09-07,188940.7574254675,143639.02356509343,70998.65761280722,309214.3490621507
2017-09-08,184081.27612796886,139944.68488392833,69172.60031570298,306580.7753631659
2017-09-11,190335.35477881288,144699.24267731974,71522.70833297959,310069.9917601157
2017-09-12,191759.5486242424,145781.9620233857,72057.88058794336,310860.7943689663
2017-09-13,192579.47956263754,146405.30068777286,72365.98772562238,311321.33248765464
2017-09-14,189139.18544916107,143789.87512279683,71073.22132001273,309484.99000127416
2017-09-15,190944.13365593125,145162.05654907436,71751.47042564515,310486.8562110718
2017-09-18,190267.41670541832,144647.5939030782,71497.17910319606,310137.51642635046
2017-09-19,191199.43745116633,145356.14695264702,71847.4064586755,310661.35200123105
2017-09-20,189508.21436402138,144070.4231301199,71211.8920755046,309762.8485130872
2017-09-21,185806.63393452036,141256.359051061,69820.94157270428,307763.4420302723
2017-09-22,185545.27968127918,141057.66888885523,69722.73194660577,307636.4442771464
2017-09-25,179431.0624462514,136409.43837749667,67425.17994165346,304274.58855657297
2017-09-26,180697.09068854924,137371.9149918991,67900.91798212634,305007.32666894526
2017-09-27,185882.61591816778,141314.12307237845,69849.49347921312,307942.1058819391
2017-09-28,185421.24478463377,140963.37345104234,69676.12309799647,307704.6408855112
2017-09-29,189737.57789637102,144244.7928864238,71298.08048251667,310109.5758376105
2017-10-02,189968.5590661905,144420.39242432595,71384.87675249293,310252.8487933844
2017-10-03,191201.96866423043,145358.0712646797,71848.35761782256,310941.7502134714
2017-10-04,191545.02851953695,145618.8767325526,71977.2699263128,311145.1971644254
2017-10-05,197111.05156946724,149850.35186225388,74068.82587311749,314176.49944008794
2017-10-06,197817.21718480933,150387.20235891282,74334.18318101008,314569.34869645425
2017-10-09,197206.9337743225,149923.244691045,74104.85572674165,314263.54150521837
2017-10-10,197675.06168600454,150279.13103898714,74280.76511640113,314529.873688698
2017-10-11,198492.39723688707,150900.49660379978,74925.14335876147,315457.0607067113
2017-10-12,197570.251968484,150199.4512192917,74501.6750173605,314880.4856580408
2017-10-13,199214.39684283605,151449.38462471188,75321.43710508924,316053.0923323761
2017-10-16,200871.98368663687,152709.53706065106,76133.02926333786,317206.02236194623
2017-10-17,201437.478007241,153139.4445784889,76427.44663857722,317632.74848302605
2017-10-18,200680.01418841747,152563.5954879896,76110.70065015736,317211.8056582817
2017-10-19,198923.01092841552,151227.86339870273,75291.82438442466,316092.00934106443
2017-10-20,200119.8858296253,152137.76735210014,75885.0861022722,316939.9944291263
2017-10-23,196894.14541602775,149685.45261812123,74350.1578105929,314820.89582187746
2017-10-24,197691.49043787204,150291.6207204555,74798.38470418059,315471.236510454
2017-10-25,195699.7567417655,148777.4387768201,73861.81908953052,314172.2784071269
2017-10-26,194314.22090766885,147724.10853174265,73226.30119545717,313288.87879764586
2017-10-27,208201.82546527384,158281.92562475087,79608.12975862819,322407.7559314682
2017-10-30,209294.76872602184,159112.8173017244,80143.09997152221,323148.0789135528
2017-10-31,211014.91839366395,160420.53206910804,80944.90785354415,324243.91211714275
2017-11-01,210916.0848319787,160345.39552107375,80940.4655213071,324256.2942906247
2017-11-02,209757.5050762051,159464.6048059881,80456.11981272759,323627.8282651088
2017-11-03,214752.583212183,163262.02869620535,82739.07496984076,326707.10422518995
2017-11-06,216279.83131292957,164423.0933014397,83441.8295449445,327650.53287016036
2017-11-07,216592.0704054568,164660.46780432932,83717.92794108957,328030.42369777855
2017-11-08,218787.91772980575,166329.8236906152,84704.29066261783,329337.23367068823
2017-11-09,215686.4799839033,163972.00796287265,83350.49934732639,327601.284546286
2017-11-10,215191.8214394152,163595.95214888858,83217.93649208538,327446.1126812777
2017-11-13,215775.41573087565,164039.61986423907,83491.14083866765,327822.94233659556
2017-11-14,213631.42653893027,162409.68824831108,82589.11322730906,326660.87254299055
2017-11-15,210387.907162362,159943.85735764942,81192.1082197287,324837.48655504046
2017-11-16,217515.2121609665,165362.2707513504,84328.1307220791,329038.08625364
2017-11-17,215207.73904481225,163608.05323987541,83336.90865444824,327767.46158712095
2017-11-20,214610.40603849886,163153.94089831828,83095.14516266057,327469.0191535026
2017-11-21,220907.7068852232,167941.35763700656,85853.84954642954,331111.4340591553
2017-11-22,221554.0368877606,168432.71911840595,86147.88133288648,331508.13192279125
2017-11-24,223672.87729751927,170043.53179691476,87077.11464336708,332718.7924405937
2017-11-27,223304.6720539174,169763.6099717713,86933.26953122349,332554.3757426833
2017-11-28,224825.24352036338,170919.5987784077,87600.1542781251,333423.52548419667
2017-11-29,214393.97023096023,162989.39922672248,83042.26041533775,327659.60901719326
2017-11-30,219180.56897237364,166628.33017408964,85172.75514509417,330480.2113678829
2017-12-01,216365.62254907272,164488.31464149343,84051.96587295624,329050.50373667834
2017-12-04,209638.08010171205,159373.8139837261,81091.89948411194,325207.5729990037
2017-12-05,209679.53027097735,159405.32577568144,81137.80022939162,325288.5051554362
2017-12-06,212094.42735675254,161241.210547911,82214.47454010966,326746.90972079366
2017-12-07,214057.9094157751,162733.91466103404,83115.95506134418,327960.8334198327
2017-12-08,216583.04573669704,164653.6069521431,84223.69113452191,329437.5485674957
2017-12-11,221098.47664752541,168086.38713067543,86178.67046507762,332006.3165884994
2017-12-12,220067.67980174205,167302.74121732236,85755.2036692392,331482.49161130324
2017-12-13,221000.32105987208,168011.7660009621,86189.96005232367,332062.6183670114
2017-12-14,220491.43013008367,167624.89025614152,85988.0922354188,331823.35936258256
2017-12-15,227755.40066148725,173147.20131572336,89063.41000267176,335799.15807275154
2017-12-18,232332.81963668158,176627.1068745047,90993.68660980137,338245.2999469931
2017-12-19,229030.1943258642,174116.3416943963,89617.437032515,336560.3743380948
2017-12-20,228170.36104124374,173462.66794440954,89267.89545977226,336143.0597777131
2017-12-21,228139.65081060154,173439.32100961887,89266.84121393965,336161.9673368934
2017-12-22,227345.12674587846,172835.29749234885,88945.96714367653,335779.41570814786
2017-12-26,224171.33339259418,170422.47463467097,87615.11701177938,334124.92972811696
2017-12-27,224306.49236365393,170525.2269624039,87686.85266563743,334236.2283484213
2017-12-28,224834.4863179607,170926.625459363,87933.5939070653,334569.8458507772
2017-12-29,220444.9652701267,167589.56613018137,86081.07587169921,332240.4943685662
2018-01-02,231422.68910326634,175935.19548959288,90710.60277878381,338217.533231913
2018-01-03,237865.02186369582,180832.87029411216,93393.92051681827,341573.8199581582
2018-01-04,238718.1505659518,181481.44699845687,93757.02337826653,342038.0358257049
2018-01-05,245826.47442623076,186885.4303019413,96681.0314140376,345615.33962629084
2018-01-08,248257.05793932875,188733.24041592653,97687.11249786105,346835.99248812255
2018-01-09,248350.4483981454,188804.23893682542,97733.10256493176,346912.3051024058
2018-01-10,246663.6018090609,187521.84227312097,97050.71508973617,346126.7953530501
2018-01-11,251533.95630700575,191224.44712150376,99042.0093995871,348515.92003327433
2018-01-12,256951.9619495204,195343.39451414332,101247.09463366306,351124.37889003404
2018-01-16,254537.96164791085,193508.1915069477,100273.41076693631,350020.9563644165
2018-01-17,262571.397936939,199615.47592853993,103527.35331319447,353829.1829070797
2018-01-18,262651.66645702673,199676.4987168759,103565.32170764206,353894.76316231536
2018-01-19,265202.7980482219,201615.95347369244,104599.97167489403,355095.5987067101
2018-01-22,273380.67547079525,207833.046830465,107891.23198472284,358842.3896752055
2018-01-23,280024.1954439724,212883.67081962098,110558.35536519611,361821.9500016738
2018-01-24,274743.97212548833,208869.47011455667,108444.33784732933,359538.61270053015
2018-01-25,274335.51678189175,208558.94882987672,108288.13866884707,359388.6758734496
2018-01-26,286825.10108685127,218053.9446092071,113285.77497562868,364940.10083273123
2018-01-29,282593.22604038677,214836.73299321457,111595.61309904237,363148.2245006206
2018-01-30,275663.3301304772,209568.39652907284,108823.52552847877,360164.2131332473
2018-01-31,277883.613515034,211256.32951791646,109717.95010402708,361173.672103313
2018-02-01,272115.36804467335,206871.11820440076,107408.41834562886,358662.35484064097
2018-02-02,255768.47550267805,194443.668907327,100802.6994378352,351332.38871642505
2018-02-05,227252.3189531317,172764.74193350048,88964.66894486955,337601.4342707286
2018-02-06,244173.2456627743,185628.5910230668,95941.2699218069,346447.71554102626
2018-02-07,235376.88802940247,178941.30851926235,92304.66163149539,342092.3543319913
2018-02-08,208549.00048481344,158545.85957681263,80685.40625471281,327759.9025194216
2018-02-09,217946.01001066357,165689.77754939432,84766.85113636254,333307.2118016082
2018-02-12,228290.79064094648,173554.22251603994,89165.33591380707,339093.34583263175
2018-02-13,231148.5031839438,175726.7502697078,90385.24027390585,340661.25174245157
2018-02-14,243178.0958934903,184872.0451982869,95387.73235649179,346967.6202584499
2018-02-15,255661.06160389402,194362.00930275625,100516.1885685246,353207.7630120704
2018-02-16,252980.04289091114,192323.81005268433,99427.64947745689,351955.1221643975
2018-02-20,253894.96204352242,193019.3619045601,99813.66151382678,352432.891895695
2018-02-21,251637.33830887932,191303.0415444629,98899.471680737,351379.2484609983
2018-02-22,251860.42770770274,191472.64149659267,99001.44007562526,351522.2727106432
2018-02-23,266375.28361458937,202507.315846703,104908.38903621549,358535.77040641196
2018-02-26,276777.8648749881,210415.70276734742,109117.16326811542,363353.1342630652
2018-02-27,266468.9983766059,202578.56091363888,104947.39447673736,358747.80229495175
2018-02-28,261261.25874411868,198619.46470811643,102839.28685694425,356368.4433843404
2018-03-01,249759.2857459895,189875.28376465288,98150.71043875339,350976.1048554615
2018-03-02,256158.40782773605,194740.10837963034,100777.31611844746,354129.9955971543
2018-03-05,263779.0866480277,200533.60089847815,103882.47694773934,357790.4394134419
2018-03-06,267272.9949103075,203189.7857156574,105306.8979737636,359449.2838645138
2018-03-07,269069.14463156305,204555.2782417453,106041.75515796887,360309.022545268
2018-03-08,273230.467047616,207718.85341062947,107728.90774490584,362243.58038686594
2018-03-09,288754.1031535032,219520.4358897781,113966.67996058003,369258.99654972315
2018-03-12,292301.650685752,222217.39905710312,115393.86000234557,370824.65538041876
2018-03-13,282023.42910824507,214403.55448753663,111271.91860664987,366433.67021179316
2018-03-14,281320.17791988084,213868.91963482375,110995.95765670115,366154.83409609203
2018-03-15,280089.59146456904,212933.38704110507,110508.60492063215,365643.0103139276
2018-03-16,278746.4682970312,211912.3003103138,109975.08531653477,365078.6240525598
2018-03-19,260688.0580438571,198183.698545144,102673.22044822467,357022.7497380559
2018-03-20,262963.6073226488,199913.6464977917,103604.34837818725,358125.48247735424
2018-03-21,259266.6849467307,197103.1236253919,102125.7141058883,356445.311667986
2018-03-22,240552.94752837057,182876.32043769342,94459.9577618013,347550.24998180574
2018-03-23,222881.23017756763,169441.69542837553,87061.91371248149,338499.79306022
2018-03-26,246714.60502728916,187560.61660939862,96913.12524294929,351289.3323188744
2018-03-27,223683.1634362687,170051.35166038058,87258.58604417443,339647.21374008525
2018-03-28,217138.37857826153,165075.78937695638,84480.26374820831,336064.74173565366
2018-03-29,228225.33864813845,173504.4637426263,89189.47074020743,342331.2852068571
2018-04-02,210168.45694421852,159777.0240312417,81440.37194487453,332441.1001349015
2018-04-03,216102.39267203413,164288.1985679357,84028.22313392477,335985.75687083893
2018-04-04,225330.18045965745,171303.46856865523,87967.40428853505,341259.6996196153
2018-04-05,228578.57116957288,173773.00280831885,89354.22489404744,343077.09777325206
2018-04-06,213170.82172480389,162059.52120837732,82771.88396627264,334676.94819317874
2018-04-09,216597.80879307695,164664.83031671584,84270.66477859704,336720.583154312
2018-04-10,229812.25707005992,174710.89170294703,89865.2059009876,344195.69853811024
2018-04-11,226595.51109095576,172265.41483606334,88531.09331786541,342516.68899639713
2018-04-12,233544.02956336754,177547.9087892008,91456.43514451254,346313.4418047138
2018-04-13,230711.85048735474,175394.79242308036,90292.77202889137,344869.0631294374
2018-04-16,235234.01311780664,178832.69027789816,92194.33324910681,347314.35232997756
2018-04-17,249394.93269716337,189598.29050560444,98031.5585718491,354668.8343703172
2018-04-18,251104.67686260623,190898.09466547295,98744.3873290678,355553.4882932548
2018-04-19,244872.96564709127,186160.5413374711,96202.27559192016,352527.3892692127
2018-04-20,233768.7927277972,177718.78119339774,91624.68505412922,346960.80932190776
2018-04-23,231817.38939531695,176235.25972837076,90830.63971839513,345982.9842671726
2018-04-24,218146.3491947308,165842.08203453218,85090.4545998241,338719.06405333953
2018-04-25,218508.94401727314,166117.73863170808,85270.31615051744,338981.60257671773
2018-04-26,231176.7691923499,175748.23902577534,90587.87935339937,346051.94009995623
2018-04-27,231758.604127647,176190.56922028144,90849.01923233355,346408.8617867226
2018-04-30,226698.83099635746,172343.96205122728,88757.07348023924,343774.4095687468
2018-05-01,234036.78437448113,177922.51732200122,91823.864519461,347758.1751075517
2018-05-02,230238.36103561148,175034.83005475116,90265.773101409,345815.8343349931
2018-05-03,230064.2477572246,174902.46337199843,90212.30185829688,345772.0224623315
2018-05-04,242445.23385602186,184314.899197052,95317.82327045691,352319.42500788043
2018-05-07,247837.15724118846,188414.01799352787,97532.75689496157,355073.3476006814
2018-05-08,247098.86042580288,187852.74029406148,97244.93645895927,354749.1997878662
2018-05-09,255232.63084237024,194036.30204356517,100558.44842900913,358803.53121939907
2018-05-10,262793.68902593054,199784.46897908667,103622.64460927821,362473.3849963454
2018-05-11,261516.96386797642,198813.86021500433,103117.44092513523,361909.96649244096
2018-05-14,262760.44480672624,199759.19562223795,103628.39989687351,362533.34657340986
2018-05-15,254322.45181583439,193344.3537925765,100228.79339151453,358594.61028345244
2018-05-16,258738.9424104119,196701.9162647169,102023.11069986748,360759.8661694012
2018-05-17,255530.1197396843,194262.4629593671,100757.05819776119,359293.1168250908
2018-05-18,251631.41685704212,191298.53986059342,99193.32900451573,357459.82412262476
2018-05-21,255789.48358213957,194459.6399453494,100881.72242017834,359513.2569850402
2018-05-22,254432.25633720175,193427.83082763845,100345.55190287386,358901.7798897071
2018-05-23,260888.68112131034,198336.2188554395,102951.97505477919,362034.60694484325
2018-05-24,260396.63549614546,197962.14946929322,102762.92892145336,361838.6311026223
2018-05-25,261576.77362156234,198859.3295712291,103246.15960705065,362431.4053922041
2018-05-29,257712.24323752068,195921.38553805588,101701.82114228002,360649.99124229833
2018-05-30,263127.81879500387,200038.48549954372,103882.44699037434,363253.1227734668
2018-05-31,262109.83680500786,199264.5818641274,103481.8418881391,362811.887750446
2018-06-01,275004.0085881112,209067.15844867483,108643.55017228193,368871.1067821773
2018-06-04,281829.6956980581,214256.27193055756,111371.22252756428,371985.4173734129
2018-06-05,284498.7276274099,216285.35843058059,112438.63837256489,373201.32996538986
2018-06-06,289571.71526987944,220142.01170884192,114461.13563330863,375466.5861419765
2018-06-07,282666.6455856489,214892.54896397563,111717.36324612428,372494.2188435206
2018-06-08,282589.0641504344,214833.56898658574,111690.72340656255,372492.1537267446
2018-06-11,284389.2940179912,216202.16337507064,112416.89780283571,373326.96812004526
2018-06-12,289155.3195264346,219825.45386912505,114314.78558390413,375455.4806213186
2018-06-13,288633.8557561686,219429.0198344244,114111.09710387568,375260.2443277265
2018-06-14,297480.1290308996,226154.24986253827,117625.47477064523,379140.3959821956
2018-06-15,294517.9233765707,223902.28298368925,116452.62677885039,377908.28929994814
2018-06-18,293939.4711503082,223462.52443666334,116225.68314980881,377690.7424826999
2018-06-19,291054.2614170531,221269.09240795593,115084.47367644074,376482.49919947895
2018-06-20,297345.53564800764,226051.92751366895,117582.52205868589,379234.34040815855
2018-06-21,289574.13113003667,220143.84832577297,114502.3358875213,375950.9134124863
2018-06-22,287127.9993021902,218284.21786778688,113534.17082279676,374919.10457751347
2018-06-25,268102.4039834301,203820.3299720832,105976.77227031511,366628.0005889899
2018-06-26,271463.9374326538,206375.87907068548,107317.37019390246,368201.0482834227
2018-06-27,260127.4315514166,197757.49171155153,102813.23749867252,363077.11514130596
2018-06-28,266964.62817756814,202955.35510897313,105538.46772068704,366311.9426831944
2018-06-29,267952.4963037645,203706.36518743067,105936.83491747665,366799.92409631604
2018-07-02,274384.6880913272,208596.33048839742,108493.93865311761,369779.19194326864
2018-07-03,264718.42205166083,201247.71479331213,104658.3673795329,365449.8302238586
2018-07-05,274422.5970773896,208625.15015555947,108513.66704540366,369965.08011185547
2018-07-06,286663.6605742315,217931.21218285008,113368.89178485223,375511.0968168711
2018-07-09,294794.5359937597,224112.5730596909,116591.49640316144,379097.8281402051
2018-07-10,295546.22608256974,224684.03276934524,116890.41088444689,379450.73590170225
2018-07-11,290801.27160577534,221076.76117165186,115012.3629194486,377447.5177186082
2018-07-12,305462.7396787236,232222.89494778975,120818.07165151293,383827.3829333287
2018-07-13,306602.56138598896,233089.4251729291,121269.9184621696,384335.16896851215
2018-07-16,304319.2935705209,231353.6093329783,120366.91970466451,383410.5583575322
2018-07-17,309973.0752902375,235651.8015109716,122605.00177948775,385816.178254535
2018-07-18,308195.4959221249,234300.42678259476,121902.09627452999,385108.31852055836
2018-07-19,303422.55594865646,230671.87968314614,120013.81324935255,383149.2478377353
2018-07-20,303109.90981506574,230434.19573415443,119890.60699945016,383047.37709622417
2018-07-23,305725.8882743209,232422.94922850287,120926.2249105298,384179.53643995203
2018-07-24,309964.0357562472,235644.92935774464,122603.5161221674,385985.09523158893
2018-07-25,322761.1233143623,245373.69929797194,127666.62132797677,391327.84205647587
2018-07-26,308805.9192974434,234764.49085636495,122145.7894131793,385716.83197163785
2018-07-27,295745.8525286904,224835.79540748266,116978.61269183095,380307.23221906665
2018-07-30,283098.0196208174,215220.49379730475,111973.74892980504,374912.5150576086
2018-07-31,287639.83602428704,218673.3331015171,113771.81791625469,376947.9050252969
2018-08-01,292472.78510015213,222347.501108761,115684.66137508593,379089.2140988989
2018-08-02,304397.9040000433,231413.37158593268,120402.99873511588,384272.0163216455
2018-08-03,307240.1667407219,233574.15388801257,121527.62333310866,385497.7763551057
2018-08-06,312612.31245135656,237658.23704105784,123652.9408653537,387774.43853457895
2018-08-07,315545.3322994635,239888.015903066,124813.29313737727,389016.985751386
2018-08-08,316370.6002017658,240515.4119042336,125139.83400433685,389385.92984209175
2018-08-09,315991.5132791376,240227.21746617495,124989.95399241602,389260.192970908
2018-08-10,308494.5546079579,234527.7811036373,122024.51400028524,386211.44765416527
2018-08-13,307555.1112069854,233813.5851056479,121652.97444540304,385848.94622555055
2018-08-14,313240.89260836306,238136.10450181697,123902.11423846528,388256.2744414884
2018-08-15,301518.45064213907,229224.31574448067,119265.20759613505,383442.54597535136
2018-08-16,303885.02461858455,231023.46368801146,120201.38945478859,384475.09908757155
2018-08-17,304238.7783004518,231292.39895713155,120341.37857665094,384653.6992731516
2018-08-20,303433.63272353716,230680.30061439367,120022.9286038022,384343.7641073112
2018-08-21,306573.0272639582,233066.97235487052,121264.7537869124,385698.6443543905
2018-08-22,309927.66292631766,235617.277527369,122591.70655571284,387134.93173669215
2018-08-23,308531.31088604155,234555.72444400372,122039.38786509637,386583.085998438
2018-08-24,317416.7002482825,241310.69181779242,125554.01712055337,390323.6777180826
2018-08-27,326746.184830862,248403.2750913401,129244.29777178618,394177.59634405933
2018-08-28,328136.7184706512,249460.4048338867,129794.32443272117,394766.84999285504
2018-08-29,339779.24031913583,258311.43566989515,134399.52037803663,399465.8502355651
2018-08-30,337395.6271783471,256499.33398910836,133456.68352775168,398562.2302645222
2018-08-31,338915.83209674875,257655.0441337774,134058.00012354951,399191.25105728215
2018-09-04,334580.2818117675,254359.01516661432,132343.0752669607,397519.9348502648
2018-09-05,321481.84293273743,244401.14796819838,127161.9937031922,392363.2101897373
2018-09-06,312444.997327468,237531.03854058348,123587.47353268559,388717.1319206437
2018-09-07,309513.5265722481,235302.43735031082,122427.93175779853,387531.51694490213
2018-09-10,311640.7670390181,236919.6360304607,123269.36091043818,388449.32019220997
2018-09-11,319146.4463244807,242625.70209289773,126238.22896335651,391597.90113593976
2018-09-12,316568.88192573737,240666.15224004138,125218.67457039232,390573.96549627255
2018-09-13,325856.4433463703,247726.86413692683,128892.36519908773,394423.7676346712
2018-09-14,323711.0506627562,246095.8655401334,128043.75611815848,393588.6784432757
2018-09-17,309402.52336017025,235218.04903085704,122384.02477176778,387820.0593301452
2018-09-18,316802.4394760084,240843.7104277205,125311.05816455092,390941.87324857444
2018-09-19,316234.1069712028,240411.64522822123,125086.25450571426,390738.34601720684
2018-09-20,326152.4604330313,247951.9061335079,129009.45462255555,394853.61550132895
2018-09-21,321192.91428304877,244181.49483624965,127047.7084406177,392882.7593015795
2018-09-24,323403.4216789974,245861.99579466638,127922.0736169896,393814.45754409925
2018-09-25,325207.35331621853,247233.4043910929,128635.61794035697,394577.1584956758
2018-09-26,325142.1756407319,247183.85416279532,128609.8369410141,394581.33102188795
2018-09-27,333663.9740838093,253662.40767375514,131980.63036714715,398059.1176661168
2018-09-28,333358.45768876176,253430.14398821833,131859.78349862742,397968.42678478506
2018-10-01,335632.36207331525,255158.84143776936,132759.2253244705,398906.62269178504
2018-10-02,333310.7046918972,253393.8405779039,131840.89482284093,398020.2425083321
2018-10-03,334450.2419596808,254260.1545627255,132291.63826118156,398507.15849844116
2018-10-04,315021.80286933214,239490.01148529854,124606.72817990958,390824.0094404008
2018-10-05,303484.303051616,230718.82187655082,120043.07547216912,386085.4952521486
2018-10-08,297746.0461454909,226356.40886311402,117773.31061140295,383684.4643734603
2018-10-09,299976.4273047585,228052.01851484075,118655.53684564786,384674.6356347128
2018-10-10,259987.5948392943,197651.18321008526,102837.97269018242,367613.62410530803
2018-10-11,252149.41726124933,191692.340929672,99295.29281780525,363423.0798681719
2018-10-12,269745.87344411644,205069.74990565766,107540.7115778922,373512.9841168889
2018-10-15,261176.9675579571,198555.38375575672,103530.3028054915,368901.24237312813
2018-10-16,280904.9898595124,213553.27991579316,112640.48804144056,379752.66185130144
2018-10-17,281034.05304137897,213651.39802262268,112722.3951906475,379876.5050128483
2018-10-18,264788.21510221105,201300.77378264442,105150.476200662,371402.47760821786
2018-10-19,263853.73074735136,200590.34781580738,104738.82243028433,370948.90714197734
2018-10-22,266968.58837732027,202958.3657840296,106222.27718937624,372731.26236897474
2018-10-23,264712.90339522384,201243.51932785095,105197.36372679204,371563.67281387775
2018-10-24,234865.80397489542,178552.76548837067,90569.83770763385,354373.00476165296
2018-10-25,253647.09026214018,192830.92156414746,99647.96974721736,366242.69226997695
2018-10-26,239297.20499213194,181921.66335781163,92643.00498032666,357691.42297015025
2018-10-29,227807.9194269124,173187.12782119156,87008.87871572484,350470.31728745805
2018-10-30,235196.6377216092,178804.27626342984,90734.13945229154,355501.4249991287
2018-10-31,248012.1780432909,188547.0746058764,96992.36292492232,363704.5475322339
2018-11-01,256843.461016204,195260.90850990673,101237.74026677135,369041.5731578916
2018-11-02,247486.3778035746,188147.34384342865,96756.46286786524,363627.3758630084
2018-11-05,244944.32399937487,186214.79032104096,95563.78654807298,362163.8246092617
2018-11-06,249277.53650296282,189509.0420293361,97685.64475941395,364874.6889785321
2018-11-07,268335.83116868197,203997.78905195568,106653.20149584589,376070.5201171886
2018-11-08,264017.1577232663,200714.59041737457,104655.49731030951,373754.0689812859
2018-11-09,252914.17375810575,192273.73415562458,99398.11982731799,367526.9402518217
2018-11-12,234752.12668081318,178466.3442431825,90481.98668102222,356568.6049399389
2018-11-13,234798.23170342055,178501.39480886783,90537.59663046124,356671.6034704325
2018-11-14,229865.54631119457,174751.4039495762,88094.15640615445,353492.9290645377
2018-11-15,239277.14610590192,181906.41392793134,92785.46058639167,359797.508453038
2018-11-16,237212.31325619013,180336.65958588722,91822.1891021279,358582.62541199115
2018-11-19,219570.8595363104,166925.04199145728,82815.96328261572,346889.0854610231
2018-11-20,211329.9000736312,160659.99157783383,78464.06099548849,340841.9887560845
2018-11-21,214495.51916740116,163066.60009260866,80206.24680874066,343393.25912789046
2018-11-23,211095.96346946302,160482.1452208237,78423.98741589874,340878.59363702266
2018-11-26,221435.72789103814,168342.77669941838,83852.10553050537,348771.86556657316
2018-11-27,222998.41196921506,169530.78090871975,84692.02500577806,349965.67229146545
2018-11-28,239131.34065956055,181795.5677969624,92725.90479874767,361060.97426418425
2018-11-29,237227.45752697808,180348.17276228295,91866.97681596247,359976.45525239606
2018-11-30,241733.8606765411,183774.08973760385,94114.00344440153,362941.64764626755
2018-12-03,251124.5621568634,190913.21212498425,98692.61908380804,368858.469286309
2018-12-04,228409.7486305135,173644.65832088963,87483.7068179886,354925.89464098605
2018-12-06,231673.89190830223,176126.16818454675,89152.93636976858,357213.74716801743
2018-12-07,214542.81359971163,163102.5548869564,80314.5733559641,345440.03515532846
2018-12-10,219296.2277559581,166716.25781324576,82830.30049991031,349076.4778068531
2018-12-11,220735.62035981816,167810.5317590186,83614.34050232926,350207.8530459577
2018-12-12,224995.0154002627,171048.66498619592,85833.22701481082,353335.7569303586
2018-12-13,225189.62998685747,171196.61744267435,85969.92032938274,353553.6573398079
2018-12-14,212482.1925992472,161536.00253225234,79360.94909448524,344524.15016259777
2018-12-17,202702.9740922288,154101.5166292733,74054.90197045513,336875.4690089396
2018-12-18,205261.08007904893,156046.2735527117,75527.06214982228,339136.6723056036
2018-12-19,195986.64314301463,148995.5393238436,70327.99652903785,331384.0551500348
2018-12-20,190270.22376932373,144649.72792605957,66995.95153095755,326178.9944497624
2018-12-21,180219.9388469897,137009.1683534935,60653.35054122729,315913.7210233177
2018-12-24,173764.48712380347,132101.52007884398,56212.05053123682,308229.98591834836
2018-12-26,190100.49519749844,144520.69464250404,66590.14623139039,327225.33451635775
2018-12-27,191356.8160326293,145475.79136436334,67392.10460055362,328567.0389379034
2018-12-28,191087.86224749044,145271.32378622994,67282.15098672103,328416.55406251975
2018-12-31,193425.04866857512,147048.13033654046,68705.14028850048,330760.038330907
2019-01-02,194869.67355369142,148146.3820358743,69697.8020363925,332382.5266781524
2019-01-03,183139.33240052743,139228.58805491932,62658.07992543326,321221.6039192774
2019-01-04,197404.0804629973,150073.12213541544,71071.56271874605,335627.7461432731
2019-01-07,201191.9578945689,152952.79205454251,73234.67751137009,339062.7379014363
2019-01-08,204987.67119007013,155838.4190570378,75373.90796069859,342394.4224666797
2019-01-09,208001.3955909115,158129.55219384615,77044.69491393567,344954.9057121692
2019-01-10,209215.13350080678,159052.27596513228,77738.64840538864,346021.3926656945
2019-01-11,207812.37814764687,157985.85487116541,77035.1001055299,345008.43615463603
2019-01-14,203787.2514422466,154925.82019380078,74906.85818313887,341862.0679246303
2019-01-15,211960.93212968815,161139.72305348475,79310.26250372453,348591.385637166
2019-01-16,211769.21360961103,160993.97228272218,79256.15331167742,348543.2347207085
2019-01-17,215032.87709970825,163475.1173958804,81019.425078563,351159.1232356056
2019-01-18,219572.84434704954,166926.55091033987,83397.01713410948,354625.5095036202
2019-01-22,209735.0800263174,159447.55654010235,78299.09386548329,347431.2800169169
2019-01-23,210389.30408274807,159944.9193428082,78706.01456040013,348064.16790411883
2019-01-24,213219.08438206438,162096.21207941044,80243.33886072203,350361.43147893087
2019-01-25,219012.61249851916,166500.64409812266,83273.99878429006,354803.57353444264
2019-01-28,212485.58059740404,161538.5782006986,79934.70515097279,350092.70240340754
2019-01-29,207952.02583564073,158092.01967022673,77616.60695653567,346739.74327532214
2019-01-30,219744.35575708037,167056.9395665662,83749.10374453929,355902.68413383677
2019-01-31,226886.34284102675,172486.51476797427,87383.6732990175,361082.986147428
2019-02-01,224388.51100304368,170587.58024941635,86177.75604312826,359454.2128836606
2019-02-04,230662.44601552852,175357.23350678547,89335.93850861226,363877.3163390451
2019-02-05,235451.84570411028,178998.29382698785,91765.9033741744,367208.99683724716
2019-02-06,232894.8746637727,177054.39972746727,90732.69127206372,365863.6215845431
2019-02-07,225337.0459361014,171308.68793130724,87111.29122696497,361028.7350347722
2019-02-08,225800.63232699264,171661.12166467973,87402.63072850443,361463.4507925947
2019-02-11,224953.3821470544,171017.01400776143,87235.65403725435,361265.5406598798
2019-02-12,232947.3305172317,177094.27840517444,91214.2748736443,366789.96453026286
2019-02-13,232862.94776632547,177030.1278422622,91243.55845514548,366861.9652529684
2019-02-14,233266.72245944108,177337.09074137255,91480.80094387,367212.68020148715
2019-02-15,235729.95039484458,179209.71822673228,92743.13129768212,368934.5052859768
2019-02-19,236482.02458477204,179781.46994278172,93175.65717293546,369540.9787979502
2019-02-20,236009.2426750189,179422.04547131498,92988.44982742137,369326.4811831016
2019-02-21,233663.06000696207,177638.3996760028,91896.57532331953,367913.90745165147
2019-02-22,238076.0713066085,180993.31707286456,94052.23928942664,370823.5371363634
2019-02-25,240028.5679829882,182477.66973414732,95020.64029253436,372129.3642095227
2019-02-26,240486.93000408527,182826.1317285144,95314.06396325608,372545.6351176924
2019-02-27,239806.63886877807,182308.9518688218,95045.64804664147,372229.18695204234
2019-02-28,238015.17204616594,180947.01943743112,94246.9196946645,371219.7297201916
2019-03-01,242427.1649415686,184301.16260964616,96381.09822889199,374055.0063984571
2019-03-04,242196.8486522885,184126.06853595813,96332.18124896473,374025.22086293186
2019-03-05,242573.95125744242,184412.75443013065,96554.05067795586,374345.86286032933
2019-03-06,238646.39537180137,181426.8963225524,94741.2184568175,372036.565772874
2019-03-07,231385.91551192265,175907.23898711277,91302.23125192594,367568.3950986449
2019-03-08,230360.6039942286,175127.7632019068,90848.04223330414,366991.81314056664
2019-03-11,242386.2184725545,184270.03374730982,96592.42233738942,374759.72009894997
2019-03-12,245413.03011263942,186571.11623698258,98080.49149525982,376717.75242965174
2019-03-13,250187.00735854448,190200.4519053033,100337.03603026719,379640.54458341986
2019-03-14,248793.10643321564,189140.76224072842,99737.77903733017,378918.74795402074
2019-03-15,254402.17072027066,193404.95874488523,102361.18236128433,382274.91416492464
2019-03-18,256049.08072856403,194656.99429673888,103151.6570578698,383293.17445745604
2019-03-19,258052.89449145235,196180.35990736482,104102.81101018247,384505.60465493554
2019-03-20,260780.98210823862,198254.34249754145,105419.60977892023,386161.243878117
2019-03-21,271349.03526183846,206288.5266336238,110220.20535776413,392057.49177247094
2019-03-22,255016.72853473036,193872.1659562679,102819.87995764652,383318.1870003467
2019-03-25,253949.56156716822,193060.8702713651,102416.4470969187,382851.17325546034
2019-03-26,256850.7310589963,195266.4354373003,103831.93156389389,384649.23652625346
2019-03-27,252523.46578230482,191976.7050079286,101991.07891675123,382410.5130276346
2019-03-28,253332.55736143913,192591.8032322884,102485.10431539308,383062.1992676235
2019-03-29,258591.04723143356,196589.48144976294,104913.44844358563,386122.0051681612
2019-04-01,267885.2160475365,203655.2165075934,109143.2257815748,391345.75598983077
2019-04-02,269718.1635735432,205048.68394399615,110050.70408280153,392465.5277063944
2019-04-03,274082.1692527181,208366.34564457694,112024.45085154407,394847.0516827367
2019-04-04,273498.62094085774,207922.71288444183,111806.26294808814,394626.1694201706
2019-04-05,277232.5504643779,210761.3698165274,113486.44628869106,396638.37827337685
2019-04-08,279163.4125417429,212229.27513886627,114402.86895180837,397741.6434224528
2019-04-09,275854.9440522403,209714.06778073177,112968.94753058684,396115.6067240317
2019-04-10,280057.1332922807,212908.71126316435,114872.06021851051,398375.5491224256
2019-04-11,278238.5243680581,211526.14450688811,114097.73130687335,397516.2066247848
2019-04-12,281529.8766897841,214028.33958720544,115574.11853838155,399266.4859265339
2019-04-15,281521.27632781747,214021.80130710104,115595.33221108423,399326.77447632485
2019-04-16,284068.627985941,215958.38243356405,116736.55341039578,400676.7650308024
2019-04-17,286635.7767522214,217910.0139775431,117902.51051184832,402046.72956161504
2019-04-18,287481.4597388404,218552.93020217767,118293.62608939623,402527.40643479006
2019-04-22,289888.5593525028,220382.88707777014,119367.18937264403,403781.2599188311
2019-04-23,300183.4872714631,228209.43236160494,123857.0136690695,408880.07494842244
2019-04-24,297186.2418505411,225930.82709129417,122581.3538851007,407513.05107606604
2019-04-25,300593.4835620081,228521.12512520805,124092.8777657366,409224.6365711683
2019-04-26,301571.2436197809,229264.45071516087,124533.13477905419,409745.3403928387
2019-04-29,302803.5217165284,230201.2693507445,125098.46198645969,410402.1645025132
2019-04-30,296309.98848721175,225264.67025346146,122317.03439232716,407397.41015076236
2019-05-01,292976.0186382204,222730.07591696165,120896.7895580982,405856.88922100316
2019-05-02,289858.5224093846,220360.05199846177,119572.90902586625,404411.57351871295
2019-05-03,302877.14261624415,230257.23839783232,125200.07829165897,410791.52110767225
2019-05-06,297033.64219944796,225814.8157807751,122703.40596486715,408097.4960471525
2019-05-07,280127.4221423621,212962.14717572648,115408.90921229382,400046.9380244557
2019-05-08,277667.3957828518,211091.9536344317,114362.16832889969,398873.0961351932
2019-05-09,273972.17697564716,208282.72587140853,112772.44815677927,397060.39224902436
2019-05-10,274242.04943941813,208487.8918594747,112919.02749939228,397267.76937760453
2019-05-13,247702.58786029404,188311.71389177244,101180.1401297468,383536.68709073873
2019-05-14,254817.3695215254,193720.60662949336,104382.60807247339,387617.28923438385
2019-05-15,264426.597631008,201025.8602003372,108650.80469457783,392935.00885168876
2019-05-16,271939.8550279154,206737.6873941638,111969.77146423192,396970.9964468962
2019-05-17,264099.08735251124,200776.87603592593,108559.58945487099,392976.24949000677
2019-05-20,251540.7333883081,191229.59928324044,103027.09790628876,386335.5203339803
2019-05-21,258462.37281395204,196491.65889449895,106120.91821509268,390237.02663293947
2019-05-22,255415.36988395805,194175.22631728248,104802.95906474306,388656.26149579335
2019-05-23,244591.99918391963,185946.94132350688,100006.15493803141,382761.294857881
2019-05-24,243830.99052736166,185368.3973299184,99700.43628216961,382405.33515828225
2019-05-28,241656.46538573466,183715.25127336005,98755.8844209723,381231.75415529223
2019-05-29,235995.29151261097,179411.4393354383,96232.38178229758,378018.49517827854
2019-05-30,238402.6877549407,181241.62171797123,97355.24690157315,379522.4203952213
2019-05-31,227887.93557296178,173247.9587464222,92602.13728044006,373379.8167870973
2019-06-03,215242.82764777233,163634.7287583613,86740.30793314254,365534.48928458145
2019-06-04,230313.16236894723,175091.69650658587,93761.43384874068,375429.56667741464
2019-06-05,234869.4971510577,178555.57316324738,95868.46855669102,378275.14333513984
2019-06-06,239624.07498939882,182170.16075921885,98041.62206530904,381166.97402912716
2019-06-07,252391.06461745055,191876.04925584153,103736.90239673652,388581.52337740443
2019-06-10,260377.31549180302,197947.46176190383,107267.97596892786,393024.95452564536
2019-06-11,261442.08056141142,198756.93144440523,107758.39450622586,393658.79511481704
2019-06-12,257243.2491515708,195564.84069573833,105949.32265170739,391490.7911819204
2019-06-13,260874.61934368193,198325.52862620773,107561.6763148296,393511.4616454839
2019-06-14,257659.7750637727,195881.49749405694,106184.34807131173,391866.74910846795
2019-06-17,262181.72314398247,199319.2322406724,108182.97008278295,394360.12672186963
2019-06-18,272938.9001847675,207497.19462163048,112856.86976239014,400074.39503357647
2019-06-19,276172.44371705817,209955.44154496398,114268.92281886343,401778.4669300024
2019-06-20,283409.9224747304,215457.61268045992,117390.03529456788,405472.1525907935
2019-06-21,282323.9445766675,214632.01630296814,116945.27055419197,404996.0596514875
2019-06-24,281611.3292838703,214090.26254782442,116661.0292807761,404703.88473498664
2019-06-25,267642.3583203522,203470.58801730187,110680.03782397408,397823.6693273427
2019-06-26,271118.3917032052,206113.1837589307,112211.60515942497,399693.97919758153
2019-06-27,274106.2036354761,208384.6173786294,113513.85059955333,401275.6395619597
2019-06-28,275454.7704028841,209409.84251439304,114115.71931347245,402020.4647804111
2019-07-01,285514.8747003769,217057.86710127915,118424.92780875965,407116.6906576212
2019-07-02,288832.4991346156,219580.03511194634,119850.53176785573,408786.66929695994
2019-07-03,295033.58841417107,224294.30862970062,122494.65298161379,411829.3611491302
2019-07-05,293128.0311414784,222845.64085824369,121704.06697139914,410980.1432095478
2019-07-08,286934.7958938898,218137.3382358015,119095.47546928404,408080.53689680394
2019-07-09,291286.25156675774,221445.45900579524,120956.75759966303,410242.8664936122
2019-07-10,299597.4310584843,227763.89301195065,124481.56117748831,414264.46083617426
2019-07-11,298770.3354407868,227135.10752098582,124144.3013345336,413927.32433755987
2019-07-12,303885.40621199686,231023.75378796604,126311.11282764417,416372.5078148823
2019-07-15,306480.7941709908,232996.8537018348,127416.43354157955,417624.2119524467
2019-07-16,301853.5934871599,229479.102438837,125479.41768183511,415545.22461063106
2019-07-17,297448.2695243341,226130.0292101144,123635.0290822297,413546.33060396876
2019-07-18,299081.28037463676,227371.49816157238,124333.39900631928,414361.91266950645
2019-07-19,291242.0483899797,221411.85428631917,121041.97586485141,410742.5026524394
2019-07-22,298891.24816418765,227227.029379258,124272.71238786247,414433.5579561658
2019-07-23,304361.24898500525,231385.50522908854,126579.96856875686,417035.3621057014
2019-07-24,310661.4876452547,236175.15539095085,129230.84628261645,419983.8261987687
2019-07-25,301267.75887701294,229033.73155899736,125297.86938593241,415760.7664000369
2019-07-26,311032.4439502913,236457.16866414202,129401.04808554865,420336.24844322796
2019-07-29,307730.4247962283,233946.86430448078,128026.08102205102,418884.99995922315
2019-07-30,303449.89965546015,230692.667274979,126240.89911673602,416975.4379420485
2019-07-31,291597.7517361412,221682.27175482985,121278.0236706297,411548.51911738963
2019-08-01,286273.79286574933,217634.82183420868,119048.89322844561,409060.8586338101
2019-08-02,274415.80145715276,208619.98389991076,114067.65279546165,403389.1557580161
2019-08-05,245300.51587832908,186485.57918836613,101720.86360851109,388867.88507462706
2019-08-06,255413.75068725558,194173.99535030383,106049.83112790837,394416.219692486
2019-08-07,258379.42426290034,196428.59865783242,107324.80021780301,396029.2225662949
2019-08-08,275781.18498252577,209657.99369223317,114678.87691959707,405107.28409273294
2019-08-09,267397.6770463553,203284.57320630777,111160.02075156449,400997.06516378594
2019-08-12,258581.5158863805,196582.23540547187,107451.31451886713,396570.42631098937
2019-08-13,275357.9534684161,209336.23907318193,114529.10436357996,405310.33165420225
2019-08-14,250200.70242299943,190210.86334703112,103926.88362859245,392836.7906738834
2019-08-15,249602.10327013908,189755.78843892046,103690.58919842931,392571.3336041985
2019-08-16,261254.48010479138,198614.31136191776,108627.21093664214,398833.57753635076
2019-08-19,272934.57635727624,207493.90750471957,113545.63775327857,404885.8059534639
2019-08-20,267097.5939524992,203056.44009634666,111105.37245774198,402018.5309225231
2019-08-21,274160.0796669766,208425.57572273543,114075.7616383514,405634.19339298486
2019-08-22,271369.207797216,206303.86246335134,112914.48146408302,404291.0744469397
2019-08-23,245957.74781572243,186985.2286818336,102239.42661207209,391583.58172715845
2019-08-26,256619.89707154644,195090.94779231184,106742.39078513546,397364.6283517506
2019-08-27,255643.7030425329,194348.81274930562,106343.65677774293,396902.4865496507
2019-08-28,257771.60180372762,195966.51188668708,107247.22708194387,398059.2099000434
2019-08-29,269294.8019921482,204726.83044348535,112079.67147119637,404070.61385507305
2019-08-30,268051.4287364878,203781.57690050395,111566.32474909516,403486.8980026179
2019-09-03,259512.70724408884,197290.15792677458,108001.2839499298,399221.34661151323
2019-09-04,270635.1103582728,205745.77726898534,112655.76348277315,404988.20623090345
2019-09-05,285619.7463710424,217137.59401980805,118910.43520048534,412515.5190330644
2019-09-06,284477.51028776076,216269.22830603068,118436.76523268274,412000.6814755294
2019-09-09,282238.206666153,214566.83550282405,117505.58755242666,410953.7947094192
2019-09-10,280279.04547156487,213077.41625399812,116691.04583989573,410037.00411603693
2019-09-11,288059.5421996152,218992.40764122916,119934.42965500553,413868.65098446433
2019-09-12,291267.7986318026,221431.43047328072,121271.83223751673,415440.02753676724
2019-09-13,288526.1842372191,219347.16437846882,120130.72925004078,414170.14110898017
2019-09-16,284031.5540183265,215930.19757509098,118259.5058451567,412052.7275470409
2019-09-17,287929.23499508476,218893.3437871551,119883.32894896755,413971.5611157618
2019-09-18,287854.7325801209,218836.7045829703,119852.7208648962,413969.34914347815
2019-09-19,289253.91355356155,219900.40831505228,120435.6212061329,414673.47756096814
2019-09-20,280613.2888487286,213331.51914308936,116837.89512458432,410577.4266492638
2019-09-23,280034.16667421756,212891.25127920898,116596.96189575498,410327.9557350546
2019-09-24,268321.73179587215,203987.0702416214,111720.16683869396,404639.87956453004
2019-09-25,278037.7669174302,211373.5220416534,115765.92017375368,409556.5997441556
2019-09-26,274618.6832149099,208774.22133380547,114342.35908311389,407910.50891427946
2019-09-27,264988.82875167334,201453.28692546894,110332.79397390556,403175.07192021806
2019-09-30,271968.10602956265,206759.1647415962,113238.7891918593,406746.89929281455
2019-10-01,265050.7804112377,201500.3846295817,110358.64018113453,403328.64199775516
2019-10-02,251211.68801931772,190979.44809217716,104596.48374281114,396338.90449151065
2019-10-03,259916.9469150609,197597.47431745654,108221.08173783656,400946.4463050377
2019-10-04,271689.6852042324,206547.50000585808,113122.87274821065,407029.71981003426
2019-10-07,268603.4160400428,204201.2159364819,111837.84923633846,405518.7008814883
2019-10-08,255955.88291423523,194586.1422305621,106571.8220063772,399184.0051858187
2019-10-09,264627.5650747485,201178.6423092935,110182.43238651066,403721.6915804391
2019-10-10,269731.4455780061,205058.78136383306,112307.52456388896,406347.1814501936
2019-10-11,280512.8765128544,213255.1823586105,116796.56668114992,411791.36703933275
2019-10-14,279845.59796454065,212747.89509866852,116709.6776687621,411719.809285145
2019-10-15,288980.0988494326,219692.24530525613,121179.85373896216,417006.88086508424
2019-10-16,286695.59461581934,217955.4894992677,120125.30680342787,415828.1817552535
2019-10-17,288529.2490226257,219349.49432987388,121104.9856291672,416989.46416557865
2019-10-18,281425.18474624184,213948.7493031902,117717.54463898845,413132.5212416917
2019-10-21,287970.7531285728,218924.90724776417,120924.05410862062,416914.2853669804
2019-10-22,281627.14879924,214102.2890675227,117903.66150742893,413474.0503632141
2019-10-23,282927.99847245653,215091.23808737358,118552.8700166573,414263.63164819434
2019-10-24,290135.0925024078,220570.3097461838,122017.38860993373,418329.77066995064
2019-10-25,295635.1589579381,224751.64248762335,124870.66960332954,421621.58465943736
2019-10-28,303398.99760509096,230653.96984985957,128651.9150856643,425908.6207390446
2019-10-29,296835.8057071925,225664.4139248689,125626.91399435267,422602.08655969443
2019-10-30,300194.9614402931,228218.15540489866,127275.14313366631,424481.6306259224
2019-10-31,300145.9614616706,228180.90399773826,127289.92145072631,424529.55915697897
2019-11-01,307933.5952601151,234101.32122234028,130926.94011238992,428601.2379984568
2019-11-04,312905.5684838206,237881.17999276237,133291.9209017506,431210.52796083794
2019-11-05,312730.15140699066,237747.82211923724,133251.33067515906,431195.56144024775
2019-11-06,311174.16380694066,236564.908794468,132545.2099218032,430462.7060754112
2019-11-07,313537.838653256,238361.85272322324,133674.06082938777,431713.5044806106
2019-11-08,317084.18916321313,241057.9058745437,135424.8703145747,433627.1461988176
2019-11-11,315520.6940933743,239869.2851225121,134719.47013201634,432903.22061492497
2019-11-12,317688.6836408276,241517.46260384965,135775.0190444744,434062.7604221331
2019-11-13,317007.52817346534,240999.62565029276,135561.30970174653,433864.017666083
2019-11-14,316719.7127453056,240780.81882623237,135446.36337352762,433770.3707358677
2019-11-15,322742.5411812583,245359.5725447443,138267.59238596557,436811.0316594127
2019-11-18,324007.72924037505,246321.4104240565,138896.29025924578,437502.2649667622
2019-11-19,325035.2951564104,247102.60007757158,139391.69159105181,438051.63602792425
2019-11-20,318799.41273000883,242361.87565685794,136616.03830125215,435173.3126770498
2019-11-21,316726.0679139398,240785.65023598034,135701.42224231717,434231.2500849883
2019-11-22,317323.3132836556,241239.69595329248,136000.60065987404,434579.37014349457
2019-11-25,327900.8691952567,249281.104400842,140909.43019541114,439836.9942568086
2019-11-26,329252.5763325761,250308.71694985553,141589.0937288572,440573.5458497766
2019-11-27,335672.6072802413,255189.4371774332,144557.35945744617,443681.69530358317
2019-11-29,330855.4680006239,251527.28830108893,142431.6356151101,441536.54494164797
2019-12-02,320380.9617154092,243564.2215936413,137612.37527210684,436586.15396619076
2019-12-03,314449.8427594868,239055.1884602626,134885.88014854182,433731.97692286095
2019-12-04,318756.53740155953,242329.28041167423,136917.083880374,435938.09389880265
2019-12-05,319675.4159612874,243027.84233601854,137487.10117183995,436572.1842648563
2019-12-06,329201.95962848706,250270.236454432,141886.17289554732,441257.5711415566
2019-12-09,325103.6119646544,247154.53677859352,140112.50253097908,439448.37684829393
2019-12-10,324089.4404144695,246383.5299657648,139669.6991925306,439014.7959061416
2019-12-11,329295.66458634153,250341.474067919,142075.18966175144,441564.4628671718
2019-12-12,336339.79063908814,255696.6520711886,145317.4579719424,444952.90911699
2019-12-13,338612.7802747334,257424.65409831316,146370.7354070615,446057.65456928284
2019-12-16,347818.90324363945,264423.45378606976,150626.21516419665,450410.2395315972
2019-12-17,348283.05999760807,264776.3211283503,150889.93360075238,450703.1879271191
2019-12-18,348776.72773132136,265151.62369515694,151130.17250669363,450972.4896170297
2019-12-19,355691.89707499946,270408.76453574566,154316.4133708931,454171.8620672196
2019-12-20,359985.11186272494,273672.60865528334,156289.47802046986,456137.8562055634
2019-12-23,361852.89209228917,275092.557066968,157215.84055693384,457069.53594493336
2019-12-24,362107.68511470215,275286.25916411896,157385.39502555237,457264.3814760339
2019-12-26,371105.15208990296,282126.4316525077,161641.8687756597,461417.1508431951
2019-12-27,370133.0878423518,281387.4362061924,161216.15269579107,461042.8950084708
2019-12-30,362546.1875722979,275619.6232603478,157817.92004265403,457834.29176173435
2019-12-31,365298.78536425903,277712.2392977356,159066.30118490403,459072.07105296943
2020-01-02,382226.03111982386,290580.89233536745,166649.29214375,466397.68076166033
2020-01-03,372150.939717964,282921.47405520576,162214.5201477085,462291.66959815513
2020-01-06,378638.817480484,287853.7736792595,165216.15524594724,465173.98194640875
2020-01-07,378304.2467290531,287599.4219094042,165078.9340714106,465076.2708175949
2020-01-08,386512.95331632433,293839.95261857694,168747.93465179674,468552.89134509873
2020-01-09,396311.30955166544,301288.9876566763,173114.7098297528,472625.8497928639
2020-01-10,393258.6146648129,298968.2278652765,171764.20390159995,471428.40129656025
2020-01-13,406655.4420377193,309152.93988260545,177719.315171633,476908.0754836008
2020-01-14,401651.0833616469,305348.4606183361,175508.04916191674,474961.96207153413
2020-01-15,401850.6782064603,305500.1992321126,175616.5582516727,475091.57188943506
2020-01-16,413535.9673544704,314383.7431861378,180802.5460618202,479799.8200244022
2020-01-17,420008.4576313453,319304.3447338034,183675.86152929039,482373.5309678276
2020-01-21,418973.265425769,318517.35732231365,183225.67070257803,482011.652705081
2020-01-22,421846.6069357286,320701.7667344674,184518.28399222548,483177.34288677044
2020-01-23,425649.6698881848,323592.9811896803,186205.43404677114,484682.2688525646
2020-01-24,415241.65046255576,315680.4599956568,181604.91723752703,480723.01630587736
2020-01-27,389754.90226173744,296304.5896154447,170300.15842445067,470780.2554647486
2020-01-28,407536.68719980377,309822.89165123436,178196.65110864956,478088.0964813833
2020-01-29,408880.2456453875,310844.30929481715,178801.74330200604,478661.1710773048
2020-01-30,413361.0016362996,314250.7284504191,180810.73933464897,480485.8726125505
2020-01-31,393921.1173855291,299471.8843828514,172203.3441724286,472893.54722594377
2020-02-03,411336.98543435516,312712.00427629845,179921.14593391345,479990.21859545715
2020-02-04,439109.19805425603,333825.36042730446,192189.3956870807,490932.33033401065
2020-02-05,443718.5127753609,337329.5141888606,194228.57257284565,492701.8180890066
2020-02-06,454719.7868614117,345693.04723077535,199082.23287101954,496839.2327510061
2020-02-07,448213.03501690866,340746.39890428353,196222.18450884166,494493.5904741975
2020-02-10,464600.7070301649,353204.8501064689,203443.6912738745,500593.24814856885
2020-02-11,464680.79981763894,353265.73929704976,203482.41600265118,500658.8465476424
2020-02-12,478501.0487211659,363772.350390277,209570.50269783768,505685.8370266913
2020-02-13,475830.61334061064,361742.19694015145,208398.46082335402,504777.3198103472
2020-02-14,479890.8009714792,364828.88609465584,210187.56540267813,506255.9465108266
2020-02-18,480747.6870985068,365480.31931779865,210567.49054614006,506595.193797579
2020-02-19,493947.76745753264,375515.4577367774,216373.56976366957,511285.6339456133
2020-02-20,480072.2644090649,364966.8406119487,210273.84949929907,506515.69477028487
2020-02-21,453047.8765151452,344422.0055937118,198377.8452542222,496998.0814045145
2020-02-24,400670.86732778844,304603.2679139941,175227.28337308814,477698.5602115692
2020-02-25,368731.680163524,280322.0396589023,161033.4511869938,464832.6042777993
2020-02-26,373445.1982213648,283905.41224939143,163138.82804970778,466889.78856490785
2020-02-27,319786.74957680336,243112.48183911233,139010.48464787894,443903.57464343857
2020-02-28,322467.1936242706,245150.24420942008,140235.91271175654,445237.96981196024
2020-03-02,368842.3518957757,280406.1759764099,160918.13019214533,467145.2471261477
2020-03-03,334524.4533231353,254316.57249991014,145493.63600513403,452239.56326361164
2020-03-04,374767.76338654495,284910.870105686,163503.67779400028,470919.2789937164
2020-03-05,340847.31564647896,259123.42191999813,148277.88077069106,456321.8679346632
2020-03-06,324758.66315505834,246892.29526508684,141019.98394154917,448896.146457085
2020-03-09,262639.1992015504,199667.02069621193,112132.35611924477,418263.6542199332
2020-03-10,301301.3816913773,229059.29273642998,130081.67558037302,440599.15408329596
2020-03-11,264765.52462713193,201283.52373173428,113007.37420967208,421340.6612007327
2020-03-12,201902.03321064185,153492.61483522877,81560.69546853563,382276.47406567674
2020-03-13,251814.50746963092,191437.73141023348,106200.88904206529,420789.2541593882
2020-03-16,176712.65493185248,134342.81492186515,67346.84338811287,369491.49924411706
2020-03-17,200761.4115861186,152625.47648648798,80396.33403494568,393372.2776042111
2020-03-18,182769.86665157517,138947.70795184688,70750.21446948877,377656.646789652
2020-03-19,188797.66134054848,143530.23718044136,74098.8753265153,383631.1397294834
2020-03-20,172644.2210376925,131249.85668480082,65120.72787454913,368153.4832833466
2020-03-23,173089.3717237386,131588.27498455922,65469.754535559514,368827.0390248803
2020-03-24,201358.97667030408,153079.76526133245,80796.292645759,397623.82673377387
2020-03-25,196092.83673337178,149076.27120951843,78089.49683029964,393200.5907468921
2020-03-26,222375.60474664462,169057.30222398136,91492.92338482253,415714.05458209745
2020-03-27,201159.9025925729,152928.42255194535,80756.16506461737,399470.48121588194
2020-03-30,220001.97303609332,167252.78875715446,90349.82659397466,415306.4035152244
2020-03-31,214701.368703292,163223.09372976565,87750.27406480687,411341.18080177205
2020-04-01,193574.3618262172,147161.64314585368,76725.11335589936,394125.02830266824
2020-04-02,202253.33716201255,153759.68773806375,81316.92305895984,401998.18739383185
2020-04-03,195568.16367283283,148677.39736602572,77880.00523347293,396345.50797939545
2020-04-06,229578.84943510362,174533.44748585715,95059.04288401509,425498.6708974838
2020-04-07,227158.6166971525,172693.50637406867,93916.56359628437,423805.5721240714
2020-04-08,240001.41262630088,182457.02533231318,100224.21496765263,433304.981622433
2020-04-09,240581.8901459052,182898.3235744373,100551.68588381448,433788.6557669486
2020-04-13,247656.19795911928,188276.446751962,104000.20060910992,438759.4819918802
2020-04-14,276069.2585205466,209876.99673996144,117456.83450043252,457695.14343796734
2020-04-15,267328.6621365572,203232.1057853558,113393.66479964145,452429.89071616024
2020-04-16,281281.055972985,213839.17783464977,119959.82621652912,461174.94459578564
2020-04-17,287791.8620535145,218788.90832568926,123023.30391547695,465113.20637753647
2020-04-20,278197.8848044972,211495.24896424531,118596.94386022934,459547.5840654325
2020-04-21,250160.30610408323,190180.15272702614,105405.86531177745,442522.14627348253
2020-04-22,270926.4351837995,205967.2520531934,115250.71520718187,456311.254308087
2020-04-23,268865.9456788035,204400.79966570102,114326.21168182575,455103.50130451866
2020-04-24,281121.97577068856,213718.23979439968,120084.03901252228,462755.9896236617
2020-04-27,285548.35187838797,217083.3175611309,122176.33903334061,465456.16781624453
2020-04-28,271207.3155233843,206180.7865931537,115536.85010526227,457037.2847701271
2020-04-29,297445.44675569,226127.8832478703,127724.75784449356,473120.534028743
2020-04-30,299009.8172916644,227317.1695582632,128480.64594363348,474066.68849184655
2020-05-01,272824.15965227806,207409.9650673792,116388.73921940483,459207.34194279753
2020-05-04,282713.4034339302,214928.09582936703,121030.64916896619,465324.62035343435
2020-05-05,291213.3899481493,221390.0671893608,124996.1092137239,470419.2187634457
2020-05-06,296053.0489715466,225069.33632102498,127272.3655295661,473287.5163033674
2020-05-07,306828.98610782926,233261.5607481185,132243.91894607258,479462.91906777676
2020-05-08,318081.96119305387,241816.4452286764,137406.45264271996,485715.0061909078
2020-05-11,325745.8231838875,247642.76702446595,140917.7766529468,489865.5440224729
2020-05-12,306967.6778380276,233366.9987963919,132438.97499256433,480054.01352402417
2020-05-13,296174.05567230005,225161.3296239941,127538.1501740437,474145.66060080804
2020-05-14,304856.9336308289,231762.3411193034,131547.49228315425,479126.99751028296
2020-05-15,310319.7469499649,235915.35279222744,134072.56906169705,482205.63146576384
2020-05-18,327618.4246011972,249066.3806628048,141950.2368617562,491662.9849805614
2020-05-19,324164.0003320909,246440.21288537476,140425.13459955738,489915.52087028057
2020-05-20,342827.7972447552,260629.0496460712,148872.29610931905,499752.2975498863
2020-05-21,331576.97972075106,252075.80541503496,143831.1783898371,494124.97375967377
2020-05-22,335172.10065879376,254808.93546159248,145486.15834350872,496033.573527944
2020-05-26,332635.5214179631,252880.543883655,144371.55626902165,494780.2827042101
2020-05-27,337903.8453936723,256885.69831410635,146771.8322221619,497535.7196666222
2020-05-28,335208.9065942982,254836.91655317534,145588.69144229457,496212.3178315687
2020-05-29,349486.10444041213,265690.91537166975,152026.01427808,503539.2508875566
2020-06-01,354031.0372449265,269146.1238672054,154093.6534294775,505836.11020519206
2020-06-02,360244.7035033793,273869.95882100356,156905.2517445838,508926.72937426885
2020-06-03,365337.21919621475,277741.4579701342,159212.75534701283,511435.7518061635
2020-06-04,357011.1977059419,271411.74058495567,155518.01234858297,507493.84452321066
2020-06-05,378121.04756961187,287460.14783885056,164950.6825111852,517768.3894198249
2020-06-08,386799.04858316,294057.4517190081,168833.66624751376,521845.6430639434
2020-06-09,394312.47574213514,299769.40797158313,172189.86058010405,525318.0793458307
2020-06-10,409127.48056833155,311032.2654743453,178774.4412984754,532028.8365874507
2020-06-11,348675.6379587397,265074.77190084883,151899.42130223435,505383.8611680467
2020-06-12,356635.01725829515,271125.755745472,155476.22091167184,509364.7509304822
2020-06-15,368837.5126185728,280402.4969975508,160933.6061216039,515338.72040517296
2020-06-16,387963.8249581365,294942.9533093112,169449.02961213264,524442.4158951647
2020-06-17,391729.05048325687,297805.40249867685,171138.66536257914,526200.1862463611
2020-06-18,395116.7496511034,300380.84364346904,172657.36146447563,527771.3845462675
2020-06-19,394673.88299070654,300044.16173568094,172478.81351823645,527604.1888523682
2020-06-22,408850.4864047257,310821.6853341166,178767.9625969317,534031.6466570538
2020-06-23,418334.9513206714,318032.0897917215,182974.00953700027,538234.7780429199
2020-06-24,393108.5730796187,298854.16128120455,171836.1273414229,527328.7672723378
2020-06-25,404618.62649298686,307604.4852240439,176942.86254516488,532567.3154893961
2020-06-26,374613.30985163094,284793.4494112655,163673.96614052658,519269.82082615636
2020-06-29,387152.33311232645,294326.03032270167,169245.52806856745,525176.401121745
2020-06-30,409677.9220429204,311450.72931992856,179218.05676143916,535506.1255167696
2020-07-01,424327.0957824785,322587.51653650135,185694.9906387665,541972.2703141252
2020-07-02,431995.2596419711,328417.10875537,189087.32087021865,545287.8426528157
2020-07-06,464631.49247397686,353228.254220803,203465.10108952876,559124.0317032691
2020-07-07,454132.01293866645,345246.2020212473,198854.5763942599,554916.5295726429
2020-07-08,472496.1787202585,359207.24926906487,206940.5181333284,562453.6115564589
2020-07-09,484109.8445338313,368036.34279130795,212053.1472587449,567101.4121963003
2020-07-10,495093.13103574933,376386.20107582083,216885.4986873793,571425.1675373754
2020-07-13,463084.3976720842,352052.10149581905,202825.15251869007,559093.0685665767
2020-07-14,474461.98909606715,360701.7234457478,207833.3131765118,563710.5313051145
2020-07-15,476054.4083170326,361912.333295748,208539.8710140724,564365.2173668388
2020-07-16,466025.217856263,354287.8104317408,204139.7990071225,560411.8570309872
2020-07-17,468464.4537127411,356142.19834382326,205218.28018635116,561414.541412022
2020-07-20,508862.38995756395,386854.0478956082,222962.5313988776,577611.30979897
2020-07-21,492287.0239500163,374252.9055004986,215691.20644923742,571348.5025527116
2020-07-22,497396.7085240502,378137.45700193616,217939.03949719676,573349.3758475445
2020-07-23,457634.85998308286,347909.18239675637,200484.61344698086,558059.2858386269
2020-07-24,445003.2685491688,338306.22809317603,194941.87463318967,552932.1755951626
2020-07-27,469276.64646092005,356759.65417963505,205608.64499464195,563032.8125913817
2020-07-28,450587.7191404415,342551.7124503262,197407.33184691583,555562.5956340239
2020-07-29,467278.9792159953,355240.96135560446,204741.4098016719,562458.3362888381
2020-07-30,474155.64850610495,360468.8331799305,207764.5962430063,565242.5801698312
2020-07-31,499378.5816595824,379644.14262073394,218835.21819399792,575298.0520598558
2020-08-03,519841.6917745868,395200.87689064763,227813.6432131467,583182.2362555705
2020-08-04,525671.4749529273,399632.87120856694,230373.59347186048,585383.2348526238
2020-08-05,529764.5005576232,402744.5248787252,232170.3837861828,586921.7742797729
2020-08-06,549978.2141634034,418111.6596596051,241034.54698631822,594407.9376230512
2020-08-07,531275.1847897428,403892.9970822541,232836.22649785713,587685.6327933434
2020-08-10,523509.65203399904,397989.38180253975,229433.0802066604,584839.1315721814
2020-08-11,493888.938954509,375470.7343597395,216447.10837536576,573821.7484037305
2020-08-12,532230.4121141529,404619.19254177576,233259.00801494997,588694.7125531593
2020-08-13,535174.2290122387,406857.1796788935,234550.89573854904,589798.2685402563
2020-08-14,533165.8870976595,405330.37161733053,233671.4110227642,589077.8620819038
2020-08-17,550935.9482924449,418839.7608750603,241461.65001577113,595640.9261659038
2020-08-18,567098.1068693219,431126.7692914555,248546.48656622888,601483.523172367
2020-08-19,555092.0802526275,421999.3900874276,243284.4800097775,597255.9363274247
2020-08-20,578388.2218376489,439709.8887416243,253495.77358696843,605629.0592899933
2020-08-21,590188.2495954804,448680.6607882248,258667.96721580473,609765.261154928
2020-08-24,601059.8406249561,456945.60447401967,263433.14063131815,613526.9613872239
2020-08-25,615884.3195351025,468215.66448928515,269930.6734922331,618588.5883785418
2020-08-26,655302.162864517,498182.41493545304,287207.0186915626,631803.3344982582
2020-08-27,647775.4548260944,492460.3621183152,283908.22150110226,629402.3840056644
2020-08-28,659121.9929350537,501086.3763093398,288881.25543921755,633095.2264684101
2020-08-31,678044.4368020836,515471.8450539417,297174.658355787,639171.6763970469
2020-09-01,708631.4247584721,538725.0866716801,310580.40817271045,648800.8403362266
2020-09-02,730702.7073811054,555504.4069620355,320253.8632014284,655555.0522803153
2020-09-03,616120.8525386011,468395.4847150872,270034.66070537217,621307.5271878013
2020-09-04,592678.8141570108,450574.0704824521,259760.43327903913,613445.235394329
2020-09-08,507936.4227816091,386150.09697035607,222619.20672765613,584225.1839164147
2020-09-09,553029.9161180091,420431.6645910143,242383.02789864977,601530.5419066855
2020-09-10,517830.0183075458,393671.53607252607,226955.5208743694,588785.1596599973
2020-09-11,508530.8164188902,386601.97470619105,222879.86265487882,585277.288286403
2020-09-14,534716.926302211,406509.52300789725,234356.8048754198,595339.8385432403
2020-09-15,557626.2620961319,423925.95908448973,244397.5676735361,603858.8416253814
2020-09-16,529646.5864252062,402654.8826486649,232134.57765256302,593776.0342587635
2020-09-17,506097.2169481392,384751.8717612767,221813.3118553408,584992.5232512433
2020-09-18,486364.1187338491,369750.1167242099,213164.64990006236,577405.9108851426
2020-09-21,492126.2499986356,374130.6798160792,215690.09226458095,579702.4279261326
2020-09-22,519838.37714013364,395198.3569957196,227835.82157322447,590599.9726705346
2020-09-23,470613.52443700837,357775.9931089778,206261.45251777905,571974.7945675988
2020-09-24,478835.9582245982,364026.95969062677,209865.19810888177,575322.0405500818
2020-09-25,512402.14974758506,389545.090563277,224576.65699341826,588781.5247527964
2020-09-28,541802.0884947301,411895.89804418443,237462.12198860996,600058.8915749622
2020-09-29,535859.4348732347,407378.0958758837,234857.563665516,597881.9205511415
2020-09-30,549355.5917665198,417638.3214854772,240772.68677532312,602918.1840878977
2020-10-01,573184.5650502711,435753.8964502221,251216.49768143875,611652.609898172
2020-10-02,524557.4532377578,398785.9549921947,229904.10815323866,594372.9711481418
2020-10-05,559974.4450477245,425711.1255616169,245426.73940227047,607766.6458789444
2020-10-06,528177.3236177937,401537.9003845259,231490.63231034618,596280.131507758
2020-10-07,557909.794413397,424141.50974574493,244521.84012040298,607485.6495977576
2020-10-08,564850.1764465586,429417.8181081971,247563.6848825506,610021.8000204816
2020-10-09,590502.3737099839,448919.4683472732,258806.58210499398,619273.5300365527
2020-10-12,645223.9361193721,490520.6130634495,282790.0598438565,638420.2348930525
2020-10-13,643472.7404400394,489189.29608939757,282439.62641578075,638174.5120220671
2020-10-14,629289.378300189,478406.6342836626,275577.1402456533,633023.8788772462
2020-10-15,616936.0508799402,469015.22550239734,269586.8902788284,628455.0113378186
2020-10-16,610391.8323027269,464040.09372439404,266429.46752645075,626019.2130532655
2020-10-19,580372.0667410978,441218.0733637188,251736.57985353813,614529.0772955625
2020-10-20,586000.6580611889,445497.11496533715,254556.32452829785,616840.8733284008
2020-10-21,584227.8417066853,444149.36123770865,253737.53687511038,616196.8905079814
2020-10-22,583801.3501676249,443825.12823968247,253573.6917148644,616081.6199690985
2020-10-23,587624.454690292,446731.57896056416,255504.97453351505,617663.0568098591
2020-10-26,562518.6816324515,427645.3385060789,243173.8233389897,607743.9318214725
2020-10-27,574542.5014324482,436786.2446775568,249158.6505595113,612746.846926282
2020-10-28,515252.0356273393,391711.6682282434,219756.91895492875,588661.9062068845
2020-10-29,539857.9294483312,410417.88392544613,232059.38061063143,599663.3417587219
2020-10-30,503190.2777847591,382541.9202998735,213791.90155416768,583945.2737001942
2020-11-02,506759.88579757384,385255.65457540745,215634.9335734484,585639.7283164014
2020-11-03,529467.1450932733,402518.4654030835,227021.05525617092,595964.028334923
2020-11-04,590183.7786678425,448677.2618409088,257032.76155484296,622242.5499878133
2020-11-05,630407.3237566432,479256.5334581563,276740.6426593544,638163.4784847673
2020-11-06,632175.9953284671,480601.1361846714,277649.81046751875,638880.3049904174
2020-11-09,595315.4540416563,452578.5314769132,259669.15314413587,625106.9663619327
2020-11-10,567625.0472896568,431527.36685698485,246094.5063010326,614231.7350455305
2020-11-11,602267.263494248,457863.52734221646,263153.16219252377,628441.3768381366
2020-11-12,593252.3657235777,451010.10338561446,258782.53565257203,624979.8891126903
2020-11-13,607984.984883688,462210.32857550983,266045.6401934369,630844.4845509488
2020-11-16,618210.9102369105,469984.41582275624,271092.5920989835,634851.3505552285
2020-11-17,613131.5035143832,466122.8825471654,268659.39665175544,632969.8647737002
2020-11-18,601640.1929427158,457386.80753355345,263085.50493028155,628610.2779013866
2020-11-19,613834.0895695277,466657.0117435681,269101.63783124235,633419.5905944505
2020-11-20,602848.3335248271,458305.2760308139,263777.6191131665,629260.1580701374
2020-11-23,602673.5961090379,458172.4348581296,263740.9335879145,629248.7152540645
2020-11-24,626214.898133761,476069.3126009644,275292.1511568512,638452.9700665219
2020-11-25,636273.5084889302,483716.2014434005,280239.1078767551,642295.25809193
2020-11-27,651250.7627697053,495102.40635699773,287568.07591625646,647912.5747029958
2020-11-30,652603.6158273289,496130.89007259184,288275.8531068593,648462.387855595
2020-12-01,679696.694680333,516727.9462337155,301454.9095420324,658362.5383078796
2020-12-02,679742.4783232816,516762.7524759366,301529.3849350526,658435.304263301
2020-12-03,681243.8758013181,517904.1645813332,302303.9060194084,659017.6169728738
2020-12-04,690375.8492973028,524846.593383139,306762.8481875705,662276.3250925653
2020-12-07,700609.9639964503,532626.9064424777,311753.03089229605,665886.1188792568
2020-12-08,706545.0429852589,537138.9501240558,314663.1712209346,667976.8427568891
2020-12-09,664531.8888072405,505199.1583858924,294407.1966297593,653662.323482366
2020-12-10,669894.6003493627,509276.0693714724,297053.4822986351,655639.2262950551
2020-12-11,665872.7450189864,506218.5217017844,295157.5736324982,654262.8521019672
2020-12-14,678603.0165993206,515896.49592203164,301364.319537155,658867.3595342571
2020-12-15,698585.1153464467,531087.5494137628,311060.59758299304,665952.1886163186
2020-12-16,709586.8341305186,539451.4205298465,316408.51686651626,669787.4196634087
2020-12-17,722548.1325377178,549305.0289979945,322690.95857104904,674239.273331051
2020-12-18,720243.900290014,547553.2753020884,321633.04125478846,673521.4560083972
2020-12-21,712588.1151937239,541733.0938291254,317998.96297915,671003.7632122163
2020-12-22,716745.2378541029,544893.4762046046,320047.0757463734,672463.2301708596
2020-12-23,706529.966528452,537127.4885020952,315179.3554124524,669072.925034543
2020-12-24,715400.355098758,543871.0517768658,319499.7198672655,672148.9123443014
2020-12-28,735363.1341985306,559047.4178326022,329136.3655408965,678925.5614927397
2020-12-29,735986.5612201948,559521.3677091462,329488.129736847,679186.5569796563
2020-12-30,736176.9381512675,559666.0985594996,329627.74350816937,679301.623203934
2020-12-31,742931.5139184663,564801.1508426451,332927.5608857037,681587.5327231586
2021-01-04,711569.9609871928,540959.0592689933,317918.52897152497,671364.2988538814
2021-01-05,728301.374176516,553678.8339016665,326007.3977650007,677077.1025227582
2021-01-06,699754.6746708328,531976.6871606702,312326.3292834846,667624.8823701496
2021-01-07,748540.6810670474,569065.4255455419,335793.9931107992,684365.088012243
2021-01-08,775389.810682297,589477.0234138758,348684.3485054403,693141.4344603134
2021-01-11,741470.7198981126,563690.6068310064,332499.5357175018,682436.4935911936
2021-01-12,739669.3073698538,562321.1133446733,331691.12164492696,681902.6462463803
2021-01-13,752696.0333345821,572224.4620097264,337980.42960667366,686231.7877732939
2021-01-14,740356.9854573108,562843.9090101263,332119.1843881762,682284.2525703013
2021-01-15,724975.8920513061,551150.692213991,324795.0548216302,677288.0690393628
2021-01-19,755461.1801943843,574326.6182642484,339448.54129900906,687492.6836574891
2021-01-20,804607.8403703987,611689.5376012946,362943.59633432305,703373.7394057804
2021-01-21,823178.416608762,625807.5049169061,371827.06062975916,709132.1852762846
2021-01-22,816317.6941683759,620591.7564160728,368610.9810313568,707107.6430302637
2021-01-25,836544.7094593993,635969.003578771,378276.7025352342,713308.1605001568
2021-01-26,837601.228029833,636772.2039993862,378852.5248954146,713690.196246437
2021-01-27,770694.9799808686,585907.8575708597,347039.5626968445,693733.6661853744
2021-01-28,785375.0760321683,597068.1529533014,354091.906268536,698452.4341610904
2021-01-29,738774.5497688863,561640.8889723268,331866.5230717894,683858.7946764411
2021-02-01,790829.6616869814,601214.9096832176,356782.16295709205,700991.9700354504
2021-02-02,825894.7623196468,627872.5609211972,373518.55246586626,711972.5411007793
2021-02-03,816317.9772506958,620591.9716246313,369037.93731103337,709145.5434762116
2021-02-04,843787.828250183,641475.4624542976,382128.03387843806,717550.0054758601
2021-02-05,851351.6868192875,647225.758335689,385764.32736680354,719846.0778664834
2021-02-08,867589.9073449778,659570.5915655701,393506.0469985729,724681.584264383
2021-02-09,866024.2892125932,658380.3567910523,392816.8210669058,724278.716845334
2021-02-10,860133.225921594,653901.7753012268,390073.1172851401,722612.6440289516
2021-02-11,874332.1268807461,664696.2502322095,396845.2657581476,726814.6265665015
2021-02-12,887666.6613584148,674833.6051267614,403198.63902132,730713.6064732719
2021-02-16,881273.1975781819,669973.082140059,400221.25118022074,728935.3688248064
2021-02-17,867521.31217619,659518.4432456405,393760.53215518617,725033.3441837691
2021-02-18,856079.3956523747,650819.9192236732,388392.36699154397,721758.7696285938
2021-02-19,845728.3032918839,642950.6758706105,383540.67014518706,718773.5727544011
2021-02-22,781922.3035927789,594443.2409515487,353285.9870150205,699894.0590208429
2021-02-23,776741.9561400689,590504.9691886195,350954.9191055422,698374.2353371124
2021-02-24,794558.7983344632,604049.9229121467,359526.9477765992,704079.6272314902
2021-02-25,713994.7542772293,542802.4674635723,321098.8669326481,679014.0663891041
2021-02-26,726297.6786275601,552155.5581611886,327187.1522577422,683324.5633982291
2021-03-01,785747.5931936569,597351.3528412799,355582.97502056014,703111.5116213552
2021-03-02,747828.5283531919,568524.0234582355,337669.83366478956,691324.1076006235
2021-03-03,686602.9451953286,521978.3066852513,308452.99127958406,671404.3074121828
2021-03-04,653092.1053137709,496502.25596426317,292447.409444825,659809.844057467
2021-03-05,682751.0733637891,519049.98610307905,306839.50719182723,670651.7377506122
2021-03-08,626979.3366014953,476650.46405064175,279992.4975830792,651110.6569920881
2021-03-09,696549.118413861,529539.717091277,313823.7881331888,677353.0668643533
2021-03-10,689644.5861887112,524290.6629406103,310698.74384953623,675123.4413690622
2021-03-11,735294.7405932399,558995.4227479212,332683.95724947297,691066.1404050228
2021-03-12,715580.5702722182,544008.0573224145,323840.32116695493,684961.7785225635
2021-03-15,737385.5477970919,560584.9236545354,334744.08893329516,692668.3142264009
2021-03-16,746586.18585746,567579.5535331016,340093.58503300836,696377.2735743228
2021-03-17,754288.3858076225,573435.0211157425,343976.120315932,699046.491297028
2021-03-18,686051.9581616841,521559.42808759905,311672.35519531055,677182.6759449285
2021-03-19,697886.1200216358,530556.1500095236,317360.44349033205,681320.9740588237
2021-03-22,731779.8434452651,556323.2814844566,333599.94093412854,692960.9913057961
2021-03-23,720617.1403644184,547837.0247724162,328340.7135981413,689338.6217486459
2021-03-24,685066.2061539759,520810.0267525251,311772.57583151414,677762.9575043357
2021-03-25,682138.8716954152,518584.57011201186,310426.53485012875,676806.3076402481
2021-03-26,712179.1123282274,541422.1563001572,324895.13714837807,687340.0572225678
2021-03-29,709771.7037501283,539591.9645395637,323886.6170219973,686647.859066746
2021-03-30,698596.5361095726,531096.2318562709,318696.2564339275,682998.9430085719
2021-03-31,729021.8769280842,554226.5839642861,333142.3213033663,693337.6271116527
2021-04-01,767265.1416647484,583300.3808494435,351313.92627008713,705963.0761014512
2021-04-05,812376.9706655686,617595.8878496704,372550.82739146095,720207.731559818
2021-04-06,808832.7678954396,614901.4674813235,370927.3525088327,719181.4857851228
2021-04-07,815003.154897829,619592.4001107834,374056.9478887076,721223.9985318397
2021-04-08,839905.2174483248,638523.7730884803,385739.3634597843,728752.2755619405
2021-04-09,855382.2396791243,650289.9181554293,393014.5645172742,733353.9435814441
2021-04-12,850638.6082576682,646683.6523882381,390820.58439019544,732009.5827848068
2021-04-13,880946.7831288199,669724.9310612616,404996.6377280539,740880.433969025
2021-04-14,846799.2201717091,643764.8223630532,389131.4609720905,731226.5977727758
2021-04-15,887017.4656319151,674340.0650270616,407925.1885764738,743018.7330807761
2021-04-16,889883.7119832292,676519.0804645442,409292.0296396339,743869.1555542568
2021-04-19,864660.2056790463,657343.3352955857,397548.8614367304,736775.5002029227
2021-04-20,846520.0521161517,643552.5895581399,389108.5970320543,731581.7674966023
2021-04-21,869146.3250239379,660753.8318505754,399742.5032454271,738266.431763611
2021-04-22,837167.0059390906,636442.0939798513,384867.98326690204,729129.8144243612
2021-04-23,869324.4077583248,660889.2162452908,399887.6169823129,738634.8367156265
2021-04-26,884905.7629725221,672734.6787028607,407173.1591296668,743140.9796400047
2021-04-27,872537.7348179836,663332.0939363404,401431.0827648102,739668.1928205248
2021-04-28,861599.1307186007,655016.2046946012,396366.10410767567,736577.7681037815
2021-04-29,874067.057167037,664494.7354538593,402227.65436100896,740229.0232116636
2021-04-30,853727.4108895152,649031.8624836633,392770.0542167108,734447.8058033776
2021-05-03,842466.6924165372,640471.0912231902,387576.80152902205,731230.9300730615
2021-05-04,796375.4653190495,605431.0133415731,366082.7803962696,717733.5509323538
2021-05-05,789148.2287747714,599936.6286760328,362730.1281190101,715562.1586273877
2021-05-06,808131.1154977372,614368.048082241,371619.8047644036,721427.3426698431
2021-05-07,826658.0596795924,628452.8448629273,380288.1674899913,727056.407674743
2021-05-10,762448.946869428,579638.9500013533,350302.3458674704,707966.7857727773
2021-05-11,761072.3842391917,578592.4414831405,349684.167186294,707569.7208268048
2021-05-12,702459.4891816091,534032.9767645998,322208.1006549448,689056.9119602861
2021-05-13,719383.8192584654,546899.4132066786,330198.41049573757,694771.6612660113
2021-05-14,765122.6357003615,581671.5768322458,351653.09448064223,709838.3106479079
2021-05-17,751561.8379233292,571362.2090812195,345331.28868853295,705604.0659964613
2021-05-18,735656.6025648857,559270.5222075653,337916.87382318923,700573.5094170745
2021-05-19,738903.4988071199,561738.9203033847,339464.86073473294,701662.4604265048
2021-05-20,780974.9702272601,593723.0467411097,359169.16865250404,715257.720066611
2021-05-21,766831.3882287303,582970.6271167569,352589.6770563074,710909.7876820057
2021-05-24,805658.3166350252,612488.1444608482,370726.51362922485,723118.7332460475
2021-05-25,808400.6596153862,614572.9644507067,372025.3912962765,723983.0393553298
2021-05-26,816244.0952939935,620535.8041133729,375699.4927580221,726386.2010472508
2021-05-27,808265.2639983764,614470.0322168823,372003.0559425583,724023.831013974
2021-05-28,813232.5871167,618246.3558231312,374340.9467018011,725560.3890950519
2021-06-01,807554.3409488271,613929.5649611212,371717.2078417164,723885.4994784606
2021-06-02,811219.7483207823,616716.1290833892,373444.026002429,725026.6436685179
2021-06-03,785476.5303090672,597145.2818558674,361469.95070067706,717297.8164025297
2021-06-04,826932.2916095834,628661.3250616469,380788.9623872082,730096.6623010193
2021-06-07,832597.2287095624,632967.9979293029,383448.8320240213,731816.9852706413
2021-06-08,833976.8005184701,634016.7941248384,384108.40128874,732257.0091053798
2021-06-09,834660.9500016491,634536.9072284135,384444.1022116808,732490.7710724825
2021-06-10,860750.5049521115,654371.0512712126,396578.77415237296,740218.0442227091
2021-06-11,867568.8415984835,659554.5766871584,399808.10728711943,742247.8973915126
2021-06-14,891536.9938329996,677775.9601013934,410933.51841769775,749153.4272829605
2021-06-15,873088.6148033019,663750.8911523084,402395.4857780232,743985.9086044101
2021-06-16,864245.0774037386,657027.7410271389,398312.1723912432,741490.1377530582
2021-06-17,897548.729484522,682346.2807176679,413757.75796842127,751095.2326331557
2021-06-18,875907.6537024743,665894.0179206493,403741.9421604631,745055.6193452632
2021-06-21,892181.3292021635,678265.8051964182,411293.3875882991,749721.4988308678
2021-06-22,917250.8591440252,697324.4924333707,422912.9403908342,756802.6137244117
2021-06-23,917950.9946661873,697856.758653412,423247.3900382673,757023.2353155538
2021-06-24,935541.2020876274,711229.4171139338,431400.96474819985,761905.5440818496
2021-06-25,931462.6558964464,708128.771173645,429523.6012409117,760821.592968875
2021-06-28,966346.6600381598,734648.74685932,445669.111082796,770375.7554019674
2021-06-29,975830.874623957,741858.9610076521,450060.757696507,772927.6975583666
2021-06-30,972201.3808937436,739099.6996256863,448392.11471685686,771994.0357425555
2021-07-01,973222.0354053609,739875.6350005821,448871.0998925767,772290.8792416676
2021-07-02,1006741.0481473656,765357.899000856,464363.8209318772,781198.0118434665
2021-07-06,1018736.8937561873,774477.5382653936,469912.706221606,784331.8534057572
2021-07-07,1023703.7334551193,778253.4943602049,472211.48172894237,785633.1221118562
2021-07-08,1005370.8518458328,764316.2303766456,463749.3883267415,780962.5810380563
2021-07-09,1026618.3103022864,780469.252241866,473566.2829603783,786495.4019018345
2021-07-12,1037345.3285127596,788624.286880833,478523.38276787853,789262.0074733443
2021-07-13,1036619.3033957994,788072.3385330815,478193.53222120163,789103.1049086004
2021-07-14,1042008.176372151,792169.1383077136,480684.8635389258,790495.9240465787
2021-07-15,1019819.4462601993,775300.5305448418,470443.7735738187,784904.512287183
2021-07-16,996387.0197955318,757486.4236099025,459628.04260789824,778911.7222534852
2021-07-19,969459.039877222,737014.8811288036,447196.89795740007,771911.699830499
2021-07-20,1005203.6555410302,764189.1222063767,463707.588282162,781433.416388691
2021-07-21,1028593.7588364824,781971.0536658753,474508.44617179094,787522.7902670755
2021-07-22,1048841.7297059477,797364.2319535814,483856.71527408017,792716.8368543871
2021-07-23,1084950.3403358618,824815.1940638557,500524.41305956175,801841.7759321134
2021-07-26,1087980.6832924103,827118.9611772997,501924.4760950836,802612.2148479522
2021-07-27,1051509.9012897247,799392.6643903947,485095.66586657683,793664.893692092
2021-07-28,1064379.8565624717,809176.8307814553,491036.7591203017,796927.5385626722
2021-07-29,1070794.158612261,814053.1957110644,493998.1849138738,798552.283359264
2021-07-30,1051897.7767826715,799687.5401907824,485279.5986061331,793877.1037767555
2021-08-02,1052665.0660816343,800270.8589368104,485635.23294522526,794093.4003593943
2021-08-03,1073284.470902395,815946.4136202183,495150.9738155668,799302.3735757866
2021-08-04,1077964.3797524383,819504.2353774379,497311.2837081173,800487.327497614
2021-08-05,1099010.7099275829,835504.3528596538,507022.9118682753,805720.5913354871
2021-08-06,1083299.471284183,823560.1487160542,499774.51307508774,801903.7654020393
2021-08-09,1088391.628005111,827431.3749628477,502124.71503663436,803183.3494606457
2021-08-10,1071218.032254689,814375.4384973377,494201.568256215,798981.4376787752
2021-08-11,1065690.7485475305,810173.4142994795,491652.09240705,797630.0262198393
2021-08-12,1078698.613614216,820062.4242849625,497654.391387937,800898.4352749708
2021-08-13,1088912.9898129886,827827.7314823626,502367.42311060324,803449.3008994154
2021-08-16,1089780.6463339715,828487.3527158226,502768.05485038494,803685.5180224596
2021-08-17,1059981.8603884762,805833.3283805775,489020.1184596076,796382.7044902184
2021-08-18,1029254.3021071127,782473.2205445771,474843.5917732953,788709.5211317427
2021-08-19,1045037.6723691782,794472.261534469,482125.9815112808,792763.7300996501
2021-08-20,1078323.7569992007,819777.4458669048,497483.2463053048,801203.42498157
2021-08-23,1125517.3237990246,855655.5589117031,519256.4582370344,812914.6816243575
2021-08-24,1135394.0168113583,863164.1481630373,523813.191432091,815315.4951348515
2021-08-25,1137871.962831841,865047.9648242971,524956.4633398706,815931.63409131
2021-08-26,1117778.0636992804,849771.9169755155,515686.1657960185,811151.7297338791
2021-08-27,1151657.6793723074,875528.3232710386,531316.6131216411,819369.9197328164
2021-08-30,1190179.3614634273,904813.7822532603,549088.6258214638,828528.7083371013
2021-08-31,1184997.2969497524,900874.2051236978,546697.8930451885,827349.5800202467
2021-09-01,1191612.5628868125,905903.349458517,549749.8547416317,828912.2415140878
2021-09-02,1189921.6392094544,904617.8532572296,548969.7538408589,828543.2980646971
2021-09-03,1201027.5120000562,913060.9056997893,554093.4515247045,831144.1029414411
2021-09-07,1206283.8777846731,917056.9691171872,556518.4749258374,832379.8176448508
2021-09-08,1193592.667604569,907408.6906675327,550663.3924407632,829483.9175144329
2021-09-09,1179870.0339133819,896976.2898928024,544332.4623962564,826328.2331763101
2021-09-10,1152491.4014407594,876162.1464094071,531701.3437779025,819959.7059424501
2021-09-13,1151077.7311166897,875087.4273929325,531049.1478290067,819647.3311734902
2021-09-14,1139518.9478692515,866300.0574157715,525716.5089063799,816926.6553189232
2021-09-15,1166312.6254279157,886669.4987935149,538077.7590133843,823352.2949163251
2021-09-16,1169092.2506348924,888782.6619672391,539360.1377568283,824029.3620197247
2021-09-17,1127838.3237813713,857420.0599950147,520327.65878936416,814359.8130764908
2021-09-20,1056930.299076816,803513.4303705959,487614.2762764698,797316.0751488877
2021-09-21,1060207.827822167,806005.1163101658,489126.3625732269,798162.4842943385
2021-09-22,1091675.6172015478,829927.972351374,503644.0118105831,806081.4546042327
2021-09-23,1121888.7710202965,852897.0128722314,517582.8355412578,813540.3075867433
2021-09-24,1124753.4790326427,855074.8588134641,518904.4671809964,814255.4634800703
2021-09-27,1097256.4821491803,834170.7307834334,506218.7411237984,807642.7857664679
2021-09-28,1003171.4132907344,762644.1443177642,462812.64064418606,784581.3510547825
2021-09-29,999611.6759651162,759937.9140656614,461170.3575708876,783675.2240715311
2021-09-30,986738.5165690843,750151.3117939238,455231.3317826954,780332.9981035094
2021-10-01,1007331.5426871816,765806.8125136181,464731.9143055841,785783.2393020679
2021-10-04,941993.8894884613,716134.9638591475,434588.41997374315,768815.9832461908
2021-10-05,981432.9033557661,746117.8088496177,452783.5897229036,779566.9317097806
2021-10-06,1000000.5028069281,760233.5131129753,461349.74264409486,784504.8640641298
2021-10-07,1026476.0773612205,780361.1220477682,473564.2360095403,791450.1618275044
2021-10-08,1010674.7465240958,768348.4268336669,466274.29975982907,787411.1188169819
2021-10-11,988768.2925447691,751694.4147388684,456167.76793585625,781744.0296927284
2021-10-12,978349.4545078342,743773.6688781,451361.0421057207,779020.0534357536
2021-10-13,995988.5392597449,757183.4855045939,461744.15828097815,785015.3255870452
2021-10-14,1044638.47704399,794168.780022576,487786.27155265794,799795.3777399791
2021-10-15,1061746.8646609338,807175.1431046143,496967.32589297445,804835.5840998762
2021-10-18,1090355.2480639138,828924.1839879762,512116.35754568165,813035.9688726447
2021-10-19,1110917.1720125105,844556.0398079742,523138.00068740145,818891.3145844766
2021-10-20,1106454.7212688418,841163.5369077954,520890.11028756446,817741.2620843202
2021-10-21,1125918.2634134155,855960.3664900387,531127.7060872369,823121.3921631597
2021-10-22,1099310.7545140493,835732.4566950218,517283.4173177466,815992.5825575391
2021-10-25,1129990.4235865655,859056.1575678461,533358.4256609902,824467.904199232
2021-10-26,1138559.1172994073,865570.3624165616,538023.9160614653,826894.8939722283
2021-10-27,1146126.2678548465,871323.1609750309,542052.548303224,828981.8557692828
2021-10-28,1180936.5317751847,897787.076901339,560787.2497991979,838555.5597417183
2021-10-29,1195557.2704311193,908902.2468252624,568490.429841164,842418.5331286056
2021-11-01,1206309.1998878485,917076.2198189644,574380.9156141328,845351.6539401873
2021-11-02,1220397.3311743818,927786.4839749273,581655.2277441081,848943.9316567108
2021-11-03,1256987.5852629007,955603.607399696,600439.8283989183,858106.5290804108
2021-11-04,1300129.071360878,988401.1944460218,622941.5699202352,868849.7829635192
2021-11-05,1302583.525239255,990267.1516025381,624436.1298500887,869568.8800497649
2021-11-08,1297156.6909153785,986141.4923538254,621754.690520803,868348.4555059891
2021-11-09,1270465.504087739,965849.9678254132,608491.7889309908,862198.3267407138
2021-11-10,1218227.1675022338,926136.6536519661,582107.0873054503,849760.5158749997
2021-11-11,1227823.5851338087,933432.1682730824,587223.3873322974,852273.8260570718
2021-11-12,1263998.7220789965,960933.705892302,605612.4983606614,861194.0332640865
2021-11-15,1261434.3424370799,958984.1795284078,604397.2322258977,860642.0243511288
2021-11-16,1288066.8150495996,979231.0675652331,617902.607895655,867076.4503224173
2021-11-17,1287543.6850374918,978833.3667982803,617701.8798212569,867006.7594154037
2021-11-18,1326923.7319009574,1008771.3831188042,637568.422805658,876325.8551621343
2021-11-19,1347692.6834680275,1024560.6281933693,648047.1318223474,881151.2432203963
2021-11-22,1302668.1412672845,990331.479510448,625474.3764167035,870945.0929328507
2021-11-23,1285661.2118927634,977402.2483456987,616960.1965034275,867017.52948752
2021-11-24,1299196.3132265818,987692.0808092485,623886.5585550618,870286.2794501367
2021-11-26,1221839.372466971,928882.7715416254,584744.9277106246,852110.4526147785
2021-11-29,1302886.916885151,990497.7999833754,625640.3189109375,871998.9593518632
2021-11-30,1243170.9757536205,945099.7630945516,595495.1645986878,858018.1555986482
2021-12-01,1186776.5631265722,902226.8622199395,566901.2505291264,844308.9394113834
2021-12-02,1210437.2602700533,920214.5080877173,579002.2885884208,850340.0257695673
2021-12-03,1151146.7411014808,875139.891069731,548719.051124961,835538.8036288565
2021-12-06,1178486.8753423616,895924.7669218766,562764.1230372654,842690.9706206814
2021-12-07,1279507.8641120673,972724.2694970946,613844.4151555195,868210.6078642363
2021-12-08,1294756.586102392,984316.8531574508,621583.9275118271,871883.7158120633
2021-12-09,1239249.8755499416,942118.8128102833,593735.3051902989,858887.1427189953
2021-12-10,1279007.7714834267,972344.0825123017,613846.8058962744,868608.7630863222
2021-12-13,1223331.6168219834,930017.2251396484,585714.2730608858,855363.5907275202
2021-12-14,1187179.238898525,902532.9896827737,567390.0741078354,846467.3850546548
2021-12-15,1266300.3004765632,962683.4420434094,607457.8176235489,866416.1841342112
2021-12-16,1172626.2778844612,891469.3465677322,559831.4545903626,843797.2288750182
2021-12-17,1159514.8430918807,881501.5994452692,553209.8432947311,840494.0058484619
2021-12-20,1123830.5966097869,854373.2530197181,534946.6664210269,831268.3573289803
2021-12-21,1195908.1138343147,909168.9696041162,571769.7563185182,850365.0292381161
2021-12-22,1236817.4977674428,940269.6386332539,592563.607972345,860697.3204945507
2021-12-23,1264529.3059251355,961337.0733108371,606627.2365689641,867530.4723377386
2021-12-27,1322023.4606887305,1005046.0345930574,635554.7216254125,881344.3038143951
2021-12-28,1303777.3799253278,991174.759488326,626473.6511527278,877171.2307284494
2021-12-29,1304175.2812472468,991477.2572560627,626733.7592032241,877317.1113442747
2021-12-30,1289995.9335543334,980697.6473658913,619667.4425099329,874044.3968343716
2021-12-31,1265363.4936131914,961971.2504286547,607323.9298140225,868265.2602057133
2022-01-03,1305476.1404036898,992466.2134853766,627600.2475981016,877952.2240113692
2022-01-04,1255014.0482948583,954103.2592116083,602258.5584791588,866159.8679504718
2022-01-05,1144152.40220468,869822.5629119029,545877.23992998,839155.100246449
2022-01-06,1142322.3543885006,868431.2999309807,545203.9248387129,838833.5010504967
2022-01-07,1107105.2606681006,841658.0985120434,527231.3258512699,829639.5556367865
2022-01-10,1111148.8599478093,844732.1766524096,529480.822017609,830842.6300620144
2022-01-11,1156725.4440071154,879381.0058458332,552840.5178875993,843084.2225291044
2022-01-12,1169084.317203241,888776.6307096562,559216.8927467407,846349.0862940793
2022-01-13,1084918.4834608797,824790.9754120491,516018.61169783503,824579.8364165614
2022-01-14,1107216.2831420926,841742.5014750423,527597.9642310758,830770.6516707068
2022-01-18,1028784.7256407337,782116.2329573628,486952.98637821403,809460.2619322824
2022-01-19,998465.3124721266,759066.4105582791,471299.9783697719,800809.540353112
2022-01-20,962557.577706726,731768.160935399,452372.46122255025,790111.6582983789
2022-01-21,893494.9851871228,679264.4899987406,415066.10287481395,768414.0057724703
2022-01-24,904501.510558981,687632.0152421059,421199.6842980191,772220.4958338513
2022-01-25,847587.6596650371,644364.2201875619,389803.0454504151,753054.6900564451
2022-01-26,850187.7476234951,646340.8931967382,391752.04106481466,754330.786372857
2022-01-27,824927.2565643172,627137.0309916955,377679.2833988631,745319.328362963
2022-01-28,890692.7965158423,677134.1733319057,414206.9916940668,769368.2834359896
2022-01-31,966629.7785112932,734863.9829025561,455074.04866728693,794692.5786473657
2022-02-01,981787.8718909713,746387.6676904947,463264.3174307719,799482.2946137852
2022-02-02,1002739.167472522,762315.5367260824,474367.99673127366,805892.0308738651
2022-02-03,890756.5837667963,677182.6665134077,414332.2848856454,771916.7958058459
2022-02-04,921211.8346462126,700335.757240669,430891.1464125956,782221.6028573837
2022-02-07,900937.1138229324,684922.2427518237,420056.67675701913,775687.2883771512
2022-02-08,928985.7835632208,706245.7707650112,435253.5704722352,785063.2606755435
2022-02-09,980609.5222861102,745491.8472811407,462690.6233275009,801581.16684123
2022-02-10,919746.4317740167,699221.7094271648,430297.3948110618,782897.1575409157
2022-02-11,847281.820926028,644131.7114454663,390632.15802373696,758862.9317481974
2022-02-14,849218.7575177375,645604.2348148637,391840.04150230053,759666.2780113504
2022-02-15,902211.4644954696,685891.0463534235,420853.7864329083,778437.2772681912
2022-02-16,899222.151550147,683618.4716138731,419364.99602487823,777541.083787854
2022-02-17,831695.8294163932,632282.7243225003,382151.95603429136,754563.9910148218
2022-02-18,807680.9577303175,614025.8232333341,369025.69312868424,745945.7255149016
2022-02-22,788228.3099823789,599237.2759323536,358036.17294187634,738561.834097178
2022-02-23,740472.2783166248,562931.5584615291,330068.7989909005,719351.9556561378
2022-02-24,798152.4700403169,606781.9512043803,364165.64938188466,744142.258575824
2022-02-25,827684.6358632398,629233.2820890911,380929.3599974542,755581.444400852
2022-02-28,833897.6216993292,633956.5997632658,384842.8741847353,758190.0454468749
2022-03-01,799791.4729947359,608027.9755519112,366036.4949026767,745863.2834547686
2022-03-02,832232.8442408086,632690.9807837853,384664.87763632793,758539.3293933728
2022-03-03,801682.1055309165,609465.2970442022,367765.8214839506,747454.8855034852
2022-03-04,774126.897145763,588516.9147019887,352241.90838577534,736961.078864748
2022-03-07,707008.9508873124,537491.6282808663,312642.7777240453,709367.5324075241
2022-03-08,699646.3928018619,531894.3676964074,308990.4308375662,706627.2648736422
2022-03-09,755174.9345819547,574109.0048661159,342141.96864991146,731920.5418614303
2022-03-10,735342.0359600881,559031.3782527358,330841.1279158714,723884.9255559001
2022-03-11,700204.8403323557,532318.9180109369,309716.40961700905,708500.3694780065
2022-03-14,671563.475940337,510544.8038870192,291884.28383258375,694924.9348695175
2022-03-15,716111.796202804,544411.9128748194,319524.79130457115,716882.2587555726
2022-03-16,776846.2113981189,590584.227489856,355003.85579510045,743438.020615547
2022-03-17,797712.4666227967,606447.4460286887,367343.43567049876,752074.8514448791
2022-03-18,840004.2928921581,638599.0935233379,390867.5406124643,768152.1325035647
2022-03-21,833055.4606715036,633316.3610483914,387281.84072263405,765827.0789347836
2022-03-22,874239.7986656805,664626.0592642035,409760.1821117286,780667.4174106334
2022-03-23,841902.0293062618,640041.8156189835,392405.44651906914,769670.3785516677
2022-03-24,889771.2329262978,676433.5701589375,418319.64044305583,786637.1429477354
2022-03-25,887585.1086905169,674771.6060867155,417343.23356852116,786049.5609854611
2022-03-28,924657.8535249861,702955.5349618902,437113.87998837506,798486.4066322981
2022-03-29,966549.6420556622,734803.0605139955,459146.3934549709,811927.0008717916
2022-03-30,937251.0439022422,712529.295509939,443972.069400249,803007.7838671363
2022-03-31,897936.0917824813,682640.7663702242,423366.2349301998,790609.5570745653
2022-04-01,900959.4317004167,684939.2095416979,425297.31886655465,791838.9107996805
2022-04-04,949537.0933047397,721869.5573131308,450899.86918663746,807755.5994266764
2022-04-05,892022.5971390618,678145.1318231188,420641.49165643245,789714.8967613027
2022-04-06,840879.839530365,639264.7130853178,393232.10895197035,772589.3134204767
2022-04-07,845519.3704786429,642791.8382238606,395897.9855561219,774361.8827206437
2022-04-08,814697.3593449998,619359.9242002525,379167.2757835751,763480.3992135543
2022-04-11,766611.5340144092,582803.4866590708,352395.2768965704,745537.6466415836
2022-04-12,759574.9642593503,577454.0532036502,348607.9317447695,742892.5131031204
2022-04-13,796167.3755015483,605272.8165681141,369381.53889877244,757674.5251779784
2022-04-14,751255.9240166,571129.6431941331,344109.7469793611,740421.5366984569
2022-04-18,753167.9566175988,572583.2337247015,345402.71731418325,741374.4610378289
2022-04-19,792532.4958411546,602509.4606235847,367701.2765787994,757353.9764919109
2022-04-20,762977.1785705832,580040.529241344,351253.47279594344,746087.6145316206
2022-04-21,726324.8397073633,552176.2069139252,330309.2864269095,731284.3867408462
2022-04-22,682219.8953927761,518646.16701113083,304039.937058786,711923.3937260549
2022-04-25,701759.730538361,533500.9970603958,316072.8039015168,721339.8077267304
2022-04-26,642835.5005927107,488704.8452451527,279382.41543367255,693453.1693997394
2022-04-27,641862.2008285102,487964.91051814693,278964.3633199938,693131.2286207153
2022-04-28,688151.3511562583,523155.4561967752,308091.0075395802,717278.4146767242
2022-04-29,623204.0109574704,473780.3364162595,266781.6307193699,685245.1997607898
2022-05-02,642769.1432330422,488654.39818185614,280526.3871993639,697044.9205332448
2022-05-03,643613.9530447085,489296.65058996255,281411.90118556994,697810.5332331127
2022-05-04,689826.0699656768,524428.6329205738,310145.60475371045,721592.8453453608
2022-05-05,615359.1557721668,467816.41759757325,263027.29546912113,685083.9282653295
2022-05-06,600908.6333145228,456830.6516669998,253367.94645656183,676729.2705356803
2022-05-09,559318.5511924303,425212.4933224933,223062.41162555155,649779.1416708496
2022-05-10,570117.6049527713,433422.2917730697,231730.42907592776,658225.761487178
2022-05-11,542911.4352624628,412739.26021063025,210412.8973447397,638072.1368807917
2022-05-12,541187.8904161036,411428.9643159007,209235.2362899125,636911.1830870956
2022-05-13,569396.6462983612,432874.19511800504,232441.948285749,660487.6301805848
2022-05-16,558530.9087924435,424613.7014747513,224330.26083573842,652834.9563817317
2022-05-17,581484.7966342822,442064.00749421876,241933.15899236972,669940.7917071048
2022-05-18,534405.0539095246,406272.42728237575,205188.78866645566,636055.2538831343
2022-05-19,530819.6826060709,403546.70923104655,202456.46643623363,633261.3502347958
2022-05-20,528198.1981636941,401553.76990591123,200396.62218547997,631142.9294145606
2022-05-23,539134.3356031402,409867.7839110437,210474.1178492302,641751.6519073562
2022-05-24,523170.30088316323,397731.3958146783,196585.17226119657,627665.1259730533
2022-05-25,532366.2236479088,404722.4409692904,205295.16978287383,636963.9795213452
2022-05-26,552545.850295087,420063.66171491076,222445.25612439003,654730.4265002643
2022-05-27,581554.5251958636,442117.0174569002,244425.01209360387,676325.2306446036
2022-05-31,577957.6728454229,439382.57113327464,242135.0100651184,674244.3035157451
2022-06-01,569184.1933117792,432712.6813188547,236724.1326311444,669260.9373496756
2022-06-02,596442.3474342191,453435.23316888954,256198.5696284179,687652.1812349214
2022-06-03,566645.650603902,430782.7970482171,235614.02179870577,669275.2140182232
2022-06-06,570193.1234407917,433479.7034296554,238496.64627704132,672043.3213044639
2022-06-07,578643.6142241099,439904.046495182,244835.24903415007,678035.8727262191
2022-06-08,570402.6801196112,433639.01535968744,239231.44292548255,672902.0887574049
2022-06-09,543947.5282797207,413526.9324490049,219559.5695528689,654496.8592728782
2022-06-10,516050.383585921,392318.5987963137,196079.85302271074,631204.0445252574
2022-06-13,489575.2904706887,372191.3558674447,168991.37768535755,602173.5377105487
2022-06-14,490081.01168241183,372575.8218875766,170023.7276470901,603434.5501241675
2022-06-15,500742.3271321938,380680.907111077,182726.00944565618,618496.7371068241
2022-06-16,476949.18740263005,353570.1356289894,160664.4858384257,593640.9761134625
2022-06-17,491855.5471117456,364620.46082775586,166643.79372827406,601039.627907166
2022-06-21,524710.6883127936,388976.50762977655,179086.02302959733,616032.9691635764
2022-06-22,522214.4702737176,387126.02088203287,178181.39257682775,615031.3075340064
2022-06-23,543081.7064897168,402595.2401069827,186044.7800359937,624114.248614831
2022-06-24,595332.5268774205,441329.6171415971,205500.92081032382,645906.4755202141
2022-06-27,581829.357799912,431319.4998203875,200509.1058085719,640713.9151570067
2022-06-28,532135.9254307558,394480.9558272299,181930.7131934136,620962.2660230173
2022-06-29,534565.6155212373,396282.1243322152,182873.11724528144,622070.3584812611
2022-06-30,515152.252677417,381890.68491896405,175582.0561340467,613839.1038495234
2022-07-01,524486.0284090984,388809.96361477877,179310.4814266135,618227.106993775
2022-07-05,548399.0203360886,406537.05073901656,188303.31303427802,628605.6988677994
2022-07-06,557590.1119896288,413350.55542327405,191762.93751440253,632499.5613285855
2022-07-07,590981.2147189486,438103.9191622938,204184.01742875506,646200.3059900659
2022-07-08,593101.5592839842,439675.7648331555,204997.3651964174,647103.7198509469
2022-07-11,556783.0065927819,412752.2351573688,191507.71061145657,632955.1584084644
2022-07-12,541699.5493133825,401570.62466952193,185896.27839299117,626817.4715616798
2022-07-13,539468.8182461535,399916.94770177803,185088.81532032893,625953.9454103975
2022-07-14,544369.8873922509,403550.1894149039,186950.61501550744,628096.7249967578
2022-07-15,571767.6347962173,423860.5820550565,197181.39684539085,639598.2709693622
2022-07-18,557550.4570143485,413321.15854964795,191915.5537229875,633949.5813509796
2022-07-19,606091.9651292334,449305.7624888661,209917.16640756707,653815.5260532273
2022-07-20,632473.1248013882,468862.5422249424,219669.31950554237,663986.2506025089
2022-07-21,658260.0932511016,487978.8384112881,229160.1744063567,673595.4386529315
2022-07-22,625072.1116744049,463376.05166323314,216982.90169714653,661711.4230974875
2022-07-25,615198.8656696449,456056.8549412258,213378.81570136102,658094.2248696542
2022-07-26,581174.5285473062,430834.0643195566,200809.01883810744,645218.0301904603
2022-07-27,650754.5654580739,482414.86943966727,226427.8633634666,672701.9247867229
2022-07-28,667727.8644654036,494997.4501224746,232670.90085719322,678931.7219961315
2022-07-29,702171.2949755271,520530.92144111096,245267.37270272349,691231.541657293
2022-08-01,700469.6521885586,519269.4661606082,244811.99837228566,690864.1882763078
2022-08-02,694179.0349887253,514606.13003323687,242541.62624498765,688788.9152012075
2022-08-03,748590.8226554686,554942.4670126844,262328.2737318499,707579.7014379245
2022-08-04,757856.311927719,561811.1238532569,265709.22225547675,710681.3857647427
2022-08-05,740594.2313541995,549014.4647314426,259469.44497007361,705180.4326100562
2022-08-08,732519.2037001067,543028.3163150596,256559.73945704015,702606.1110706477
2022-08-09,708043.4871966447,524884.0723739533,247679.3509961268,694561.0288418789
2022-08-10,766162.2749019001,567968.4683521616,268775.3900250176,714341.4557556589
2022-08-11,751607.2624879545,557178.6025777683,263520.8787117471,709748.8303708265
2022-08-12,796446.4202942406,590418.5944381063,279760.0290712721,724390.0196508173
2022-08-15,813598.6676544799,603133.8324250457,285974.3526095474,729816.9931313033
2022-08-16,807834.9075299219,598861.0639566248,283912.94811288104,728127.2106603116
2022-08-17,779225.1231533117,577652.1687335476,273592.47216899315,719368.193523686
2022-08-18,784932.0597773092,581882.8130232705,275680.70901971374,721261.3203221433
2022-08-19,740267.4626669647,548772.225826091,259517.72759344682,707228.6882890877
2022-08-22,683143.7330687671,506425.4824934131,238752.84594026883,688427.9461832831
2022-08-23,681587.1602385647,505271.56991482544,238221.0836465254,687977.0376996415
2022-08-24,686886.2089713762,509199.84032318473,240176.74291628433,689919.8232607492
2022-08-25,721333.5585135956,534736.2168836086,252721.0563692771,701991.5369148826
2022-08-26,636123.6913279332,471568.76614984794,221615.62215214648,673252.0543745876
2022-08-29,618556.6469003278,458546.03239765554,215199.2319830341,666813.4113577999
2022-08-30,598454.8130359914,443644.2182976875,207834.6000623074,659265.0640176074
2022-08-31,588593.701328095,436334.01692592114,204224.968517466,655506.042969057
2022-09-01,588606.7959047118,436343.7241470523,204311.55620527588,655659.9858197266
2022-09-02,564629.6959291897,418569.11269105534,195471.27473312872,646264.7986936914
2022-09-06,553053.7654361881,409987.68845856754,191207.14625732062,641625.8995060959
2022-09-07,584923.3689456674,433613.1402528199,203014.66477954792,654893.2369935975
2022-09-08,593062.491460879,439646.8032249198,206042.45922842843,658210.2104959543
2022-09-09,629386.1339020687,466574.1060145745,219399.17778732162,672494.6081574936
2022-09-12,650836.1614576018,482475.35787194077,227271.0227264765,680600.3325193621
2022-09-13,548216.3666912935,406401.64664216747,189433.97047817433,642894.229479663
2022-09-14,560866.4269570784,415779.3406230416,194153.82207152253,648293.7064695033
2022-09-15,533946.5129507901,395823.17359787563,184181.35703325245,637254.7390322809
2022-09-16,525547.0591861926,389596.5228661046,181080.26060069958,633737.8078592792
2022-09-19,536642.5550120128,397821.793120511,185250.85703157043,638662.4389940741
2022-09-20,523705.4471997055,388231.3061574145,180482.32840901188,633242.2448755304
2022-09-21,497463.8901111936,368778.0160712558,170679.2467860546,621836.3987660037
2022-09-22,481368.24283544143,356846.052791654,164653.70132022552,614576.9204944674
2022-09-23,459607.02743198426,340714.1123567565,156441.7273664581,604417.2145108384
2022-09-26,453205.1586040473,335968.30360069324,154038.58211115055,601378.8645904635
2022-09-27,454922.01755499176,337241.03886930126,154730.6868958745,602335.7820092018
2022-09-28,478768.9320281389,354919.1417098158,163844.00769670296,614217.5598512922
2022-09-29,441619.7935187689,327379.8853525764,149737.97497978216,596648.1266558428
2022-09-30,421207.3709215071,312247.8268087016,141918.76962417216,586318.4176043434
2022-10-03,446776.15030899644,331202.37591934024,151915.1700941238,600147.5788907399
2022-10-04,484408.3728312847,359099.75025744445,166195.49583537533,619016.9786685901
2022-10-05,483104.4150474918,358133.1052926404,165750.95170588375,618531.4627744904
2022-10-06,472904.29389982857,350571.5907479749,161942.205644837,613860.1270390523
2022-10-07,423260.91870254924,313770.154944782,143034.96489037192,590035.972105054
2022-10-10,411745.4083374258,305233.5211289105,138626.26719053107,584037.1369452276
2022-10-11,398273.4920413781,295246.5719993485,133429.87463346525,576802.2639329935
2022-10-12,397543.4725298841,294705.3967452373,133183.93692783845,576509.7535060119
2022-10-13,421091.5973572352,312162.00199569634,142336.2306723044,589777.3618943546
2022-10-14,386871.6161453201,286794.1772506582,129083.4634781557,571536.1268950438
2022-10-17,421309.319369191,312323.4028394967,142469.03562003403,591352.9720012378
2022-10-18,429675.7990170667,318525.6093259906,145725.49680574925,595921.9920147681
2022-10-19,424937.14837996097,315012.7710767339,143949.34535834545,593564.8202938784
2022-10-20,419013.5114337422,310621.4833383119,141709.21577160977,590549.4903782604
2022-10-21,445363.4903550155,330155.14828017243,151819.0334684342,604656.5006019477
2022-10-24,457890.9271803022,339441.93952416524,156610.48209138314,611082.4046002987
2022-10-25,483846.9614665961,358683.56694568,166425.19148290087,623913.3795560726
2022-10-26,453708.86057904165,336341.70600983716,155084.99996749908,609809.1836680846
2022-10-27,430571.2459828722,319189.41862373264,146305.91680741258,598367.8670092402
2022-10-28,467040.0245467243,346224.3131651499,160175.34348433802,617339.9714097268
2022-10-31,451360.49661979504,334600.82587940065,154282.1455734321,609835.1049596397
2022-11-01,438232.0610433899,324868.50455472356,149502.41240662598,603614.1592366496
2022-11-02,398464.65017787064,295388.28061324573,134255.655861215,583170.5591202894
2022-11-03,377823.19845459214,280086.43907930085,126247.37551417186,571648.6443228788
2022-11-04,392698.00187728216,291113.3710932877,132104.98632953368,580561.6495160843
2022-11-07,403797.3075335311,299341.46563652187,136443.83207434468,586990.6541510585
2022-11-08,411570.40125958755,305103.7855556426,139478.5054926255,591416.2843931753
2022-11-09,385787.86588488903,285990.77567940205,129524.96184722152,577422.3535077918
2022-11-10,461911.64951856126,342422.56593052624,158577.84877308639,620667.5850479016
2022-11-11,484757.8876717142,359358.8512535232,167180.35842091808,631968.9581004247
2022-11-14,471358.93964749394,349425.99468234705,162202.95959897886,625776.6632962584
2022-11-15,490056.06323411665,363286.4743665561,169231.88205271063,634894.5422878913
2022-11-16,470155.69623640564,348534.01090862474,161821.56047785498,625707.4923487941
2022-11-17,467466.5342851725,346540.4917226424,160849.61720477632,624533.4805815901
2022-11-18,467234.3820819357,346368.3935449895,160806.98301741362,624556.8641056664
2022-11-21,453434.5459779137,336138.35216568015,155652.67655237022,617962.5071486012
2022-11-22,471629.8190831067,349626.80198282754,162532.1427933914,627144.3849000923
2022-11-23,484061.1804947123,358842.3709709846,167218.2948107013,633250.5838272442
2022-11-25,474451.4647767076,351718.5335067167,163663.24428032598,628842.6200759949
2022-11-28,455456.2097170816,337637.0441465733,156584.9579763453,619856.100893824
2022-11-29,446090.8988306683,330694.3879312447,153119.62737047876,615361.4638262836
2022-11-30,502136.4780647575,372241.8809862521,174101.48793939548,643546.3694623815
2022-12-01,503110.80398975563,372964.1645303848,174557.42149595855,644194.5403847485
2022-12-02,497270.40527570416,368634.5826378146,172428.2751767415,641661.863764016
2022-12-05,472980.29934142006,350627.93480935873,163423.87044383909,630578.5702948476
2022-12-06,446457.4564447803,330966.123010705,153507.16218988164,617908.5386662728
2022-12-07,440572.46247379796,326603.4819339325,151370.90558317504,615125.1585215583
2022-12-08,455034.24936803343,337324.2381249183,156854.69138227115,622635.8886743876
2022-12-09,446794.9771333319,331216.33254828426,153803.64568615292,618682.4336202899
2022-12-12,461751.3464765301,342303.730696481,159463.20761762667,626354.115913367
2022-12-13,475464.56609262706,352469.56187438476,164631.73627887698,633205.3490167786
2022-12-14,464782.27913042565,344550.61002414307,160683.76960632874,628228.8160983945
2022-12-15,421384.4958633561,312379.1323887654,144384.11731820117,607070.793710704
2022-12-16,410895.9526721027,304603.8059250023,140461.0785550219,601654.0893645397
2022-12-19,395100.092927807,292894.0799842126,134450.79299008197,593153.3369730867
2022-12-20,393705.65556335606,291860.3610449687,133963.39676642863,592516.2285595095
2022-12-21,408893.1814021269,303119.11923664564,139852.03405860937,601277.536814397
2022-12-22,381478.88290146296,282796.4570012011,129359.98602214629,586321.8175927704
2022-12-23,383920.65423258214,284606.5815249902,130355.33835764304,587904.3422646325
2022-12-27,368728.39641242236,273344.3154390855,124511.70341723587,579198.3162792888
2022-12-28,355907.02476050245,263839.6255608907,119528.98716872987,571549.9489084074
2022-12-29,379053.4565273622,280998.4492580304,128612.75887660305,586105.2626796126
2022-12-30,377795.07805650175,280065.59297403565,128172.36125776514,585514.9694418991
2023-01-03,370461.6246961853,274629.18555848615,125416.88874441184,581401.3074728162
2023-01-04,374855.34732573555,277886.32310495357,127179.72073683608,584206.9195832323
2023-01-05,359053.3754668466,266172.06615490175,121067.57050547886,574930.0786802096
2023-01-06,384760.0289814545,285228.8235827208,131139.997905954,590954.8697164032
2023-01-09,390832.04831094993,289730.1095783277,133520.8976563608,594614.148267124
2023-01-10,399750.8630805086,296341.7710110594,136983.87066476382,599838.1991601932
2023-01-11,418505.8412549909,310245.13923563407,144151.03514664376,610383.8067513626
2023-01-12,423963.7201237605,314291.1529889785,146265.87169468185,613454.4460392717
2023-01-13,432039.1604451354,320277.6073222825,149349.60872929075,617851.713099556
2023-01-17,433347.24772927543,321247.3135523877,149907.26795956,618707.4274246867
2023-01-18,417912.401348373,309805.2126484577,144138.56500704182,610857.9320947013
2023-01-19,406129.7382207165,301070.5341750476,139744.4157949886,604736.2074438938
2023-01-20,437739.283639756,324503.2007067672,151696.92150810515,622062.3469721776
2023-01-23,464132.09510319156,344068.6181039032,161573.28381131744,635649.6228138916
2023-01-24,460957.77604826103,341715.44412138,160459.362773658,634278.0638766584
2023-01-25,457201.5855230891,338930.9194204033,159105.03644303433,632582.5803530957
2023-01-26,482757.86743935075,357876.20395377936,168615.7627825906,645275.8626397896
2023-01-27,495629.87456791423,367418.43072860246,173388.81015198975,651455.0833944078
2023-01-30,465891.54937011754,345372.9299681875,162459.79149493595,637859.0366360487
2023-01-31,486570.2675283047,360702.39771220484,170157.770392196,648023.306374016
2023-02-01,516240.1418268426,382697.1547154774,181111.48923955357,662023.6288743208
2023-02-02,569193.8254931379,421952.57565016334,200383.6363679368,685602.8109301772
2023-02-03,539179.6494840627,399702.58222819626,189520.84604715242,673314.548888104
2023-02-06,525257.3203866028,389381.734814518,184528.79724229124,667501.53519673
2023-02-07,557238.037994966,413089.55728483066,196175.13555429305,681642.3356710956
2023-02-08,527302.8999526444,390898.1559841272,185334.54291222544,669186.5286138937
2023-02-09,513068.8636555269,380346.23498908983,180184.248624397,663085.9795339246
2023-02-10,503644.05071925244,373359.4689432064,176788.80480361747,659018.1220293054
2023-02-13,526700.6461648133,390451.69552445825,185231.5161822483,669605.4668971136
2023-02-14,537215.9592369378,398246.8669332603,189100.38030875428,674365.6296813386
2023-02-15,549006.9546471882,406987.72226232855,193401.14665777146,679576.9873630711
2023-02-16,517767.8491683652,383829.6688411123,182107.55340756648,666448.7887081025
2023-02-17,507327.0267940898,376089.71858969406,178338.95261742128,661949.3065873083
2023-02-21,471725.2287956174,349697.53074363427,165377.2342270132,646009.5312061349
2023-02-22,472121.8851009174,349991.5784689837,165561.84795895265,646344.6805769971
2023-02-23,484658.636994441,359285.2751235043,170188.06504569176,652459.663676854
2023-02-24,460274.6153137849,341209.00603546883,161302.08646397706,641199.8145415727
2023-02-27,469643.62331285083,348154.40298011736,164805.91165669417,645936.6164523509
2023-02-28,467609.96189847507,346646.8169288232,164102.62620417864,645112.5571358254
2023-03-01,455792.0708491638,337886.0234281389,159807.74805986098,639580.6147690669
2023-03-02,467154.36595523293,346309.07629795774,164016.555512506,645290.6030262841
2023-03-03,494421.4214600876,366522.58492254856,174002.0174093819,658481.9014462847
2023-03-06,495507.22821371554,367327.511005425,174432.44430406607,659122.8496595881
2023-03-07,477668.94709637965,354103.7051145048,167973.4346439985,651085.442205069
2023-03-08,484513.89673967025,359177.9768350032,170529.53941282007,654484.920807061
2023-03-09,459061.46679784363,340309.6794475457,161274.8263229112,642742.5862481018
2023-03-10,440506.75181983964,326554.7695648878,154535.29299523262,633885.0164356151
2023-03-13,450160.7350571658,333711.42325617484,158117.5085216129,638877.2823389655
2023-03-14,480052.5765612197,355870.72813379613,169063.2954930663,653714.5846289025
2023-03-15,485672.3910597094,360036.78738480684,171142.19866993878,656491.351806188
2023-03-16,523640.98360146204,388183.51825091185,184910.51931493275,674193.8651916102
2023-03-17,515800.6904415311,382371.38230614987,182129.12387079594,670913.8183633132
2023-03-20,520710.88804947597,386011.39109547326,183925.65072934807,673219.6277253348
2023-03-21,542281.252764467,402001.85083266103,191711.28149188962,682819.0088901416
2023-03-22,520137.71412740444,385586.48800994863,183772.13952592734,673494.991939019
2023-03-23,539653.6689668412,400053.98052647087,190813.6203629483,682197.1749515183
2023-03-24,544130.3684513108,403372.6301556145,192442.82267996715,684240.2680053196
2023-03-27,532012.624536739,394389.5508831141,188120.88575960996,679219.8004469948
2023-03-28,524005.15868807613,388453.48712425877,185267.06335171766,675886.252312227
2023-03-29,552693.1349260977,409720.3472370444,195575.3049323684,688522.2459744996
2023-03-30,567384.9347682608,420611.6157411722,200850.78431220143,694815.474164228
2023-03-31,595537.1697377475,441481.3221990591,210918.29555171425,706527.9229796518
2023-04-03,590819.6836113868,437984.1735434369,209252.06263162536,704775.9260864368
2023-04-04,584093.0695853111,432997.6259271691,206866.018211558,702205.3700622666
2023-04-05,566182.4003350369,419720.1575441913,200490.4887845407,695099.3108480158
2023-04-06,578315.1249736132,428714.3422693437,204837.45339506355,700229.6915715783
2023-04-10,576546.8785278682,427403.5126209019,204222.86723176207,699636.9130562764
2023-04-11,564825.7116392229,418714.42230267095,200055.53478843067,694985.4719900445
2023-04-12,549542.9160985373,407385.03914230334,194616.73690960463,688794.1415242767
2023-04-13,582553.6972929591,431856.4643850886,206403.06558075896,702804.7783939006
2023-04-14,578335.3775563792,428729.35583603906,204911.8300488496,701220.1511633887
2023-04-17,579156.2183962765,429337.858407713,205217.00978882867,701675.9527926061
2023-04-18,579435.2684799519,429544.7227415631,205329.05021996997,701911.4060125821
2023-04-19,578775.3850047252,429055.5404638747,205104.1965423821,701762.9809570401
2023-04-20,564950.5910387987,418806.9974184515,200194.94217214856,696271.7552892745
2023-04-21,566622.1246768192,420046.1323005588,200800.98418304085,697081.2811316276
2023-04-24,562333.564841345,416866.9536317802,199285.948408758,695435.1823316836
2023-04-25,530409.6236470613,393201.22043419705,187930.93818325695,682333.7016630471
2023-04-26,540291.4317305014,400526.76436341257,191462.92588073088,686713.0983349823
2023-04-27,584634.9908545673,433399.360916413,207245.6013177205,705687.6067750796
2023-04-28,595823.3292812692,441693.45689031517,211226.044267689,710313.8875515099
2023-05-01,593603.8905001914,440048.151076672,210445.31118496438,709552.1401192833
2023-05-02,577509.8779230583,428117.39962555806,204738.29517141002,703251.3662286429
2023-05-03,566253.7253562335,419773.03193434497,200746.2333090952,698792.8941474519
2023-05-04,559797.4504563061,414986.8910784253,198458.42860893317,696249.8626528352
2023-05-05,595292.8437436795,441300.1993936493,211064.6640224573,711103.1360692789
2023-05-08,599412.1392426714,444353.8996760758,212531.16106073672,712863.6050579541
2023-05-09,586921.5365995474,435094.4142062137,208101.89988000592,708025.2672461551
2023-05-10,606233.3019593798,449410.5377637261,214955.74594591648,715911.2565138871
2023-05-11,611696.2935969227,453460.3416951363,216894.8623802216,718178.301972151
2023-05-12,604647.0709873268,448234.63912558823,214396.09821281562,715535.0094357993
2023-05-15,614367.0579338153,455440.2224324756,217844.28645831175,719485.2942135949
2023-05-16,615831.5278409462,456525.8576266745,218364.5311146694,720172.910492951
2023-05-17,638041.4368030147,472990.4218432331,226240.97546829772,728946.8087051174
2023-05-18,672339.888574035,498416.41808108124,238403.42871265617,742125.6353561541
2023-05-19,667526.9378971888,494848.500012376,236696.9439606028,740473.4157172084
2023-05-22,673964.517524359,499620.7817606611,238979.7122225081,742972.0776377275
2023-05-23,647820.8347865368,480240.04751139635,229709.4565686307,733483.8276234291
2023-05-24,637882.5248289348,472872.61783032655,226185.47746444953,729850.1342411976
2023-05-25,684610.808144106,507513.04894087935,242754.84144980335,747788.5410505013
2023-05-26,737359.8118836061,546616.7373401318,261459.0216372305,767113.5499034824
2023-05-30,745812.7006669516,552883.0003143073,264456.3163782586,770167.3509183077
2023-05-31,729781.9297941795,540999.1309600265,258771.99578067302,764772.2267649145
2023-06-01,758269.9723299159,562117.7769902622,268873.51710848726,774846.0444080688
2023-06-02,774519.6811430351,574163.9485756977,274635.4706748974,780505.1411697986
2023-06-05,775777.8146590126,575096.6232706816,275081.5898632316,781052.7853072013
2023-06-06,775714.611632794,575049.7698465801,275059.178821739,781156.6874654798
2023-06-07,734666.9164640907,544620.4504738142,260504.15413055997,767503.2612212517
2023-06-08,762295.2429119077,565101.7750831593,270300.83021606825,777247.2671404553
2023-06-09,768901.9196224876,569999.4112303925,272643.4792309268,779617.1917158322
2023-06-12,809223.517250954,599890.4627696824,286941.03836691135,793369.912108753
2023-06-13,828030.6178677946,613832.470202585,293609.8126482125,799643.2142873321
2023-06-14,845169.6588259668,626537.9180703809,299687.11280609434,805288.4594830109
2023-06-15,875202.9696346632,648802.0964283454,310336.56775312725,814956.1623050628
2023-06-16,857284.8188501593,635519.0818632119,303983.004513657,809525.1363385428
2023-06-20,854586.3333276301,631688.2432320659,303026.1536296354,808805.426336649
2023-06-21,822891.2314397164,608132.3274867663,290674.66964479384,797945.8925124833
2023-06-22,847368.6397665483,626392.7735061637,300812.444386864,807350.2861574267
2023-06-23,824751.9524739967,609542.7915460375,291640.0049516147,799273.6440173773
2023-06-26,795303.1362489855,587594.5319462538,279625.48796357104,788425.9447631051
2023-06-27,830182.3286044593,613627.5201194366,294181.8741508291,802233.1955629104
2023-06-28,832406.8598112745,615293.9544122901,295163.3856845212,803253.8945578494
2023-06-29,827873.8309473263,611946.6722700509,293585.7939418438,801951.4845444998
2023-06-30,862248.0528579636,637561.3731442617,307570.8010385349,814813.6418054762
2023-07-03,866041.0662054257,640401.8297782285,309236.0451011225,816415.5413621999
2023-07-05,864826.711475938,639504.6214085679,308809.03415420663,816171.3984302719
2023-07-06,847056.236938033,626278.1654799448,301715.1230550632,810053.3482942757
2023-07-07,838825.7711863255,620152.9585795846,298435.46290243015,807248.8557368013
2023-07-10,839461.9302923036,620643.2463379831,298835.78364012524,807739.966613544
2023-07-11,849809.9000136469,628359.030285441,303087.3622275521,811700.8192548015
2023-07-12,877183.887110357,648763.6275172007,314279.0196109021,821822.5246313786
2023-07-13,917460.0260216267,678752.3203886021,330456.513999747,836056.1270799997
2023-07-14,915961.9539452287,677643.689655699,329914.0372813136,835733.4462743554
2023-07-17,939091.171703428,694861.0564388116,339168.32105815544,843682.4751712119
2023-07-18,959404.9987791709,709985.5653883484,347321.54198375694,850578.9026367498
2023-07-19,956375.3241041387,707739.7336109368,346191.7158976183,849793.7506922147
2023-07-20,896231.9835694267,663001.2218025012,322407.59455383825,830469.8833728324
2023-07-21,889353.3630451657,657891.2846202892,319746.872668426,828319.2612235361
2023-07-24,892271.7925280554,660074.120998283,321004.84422377654,829539.1003192243
2023-07-25,909349.4100315755,672798.6132834762,327941.76362093294,835648.3087255982
2023-07-26,899016.4873411735,665114.7405833682,323876.65851716214,832330.2044879162
2023-07-27,892966.4370679479,660626.5889490953,321591.01229959907,830506.4524789434
2023-07-28,936659.546886744,693177.7772256666,339300.40772733185,845885.1611549377
2023-07-31,937134.1324358614,693538.2325485611,339552.80657090794,846231.3002740211
2023-08-01,929802.7365605249,688111.4014182244,336886.5088122176,844157.4741042558
2023-08-02,873411.0404938837,646143.7221122021,314412.7521651002,825526.9821642189
2023-08-03,870297.9063284583,643832.6462853395,313222.3747870744,824622.8547765467
2023-08-04,857528.0852118332,634345.5448646046,308276.30511342105,820419.8829674651
2023-08-07,877144.2259699982,648955.5166665169,316192.36964824167,827579.1045250673
2023-08-08,855964.7021574642,633194.0522215391,307757.84575740976,820358.505665944
2023-08-09,829838.2918243692,613741.422167268,297268.1355532843,811174.8926030798
2023-08-10,833274.7954620506,616310.9830606804,298742.7235499287,812651.4637693696
2023-08-11,817724.9192003121,604749.9003047249,292645.01402671146,807257.9384000297
2023-08-14,842947.7797044428,623543.3462768005,302890.1126193743,816812.917433708
2023-08-15,817497.4122707337,604600.0903572799,292724.29418162635,807811.0043957708
2023-08-16,793910.10807438,587030.1704516985,283186.0515823511,799171.7367796026
2023-08-17,771094.3322790329,570026.9050174586,273889.6721570265,790560.0170301967
2023-08-18,767737.7892220573,567534.5689207342,272601.3207007206,789452.3080915052
2023-08-21,800266.605471212,591786.569928516,285943.96304464695,802464.0670919275
2023-08-22,795718.7515430908,588413.1334745194,284228.70837390056,800993.3718170897
2023-08-23,828712.3594314514,613013.9086489005,297781.57481390145,813858.2219225357
2023-08-24,780256.1036734659,576909.0600613733,278096.8617977938,796060.7324020603
2023-08-25,797130.0160186678,589491.7599032344,285038.0620472842,802816.646826575
2023-08-28,812156.0206226622,600699.7049536348,291247.08798930055,808779.8467441165
2023-08-29,857745.8547024165,634687.9491959659,309934.40421537386,826212.6912751416
2023-08-30,870234.0601493036,643991.4363232668,314994.5151354748,830846.86040655
2023-08-31,875618.378587082,648007.7878459528,317220.9071756622,832942.9294886776
2023-09-01,873548.0715459343,646474.1653446658,316458.00571472064,832414.1338780096
2023-09-05,875744.4689911439,648114.9674074339,317387.4000644319,833367.875573108
2023-09-06,854140.2531236712,632045.3019547741,308852.1288628362,826036.4927108887
2023-09-07,836674.0594043751,619049.1460469661,301913.0194279591,819987.9727316845
2023-09-08,839251.9639287068,620982.8017771791,303072.2600992772,821174.2351111451
2023-09-11,865840.7681775332,640780.0210710318,313750.32275533944,830955.2757303092
2023-09-12,839007.9071062761,620819.788577464,303137.2200616108,821724.4177892926
2023-09-13,847220.4009585814,626942.4330742909,306503.93040758354,824903.5661339251
2023-09-14,864152.7582744388,639616.1604776639,313882.57772286783,831660.6202221531
2023-09-15,822408.977935215,608547.4514587135,297226.7308634682,817088.943396885
2023-09-18,825161.8657591118,610610.2754064404,298446.4942583142,818342.9601439203
2023-09-19,819687.418131674,606541.3868992227,296310.86216549407,816527.4847752876
2023-09-20,787186.5084462647,582339.3248022423,283233.50918396283,804651.500807442
2023-09-21,748457.4521881518,553478.0931090257,267464.2869556747,789852.5388761554
2023-09-22,748766.9380907986,553724.0825580062,267724.1159153285,790240.0536260444
2023-09-25,757300.8134076317,560096.7569274417,271313.4639313674,793903.4188946347
2023-09-26,726916.7461797211,537449.8339668995,258903.27704180146,781931.1589099828
2023-09-27,730910.2360016045,540436.8417226801,260625.3534337206,783795.2370196071
2023-09-28,746465.2112278711,552043.4388140964,267088.60706912505,790405.091439103
2023-09-29,747530.6000709987,552852.4402594242,267653.65806915646,791094.3222078072
2023-10-02,763018.5957800455,564423.3942039249,274213.98246776516,797689.647786293
2023-10-03,725782.3351442396,536670.7040397534,259018.57220434284,783088.1970935463
2023-10-04,752517.0110358988,556621.1863961081,270144.27480591286,794430.8896269419
2023-10-05,744566.8154088244,550721.0340679423,267119.8406526285,791598.6829288704
2023-10-06,777625.6668591833,575360.5786168358,280613.4408610589,805059.9641937878
2023-10-09,787435.179371286,582675.4139428862,284648.5165129808,809053.0288404758
2023-10-10,798160.0136757207,590701.986975266,289314.47088765365,813608.6398870829
2023-10-11,813350.9521029966,602019.8041779194,295477.04980687046,819521.1396682963
2023-10-12,804537.1806679767,595468.4138771361,292033.95835227927,816474.6365087832
2023-10-13,777031.8569443645,574990.7334404804,281004.8256421218,806332.3304652326
2023-10-16,801236.6180420568,593029.387015739,290869.4050822024,815902.1671664458
2023-10-17,793058.9992538382,586968.3909982615,287827.60185079195,813194.1257529713
2023-10-18,762068.8943421721,563914.0551447613,275555.88217023265,801772.7430047155
2023-10-19,744424.9780986517,550773.958562199,268444.20526566135,795008.9674377268
2023-10-20,714521.0064314228,528483.9071996312,256221.6575066325,783075.7085321238
2023-10-23,719719.9624773627,532369.0479453763,258432.89670890596,785459.0196858404
2023-10-24,737351.8805923642,545530.9505457854,265807.5948498348,793061.3773618393
2023-10-25,689304.3648881953,509697.1900214828,245997.33977894665,773491.7538764776
2023-10-26,655636.505564423,484566.4894632327,231930.6111717245,758877.389038512
2023-10-27,663210.6558700675,490246.4365203431,235324.96019398837,762706.0744117955
2023-10-30,681010.7144776618,503553.96095738426,242945.1903815018,771065.8746352661
2023-10-31,689222.4027398753,509711.05635262455,246616.98179970388,775079.0305321801
2023-11-01,720544.8870011714,533080.3909904428,259610.49443170824,788820.5130768334
2023-11-02,753366.6795969176,557545.0089876128,273022.66131590615,802536.2743142934
2023-11-03,776964.3409573736,575147.7776114877,282784.0883185251,812234.5431487571
2023-11-06,784121.018830237,580490.1259113741,285777.60235597315,815236.0912789771
2023-11-07,803650.1876173039,595032.804405885,293636.63692125556,822845.2124103341
2023-11-08,805662.8483806961,596537.970890124,294502.4300930567,823791.1870061151
2023-11-09,787043.8761019489,582688.5602242007,287144.53462382336,817068.0179034113
2023-11-10,835319.837831965,618615.3211387156,306374.8000397371,835444.17154509
2023-11-13,826021.3340630998,611790.7184081788,303501.2295787182,832971.571969517
2023-11-14,875199.4893000908,648350.7606804932,322758.6650499523,850728.117896046
2023-11-15,875440.2837479712,648536.1612658922,322908.6261116509,851001.7743630002
2023-11-16,877442.460778709,650031.137478671,323749.43320441945,851882.3488369226
2023-11-17,877661.6422245185,650202.228156634,323906.24562618526,852161.9821614927
2023-11-20,907188.4847792892,672141.4787251188,335367.3967062542,862355.1344312475
2023-11-21,891557.7311936817,660534.0234382366,329357.8525151527,857348.0450164505
2023-11-22,901920.11856542,668238.0319956655,333419.0837213822,861014.966184548
2023-11-24,898263.3219944584,665528.3862588359,332064.6084678465,859992.659040345
2023-11-27,894546.0414755339,662772.3116050975,330673.6931585242,858935.3576969405
2023-11-28,901858.2872286863,668209.0559987728,333542.91500222374,861562.9253134689
2023-11-29,897623.6866850221,665071.0994867057,331972.98875191115,860354.8927449557
2023-11-30,890730.8700235486,659956.2319292726,329355.70511354436,858237.3789474108
2023-12-01,897695.096488319,665157.8488582022,332294.25503703643,860932.9632860062
2023-12-04,871767.6894720626,645902.4125948201,322311.60350728396,852455.2977120081
2023-12-05,877312.8120191528,650026.2054198246,324495.5014337888,854522.823343075
2023-12-06,862547.390695064,639065.9916598194,318859.1028574126,849717.7471935475
2023-12-07,898812.1504160581,666010.679037985,332926.76173334406,862355.6353550714
2023-12-08,908432.4618155424,673158.8654998147,336661.2671571875,865723.8800140929
2023-12-11,930393.2486020826,689469.0125158048,345121.8164931152,873120.377951501
2023-12-12,952044.9460257964,705546.0030022416,353431.93957600923,880273.9137708162
2023-12-13,986977.4522034826,731476.7864962957,366773.3260085201,891496.9669577989
2023-12-14,982191.3393953822,727928.6300061161,364985.7407831449,890197.3373696696
2023-12-15,996607.7628823827,738630.8234036597,370497.952036489,894827.2345719141
2023-12-18,1014628.1556218317,752015.561212588,377450.00579432194,900573.3611858494
2023-12-19,1028786.7797000362,762523.8366639157,382841.534539889,905011.5319694659
2023-12-20,981853.2643174011,727702.4946535586,365072.8986492516,891161.2018625232
2023-12-21,1016850.5885579559,753672.6959375376,378363.25822389545,902123.9907195907
2023-12-22,1019911.6364240337,755947.5497740456,379555.0226519893,903221.6307869547
2023-12-26,1037448.2509259718,768964.9986970115,386251.0819300287,908683.7925321867
2023-12-27,1042108.0621248443,772424.0564092663,388031.00150296127,910231.1568233026
2023-12-28,1040056.9958201683,770906.5005601723,387290.9931934768,909804.3528599715
2023-12-29,1026332.2111230459,760728.5395299449,382137.2201645127,905920.446551809
2024-01-02,975029.2470506908,722670.6475378341,362760.27725723,890759.454183711
2024-01-03,944173.0317955482,699775.8041052778,351063.3976595421,881334.118841671
2024-01-04,929072.8237626662,688572.7316557025,345348.4298230379,876698.7060545037
2024-01-05,932621.1003859263,691209.1800664278,346725.57307845226,878010.27334805
2024-01-08,989991.3428580344,733781.6857510485,368513.88155676,896548.1750707583
2024-01-09,994477.8007531228,737116.9398525943,370270.1012503021,898121.9392984342
2024-01-10,1014167.0112804505,751725.2680926509,377727.14245898084,904300.9764415565
2024-01-11,1018661.9621067084,755061.9802491541,379444.378527333,905822.200908225
2024-01-12,1020306.6740149489,756285.4491561026,380095.0154932047,906491.0318050656
2024-01-16,1019429.847026863,755637.1173764495,379782.32717152464,906393.6560909529
2024-01-17,1002007.0342766137,742715.2975244892,373226.9075572246,901329.7571217308
2024-01-18,1045216.3911460206,774766.6455979962,389525.2058378927,914600.0355870035
2024-01-19,1105449.8533969764,819438.909779359,412183.61628498783,932486.4726685965
2024-01-22,1108050.911061186,821369.6690379237,413176.70935431914,933390.9047019338
2024-01-23,1121564.4891165788,831394.3195735761,418280.0579507608,937389.5165794124
2024-01-24,1139314.2947688831,844558.4366832046,424956.5880529147,942533.3673437141
2024-01-25,1142240.2353043521,846729.1272277915,426063.0180263397,943508.5838154313
2024-01-26,1123046.017722236,832497.6111122419,418876.69665798265,938361.301965963
2024-01-29,1156259.0313226497,857126.477914302,431339.02847577096,947823.7959977656
2024-01-30,1132274.3020226818,839343.3451115225,422361.7441889696,941406.3345663467
2024-01-31,1066128.8396795497,790296.6604045102,397568.4782815435,923142.7069973578
2024-02-01,1104128.051724838,818475.9168609958,411837.33219028026,934340.6439676771
2024-02-02,1160290.4668185732,860120.286780364,432889.4270668579,950416.8769909338
2024-02-05,1153884.177340371,855373.4840639919,430518.1688919134,948840.0248832155
2024-02-06,1145459.076386707,849128.3013771337,427377.68316458527,946691.1337555624
2024-02-07,1180508.2676401816,875115.2316056861,440498.14307343046,956536.8209536497
2024-02-08,1185567.5534824682,878867.378770663,442400.6128218019,958073.4342532011
2024-02-09,1220818.1699061652,905002.6787993369,455587.97784127883,967752.8651078047
2024-02-12,1204048.378235856,892570.468674879,449324.34915998846,963479.2511978723
2024-02-13,1146631.2352562996,850002.0031152058,427856.67966375995,948295.6946466689
2024-02-14,1186533.7409768833,879586.3212732963,442784.69985894114,959482.6226474276
2024-02-15,1193614.3458257145,884836.2655872869,445436.0580740784,961557.7642352305
2024-02-16,1161097.167888902,860728.9713577045,433283.44693035056,952973.583125715
2024-02-20,1133083.420691087,839960.7332304803,422816.88642207795,945459.0734376939
2024-02-21,1119596.1525927195,829961.8831791172,417778.2207200382,941861.1285681159
2024-02-22,1219966.6002441847,904374.9388869109,455300.99490027246,970215.9999277225
2024-02-23,1205813.7688706568,893882.9364238365,450016.0018782484,966623.8419226228
2024-02-26,1204425.8515563507,892854.3864178638,449500.8842621929,966416.2535612945
2024-02-27,1211488.2306381527,898090.7099157086,452144.4833290434,968472.0092274526
2024-02-28,1191454.9478928798,883239.2481822537,444662.9900421728,963291.8815684638
2024-02-29,1224771.2877496039,907938.6364761911,457110.94753172353,972441.3998670264
2024-03-01,1276960.306259229,946628.683267461,476603.46691842866,986426.1637717509
2024-03-04,1260419.3665459973,934366.48386242,470428.38601173926,982330.5104314524
2024-03-05,1191745.054804817,883455.5464579166,444782.05381811014,964643.1330827734
2024-03-06,1215121.1920042913,900785.5919434559,453515.38019495126,971117.6460728962
2024-03-07,1271299.9645360864,942433.1793184031,474495.9581022867,986254.944235067
2024-03-08,1212515.793071703,898854.4744165388,452545.58641378017,971211.2685594289
2024-03-11,1198518.0995026769,888477.8005567325,447321.3081957685,967635.9788184911
2024-03-12,1251533.7936411756,927780.4223052062,467120.1800188975,982073.5461931527
2024-03-13,1219962.8214169743,904375.9857949637,455333.1147824318,973976.9790331618
2024-03-14,1208568.1412468092,895929.036937845,451081.01533398073,971107.6299225104
2024-03-15,1166495.199066839,864738.9696479652,435371.02612411167,959995.8843306003
2024-03-18,1200703.6609160402,890099.2908634146,448148.38305864803,969547.3950901896
2024-03-19,1209633.180090322,896719.1623671419,451483.7255545816,972114.398735192
2024-03-20,1250941.848714069,927342.4712230203,466906.7927561061,983345.963992609
2024-03-21,1266915.3342382046,939184.0943628926,472870.82637011027,987696.9080696101
2024-03-22,1270323.016313994,941710.3799042784,474143.7547354334,988747.9204480101
2024-03-25,1256815.7627222722,931697.235551981,469102.17135839927,985408.3814218238
2024-03-26,1242554.2363870481,921124.9172068486,463778.88593056705,981845.3352865045
2024-03-27,1256408.2462143947,931395.2577592755,468951.1179094272,985659.0722981007
2024-03-28,1250476.8500031114,926998.2472848535,466737.47603927716,984272.5739810859
2024-04-01,1257852.031042327,932465.6863913592,469491.12351636717,986372.4128197379
2024-04-02,1221954.1335193585,905853.8973412331,456091.3576379523,977152.9065379833
2024-04-03,1229197.647405533,911223.7276773124,458795.84472654114,979247.3040183487
2024-04-04,1171533.4643151269,868476.0957311481,437270.54521854845,964096.2107303466
2024-04-05,1216174.9756140984,901569.8306889024,453935.2977967416,976504.5299576295
2024-04-08,1213985.7615871981,899946.9726822939,453118.5356695029,976081.7376331917
2024-04-09,1227489.8413052936,909957.8376499545,458159.57446182106,979864.2517519569
2024-04-10,1194894.406163006,885794.2582242708,445992.8113791301,971354.0211005437
2024-04-11,1253351.842218689,929129.8454713899,467813.35717516846,987357.4593639004
2024-04-12,1190281.1010677984,882374.3857785926,444271.2855038115,970959.6752736801
2024-04-15,1130934.3685929202,838379.536295232,422118.7008719959,954983.3929544167
2024-04-16,1131756.6164031276,838989.1384696626,422426.09850274824,955374.4976150868
2024-04-17,1089098.8564770885,807366.0868156507,406502.62211295415,943529.4785693774
2024-04-18,1070085.1512924007,793270.8674914722,399405.28620993113,938195.6713685051
2024-04-19,1003817.5970932908,744145.0120364577,374665.2391991826,918980.8562788367
2024-04-22,1033995.1585518732,766516.6269741433,385933.4008652907,928347.0099162398
2024-04-23,1080507.7070215477,800997.4961499727,403297.42670992,942424.675190815
2024-04-24,1090307.649956818,808262.4380537389,406956.0104497304,945431.6611845009
2024-04-25,1071867.9923029714,794592.8219306726,400073.3955598701,940259.5093713944
2024-04-26,1124498.5419637822,833608.8394911314,419719.01135688514,955806.8339039542
2024-04-29,1136280.5370325032,842343.0617605357,424116.9887483718,959304.6988018294
2024-04-30,1070229.4955657443,793378.2864556214,399462.77201950824,940876.3591267768
2024-05-01,1047286.2100502802,776370.0378301553,390898.9971019999,934309.7216060574
2024-05-02,1087288.4509587127,806024.4296418631,405830.59609816293,946361.8488831469
2024-05-03,1151766.4899195714,853823.0843339707,429897.44073648815,965226.9677381191
2024-05-06,1190433.607437738,882487.6530979319,444330.05479840894,976189.5725608143
2024-05-07,1189504.2359250255,881798.697250254,443983.186015394,976098.3773022317
2024-05-08,1187723.7766693758,880478.8151984398,443318.63847201783,975774.1862173018
2024-05-09,1192819.802225694,884256.5823991039,445220.7433259888,977332.497956881
2024-05-10,1201735.3227803002,890865.8025864958,448548.4741597259,979930.4875017747
2024-05-13,1208650.0361225856,895991.7916799432,451129.3989881506,981973.4287290998
2024-05-14,1232869.6292017899,913946.1675094307,460169.3804646007,988696.3305250076
2024-05-15,1287625.974674793,954537.9309037306,480607.2229217972,1003498.4774014169
2024-05-16,1279037.088591568,948170.8509467652,477401.41577209684,1001434.6390187351
2024-05-17,1276062.9878097987,945966.1020141036,476291.33083242073,1000825.4768559692
2024-05-20,1301928.0356065575,965140.2796896443,485945.47662961937,1007754.461869883
2024-05-21,1309654.4231952995,970867.9755963307,488829.3557794535,1009916.0852235885
2024-05-22,1307286.7246009626,969112.7623890903,487945.610760246,1009475.9356537284
2024-05-23,1289573.3900488294,955981.5814050627,481334.0972472934,1005084.9519676937
2024-05-24,1327442.5604821623,984054.609056612,495468.7894690175,1015090.9258787011
2024-05-28,1339807.7987212222,993221.1598690466,500084.1225947954,1018412.1275356836
2024-05-29,1310968.573201092,971842.1762206709,489319.8631209363,1011274.9253858759
2024-05-30,1268826.4967321053,940601.5743151088,473590.3059744334,1000607.5391544921
2024-05-31,1267869.552164227,939892.1758517284,473233.1257990005,1000522.8878481445
2024-06-03,1280523.8158597269,949272.9859029381,477956.3378621696,1004018.4236131888
2024-06-04,1291099.85336023,957113.1733112322,481903.8506614063,1006950.0055428275
2024-06-05,1369489.110885521,1015224.3959469373,511162.6914502189,1027496.9873781715
2024-06-06,1365909.8567262753,1012571.0370316472,509826.73253321706,1026773.2280621452
2024-06-07,1360963.5766802446,1008904.2797482184,507980.53032474476,1025705.0971670158
2024-06-10,1376220.7422399875,1020214.6629897739,513675.2771828464,1029709.0936366809
2024-06-11,1404961.1202387663,1041520.3693741278,524402.6417557951,1037048.8426319851
2024-06-12,1460307.6923036098,1082549.6771252002,545060.7853761674,1050839.540585093
2024-06-13,1484830.0389447764,1100728.4887404907,554213.7670319827,1056896.9249520132
2024-06-14,1503051.625901162,1114236.445440511,561014.9860830036,1061396.5685903046
2024-06-17,1558129.486837428,1155066.5532921276,581572.8331018077,1074538.2224474642
2024-06-18,1558895.9553422204,1155634.7487736433,581858.9179641899,1074893.6483937744
2024-06-20,1521450.86359093,1122692.0215030438,567882.5133845188,1066466.5299295723
2024-06-21,1508000.7460776968,1112819.5719631433,563164.9975216986,1063691.2970920892
2024-06-24,1465267.237326364,1080651.9086893855,543558.0639529042,1051524.36547932
2024-06-25,1505351.769945087,1110884.8508280122,562291.4692545754,1063779.812525922
2024-06-26,1513221.5848386094,1116882.100036056,566324.5688876724,1066500.6105119295
2024-06-27,1518797.2413459178,1121159.9582801932,569348.5230782677,1068576.7352939758
2024-06-28,1497934.3209721292,1105484.0223217558,559941.3154448753,1062869.6946399943
2024-07-01,1521347.288876177,1123118.017098808,570740.558359758,1069879.9510070235
2024-07-02,1558392.3412256304,1151006.1525704367,587751.7029182963,1080687.8020157877
2024-07-03,1592274.1240351938,1176441.072594454,602896.0029879406,1090149.904450357
2024-07-05,1633414.7524160685,1207281.9318380929,621035.48271147,1101264.942704653
2024-07-08,1642291.9691813104,1213965.410007667,625115.1474674992,1103860.0845334732
2024-07-09,1644173.6849414445,1215400.1402607977,626083.8376176772,1104614.3946536796
2024-07-10,1690633.1161220649,1250170.4213578133,646235.2598079934,1116649.8520544125
2024-07-11,1590924.7696342298,1175454.9028383545,602447.3047893842,1091615.2550576797
2024-07-12,1614160.7289732606,1192915.0492639346,612931.2260482897,1098129.5120381126
2024-07-15,1624083.8849252134,1200418.3062912978,617677.8634630736,1101147.3757182814
2024-07-16,1625616.622770005,1201589.1978452976,618479.83194933,1101807.6079893606
2024-07-17,1503918.0660885186,1110161.690917954,563686.5134260381,1069453.7090650504
2024-07-18,1485380.9249611665,1096247.8199265862,555411.761613746,1064399.0044396354
2024-07-19,1451316.6996944426,1070599.2986529912,539744.0360063714,1054567.927622836
2024-07-22,1503525.0604948897,1110023.5960188701,564415.638995631,1070811.8653212858
2024-07-23,1489791.615080928,1099721.357766758,558319.8280744844,1067135.475726505
2024-07-24,1362294.6577141234,1003235.4122667597,496866.65402059344,1028160.9662733538
2024-07-25,1329809.105566694,978588.7194946543,480847.8908677849,1017283.3094619787
2024-07-26,1358861.4120077055,1000675.5578056597,495432.7994968394,1027738.2840892363
2024-07-29,1363702.6926272302,1004383.2405731796,498019.6405695464,1029698.4458505119
2024-07-30,1320914.0949130128,971963.3545329375,477172.33553320594,1015502.3329884871
2024-07-31,1410038.299248268,1039402.3402478835,520086.1939908241,1046114.3342981039
2024-08-01,1332551.999809749,980604.6911562381,481825.3570325919,1020635.8913453673
2024-08-02,1264945.324893076,929091.7695053167,447220.1862353541,996371.7746501286
2024-08-05,1195436.1610279854,875380.9271517184,407326.8090377703,966911.5217054335
2024-08-06,1216188.5287410729,891485.0756293689,419631.9255255743,976809.4213945603
2024-08-07,1190435.8742834502,871574.8406979988,404789.74928854185,965455.9281346845
2024-08-08,1256773.678545633,922643.1319034284,441756.07424284716,995006.1790531072
2024-08-09,1268863.7940953472,931988.2874632567,448711.8437954772,1000394.5095048851
2024-08-12,1271989.1052177518,934423.6211523606,450622.91333700024,1001981.6052985489
2024-08-13,1338032.2256208553,984720.998562667,484288.2760896036,1027100.9163061724
2024-08-14,1339330.679314412,985774.4946178952,485322.69320127065,1028003.5154949396
2024-08-15,1412781.257540827,1041388.9330398125,520894.0290403117,1053290.5485748858
2024-08-16,1414631.864254463,1042851.4020167765,522143.3837577678,1054308.3356391701
2024-08-19,1457876.8012376102,1075516.454555298,542633.0734753828,1068275.0734215947
2024-08-20,1448685.8933631803,1068622.3849477507,538556.7290609704,1065778.2441633106
2024-08-21,1465847.7048887557,1081627.5292598996,546930.090301616,1071479.5098715394
2024-08-22,1406506.967023816,1036860.162690866,519134.9412785367,1053507.2629408643
2024-08-23,1444242.9442453831,1065398.2473831165,537211.7698283372,1065911.0664457614
2024-08-26,1406597.1401625057,1037118.5786905,520274.8533371514,1054887.0404769392
2024-08-27,1416615.262440596,1044726.5157675906,525256.4422354597,1058429.813381578
2024-08-28,1376827.903926997,1014683.1974636175,506462.93345632695,1045982.9307671718
2024-08-29,1370748.4615638298,1010208.0550379144,504256.8042180625,1044638.6484378682
2024-08-30,1411097.62321834,1040715.6876158773,523546.8652776451,1058133.5814760847
2024-09-03,1311800.0694316702,965262.5119267082,473911.64208356064,1024865.4494135792
2024-09-04,1305416.0521150432,960445.3516352065,470915.71914475,1022871.3457720387
2024-09-05,1305861.7844705533,960827.3055381865,471387.9121583568,1023378.4295271934
2024-09-06,1233977.148450909,905807.5543092411,433167.594471975,995885.0711430152
2024-09-09,1264597.686073824,929319.3646223427,449881.6065845299,1008854.840602998
2024-09-10,1287180.8322826833,946601.4420950902,461872.53139360494,1017980.9535403193
2024-09-11,1346533.0506744292,991732.1292104058,491717.83102396084,1040072.0116138464
2024-09-12,1374744.5552205022,1013158.806540845,505759.8722842146,1050140.4758677247
2024-09-13,1388785.2347887545,1023814.3464659004,512700.21247911314,1055113.634295584
2024-09-16,1372727.1515453744,1011716.5242961014,505274.26377159357,1050189.9556976825
2024-09-17,1372504.7265803495,1011657.0177462964,505794.44145645865,1050719.9583936324
2024-09-18,1357405.7949619854,1000266.0114142308,498721.01599734824,1045991.6278347208
2024-09-19,1438537.7516350115,1061490.7951759282,536826.1210477768,1072800.455013908
2024-09-20,1428611.6305109337,1054089.7730089363,532680.4222657406,1070212.1142868088
2024-09-23,1437433.7436405413,1060840.6007300192,537362.2521019945,1073520.3948395904
2024-09-24,1452909.8369456136,1072524.9466772578,544663.1005567902,1078555.5560136952
2024-09-25,1456938.6559923147,1075592.5972177365,546713.1332239469,1080082.9266936842
2024-09-26,1481371.6214025703,1094036.7553094008,558224.593830845,1087838.024342519
2024-09-27,1460847.3708650446,1078636.539577758,549092.617250885,1082081.750770012
2024-09-30,1469266.553223131,1085008.2787851212,553152.6558760616,1084923.517790512
2024-10-01,1418317.8637136223,1046550.4072157587,529163.9899063725,1069406.7763722176
2024-10-02,1422368.1063629491,1049649.0319699403,531309.4552225132,1071016.2896929707
2024-10-03,1419018.1271885417,1047228.9150878756,530358.0831761787,1070541.5069987676
2024-10-04,1460295.5828657371,1078349.4335104132,549578.8807343615,1083638.4705736702
2024-10-07,1417538.0623393692,1046185.2933638239,530085.4523904606,1070992.7560685151
2024-10-08,1470385.5756313056,1086001.9095361512,554538.3182741627,1087625.544708238
2024-10-09,1499215.5529235636,1107683.4497506788,567649.3873466123,1096364.2280347361
2024-10-10,1493173.9127105118,1103183.1597209254,565151.5557253426,1094924.4851618018
2024-10-11,1497861.0784558181,1106739.161325971,567462.0256906109,1096584.7355934505
2024-10-14,1528636.1437964414,1129851.3092482844,581272.0605414798,1105648.8147655576
2024-10-15,1474103.4486902198,1088970.3645743353,557223.2652911402,1090570.7181684372
2024-10-16,1475599.8927573806,1090144.628646202,558185.5387075456,1091365.970503913
2024-10-17,1477681.168414061,1091743.658552346,559326.9733024179,1092277.48520257
2024-10-18,1501299.9042930019,1109531.4002595006,570214.0250672783,1099532.1269472893
2024-10-21,1507333.7930662993,1114101.1851740628,573142.6106098325,1101583.3610134146
2024-10-22,1511481.0020636425,1117278.8743990452,575367.5796164556,1103178.0004436886
2024-10-23,1449498.3174227392,1070765.3069622396,547758.5254760288,1085702.0588514088
2024-10-24,1478842.8778659783,1092838.6667335392,561131.4487201929,1094704.19974358
2024-10-25,1499075.4682353355,1108140.1981955657,570826.43638505,1101176.9243687093
2024-10-28,1497238.6247685987,1106851.2952447284,570524.3517260085,1101151.783944907
2024-10-29,1534779.9503425062,1134995.7877157936,587087.4104566524,1111976.8421852326
2024-10-30,1501855.0019818791,1110369.8015020129,572893.3834002652,1103186.1793840518
2024-10-31,1408040.605224238,1039907.1205674368,530749.7900502379,1076304.4733349637
2024-11-01,1432585.1936679324,1058376.9657315423,541976.1249090618,1084052.9597733775
2024-11-04,1418749.6914342998,1048049.1997824694,536129.2308984811,1080315.69889478
2024-11-05,1465229.133680597,1082990.1311696714,557186.8640142723,1094620.0849000972
2024-11-06,1570050.604155858,1161455.3931309478,602749.0998264847,1124619.078023503
2024-11-07,1634662.1344641931,1209743.9061934892,630388.6327653027,1141976.2312983423
2024-11-08,1637074.4678263746,1211569.5430035747,631551.6814556143,1142848.1704368175
2024-11-11,1633809.4818692259,1209165.8653085353,630365.2191518185,1142302.2655810372
2024-11-12,1624737.2327427927,1202461.430468992,626921.6754230454,1140391.9018651817
2024-11-13,1616519.9856171526,1196353.0223613614,623596.1235397245,1138544.8705976943
2024-11-14,1585901.6970827729,1173549.610367009,610957.6205707059,1131022.3171944935
2024-11-15,1483560.257200066,1096971.555301903,566650.6712843183,1103849.5586401368
2024-11-18,1510420.8158664699,1117113.6977637429,578529.9806537189,1111727.2596827592
2024-11-19,1537985.6190772802,1137762.998739727,590600.0253527914,1119623.8343899031
2024-11-20,1533439.1676217942,1134404.2783681403,588880.8410177223,1118703.7736289953
2024-11-21,1547144.6413094196,1144684.570584751,594958.684951637,1122718.6683569246
2024-11-22,1553363.142181209,1149361.2125529917,597786.8465888,1124664.4063595443
2024-11-25,1558253.9099799795,1153043.8173072126,600037.0353955169,1126242.6232468104
2024-11-26,1581379.004977509,1170342.9834286538,610023.1108742337,1132657.72630152
2024-11-27,1543930.584836154,1142387.6017860186,594189.784018658,1123026.4902621894
2024-11-29,1580610.8092396858,1169811.4362744046,609939.9667847314,1133115.9942497306
2024-12-02,1628703.1955961317,1205699.268653625,630196.8701723306,1145823.6043316992
2024-12-03,1641633.0591930572,1215366.5061100023,635750.4176976889,1149354.7796450863
2024-12-04,1697542.8429326492,1257062.230784057,659152.1312043372,1163623.0723711068
2024-12-05,1681776.9892492876,1245336.380178242,652736.5869402853,1160015.806468678
2024-12-06,1724485.414566752,1277168.8943383591,670508.585646712,1170711.0919054856
2024-12-09,1682631.5444382203,1246024.578127547,653387.7218635841,1160915.6706441026
2024-12-10,1665752.8913974252,1233469.559333946,646510.5641343388,1157010.1765359358
2024-12-11,1752198.5155269643,1297852.8050376663,682202.6084305168,1178468.915003331
2024-12-12,1717272.424806021,1271873.3197030632,667971.7356464547,1170444.6224528349
2024-12-13,1753596.1677853079,1298936.358852251,683025.3197553065,1179406.0129482895
2024-12-16,1825890.2612850976,1352722.8409795722,712546.123477924,1196567.7835487386
2024-12-17,1802275.3777596937,1335177.5715969715,703042.0833428625,1191420.4665330208
2024-12-18,1617965.5450186857,1197896.77225359,626886.1405256798,1148572.8118738148
2024-12-19,1596163.5273872754,1181661.3251652368,617897.8546211085,1143249.15721064
2024-12-20,1632594.2101373281,1208867.3451485683,633360.7411533758,1152950.740873335
2024-12-23,1677761.788217147,1242546.1709558554,652233.2762476581,1164568.7897609484
2024-12-24,1742241.9252964621,1290559.1175855114,678793.9975758748,1180544.992365153
2024-12-26,1734656.999455218,1284935.1974888348,675807.6187210467,1178984.075845163
2024-12-27,1666979.1580204084,1234563.955483808,648060.9562054182,1163019.017597193
2024-12-30,1606003.3117947886,1189143.0286221297,622843.8016278456,1148101.839053349
2024-12-31,1566211.8372296935,1159490.245115951,606317.8783120682,1138113.3233927947
2025-01-02,1557711.382950769,1153182.4317723427,602941.8281420422,1136160.6671544279
2025-01-03,1629318.9169640946,1206592.9794211448,632959.8247268755,1155175.044384473
2025-01-06,1678848.187171878,1243499.8300421725,653515.0996696617,1167841.8780135564
2025-01-07,1593276.6415138855,1179760.5201819553,618143.2267696353,1146935.7443477612
2025-01-08,1593707.752973052,1180133.7402044414,618621.8105788596,1147392.7063992368
2025-01-10,1523342.632218232,1127661.9183369845,589194.0284914487,1129359.947816482
2025-01-13,1509837.5620647743,1117610.5862829157,583658.4519497129,1125981.6046835687
2025-01-14,1503530.3432498581,1112930.311283741,581153.6700194943,1124528.9051517744
2025-01-15,1599293.3714439466,1184358.9700095532,621303.6742427328,1150583.3992998742
2025-01-16,1567539.4919541602,1160713.9595808336,608220.3489212653,1142668.602254499
2025-01-17,1639872.1112491204,1214619.73109506,638279.3865743777,1161653.0230944937
2025-01-21,1666162.2057026841,1234220.3818809052,649250.7956149572,1168471.9535957668
2025-01-22,1728624.1675898172,1280716.2768413213,674897.8230863794,1184021.7947244535
2025-01-23,1738739.9581153723,1288255.224012391,679102.5907666155,1186646.8737722056
2025-01-24,1708839.4055059485,1266038.086444113,667058.6005152524,1179798.2900453291
2025-01-27,1563743.3762653265,1158013.9147652667,607386.5785205632,1144784.075027447
2025-01-28,1633126.54529066,1209706.438077248,636132.4317079101,1163004.5135691296
2025-01-29,1621088.062118076,1200768.4788244478,631323.9419466241,1160237.371976329
2025-01-30,1641031.2852603632,1215638.3399380282,639653.2254699308,1165502.6803582958
2025-01-31,1633599.0978341298,1210131.122722899,636746.8942574386,1163901.057197221
2025-02-03,1593404.5709137963,1180250.7936101223,620473.3653210188,1154149.0156337095
2025-02-04,1650014.5192096722,1222404.2870655945,643796.8948696613,1168772.4407516373
2025-02-05,1669101.8405040733,1236631.4667205573,651742.6932745788,1173744.8352443886
2025-02-06,1694078.4510491972,1255220.3898023735,661978.8329269818,1180054.4299573011
2025-02-07,1629879.2601227667,1207490.1883329472,635957.8776458694,1164758.2481524504
2025-02-10,1687038.5620402533,1250016.3649502597,659297.9826739304,1179170.8660738717
2025-02-11,1672042.0950363236,1238884.5116764777,653321.0139485917,1175773.0363766889
2025-02-12,1676923.0251600174,1242533.953713768,655418.1859116736,1177196.1330208746
2025-02-13,1746077.14545182,1293937.1434401893,683384.8672079802,1194104.9907325592
2025-02-14,1764629.5066802488,1307740.0704373373,690960.9053141656,1198685.2115715423
2025-02-18,1775467.5008275765,1315805.5666388536,695398.5019642666,1201419.5673138478
2025-02-19,1777261.0350817358,1317150.1711865722,696189.820275997,1202043.8917083582
2025-02-20,1751155.788393232,1297777.9605592184,685818.0545144152,1196243.2816798394
2025-02-21,1645326.1738868938,1219153.8438127614,643252.6857181181,1171662.8459645768
2025-02-24,1586942.4902207556,1175755.4438327216,619635.8002336696,1157488.1643550203
2025-02-25,1529302.1379715446,1132917.1342380655,596363.1251705375,1143159.385485083
2025-02-26,1537920.8985255328,1139354.9216319707,600029.3728765527,1145662.4123992636
2025-02-27,1417823.9503843267,1049874.8270192237,550247.7217596296,1114139.768808233
2025-02-28,1481331.8085518538,1097238.8097508096,576840.4112480431,1132244.3948138296
2025-03-03,1389749.137259915,1028958.7885913145,538619.2287262715,1107395.9660507876
2025-03-04,1375161.5161752265,1018103.8324514071,532651.9140284542,1103461.8017496434
2025-03-05,1425639.589515016,1055809.4744570944,554130.156870105,1118448.3786434766
2025-03-06,1315983.9000537232,973910.2651268918,507531.8818107568,1087254.2488925566
2025-03-07,1340940.2292529268,992638.1892578704,518648.14018193696,1095344.7299857184
2025-03-10,1206992.5781000506,892145.0664635345,459127.74313675956,1053597.6310109627
2025-03-11,1197418.523934104,885008.4792356718,455140.21463960793,1050695.3287894877
2025-03-12,1229793.2170455782,909451.9070246537,470417.32103564875,1062598.5672150573
2025-03-13,1171287.0959820505,865410.3689209863,443567.64741099556,1042531.3031639594
2025-03-14,1242471.232372448,919054.9002301695,476577.9268889354,1068539.323153448
2025-03-17,1258961.7067476443,931481.0296994073,484218.5505780033,1074399.6547301663
2025-03-18,1204361.6203192696,890514.0629068032,459935.35314610944,1056590.327679077
2025-03-19,1243073.8183176303,919657.4608332085,477713.2487403859,1070352.0866996797
2025-03-20,1232322.5766908203,911647.3678998057,473258.37937953096,1067175.1486529417
2025-03-21,1243700.196924693,920233.3637979617,478602.53480632475,1071341.8590074026
2025-03-24,1314357.4615525338,973145.242101396,509433.5941187706,1094497.1111676388
2025-03-25,1332592.5248219066,986800.1371622562,517387.6351653247,1100347.0271239101
2025-03-26,1265438.6318802026,936641.7865106654,488834.8763379315,1080260.058607303
2025-03-27,1244438.2042720863,920963.5720811476,479948.2155968302,1073865.5537814146
2025-03-28,1160175.6963222057,857687.391638136,442165.9499999178,1045837.4786992266
2025-03-31,1158574.5861464143,856547.5458545741,441808.3363207409,1045702.3058370551
2025-04-01,1181089.5163223979,873560.8860238211,452514.6237053791,1054295.855825208
2025-04-02,1202560.7664089093,889748.1913461927,462509.10196418763,1062205.7325301373
2025-04-03,1047159.6202322387,772077.4957344575,387215.97496565187,1004715.0104527974
2025-04-04,940020.7331626888,687706.5169312384,316598.7912031625,943778.8661204753
2025-04-07,940195.6757887334,688117.3780221748,318288.61715712486,945590.4396742946
2025-04-08,920119.3966471989,671350.1544450234,299536.58451965085,927153.2691008737
2025-04-09,1087328.887413933,802630.4406578862,407465.47593633767,1038640.5431920388
2025-04-10,991573.1988566926,729269.8516791948,356148.530015722,995183.5480115282
2025-04-11,1024918.0662143669,755195.3775749236,376205.2339517292,1014004.6555934417
2025-04-14,1034879.5245536686,762988.2068939598,382472.730680284,1019777.9967367098
2025-04-15,1036945.1921223687,764717.7918246625,384427.451308044,1021658.3915011262
2025-04-16,973347.2538830083,715799.6658715834,349224.0324493115,990616.117716576
2025-04-17,971625.5653518334,714623.9722743666,349127.7199884957,990664.0773546195
2025-04-21,931646.0647118514,683214.479175885,323203.32121669536,966282.5997482854
2025-04-22,967352.4383352991,711652.0017002054,348577.51654010825,991705.331548756
2025-04-23,1006643.5193842519,742217.3343519099,372306.79204901255,1014347.8264210721
2025-04-24,1066098.4952030382,787618.8509619806,403314.7319307273,1042650.5050534623
2025-04-25,1093387.6054559706,808347.3568805811,416911.4290389115,1054513.5759889765
2025-04-28,1091164.403466603,806766.6358631544,416426.3879095346,1054252.624815211
2025-04-29,1106118.2565582742,818120.1955163376,423846.9847276572,1060662.7408874743
2025-04-30,1108272.2515936643,819838.6754521297,425394.86972313235,1062102.7750618916
2025-05-01,1138428.5778061545,842552.6965181647,439310.92873731785,1073833.4544916204
2025-05-02,1185656.000172126,877967.6280630995,460198.3807846225,1091002.9682873194
2025-05-05,1162797.48858914,860947.8938439211,450788.71255568345,1083720.1777230357
2025-05-06,1133806.7530876156,839330.471785903,438671.2371316508,1074161.9182277466
2025-05-07,1144131.88344945,847138.1261814869,443612.74913300143,1078346.050793541
2025-05-08,1173624.4850034518,869237.1501440855,456559.0714533161,1088987.482020814
2025-05-09,1172119.1902461732,868171.1471686013,456255.3231125843,1088898.8139894572
2025-05-12,1305204.36742305,967278.9270585327,511135.9616763019,1132711.0060251295
2025-05-13,1364720.5252067035,1011512.5086653542,535172.7705520854,1150625.6931081729
2025-05-14,1387047.7060575245,1028106.325773997,544188.9962435185,1157248.8286260106
2025-05-15,1389521.6598128516,1029959.3252863459,545270.6466496732,1158177.9718118352
2025-05-16,1406612.5932531538,1042656.3715196905,552142.7694826412,1163206.0751299877
2025-05-19,1409654.9436322588,1044927.1504833499,553427.0876173697,1164271.220381739
2025-05-20,1393413.9000533698,1032890.7248030562,547065.210227241,1159973.3561335267
2025-05-21,1337138.5279976714,991151.078524983,524829.1641303665,1144420.0352704322
2025-05-22,1342506.6287578684,995148.889698718,527044.0703562105,1146190.557596881
2025-05-23,1304675.7394255148,967093.8345105478,512120.49249130243,1135533.0543138692
2025-05-27,1396793.880883791,1035435.6613541609,548619.7840766645,1162669.2427371317
2025-05-28,1377335.372967882,1021012.8690913967,540986.813274021,1157440.3271242843
2025-05-29,1385600.257291237,1027148.230655203,544282.8779686922,1159953.4083535785
2025-05-30,1380585.0939138564,1023434.8136160397,542337.8376268183,1158734.4706150438
2025-06-02,1409248.8871572665,1044691.080164371,553641.9925331757,1166947.7404808172
2025-06-03,1442294.7198227798,1069192.8229216824,566650.5320369835,1176251.1667051823
2025-06-04,1453618.4024623297,1077588.9021560885,571109.0703754256,1179501.2524279817
2025-06-05,1418078.2472641342,1051242.566978336,557146.4050220586,1170054.5080262786
2025-06-06,1459885.8814914234,1082236.4728335252,573579.5322673743,1181722.369784926
2025-06-09,1466632.1872854035,1087237.9287814817,576231.9150831149,1183709.7491483472
2025-06-10,1495193.7747481626,1108411.2478245196,587454.5137548847,1191560.4548620929
2025-06-11,1478087.4914503496,1095730.1110244854,580733.6908098521,1187183.6338050142
2025-06-12,1488223.6262631025,1103244.2066873661,584716.2194520856,1190064.0521408026
2025-06-13,1430190.6817830426,1060223.4490244326,561915.3494734003,1174762.315452396
2025-06-16,1490491.9146307963,1104925.7286073558,585607.4375305895,1191437.7230286058
2025-06-17,1445436.5589085892,1071525.465760201,567905.3950126165,1179599.8035051469
2025-06-18,1445052.894066272,1071241.048817975,567754.6548659569,1179660.985396898
2025-06-20,1425925.6452206152,1057061.7103324735,560239.6465147285,1174621.7354928667
2025-06-23,1470909.9782259106,1090409.3229125012,577913.7846481291,1187138.6974506688
2025-06-24,1537867.6290733172,1140046.1108907787,604221.138589017,1205318.6482640016
2025-06-25,1543471.5294108372,1144200.3727172394,607867.1896962454,1207912.225170047
2025-06-26,1580979.8914835681,1172005.9273036686,624838.6883505294,1219323.2832128329
2025-06-27,1596379.3952846332,1183421.8281823613,631877.8890479816,1224073.2222985816
2025-06-30,1622982.5235981867,1203143.1568572298,643838.8109319886,1231968.5755455953
2025-07-01,1583907.422858127,1174176.1535929672,626505.352040776,1221085.7694373934
2025-07-02,1613849.7544032987,1196372.887553513,639979.1486319628,1230010.8103113489
2025-07-03,1656074.640765591,1227674.8777704104,658841.2573341364,1242267.4731335137
2025-07-07,1619954.4593343833,1200898.4039134695,642931.4454532574,1232442.3216874825
2025-07-08,1622326.794530156,1202657.0543086925,644124.8309813404,1233377.8253932914
2025-07-09,1652700.679220946,1225173.7055859193,657744.9814393799,1242244.2640597695
2025-07-10,1644990.2735633142,1219457.8573443708,654438.4136006178,1240336.9654116705
2025-07-11,1634794.4187501958,1211899.5055024072,650024.848758729,1237722.741329218
2025-07-14,1648423.1382763386,1222002.695398902,656220.4548822675,1241828.8325185967
2025-07-15,1652833.630807138,1225272.2647440091,658485.4096047387,1243431.8459069366
2025-07-16,1656597.3708137637,1228062.3859975156,660273.4964970369,1244731.8480271492
2025-07-17,1689721.1401788723,1252617.571196056,675008.6573530643,1254165.99650531
2025-07-18,1685839.8103153608,1249740.2786824948,673405.7472914205,1253349.2755105738
2025-07-21,1707090.6131790774,1265493.8420582227,683206.8130259395,1259605.7881650385
2025-07-22,1682915.9442747282,1247572.769564433,672668.5602924345,1253306.2235844398
2025-07-23,1701688.1690957746,1261488.9230066487,681080.7783446711,1258706.6247016669
2025-07-24,1712253.0976835215,1269320.875198501,685911.3410295647,1261859.0670777084
2025-07-25,1722015.4189681248,1276557.8416339573,690313.5116865,1264735.6933759048
2025-07-28,1737117.8340615374,1287753.5058555123,697548.8682181407,1269331.8665721328
2025-07-29,1726417.7506708382,1279821.3612254022,693007.1572517349,1266755.154338969
2025-07-30,1733105.4636428175,1284779.0708619938,696074.910289836,1268802.1285205756
2025-07-31,1706378.3028688976,1264965.7949210594,684445.5000309169,1261914.1854266988
2025-08-01,1614478.7768832478,1196839.1920769785,643984.3923823994,1237225.199601636
2025-08-04,1694977.074849965,1256513.8804541458,679854.9443327507,1260370.3823807759
2025-08-05,1659724.1983754477,1230380.3537690798,664660.5417755764,1251157.727999498
2025-08-06,1716960.7312201564,1272810.7199702344,690110.6105314251,1267302.399425217
2025-08-07,1730524.081439617,1282865.4505439335,696483.9390654053,1271381.5329570938
2025-08-08,1775077.6783148674,1315893.7514741197,716049.118992061,1283464.908372304
2025-08-11,1756497.2376354854,1302119.7707135451,708098.3808904985,1278894.6655196638
2025-08-12,1820002.679917701,1349197.3807272657,736073.6295804533,1295916.1588533283
2025-08-13,1821273.165376692,1350139.2121170966,736727.7589226592,1296481.9150425408
2025-08-14,1816911.232682345,1346905.6409630212,734931.8461484157,1295610.3953790541
2025-08-15,1790048.4917883063,1326991.8572893448,723539.2767548872,1289097.5778275856
2025-08-18,1789596.6254030196,1326656.8814400265,723440.9787284384,1289220.1170960746
2025-08-19,1719376.9023725023,1274601.8666680413,693078.3252406766,1271364.9595078775
2025-08-20,1691133.5470912121,1253664.6112513687,680814.9104009619,1264044.824144894
2025-08-21,1668810.147225916,1237115.9143953025,671177.9414070803,1258258.019312791
2025-08-22,1738851.5490220408,1289038.7367562407,701877.1812214421,1277618.5742986207
2025-08-25,1723154.541026114,1277402.2912130302,695134.3103650402,1273706.5581056061
2025-08-26,1742482.416897437,1291730.3577529045,703765.0098035595,1279156.7081010486
2025-08-27,1749955.6483242726,1297270.3849066617,707159.1085708498,1281392.590700428
2025-08-28,1777567.9209772595,1317739.8085786214,719299.0647894967,1288905.0759943346
2025-08-29,1716605.0948331975,1272547.080972847,692826.1960474862,1273273.806351419
2025-09-02,1678607.1984174182,1244378.6266716514,676229.6350262531,1263281.7613881656
2025-09-03,1714551.4086362896,1271024.6502268496,692043.645062528,1273302.897052407
2025-09-04,1758105.5639130226,1303312.0489584901,711152.2868260571,1285197.330537382
2025-09-05,1760576.7381372605,1305143.970321822,712663.8784735005,1286284.5450462294
2025-09-08,1782671.3754122532,1321523.0817750464,722351.5372850525,1292289.7312833334
2025-09-09,1798191.8590353294,1333028.666949691,729173.087904066,1296535.262583426
2025-09-10,1798845.9697191808,1333513.569763899,729793.3766908715,1297081.0934965312
2025-09-11,1828396.4495535162,1355419.817722568,742698.8283194077,1304905.0900007186
2025-09-12,1849001.9703595461,1370695.023087251,751697.8142785208,1310354.7666008952
2025-09-15,1891787.3182501514,1402412.4924868674,770310.9299360061,1321350.274648661
2025-09-16,1886597.6816104166,1398565.331030175,768190.6377838848,1320319.5275724144
2025-09-17,1874608.0828854162,1389677.2478563234,763128.6168712393,1317600.885896969
2025-09-18,1924702.201516456,1426812.827046732,784719.3570161653,1330207.9993479662
2025-09-19,1962417.6831235946,1454771.9226891184,800947.8338294041,1339560.6536237455
2025-09-22,1992355.606804079,1476965.3890283816,813829.560277985,1346926.185240255
2025-09-23,1949446.3934966875,1445156.0961948026,795715.0247698926,1337117.8291955667
2025-09-24,1931229.8775798753,1431651.8987383181,788004.6854376509,1332982.7818778853
2025-09-25,1906479.2098793453,1413303.8290342034,777484.525768476,1327234.0379362826
2025-09-26,1929430.94378597,1430318.320063067,787404.9453357827,1333061.4525864415
2025-09-29,1952836.0904722605,1447668.9333083772,797499.7320998112,1338941.4204206995
2025-09-30,1967599.186437285,1458613.0547798562,803900.5245099541,1342707.5842575235
2025-10-01,1994637.296315928,1478656.8423141309,815445.990562589,1349315.4034061886
2025-10-02,2015082.0713695022,1493812.8842563813,824241.425238278,1354347.4620534414
2025-10-03,1989135.8664125395,1474578.5434754489,813316.2504254484,1348545.058482274
2025-10-06,2032946.909141189,1507056.377024077,832050.8463078912,1359080.2553008466
2025-10-07,1999659.0227282909,1482379.5292074247,817952.23345477,1351586.0926584238
2025-10-08,2067644.406167252,1532778.1919543017,846960.7831619206,1367745.128762428
2025-10-09,2057572.8144248072,1525311.9583335496,842795.2441878618,1365686.1091537161
2025-10-10,1850315.822105348,1371669.0026058857,754224.3137613321,1318028.267003482
2025-10-13,1965005.9287365181,1456690.6309636543,803345.7203469346,1346818.5571028758
2025-10-14,1925227.96568621,1427202.5845171683,786436.0189353419,1337549.252504636
2025-10-15,1961750.2017073785,1454277.107935063,802113.7363558745,1346616.5572238523
2025-10-16,1940826.066234311,1438765.7083718926,793279.523093648,1341853.2681207506
2025-10-17,1976274.365863712,1465044.1053978715,808528.4212474164,1350631.0407032836
2025-10-20,2049742.8788788207,1519507.500655286,839836.4736899224,1368245.1828396716
2025-10-21,2045624.7752364418,1516454.6839154158,838167.0066387998,1367521.8994151815
2025-10-22,1986400.5806836267,1472550.8319881465,813060.1813186477,1354050.6881261875
2025-10-23,2035958.4554292085,1509288.8849256136,834203.7664969215,1365969.4615789095
2025-10-24,2096463.0907926927,1554141.9483056976,859928.9414917871,1380193.7492652948
2025-10-27,2207123.7032856764,1636176.4475801494,906787.2646450994,1405448.0324552883
2025-10-28,2253882.979665848,1670839.854350343,926567.6432848767,1415855.6921680167
2025-10-29,2280331.6076447903,1690446.6494318934,937770.2841256077,1421751.5308934322
2025-10-30,2181085.9241186017,1616874.2213582841,895988.5987157682,1400826.9966491545
2025-10-31,2210730.175850423,1638849.9839390304,908573.062835652,1407573.063670547
2025-11-03,2238766.618429178,1659633.8516275533,920389.9061617921,1413856.1196704458
2025-11-04,2102456.39367657,1558584.8805288516,862987.2754009473,1384644.7144248164
2025-11-05,2146028.2550245747,1590885.405057089,881478.3518832533,1394712.069895575
2025-11-06,2025802.9415136757,1501760.4384425592,830626.1046937844,1368071.0184444154
2025-11-07,2008522.0914735934,1488949.8652120442,823401.5664972522,1364280.3743911798
2025-11-10,2136098.275013281,1583524.1504997506,877548.1224663092,1394360.4443805162
2025-11-11,2116144.2664469033,1568731.9216806244,869229.310844446,1390133.5383550974
2025-11-12,2111418.4465778,1565228.5950869122,867306.0626794299,1389286.8206965367
2025-11-13,1984567.7059656484,1471192.0923577142,813616.6123675194,1360797.9301348776
2025-11-14,1987169.7739221756,1473121.0473588018,814804.5664513103,1361635.0060224985
2025-11-17,1938469.944541281,1437019.07730811,794186.6788709094,1350324.9153028026
2025-11-18,1870780.2529320288,1386839.6156901915,765421.4853145396,1334195.5676089597
2025-11-19,1899912.3818167094,1408435.7333332696,778059.2918995769,1341709.8589767362
2025-11-20,1769458.3829051596,1311728.0770320054,722290.5923562499,1309825.7552045505
2025-11-21,1807594.716325853,1339999.1569207823,738746.148486839,1319941.0055000053
2025-11-24,1943013.080972976,1440386.9777192273,796506.8006471893,1354511.4629421574
2025-11-25,1974931.8724402953,1464048.8933410407,810139.198211037,1362413.0272585514
2025-11-26,2024279.5803405675,1500631.1462017628,831118.9454778865,1374348.5781531956
2025-11-28,2069755.619639906,1534343.2685989079,850415.228253882,1385161.289021655
2025-12-01,2047242.9069533488,1517654.2310909291,840926.9209028766,1380181.7980444827
2025-12-02,2096662.1967797359,1554289.54878957,861877.9240856388,1391815.2571539688
2025-12-03,2108009.0966424644,1562701.1889168585,866745.8911130248,1394608.496975344
2025-12-04,2101197.238386335,1557651.4483761075,863962.4525561703,1393288.8499562133
2025-12-05,2126944.972041001,1576738.6591752197,874882.8381651628,1399332.2419885532
2025-12-08,2110560.8681911365,1564592.8583784865,868070.8443876425,1395874.231154395
2025-12-09,2119596.2234559474,1571290.913162546,871949.2538961007,1398126.4593883697
2025-12-10,2144876.2816641633,1590031.428599974,882667.230497344,1404028.6930893078
2025-12-11,2122145.9102607174,1573181.0371698502,873181.4035847664,1399173.4884643531
2025-12-12,2002960.5735337907,1484827.022141511,822952.0944866542,1372518.364022392
2025-12-15,1972081.9573529167,1461936.2052589767,810019.2322088542,1365499.036249359
2025-12-16,1986348.4916868885,1472512.2175735966,816141.4002091732,1369108.8111002857
2025-12-17,1874098.7472398034,1389299.6691161622,768615.2467480283,1342703.2086743435
2025-12-18,1955340.2280914518,1449525.2909687655,803162.8066142534,1362987.1633993243
2025-12-19,2029106.0122109647,1504209.0580969767,834394.3661947348,1380823.3649517177
2025-12-22,2054946.5922693517,1523365.097434691,845551.7379080323,1387149.579385875
2025-12-23,2084028.1316504916,1544923.7122617445,857863.0182418254,1394054.1971807843
2025-12-24,2099578.6737772864,1556451.5802906584,864476.2019326042,1397809.5575760847
2025-12-26,2095947.2243910208,1553759.528210595,863027.1047311543,1397202.138084445
2025-12-29,2066589.004585154,1531995.8057161411,850769.9749721336,1390761.0985237819
2025-12-30,2050842.5805854327,1157816.8266347386,844214.3386346413,1387361.6545826737
