Date,Close,High,Low,Open,Volume
1995-06-01,986.5999755859375,986.5999755859375,986.5999755859375,986.5999755859375,0
1995-06-02,989.47998046875,989.47998046875,989.47998046875,989.47998046875,0
1995-06-05,996.5,996.5,996.5,996.5,0
1995-06-06,998.219970703125,998.219970703125,998.219970703125,998.219970703125,0
1995-06-07,998.7899780273438,998.7899780273438,998.7899780273438,998.7899780273438,0
1995-06-08,1002.1400146484375,1002.1400146484375,1002.1400146484375,1002.1400146484375,0
1995-06-09,1000.260009765625,1000.260009765625,1000.260009765625,1000.260009765625,0
1995-06-12,1004.7999877929688,1004.7999877929688,1004.7999877929688,1004.7999877929688,0
1995-06-13,1011.469970703125,1011.469970703125,1011.469970703125,1011.469970703125,0
1995-06-14,1013.989990234375,1013.989990234375,1013.989990234375,1013.989990234375,0
1995-06-15,1019.4299926757812,1019.4299926757812,1019.4299926757812,1019.4299926757812,0
1995-06-16,1021.4400024414062,1021.4400024414062,1021.4400024414062,1021.4400024414062,0
1995-06-19,1026.449951171875,1026.449951171875,1026.449951171875,1026.449951171875,0
1995-06-20,1027.949951171875,1027.949951171875,1027.949951171875,1027.949951171875,0
1995-06-21,1028.6099853515625,1028.6099853515625,1028.6099853515625,1028.6099853515625,0
1995-06-22,1034.4100341796875,1034.4100341796875,1034.4100341796875,1034.4100341796875,0
1995-06-23,1033.0699462890625,1033.0699462890625,1033.0699462890625,1033.0699462890625,0
1995-06-26,1023.27001953125,1023.27001953125,1023.27001953125,1023.27001953125,0
1995-06-27,1019.8900146484375,1019.8900146484375,1019.8900146484375,1019.8900146484375,0
1995-06-28,1018.9199829101562,1018.9199829101562,1018.9199829101562,1018.9199829101562,0
1995-06-29,1023.22998046875,1023.22998046875,1023.22998046875,1023.22998046875,0
1995-06-30,1032.97998046875,1032.97998046875,1032.97998046875,1032.97998046875,0
1995-07-03,1032.7900390625,1032.7900390625,1032.7900390625,1032.7900390625,0
1995-07-05,1037.1099853515625,1037.1099853515625,1037.1099853515625,1037.1099853515625,0
1995-07-06,1042.6800537109375,1042.6800537109375,1042.6800537109375,1042.6800537109375,0
1995-07-07,1053.56005859375,1053.56005859375,1053.56005859375,1053.56005859375,0
1995-07-10,1058.4200439453125,1058.4200439453125,1058.4200439453125,1058.4200439453125,0
1995-07-11,1059.8399658203125,1059.8399658203125,1059.8399658203125,1059.8399658203125,0
1995-07-12,1070.1099853515625,1070.1099853515625,1070.1099853515625,1070.1099853515625,0
1995-07-13,1073.4000244140625,1073.4000244140625,1073.4000244140625,1073.4000244140625,0
1995-07-14,1074.0899658203125,1074.0899658203125,1074.0899658203125,1074.0899658203125,0
1995-07-17,1078.31005859375,1078.31005859375,1078.31005859375,1078.31005859375,0
1995-07-18,1069.6600341796875,1069.6600341796875,1069.6600341796875,1069.6600341796875,0
1995-07-19,1045.93994140625,1045.93994140625,1045.93994140625,1045.93994140625,0
1995-07-20,1054.5400390625,1054.5400390625,1054.5400390625,1054.5400390625,0
1995-07-21,1058.5999755859375,1058.5999755859375,1058.5999755859375,1058.5999755859375,0
1995-07-24,1068.9200439453125,1068.9200439453125,1068.9200439453125,1068.9200439453125,0
1995-07-25,1073.8499755859375,1073.8499755859375,1073.8499755859375,1073.8499755859375,0
1995-07-26,1079.219970703125,1079.219970703125,1079.219970703125,1079.219970703125,0
1995-07-27,1088.68994140625,1088.68994140625,1088.68994140625,1088.68994140625,0
1995-07-28,1090.760009765625,1090.760009765625,1090.760009765625,1090.760009765625,0
1995-07-31,1092.489990234375,1092.489990234375,1092.489990234375,1092.489990234375,0
1995-08-01,1087.6600341796875,1087.6600341796875,1087.6600341796875,1087.6600341796875,0
1995-08-02,1086.199951171875,1086.199951171875,1086.199951171875,1086.199951171875,0
1995-08-03,1084.1400146484375,1084.1400146484375,1084.1400146484375,1084.1400146484375,0
1995-08-04,1087.6300048828125,1087.6300048828125,1087.6300048828125,1087.6300048828125,0
1995-08-07,1090.9599609375,1090.9599609375,1090.9599609375,1090.9599609375,0
1995-08-08,1089.6099853515625,1089.6099853515625,1089.6099853515625,1089.6099853515625,0
1995-08-09,1092.72998046875,1092.72998046875,1092.72998046875,1092.72998046875,0
1995-08-10,1091.52001953125,1091.52001953125,1091.52001953125,1091.52001953125,0
1995-08-11,1091.02001953125,1091.02001953125,1091.02001953125,1091.02001953125,0
1995-08-14,1095.5,1095.5,1095.5,1095.5,0
1995-08-15,1097.0400390625,1097.0400390625,1097.0400390625,1097.0400390625,0
1995-08-16,1103.300048828125,1103.300048828125,1103.300048828125,1103.300048828125,0
1995-08-17,1108.3399658203125,1108.3399658203125,1108.3399658203125,1108.3399658203125,0
1995-08-18,1110.5400390625,1110.5400390625,1110.5400390625,1110.5400390625,0
1995-08-21,1114.9300537109375,1114.9300537109375,1114.9300537109375,1114.9300537109375,0
1995-08-22,1110.77001953125,1110.77001953125,1110.77001953125,1110.77001953125,0
1995-08-23,1111.4599609375,1111.4599609375,1111.4599609375,1111.4599609375,0
1995-08-24,1108.3900146484375,1108.3900146484375,1108.3900146484375,1108.3900146484375,0
1995-08-25,1110.780029296875,1110.780029296875,1110.780029296875,1110.780029296875,0
1995-08-28,1107.1600341796875,1107.1600341796875,1107.1600341796875,1107.1600341796875,0
1995-08-29,1100.8699951171875,1100.8699951171875,1100.8699951171875,1100.8699951171875,0
1995-08-30,1107.3599853515625,1107.3599853515625,1107.3599853515625,1107.3599853515625,0
1995-08-31,1115.0899658203125,1115.0899658203125,1115.0899658203125,1115.0899658203125,0
1995-09-01,1118.0899658203125,1118.0899658203125,1118.0899658203125,1118.0899658203125,0
1995-09-05,1125.7099609375,1125.7099609375,1125.7099609375,1125.7099609375,0
1995-09-06,1134.469970703125,1134.469970703125,1134.469970703125,1134.469970703125,0
1995-09-07,1139.72998046875,1139.72998046875,1139.72998046875,1139.72998046875,0
1995-09-08,1148.6199951171875,1148.6199951171875,1148.6199951171875,1148.6199951171875,0
1995-09-11,1150.4000244140625,1150.4000244140625,1150.4000244140625,1150.4000244140625,0
1995-09-12,1152.699951171875,1152.699951171875,1152.699951171875,1152.699951171875,0
1995-09-13,1154.6600341796875,1154.6600341796875,1154.6600341796875,1154.6600341796875,0
1995-09-14,1155.77001953125,1155.77001953125,1155.77001953125,1155.77001953125,0
1995-09-15,1148.6800537109375,1148.6800537109375,1148.6800537109375,1148.6800537109375,0
1995-09-18,1145.219970703125,1145.219970703125,1145.219970703125,1145.219970703125,0
1995-09-19,1146.969970703125,1146.969970703125,1146.969970703125,1146.969970703125,0
1995-09-20,1150.780029296875,1150.780029296875,1150.780029296875,1150.780029296875,0
1995-09-21,1146.0899658203125,1146.0899658203125,1146.0899658203125,1146.0899658203125,0
1995-09-22,1140.449951171875,1140.449951171875,1140.449951171875,1140.449951171875,0
1995-09-25,1133.6099853515625,1133.6099853515625,1133.6099853515625,1133.6099853515625,0
1995-09-26,1129.3900146484375,1129.3900146484375,1129.3900146484375,1129.3900146484375,0
1995-09-27,1118.3699951171875,1118.3699951171875,1118.3699951171875,1118.3699951171875,0
1995-09-28,1128.02001953125,1128.02001953125,1128.02001953125,1128.02001953125,0
1995-09-29,1135.0,1135.0,1135.0,1135.0,0
1995-10-02,1122.6500244140625,1122.6500244140625,1122.6500244140625,1122.6500244140625,0
1995-10-03,1111.6600341796875,1111.6600341796875,1111.6600341796875,1111.6600341796875,0
1995-10-04,1100.0,1100.0,1100.0,1100.0,0
1995-10-05,1101.52001953125,1101.52001953125,1101.52001953125,1101.52001953125,0
1995-10-06,1103.8499755859375,1103.8499755859375,1103.8499755859375,1103.8499755859375,0
1995-10-09,1085.010009765625,1085.010009765625,1085.010009765625,1085.010009765625,0
1995-10-10,1077.4300537109375,1077.4300537109375,1077.4300537109375,1077.4300537109375,0
1995-10-11,1089.6500244140625,1089.6500244140625,1089.6500244140625,1089.6500244140625,0
1995-10-12,1099.530029296875,1099.530029296875,1099.530029296875,1099.530029296875,0
1995-10-13,1104.8499755859375,1104.8499755859375,1104.8499755859375,1104.8499755859375,0
1995-10-16,1105.219970703125,1105.219970703125,1105.219970703125,1105.219970703125,0
1995-10-17,1107.1300048828125,1107.1300048828125,1107.1300048828125,1107.1300048828125,0
1995-10-18,1112.199951171875,1112.199951171875,1112.199951171875,1112.199951171875,0
1995-10-19,1109.72998046875,1109.72998046875,1109.72998046875,1109.72998046875,0
1995-10-20,1107.56005859375,1107.56005859375,1107.56005859375,1107.56005859375,0
1995-10-23,1101.030029296875,1101.030029296875,1101.030029296875,1101.030029296875,0
1995-10-24,1100.3900146484375,1100.3900146484375,1100.3900146484375,1100.3900146484375,0
1995-10-25,1089.7099609375,1089.7099609375,1089.7099609375,1089.7099609375,0
1995-10-26,1078.030029296875,1078.030029296875,1078.030029296875,1078.030029296875,0
1995-10-27,1077.5400390625,1077.5400390625,1077.5400390625,1077.5400390625,0
1995-10-30,1083.719970703125,1083.719970703125,1083.719970703125,1083.719970703125,0
1995-10-31,1084.239990234375,1084.239990234375,1084.239990234375,1084.239990234375,0
1995-11-01,1089.27001953125,1089.27001953125,1089.27001953125,1089.27001953125,0
1995-11-02,1101.219970703125,1101.219970703125,1101.219970703125,1101.219970703125,0
1995-11-03,1107.93994140625,1107.93994140625,1107.93994140625,1107.93994140625,0
1995-11-06,1108.3399658203125,1108.3399658203125,1108.3399658203125,1108.3399658203125,0
1995-11-07,1103.0,1103.0,1103.0,1103.0,0
1995-11-08,1106.25,1106.25,1106.25,1106.25,0
1995-11-09,1112.4200439453125,1112.4200439453125,1112.4200439453125,1112.4200439453125,0
1995-11-10,1113.6800537109375,1113.6800537109375,1113.6800537109375,1113.6800537109375,0
1995-11-13,1111.1800537109375,1111.1800537109375,1111.1800537109375,1111.1800537109375,0
1995-11-14,1103.5699462890625,1103.5699462890625,1103.5699462890625,1103.5699462890625,0
1995-11-15,1103.300048828125,1103.300048828125,1103.300048828125,1103.300048828125,0
1995-11-16,1108.550048828125,1108.550048828125,1108.550048828125,1108.550048828125,0
1995-11-17,1111.989990234375,1111.989990234375,1111.989990234375,1111.989990234375,0
1995-11-20,1106.489990234375,1106.489990234375,1106.489990234375,1106.489990234375,0
1995-11-21,1102.3900146484375,1102.3900146484375,1102.3900146484375,1102.3900146484375,0
1995-11-22,1102.8800048828125,1102.8800048828125,1102.8800048828125,1102.8800048828125,0
1995-11-24,1105.8800048828125,1105.8800048828125,1105.8800048828125,1105.8800048828125,0
1995-11-27,1109.9000244140625,1109.9000244140625,1109.9000244140625,1109.9000244140625,0
1995-11-28,1115.3199462890625,1115.3199462890625,1115.3199462890625,1115.3199462890625,0
1995-11-29,1122.8599853515625,1122.8599853515625,1122.8599853515625,1122.8599853515625,0
1995-11-30,1129.7900390625,1129.7900390625,1129.7900390625,1129.7900390625,0
1995-12-01,1134.27001953125,1134.27001953125,1134.27001953125,1134.27001953125,0
1995-12-04,1144.239990234375,1144.239990234375,1144.239990234375,1144.239990234375,0
1995-12-05,1146.5999755859375,1146.5999755859375,1146.5999755859375,1146.5999755859375,0
1995-12-06,1144.9300537109375,1144.9300537109375,1144.9300537109375,1144.9300537109375,0
1995-12-07,1138.6800537109375,1138.6800537109375,1138.6800537109375,1138.6800537109375,0
1995-12-08,1140.8900146484375,1140.8900146484375,1140.8900146484375,1140.8900146484375,0
1995-12-11,1142.8699951171875,1142.8699951171875,1142.8699951171875,1142.8699951171875,0
1995-12-12,1141.0999755859375,1141.0999755859375,1141.0999755859375,1141.0999755859375,0
1995-12-13,1145.22998046875,1145.22998046875,1145.22998046875,1145.22998046875,0
1995-12-14,1145.030029296875,1145.030029296875,1145.030029296875,1145.030029296875,0
1995-12-15,1137.6400146484375,1137.6400146484375,1137.6400146484375,1137.6400146484375,0
1995-12-18,1113.0899658203125,1113.0899658203125,1113.0899658203125,1113.0899658203125,0
1995-12-19,1121.4200439453125,1121.4200439453125,1121.4200439453125,1121.4200439453125,0
1995-12-20,1131.75,1131.75,1131.75,1131.75,0
1995-12-21,1138.8199462890625,1138.8199462890625,1138.8199462890625,1138.8199462890625,0
1995-12-22,1144.780029296875,1144.780029296875,1144.780029296875,1144.780029296875,0
1995-12-26,1146.9599609375,1146.9599609375,1146.9599609375,1146.9599609375,0
1995-12-27,1152.22998046875,1152.22998046875,1152.22998046875,1152.22998046875,0
1995-12-28,1152.0699462890625,1152.0699462890625,1152.0699462890625,1152.0699462890625,0
1995-12-29,1159.5999755859375,1159.5999755859375,1159.5999755859375,1159.5999755859375,0
1996-01-02,1162.6199951171875,1162.6199951171875,1162.6199951171875,1162.6199951171875,0
1996-01-03,1156.5999755859375,1156.5999755859375,1156.5999755859375,1156.5999755859375,0
1996-01-04,1140.4100341796875,1140.4100341796875,1140.4100341796875,1140.4100341796875,0
1996-01-05,1145.5699462890625,1145.5699462890625,1145.5699462890625,1145.5699462890625,0
1996-01-08,1145.449951171875,1145.449951171875,1145.449951171875,1145.449951171875,0
1996-01-09,1128.030029296875,1128.030029296875,1128.030029296875,1128.030029296875,0
1996-01-10,1111.8800048828125,1111.8800048828125,1111.8800048828125,1111.8800048828125,0
1996-01-11,1122.1300048828125,1122.1300048828125,1122.1300048828125,1122.1300048828125,0
1996-01-12,1120.1500244140625,1120.1500244140625,1120.1500244140625,1120.1500244140625,0
1996-01-15,1109.050048828125,1109.050048828125,1109.050048828125,1109.050048828125,0
1996-01-16,1107.9200439453125,1107.9200439453125,1107.9200439453125,1107.9200439453125,0
1996-01-17,1111.199951171875,1111.199951171875,1111.199951171875,1111.199951171875,0
1996-01-18,1116.18994140625,1116.18994140625,1116.18994140625,1116.18994140625,0
1996-01-19,1121.0,1121.0,1121.0,1121.0,0
1996-01-22,1128.0,1128.0,1128.0,1128.0,0
1996-01-23,1132.2099609375,1132.2099609375,1132.2099609375,1132.2099609375,0
1996-01-24,1139.8800048828125,1139.8800048828125,1139.8800048828125,1139.8800048828125,0
1996-01-25,1140.219970703125,1140.219970703125,1140.219970703125,1140.219970703125,0
1996-01-26,1142.5899658203125,1142.5899658203125,1142.5899658203125,1142.5899658203125,0
1996-01-29,1144.8299560546875,1144.8299560546875,1144.8299560546875,1144.8299560546875,0
1996-01-30,1150.9300537109375,1150.9300537109375,1150.9300537109375,1150.9300537109375,0
1996-01-31,1158.3599853515625,1158.3599853515625,1158.3599853515625,1158.3599853515625,0
1996-02-01,1165.699951171875,1165.699951171875,1165.699951171875,1165.699951171875,0
1996-02-02,1166.739990234375,1166.739990234375,1166.739990234375,1166.739990234375,0
1996-02-05,1169.699951171875,1169.699951171875,1169.699951171875,1169.699951171875,0
1996-02-06,1175.8800048828125,1175.8800048828125,1175.8800048828125,1175.8800048828125,0
1996-02-07,1173.68994140625,1173.68994140625,1173.68994140625,1173.68994140625,0
1996-02-08,1177.4200439453125,1177.4200439453125,1177.4200439453125,1177.4200439453125,0
1996-02-09,1180.1199951171875,1180.1199951171875,1180.1199951171875,1180.1199951171875,0
1996-02-12,1181.010009765625,1181.010009765625,1181.010009765625,1181.010009765625,0
1996-02-13,1175.81005859375,1175.81005859375,1175.81005859375,1175.81005859375,0
1996-02-14,1180.5,1180.5,1180.5,1180.5,0
1996-02-15,1179.4100341796875,1179.4100341796875,1179.4100341796875,1179.4100341796875,0
1996-02-16,1182.5899658203125,1182.5899658203125,1182.5899658203125,1182.5899658203125,0
1996-02-20,1172.47998046875,1172.47998046875,1172.47998046875,1172.47998046875,0
1996-02-21,1181.4200439453125,1181.4200439453125,1181.4200439453125,1181.4200439453125,0
1996-02-22,1195.31005859375,1195.31005859375,1195.31005859375,1195.31005859375,0
1996-02-23,1197.449951171875,1197.449951171875,1197.449951171875,1197.449951171875,0
1996-02-26,1195.8800048828125,1195.8800048828125,1195.8800048828125,1195.8800048828125,0
1996-02-27,1194.260009765625,1194.260009765625,1194.260009765625,1194.260009765625,0
1996-02-28,1195.8299560546875,1195.8299560546875,1195.8299560546875,1195.8299560546875,0
1996-02-29,1194.4599609375,1194.4599609375,1194.4599609375,1194.4599609375,0
1996-03-01,1191.8499755859375,1191.8499755859375,1191.8499755859375,1191.8499755859375,0
1996-03-04,1197.27001953125,1197.27001953125,1197.27001953125,1197.27001953125,0
1996-03-05,1202.010009765625,1202.010009765625,1202.010009765625,1202.010009765625,0
1996-03-06,1203.0699462890625,1203.0699462890625,1203.0699462890625,1203.0699462890625,0
1996-03-07,1204.3599853515625,1204.3599853515625,1204.3599853515625,1204.3599853515625,0
1996-03-08,1174.1500244140625,1174.1500244140625,1174.1500244140625,1174.1500244140625,0
1996-03-11,1184.780029296875,1184.780029296875,1184.780029296875,1184.780029296875,0
1996-03-12,1180.9100341796875,1180.9100341796875,1180.9100341796875,1180.9100341796875,0
1996-03-13,1190.3599853515625,1190.3599853515625,1190.3599853515625,1190.3599853515625,0
1996-03-14,1196.739990234375,1196.739990234375,1196.739990234375,1196.739990234375,0
1996-03-15,1196.6600341796875,1196.6600341796875,1196.6600341796875,1196.6600341796875,0
1996-03-18,1209.75,1209.75,1209.75,1209.75,0
1996-03-19,1210.760009765625,1210.760009765625,1210.760009765625,1210.760009765625,0
1996-03-20,1208.8599853515625,1208.8599853515625,1208.8599853515625,1208.8599853515625,0
1996-03-21,1210.75,1210.75,1210.75,1210.75,0
1996-03-22,1212.800048828125,1212.800048828125,1212.800048828125,1212.800048828125,0
1996-03-25,1206.4599609375,1206.4599609375,1206.4599609375,1206.4599609375,0
1996-03-26,1206.780029296875,1206.780029296875,1206.780029296875,1206.780029296875,0
1996-03-27,1210.1600341796875,1210.1600341796875,1210.1600341796875,1210.1600341796875,0
1996-03-28,1211.25,1211.25,1211.25,1211.25,0
1996-03-29,1218.77001953125,1218.77001953125,1218.77001953125,1218.77001953125,0
1996-04-01,1224.3800048828125,1224.3800048828125,1224.3800048828125,1224.3800048828125,0
1996-04-02,1227.4200439453125,1227.4200439453125,1227.4200439453125,1227.4200439453125,0
1996-04-03,1230.31005859375,1230.31005859375,1230.31005859375,1230.31005859375,0
1996-04-04,1233.1199951171875,1233.1199951171875,1233.1199951171875,1233.1199951171875,0
1996-04-08,1218.1099853515625,1218.1099853515625,1218.1099853515625,1218.1099853515625,0
1996-04-09,1224.699951171875,1224.699951171875,1224.699951171875,1224.699951171875,0
1996-04-10,1219.52001953125,1219.52001953125,1219.52001953125,1219.52001953125,0
1996-04-11,1214.06005859375,1214.06005859375,1214.06005859375,1214.06005859375,0
1996-04-12,1220.0799560546875,1220.0799560546875,1220.0799560546875,1220.0799560546875,0
1996-04-15,1228.699951171875,1228.699951171875,1228.699951171875,1228.699951171875,0
1996-04-16,1236.1500244140625,1236.1500244140625,1236.1500244140625,1236.1500244140625,0
1996-04-17,1233.8399658203125,1233.8399658203125,1233.8399658203125,1233.8399658203125,0
1996-04-18,1243.3900146484375,1243.3900146484375,1243.3900146484375,1243.3900146484375,0
1996-04-19,1247.4599609375,1247.4599609375,1247.4599609375,1247.4599609375,0
1996-04-22,1256.489990234375,1256.489990234375,1256.489990234375,1256.489990234375,0
1996-04-23,1265.5899658203125,1265.5899658203125,1265.5899658203125,1265.5899658203125,0
1996-04-24,1270.010009765625,1270.010009765625,1270.010009765625,1270.010009765625,0
1996-04-25,1275.969970703125,1275.969970703125,1275.969970703125,1275.969970703125,0
1996-04-26,1281.81005859375,1281.81005859375,1281.81005859375,1281.81005859375,0
1996-04-29,1283.6400146484375,1283.6400146484375,1283.6400146484375,1283.6400146484375,0
1996-04-30,1283.93994140625,1283.93994140625,1283.93994140625,1283.93994140625,0
1996-05-01,1291.239990234375,1291.239990234375,1291.239990234375,1291.239990234375,0
1996-05-02,1275.4200439453125,1275.4200439453125,1275.4200439453125,1275.4200439453125,0
1996-05-03,1278.6400146484375,1278.6400146484375,1278.6400146484375,1278.6400146484375,0
1996-05-06,1278.6800537109375,1278.6800537109375,1278.6800537109375,1278.6800537109375,0
1996-05-07,1274.1400146484375,1274.1400146484375,1274.1400146484375,1274.1400146484375,0
1996-05-08,1272.760009765625,1272.760009765625,1272.760009765625,1272.760009765625,0
1996-05-09,1281.6300048828125,1281.6300048828125,1281.6300048828125,1281.6300048828125,0
1996-05-10,1294.31005859375,1294.31005859375,1294.31005859375,1294.31005859375,0
1996-05-13,1306.699951171875,1306.699951171875,1306.699951171875,1306.699951171875,0
1996-05-14,1317.8399658203125,1317.8399658203125,1317.8399658203125,1317.8399658203125,0
1996-05-15,1320.22998046875,1320.22998046875,1320.22998046875,1320.22998046875,0
1996-05-16,1323.0899658203125,1323.0899658203125,1323.0899658203125,1323.0899658203125,0
1996-05-17,1329.6800537109375,1329.6800537109375,1329.6800537109375,1329.6800537109375,0
1996-05-20,1338.68994140625,1338.68994140625,1338.68994140625,1338.68994140625,0
1996-05-21,1338.1400146484375,1338.1400146484375,1338.1400146484375,1338.1400146484375,0
1996-05-22,1343.719970703125,1343.719970703125,1343.719970703125,1343.719970703125,0
1996-05-23,1343.199951171875,1343.199951171875,1343.199951171875,1343.199951171875,0
1996-05-24,1344.1400146484375,1344.1400146484375,1344.1400146484375,1344.1400146484375,0
1996-05-28,1333.4300537109375,1333.4300537109375,1333.4300537109375,1333.4300537109375,0
1996-05-29,1324.3900146484375,1324.3900146484375,1324.3900146484375,1324.3900146484375,0
1996-05-30,1329.0699462890625,1329.0699462890625,1329.0699462890625,1329.0699462890625,0
1996-05-31,1334.5400390625,1334.5400390625,1334.5400390625,1334.5400390625,0
1996-06-03,1332.6700439453125,1332.6700439453125,1332.6700439453125,1332.6700439453125,0
1996-06-04,1337.2900390625,1337.2900390625,1337.2900390625,1337.2900390625,0
1996-06-05,1340.949951171875,1340.949951171875,1340.949951171875,1340.949951171875,0
1996-06-06,1332.1800537109375,1332.1800537109375,1332.1800537109375,1332.1800537109375,0
1996-06-07,1323.25,1323.25,1323.25,1323.25,0
1996-06-10,1326.6400146484375,1326.6400146484375,1326.6400146484375,1326.6400146484375,0
1996-06-11,1325.6600341796875,1325.6600341796875,1325.6600341796875,1325.6600341796875,0
1996-06-12,1327.02001953125,1327.02001953125,1327.02001953125,1327.02001953125,0
1996-06-13,1318.8599853515625,1318.8599853515625,1318.8599853515625,1318.8599853515625,0
1996-06-14,1310.6300048828125,1310.6300048828125,1310.6300048828125,1310.6300048828125,0
1996-06-17,1306.0799560546875,1306.0799560546875,1306.0799560546875,1306.0799560546875,0
1996-06-18,1288.530029296875,1288.530029296875,1288.530029296875,1288.530029296875,0
1996-06-19,1281.8199462890625,1281.8199462890625,1281.8199462890625,1281.8199462890625,0
1996-06-20,1270.7099609375,1270.7099609375,1270.7099609375,1270.7099609375,0
1996-06-21,1274.6600341796875,1274.6600341796875,1274.6600341796875,1274.6600341796875,0
1996-06-24,1280.530029296875,1280.530029296875,1280.530029296875,1280.530029296875,0
1996-06-25,1272.02001953125,1272.02001953125,1272.02001953125,1272.02001953125,0
1996-06-26,1255.47998046875,1255.47998046875,1255.47998046875,1255.47998046875,0
1996-06-27,1263.25,1263.25,1263.25,1263.25,0
1996-06-28,1279.739990234375,1279.739990234375,1279.739990234375,1279.739990234375,0
1996-07-01,1283.510009765625,1283.510009765625,1283.510009765625,1283.510009765625,0
1996-07-02,1280.7099609375,1280.7099609375,1280.7099609375,1280.7099609375,0
1996-07-03,1272.780029296875,1272.780029296875,1272.780029296875,1272.780029296875,0
1996-07-05,1253.8199462890625,1253.8199462890625,1253.8199462890625,1253.8199462890625,0
1996-07-08,1243.2099609375,1243.2099609375,1243.2099609375,1243.2099609375,0
1996-07-09,1242.3699951171875,1242.3699951171875,1242.3699951171875,1242.3699951171875,0
1996-07-10,1228.8800048828125,1228.8800048828125,1228.8800048828125,1228.8800048828125,0
1996-07-11,1199.199951171875,1199.199951171875,1199.199951171875,1199.199951171875,0
1996-07-12,1195.72998046875,1195.72998046875,1195.72998046875,1195.72998046875,0
1996-07-15,1162.8900146484375,1162.8900146484375,1162.8900146484375,1162.8900146484375,0
1996-07-16,1145.6099853515625,1145.6099853515625,1145.6099853515625,1145.6099853515625,0
1996-07-17,1175.3499755859375,1175.3499755859375,1175.3499755859375,1175.3499755859375,0
1996-07-18,1193.0999755859375,1193.0999755859375,1193.0999755859375,1193.0999755859375,0
1996-07-19,1187.8900146484375,1187.8900146484375,1187.8900146484375,1187.8900146484375,0
1996-07-22,1173.6400146484375,1173.6400146484375,1173.6400146484375,1173.6400146484375,0
1996-07-23,1151.780029296875,1151.780029296875,1151.780029296875,1151.780029296875,0
1996-07-24,1136.949951171875,1136.949951171875,1136.949951171875,1136.949951171875,0
1996-07-25,1151.25,1151.25,1151.25,1151.25,0
1996-07-26,1162.0999755859375,1162.0999755859375,1162.0999755859375,1162.0999755859375,0
1996-07-29,1156.949951171875,1156.949951171875,1156.949951171875,1156.949951171875,0
1996-07-30,1158.8499755859375,1158.8499755859375,1158.8499755859375,1158.8499755859375,0
1996-07-31,1167.9599609375,1167.9599609375,1167.9599609375,1167.9599609375,0
1996-08-01,1180.949951171875,1180.949951171875,1180.949951171875,1180.949951171875,0
1996-08-02,1199.239990234375,1199.239990234375,1199.239990234375,1199.239990234375,0
1996-08-05,1200.6400146484375,1200.6400146484375,1200.6400146484375,1200.6400146484375,0
1996-08-06,1202.47998046875,1202.47998046875,1202.47998046875,1202.47998046875,0
1996-08-07,1211.199951171875,1211.199951171875,1211.199951171875,1211.199951171875,0
1996-08-08,1210.989990234375,1210.989990234375,1210.989990234375,1210.989990234375,0
1996-08-09,1210.6600341796875,1210.6600341796875,1210.6600341796875,1210.6600341796875,0
1996-08-12,1210.4100341796875,1210.4100341796875,1210.4100341796875,1210.4100341796875,0
1996-08-13,1204.3599853515625,1204.3599853515625,1204.3599853515625,1204.3599853515625,0
1996-08-14,1208.47998046875,1208.47998046875,1208.47998046875,1208.47998046875,0
1996-08-15,1212.1400146484375,1212.1400146484375,1212.1400146484375,1212.1400146484375,0
1996-08-16,1216.9000244140625,1216.9000244140625,1216.9000244140625,1216.9000244140625,0
1996-08-19,1218.5899658203125,1218.5899658203125,1218.5899658203125,1218.5899658203125,0
1996-08-20,1218.0400390625,1218.0400390625,1218.0400390625,1218.0400390625,0
1996-08-21,1217.22998046875,1217.22998046875,1217.22998046875,1217.22998046875,0
1996-08-22,1226.18994140625,1226.18994140625,1226.18994140625,1226.18994140625,0
1996-08-23,1227.5699462890625,1227.5699462890625,1227.5699462890625,1227.5699462890625,0
1996-08-26,1226.5,1226.5,1226.5,1226.5,0
1996-08-27,1234.9000244140625,1234.9000244140625,1234.9000244140625,1234.9000244140625,0
1996-08-28,1241.8900146484375,1241.8900146484375,1241.8900146484375,1241.8900146484375,0
1996-08-29,1238.1400146484375,1238.1400146484375,1238.1400146484375,1238.1400146484375,0
1996-08-30,1235.780029296875,1235.780029296875,1235.780029296875,1235.780029296875,0
1996-09-03,1233.72998046875,1233.72998046875,1233.72998046875,1233.72998046875,0
1996-09-04,1238.199951171875,1238.199951171875,1238.199951171875,1238.199951171875,0
1996-09-05,1227.449951171875,1227.449951171875,1227.449951171875,1227.449951171875,0
1996-09-06,1236.43994140625,1236.43994140625,1236.43994140625,1236.43994140625,0
1996-09-09,1242.22998046875,1242.22998046875,1242.22998046875,1242.22998046875,0
1996-09-10,1244.6199951171875,1244.6199951171875,1244.6199951171875,1244.6199951171875,0
1996-09-11,1246.6500244140625,1246.6500244140625,1246.6500244140625,1246.6500244140625,0
1996-09-12,1252.5,1252.5,1252.5,1252.5,0
1996-09-13,1262.1600341796875,1262.1600341796875,1262.1600341796875,1262.1600341796875,0
1996-09-16,1268.0,1268.0,1268.0,1268.0,0
1996-09-17,1267.5799560546875,1267.5799560546875,1267.5799560546875,1267.5799560546875,0
1996-09-18,1265.5999755859375,1265.5999755859375,1265.5999755859375,1265.5999755859375,0
1996-09-19,1264.6300048828125,1264.6300048828125,1264.6300048828125,1264.6300048828125,0
1996-09-20,1270.1400146484375,1270.1400146484375,1270.1400146484375,1270.1400146484375,0
1996-09-23,1265.3699951171875,1265.3699951171875,1265.3699951171875,1265.3699951171875,0
1996-09-24,1269.4599609375,1269.4599609375,1269.4599609375,1269.4599609375,0
1996-09-25,1273.3599853515625,1273.3599853515625,1273.3599853515625,1273.3599853515625,0
1996-09-26,1278.3900146484375,1278.3900146484375,1278.3900146484375,1278.3900146484375,0
1996-09-27,1280.530029296875,1280.530029296875,1280.530029296875,1280.530029296875,0
1996-09-30,1284.0699462890625,1284.0699462890625,1284.0699462890625,1284.0699462890625,0
1996-10-01,1280.1700439453125,1280.1700439453125,1280.1700439453125,1280.1700439453125,0
1996-10-02,1290.8699951171875,1290.8699951171875,1290.8699951171875,1290.8699951171875,0
1996-10-03,1287.3199462890625,1287.3199462890625,1287.3199462890625,1287.3199462890625,0
1996-10-04,1294.8299560546875,1294.8299560546875,1294.8299560546875,1294.8299560546875,0
1996-10-07,1293.25,1293.25,1293.25,1293.25,0
1996-10-08,1287.77001953125,1287.77001953125,1287.77001953125,1287.77001953125,0
1996-10-09,1283.4599609375,1283.4599609375,1283.4599609375,1283.4599609375,0
1996-10-10,1285.3299560546875,1285.3299560546875,1285.3299560546875,1285.3299560546875,0
1996-10-11,1290.1199951171875,1290.1199951171875,1290.1199951171875,1290.1199951171875,0
1996-10-14,1294.1500244140625,1294.1500244140625,1294.1500244140625,1294.1500244140625,0
1996-10-15,1294.5,1294.5,1294.5,1294.5,0
1996-10-16,1292.06005859375,1292.06005859375,1292.06005859375,1292.06005859375,0
1996-10-17,1291.6400146484375,1291.6400146484375,1291.6400146484375,1291.6400146484375,0
1996-10-18,1290.1800537109375,1290.1800537109375,1290.1800537109375,1290.1800537109375,0
1996-10-21,1283.9200439453125,1283.9200439453125,1283.9200439453125,1283.9200439453125,0
1996-10-22,1271.800048828125,1271.800048828125,1271.800048828125,1271.800048828125,0
1996-10-23,1272.0,1272.0,1272.0,1272.0,0
1996-10-24,1272.699951171875,1272.699951171875,1272.699951171875,1272.699951171875,0
1996-10-25,1272.52001953125,1272.52001953125,1272.52001953125,1272.52001953125,0
1996-10-28,1261.93994140625,1261.93994140625,1261.93994140625,1261.93994140625,0
1996-10-29,1254.6600341796875,1254.6600341796875,1254.6600341796875,1254.6600341796875,0
1996-10-30,1255.469970703125,1255.469970703125,1255.469970703125,1255.469970703125,0
1996-10-31,1264.280029296875,1264.280029296875,1264.280029296875,1264.280029296875,0
1996-11-01,1261.5400390625,1261.5400390625,1261.5400390625,1261.5400390625,0
1996-11-04,1262.02001953125,1262.02001953125,1262.02001953125,1262.02001953125,0
1996-11-05,1261.8800048828125,1261.8800048828125,1261.8800048828125,1261.8800048828125,0
1996-11-06,1271.9000244140625,1271.9000244140625,1271.9000244140625,1271.9000244140625,0
1996-11-07,1278.68994140625,1278.68994140625,1278.68994140625,1278.68994140625,0
1996-11-08,1279.8800048828125,1279.8800048828125,1279.8800048828125,1279.8800048828125,0
1996-11-11,1284.1500244140625,1284.1500244140625,1284.1500244140625,1284.1500244140625,0
1996-11-12,1285.7099609375,1285.7099609375,1285.7099609375,1285.7099609375,0
1996-11-13,1286.06005859375,1286.06005859375,1286.06005859375,1286.06005859375,0
1996-11-14,1290.3900146484375,1290.3900146484375,1290.3900146484375,1290.3900146484375,0
1996-11-15,1287.9100341796875,1287.9100341796875,1287.9100341796875,1287.9100341796875,0
1996-11-18,1285.72998046875,1285.72998046875,1285.72998046875,1285.72998046875,0
1996-11-19,1289.469970703125,1289.469970703125,1289.469970703125,1289.469970703125,0
1996-11-20,1291.81005859375,1291.81005859375,1291.81005859375,1291.81005859375,0
1996-11-21,1290.4000244140625,1290.4000244140625,1290.4000244140625,1290.4000244140625,0
1996-11-22,1300.8800048828125,1300.8800048828125,1300.8800048828125,1300.8800048828125,0
1996-11-25,1309.6099853515625,1309.6099853515625,1309.6099853515625,1309.6099853515625,0
1996-11-26,1306.489990234375,1306.489990234375,1306.489990234375,1306.489990234375,0
1996-11-27,1311.199951171875,1311.199951171875,1311.199951171875,1311.199951171875,0
1996-11-29,1316.3699951171875,1316.3699951171875,1316.3699951171875,1316.3699951171875,0
1996-12-02,1321.199951171875,1321.199951171875,1321.199951171875,1321.199951171875,0
1996-12-03,1330.5699462890625,1330.5699462890625,1330.5699462890625,1330.5699462890625,0
1996-12-04,1331.9000244140625,1331.9000244140625,1331.9000244140625,1331.9000244140625,0
1996-12-05,1335.530029296875,1335.530029296875,1335.530029296875,1335.530029296875,0
1996-12-06,1321.989990234375,1321.989990234375,1321.989990234375,1321.989990234375,0
1996-12-09,1340.699951171875,1340.699951171875,1340.699951171875,1340.699951171875,0
1996-12-10,1343.9300537109375,1343.9300537109375,1343.9300537109375,1343.9300537109375,0
1996-12-11,1330.8299560546875,1330.8299560546875,1330.8299560546875,1330.8299560546875,0
1996-12-12,1326.239990234375,1326.239990234375,1326.239990234375,1326.239990234375,0
1996-12-13,1318.030029296875,1318.030029296875,1318.030029296875,1318.030029296875,0
1996-12-16,1304.43994140625,1304.43994140625,1304.43994140625,1304.43994140625,0
1996-12-17,1303.199951171875,1303.199951171875,1303.199951171875,1303.199951171875,0
1996-12-18,1314.260009765625,1314.260009765625,1314.260009765625,1314.260009765625,0
1996-12-19,1325.7900390625,1325.7900390625,1325.7900390625,1325.7900390625,0
1996-12-20,1327.9599609375,1327.9599609375,1327.9599609375,1327.9599609375,0
1996-12-23,1323.31005859375,1323.31005859375,1323.31005859375,1323.31005859375,0
1996-12-24,1324.8900146484375,1324.8900146484375,1324.8900146484375,1324.8900146484375,0
1996-12-26,1331.8699951171875,1331.8699951171875,1331.8699951171875,1331.8699951171875,0
1996-12-27,1337.8399658203125,1337.8399658203125,1337.8399658203125,1337.8399658203125,0
1996-12-30,1341.0400390625,1341.0400390625,1341.0400390625,1341.0400390625,0
1996-12-31,1350.8699951171875,1350.8699951171875,1350.8699951171875,1350.8699951171875,0
1997-01-02,1337.43994140625,1337.43994140625,1337.43994140625,1337.43994140625,0
1997-01-03,1348.1099853515625,1348.1099853515625,1348.1099853515625,1348.1099853515625,0
1997-01-06,1349.8800048828125,1349.8800048828125,1349.8800048828125,1349.8800048828125,0
1997-01-07,1356.800048828125,1356.800048828125,1356.800048828125,1356.800048828125,0
1997-01-08,1357.010009765625,1357.010009765625,1357.010009765625,1357.010009765625,0
1997-01-09,1362.5699462890625,1362.5699462890625,1362.5699462890625,1362.5699462890625,0
1997-01-10,1364.31005859375,1364.31005859375,1364.31005859375,1364.31005859375,0
1997-01-13,1363.6400146484375,1363.6400146484375,1363.6400146484375,1363.6400146484375,0
1997-01-14,1369.93994140625,1369.93994140625,1369.93994140625,1369.93994140625,0
1997-01-15,1368.8399658203125,1368.8399658203125,1368.8399658203125,1368.8399658203125,0
1997-01-16,1368.0899658203125,1368.0899658203125,1368.0899658203125,1368.0899658203125,0
1997-01-17,1371.510009765625,1371.510009765625,1371.510009765625,1371.510009765625,0
1997-01-20,1376.9599609375,1376.9599609375,1376.9599609375,1376.9599609375,0
1997-01-21,1380.5699462890625,1380.5699462890625,1380.5699462890625,1380.5699462890625,0
1997-01-22,1381.8699951171875,1381.8699951171875,1381.8699951171875,1381.8699951171875,0
1997-01-23,1381.1400146484375,1381.1400146484375,1381.1400146484375,1381.1400146484375,0
1997-01-24,1372.2900390625,1372.2900390625,1372.2900390625,1372.2900390625,0
1997-01-27,1362.739990234375,1362.739990234375,1362.739990234375,1362.739990234375,0
1997-01-28,1366.280029296875,1366.280029296875,1366.280029296875,1366.280029296875,0
1997-01-29,1365.68994140625,1365.68994140625,1365.68994140625,1365.68994140625,0
1997-01-30,1373.530029296875,1373.530029296875,1373.530029296875,1373.530029296875,0
1997-01-31,1377.8699951171875,1377.8699951171875,1377.8699951171875,1377.8699951171875,0
1997-02-03,1378.760009765625,1378.760009765625,1378.760009765625,1378.760009765625,0
1997-02-04,1373.5999755859375,1373.5999755859375,1373.5999755859375,1373.5999755859375,0
1997-02-05,1363.25,1363.25,1363.25,1363.25,0
1997-02-06,1363.4300537109375,1363.4300537109375,1363.4300537109375,1363.4300537109375,0
1997-02-07,1367.93994140625,1367.93994140625,1367.93994140625,1367.93994140625,0
1997-02-10,1358.469970703125,1358.469970703125,1358.469970703125,1358.469970703125,0
1997-02-11,1353.5,1353.5,1353.5,1353.5,0
1997-02-12,1363.7099609375,1363.7099609375,1363.7099609375,1363.7099609375,0
1997-02-13,1374.1300048828125,1374.1300048828125,1374.1300048828125,1374.1300048828125,0
1997-02-14,1377.719970703125,1377.719970703125,1377.719970703125,1377.719970703125,0
1997-02-18,1381.1099853515625,1381.1099853515625,1381.1099853515625,1381.1099853515625,0
1997-02-19,1381.760009765625,1381.760009765625,1381.760009765625,1381.760009765625,0
1997-02-20,1372.0699462890625,1372.0699462890625,1372.0699462890625,1372.0699462890625,0
1997-02-21,1367.510009765625,1367.510009765625,1367.510009765625,1367.510009765625,0
1997-02-24,1367.719970703125,1367.719970703125,1367.719970703125,1367.719970703125,0
1997-02-25,1369.1500244140625,1369.1500244140625,1369.1500244140625,1369.1500244140625,0
1997-02-26,1358.5799560546875,1358.5799560546875,1358.5799560546875,1358.5799560546875,0
1997-02-27,1348.469970703125,1348.469970703125,1348.469970703125,1348.469970703125,0
1997-02-28,1344.4599609375,1344.4599609375,1344.4599609375,1344.4599609375,0
1997-03-03,1346.300048828125,1346.300048828125,1346.300048828125,1346.300048828125,0
1997-03-04,1351.5400390625,1351.5400390625,1351.5400390625,1351.5400390625,0
1997-03-05,1359.219970703125,1359.219970703125,1359.219970703125,1359.219970703125,0
1997-03-06,1358.949951171875,1358.949951171875,1358.949951171875,1358.949951171875,0
1997-03-07,1364.949951171875,1364.949951171875,1364.949951171875,1364.949951171875,0
1997-03-10,1371.0400390625,1371.0400390625,1371.0400390625,1371.0400390625,0
1997-03-11,1373.9599609375,1373.9599609375,1373.9599609375,1373.9599609375,0
1997-03-12,1361.5400390625,1361.5400390625,1361.5400390625,1361.5400390625,0
1997-03-13,1345.550048828125,1345.550048828125,1345.550048828125,1345.550048828125,0
1997-03-14,1349.0899658203125,1349.0899658203125,1349.0899658203125,1349.0899658203125,0
1997-03-17,1335.5699462890625,1335.5699462890625,1335.5699462890625,1335.5699462890625,0
1997-03-18,1326.6199951171875,1326.6199951171875,1326.6199951171875,1326.6199951171875,0
1997-03-19,1314.8199462890625,1314.8199462890625,1314.8199462890625,1314.8199462890625,0
1997-03-20,1316.81005859375,1316.81005859375,1316.81005859375,1316.81005859375,0
1997-03-21,1314.6199951171875,1314.6199951171875,1314.6199951171875,1314.6199951171875,0
1997-03-24,1306.1800537109375,1306.1800537109375,1306.1800537109375,1306.1800537109375,0
1997-03-25,1310.6400146484375,1310.6400146484375,1310.6400146484375,1310.6400146484375,0
1997-03-26,1317.2099609375,1317.2099609375,1317.2099609375,1317.2099609375,0
1997-03-27,1304.6300048828125,1304.6300048828125,1304.6300048828125,1304.6300048828125,0
1997-03-31,1281.02001953125,1281.02001953125,1281.02001953125,1281.02001953125,0
1997-04-01,1275.0699462890625,1275.0699462890625,1275.0699462890625,1275.0699462890625,0
1997-04-02,1263.699951171875,1263.699951171875,1263.699951171875,1263.699951171875,0
1997-04-03,1258.489990234375,1258.489990234375,1258.489990234375,1258.489990234375,0
1997-04-04,1275.0799560546875,1275.0799560546875,1275.0799560546875,1275.0799560546875,0
1997-04-07,1290.0699462890625,1290.0699462890625,1290.0699462890625,1290.0699462890625,0
1997-04-08,1293.949951171875,1293.949951171875,1293.949951171875,1293.949951171875,0
1997-04-09,1297.1300048828125,1297.1300048828125,1297.1300048828125,1297.1300048828125,0
1997-04-10,1291.1800537109375,1291.1800537109375,1291.1800537109375,1291.1800537109375,0
1997-04-11,1269.489990234375,1269.489990234375,1269.489990234375,1269.489990234375,0
1997-04-14,1267.199951171875,1267.199951171875,1267.199951171875,1267.199951171875,0
1997-04-15,1275.27001953125,1275.27001953125,1275.27001953125,1275.27001953125,0
1997-04-16,1273.43994140625,1273.43994140625,1273.43994140625,1273.43994140625,0
1997-04-17,1274.300048828125,1274.300048828125,1274.300048828125,1274.300048828125,0
1997-04-18,1279.1700439453125,1279.1700439453125,1279.1700439453125,1279.1700439453125,0
1997-04-21,1266.239990234375,1266.239990234375,1266.239990234375,1266.239990234375,0
1997-04-22,1265.5699462890625,1265.5699462890625,1265.5699462890625,1265.5699462890625,0
1997-04-23,1266.75,1266.75,1266.75,1266.75,0
1997-04-24,1266.97998046875,1266.97998046875,1266.97998046875,1266.97998046875,0
1997-04-25,1257.3900146484375,1257.3900146484375,1257.3900146484375,1257.3900146484375,0
1997-04-28,1258.5,1258.5,1258.5,1258.5,0
1997-04-29,1275.3399658203125,1275.3399658203125,1275.3399658203125,1275.3399658203125,0
1997-04-30,1284.5899658203125,1284.5899658203125,1284.5899658203125,1284.5899658203125,0
1997-05-01,1294.6500244140625,1294.6500244140625,1294.6500244140625,1294.6500244140625,0
1997-05-02,1325.739990234375,1325.739990234375,1325.739990234375,1325.739990234375,0
1997-05-05,1357.260009765625,1357.260009765625,1357.260009765625,1357.260009765625,0
1997-05-06,1354.6800537109375,1354.6800537109375,1354.6800537109375,1354.6800537109375,0
1997-05-07,1349.2099609375,1349.2099609375,1349.2099609375,1349.2099609375,0
1997-05-08,1348.739990234375,1348.739990234375,1348.739990234375,1348.739990234375,0
1997-05-09,1353.72998046875,1353.72998046875,1353.72998046875,1353.72998046875,0
1997-05-12,1362.5,1362.5,1362.5,1362.5,0
1997-05-13,1361.97998046875,1361.97998046875,1361.97998046875,1361.97998046875,0
1997-05-14,1365.77001953125,1365.77001953125,1365.77001953125,1365.77001953125,0
1997-05-15,1371.1700439453125,1371.1700439453125,1371.1700439453125,1371.1700439453125,0
1997-05-16,1369.050048828125,1369.050048828125,1369.050048828125,1369.050048828125,0
1997-05-19,1373.6400146484375,1373.6400146484375,1373.6400146484375,1373.6400146484375,0
1997-05-20,1379.72998046875,1379.72998046875,1379.72998046875,1379.72998046875,0
1997-05-21,1386.800048828125,1386.800048828125,1386.800048828125,1386.800048828125,0
1997-05-22,1392.1300048828125,1392.1300048828125,1392.1300048828125,1392.1300048828125,0
1997-05-23,1408.030029296875,1408.030029296875,1408.030029296875,1408.030029296875,0
1997-05-27,1412.030029296875,1412.030029296875,1412.030029296875,1412.030029296875,0
1997-05-28,1416.22998046875,1416.22998046875,1416.22998046875,1416.22998046875,0
1997-05-29,1418.6800537109375,1418.6800537109375,1418.6800537109375,1418.6800537109375,0
1997-05-30,1427.5,1427.5,1427.5,1427.5,0
1997-06-02,1437.8299560546875,1437.8299560546875,1437.8299560546875,1437.8299560546875,0
1997-06-03,1436.9200439453125,1436.9200439453125,1436.9200439453125,1436.9200439453125,0
1997-06-04,1434.8299560546875,1434.8299560546875,1434.8299560546875,1434.8299560546875,0
1997-06-05,1443.3299560546875,1443.3299560546875,1443.3299560546875,1443.3299560546875,0
1997-06-06,1451.510009765625,1451.510009765625,1451.510009765625,1451.510009765625,0
1997-06-09,1454.4000244140625,1454.4000244140625,1454.4000244140625,1454.4000244140625,0
1997-06-10,1452.4200439453125,1452.4200439453125,1452.4200439453125,1452.4200439453125,0
1997-06-11,1453.93994140625,1453.93994140625,1453.93994140625,1453.93994140625,0
1997-06-12,1461.4300537109375,1461.4300537109375,1461.4300537109375,1461.4300537109375,0
1997-06-13,1470.989990234375,1470.989990234375,1470.989990234375,1470.989990234375,0
1997-06-16,1471.5699462890625,1471.5699462890625,1471.5699462890625,1471.5699462890625,0
1997-06-17,1472.6099853515625,1472.6099853515625,1472.6099853515625,1472.6099853515625,0
1997-06-18,1472.739990234375,1472.739990234375,1472.739990234375,1472.739990234375,0
1997-06-19,1487.72998046875,1487.72998046875,1487.72998046875,1487.72998046875,0
1997-06-20,1477.1800537109375,1477.1800537109375,1477.1800537109375,1477.1800537109375,0
1997-06-23,1466.739990234375,1466.739990234375,1466.739990234375,1466.739990234375,0
1997-06-24,1476.18994140625,1476.18994140625,1476.18994140625,1476.18994140625,0
1997-06-25,1468.4599609375,1468.4599609375,1468.4599609375,1468.4599609375,0
1997-06-26,1465.4000244140625,1465.4000244140625,1465.4000244140625,1465.4000244140625,0
1997-06-27,1474.0799560546875,1474.0799560546875,1474.0799560546875,1474.0799560546875,0
1997-06-30,1488.6800537109375,1488.6800537109375,1488.6800537109375,1488.6800537109375,0
1997-07-01,1480.1099853515625,1480.1099853515625,1480.1099853515625,1480.1099853515625,0
1997-07-02,1481.93994140625,1481.93994140625,1481.93994140625,1481.93994140625,0
1997-07-03,1487.4300537109375,1487.4300537109375,1487.4300537109375,1487.4300537109375,0
1997-07-07,1487.5899658203125,1487.5899658203125,1487.5899658203125,1487.5899658203125,0
1997-07-08,1495.02001953125,1495.02001953125,1495.02001953125,1495.02001953125,0
1997-07-09,1491.9300537109375,1491.9300537109375,1491.9300537109375,1491.9300537109375,0
1997-07-10,1498.8800048828125,1498.8800048828125,1498.8800048828125,1498.8800048828125,0
1997-07-11,1510.510009765625,1510.510009765625,1510.510009765625,1510.510009765625,0
1997-07-14,1516.5699462890625,1516.5699462890625,1516.5699462890625,1516.5699462890625,0
1997-07-15,1526.0400390625,1526.0400390625,1526.0400390625,1526.0400390625,0
1997-07-16,1540.969970703125,1540.969970703125,1540.969970703125,1540.969970703125,0
1997-07-17,1533.3399658203125,1533.3399658203125,1533.3399658203125,1533.3399658203125,0
1997-07-18,1524.97998046875,1524.97998046875,1524.97998046875,1524.97998046875,0
1997-07-21,1516.0899658203125,1516.0899658203125,1516.0899658203125,1516.0899658203125,0
1997-07-22,1526.0699462890625,1526.0699462890625,1526.0699462890625,1526.0699462890625,0
1997-07-23,1531.530029296875,1531.530029296875,1531.530029296875,1531.530029296875,0
1997-07-24,1533.6300048828125,1533.6300048828125,1533.6300048828125,1533.6300048828125,0
1997-07-25,1535.1400146484375,1535.1400146484375,1535.1400146484375,1535.1400146484375,0
1997-07-28,1535.5999755859375,1535.5999755859375,1535.5999755859375,1535.5999755859375,0
1997-07-29,1540.1400146484375,1540.1400146484375,1540.1400146484375,1540.1400146484375,0
1997-07-30,1553.8199462890625,1553.8199462890625,1553.8199462890625,1553.8199462890625,0
1997-07-31,1557.949951171875,1557.949951171875,1557.949951171875,1557.949951171875,0
1997-08-01,1556.9300537109375,1556.9300537109375,1556.9300537109375,1556.9300537109375,0
1997-08-04,1562.4300537109375,1562.4300537109375,1562.4300537109375,1562.4300537109375,0
1997-08-05,1572.4000244140625,1572.4000244140625,1572.4000244140625,1572.4000244140625,0
1997-08-06,1581.3900146484375,1581.3900146484375,1581.3900146484375,1581.3900146484375,0
1997-08-07,1579.31005859375,1579.31005859375,1579.31005859375,1579.31005859375,0
1997-08-08,1557.030029296875,1557.030029296875,1557.030029296875,1557.030029296875,0
1997-08-11,1551.3599853515625,1551.3599853515625,1551.3599853515625,1551.3599853515625,0
1997-08-12,1546.97998046875,1546.97998046875,1546.97998046875,1546.97998046875,0
1997-08-13,1548.260009765625,1548.260009765625,1548.260009765625,1548.260009765625,0
1997-08-14,1549.199951171875,1549.199951171875,1549.199951171875,1549.199951171875,0
1997-08-15,1536.9200439453125,1536.9200439453125,1536.9200439453125,1536.9200439453125,0
1997-08-18,1537.3199462890625,1537.3199462890625,1537.3199462890625,1537.3199462890625,0
1997-08-19,1556.5999755859375,1556.5999755859375,1556.5999755859375,1556.5999755859375,0
1997-08-20,1576.1099853515625,1576.1099853515625,1576.1099853515625,1576.1099853515625,0
1997-08-21,1568.4300537109375,1568.4300537109375,1568.4300537109375,1568.4300537109375,0
1997-08-22,1563.780029296875,1563.780029296875,1563.780029296875,1563.780029296875,0
1997-08-25,1572.510009765625,1572.510009765625,1572.510009765625,1572.510009765625,0
1997-08-26,1573.4599609375,1573.4599609375,1573.4599609375,1573.4599609375,0
1997-08-27,1583.25,1583.25,1583.25,1583.25,0
1997-08-28,1586.4599609375,1586.4599609375,1586.4599609375,1586.4599609375,0
1997-08-29,1593.5999755859375,1593.5999755859375,1593.5999755859375,1593.5999755859375,0
1997-09-02,1610.8599853515625,1610.8599853515625,1610.8599853515625,1610.8599853515625,0
1997-09-03,1613.6400146484375,1613.6400146484375,1613.6400146484375,1613.6400146484375,0
1997-09-04,1616.9000244140625,1616.9000244140625,1616.9000244140625,1616.9000244140625,0
1997-09-05,1629.530029296875,1629.530029296875,1629.530029296875,1629.530029296875,0
1997-09-08,1640.77001953125,1640.77001953125,1640.77001953125,1640.77001953125,0
1997-09-09,1647.3800048828125,1647.3800048828125,1647.3800048828125,1647.3800048828125,0
1997-09-10,1644.3800048828125,1644.3800048828125,1644.3800048828125,1644.3800048828125,0
1997-09-11,1641.0899658203125,1641.0899658203125,1641.0899658203125,1641.0899658203125,0
1997-09-12,1657.0400390625,1657.0400390625,1657.0400390625,1657.0400390625,0
1997-09-15,1657.4200439453125,1657.4200439453125,1657.4200439453125,1657.4200439453125,0
1997-09-16,1676.5799560546875,1676.5799560546875,1676.5799560546875,1676.5799560546875,0
1997-09-17,1680.280029296875,1680.280029296875,1680.280029296875,1680.280029296875,0
1997-09-18,1681.7099609375,1681.7099609375,1681.7099609375,1681.7099609375,0
1997-09-19,1684.3199462890625,1684.3199462890625,1684.3199462890625,1684.3199462890625,0
1997-09-22,1691.27001953125,1691.27001953125,1691.27001953125,1691.27001953125,0
1997-09-23,1693.0799560546875,1693.0799560546875,1693.0799560546875,1693.0799560546875,0
1997-09-24,1689.7900390625,1689.7900390625,1689.7900390625,1689.7900390625,0
1997-09-25,1687.280029296875,1687.280029296875,1687.280029296875,1687.280029296875,0
1997-09-26,1691.4599609375,1691.4599609375,1691.4599609375,1691.4599609375,0
1997-09-29,1700.300048828125,1700.300048828125,1700.300048828125,1700.300048828125,0
1997-09-30,1710.239990234375,1710.239990234375,1710.239990234375,1710.239990234375,0
1997-10-01,1713.1500244140625,1713.1500244140625,1713.1500244140625,1713.1500244140625,0
1997-10-02,1721.5999755859375,1721.5999755859375,1721.5999755859375,1721.5999755859375,0
1997-10-03,1731.7099609375,1731.7099609375,1731.7099609375,1731.7099609375,0
1997-10-06,1739.6500244140625,1739.6500244140625,1739.6500244140625,1739.6500244140625,0
1997-10-07,1747.31005859375,1747.31005859375,1747.31005859375,1747.31005859375,0
1997-10-08,1747.0699462890625,1747.0699462890625,1747.0699462890625,1747.0699462890625,0
1997-10-09,1750.4200439453125,1750.4200439453125,1750.4200439453125,1750.4200439453125,0
1997-10-10,1752.3299560546875,1752.3299560546875,1752.3299560546875,1752.3299560546875,0
1997-10-13,1752.989990234375,1752.989990234375,1752.989990234375,1752.989990234375,0
1997-10-14,1748.449951171875,1748.449951171875,1748.449951171875,1748.449951171875,0
1997-10-15,1744.8499755859375,1744.8499755859375,1744.8499755859375,1744.8499755859375,0
1997-10-16,1724.25,1724.25,1724.25,1724.25,0
1997-10-17,1694.4300537109375,1694.4300537109375,1694.4300537109375,1694.4300537109375,0
1997-10-20,1711.6600341796875,1711.6600341796875,1711.6600341796875,1711.6600341796875,0
1997-10-21,1730.8699951171875,1730.8699951171875,1730.8699951171875,1730.8699951171875,0
1997-10-22,1728.6500244140625,1728.6500244140625,1728.6500244140625,1728.6500244140625,0
1997-10-23,1695.0699462890625,1695.0699462890625,1695.0699462890625,1695.0699462890625,0
1997-10-24,1688.6600341796875,1688.6600341796875,1688.6600341796875,1688.6600341796875,0
1997-10-27,1585.4000244140625,1585.4000244140625,1585.4000244140625,1585.4000244140625,0
1997-10-28,1621.25,1621.25,1621.25,1621.25,0
1997-10-29,1640.5899658203125,1640.5899658203125,1640.5899658203125,1640.5899658203125,0
1997-10-30,1617.469970703125,1617.469970703125,1617.469970703125,1617.469970703125,0
1997-10-31,1635.1099853515625,1635.1099853515625,1635.1099853515625,1635.1099853515625,0
1997-11-03,1664.010009765625,1664.010009765625,1664.010009765625,1664.010009765625,0
1997-11-04,1668.800048828125,1668.800048828125,1668.800048828125,1668.800048828125,0
1997-11-05,1678.4200439453125,1678.4200439453125,1678.4200439453125,1678.4200439453125,0
1997-11-06,1671.260009765625,1671.260009765625,1671.260009765625,1671.260009765625,0
1997-11-07,1642.6099853515625,1642.6099853515625,1642.6099853515625,1642.6099853515625,0
1997-11-10,1643.3699951171875,1643.3699951171875,1643.3699951171875,1643.3699951171875,0
1997-11-11,1636.0,1636.0,1636.0,1636.0,0
1997-11-12,1598.8900146484375,1598.8900146484375,1598.8900146484375,1598.8900146484375,0
1997-11-13,1598.719970703125,1598.719970703125,1598.719970703125,1598.719970703125,0
1997-11-14,1617.6099853515625,1617.6099853515625,1617.6099853515625,1617.6099853515625,0
1997-11-17,1644.8299560546875,1644.8299560546875,1644.8299560546875,1644.8299560546875,0
1997-11-18,1631.8599853515625,1631.8599853515625,1631.8599853515625,1631.8599853515625,0
1997-11-19,1626.68994140625,1626.68994140625,1626.68994140625,1626.68994140625,0
1997-11-20,1645.489990234375,1645.489990234375,1645.489990234375,1645.489990234375,0
1997-11-21,1642.989990234375,1642.989990234375,1642.989990234375,1642.989990234375,0
1997-11-24,1616.31005859375,1616.31005859375,1616.31005859375,1616.31005859375,0
1997-11-25,1612.9000244140625,1612.9000244140625,1612.9000244140625,1612.9000244140625,0
1997-11-26,1617.8399658203125,1617.8399658203125,1617.8399658203125,1617.8399658203125,0
1997-11-28,1624.530029296875,1624.530029296875,1624.530029296875,1624.530029296875,0
1997-12-01,1640.4300537109375,1640.4300537109375,1640.4300537109375,1640.4300537109375,0
1997-12-02,1634.02001953125,1634.02001953125,1634.02001953125,1634.02001953125,0
1997-12-03,1639.1300048828125,1639.1300048828125,1639.1300048828125,1639.1300048828125,0
1997-12-04,1643.0999755859375,1643.0999755859375,1643.0999755859375,1643.0999755859375,0
1997-12-05,1654.93994140625,1654.93994140625,1654.93994140625,1654.93994140625,0
1997-12-08,1669.949951171875,1669.949951171875,1669.949951171875,1669.949951171875,0
1997-12-09,1655.5799560546875,1655.5799560546875,1655.5799560546875,1655.5799560546875,0
1997-12-10,1635.56005859375,1635.56005859375,1635.56005859375,1635.56005859375,0
1997-12-11,1605.3900146484375,1605.3900146484375,1605.3900146484375,1605.3900146484375,0
1997-12-12,1597.8399658203125,1597.8399658203125,1597.8399658203125,1597.8399658203125,0
1997-12-15,1590.800048828125,1590.800048828125,1590.800048828125,1590.800048828125,0
1997-12-16,1607.7099609375,1607.7099609375,1607.7099609375,1607.7099609375,0
1997-12-17,1611.800048828125,1611.800048828125,1611.800048828125,1611.800048828125,0
1997-12-18,1589.219970703125,1589.219970703125,1589.219970703125,1589.219970703125,0
1997-12-19,1587.8599853515625,1587.8599853515625,1587.8599853515625,1587.8599853515625,0
1997-12-22,1598.8499755859375,1598.8499755859375,1598.8499755859375,1598.8499755859375,0
1997-12-23,1595.719970703125,1595.719970703125,1595.719970703125,1595.719970703125,0
1997-12-24,1591.77001953125,1591.77001953125,1591.77001953125,1591.77001953125,0
1997-12-26,1593.300048828125,1593.300048828125,1593.300048828125,1593.300048828125,0
1997-12-29,1613.5,1613.5,1613.5,1613.5,0
1997-12-30,1641.1300048828125,1641.1300048828125,1641.1300048828125,1641.1300048828125,0
1997-12-31,1652.969970703125,1652.969970703125,1652.969970703125,1652.969970703125,0
1998-01-02,1650.8900146484375,1650.8900146484375,1650.8900146484375,1650.8900146484375,0
1998-01-05,1652.77001953125,1652.77001953125,1652.77001953125,1652.77001953125,0
1998-01-06,1637.9200439453125,1637.9200439453125,1637.9200439453125,1637.9200439453125,0
1998-01-07,1625.7099609375,1625.7099609375,1625.7099609375,1625.7099609375,0
1998-01-08,1610.4200439453125,1610.4200439453125,1610.4200439453125,1610.4200439453125,0
1998-01-09,1562.530029296875,1562.530029296875,1562.530029296875,1562.530029296875,0
1998-01-12,1554.6099853515625,1554.6099853515625,1554.6099853515625,1554.6099853515625,0
1998-01-13,1583.3800048828125,1583.3800048828125,1583.3800048828125,1583.3800048828125,0
1998-01-14,1596.5899658203125,1596.5899658203125,1596.5899658203125,1596.5899658203125,0
1998-01-15,1596.1800537109375,1596.1800537109375,1596.1800537109375,1596.1800537109375,0
1998-01-16,1613.4000244140625,1613.4000244140625,1613.4000244140625,1613.4000244140625,0
1998-01-20,1632.3599853515625,1632.3599853515625,1632.3599853515625,1632.3599853515625,0
1998-01-21,1626.6400146484375,1626.6400146484375,1626.6400146484375,1626.6400146484375,0
1998-01-22,1612.8800048828125,1612.8800048828125,1612.8800048828125,1612.8800048828125,0
1998-01-23,1607.3399658203125,1607.3399658203125,1607.3399658203125,1607.3399658203125,0
1998-01-26,1592.8699951171875,1592.8699951171875,1592.8699951171875,1592.8699951171875,0
1998-01-27,1598.6099853515625,1598.6099853515625,1598.6099853515625,1598.6099853515625,0
1998-01-28,1621.280029296875,1621.280029296875,1621.280029296875,1621.280029296875,0
1998-01-29,1634.1800537109375,1634.1800537109375,1634.1800537109375,1634.1800537109375,0
1998-01-30,1626.8800048828125,1626.8800048828125,1626.8800048828125,1626.8800048828125,0
1998-02-02,1643.0999755859375,1643.0999755859375,1643.0999755859375,1643.0999755859375,0
1998-02-03,1655.530029296875,1655.530029296875,1655.530029296875,1655.530029296875,0
1998-02-04,1671.199951171875,1671.199951171875,1671.199951171875,1671.199951171875,0
1998-02-05,1679.6199951171875,1679.6199951171875,1679.6199951171875,1679.6199951171875,0
1998-02-06,1685.2099609375,1685.2099609375,1685.2099609375,1685.2099609375,0
1998-02-09,1692.0699462890625,1692.0699462890625,1692.0699462890625,1692.0699462890625,0
1998-02-10,1706.8399658203125,1706.8399658203125,1706.8399658203125,1706.8399658203125,0
1998-02-11,1710.2900390625,1710.2900390625,1710.2900390625,1710.2900390625,0
1998-02-12,1711.8299560546875,1711.8299560546875,1711.8299560546875,1711.8299560546875,0
1998-02-13,1719.06005859375,1719.06005859375,1719.06005859375,1719.06005859375,0
1998-02-17,1714.219970703125,1714.219970703125,1714.219970703125,1714.219970703125,0
1998-02-18,1720.0,1720.0,1720.0,1720.0,0
1998-02-19,1718.4300537109375,1718.4300537109375,1718.4300537109375,1718.4300537109375,0
1998-02-20,1717.6300048828125,1717.6300048828125,1717.6300048828125,1717.6300048828125,0
1998-02-23,1726.219970703125,1726.219970703125,1726.219970703125,1726.219970703125,0
1998-02-24,1718.760009765625,1718.760009765625,1718.760009765625,1718.760009765625,0
1998-02-25,1734.6400146484375,1734.6400146484375,1734.6400146484375,1734.6400146484375,0
1998-02-26,1746.3299560546875,1746.3299560546875,1746.3299560546875,1746.3299560546875,0
1998-02-27,1747.1800537109375,1747.1800537109375,1747.1800537109375,1747.1800537109375,0
1998-03-02,1745.8599853515625,1745.8599853515625,1745.8599853515625,1745.8599853515625,0
1998-03-03,1749.47998046875,1749.47998046875,1749.47998046875,1749.47998046875,0
1998-03-04,1748.27001953125,1748.27001953125,1748.27001953125,1748.27001953125,0
1998-03-05,1728.2099609375,1728.2099609375,1728.2099609375,1728.2099609375,0
1998-03-06,1754.050048828125,1754.050048828125,1754.050048828125,1754.050048828125,0
1998-03-09,1744.1099853515625,1744.1099853515625,1744.1099853515625,1744.1099853515625,0
1998-03-10,1757.1099853515625,1757.1099853515625,1757.1099853515625,1757.1099853515625,0
1998-03-11,1766.760009765625,1766.760009765625,1766.760009765625,1766.760009765625,0
1998-03-12,1769.3399658203125,1769.3399658203125,1769.3399658203125,1769.3399658203125,0
1998-03-13,1773.1500244140625,1773.1500244140625,1773.1500244140625,1773.1500244140625,0
1998-03-16,1784.31005859375,1784.31005859375,1784.31005859375,1784.31005859375,0
1998-03-17,1781.6500244140625,1781.6500244140625,1781.6500244140625,1781.6500244140625,0
1998-03-18,1786.2900390625,1786.2900390625,1786.2900390625,1786.2900390625,0
1998-03-19,1794.5,1794.5,1794.5,1794.5,0
1998-03-20,1794.47998046875,1794.47998046875,1794.47998046875,1794.47998046875,0
1998-03-23,1793.5699462890625,1793.5699462890625,1793.5699462890625,1793.5699462890625,0
1998-03-24,1802.4000244140625,1802.4000244140625,1802.4000244140625,1802.4000244140625,0
1998-03-25,1805.06005859375,1805.06005859375,1805.06005859375,1805.06005859375,0
1998-03-26,1807.9000244140625,1807.9000244140625,1807.9000244140625,1807.9000244140625,0
1998-03-27,1805.8399658203125,1805.8399658203125,1805.8399658203125,1805.8399658203125,0
1998-03-30,1802.6700439453125,1802.6700439453125,1802.6700439453125,1802.6700439453125,0
1998-03-31,1819.22998046875,1819.22998046875,1819.22998046875,1819.22998046875,0
1998-04-01,1835.4000244140625,1835.4000244140625,1835.4000244140625,1835.4000244140625,0
1998-04-02,1840.739990234375,1840.739990234375,1840.739990234375,1840.739990234375,0
1998-04-03,1838.4200439453125,1838.4200439453125,1838.4200439453125,1838.4200439453125,0
1998-04-06,1823.739990234375,1823.739990234375,1823.739990234375,1823.739990234375,0
1998-04-07,1798.9100341796875,1798.9100341796875,1798.9100341796875,1798.9100341796875,0
1998-04-08,1799.5799560546875,1799.5799560546875,1799.5799560546875,1799.5799560546875,0
1998-04-09,1817.4000244140625,1817.4000244140625,1817.4000244140625,1817.4000244140625,0
1998-04-13,1815.56005859375,1815.56005859375,1815.56005859375,1815.56005859375,0
1998-04-14,1835.510009765625,1835.510009765625,1835.510009765625,1835.510009765625,0
1998-04-15,1844.47998046875,1844.47998046875,1844.47998046875,1844.47998046875,0
1998-04-16,1834.1199951171875,1834.1199951171875,1834.1199951171875,1834.1199951171875,0
1998-04-17,1844.1300048828125,1844.1300048828125,1844.1300048828125,1844.1300048828125,0
1998-04-20,1850.56005859375,1850.56005859375,1850.56005859375,1850.56005859375,0
1998-04-21,1860.4599609375,1860.4599609375,1860.4599609375,1860.4599609375,0
1998-04-22,1859.6300048828125,1859.6300048828125,1859.6300048828125,1859.6300048828125,0
1998-04-23,1836.3599853515625,1836.3599853515625,1836.3599853515625,1836.3599853515625,0
1998-04-24,1818.7099609375,1818.7099609375,1818.7099609375,1818.7099609375,0
1998-04-27,1774.5400390625,1774.5400390625,1774.5400390625,1774.5400390625,0
1998-04-28,1789.6800537109375,1789.6800537109375,1789.6800537109375,1789.6800537109375,0
1998-04-29,1806.6600341796875,1806.6600341796875,1806.6600341796875,1806.6600341796875,0
1998-04-30,1829.300048828125,1829.300048828125,1829.300048828125,1829.300048828125,0
1998-05-01,1837.260009765625,1837.260009765625,1837.260009765625,1837.260009765625,0
1998-05-04,1839.0999755859375,1839.0999755859375,1839.0999755859375,1839.0999755859375,0
1998-05-05,1825.1700439453125,1825.1700439453125,1825.1700439453125,1825.1700439453125,0
1998-05-06,1816.6300048828125,1816.6300048828125,1816.6300048828125,1816.6300048828125,0
1998-05-07,1804.030029296875,1804.030029296875,1804.030029296875,1804.030029296875,0
1998-05-08,1817.2900390625,1817.2900390625,1817.2900390625,1817.2900390625,0
1998-05-11,1807.56005859375,1807.56005859375,1807.56005859375,1807.56005859375,0
1998-05-12,1804.4599609375,1804.4599609375,1804.4599609375,1804.4599609375,0
1998-05-13,1809.6300048828125,1809.6300048828125,1809.6300048828125,1809.6300048828125,0
1998-05-14,1802.199951171875,1802.199951171875,1802.199951171875,1802.199951171875,0
1998-05-15,1790.3900146484375,1790.3900146484375,1790.3900146484375,1790.3900146484375,0
1998-05-18,1771.9000244140625,1771.9000244140625,1771.9000244140625,1771.9000244140625,0
1998-05-19,1784.22998046875,1784.22998046875,1784.22998046875,1784.22998046875,0
1998-05-20,1775.4300537109375,1775.4300537109375,1775.4300537109375,1775.4300537109375,0
1998-05-21,1770.5,1770.5,1770.5,1770.5,0
1998-05-22,1754.699951171875,1754.699951171875,1754.699951171875,1754.699951171875,0
1998-05-26,1724.949951171875,1724.949951171875,1724.949951171875,1724.949951171875,0
1998-05-27,1706.7900390625,1706.7900390625,1706.7900390625,1706.7900390625,0
1998-05-28,1728.1400146484375,1728.1400146484375,1728.1400146484375,1728.1400146484375,0
1998-05-29,1730.780029296875,1730.780029296875,1730.780029296875,1730.780029296875,0
1998-06-01,1710.280029296875,1710.280029296875,1710.280029296875,1710.280029296875,0
1998-06-02,1705.1099853515625,1705.1099853515625,1705.1099853515625,1705.1099853515625,0
1998-06-03,1703.02001953125,1703.02001953125,1703.02001953125,1703.02001953125,0
1998-06-04,1712.9200439453125,1712.9200439453125,1712.9200439453125,1712.9200439453125,0
1998-06-05,1722.43994140625,1722.43994140625,1722.43994140625,1722.43994140625,0
1998-06-08,1730.280029296875,1730.280029296875,1730.280029296875,1730.280029296875,0
1998-06-09,1731.469970703125,1731.469970703125,1731.469970703125,1731.469970703125,0
1998-06-10,1710.3900146484375,1710.3900146484375,1710.3900146484375,1710.3900146484375,0
1998-06-11,1684.9599609375,1684.9599609375,1684.9599609375,1684.9599609375,0
1998-06-12,1675.219970703125,1675.219970703125,1675.219970703125,1675.219970703125,0
1998-06-15,1646.06005859375,1646.06005859375,1646.06005859375,1646.06005859375,0
1998-06-16,1663.1400146484375,1663.1400146484375,1663.1400146484375,1663.1400146484375,0
1998-06-17,1684.9300537109375,1684.9300537109375,1684.9300537109375,1684.9300537109375,0
1998-06-18,1668.1800537109375,1668.1800537109375,1668.1800537109375,1668.1800537109375,0
1998-06-19,1663.0799560546875,1663.0799560546875,1663.0799560546875,1663.0799560546875,0
1998-06-22,1675.1500244140625,1675.1500244140625,1675.1500244140625,1675.1500244140625,0
1998-06-23,1696.9200439453125,1696.9200439453125,1696.9200439453125,1696.9200439453125,0
1998-06-24,1712.6199951171875,1712.6199951171875,1712.6199951171875,1712.6199951171875,0
1998-06-25,1707.72998046875,1707.72998046875,1707.72998046875,1707.72998046875,0
1998-06-26,1708.6199951171875,1708.6199951171875,1708.6199951171875,1708.6199951171875,0
1998-06-29,1721.4200439453125,1721.4200439453125,1721.4200439453125,1721.4200439453125,0
1998-06-30,1734.4200439453125,1734.4200439453125,1734.4200439453125,1734.4200439453125,0
1998-07-01,1743.949951171875,1743.949951171875,1743.949951171875,1743.949951171875,0
1998-07-02,1738.18994140625,1738.18994140625,1738.18994140625,1738.18994140625,0
1998-07-06,1744.8800048828125,1744.8800048828125,1744.8800048828125,1744.8800048828125,0
1998-07-07,1741.3599853515625,1741.3599853515625,1741.3599853515625,1741.3599853515625,0
1998-07-08,1744.739990234375,1744.739990234375,1744.739990234375,1744.739990234375,0
1998-07-09,1744.949951171875,1744.949951171875,1744.949951171875,1744.949951171875,0
1998-07-10,1739.030029296875,1739.030029296875,1739.030029296875,1739.030029296875,0
1998-07-13,1740.4200439453125,1740.4200439453125,1740.4200439453125,1740.4200439453125,0
1998-07-14,1742.8399658203125,1742.8399658203125,1742.8399658203125,1742.8399658203125,0
1998-07-15,1752.72998046875,1752.72998046875,1752.72998046875,1752.72998046875,0
1998-07-16,1759.1800537109375,1759.1800537109375,1759.1800537109375,1759.1800537109375,0
1998-07-17,1754.4300537109375,1754.4300537109375,1754.4300537109375,1754.4300537109375,0
1998-07-20,1753.010009765625,1753.010009765625,1753.010009765625,1753.010009765625,0
1998-07-21,1731.56005859375,1731.56005859375,1731.56005859375,1731.56005859375,0
1998-07-22,1711.5799560546875,1711.5799560546875,1711.5799560546875,1711.5799560546875,0
1998-07-23,1679.050048828125,1679.050048828125,1679.050048828125,1679.050048828125,0
1998-07-24,1664.6400146484375,1664.6400146484375,1664.6400146484375,1664.6400146484375,0
1998-07-27,1644.02001953125,1644.02001953125,1644.02001953125,1644.02001953125,0
1998-07-28,1622.530029296875,1622.530029296875,1622.530029296875,1622.530029296875,0
1998-07-29,1617.449951171875,1617.449951171875,1617.449951171875,1617.449951171875,0
1998-07-30,1630.3699951171875,1630.3699951171875,1630.3699951171875,1630.3699951171875,0
1998-07-31,1594.010009765625,1594.010009765625,1594.010009765625,1594.010009765625,0
1998-08-03,1569.5999755859375,1569.5999755859375,1569.5999755859375,1569.5999755859375,0
1998-08-04,1525.1300048828125,1525.1300048828125,1525.1300048828125,1525.1300048828125,0
1998-08-05,1514.0400390625,1514.0400390625,1514.0400390625,1514.0400390625,0
1998-08-06,1544.199951171875,1544.199951171875,1544.199951171875,1544.199951171875,0
1998-08-07,1579.1500244140625,1579.1500244140625,1579.1500244140625,1579.1500244140625,0
1998-08-10,1563.280029296875,1563.280029296875,1563.280029296875,1563.280029296875,0
1998-08-11,1521.3299560546875,1521.3299560546875,1521.3299560546875,1521.3299560546875,0
1998-08-12,1551.9000244140625,1551.9000244140625,1551.9000244140625,1551.9000244140625,0
1998-08-13,1534.0400390625,1534.0400390625,1534.0400390625,1534.0400390625,0
1998-08-14,1529.8299560546875,1529.8299560546875,1529.8299560546875,1529.8299560546875,0
1998-08-17,1534.239990234375,1534.239990234375,1534.239990234375,1534.239990234375,0
1998-08-18,1562.0400390625,1562.0400390625,1562.0400390625,1562.0400390625,0
1998-08-19,1541.510009765625,1541.510009765625,1541.510009765625,1541.510009765625,0
1998-08-20,1526.18994140625,1526.18994140625,1526.18994140625,1526.18994140625,0
1998-08-21,1503.300048828125,1503.300048828125,1503.300048828125,1503.300048828125,0
1998-08-24,1495.8399658203125,1495.8399658203125,1495.8399658203125,1495.8399658203125,0
1998-08-25,1480.81005859375,1480.81005859375,1480.81005859375,1480.81005859375,0
1998-08-26,1445.47998046875,1445.47998046875,1445.47998046875,1445.47998046875,0
1998-08-27,1390.8199462890625,1390.8199462890625,1390.8199462890625,1390.8199462890625,0
1998-08-28,1362.449951171875,1362.449951171875,1362.449951171875,1362.449951171875,0
1998-08-31,1284.489990234375,1284.489990234375,1284.489990234375,1284.489990234375,0
1998-09-01,1323.0999755859375,1323.0999755859375,1323.0999755859375,1323.0999755859375,0
1998-09-02,1340.449951171875,1340.449951171875,1340.449951171875,1340.449951171875,0
1998-09-03,1316.010009765625,1316.010009765625,1316.010009765625,1316.010009765625,0
1998-09-04,1318.989990234375,1318.989990234375,1318.989990234375,1318.989990234375,0
1998-09-08,1375.8199462890625,1375.8199462890625,1375.8199462890625,1375.8199462890625,0
1998-09-09,1340.6600341796875,1340.6600341796875,1340.6600341796875,1340.6600341796875,0
1998-09-10,1311.3399658203125,1311.3399658203125,1311.3399658203125,1311.3399658203125,0
1998-09-11,1344.4100341796875,1344.4100341796875,1344.4100341796875,1344.4100341796875,0
1998-09-14,1360.300048828125,1360.300048828125,1360.300048828125,1360.300048828125,0
1998-09-15,1360.31005859375,1360.31005859375,1360.31005859375,1360.31005859375,0
1998-09-16,1369.1600341796875,1369.1600341796875,1369.1600341796875,1369.1600341796875,0
1998-09-17,1351.7099609375,1351.7099609375,1351.7099609375,1351.7099609375,0
1998-09-18,1381.9000244140625,1381.9000244140625,1381.9000244140625,1381.9000244140625,0
1998-09-21,1379.530029296875,1379.530029296875,1379.530029296875,1379.530029296875,0
1998-09-22,1400.9300537109375,1400.9300537109375,1400.9300537109375,1400.9300537109375,0
1998-09-23,1430.760009765625,1430.760009765625,1430.760009765625,1430.760009765625,0
1998-09-24,1408.8399658203125,1408.8399658203125,1408.8399658203125,1408.8399658203125,0
1998-09-25,1404.280029296875,1404.280029296875,1404.280029296875,1404.280029296875,0
1998-09-28,1401.3699951171875,1401.3699951171875,1401.3699951171875,1401.3699951171875,0
1998-09-29,1392.93994140625,1392.93994140625,1392.93994140625,1392.93994140625,0
1998-09-30,1385.010009765625,1385.010009765625,1385.010009765625,1385.010009765625,0
1998-10-01,1333.739990234375,1333.739990234375,1333.739990234375,1333.739990234375,0
1998-10-02,1332.9599609375,1332.9599609375,1332.9599609375,1332.9599609375,0
1998-10-05,1283.6700439453125,1283.6700439453125,1283.6700439453125,1283.6700439453125,0
1998-10-06,1267.300048828125,1267.300048828125,1267.300048828125,1267.300048828125,0
1998-10-07,1228.06005859375,1228.06005859375,1228.06005859375,1228.06005859375,0
1998-10-08,1182.1199951171875,1182.1199951171875,1182.1199951171875,1182.1199951171875,0
1998-10-09,1212.8699951171875,1212.8699951171875,1212.8699951171875,1212.8699951171875,0
1998-10-12,1240.469970703125,1240.469970703125,1240.469970703125,1240.469970703125,0
1998-10-13,1220.7900390625,1220.7900390625,1220.7900390625,1220.7900390625,0
1998-10-14,1238.52001953125,1238.52001953125,1238.52001953125,1238.52001953125,0
1998-10-15,1276.25,1276.25,1276.25,1276.25,0
1998-10-16,1307.2900390625,1307.2900390625,1307.2900390625,1307.2900390625,0
1998-10-19,1343.6500244140625,1343.6500244140625,1343.6500244140625,1343.6500244140625,0
1998-10-20,1365.8199462890625,1365.8199462890625,1365.8199462890625,1365.8199462890625,0
1998-10-21,1372.1500244140625,1372.1500244140625,1372.1500244140625,1372.1500244140625,0
1998-10-22,1396.72998046875,1396.72998046875,1396.72998046875,1396.72998046875,0
1998-10-23,1399.050048828125,1399.050048828125,1399.050048828125,1399.050048828125,0
1998-10-26,1417.9100341796875,1417.9100341796875,1417.9100341796875,1417.9100341796875,0
1998-10-27,1415.5899658203125,1415.5899658203125,1415.5899658203125,1415.5899658203125,0
1998-10-28,1415.699951171875,1415.699951171875,1415.699951171875,1415.699951171875,0
1998-10-29,1427.1099853515625,1427.1099853515625,1427.1099853515625,1427.1099853515625,0
1998-10-30,1441.5,1441.5,1441.5,1441.5,0
1998-11-02,1474.050048828125,1474.050048828125,1474.050048828125,1474.050048828125,0
1998-11-03,1476.8199462890625,1476.8199462890625,1476.8199462890625,1476.8199462890625,0
1998-11-04,1497.6199951171875,1497.6199951171875,1497.6199951171875,1497.6199951171875,0
1998-11-05,1512.239990234375,1512.239990234375,1512.239990234375,1512.239990234375,0
1998-11-06,1525.6099853515625,1525.6099853515625,1525.6099853515625,1525.6099853515625,0
1998-11-09,1518.27001953125,1518.27001953125,1518.27001953125,1518.27001953125,0
1998-11-10,1512.5799560546875,1512.5799560546875,1512.5799560546875,1512.5799560546875,0
1998-11-11,1499.8399658203125,1499.8399658203125,1499.8399658203125,1499.8399658203125,0
1998-11-12,1495.1400146484375,1495.1400146484375,1495.1400146484375,1495.1400146484375,0
1998-11-13,1484.5,1484.5,1484.5,1484.5,0
1998-11-16,1488.7900390625,1488.7900390625,1488.7900390625,1488.7900390625,0
1998-11-17,1484.8900146484375,1484.8900146484375,1484.8900146484375,1484.8900146484375,0
1998-11-18,1494.9300537109375,1494.9300537109375,1494.9300537109375,1494.9300537109375,0
1998-11-19,1503.52001953125,1503.52001953125,1503.52001953125,1503.52001953125,0
1998-11-20,1503.56005859375,1503.56005859375,1503.56005859375,1503.56005859375,0
1998-11-23,1518.030029296875,1518.030029296875,1518.030029296875,1518.030029296875,0
1998-11-24,1512.3199462890625,1512.3199462890625,1512.3199462890625,1512.3199462890625,0
1998-11-25,1522.780029296875,1522.780029296875,1522.780029296875,1522.780029296875,0
1998-11-27,1533.0999755859375,1533.0999755859375,1533.0999755859375,1533.0999755859375,0
1998-11-30,1517.02001953125,1517.02001953125,1517.02001953125,1517.02001953125,0
1998-12-01,1520.780029296875,1520.780029296875,1520.780029296875,1520.780029296875,0
1998-12-02,1516.22998046875,1516.22998046875,1516.22998046875,1516.22998046875,0
1998-12-03,1506.760009765625,1506.760009765625,1506.760009765625,1506.760009765625,0
1998-12-04,1519.6199951171875,1519.6199951171875,1519.6199951171875,1519.6199951171875,0
1998-12-07,1530.56005859375,1530.56005859375,1530.56005859375,1530.56005859375,0
1998-12-08,1531.760009765625,1531.760009765625,1531.760009765625,1531.760009765625,0
1998-12-09,1533.8499755859375,1533.8499755859375,1533.8499755859375,1533.8499755859375,0
1998-12-10,1512.9300537109375,1512.9300537109375,1512.9300537109375,1512.9300537109375,0
1998-12-11,1508.6800537109375,1508.6800537109375,1508.6800537109375,1508.6800537109375,0
1998-12-14,1480.27001953125,1480.27001953125,1480.27001953125,1480.27001953125,0
1998-12-15,1486.510009765625,1486.510009765625,1486.510009765625,1486.510009765625,0
1998-12-16,1487.719970703125,1487.719970703125,1487.719970703125,1487.719970703125,0
1998-12-17,1502.8299560546875,1502.8299560546875,1502.8299560546875,1502.8299560546875,0
1998-12-18,1516.739990234375,1516.739990234375,1516.739990234375,1516.739990234375,0
1998-12-21,1533.1300048828125,1533.1300048828125,1533.1300048828125,1533.1300048828125,0
1998-12-22,1526.93994140625,1526.93994140625,1526.93994140625,1526.93994140625,0
1998-12-23,1544.3900146484375,1544.3900146484375,1544.3900146484375,1544.3900146484375,0
1998-12-24,1547.3699951171875,1547.3699951171875,1547.3699951171875,1547.3699951171875,0
1998-12-28,1557.5,1557.5,1557.5,1557.5,0
1998-12-29,1566.3699951171875,1566.3699951171875,1566.3699951171875,1566.3699951171875,0
1998-12-30,1572.4599609375,1572.4599609375,1572.4599609375,1572.4599609375,0
1998-12-31,1610.8900146484375,1610.8900146484375,1610.8900146484375,1610.8900146484375,0
1999-01-04,1608.4200439453125,1608.4200439453125,1608.4200439453125,1608.4200439453125,0
1999-01-05,1611.6600341796875,1611.6600341796875,1611.6600341796875,1611.6600341796875,0
1999-01-06,1633.43994140625,1633.43994140625,1633.43994140625,1633.43994140625,0
1999-01-07,1634.1800537109375,1634.1800537109375,1634.1800537109375,1634.1800537109375,0
1999-01-08,1647.219970703125,1647.219970703125,1647.219970703125,1647.219970703125,0
1999-01-11,1655.0699462890625,1655.0699462890625,1655.0699462890625,1655.0699462890625,0
1999-01-12,1633.0899658203125,1633.0899658203125,1633.0899658203125,1633.0899658203125,0
1999-01-13,1623.3299560546875,1623.3299560546875,1623.3299560546875,1623.3299560546875,0
1999-01-14,1604.989990234375,1604.989990234375,1604.989990234375,1604.989990234375,0
1999-01-15,1631.1199951171875,1631.1199951171875,1631.1199951171875,1631.1199951171875,0
1999-01-19,1646.3699951171875,1646.3699951171875,1646.3699951171875,1646.3699951171875,0
1999-01-20,1645.18994140625,1645.18994140625,1645.18994140625,1645.18994140625,0
1999-01-21,1620.0799560546875,1620.0799560546875,1620.0799560546875,1620.0799560546875,0
1999-01-22,1613.989990234375,1613.989990234375,1613.989990234375,1613.989990234375,0
1999-01-25,1612.4599609375,1612.4599609375,1612.4599609375,1612.4599609375,0
1999-01-26,1624.699951171875,1624.699951171875,1624.699951171875,1624.699951171875,0
1999-01-27,1608.739990234375,1608.739990234375,1608.739990234375,1608.739990234375,0
1999-01-28,1619.7900390625,1619.7900390625,1619.7900390625,1619.7900390625,0
1999-01-29,1632.300048828125,1632.300048828125,1632.300048828125,1632.300048828125,0
1999-02-01,1628.06005859375,1628.06005859375,1628.06005859375,1628.06005859375,0
1999-02-02,1611.5799560546875,1611.5799560546875,1611.5799560546875,1611.5799560546875,0
1999-02-03,1619.25,1619.25,1619.25,1619.25,0
1999-02-04,1596.81005859375,1596.81005859375,1596.81005859375,1596.81005859375,0
1999-02-05,1577.8499755859375,1577.8499755859375,1577.8499755859375,1577.8499755859375,0
1999-02-08,1572.3199462890625,1572.3199462890625,1572.3199462890625,1572.3199462890625,0
1999-02-09,1540.9100341796875,1540.9100341796875,1540.9100341796875,1540.9100341796875,0
1999-02-10,1521.6700439453125,1521.6700439453125,1521.6700439453125,1521.6700439453125,0
1999-02-11,1552.9599609375,1552.9599609375,1552.9599609375,1552.9599609375,0
1999-02-12,1523.0,1523.0,1523.0,1523.0,0
1999-02-16,1515.9200439453125,1515.9200439453125,1515.9200439453125,1515.9200439453125,0
1999-02-17,1489.9200439453125,1489.9200439453125,1489.9200439453125,1489.9200439453125,0
1999-02-18,1495.6400146484375,1495.6400146484375,1495.6400146484375,1495.6400146484375,0
1999-02-19,1500.4100341796875,1500.4100341796875,1500.4100341796875,1500.4100341796875,0
1999-02-22,1521.2900390625,1521.2900390625,1521.2900390625,1521.2900390625,0
1999-02-23,1525.75,1525.75,1525.75,1525.75,0
1999-02-24,1511.2900390625,1511.2900390625,1511.2900390625,1511.2900390625,0
1999-02-25,1501.8800048828125,1501.8800048828125,1501.8800048828125,1501.8800048828125,0
1999-02-26,1500.0899658203125,1500.0899658203125,1500.0899658203125,1500.0899658203125,0
1999-03-01,1508.219970703125,1508.219970703125,1508.219970703125,1508.219970703125,0
1999-03-02,1508.3900146484375,1508.3900146484375,1508.3900146484375,1508.3900146484375,0
1999-03-03,1499.1500244140625,1499.1500244140625,1499.1500244140625,1499.1500244140625,0
1999-03-04,1507.1600341796875,1507.1600341796875,1507.1600341796875,1507.1600341796875,0
1999-03-05,1522.300048828125,1522.300048828125,1522.300048828125,1522.300048828125,0
1999-03-08,1530.0699462890625,1530.0699462890625,1530.0699462890625,1530.0699462890625,0
1999-03-09,1527.199951171875,1527.199951171875,1527.199951171875,1527.199951171875,0
1999-03-10,1534.7900390625,1534.7900390625,1534.7900390625,1534.7900390625,0
1999-03-11,1534.8699951171875,1534.8699951171875,1534.8699951171875,1534.8699951171875,0
1999-03-12,1524.699951171875,1524.699951171875,1524.699951171875,1524.699951171875,0
1999-03-15,1534.1400146484375,1534.1400146484375,1534.1400146484375,1534.1400146484375,0
1999-03-16,1527.72998046875,1527.72998046875,1527.72998046875,1527.72998046875,0
1999-03-17,1525.0400390625,1525.0400390625,1525.0400390625,1525.0400390625,0
1999-03-18,1529.3800048828125,1529.3800048828125,1529.3800048828125,1529.3800048828125,0
1999-03-19,1517.989990234375,1517.989990234375,1517.989990234375,1517.989990234375,0
1999-03-22,1504.93994140625,1504.93994140625,1504.93994140625,1504.93994140625,0
1999-03-23,1467.5400390625,1467.5400390625,1467.5400390625,1467.5400390625,0
1999-03-24,1471.8399658203125,1471.8399658203125,1471.8399658203125,1471.8399658203125,0
1999-03-25,1504.6700439453125,1504.6700439453125,1504.6700439453125,1504.6700439453125,0
1999-03-26,1508.3900146484375,1508.3900146484375,1508.3900146484375,1508.3900146484375,0
1999-03-29,1531.3599853515625,1531.3599853515625,1531.3599853515625,1531.3599853515625,0
1999-03-30,1527.7900390625,1527.7900390625,1527.7900390625,1527.7900390625,0
1999-03-31,1523.510009765625,1523.510009765625,1523.510009765625,1523.510009765625,0
1999-04-01,1527.77001953125,1527.77001953125,1527.77001953125,1527.77001953125,0
1999-04-05,1541.3199462890625,1541.3199462890625,1541.3199462890625,1541.3199462890625,0
1999-04-06,1536.68994140625,1536.68994140625,1536.68994140625,1536.68994140625,0
1999-04-07,1524.18994140625,1524.18994140625,1524.18994140625,1524.18994140625,0
1999-04-08,1532.4200439453125,1532.4200439453125,1532.4200439453125,1532.4200439453125,0
1999-04-09,1555.260009765625,1555.260009765625,1555.260009765625,1555.260009765625,0
1999-04-12,1580.02001953125,1580.02001953125,1580.02001953125,1580.02001953125,0
1999-04-13,1599.0999755859375,1599.0999755859375,1599.0999755859375,1599.0999755859375,0
1999-04-14,1599.8599853515625,1599.8599853515625,1599.8599853515625,1599.8599853515625,0
1999-04-15,1601.0699462890625,1601.0699462890625,1601.0699462890625,1601.0699462890625,0
1999-04-16,1616.050048828125,1616.050048828125,1616.050048828125,1616.050048828125,0
1999-04-19,1581.030029296875,1581.030029296875,1581.030029296875,1581.030029296875,0
1999-04-20,1592.3199462890625,1592.3199462890625,1592.3199462890625,1592.3199462890625,0
1999-04-21,1635.22998046875,1635.22998046875,1635.22998046875,1635.22998046875,0
1999-04-22,1643.81005859375,1643.81005859375,1643.81005859375,1643.81005859375,0
1999-04-23,1655.0799560546875,1655.0799560546875,1655.0799560546875,1655.0799560546875,0
1999-04-26,1667.52001953125,1667.52001953125,1667.52001953125,1667.52001953125,0
1999-04-27,1668.2900390625,1668.2900390625,1668.2900390625,1668.2900390625,0
1999-04-28,1662.3800048828125,1662.3800048828125,1662.3800048828125,1662.3800048828125,0
1999-04-29,1660.3599853515625,1660.3599853515625,1660.3599853515625,1660.3599853515625,0
1999-04-30,1660.030029296875,1660.030029296875,1660.030029296875,1660.030029296875,0
1999-05-03,1661.8399658203125,1661.8399658203125,1661.8399658203125,1661.8399658203125,0
1999-05-04,1659.22998046875,1659.22998046875,1659.22998046875,1659.22998046875,0
1999-05-05,1665.800048828125,1665.800048828125,1665.800048828125,1665.800048828125,0
1999-05-06,1662.4300537109375,1662.4300537109375,1662.4300537109375,1662.4300537109375,0
1999-05-07,1672.949951171875,1672.949951171875,1672.949951171875,1672.949951171875,0
1999-05-10,1695.1400146484375,1695.1400146484375,1695.1400146484375,1695.1400146484375,0
1999-05-11,1714.1500244140625,1714.1500244140625,1714.1500244140625,1714.1500244140625,0
1999-05-12,1723.739990234375,1723.739990234375,1723.739990234375,1723.739990234375,0
1999-05-13,1730.0899658203125,1730.0899658203125,1730.0899658203125,1730.0899658203125,0
1999-05-14,1700.6199951171875,1700.6199951171875,1700.6199951171875,1700.6199951171875,0
1999-05-17,1693.6800537109375,1693.6800537109375,1693.6800537109375,1693.6800537109375,0
1999-05-18,1698.1800537109375,1698.1800537109375,1698.1800537109375,1698.1800537109375,0
1999-05-19,1712.5,1712.5,1712.5,1712.5,0
1999-05-20,1719.7099609375,1719.7099609375,1719.7099609375,1719.7099609375,0
1999-05-21,1723.8599853515625,1723.8599853515625,1723.8599853515625,1723.8599853515625,0
1999-05-24,1690.4100341796875,1690.4100341796875,1690.4100341796875,1690.4100341796875,0
1999-05-25,1667.6199951171875,1667.6199951171875,1667.6199951171875,1667.6199951171875,0
1999-05-26,1671.3299560546875,1671.3299560546875,1671.3299560546875,1671.3299560546875,0
1999-05-27,1661.97998046875,1661.97998046875,1661.97998046875,1661.97998046875,0
1999-05-28,1684.280029296875,1684.280029296875,1684.280029296875,1684.280029296875,0
1999-06-01,1679.5799560546875,1679.5799560546875,1679.5799560546875,1679.5799560546875,0
1999-06-02,1676.969970703125,1676.969970703125,1676.969970703125,1676.969970703125,0
1999-06-03,1674.1300048828125,1674.1300048828125,1674.1300048828125,1674.1300048828125,0
1999-06-04,1698.510009765625,1698.510009765625,1698.510009765625,1698.510009765625,0
1999-06-07,1715.9100341796875,1715.9100341796875,1715.9100341796875,1715.9100341796875,0
1999-06-08,1704.739990234375,1704.739990234375,1704.739990234375,1704.739990234375,0
1999-06-09,1709.780029296875,1709.780029296875,1709.780029296875,1709.780029296875,0
1999-06-10,1698.469970703125,1698.469970703125,1698.469970703125,1698.469970703125,0
1999-06-11,1682.5,1682.5,1682.5,1682.5,0
1999-06-14,1657.6500244140625,1657.6500244140625,1657.6500244140625,1657.6500244140625,0
1999-06-15,1666.760009765625,1666.760009765625,1666.760009765625,1666.760009765625,0
1999-06-16,1694.97998046875,1694.97998046875,1694.97998046875,1694.97998046875,0
1999-06-17,1703.43994140625,1703.43994140625,1703.43994140625,1703.43994140625,0
1999-06-18,1709.8699951171875,1709.8699951171875,1709.8699951171875,1709.8699951171875,0
1999-06-21,1726.719970703125,1726.719970703125,1726.719970703125,1726.719970703125,0
1999-06-22,1718.6700439453125,1718.6700439453125,1718.6700439453125,1718.6700439453125,0
1999-06-23,1717.719970703125,1717.719970703125,1717.719970703125,1717.719970703125,0
1999-06-24,1702.93994140625,1702.93994140625,1702.93994140625,1702.93994140625,0
1999-06-25,1702.8399658203125,1702.8399658203125,1702.8399658203125,1702.8399658203125,0
1999-06-28,1724.4200439453125,1724.4200439453125,1724.4200439453125,1724.4200439453125,0
1999-06-29,1745.6400146484375,1745.6400146484375,1745.6400146484375,1745.6400146484375,0
1999-06-30,1760.43994140625,1760.43994140625,1760.43994140625,1760.43994140625,0
1999-07-01,1747.77001953125,1747.77001953125,1747.77001953125,1747.77001953125,0
1999-07-02,1755.719970703125,1755.719970703125,1755.719970703125,1755.719970703125,0
1999-07-06,1755.8599853515625,1755.8599853515625,1755.8599853515625,1755.8599853515625,0
1999-07-07,1741.199951171875,1741.199951171875,1741.199951171875,1741.199951171875,0
1999-07-08,1749.25,1749.25,1749.25,1749.25,0
1999-07-09,1761.780029296875,1761.780029296875,1761.780029296875,1761.780029296875,0
1999-07-12,1766.8399658203125,1766.8399658203125,1766.8399658203125,1766.8399658203125,0
1999-07-13,1762.3299560546875,1762.3299560546875,1762.3299560546875,1762.3299560546875,0
1999-07-14,1775.3800048828125,1775.3800048828125,1775.3800048828125,1775.3800048828125,0
1999-07-15,1792.030029296875,1792.030029296875,1792.030029296875,1792.030029296875,0
1999-07-16,1789.9100341796875,1789.9100341796875,1789.9100341796875,1789.9100341796875,0
1999-07-19,1775.0699462890625,1775.0699462890625,1775.0699462890625,1775.0699462890625,0
1999-07-20,1745.02001953125,1745.02001953125,1745.02001953125,1745.02001953125,0
1999-07-21,1749.22998046875,1749.22998046875,1749.22998046875,1749.22998046875,0
1999-07-22,1737.2099609375,1737.2099609375,1737.2099609375,1737.2099609375,0
1999-07-23,1725.3199462890625,1725.3199462890625,1725.3199462890625,1725.3199462890625,0
1999-07-26,1704.280029296875,1704.280029296875,1704.280029296875,1704.280029296875,0
1999-07-27,1718.18994140625,1718.18994140625,1718.18994140625,1718.18994140625,0
1999-07-28,1718.800048828125,1718.800048828125,1718.800048828125,1718.800048828125,0
1999-07-29,1699.8199462890625,1699.8199462890625,1699.8199462890625,1699.8199462890625,0
1999-07-30,1712.1400146484375,1712.1400146484375,1712.1400146484375,1712.1400146484375,0
1999-08-02,1703.8900146484375,1703.8900146484375,1703.8900146484375,1703.8900146484375,0
1999-08-03,1679.6199951171875,1679.6199951171875,1679.6199951171875,1679.6199951171875,0
1999-08-04,1654.300048828125,1654.300048828125,1654.300048828125,1654.300048828125,0
1999-08-05,1654.510009765625,1654.510009765625,1654.510009765625,1654.510009765625,0
1999-08-06,1648.1600341796875,1648.1600341796875,1648.1600341796875,1648.1600341796875,0
1999-08-09,1639.97998046875,1639.97998046875,1639.97998046875,1639.97998046875,0
1999-08-10,1628.22998046875,1628.22998046875,1628.22998046875,1628.22998046875,0
1999-08-11,1649.199951171875,1649.199951171875,1649.199951171875,1649.199951171875,0
1999-08-12,1651.5899658203125,1651.5899658203125,1651.5899658203125,1651.5899658203125,0
1999-08-13,1671.699951171875,1671.699951171875,1671.699951171875,1671.699951171875,0
1999-08-16,1671.030029296875,1671.030029296875,1671.030029296875,1671.030029296875,0
1999-08-17,1679.3499755859375,1679.3499755859375,1679.3499755859375,1679.3499755859375,0
1999-08-18,1668.469970703125,1668.469970703125,1668.469970703125,1668.469970703125,0
1999-08-19,1667.1300048828125,1667.1300048828125,1667.1300048828125,1667.1300048828125,0
1999-08-20,1673.52001953125,1673.52001953125,1673.52001953125,1673.52001953125,0
1999-08-23,1684.4100341796875,1684.4100341796875,1684.4100341796875,1684.4100341796875,0
1999-08-24,1684.0,1684.0,1684.0,1684.0,0
1999-08-25,1687.050048828125,1687.050048828125,1687.050048828125,1687.050048828125,0
1999-08-26,1679.9599609375,1679.9599609375,1679.9599609375,1679.9599609375,0
1999-08-27,1666.3499755859375,1666.3499755859375,1666.3499755859375,1666.3499755859375,0
1999-08-30,1646.9599609375,1646.9599609375,1646.9599609375,1646.9599609375,0
1999-08-31,1648.77001953125,1648.77001953125,1648.77001953125,1648.77001953125,0
1999-09-01,1661.18994140625,1661.18994140625,1661.18994140625,1661.18994140625,0
1999-09-02,1647.56005859375,1647.56005859375,1647.56005859375,1647.56005859375,0
1999-09-03,1680.25,1680.25,1680.25,1680.25,0
1999-09-07,1689.1600341796875,1689.1600341796875,1689.1600341796875,1689.1600341796875,0
1999-09-08,1680.4599609375,1680.4599609375,1680.4599609375,1680.4599609375,0
1999-09-09,1687.5799560546875,1687.5799560546875,1687.5799560546875,1687.5799560546875,0
1999-09-10,1700.6400146484375,1700.6400146484375,1700.6400146484375,1700.6400146484375,0
1999-09-13,1695.1500244140625,1695.1500244140625,1695.1500244140625,1695.1500244140625,0
1999-09-14,1689.6800537109375,1689.6800537109375,1689.6800537109375,1689.6800537109375,0
1999-09-15,1682.52001953125,1682.52001953125,1682.52001953125,1682.52001953125,0
1999-09-16,1659.239990234375,1659.239990234375,1659.239990234375,1659.239990234375,0
1999-09-17,1675.449951171875,1675.449951171875,1675.449951171875,1675.449951171875,0
1999-09-20,1670.5400390625,1670.5400390625,1670.5400390625,1670.5400390625,0
1999-09-21,1644.77001953125,1644.77001953125,1644.77001953125,1644.77001953125,0
1999-09-22,1648.949951171875,1648.949951171875,1648.949951171875,1648.949951171875,0
1999-09-23,1620.780029296875,1620.780029296875,1620.780029296875,1620.780029296875,0
1999-09-24,1608.7900390625,1608.7900390625,1608.7900390625,1608.7900390625,0
1999-09-27,1627.2099609375,1627.2099609375,1627.2099609375,1627.2099609375,0
1999-09-28,1614.780029296875,1614.780029296875,1614.780029296875,1614.780029296875,0
1999-09-29,1626.5699462890625,1626.5699462890625,1626.5699462890625,1626.5699462890625,0
1999-09-30,1649.1300048828125,1649.1300048828125,1649.1300048828125,1649.1300048828125,0
1999-10-01,1634.52001953125,1634.52001953125,1634.52001953125,1634.52001953125,0
1999-10-04,1646.4000244140625,1646.4000244140625,1646.4000244140625,1646.4000244140625,0
1999-10-05,1644.050048828125,1644.050048828125,1644.050048828125,1644.050048828125,0
1999-10-06,1658.8800048828125,1658.8800048828125,1658.8800048828125,1658.8800048828125,0
1999-10-07,1652.4599609375,1652.4599609375,1652.4599609375,1652.4599609375,0
1999-10-08,1650.9200439453125,1650.9200439453125,1650.9200439453125,1650.9200439453125,0
1999-10-11,1660.52001953125,1660.52001953125,1660.52001953125,1660.52001953125,0
1999-10-12,1639.449951171875,1639.449951171875,1639.449951171875,1639.449951171875,0
1999-10-13,1618.969970703125,1618.969970703125,1618.969970703125,1618.969970703125,0
1999-10-14,1619.030029296875,1619.030029296875,1619.030029296875,1619.030029296875,0
1999-10-15,1601.050048828125,1601.050048828125,1601.050048828125,1601.050048828125,0
1999-10-18,1578.780029296875,1578.780029296875,1578.780029296875,1578.780029296875,0
1999-10-19,1586.75,1586.75,1586.75,1586.75,0
1999-10-20,1598.2900390625,1598.2900390625,1598.2900390625,1598.2900390625,0
1999-10-21,1599.68994140625,1599.68994140625,1599.68994140625,1599.68994140625,0
1999-10-22,1616.77001953125,1616.77001953125,1616.77001953125,1616.77001953125,0
1999-10-25,1613.219970703125,1613.219970703125,1613.219970703125,1613.219970703125,0
1999-10-26,1605.56005859375,1605.56005859375,1605.56005859375,1605.56005859375,0
1999-10-27,1609.739990234375,1609.739990234375,1609.739990234375,1609.739990234375,0
1999-10-28,1633.030029296875,1633.030029296875,1633.030029296875,1633.030029296875,0
1999-10-29,1655.81005859375,1655.81005859375,1655.81005859375,1655.81005859375,0
1999-11-01,1667.9000244140625,1667.9000244140625,1667.9000244140625,1667.9000244140625,0
1999-11-02,1670.1099853515625,1670.1099853515625,1670.1099853515625,1670.1099853515625,0
1999-11-03,1693.9200439453125,1693.9200439453125,1693.9200439453125,1693.9200439453125,0
1999-11-04,1699.510009765625,1699.510009765625,1699.510009765625,1699.510009765625,0
1999-11-05,1709.239990234375,1709.239990234375,1709.239990234375,1709.239990234375,0
1999-11-08,1719.6400146484375,1719.6400146484375,1719.6400146484375,1719.6400146484375,0
1999-11-09,1724.4000244140625,1724.4000244140625,1724.4000244140625,1724.4000244140625,0
1999-11-10,1734.0799560546875,1734.0799560546875,1734.0799560546875,1734.0799560546875,0
1999-11-11,1729.4000244140625,1729.4000244140625,1729.4000244140625,1729.4000244140625,0
1999-11-12,1737.8299560546875,1737.8299560546875,1737.8299560546875,1737.8299560546875,0
1999-11-15,1750.43994140625,1750.43994140625,1750.43994140625,1750.43994140625,0
1999-11-16,1765.739990234375,1765.739990234375,1765.739990234375,1765.739990234375,0
1999-11-17,1765.800048828125,1765.800048828125,1765.800048828125,1765.800048828125,0
1999-11-18,1784.9599609375,1784.9599609375,1784.9599609375,1784.9599609375,0
1999-11-19,1781.9100341796875,1781.9100341796875,1781.9100341796875,1781.9100341796875,0
1999-11-22,1780.1600341796875,1780.1600341796875,1780.1600341796875,1780.1600341796875,0
1999-11-23,1755.72998046875,1755.72998046875,1755.72998046875,1755.72998046875,0
1999-11-24,1761.510009765625,1761.510009765625,1761.510009765625,1761.510009765625,0
1999-11-26,1773.0400390625,1773.0400390625,1773.0400390625,1773.0400390625,0
1999-11-29,1765.9100341796875,1765.9100341796875,1765.9100341796875,1765.9100341796875,0
1999-11-30,1754.6800537109375,1754.6800537109375,1754.6800537109375,1754.6800537109375,0
1999-12-01,1753.25,1753.25,1753.25,1753.25,0
1999-12-02,1779.3599853515625,1779.3599853515625,1779.3599853515625,1779.3599853515625,0
1999-12-03,1795.4300537109375,1795.4300537109375,1795.4300537109375,1795.4300537109375,0
1999-12-06,1800.06005859375,1800.06005859375,1800.06005859375,1800.06005859375,0
1999-12-07,1800.030029296875,1800.030029296875,1800.030029296875,1800.030029296875,0
1999-12-08,1812.1600341796875,1812.1600341796875,1812.1600341796875,1812.1600341796875,0
1999-12-09,1796.989990234375,1796.989990234375,1796.989990234375,1796.989990234375,0
1999-12-10,1803.949951171875,1803.949951171875,1803.949951171875,1803.949951171875,0
1999-12-13,1818.5699462890625,1818.5699462890625,1818.5699462890625,1818.5699462890625,0
1999-12-14,1788.9200439453125,1788.9200439453125,1788.9200439453125,1788.9200439453125,0
1999-12-15,1784.02001953125,1784.02001953125,1784.02001953125,1784.02001953125,0
1999-12-16,1799.5,1799.5,1799.5,1799.5,0
1999-12-17,1803.1400146484375,1803.1400146484375,1803.1400146484375,1803.1400146484375,0
1999-12-20,1806.989990234375,1806.989990234375,1806.989990234375,1806.989990234375,0
1999-12-21,1840.1500244140625,1840.1500244140625,1840.1500244140625,1840.1500244140625,0
1999-12-22,1848.5899658203125,1848.5899658203125,1848.5899658203125,1848.5899658203125,0
1999-12-23,1865.8199462890625,1865.8199462890625,1865.8199462890625,1865.8199462890625,0
1999-12-27,1873.469970703125,1873.469970703125,1873.469970703125,1873.469970703125,0
1999-12-28,1889.4599609375,1889.4599609375,1889.4599609375,1889.4599609375,0
1999-12-29,1924.030029296875,1924.030029296875,1924.030029296875,1924.030029296875,0
1999-12-30,1921.75,1921.75,1921.75,1921.75,0
1999-12-31,1953.31005859375,1953.31005859375,1953.31005859375,1953.31005859375,0
2000-01-03,1925.199951171875,1925.199951171875,1925.199951171875,1925.199951171875,0
2000-01-04,1851.4599609375,1851.4599609375,1851.4599609375,1851.4599609375,0
2000-01-05,1853.18994140625,1853.18994140625,1853.18994140625,1853.18994140625,0
2000-01-06,1839.56005859375,1839.56005859375,1839.56005859375,1839.56005859375,0
2000-01-07,1890.27001953125,1890.27001953125,1890.27001953125,1890.27001953125,0
2000-01-10,1942.7099609375,1942.7099609375,1942.7099609375,1942.7099609375,0
2000-01-11,1906.7099609375,1906.7099609375,1906.7099609375,1906.7099609375,0
2000-01-12,1896.77001953125,1896.77001953125,1896.77001953125,1896.77001953125,0
2000-01-13,1940.31005859375,1940.31005859375,1940.31005859375,1940.31005859375,0
2000-01-14,1965.1800537109375,1965.1800537109375,1965.1800537109375,1965.1800537109375,0
2000-01-18,1987.699951171875,1987.699951171875,1987.699951171875,1987.699951171875,0
2000-01-19,2013.050048828125,2013.050048828125,2013.050048828125,2013.050048828125,0
2000-01-20,2041.4200439453125,2041.4200439453125,2041.4200439453125,2041.4200439453125,0
2000-01-21,2067.159912109375,2067.159912109375,2067.159912109375,2067.159912109375,0
2000-01-24,2025.3699951171875,2025.3699951171875,2025.3699951171875,2025.3699951171875,0
2000-01-25,2019.5699462890625,2019.5699462890625,2019.5699462890625,2019.5699462890625,0
2000-01-26,2017.739990234375,2017.739990234375,2017.739990234375,2017.739990234375,0
2000-01-27,2002.0699462890625,2002.0699462890625,2002.0699462890625,2002.0699462890625,0
2000-01-28,1954.219970703125,1954.219970703125,1954.219970703125,1954.219970703125,0
2000-01-31,1921.93994140625,1921.93994140625,1921.93994140625,1921.93994140625,0
2000-02-01,1951.25,1951.25,1951.25,1951.25,0
2000-02-02,1975.06005859375,1975.06005859375,1975.06005859375,1975.06005859375,0
2000-02-03,2020.239990234375,2020.239990234375,2020.239990234375,2020.239990234375,0
2000-02-04,2035.52001953125,2035.52001953125,2035.52001953125,2035.52001953125,0
2000-02-07,2062.159912109375,2062.159912109375,2062.159912109375,2062.159912109375,0
2000-02-08,2081.969970703125,2081.969970703125,2081.969970703125,2081.969970703125,0
2000-02-09,2076.22998046875,2076.22998046875,2076.22998046875,2076.22998046875,0
2000-02-10,2100.64990234375,2100.64990234375,2100.64990234375,2100.64990234375,0
2000-02-11,2081.199951171875,2081.199951171875,2081.199951171875,2081.199951171875,0
2000-02-14,2092.10009765625,2092.10009765625,2092.10009765625,2092.10009765625,0
2000-02-15,2093.169921875,2093.169921875,2093.169921875,2093.169921875,0
2000-02-16,2122.47998046875,2122.47998046875,2122.47998046875,2122.47998046875,0
2000-02-17,2163.840087890625,2163.840087890625,2163.840087890625,2163.840087890625,0
2000-02-18,2114.739990234375,2114.739990234375,2114.739990234375,2114.739990234375,0
2000-02-22,2096.68994140625,2096.68994140625,2096.68994140625,2096.68994140625,0
2000-02-23,2130.889892578125,2130.889892578125,2130.889892578125,2130.889892578125,0
2000-02-24,2147.47998046875,2147.47998046875,2147.47998046875,2147.47998046875,0
2000-02-25,2157.580078125,2157.580078125,2157.580078125,2157.580078125,0
2000-02-28,2161.35009765625,2161.35009765625,2161.35009765625,2161.35009765625,0
2000-02-29,2239.320068359375,2239.320068359375,2239.320068359375,2239.320068359375,0
2000-03-01,2280.5,2280.5,2280.5,2280.5,0
2000-03-02,2263.760009765625,2263.760009765625,2263.760009765625,2263.760009765625,0
2000-03-03,2318.889892578125,2318.889892578125,2318.889892578125,2318.889892578125,0
2000-03-06,2332.580078125,2332.580078125,2332.580078125,2332.580078125,0
2000-03-07,2307.60009765625,2307.60009765625,2307.60009765625,2307.60009765625,0
2000-03-08,2305.5,2305.5,2305.5,2305.5,0
2000-03-09,2349.72998046875,2349.72998046875,2349.72998046875,2349.72998046875,0
2000-03-10,2340.889892578125,2340.889892578125,2340.889892578125,2340.889892578125,0
2000-03-13,2288.080078125,2288.080078125,2288.080078125,2288.080078125,0
2000-03-14,2221.1201171875,2221.1201171875,2221.1201171875,2221.1201171875,0
2000-03-15,2168.0,2168.0,2168.0,2168.0,0
2000-03-16,2226.300048828125,2226.300048828125,2226.300048828125,2226.300048828125,0
2000-03-17,2228.550048828125,2228.550048828125,2228.550048828125,2228.550048828125,0
2000-03-20,2129.510009765625,2129.510009765625,2129.510009765625,2129.510009765625,0
2000-03-21,2143.929931640625,2143.929931640625,2143.929931640625,2143.929931640625,0
2000-03-22,2215.800048828125,2215.800048828125,2215.800048828125,2215.800048828125,0
2000-03-23,2225.590087890625,2225.590087890625,2225.590087890625,2225.590087890625,0
2000-03-24,2226.93994140625,2226.93994140625,2226.93994140625,2226.93994140625,0
2000-03-27,2225.0,2225.0,2225.0,2225.0,0
2000-03-28,2168.419921875,2168.419921875,2168.419921875,2168.419921875,0
2000-03-29,2106.659912109375,2106.659912109375,2106.659912109375,2106.659912109375,0
2000-03-30,2062.6298828125,2062.6298828125,2062.6298828125,2062.6298828125,0
2000-03-31,2091.679931640625,2091.679931640625,2091.679931640625,2091.679931640625,0
2000-04-03,2002.469970703125,2002.469970703125,2002.469970703125,2002.469970703125,0
2000-04-04,1963.5899658203125,1963.5899658203125,1963.5899658203125,1963.5899658203125,0
2000-04-05,2010.1700439453125,2010.1700439453125,2010.1700439453125,2010.1700439453125,0
2000-04-06,2067.280029296875,2067.280029296875,2067.280029296875,2067.280029296875,0
2000-04-07,2107.260009765625,2107.260009765625,2107.260009765625,2107.260009765625,0
2000-04-10,2013.4100341796875,2013.4100341796875,2013.4100341796875,2013.4100341796875,0
2000-04-11,1980.3499755859375,1980.3499755859375,1980.3499755859375,1980.3499755859375,0
2000-04-12,1915.5699462890625,1915.5699462890625,1915.5699462890625,1915.5699462890625,0
2000-04-13,1899.3599853515625,1899.3599853515625,1899.3599853515625,1899.3599853515625,0
2000-04-14,1761.97998046875,1761.97998046875,1761.97998046875,1761.97998046875,0
2000-04-17,1782.5999755859375,1782.5999755859375,1782.5999755859375,1782.5999755859375,0
2000-04-18,1887.0899658203125,1887.0899658203125,1887.0899658203125,1887.0899658203125,0
2000-04-19,1888.1300048828125,1888.1300048828125,1888.1300048828125,1888.1300048828125,0
2000-04-20,1870.6600341796875,1870.6600341796875,1870.6600341796875,1870.6600341796875,0
2000-04-24,1819.300048828125,1819.300048828125,1819.300048828125,1819.300048828125,0
2000-04-25,1898.8599853515625,1898.8599853515625,1898.8599853515625,1898.8599853515625,0
2000-04-26,1880.4599609375,1880.4599609375,1880.4599609375,1880.4599609375,0
2000-04-27,1920.4100341796875,1920.4100341796875,1920.4100341796875,1920.4100341796875,0
2000-04-28,1965.81005859375,1965.81005859375,1965.81005859375,1965.81005859375,0
2000-05-01,2015.31005859375,2015.31005859375,2015.31005859375,2015.31005859375,0
2000-05-02,1962.300048828125,1962.300048828125,1962.300048828125,1962.300048828125,0
2000-05-03,1924.75,1924.75,1924.75,1924.75,0
2000-05-04,1949.300048828125,1949.300048828125,1949.300048828125,1949.300048828125,0
2000-05-05,1991.8900146484375,1991.8900146484375,1991.8900146484375,1991.8900146484375,0
2000-05-08,1942.4599609375,1942.4599609375,1942.4599609375,1942.4599609375,0
2000-05-09,1906.6400146484375,1906.6400146484375,1906.6400146484375,1906.6400146484375,0
2000-05-10,1842.739990234375,1842.739990234375,1842.739990234375,1842.739990234375,0
2000-05-11,1901.719970703125,1901.719970703125,1901.719970703125,1901.719970703125,0
2000-05-12,1907.5400390625,1907.5400390625,1907.5400390625,1907.5400390625,0
2000-05-15,1934.0400390625,1934.0400390625,1934.0400390625,1934.0400390625,0
2000-05-16,1965.9100341796875,1965.9100341796875,1965.9100341796875,1965.9100341796875,0
2000-05-17,1941.6099853515625,1941.6099853515625,1941.6099853515625,1941.6099853515625,0
2000-05-18,1907.9000244140625,1907.9000244140625,1907.9000244140625,1907.9000244140625,0
2000-05-19,1864.050048828125,1864.050048828125,1864.050048828125,1864.050048828125,0
2000-05-22,1832.8699951171875,1832.8699951171875,1832.8699951171875,1832.8699951171875,0
2000-05-23,1783.7900390625,1783.7900390625,1783.7900390625,1783.7900390625,0
2000-05-24,1795.18994140625,1795.18994140625,1795.18994140625,1795.18994140625,0
2000-05-25,1772.949951171875,1772.949951171875,1772.949951171875,1772.949951171875,0
2000-05-26,1777.9599609375,1777.9599609375,1777.9599609375,1777.9599609375,0
2000-05-30,1852.969970703125,1852.969970703125,1852.969970703125,1852.969970703125,0
2000-05-31,1851.239990234375,1851.239990234375,1851.239990234375,1851.239990234375,0
2000-06-01,1914.81005859375,1914.81005859375,1914.81005859375,1914.81005859375,0
2000-06-02,1994.31005859375,1994.31005859375,1994.31005859375,1994.31005859375,0
2000-06-05,1995.800048828125,1995.800048828125,1995.800048828125,1995.800048828125,0
2000-06-06,1989.22998046875,1989.22998046875,1989.22998046875,1989.22998046875,0
2000-06-07,2008.5699462890625,2008.5699462890625,2008.5699462890625,2008.5699462890625,0
2000-06-08,2001.0799560546875,2001.0799560546875,2001.0799560546875,2001.0799560546875,0
2000-06-09,2034.3399658203125,2034.3399658203125,2034.3399658203125,2034.3399658203125,0
2000-06-12,1978.0,1978.0,1978.0,1978.0,0
2000-06-13,1998.5999755859375,1998.5999755859375,1998.5999755859375,1998.5999755859375,0
2000-06-14,1983.75,1983.75,1983.75,1983.75,0
2000-06-15,1993.949951171875,1993.949951171875,1993.949951171875,1993.949951171875,0
2000-06-16,1999.4300537109375,1999.4300537109375,1999.4300537109375,1999.4300537109375,0
2000-06-19,2034.8800048828125,2034.8800048828125,2034.8800048828125,2034.8800048828125,0
2000-06-20,2046.27001953125,2046.27001953125,2046.27001953125,2046.27001953125,0
2000-06-21,2054.050048828125,2054.050048828125,2054.050048828125,2054.050048828125,0
2000-06-22,2005.47998046875,2005.47998046875,2005.47998046875,2005.47998046875,0
2000-06-23,1987.18994140625,1987.18994140625,1987.18994140625,1987.18994140625,0
2000-06-26,2010.2900390625,2010.2900390625,2010.2900390625,2010.2900390625,0
2000-06-27,1978.510009765625,1978.510009765625,1978.510009765625,1978.510009765625,0
2000-06-28,2028.8900146484375,2028.8900146484375,2028.8900146484375,2028.8900146484375,0
2000-06-29,1996.4599609375,1996.4599609375,1996.4599609375,1996.4599609375,0
2000-06-30,2012.6199951171875,2012.6199951171875,2012.6199951171875,2012.6199951171875,0
2000-07-03,2037.4599609375,2037.4599609375,2037.4599609375,2037.4599609375,0
2000-07-05,2015.3299560546875,2015.3299560546875,2015.3299560546875,2015.3299560546875,0
2000-07-06,2035.1199951171875,2035.1199951171875,2035.1199951171875,2035.1199951171875,0
2000-07-07,2054.030029296875,2054.030029296875,2054.030029296875,2054.030029296875,0
2000-07-10,2064.389892578125,2064.389892578125,2064.389892578125,2064.389892578125,0
2000-07-11,2059.919921875,2059.919921875,2059.919921875,2059.919921875,0
2000-07-12,2101.1201171875,2101.1201171875,2101.1201171875,2101.1201171875,0
2000-07-13,2110.9599609375,2110.9599609375,2110.9599609375,2110.9599609375,0
2000-07-14,2110.72998046875,2110.72998046875,2110.72998046875,2110.72998046875,0
2000-07-17,2120.590087890625,2120.590087890625,2120.590087890625,2120.590087890625,0
2000-07-18,2086.219970703125,2086.219970703125,2086.219970703125,2086.219970703125,0
2000-07-19,2053.360107421875,2053.360107421875,2053.360107421875,2053.360107421875,0
2000-07-20,2080.419921875,2080.419921875,2080.419921875,2080.419921875,0
2000-07-21,2033.3599853515625,2033.3599853515625,2033.3599853515625,2033.3599853515625,0
2000-07-24,2000.72998046875,2000.72998046875,2000.72998046875,2000.72998046875,0
2000-07-25,2000.8399658203125,2000.8399658203125,2000.8399658203125,2000.8399658203125,0
2000-07-26,1999.050048828125,1999.050048828125,1999.050048828125,1999.050048828125,0
2000-07-27,1951.8800048828125,1951.8800048828125,1951.8800048828125,1951.8800048828125,0
2000-07-28,1907.4000244140625,1907.4000244140625,1907.4000244140625,1907.4000244140625,0
2000-07-31,1947.8699951171875,1947.8699951171875,1947.8699951171875,1947.8699951171875,0
2000-08-01,1936.949951171875,1936.949951171875,1936.949951171875,1936.949951171875,0
2000-08-02,1946.7099609375,1946.7099609375,1946.7099609375,1946.7099609375,0
2000-08-03,1944.0,1944.0,1944.0,1944.0,0
2000-08-04,1960.1800537109375,1960.1800537109375,1960.1800537109375,1960.1800537109375,0
2000-08-07,1984.699951171875,1984.699951171875,1984.699951171875,1984.699951171875,0
2000-08-08,1980.02001953125,1980.02001953125,1980.02001953125,1980.02001953125,0
2000-08-09,1976.0400390625,1976.0400390625,1976.0400390625,1976.0400390625,0
2000-08-10,1953.4200439453125,1953.4200439453125,1953.4200439453125,1953.4200439453125,0
2000-08-11,1987.0799560546875,1987.0799560546875,1987.0799560546875,1987.0799560546875,0
2000-08-14,2003.6099853515625,2003.6099853515625,2003.6099853515625,2003.6099853515625,0
2000-08-15,1986.0,1986.0,1986.0,1986.0,0
2000-08-16,1997.199951171875,1997.199951171875,1997.199951171875,1997.199951171875,0
2000-08-17,2011.75,2011.75,2011.75,2011.75,0
2000-08-18,2008.0799560546875,2008.0799560546875,2008.0799560546875,2008.0799560546875,0
2000-08-21,2011.8900146484375,2011.8900146484375,2011.8900146484375,2011.8900146484375,0
2000-08-22,2015.77001953125,2015.77001953125,2015.77001953125,2015.77001953125,0
2000-08-23,2017.8399658203125,2017.8399658203125,2017.8399658203125,2017.8399658203125,0
2000-08-24,2038.8499755859375,2038.8499755859375,2038.8499755859375,2038.8499755859375,0
2000-08-25,2046.1800537109375,2046.1800537109375,2046.1800537109375,2046.1800537109375,0
2000-08-28,2051.39990234375,2051.39990234375,2051.39990234375,2051.39990234375,0
2000-08-29,2063.830078125,2063.830078125,2063.830078125,2063.830078125,0
2000-08-30,2074.7099609375,2074.7099609375,2074.7099609375,2074.7099609375,0
2000-08-31,2096.489990234375,2096.489990234375,2096.489990234375,2096.489990234375,0
2000-09-01,2112.239990234375,2112.239990234375,2112.239990234375,2112.239990234375,0
2000-09-05,2100.75,2100.75,2100.75,2100.75,0
2000-09-06,2090.659912109375,2090.659912109375,2090.659912109375,2090.659912109375,0
2000-09-07,2115.949951171875,2115.949951171875,2115.949951171875,2115.949951171875,0
2000-09-08,2085.530029296875,2085.530029296875,2085.530029296875,2085.530029296875,0
2000-09-11,2080.570068359375,2080.570068359375,2080.570068359375,2080.570068359375,0
2000-09-12,2075.72998046875,2075.72998046875,2075.72998046875,2075.72998046875,0
2000-09-13,2082.260009765625,2082.260009765625,2082.260009765625,2082.260009765625,0
2000-09-14,2103.06005859375,2103.06005859375,2103.06005859375,2103.06005859375,0
2000-09-15,2070.22998046875,2070.22998046875,2070.22998046875,2070.22998046875,0
2000-09-18,2014.8199462890625,2014.8199462890625,2014.8199462890625,2014.8199462890625,0
2000-09-19,2040.6400146484375,2040.6400146484375,2040.6400146484375,2040.6400146484375,0
2000-09-20,2033.5699462890625,2033.5699462890625,2033.5699462890625,2033.5699462890625,0
2000-09-21,2005.93994140625,2005.93994140625,2005.93994140625,2005.93994140625,0
2000-09-22,2023.550048828125,2023.550048828125,2023.550048828125,2023.550048828125,0
2000-09-25,2010.47998046875,2010.47998046875,2010.47998046875,2010.47998046875,0
2000-09-26,1989.010009765625,1989.010009765625,1989.010009765625,1989.010009765625,0
2000-09-27,1982.77001953125,1982.77001953125,1982.77001953125,1982.77001953125,0
2000-09-28,2044.1600341796875,2044.1600341796875,2044.1600341796875,2044.1600341796875,0
2000-09-29,2034.8699951171875,2034.8699951171875,2034.8699951171875,2034.8699951171875,0
2000-10-02,1996.949951171875,1996.949951171875,1996.949951171875,1996.949951171875,0
2000-10-03,1969.5400390625,1969.5400390625,1969.5400390625,1969.5400390625,0
2000-10-04,1980.9599609375,1980.9599609375,1980.9599609375,1980.9599609375,0
2000-10-05,1962.1800537109375,1962.1800537109375,1962.1800537109375,1962.1800537109375,0
2000-10-06,1916.6500244140625,1916.6500244140625,1916.6500244140625,1916.6500244140625,0
2000-10-09,1910.8900146484375,1910.8900146484375,1910.8900146484375,1910.8900146484375,0
2000-10-10,1879.97998046875,1879.97998046875,1879.97998046875,1879.97998046875,0
2000-10-11,1853.4200439453125,1853.4200439453125,1853.4200439453125,1853.4200439453125,0
2000-10-12,1807.6199951171875,1807.6199951171875,1807.6199951171875,1807.6199951171875,0
2000-10-13,1875.780029296875,1875.780029296875,1875.780029296875,1875.780029296875,0
2000-10-16,1881.010009765625,1881.010009765625,1881.010009765625,1881.010009765625,0
2000-10-17,1838.719970703125,1838.719970703125,1838.719970703125,1838.719970703125,0
2000-10-18,1820.469970703125,1820.469970703125,1820.469970703125,1820.469970703125,0
2000-10-19,1879.510009765625,1879.510009765625,1879.510009765625,1879.510009765625,0
2000-10-20,1903.4599609375,1903.4599609375,1903.4599609375,1903.4599609375,0
2000-10-23,1913.3900146484375,1913.3900146484375,1913.3900146484375,1913.3900146484375,0
2000-10-24,1905.1500244140625,1905.1500244140625,1905.1500244140625,1905.1500244140625,0
2000-10-25,1855.9000244140625,1855.9000244140625,1855.9000244140625,1855.9000244140625,0
2000-10-26,1873.5899658203125,1873.5899658203125,1873.5899658203125,1873.5899658203125,0
2000-10-27,1874.1800537109375,1874.1800537109375,1874.1800537109375,1874.1800537109375,0
2000-10-30,1885.5699462890625,1885.5699462890625,1885.5699462890625,1885.5699462890625,0
2000-10-31,1944.0400390625,1944.0400390625,1944.0400390625,1944.0400390625,0
2000-11-01,1934.469970703125,1934.469970703125,1934.469970703125,1934.469970703125,0
2000-11-02,1980.7099609375,1980.7099609375,1980.7099609375,1980.7099609375,0
2000-11-03,1983.739990234375,1983.739990234375,1983.739990234375,1983.739990234375,0
2000-11-06,1968.97998046875,1968.97998046875,1968.97998046875,1968.97998046875,0
2000-11-07,1977.06005859375,1977.06005859375,1977.06005859375,1977.06005859375,0
2000-11-08,1956.489990234375,1956.489990234375,1956.489990234375,1956.489990234375,0
2000-11-09,1935.760009765625,1935.760009765625,1935.760009765625,1935.760009765625,0
2000-11-10,1879.510009765625,1879.510009765625,1879.510009765625,1879.510009765625,0
2000-11-13,1862.5999755859375,1862.5999755859375,1862.5999755859375,1862.5999755859375,0
2000-11-14,1903.31005859375,1903.31005859375,1903.31005859375,1903.31005859375,0
2000-11-15,1922.5999755859375,1922.5999755859375,1922.5999755859375,1922.5999755859375,0
2000-11-16,1883.010009765625,1883.010009765625,1883.010009765625,1883.010009765625,0
2000-11-17,1887.18994140625,1887.18994140625,1887.18994140625,1887.18994140625,0
2000-11-20,1838.5799560546875,1838.5799560546875,1838.5799560546875,1838.5799560546875,0
2000-11-21,1825.1800537109375,1825.1800537109375,1825.1800537109375,1825.1800537109375,0
2000-11-22,1790.510009765625,1790.510009765625,1790.510009765625,1790.510009765625,0
2000-11-24,1845.06005859375,1845.06005859375,1845.06005859375,1845.06005859375,0
2000-11-27,1844.52001953125,1844.52001953125,1844.52001953125,1844.52001953125,0
2000-11-28,1795.1500244140625,1795.1500244140625,1795.1500244140625,1795.1500244140625,0
2000-11-29,1778.25,1778.25,1778.25,1778.25,0
2000-11-30,1744.47998046875,1744.47998046875,1744.47998046875,1744.47998046875,0
2000-12-01,1786.969970703125,1786.969970703125,1786.969970703125,1786.969970703125,0
2000-12-04,1761.8499755859375,1761.8499755859375,1761.8499755859375,1761.8499755859375,0
2000-12-05,1843.1099853515625,1843.1099853515625,1843.1099853515625,1843.1099853515625,0
2000-12-06,1813.6700439453125,1813.6700439453125,1813.6700439453125,1813.6700439453125,0
2000-12-07,1804.0799560546875,1804.0799560546875,1804.0799560546875,1804.0799560546875,0
2000-12-08,1874.3800048828125,1874.3800048828125,1874.3800048828125,1874.3800048828125,0
2000-12-11,1906.3499755859375,1906.3499755859375,1906.3499755859375,1906.3499755859375,0
2000-12-12,1869.510009765625,1869.510009765625,1869.510009765625,1869.510009765625,0
2000-12-13,1839.2099609375,1839.2099609375,1839.2099609375,1839.2099609375,0
2000-12-14,1807.6700439453125,1807.6700439453125,1807.6700439453125,1807.6700439453125,0
2000-12-15,1792.9100341796875,1792.9100341796875,1792.9100341796875,1792.9100341796875,0
2000-12-18,1813.25,1813.25,1813.25,1813.25,0
2000-12-19,1795.9300537109375,1795.9300537109375,1795.9300537109375,1795.9300537109375,0
2000-12-20,1737.47998046875,1737.47998046875,1737.47998046875,1737.47998046875,0
2000-12-21,1750.199951171875,1750.199951171875,1750.199951171875,1750.199951171875,0
2000-12-22,1812.68994140625,1812.68994140625,1812.68994140625,1812.68994140625,0
2000-12-26,1826.93994140625,1826.93994140625,1826.93994140625,1826.93994140625,0
2000-12-27,1877.47998046875,1877.47998046875,1877.47998046875,1877.47998046875,0
2000-12-28,1935.280029296875,1935.280029296875,1935.280029296875,1935.280029296875,0
2000-12-29,1894.300048828125,1894.300048828125,1894.300048828125,1894.300048828125,0
2001-01-02,1811.8800048828125,1811.8800048828125,1811.8800048828125,1811.8800048828125,0
2001-01-03,1897.68994140625,1897.68994140625,1897.68994140625,1897.68994140625,0
2001-01-04,1869.6099853515625,1869.6099853515625,1869.6099853515625,1869.6099853515625,0
2001-01-05,1814.5699462890625,1814.5699462890625,1814.5699462890625,1814.5699462890625,0
2001-01-08,1808.780029296875,1808.780029296875,1808.780029296875,1808.780029296875,0
2001-01-09,1817.8800048828125,1817.8800048828125,1817.8800048828125,1817.8800048828125,0
2001-01-10,1863.199951171875,1863.199951171875,1863.199951171875,1863.199951171875,0
2001-01-11,1896.18994140625,1896.18994140625,1896.18994140625,1896.18994140625,0
2001-01-12,1903.6800537109375,1903.6800537109375,1903.6800537109375,1903.6800537109375,0
2001-01-16,1933.219970703125,1933.219970703125,1933.219970703125,1933.219970703125,0
2001-01-17,1933.949951171875,1933.949951171875,1933.949951171875,1933.949951171875,0
2001-01-18,1938.5,1938.5,1938.5,1938.5,0
2001-01-19,1912.949951171875,1912.949951171875,1912.949951171875,1912.949951171875,0
2001-01-22,1921.199951171875,1921.199951171875,1921.199951171875,1921.199951171875,0
2001-01-23,1967.800048828125,1967.800048828125,1967.800048828125,1967.800048828125,0
2001-01-24,1968.68994140625,1968.68994140625,1968.68994140625,1968.68994140625,0
2001-01-25,1955.9200439453125,1955.9200439453125,1955.9200439453125,1955.9200439453125,0
2001-01-26,1954.6500244140625,1954.6500244140625,1954.6500244140625,1954.6500244140625,0
2001-01-29,1991.030029296875,1991.030029296875,1991.030029296875,1991.030029296875,0
2001-01-30,2005.8199462890625,2005.8199462890625,2005.8199462890625,2005.8199462890625,0
2001-01-31,1992.9200439453125,1992.9200439453125,1992.9200439453125,1992.9200439453125,0
2001-02-01,1995.6600341796875,1995.6600341796875,1995.6600341796875,1995.6600341796875,0
2001-02-02,1964.510009765625,1964.510009765625,1964.510009765625,1964.510009765625,0
2001-02-05,1963.4200439453125,1963.4200439453125,1963.4200439453125,1963.4200439453125,0
2001-02-06,1983.239990234375,1983.239990234375,1983.239990234375,1983.239990234375,0
2001-02-07,1988.800048828125,1988.800048828125,1988.800048828125,1988.800048828125,0
2001-02-08,1972.449951171875,1972.449951171875,1972.449951171875,1972.449951171875,0
2001-02-09,1949.530029296875,1949.530029296875,1949.530029296875,1949.530029296875,0
2001-02-12,1982.1800537109375,1982.1800537109375,1982.1800537109375,1982.1800537109375,0
2001-02-13,1971.5999755859375,1971.5999755859375,1971.5999755859375,1971.5999755859375,0
2001-02-14,1975.5,1975.5,1975.5,1975.5,0
2001-02-15,1996.550048828125,1996.550048828125,1996.550048828125,1996.550048828125,0
2001-02-16,1959.030029296875,1959.030029296875,1959.030029296875,1959.030029296875,0
2001-02-20,1927.22998046875,1927.22998046875,1927.22998046875,1927.22998046875,0
2001-02-21,1897.4100341796875,1897.4100341796875,1897.4100341796875,1897.4100341796875,0
2001-02-22,1872.9599609375,1872.9599609375,1872.9599609375,1872.9599609375,0
2001-02-23,1873.8199462890625,1873.8199462890625,1873.8199462890625,1873.8199462890625,0
2001-02-26,1916.550048828125,1916.550048828125,1916.550048828125,1916.550048828125,0
2001-02-27,1879.280029296875,1879.280029296875,1879.280029296875,1879.280029296875,0
2001-02-28,1862.1600341796875,1862.1600341796875,1862.1600341796875,1862.1600341796875,0
2001-03-01,1858.010009765625,1858.010009765625,1858.010009765625,1858.010009765625,0
2001-03-02,1871.989990234375,1871.989990234375,1871.989990234375,1871.989990234375,0
2001-03-05,1867.75,1867.75,1867.75,1867.75,0
2001-03-06,1888.7099609375,1888.7099609375,1888.7099609375,1888.7099609375,0
2001-03-07,1903.530029296875,1903.530029296875,1903.530029296875,1903.530029296875,0
2001-03-08,1890.530029296875,1890.530029296875,1890.530029296875,1890.530029296875,0
2001-03-09,1859.7900390625,1859.7900390625,1859.7900390625,1859.7900390625,0
2001-03-12,1799.9200439453125,1799.9200439453125,1799.9200439453125,1799.9200439453125,0
2001-03-13,1815.3599853515625,1815.3599853515625,1815.3599853515625,1815.3599853515625,0
2001-03-14,1782.02001953125,1782.02001953125,1782.02001953125,1782.02001953125,0
2001-03-15,1776.0400390625,1776.0400390625,1776.0400390625,1776.0400390625,0
2001-03-16,1735.3299560546875,1735.3299560546875,1735.3299560546875,1735.3299560546875,0
2001-03-19,1772.6199951171875,1772.6199951171875,1772.6199951171875,1772.6199951171875,0
2001-03-20,1746.02001953125,1746.02001953125,1746.02001953125,1746.02001953125,0
2001-03-21,1711.8599853515625,1711.8599853515625,1711.8599853515625,1711.8599853515625,0
2001-03-22,1700.3299560546875,1700.3299560546875,1700.3299560546875,1700.3299560546875,0
2001-03-23,1741.489990234375,1741.489990234375,1741.489990234375,1741.489990234375,0
2001-03-26,1757.6400146484375,1757.6400146484375,1757.6400146484375,1757.6400146484375,0
2001-03-27,1779.260009765625,1779.260009765625,1779.260009765625,1779.260009765625,0
2001-03-28,1738.1199951171875,1738.1199951171875,1738.1199951171875,1738.1199951171875,0
2001-03-29,1735.6800537109375,1735.6800537109375,1735.6800537109375,1735.6800537109375,0
2001-03-30,1771.0699462890625,1771.0699462890625,1771.0699462890625,1771.0699462890625,0
2001-04-02,1728.68994140625,1728.68994140625,1728.68994140625,1728.68994140625,0
2001-04-03,1678.5899658203125,1678.5899658203125,1678.5899658203125,1678.5899658203125,0
2001-04-04,1673.8199462890625,1673.8199462890625,1673.8199462890625,1673.8199462890625,0
2001-04-05,1748.5,1748.5,1748.5,1748.5,0
2001-04-06,1709.1700439453125,1709.1700439453125,1709.1700439453125,1709.1700439453125,0
2001-04-09,1736.6700439453125,1736.6700439453125,1736.6700439453125,1736.6700439453125,0
2001-04-10,1777.0400390625,1777.0400390625,1777.0400390625,1777.0400390625,0
2001-04-11,1766.969970703125,1766.969970703125,1766.969970703125,1766.969970703125,0
2001-04-12,1789.6600341796875,1789.6600341796875,1789.6600341796875,1789.6600341796875,0
2001-04-16,1773.550048828125,1773.550048828125,1773.550048828125,1773.550048828125,0
2001-04-17,1791.93994140625,1791.93994140625,1791.93994140625,1791.93994140625,0
2001-04-18,1834.949951171875,1834.949951171875,1834.949951171875,1834.949951171875,0
2001-04-19,1858.199951171875,1858.199951171875,1858.199951171875,1858.199951171875,0
2001-04-20,1835.8499755859375,1835.8499755859375,1835.8499755859375,1835.8499755859375,0
2001-04-23,1813.739990234375,1813.739990234375,1813.739990234375,1813.739990234375,0
2001-04-24,1818.760009765625,1818.760009765625,1818.760009765625,1818.760009765625,0
2001-04-25,1859.7099609375,1859.7099609375,1859.7099609375,1859.7099609375,0
2001-04-26,1878.8699951171875,1878.8699951171875,1878.8699951171875,1878.8699951171875,0
2001-04-27,1904.239990234375,1904.239990234375,1904.239990234375,1904.239990234375,0
2001-04-30,1909.6199951171875,1909.6199951171875,1909.6199951171875,1909.6199951171875,0
2001-05-01,1930.030029296875,1930.030029296875,1930.030029296875,1930.030029296875,0
2001-05-02,1934.9599609375,1934.9599609375,1934.9599609375,1934.9599609375,0
2001-05-03,1911.52001953125,1911.52001953125,1911.52001953125,1911.52001953125,0
2001-05-04,1940.010009765625,1940.010009765625,1940.010009765625,1940.010009765625,0
2001-05-07,1927.3199462890625,1927.3199462890625,1927.3199462890625,1927.3199462890625,0
2001-05-08,1935.9100341796875,1935.9100341796875,1935.9100341796875,1935.9100341796875,0
2001-05-09,1929.780029296875,1929.780029296875,1929.780029296875,1929.780029296875,0
2001-05-10,1931.530029296875,1931.530029296875,1931.530029296875,1931.530029296875,0
2001-05-11,1919.1600341796875,1919.1600341796875,1919.1600341796875,1919.1600341796875,0
2001-05-14,1916.3499755859375,1916.3499755859375,1916.3499755859375,1916.3499755859375,0
2001-05-15,1928.219970703125,1928.219970703125,1928.219970703125,1928.219970703125,0
2001-05-16,1958.3800048828125,1958.3800048828125,1958.3800048828125,1958.3800048828125,0
2001-05-17,1988.1600341796875,1988.1600341796875,1988.1600341796875,1988.1600341796875,0
2001-05-18,1994.1800537109375,1994.1800537109375,1994.1800537109375,1994.1800537109375,0
2001-05-21,2032.1300048828125,2032.1300048828125,2032.1300048828125,2032.1300048828125,0
2001-05-22,2037.4100341796875,2037.4100341796875,2037.4100341796875,2037.4100341796875,0
2001-05-23,1998.68994140625,1998.68994140625,1998.68994140625,1998.68994140625,0
2001-05-24,2010.68994140625,2010.68994140625,2010.68994140625,2010.68994140625,0
2001-05-25,2003.760009765625,2003.760009765625,2003.760009765625,2003.760009765625,0
2001-05-29,1979.280029296875,1979.280029296875,1979.280029296875,1979.280029296875,0
2001-05-30,1946.510009765625,1946.510009765625,1946.510009765625,1946.510009765625,0
2001-05-31,1956.56005859375,1956.56005859375,1956.56005859375,1956.56005859375,0
2001-06-01,1977.1300048828125,1977.1300048828125,1977.1300048828125,1977.1300048828125,0
2001-06-04,1999.239990234375,1999.239990234375,1999.239990234375,1999.239990234375,0
2001-06-05,2035.3499755859375,2035.3499755859375,2035.3499755859375,2035.3499755859375,0
2001-06-06,2020.219970703125,2020.219970703125,2020.219970703125,2020.219970703125,0
2001-06-07,2028.8900146484375,2028.8900146484375,2028.8900146484375,2028.8900146484375,0
2001-06-08,2016.6099853515625,2016.6099853515625,2016.6099853515625,2016.6099853515625,0
2001-06-11,1998.0999755859375,1998.0999755859375,1998.0999755859375,1998.0999755859375,0
2001-06-12,1998.25,1998.25,1998.25,1998.25,0
2001-06-13,1991.5999755859375,1991.5999755859375,1991.5999755859375,1991.5999755859375,0
2001-06-14,1953.31005859375,1953.31005859375,1953.31005859375,1953.31005859375,0
2001-06-15,1952.31005859375,1952.31005859375,1952.31005859375,1952.31005859375,0
2001-06-18,1934.239990234375,1934.239990234375,1934.239990234375,1934.239990234375,0
2001-06-19,1927.1700439453125,1927.1700439453125,1927.1700439453125,1927.1700439453125,0
2001-06-20,1955.449951171875,1955.449951171875,1955.449951171875,1955.449951171875,0
2001-06-21,1963.219970703125,1963.219970703125,1963.219970703125,1963.219970703125,0
2001-06-22,1927.1400146484375,1927.1400146484375,1927.1400146484375,1927.1400146484375,0
2001-06-25,1909.5799560546875,1909.5799560546875,1909.5799560546875,1909.5799560546875,0
2001-06-26,1935.6800537109375,1935.6800537109375,1935.6800537109375,1935.6800537109375,0
2001-06-27,1955.260009765625,1955.260009765625,1955.260009765625,1955.260009765625,0
2001-06-28,1984.719970703125,1984.719970703125,1984.719970703125,1984.719970703125,0
2001-06-29,2024.1199951171875,2024.1199951171875,2024.1199951171875,2024.1199951171875,0
2001-07-02,1965.68994140625,1965.68994140625,1965.68994140625,1965.68994140625,0
2001-07-03,1957.1600341796875,1957.1600341796875,1957.1600341796875,1957.1600341796875,0
2001-07-05,1941.02001953125,1941.02001953125,1941.02001953125,1941.02001953125,0
2001-07-06,1903.8399658203125,1903.8399658203125,1903.8399658203125,1903.8399658203125,0
2001-07-09,1914.5899658203125,1914.5899658203125,1914.5899658203125,1914.5899658203125,0
2001-07-10,1883.72998046875,1883.72998046875,1883.72998046875,1883.72998046875,0
2001-07-11,1874.9300537109375,1874.9300537109375,1874.9300537109375,1874.9300537109375,0
2001-07-12,1927.030029296875,1927.030029296875,1927.030029296875,1927.030029296875,0
2001-07-13,1933.6300048828125,1933.6300048828125,1933.6300048828125,1933.6300048828125,0
2001-07-16,1909.719970703125,1909.719970703125,1909.719970703125,1909.719970703125,0
2001-07-17,1936.449951171875,1936.449951171875,1936.449951171875,1936.449951171875,0
2001-07-18,1909.050048828125,1909.050048828125,1909.050048828125,1909.050048828125,0
2001-07-19,1924.52001953125,1924.52001953125,1924.52001953125,1924.52001953125,0
2001-07-20,1926.3800048828125,1926.3800048828125,1926.3800048828125,1926.3800048828125,0
2001-07-23,1905.77001953125,1905.77001953125,1905.77001953125,1905.77001953125,0
2001-07-24,1872.510009765625,1872.510009765625,1872.510009765625,1872.510009765625,0
2001-07-25,1883.3800048828125,1883.3800048828125,1883.3800048828125,1883.3800048828125,0
2001-07-26,1915.300048828125,1915.300048828125,1915.300048828125,1915.300048828125,0
2001-07-27,1915.300048828125,1915.300048828125,1915.300048828125,1915.300048828125,0
2001-07-30,1914.2099609375,1914.2099609375,1914.2099609375,1914.2099609375,0
2001-07-31,1914.550048828125,1914.550048828125,1914.550048828125,1914.550048828125,0
2001-08-01,1932.22998046875,1932.22998046875,1932.22998046875,1932.22998046875,0
2001-08-02,1931.3800048828125,1931.3800048828125,1931.3800048828125,1931.3800048828125,0
2001-08-03,1924.1800537109375,1924.1800537109375,1924.1800537109375,1924.1800537109375,0
2001-08-06,1899.780029296875,1899.780029296875,1899.780029296875,1899.780029296875,0
2001-08-07,1897.3499755859375,1897.3499755859375,1897.3499755859375,1897.3499755859375,0
2001-08-08,1867.260009765625,1867.260009765625,1867.260009765625,1867.260009765625,0
2001-08-09,1873.4599609375,1873.4599609375,1873.4599609375,1873.4599609375,0
2001-08-10,1878.75,1878.75,1878.75,1878.75,0
2001-08-13,1887.1800537109375,1887.1800537109375,1887.1800537109375,1887.1800537109375,0
2001-08-14,1897.56005859375,1897.56005859375,1897.56005859375,1897.56005859375,0
2001-08-15,1892.8299560546875,1892.8299560546875,1892.8299560546875,1892.8299560546875,0
2001-08-16,1903.719970703125,1903.719970703125,1903.719970703125,1903.719970703125,0
2001-08-17,1879.93994140625,1879.93994140625,1879.93994140625,1879.93994140625,0
2001-08-20,1892.6600341796875,1892.6600341796875,1892.6600341796875,1892.6600341796875,0
2001-08-21,1866.510009765625,1866.510009765625,1866.510009765625,1866.510009765625,0
2001-08-22,1886.25,1886.25,1886.25,1886.25,0
2001-08-23,1871.4300537109375,1871.4300537109375,1871.4300537109375,1871.4300537109375,0
2001-08-24,1900.6500244140625,1900.6500244140625,1900.6500244140625,1900.6500244140625,0
2001-08-27,1893.239990234375,1893.239990234375,1893.239990234375,1893.239990234375,0
2001-08-28,1874.5799560546875,1874.5799560546875,1874.5799560546875,1874.5799560546875,0
2001-08-29,1871.5400390625,1871.5400390625,1871.5400390625,1871.5400390625,0
2001-08-30,1851.1600341796875,1851.1600341796875,1851.1600341796875,1851.1600341796875,0
2001-08-31,1852.7099609375,1852.7099609375,1852.7099609375,1852.7099609375,0
2001-09-04,1846.3800048828125,1846.3800048828125,1846.3800048828125,1846.3800048828125,0
2001-09-05,1828.9599609375,1828.9599609375,1828.9599609375,1828.9599609375,0
2001-09-06,1793.0799560546875,1793.0799560546875,1793.0799560546875,1793.0799560546875,0
2001-09-07,1760.6600341796875,1760.6600341796875,1760.6600341796875,1760.6600341796875,0
2001-09-10,1743.0899658203125,1743.0899658203125,1743.0899658203125,1743.0899658203125,0
2001-09-17,1652.510009765625,1652.510009765625,1652.510009765625,1652.510009765625,0
2001-09-18,1628.760009765625,1628.760009765625,1628.760009765625,1628.760009765625,0
2001-09-19,1595.4100341796875,1595.4100341796875,1595.4100341796875,1595.4100341796875,0
2001-09-20,1533.97998046875,1533.97998046875,1533.97998046875,1533.97998046875,0
2001-09-21,1499.4000244140625,1499.4000244140625,1499.4000244140625,1499.4000244140625,0
2001-09-24,1558.280029296875,1558.280029296875,1558.280029296875,1558.280029296875,0
2001-09-25,1567.800048828125,1567.800048828125,1567.800048828125,1567.800048828125,0
2001-09-26,1543.300048828125,1543.300048828125,1543.300048828125,1543.300048828125,0
2001-09-27,1556.1500244140625,1556.1500244140625,1556.1500244140625,1556.1500244140625,0
2001-09-28,1603.3199462890625,1603.3199462890625,1603.3199462890625,1603.3199462890625,0
2001-10-01,1574.5699462890625,1574.5699462890625,1574.5699462890625,1574.5699462890625,0
2001-10-02,1591.1700439453125,1591.1700439453125,1591.1700439453125,1591.1700439453125,0
2001-10-03,1636.6300048828125,1636.6300048828125,1636.6300048828125,1636.6300048828125,0
2001-10-04,1651.8199462890625,1651.8199462890625,1651.8199462890625,1651.8199462890625,0
2001-10-05,1643.72998046875,1643.72998046875,1643.72998046875,1643.72998046875,0
2001-10-08,1632.699951171875,1632.699951171875,1632.699951171875,1632.699951171875,0
2001-10-09,1618.9100341796875,1618.9100341796875,1618.9100341796875,1618.9100341796875,0
2001-10-10,1670.43994140625,1670.43994140625,1670.43994140625,1670.43994140625,0
2001-10-11,1707.6700439453125,1707.6700439453125,1707.6700439453125,1707.6700439453125,0
2001-10-12,1698.02001953125,1698.02001953125,1698.02001953125,1698.02001953125,0
2001-10-15,1704.0,1704.0,1704.0,1704.0,0
2001-10-16,1721.5699462890625,1721.5699462890625,1721.5699462890625,1721.5699462890625,0
2001-10-17,1681.8900146484375,1681.8900146484375,1681.8900146484375,1681.8900146484375,0
2001-10-18,1668.3900146484375,1668.3900146484375,1668.3900146484375,1668.3900146484375,0
2001-10-19,1686.81005859375,1686.81005859375,1686.81005859375,1686.81005859375,0
2001-10-22,1705.8199462890625,1705.8199462890625,1705.8199462890625,1705.8199462890625,0
2001-10-23,1693.43994140625,1693.43994140625,1693.43994140625,1693.43994140625,0
2001-10-24,1694.6099853515625,1694.6099853515625,1694.6099853515625,1694.6099853515625,0
2001-10-25,1727.550048828125,1727.550048828125,1727.550048828125,1727.550048828125,0
2001-10-26,1738.219970703125,1738.219970703125,1738.219970703125,1738.219970703125,0
2001-10-29,1701.8499755859375,1701.8499755859375,1701.8499755859375,1701.8499755859375,0
2001-10-30,1675.8900146484375,1675.8900146484375,1675.8900146484375,1675.8900146484375,0
2001-10-31,1697.1400146484375,1697.1400146484375,1697.1400146484375,1697.1400146484375,0
2001-11-01,1723.8399658203125,1723.8399658203125,1723.8399658203125,1723.8399658203125,0
2001-11-02,1716.739990234375,1716.739990234375,1716.739990234375,1716.739990234375,0
2001-11-05,1734.469970703125,1734.469970703125,1734.469970703125,1734.469970703125,0
2001-11-06,1755.31005859375,1755.31005859375,1755.31005859375,1755.31005859375,0
2001-11-07,1747.72998046875,1747.72998046875,1747.72998046875,1747.72998046875,0
2001-11-08,1740.8900146484375,1740.8900146484375,1740.8900146484375,1740.8900146484375,0
2001-11-09,1737.0999755859375,1737.0999755859375,1737.0999755859375,1737.0999755859375,0
2001-11-12,1746.52001953125,1746.52001953125,1746.52001953125,1746.52001953125,0
2001-11-13,1777.969970703125,1777.969970703125,1777.969970703125,1777.969970703125,0
2001-11-14,1795.97998046875,1795.97998046875,1795.97998046875,1795.97998046875,0
2001-11-15,1782.550048828125,1782.550048828125,1782.550048828125,1782.550048828125,0
2001-11-16,1790.1300048828125,1790.1300048828125,1790.1300048828125,1790.1300048828125,0
2001-11-19,1815.6199951171875,1815.6199951171875,1815.6199951171875,1815.6199951171875,0
2001-11-20,1800.6300048828125,1800.6300048828125,1800.6300048828125,1800.6300048828125,0
2001-11-21,1794.3900146484375,1794.3900146484375,1794.3900146484375,1794.3900146484375,0
2001-11-23,1818.6400146484375,1818.6400146484375,1818.6400146484375,1818.6400146484375,0
2001-11-26,1829.7099609375,1829.7099609375,1829.7099609375,1829.7099609375,0
2001-11-27,1827.75,1827.75,1827.75,1827.75,0
2001-11-28,1800.239990234375,1800.239990234375,1800.239990234375,1800.239990234375,0
2001-11-29,1838.6099853515625,1838.6099853515625,1838.6099853515625,1838.6099853515625,0
2001-11-30,1828.530029296875,1828.530029296875,1828.530029296875,1828.530029296875,0
2001-12-03,1813.6500244140625,1813.6500244140625,1813.6500244140625,1813.6500244140625,0
2001-12-04,1856.5699462890625,1856.5699462890625,1856.5699462890625,1856.5699462890625,0
2001-12-05,1902.68994140625,1902.68994140625,1902.68994140625,1902.68994140625,0
2001-12-06,1914.010009765625,1914.010009765625,1914.010009765625,1914.010009765625,0
2001-12-07,1910.0,1910.0,1910.0,1910.0,0
2001-12-10,1882.1700439453125,1882.1700439453125,1882.1700439453125,1882.1700439453125,0
2001-12-11,1884.56005859375,1884.56005859375,1884.56005859375,1884.56005859375,0
2001-12-12,1887.25,1887.25,1887.25,1887.25,0
2001-12-13,1860.969970703125,1860.969970703125,1860.969970703125,1860.969970703125,0
2001-12-14,1871.469970703125,1871.469970703125,1871.469970703125,1871.469970703125,0
2001-12-17,1905.780029296875,1905.780029296875,1905.780029296875,1905.780029296875,0
2001-12-18,1927.8499755859375,1927.8499755859375,1927.8499755859375,1927.8499755859375,0
2001-12-19,1914.43994140625,1914.43994140625,1914.43994140625,1914.43994140625,0
2001-12-20,1882.77001953125,1882.77001953125,1882.77001953125,1882.77001953125,0
2001-12-21,1922.27001953125,1922.27001953125,1922.27001953125,1922.27001953125,0
2001-12-24,1929.300048828125,1929.300048828125,1929.300048828125,1929.300048828125,0
2001-12-26,1947.06005859375,1947.06005859375,1947.06005859375,1947.06005859375,0
2001-12-27,1957.489990234375,1957.489990234375,1957.489990234375,1957.489990234375,0
2001-12-28,1961.7099609375,1961.7099609375,1961.7099609375,1961.7099609375,0
2001-12-31,1941.3900146484375,1941.3900146484375,1941.3900146484375,1941.3900146484375,0
2002-01-02,1936.239990234375,1936.239990234375,1936.239990234375,1936.239990234375,0
2002-01-03,1969.3900146484375,1969.3900146484375,1969.3900146484375,1969.3900146484375,0
2002-01-04,1984.25,1984.25,1984.25,1984.25,0
2002-01-07,1959.9599609375,1959.9599609375,1959.9599609375,1959.9599609375,0
2002-01-08,1978.75,1978.75,1978.75,1978.75,0
2002-01-09,1966.3599853515625,1966.3599853515625,1966.3599853515625,1966.3599853515625,0
2002-01-10,1968.7099609375,1968.7099609375,1968.7099609375,1968.7099609375,0
2002-01-11,1947.550048828125,1947.550048828125,1947.550048828125,1947.550048828125,0
2002-01-14,1919.97998046875,1919.97998046875,1919.97998046875,1919.97998046875,0
2002-01-15,1927.93994140625,1927.93994140625,1927.93994140625,1927.93994140625,0
2002-01-16,1893.969970703125,1893.969970703125,1893.969970703125,1893.969970703125,0
2002-01-17,1917.72998046875,1917.72998046875,1917.72998046875,1917.72998046875,0
2002-01-18,1885.8800048828125,1885.8800048828125,1885.8800048828125,1885.8800048828125,0
2002-01-22,1866.239990234375,1866.239990234375,1866.239990234375,1866.239990234375,0
2002-01-23,1898.2099609375,1898.2099609375,1898.2099609375,1898.2099609375,0
2002-01-24,1907.2900390625,1907.2900390625,1907.2900390625,1907.2900390625,0
2002-01-25,1905.8299560546875,1905.8299560546875,1905.8299560546875,1905.8299560546875,0
2002-01-28,1913.5,1913.5,1913.5,1913.5,0
2002-01-29,1884.6400146484375,1884.6400146484375,1884.6400146484375,1884.6400146484375,0
2002-01-30,1907.6700439453125,1907.6700439453125,1907.6700439453125,1907.6700439453125,0
2002-01-31,1921.199951171875,1921.199951171875,1921.199951171875,1921.199951171875,0
2002-02-01,1909.0699462890625,1909.0699462890625,1909.0699462890625,1909.0699462890625,0
2002-02-04,1869.56005859375,1869.56005859375,1869.56005859375,1869.56005859375,0
2002-02-05,1864.5400390625,1864.5400390625,1864.5400390625,1864.5400390625,0
2002-02-06,1839.280029296875,1839.280029296875,1839.280029296875,1839.280029296875,0
2002-02-07,1823.43994140625,1823.43994140625,1823.43994140625,1823.43994140625,0
2002-02-08,1856.3900146484375,1856.3900146484375,1856.3900146484375,1856.3900146484375,0
2002-02-11,1874.9200439453125,1874.9200439453125,1874.9200439453125,1874.9200439453125,0
2002-02-12,1877.8199462890625,1877.8199462890625,1877.8199462890625,1877.8199462890625,0
2002-02-13,1895.4000244140625,1895.4000244140625,1895.4000244140625,1895.4000244140625,0
2002-02-14,1873.2900390625,1873.2900390625,1873.2900390625,1873.2900390625,0
2002-02-15,1867.2900390625,1867.2900390625,1867.2900390625,1867.2900390625,0
2002-02-19,1830.43994140625,1830.43994140625,1830.43994140625,1830.43994140625,0
2002-02-20,1859.6600341796875,1859.6600341796875,1859.6600341796875,1859.6600341796875,0
2002-02-21,1824.6199951171875,1824.6199951171875,1824.6199951171875,1824.6199951171875,0
2002-02-22,1851.0,1851.0,1851.0,1851.0,0
2002-02-25,1863.449951171875,1863.449951171875,1863.449951171875,1863.449951171875,0
2002-02-26,1875.9300537109375,1875.9300537109375,1875.9300537109375,1875.9300537109375,0
2002-02-27,1881.449951171875,1881.449951171875,1881.449951171875,1881.449951171875,0
2002-02-28,1868.550048828125,1868.550048828125,1868.550048828125,1868.550048828125,0
2002-03-01,1904.3199462890625,1904.3199462890625,1904.3199462890625,1904.3199462890625,0
2002-03-04,1942.8299560546875,1942.8299560546875,1942.8299560546875,1942.8299560546875,0
2002-03-05,1941.1700439453125,1941.1700439453125,1941.1700439453125,1941.1700439453125,0
2002-03-06,1970.1099853515625,1970.1099853515625,1970.1099853515625,1970.1099853515625,0
2002-03-07,1970.739990234375,1970.739990234375,1970.739990234375,1970.739990234375,0
2002-03-08,1990.449951171875,1990.449951171875,1990.449951171875,1990.449951171875,0
2002-03-11,1994.0400390625,1994.0400390625,1994.0400390625,1994.0400390625,0
2002-03-12,1986.739990234375,1986.739990234375,1986.739990234375,1986.739990234375,0
2002-03-13,1973.4100341796875,1973.4100341796875,1973.4100341796875,1973.4100341796875,0
2002-03-14,1982.6600341796875,1982.6600341796875,1982.6600341796875,1982.6600341796875,0
2002-03-15,1988.1300048828125,1988.1300048828125,1988.1300048828125,1988.1300048828125,0
2002-03-18,2002.8199462890625,2002.8199462890625,2002.8199462890625,2002.8199462890625,0
2002-03-19,2010.56005859375,2010.56005859375,2010.56005859375,2010.56005859375,0
2002-03-20,1987.989990234375,1987.989990234375,1987.989990234375,1987.989990234375,0
2002-03-21,2013.5799560546875,2013.5799560546875,2013.5799560546875,2013.5799560546875,0
2002-03-22,2001.52001953125,2001.52001953125,2001.52001953125,2001.52001953125,0
2002-03-25,1977.5999755859375,1977.5999755859375,1977.5999755859375,1977.5999755859375,0
2002-03-26,1999.4599609375,1999.4599609375,1999.4599609375,1999.4599609375,0
2002-03-27,2016.27001953125,2016.27001953125,2016.27001953125,2016.27001953125,0
2002-03-28,2018.72998046875,2018.72998046875,2018.72998046875,2018.72998046875,0
2002-04-01,2010.9599609375,2010.9599609375,2010.9599609375,2010.9599609375,0
2002-04-02,1994.9599609375,1994.9599609375,1994.9599609375,1994.9599609375,0
2002-04-03,1979.77001953125,1979.77001953125,1979.77001953125,1979.77001953125,0
2002-04-04,1986.8599853515625,1986.8599853515625,1986.8599853515625,1986.8599853515625,0
2002-04-05,1984.4200439453125,1984.4200439453125,1984.4200439453125,1984.4200439453125,0
2002-04-08,2005.4599609375,2005.4599609375,2005.4599609375,2005.4599609375,0
2002-04-09,2005.5,2005.5,2005.5,2005.5,0
2002-04-10,2038.699951171875,2038.699951171875,2038.699951171875,2038.699951171875,0
2002-04-11,2008.6800537109375,2008.6800537109375,2008.6800537109375,2008.6800537109375,0
2002-04-12,2055.4599609375,2055.4599609375,2055.4599609375,2055.4599609375,0
2002-04-15,2044.6199951171875,2044.6199951171875,2044.6199951171875,2044.6199951171875,0
2002-04-16,2085.35009765625,2085.35009765625,2085.35009765625,2085.35009765625,0
2002-04-17,2068.72998046875,2068.72998046875,2068.72998046875,2068.72998046875,0
2002-04-18,2067.97998046875,2067.97998046875,2067.97998046875,2067.97998046875,0
2002-04-19,2063.389892578125,2063.389892578125,2063.389892578125,2063.389892578125,0
2002-04-22,2037.5999755859375,2037.5999755859375,2037.5999755859375,2037.5999755859375,0
2002-04-23,2035.030029296875,2035.030029296875,2035.030029296875,2035.030029296875,0
2002-04-24,2023.27001953125,2023.27001953125,2023.27001953125,2023.27001953125,0
2002-04-25,2029.449951171875,2029.449951171875,2029.449951171875,2029.449951171875,0
2002-04-26,2000.3299560546875,2000.3299560546875,2000.3299560546875,2000.3299560546875,0
2002-04-29,1996.6700439453125,1996.6700439453125,1996.6700439453125,1996.6700439453125,0
2002-04-30,2037.1199951171875,2037.1199951171875,2037.1199951171875,2037.1199951171875,0
2002-05-01,2037.9100341796875,2037.9100341796875,2037.9100341796875,2037.9100341796875,0
2002-05-02,2048.2099609375,2048.2099609375,2048.2099609375,2048.2099609375,0
2002-05-03,2044.1700439453125,2044.1700439453125,2044.1700439453125,2044.1700439453125,0
2002-05-06,2006.6800537109375,2006.6800537109375,2006.6800537109375,2006.6800537109375,0
2002-05-07,1991.0,1991.0,1991.0,1991.0,0
2002-05-08,2034.260009765625,2034.260009765625,2034.260009765625,2034.260009765625,0
2002-05-09,2000.9100341796875,2000.9100341796875,2000.9100341796875,2000.9100341796875,0
2002-05-10,1966.4200439453125,1966.4200439453125,1966.4200439453125,1966.4200439453125,0
2002-05-13,1994.5,1994.5,1994.5,1994.5,0
2002-05-14,2042.43994140625,2042.43994140625,2042.43994140625,2042.43994140625,0
2002-05-15,2049.919921875,2049.919921875,2049.919921875,2049.919921875,0
2002-05-16,2025.56005859375,2025.56005859375,2025.56005859375,2025.56005859375,0
2002-05-17,2031.699951171875,2031.699951171875,2031.699951171875,2031.699951171875,0
2002-05-20,2008.6800537109375,2008.6800537109375,2008.6800537109375,2008.6800537109375,0
2002-05-21,1977.93994140625,1977.93994140625,1977.93994140625,1977.93994140625,0
2002-05-22,1971.9000244140625,1971.9000244140625,1971.9000244140625,1971.9000244140625,0
2002-05-23,2001.239990234375,2001.239990234375,2001.239990234375,2001.239990234375,0
2002-05-24,1970.8800048828125,1970.8800048828125,1970.8800048828125,1970.8800048828125,0
2002-05-28,1965.969970703125,1965.969970703125,1965.969970703125,1965.969970703125,0
2002-05-29,1947.1199951171875,1947.1199951171875,1947.1199951171875,1947.1199951171875,0
2002-05-30,1948.1600341796875,1948.1600341796875,1948.1600341796875,1948.1600341796875,0
2002-05-31,1946.7099609375,1946.7099609375,1946.7099609375,1946.7099609375,0
2002-06-03,1894.3900146484375,1894.3900146484375,1894.3900146484375,1894.3900146484375,0
2002-06-04,1891.9000244140625,1891.9000244140625,1891.9000244140625,1891.9000244140625,0
2002-06-05,1897.1500244140625,1897.1500244140625,1897.1500244140625,1897.1500244140625,0
2002-06-06,1858.3599853515625,1858.3599853515625,1858.3599853515625,1858.3599853515625,0
2002-06-07,1879.199951171875,1879.199951171875,1879.199951171875,1879.199951171875,0
2002-06-10,1874.5,1874.5,1874.5,1874.5,0
2002-06-11,1848.5400390625,1848.5400390625,1848.5400390625,1848.5400390625,0
2002-06-12,1849.81005859375,1849.81005859375,1849.81005859375,1849.81005859375,0
2002-06-13,1821.8199462890625,1821.8199462890625,1821.8199462890625,1821.8199462890625,0
2002-06-14,1834.219970703125,1834.219970703125,1834.219970703125,1834.219970703125,0
2002-06-17,1880.9100341796875,1880.9100341796875,1880.9100341796875,1880.9100341796875,0
2002-06-18,1876.81005859375,1876.81005859375,1876.81005859375,1876.81005859375,0
2002-06-19,1849.760009765625,1849.760009765625,1849.760009765625,1849.760009765625,0
2002-06-20,1839.22998046875,1839.22998046875,1839.22998046875,1839.22998046875,0
2002-06-21,1842.550048828125,1842.550048828125,1842.550048828125,1842.550048828125,0
2002-06-24,1834.6300048828125,1834.6300048828125,1834.6300048828125,1834.6300048828125,0
2002-06-25,1808.1700439453125,1808.1700439453125,1808.1700439453125,1808.1700439453125,0
2002-06-26,1811.3699951171875,1811.3699951171875,1811.3699951171875,1811.3699951171875,0
2002-06-27,1834.489990234375,1834.489990234375,1834.489990234375,1834.489990234375,0
2002-06-28,1850.1199951171875,1850.1199951171875,1850.1199951171875,1850.1199951171875,0
2002-07-01,1790.6099853515625,1790.6099853515625,1790.6099853515625,1790.6099853515625,0
2002-07-02,1731.1600341796875,1731.1600341796875,1731.1600341796875,1731.1600341796875,0
2002-07-03,1717.75,1717.75,1717.75,1717.75,0
2002-07-05,1763.5899658203125,1763.5899658203125,1763.5899658203125,1763.5899658203125,0
2002-07-08,1734.3800048828125,1734.3800048828125,1734.3800048828125,1734.3800048828125,0
2002-07-09,1716.989990234375,1716.989990234375,1716.989990234375,1716.989990234375,0
2002-07-10,1679.1800537109375,1679.1800537109375,1679.1800537109375,1679.1800537109375,0
2002-07-11,1666.93994140625,1666.93994140625,1666.93994140625,1666.93994140625,0
2002-07-12,1653.3199462890625,1653.3199462890625,1653.3199462890625,1653.3199462890625,0
2002-07-15,1636.5999755859375,1636.5999755859375,1636.5999755859375,1636.5999755859375,0
2002-07-16,1629.3599853515625,1629.3599853515625,1629.3599853515625,1629.3599853515625,0
2002-07-17,1639.06005859375,1639.06005859375,1639.06005859375,1639.06005859375,0
2002-07-18,1587.18994140625,1587.18994140625,1587.18994140625,1587.18994140625,0
2002-07-19,1545.1500244140625,1545.1500244140625,1545.1500244140625,1545.1500244140625,0
2002-07-22,1518.9599609375,1518.9599609375,1518.9599609375,1518.9599609375,0
2002-07-23,1456.3800048828125,1456.3800048828125,1456.3800048828125,1456.3800048828125,0
2002-07-24,1514.7099609375,1514.7099609375,1514.7099609375,1514.7099609375,0
2002-07-25,1513.010009765625,1513.010009765625,1513.010009765625,1513.010009765625,0
2002-07-26,1529.5899658203125,1529.5899658203125,1529.5899658203125,1529.5899658203125,0
2002-07-29,1604.1099853515625,1604.1099853515625,1604.1099853515625,1604.1099853515625,0
2002-07-30,1604.5999755859375,1604.5999755859375,1604.5999755859375,1604.5999755859375,0
2002-07-31,1570.699951171875,1570.699951171875,1570.699951171875,1570.699951171875,0
2002-08-01,1557.969970703125,1557.969970703125,1557.969970703125,1557.969970703125,0
2002-08-02,1506.949951171875,1506.949951171875,1506.949951171875,1506.949951171875,0
2002-08-05,1469.5899658203125,1469.5899658203125,1469.5899658203125,1469.5899658203125,0
2002-08-06,1524.4100341796875,1524.4100341796875,1524.4100341796875,1524.4100341796875,0
2002-08-07,1535.3699951171875,1535.3699951171875,1535.3699951171875,1535.3699951171875,0
2002-08-08,1560.969970703125,1560.969970703125,1560.969970703125,1560.969970703125,0
2002-08-09,1555.4200439453125,1555.4200439453125,1555.4200439453125,1555.4200439453125,0
2002-08-12,1555.8399658203125,1555.8399658203125,1555.8399658203125,1555.8399658203125,0
2002-08-13,1512.7900390625,1512.7900390625,1512.7900390625,1512.7900390625,0
2002-08-14,1559.6600341796875,1559.6600341796875,1559.6600341796875,1559.6600341796875,0
2002-08-15,1565.02001953125,1565.02001953125,1565.02001953125,1565.02001953125,0
2002-08-16,1586.030029296875,1586.030029296875,1586.030029296875,1586.030029296875,0
2002-08-19,1607.3699951171875,1607.3699951171875,1607.3699951171875,1607.3699951171875,0
2002-08-20,1593.5999755859375,1593.5999755859375,1593.5999755859375,1593.5999755859375,0
2002-08-21,1629.47998046875,1629.47998046875,1629.47998046875,1629.47998046875,0
2002-08-22,1641.1099853515625,1641.1099853515625,1641.1099853515625,1641.1099853515625,0
2002-08-23,1602.9200439453125,1602.9200439453125,1602.9200439453125,1602.9200439453125,0
2002-08-26,1633.3699951171875,1633.3699951171875,1633.3699951171875,1633.3699951171875,0
2002-08-27,1592.18994140625,1592.18994140625,1592.18994140625,1592.18994140625,0
2002-08-28,1560.25,1560.25,1560.25,1560.25,0
2002-08-29,1580.449951171875,1580.449951171875,1580.449951171875,1580.449951171875,0
2002-08-30,1566.699951171875,1566.699951171875,1566.699951171875,1566.699951171875,0
2002-09-03,1519.3299560546875,1519.3299560546875,1519.3299560546875,1519.3299560546875,0
2002-09-04,1562.050048828125,1562.050048828125,1562.050048828125,1562.050048828125,0
2002-09-05,1527.3399658203125,1527.3399658203125,1527.3399658203125,1527.3399658203125,0
2002-09-06,1569.52001953125,1569.52001953125,1569.52001953125,1569.52001953125,0
2002-09-09,1573.1600341796875,1573.1600341796875,1573.1600341796875,1573.1600341796875,0
2002-09-10,1580.050048828125,1580.050048828125,1580.050048828125,1580.050048828125,0
2002-09-11,1577.1199951171875,1577.1199951171875,1577.1199951171875,1577.1199951171875,0
2002-09-12,1548.9100341796875,1548.9100341796875,1548.9100341796875,1548.9100341796875,0
2002-09-13,1563.8399658203125,1563.8399658203125,1563.8399658203125,1563.8399658203125,0
2002-09-16,1548.3900146484375,1548.3900146484375,1548.3900146484375,1548.3900146484375,0
2002-09-17,1521.0899658203125,1521.0899658203125,1521.0899658203125,1521.0899658203125,0
2002-09-18,1510.8900146484375,1510.8900146484375,1510.8900146484375,1510.8900146484375,0
2002-09-19,1465.97998046875,1465.97998046875,1465.97998046875,1465.97998046875,0
2002-09-20,1473.010009765625,1473.010009765625,1473.010009765625,1473.010009765625,0
2002-09-23,1438.510009765625,1438.510009765625,1438.510009765625,1438.510009765625,0
2002-09-24,1430.1700439453125,1430.1700439453125,1430.1700439453125,1430.1700439453125,0
2002-09-25,1464.6400146484375,1464.6400146484375,1464.6400146484375,1464.6400146484375,0
2002-09-26,1487.7900390625,1487.7900390625,1487.7900390625,1487.7900390625,0
2002-09-27,1452.1700439453125,1452.1700439453125,1452.1700439453125,1452.1700439453125,0
2002-09-30,1454.18994140625,1454.18994140625,1454.18994140625,1454.18994140625,0
2002-10-01,1477.530029296875,1477.530029296875,1477.530029296875,1477.530029296875,0
2002-10-02,1446.0899658203125,1446.0899658203125,1446.0899658203125,1446.0899658203125,0
2002-10-03,1432.550048828125,1432.550048828125,1432.550048828125,1432.550048828125,0
2002-10-04,1396.97998046875,1396.97998046875,1396.97998046875,1396.97998046875,0
2002-10-07,1358.0799560546875,1358.0799560546875,1358.0799560546875,1358.0799560546875,0
2002-10-08,1366.3299560546875,1366.3299560546875,1366.3299560546875,1366.3299560546875,0
2002-10-09,1313.1300048828125,1313.1300048828125,1313.1300048828125,1313.1300048828125,0
2002-10-10,1349.949951171875,1349.949951171875,1349.949951171875,1349.949951171875,0
2002-10-11,1385.1400146484375,1385.1400146484375,1385.1400146484375,1385.1400146484375,0
2002-10-14,1391.5799560546875,1391.5799560546875,1391.5799560546875,1391.5799560546875,0
2002-10-15,1447.7900390625,1447.7900390625,1447.7900390625,1447.7900390625,0
2002-10-16,1409.050048828125,1409.050048828125,1409.050048828125,1409.050048828125,0
2002-10-17,1456.0899658203125,1456.0899658203125,1456.0899658203125,1456.0899658203125,0
2002-10-18,1459.4599609375,1459.4599609375,1459.4599609375,1459.4599609375,0
2002-10-21,1480.5799560546875,1480.5799560546875,1480.5799560546875,1480.5799560546875,0
2002-10-22,1456.6099853515625,1456.6099853515625,1456.6099853515625,1456.6099853515625,0
2002-10-23,1481.9100341796875,1481.9100341796875,1481.9100341796875,1481.9100341796875,0
2002-10-24,1470.1800537109375,1470.1800537109375,1470.1800537109375,1470.1800537109375,0
2002-10-25,1496.7900390625,1496.7900390625,1496.7900390625,1496.7900390625,0
2002-10-28,1482.22998046875,1482.22998046875,1482.22998046875,1482.22998046875,0
2002-10-29,1480.949951171875,1480.949951171875,1480.949951171875,1480.949951171875,0
2002-10-30,1503.3900146484375,1503.3900146484375,1503.3900146484375,1503.3900146484375,0
2002-10-31,1500.81005859375,1500.81005859375,1500.81005859375,1500.81005859375,0
2002-11-01,1540.8699951171875,1540.8699951171875,1540.8699951171875,1540.8699951171875,0
2002-11-04,1555.050048828125,1555.050048828125,1555.050048828125,1555.050048828125,0
2002-11-05,1551.5,1551.5,1551.5,1551.5,0
2002-11-06,1578.47998046875,1578.47998046875,1578.47998046875,1578.47998046875,0
2002-11-07,1540.050048828125,1540.050048828125,1540.050048828125,1540.050048828125,0
2002-11-08,1523.3599853515625,1523.3599853515625,1523.3599853515625,1523.3599853515625,0
2002-11-11,1483.739990234375,1483.739990234375,1483.739990234375,1483.739990234375,0
2002-11-12,1506.0999755859375,1506.0999755859375,1506.0999755859375,1506.0999755859375,0
2002-11-13,1512.2099609375,1512.2099609375,1512.2099609375,1512.2099609375,0
2002-11-14,1553.0799560546875,1553.0799560546875,1553.0799560546875,1553.0799560546875,0
2002-11-15,1551.8299560546875,1551.8299560546875,1551.8299560546875,1551.8299560546875,0
2002-11-18,1538.4000244140625,1538.4000244140625,1538.4000244140625,1538.4000244140625,0
2002-11-19,1526.280029296875,1526.280029296875,1526.280029296875,1526.280029296875,0
2002-11-20,1562.6700439453125,1562.6700439453125,1562.6700439453125,1562.6700439453125,0
2002-11-21,1599.3800048828125,1599.3800048828125,1599.3800048828125,1599.3800048828125,0
2002-11-22,1608.6700439453125,1608.6700439453125,1608.6700439453125,1608.6700439453125,0
2002-11-25,1628.1800537109375,1628.1800537109375,1628.1800537109375,1628.1800537109375,0
2002-11-26,1602.2099609375,1602.2099609375,1602.2099609375,1602.2099609375,0
2002-11-27,1650.3299560546875,1650.3299560546875,1650.3299560546875,1650.3299560546875,0
2002-11-29,1634.75,1634.75,1634.75,1634.75,0
2002-12-02,1643.530029296875,1643.530029296875,1643.530029296875,1643.530029296875,0
2002-12-03,1612.550048828125,1612.550048828125,1612.550048828125,1612.550048828125,0
2002-12-04,1599.4599609375,1599.4599609375,1599.4599609375,1599.4599609375,0
2002-12-05,1587.1600341796875,1587.1600341796875,1587.1600341796875,1587.1600341796875,0
2002-12-06,1596.3399658203125,1596.3399658203125,1596.3399658203125,1596.3399658203125,0
2002-12-09,1554.4599609375,1554.4599609375,1554.4599609375,1554.4599609375,0
2002-12-10,1583.449951171875,1583.449951171875,1583.449951171875,1583.449951171875,0
2002-12-11,1585.31005859375,1585.31005859375,1585.31005859375,1585.31005859375,0
2002-12-12,1591.43994140625,1591.43994140625,1591.43994140625,1591.43994140625,0
2002-12-13,1561.8699951171875,1561.8699951171875,1561.8699951171875,1561.8699951171875,0
2002-12-16,1589.719970703125,1589.719970703125,1589.719970703125,1589.719970703125,0
2002-12-17,1575.050048828125,1575.050048828125,1575.050048828125,1575.050048828125,0
2002-12-18,1545.6700439453125,1545.6700439453125,1545.6700439453125,1545.6700439453125,0
2002-12-19,1543.5699462890625,1543.5699462890625,1543.5699462890625,1543.5699462890625,0
2002-12-20,1557.739990234375,1557.739990234375,1557.739990234375,1557.739990234375,0
2002-12-23,1568.93994140625,1568.93994140625,1568.93994140625,1568.93994140625,0
2002-12-24,1562.699951171875,1562.699951171875,1562.699951171875,1562.699951171875,0
2002-12-26,1567.97998046875,1567.97998046875,1567.97998046875,1567.97998046875,0
2002-12-27,1547.68994140625,1547.68994140625,1547.68994140625,1547.68994140625,0
2002-12-30,1540.2099609375,1540.2099609375,1540.2099609375,1540.2099609375,0
2002-12-31,1543.72998046875,1543.72998046875,1543.72998046875,1543.72998046875,0
2003-01-02,1581.949951171875,1581.949951171875,1581.949951171875,1581.949951171875,0
2003-01-03,1572.8399658203125,1572.8399658203125,1572.8399658203125,1572.8399658203125,0
2003-01-06,1599.780029296875,1599.780029296875,1599.780029296875,1599.780029296875,0
2003-01-07,1587.52001953125,1587.52001953125,1587.52001953125,1587.52001953125,0
2003-01-08,1568.0,1568.0,1568.0,1568.0,0
2003-01-09,1595.7099609375,1595.7099609375,1595.7099609375,1595.7099609375,0
2003-01-10,1597.800048828125,1597.800048828125,1597.800048828125,1597.800048828125,0
2003-01-13,1596.9000244140625,1596.9000244140625,1596.9000244140625,1596.9000244140625,0
2003-01-14,1606.050048828125,1606.050048828125,1606.050048828125,1606.050048828125,0
2003-01-15,1594.449951171875,1594.449951171875,1594.449951171875,1594.449951171875,0
2003-01-16,1591.8699951171875,1591.8699951171875,1591.8699951171875,1591.8699951171875,0
2003-01-17,1564.5400390625,1564.5400390625,1564.5400390625,1564.5400390625,0
2003-01-21,1544.75,1544.75,1544.75,1544.75,0
2003-01-22,1534.1400146484375,1534.1400146484375,1534.1400146484375,1534.1400146484375,0
2003-01-23,1546.8800048828125,1546.8800048828125,1546.8800048828125,1546.8800048828125,0
2003-01-24,1512.1600341796875,1512.1600341796875,1512.1600341796875,1512.1600341796875,0
2003-01-27,1486.02001953125,1486.02001953125,1486.02001953125,1486.02001953125,0
2003-01-28,1504.5799560546875,1504.5799560546875,1504.5799560546875,1504.5799560546875,0
2003-01-29,1511.5899658203125,1511.5899658203125,1511.5899658203125,1511.5899658203125,0
2003-01-30,1482.5999755859375,1482.5999755859375,1482.5999755859375,1482.5999755859375,0
2003-01-31,1501.0,1501.0,1501.0,1501.0,0
2003-02-03,1493.280029296875,1493.280029296875,1493.280029296875,1493.280029296875,0
2003-02-04,1487.1500244140625,1487.1500244140625,1487.1500244140625,1487.1500244140625,0
2003-02-05,1480.2900390625,1480.2900390625,1480.2900390625,1480.2900390625,0
2003-02-06,1471.3399658203125,1471.3399658203125,1471.3399658203125,1471.3399658203125,0
2003-02-07,1447.3499755859375,1447.3499755859375,1447.3499755859375,1447.3499755859375,0
2003-02-10,1460.719970703125,1460.719970703125,1460.719970703125,1460.719970703125,0
2003-02-11,1452.1300048828125,1452.1300048828125,1452.1300048828125,1452.1300048828125,0
2003-02-12,1434.1099853515625,1434.1099853515625,1434.1099853515625,1434.1099853515625,0
2003-02-13,1431.719970703125,1431.719970703125,1431.719970703125,1431.719970703125,0
2003-02-14,1446.800048828125,1446.800048828125,1446.800048828125,1446.800048828125,0
2003-02-18,1471.1400146484375,1471.1400146484375,1471.1400146484375,1471.1400146484375,0
2003-02-19,1454.0699462890625,1454.0699462890625,1454.0699462890625,1454.0699462890625,0
2003-02-20,1451.9300537109375,1451.9300537109375,1451.9300537109375,1451.9300537109375,0
2003-02-21,1470.6199951171875,1470.6199951171875,1470.6199951171875,1470.6199951171875,0
2003-02-24,1445.8699951171875,1445.8699951171875,1445.8699951171875,1445.8699951171875,0
2003-02-25,1457.8699951171875,1457.8699951171875,1457.8699951171875,1457.8699951171875,0
2003-02-26,1445.18994140625,1445.18994140625,1445.18994140625,1445.18994140625,0
2003-02-27,1459.25,1459.25,1459.25,1459.25,0
2003-02-28,1455.6500244140625,1455.6500244140625,1455.6500244140625,1455.6500244140625,0
2003-03-03,1450.760009765625,1450.760009765625,1450.760009765625,1450.760009765625,0
2003-03-04,1439.489990234375,1439.489990234375,1439.489990234375,1439.489990234375,0
2003-03-05,1439.72998046875,1439.72998046875,1439.72998046875,1439.72998046875,0
2003-03-06,1428.969970703125,1428.969970703125,1428.969970703125,1428.969970703125,0
2003-03-07,1430.4100341796875,1430.4100341796875,1430.4100341796875,1430.4100341796875,0
2003-03-10,1405.5899658203125,1405.5899658203125,1405.5899658203125,1405.5899658203125,0
2003-03-11,1401.6700439453125,1401.6700439453125,1401.6700439453125,1401.6700439453125,0
2003-03-12,1397.6400146484375,1397.6400146484375,1397.6400146484375,1397.6400146484375,0
2003-03-13,1436.18994140625,1436.18994140625,1436.18994140625,1436.18994140625,0
2003-03-14,1431.93994140625,1431.93994140625,1431.93994140625,1431.93994140625,0
2003-03-17,1476.469970703125,1476.469970703125,1476.469970703125,1476.469970703125,0
2003-03-18,1486.989990234375,1486.989990234375,1486.989990234375,1486.989990234375,0
2003-03-19,1489.1199951171875,1489.1199951171875,1489.1199951171875,1489.1199951171875,0
2003-03-20,1497.1300048828125,1497.1300048828125,1497.1300048828125,1497.1300048828125,0
2003-03-21,1520.4100341796875,1520.4100341796875,1520.4100341796875,1520.4100341796875,0
2003-03-24,1484.0799560546875,1484.0799560546875,1484.0799560546875,1484.0799560546875,0
2003-03-25,1502.52001953125,1502.52001953125,1502.52001953125,1502.52001953125,0
2003-03-26,1488.0699462890625,1488.0699462890625,1488.0699462890625,1488.0699462890625,0
2003-03-27,1494.219970703125,1494.219970703125,1494.219970703125,1494.219970703125,0
2003-03-28,1491.06005859375,1491.06005859375,1491.06005859375,1491.06005859375,0
2003-03-31,1474.3900146484375,1474.3900146484375,1474.3900146484375,1474.3900146484375,0
2003-04-01,1491.2099609375,1491.2099609375,1491.2099609375,1491.2099609375,0
2003-04-02,1522.0699462890625,1522.0699462890625,1522.0699462890625,1522.0699462890625,0
2003-04-03,1517.760009765625,1517.760009765625,1517.760009765625,1517.760009765625,0
2003-04-04,1509.93994140625,1509.93994140625,1509.93994140625,1509.93994140625,0
2003-04-07,1523.22998046875,1523.22998046875,1523.22998046875,1523.22998046875,0
2003-04-08,1515.5999755859375,1515.5999755859375,1515.5999755859375,1515.5999755859375,0
2003-04-09,1506.0699462890625,1506.0699462890625,1506.0699462890625,1506.0699462890625,0
2003-04-10,1507.760009765625,1507.760009765625,1507.760009765625,1507.760009765625,0
2003-04-11,1502.31005859375,1502.31005859375,1502.31005859375,1502.31005859375,0
2003-04-14,1527.949951171875,1527.949951171875,1527.949951171875,1527.949951171875,0
2003-04-15,1536.0799560546875,1536.0799560546875,1536.0799560546875,1536.0799560546875,0
2003-04-16,1528.510009765625,1528.510009765625,1528.510009765625,1528.510009765625,0
2003-04-17,1552.72998046875,1552.72998046875,1552.72998046875,1552.72998046875,0
2003-04-21,1559.25,1559.25,1559.25,1559.25,0
2003-04-22,1583.010009765625,1583.010009765625,1583.010009765625,1583.010009765625,0
2003-04-23,1598.4200439453125,1598.4200439453125,1598.4200439453125,1598.4200439453125,0
2003-04-24,1587.5400390625,1587.5400390625,1587.5400390625,1587.5400390625,0
2003-04-25,1572.3299560546875,1572.3299560546875,1572.3299560546875,1572.3299560546875,0
2003-04-28,1599.77001953125,1599.77001953125,1599.77001953125,1599.77001953125,0
2003-04-29,1602.260009765625,1602.260009765625,1602.260009765625,1602.260009765625,0
2003-04-30,1614.18994140625,1614.18994140625,1614.18994140625,1614.18994140625,0
2003-05-01,1614.8699951171875,1614.8699951171875,1614.8699951171875,1614.8699951171875,0
2003-05-02,1650.72998046875,1650.72998046875,1650.72998046875,1650.72998046875,0
2003-05-05,1659.43994140625,1659.43994140625,1659.43994140625,1659.43994140625,0
2003-05-06,1671.3800048828125,1671.3800048828125,1671.3800048828125,1671.3800048828125,0
2003-05-07,1661.3599853515625,1661.3599853515625,1661.3599853515625,1661.3599853515625,0
2003-05-08,1651.0799560546875,1651.0799560546875,1651.0799560546875,1651.0799560546875,0
2003-05-09,1674.7900390625,1674.7900390625,1674.7900390625,1674.7900390625,0
2003-05-12,1693.699951171875,1693.699951171875,1693.699951171875,1693.699951171875,0
2003-05-13,1698.06005859375,1698.06005859375,1698.06005859375,1698.06005859375,0
2003-05-14,1699.0999755859375,1699.0999755859375,1699.0999755859375,1699.0999755859375,0
2003-05-15,1709.800048828125,1709.800048828125,1709.800048828125,1709.800048828125,0
2003-05-16,1680.050048828125,1680.050048828125,1680.050048828125,1680.050048828125,0
2003-05-19,1654.2900390625,1654.2900390625,1654.2900390625,1654.2900390625,0
2003-05-20,1657.1700439453125,1657.1700439453125,1657.1700439453125,1657.1700439453125,0
2003-05-21,1664.1600341796875,1664.1600341796875,1664.1600341796875,1664.1600341796875,0
2003-05-22,1681.9100341796875,1681.9100341796875,1681.9100341796875,1681.9100341796875,0
2003-05-23,1695.3299560546875,1695.3299560546875,1695.3299560546875,1695.3299560546875,0
2003-05-27,1733.0400390625,1733.0400390625,1733.0400390625,1733.0400390625,0
2003-05-28,1744.5699462890625,1744.5699462890625,1744.5699462890625,1744.5699462890625,0
2003-05-29,1753.4599609375,1753.4599609375,1753.4599609375,1753.4599609375,0
2003-05-30,1787.4100341796875,1787.4100341796875,1787.4100341796875,1787.4100341796875,0
2003-06-02,1794.030029296875,1794.030029296875,1794.030029296875,1794.030029296875,0
2003-06-03,1799.050048828125,1799.050048828125,1799.050048828125,1799.050048828125,0
2003-06-04,1829.030029296875,1829.030029296875,1829.030029296875,1829.030029296875,0
2003-06-05,1851.239990234375,1851.239990234375,1851.239990234375,1851.239990234375,0
2003-06-06,1840.2099609375,1840.2099609375,1840.2099609375,1840.2099609375,0
2003-06-09,1803.1500244140625,1803.1500244140625,1803.1500244140625,1803.1500244140625,0
2003-06-10,1828.31005859375,1828.31005859375,1828.31005859375,1828.31005859375,0
2003-06-11,1846.9300537109375,1846.9300537109375,1846.9300537109375,1846.9300537109375,0
2003-06-12,1852.239990234375,1852.239990234375,1852.239990234375,1852.239990234375,0
2003-06-13,1823.77001953125,1823.77001953125,1823.77001953125,1823.77001953125,0
2003-06-16,1855.27001953125,1855.27001953125,1855.27001953125,1855.27001953125,0
2003-06-17,1857.4599609375,1857.4599609375,1857.4599609375,1857.4599609375,0
2003-06-18,1855.5,1855.5,1855.5,1855.5,0
2003-06-19,1826.4200439453125,1826.4200439453125,1826.4200439453125,1826.4200439453125,0
2003-06-20,1823.3599853515625,1823.3599853515625,1823.3599853515625,1823.3599853515625,0
2003-06-23,1782.25,1782.25,1782.25,1782.25,0
2003-06-24,1788.3199462890625,1788.3199462890625,1788.3199462890625,1788.3199462890625,0
2003-06-25,1797.800048828125,1797.800048828125,1797.800048828125,1797.800048828125,0
2003-06-26,1825.780029296875,1825.780029296875,1825.780029296875,1825.780029296875,0
2003-06-27,1821.3299560546875,1821.3299560546875,1821.3299560546875,1821.3299560546875,0
2003-06-30,1819.760009765625,1819.760009765625,1819.760009765625,1819.760009765625,0
2003-07-01,1823.219970703125,1823.219970703125,1823.219970703125,1823.219970703125,0
2003-07-02,1862.8499755859375,1862.8499755859375,1862.8499755859375,1862.8499755859375,0
2003-07-03,1852.56005859375,1852.56005859375,1852.56005859375,1852.56005859375,0
2003-07-07,1890.56005859375,1890.56005859375,1890.56005859375,1890.56005859375,0
2003-07-08,1924.1500244140625,1924.1500244140625,1924.1500244140625,1924.1500244140625,0
2003-07-09,1936.4599609375,1936.4599609375,1936.4599609375,1936.4599609375,0
2003-07-10,1904.219970703125,1904.219970703125,1904.219970703125,1904.219970703125,0
2003-07-11,1923.5899658203125,1923.5899658203125,1923.5899658203125,1923.5899658203125,0
2003-07-14,1944.9100341796875,1944.9100341796875,1944.9100341796875,1944.9100341796875,0
2003-07-15,1936.47998046875,1936.47998046875,1936.47998046875,1936.47998046875,0
2003-07-16,1923.280029296875,1923.280029296875,1923.280029296875,1923.280029296875,0
2003-07-17,1867.5,1867.5,1867.5,1867.5,0
2003-07-18,1887.1500244140625,1887.1500244140625,1887.1500244140625,1887.1500244140625,0
2003-07-21,1856.3399658203125,1856.3399658203125,1856.3399658203125,1856.3399658203125,0
2003-07-22,1884.1199951171875,1884.1199951171875,1884.1199951171875,1884.1199951171875,0
2003-07-23,1892.8499755859375,1892.8499755859375,1892.8499755859375,1892.8499755859375,0
2003-07-24,1889.3299560546875,1889.3299560546875,1889.3299560546875,1889.3299560546875,0
2003-07-25,1904.0999755859375,1904.0999755859375,1904.0999755859375,1904.0999755859375,0
2003-07-28,1924.199951171875,1924.199951171875,1924.199951171875,1924.199951171875,0
2003-07-29,1923.56005859375,1923.56005859375,1923.56005859375,1923.56005859375,0
2003-07-30,1920.489990234375,1920.489990234375,1920.489990234375,1920.489990234375,0
2003-07-31,1933.6199951171875,1933.6199951171875,1933.6199951171875,1933.6199951171875,0
2003-08-01,1901.489990234375,1901.489990234375,1901.489990234375,1901.489990234375,0
2003-08-04,1888.0999755859375,1888.0999755859375,1888.0999755859375,1888.0999755859375,0
2003-08-05,1858.4300537109375,1858.4300537109375,1858.4300537109375,1858.4300537109375,0
2003-08-06,1844.260009765625,1844.260009765625,1844.260009765625,1844.260009765625,0
2003-08-07,1843.75,1843.75,1843.75,1843.75,0
2003-08-08,1844.489990234375,1844.489990234375,1844.489990234375,1844.489990234375,0
2003-08-11,1866.1199951171875,1866.1199951171875,1866.1199951171875,1866.1199951171875,0
2003-08-12,1897.3499755859375,1897.3499755859375,1897.3499755859375,1897.3499755859375,0
2003-08-13,1899.77001953125,1899.77001953125,1899.77001953125,1899.77001953125,0
2003-08-14,1915.0999755859375,1915.0999755859375,1915.0999755859375,1915.0999755859375,0
2003-08-15,1917.949951171875,1917.949951171875,1917.949951171875,1917.949951171875,0
2003-08-18,1954.5699462890625,1954.5699462890625,1954.5699462890625,1954.5699462890625,0
2003-08-19,1986.199951171875,1986.199951171875,1986.199951171875,1986.199951171875,0
2003-08-20,1989.3399658203125,1989.3399658203125,1989.3399658203125,1989.3399658203125,0
2003-08-21,2011.22998046875,2011.22998046875,2011.22998046875,2011.22998046875,0
2003-08-22,1973.4000244140625,1973.4000244140625,1973.4000244140625,1973.4000244140625,0
2003-08-25,1966.7099609375,1966.7099609375,1966.7099609375,1966.7099609375,0
2003-08-26,1977.4599609375,1977.4599609375,1977.4599609375,1977.4599609375,0
2003-08-27,1995.7099609375,1995.7099609375,1995.7099609375,1995.7099609375,0
2003-08-28,2015.6800537109375,2015.6800537109375,2015.6800537109375,2015.6800537109375,0
2003-08-29,2022.27001953125,2022.27001953125,2022.27001953125,2022.27001953125,0
2003-09-02,2063.260009765625,2063.260009765625,2063.260009765625,2063.260009765625,0
2003-09-03,2076.4599609375,2076.4599609375,2076.4599609375,2076.4599609375,0
2003-09-04,2084.02001953125,2084.02001953125,2084.02001953125,2084.02001953125,0
2003-09-05,2069.10009765625,2069.10009765625,2069.10009765625,2069.10009765625,0
2003-09-08,2102.68994140625,2102.68994140625,2102.68994140625,2102.68994140625,0
2003-09-09,2088.320068359375,2088.320068359375,2088.320068359375,2088.320068359375,0
2003-09-10,2040.4100341796875,2040.4100341796875,2040.4100341796875,2040.4100341796875,0
2003-09-11,2063.780029296875,2063.780029296875,2063.780029296875,2063.780029296875,0
2003-09-12,2070.510009765625,2070.510009765625,2070.510009765625,2070.510009765625,0
2003-09-15,2064.800048828125,2064.800048828125,2064.800048828125,2064.800048828125,0
2003-09-16,2097.43994140625,2097.43994140625,2097.43994140625,2097.43994140625,0
2003-09-17,2095.25,2095.25,2095.25,2095.25,0
2003-09-18,2113.050048828125,2113.050048828125,2113.050048828125,2113.050048828125,0
2003-09-19,2116.090087890625,2116.090087890625,2116.090087890625,2116.090087890625,0
2003-09-22,2089.4599609375,2089.4599609375,2089.4599609375,2089.4599609375,0
2003-09-23,2112.719970703125,2112.719970703125,2112.719970703125,2112.719970703125,0
2003-09-24,2066.0,2066.0,2066.0,2066.0,0
2003-09-25,2013.9599609375,2013.9599609375,2013.9599609375,2013.9599609375,0
2003-09-26,1975.0899658203125,1975.0899658203125,1975.0899658203125,1975.0899658203125,0
2003-09-29,2005.4200439453125,2005.4200439453125,2005.4200439453125,2005.4200439453125,0
2003-09-30,1984.949951171875,1984.949951171875,1984.949951171875,1984.949951171875,0
2003-10-01,2036.510009765625,2036.510009765625,2036.510009765625,2036.510009765625,0
2003-10-02,2048.39990234375,2048.39990234375,2048.39990234375,2048.39990234375,0
2003-10-03,2085.3701171875,2085.3701171875,2085.3701171875,2085.3701171875,0
2003-10-06,2103.5,2103.5,2103.5,2103.5,0
2003-10-07,2119.989990234375,2119.989990234375,2119.989990234375,2119.989990234375,0
2003-10-08,2099.35009765625,2099.35009765625,2099.35009765625,2099.35009765625,0
2003-10-09,2122.47998046875,2122.47998046875,2122.47998046875,2122.47998046875,0
2003-10-10,2113.31005859375,2113.31005859375,2113.31005859375,2113.31005859375,0
2003-10-13,2147.989990234375,2147.989990234375,2147.989990234375,2147.989990234375,0
2003-10-14,2165.340087890625,2165.340087890625,2165.340087890625,2165.340087890625,0
2003-10-15,2147.18994140625,2147.18994140625,2147.18994140625,2147.18994140625,0
2003-10-16,2156.550048828125,2156.550048828125,2156.550048828125,2156.550048828125,0
2003-10-17,2118.77001953125,2118.77001953125,2118.77001953125,2118.77001953125,0
2003-10-20,2123.2099609375,2123.2099609375,2123.2099609375,2123.2099609375,0
2003-10-21,2139.889892578125,2139.889892578125,2139.889892578125,2139.889892578125,0
2003-10-22,2089.570068359375,2089.570068359375,2089.570068359375,2089.570068359375,0
2003-10-23,2078.77001953125,2078.77001953125,2078.77001953125,2078.77001953125,0
2003-10-24,2062.27001953125,2062.27001953125,2062.27001953125,2062.27001953125,0
2003-10-27,2098.6298828125,2098.6298828125,2098.6298828125,2098.6298828125,0
2003-10-28,2141.4599609375,2141.4599609375,2141.4599609375,2141.4599609375,0
2003-10-29,2166.030029296875,2166.030029296875,2166.030029296875,2166.030029296875,0
2003-10-30,2160.340087890625,2160.340087890625,2160.340087890625,2160.340087890625,0
2003-10-31,2151.639892578125,2151.639892578125,2151.639892578125,2151.639892578125,0
2003-11-03,2190.9599609375,2190.9599609375,2190.9599609375,2190.9599609375,0
2003-11-04,2195.199951171875,2195.199951171875,2195.199951171875,2195.199951171875,0
2003-11-05,2195.5,2195.5,2195.5,2195.5,0
2003-11-06,2212.1298828125,2212.1298828125,2212.1298828125,2212.1298828125,0
2003-11-07,2212.2099609375,2212.2099609375,2212.2099609375,2212.2099609375,0
2003-11-10,2172.510009765625,2172.510009765625,2172.510009765625,2172.510009765625,0
2003-11-11,2153.580078125,2153.580078125,2153.580078125,2153.580078125,0
2003-11-12,2203.219970703125,2203.219970703125,2203.219970703125,2203.219970703125,0
2003-11-13,2205.510009765625,2205.510009765625,2205.510009765625,2205.510009765625,0
2003-11-14,2171.929931640625,2171.929931640625,2171.929931640625,2171.929931640625,0
2003-11-17,2144.4599609375,2144.4599609375,2144.4599609375,2144.4599609375,0
2003-11-18,2125.97998046875,2125.97998046875,2125.97998046875,2125.97998046875,0
2003-11-19,2142.1201171875,2142.1201171875,2142.1201171875,2142.1201171875,0
2003-11-20,2131.7900390625,2131.7900390625,2131.7900390625,2131.7900390625,0
2003-11-21,2143.4599609375,2143.4599609375,2143.4599609375,2143.4599609375,0
2003-11-24,2198.820068359375,2198.820068359375,2198.820068359375,2198.820068359375,0
2003-11-25,2214.1298828125,2214.1298828125,2214.1298828125,2214.1298828125,0
2003-11-26,2223.080078125,2223.080078125,2223.080078125,2223.080078125,0
2003-11-28,2227.989990234375,2227.989990234375,2227.989990234375,2227.989990234375,0
2003-12-01,2260.949951171875,2260.949951171875,2260.949951171875,2260.949951171875,0
2003-12-02,2256.919921875,2256.919921875,2256.919921875,2256.919921875,0
2003-12-03,2222.81005859375,2222.81005859375,2222.81005859375,2222.81005859375,0
2003-12-04,2218.669921875,2218.669921875,2218.669921875,2218.669921875,0
2003-12-05,2197.77001953125,2197.77001953125,2197.77001953125,2197.77001953125,0
2003-12-08,2214.25,2214.25,2214.25,2214.25,0
2003-12-09,2179.610107421875,2179.610107421875,2179.610107421875,2179.610107421875,0
2003-12-10,2155.0400390625,2155.0400390625,2155.0400390625,2155.0400390625,0
2003-12-11,2214.25,2214.25,2214.25,2214.25,0
2003-12-12,2233.31005859375,2233.31005859375,2233.31005859375,2233.31005859375,0
2003-12-15,2183.1201171875,2183.1201171875,2183.1201171875,2183.1201171875,0
2003-12-16,2193.320068359375,2193.320068359375,2193.320068359375,2193.320068359375,0
2003-12-17,2196.860107421875,2196.860107421875,2196.860107421875,2196.860107421875,0
2003-12-18,2230.800048828125,2230.800048828125,2230.800048828125,2230.800048828125,0
2003-12-19,2230.77001953125,2230.77001953125,2230.77001953125,2230.77001953125,0
2003-12-22,2240.969970703125,2240.969970703125,2240.969970703125,2240.969970703125,0
2003-12-23,2264.169921875,2264.169921875,2264.169921875,2264.169921875,0
2003-12-24,2253.22998046875,2253.22998046875,2253.22998046875,2253.22998046875,0
2003-12-26,2263.840087890625,2263.840087890625,2263.840087890625,2263.840087890625,0
2003-12-29,2301.35009765625,2301.35009765625,2301.35009765625,2301.35009765625,0
2003-12-30,2308.10009765625,2308.10009765625,2308.10009765625,2308.10009765625,0
2003-12-31,2273.199951171875,2273.199951171875,2273.199951171875,2273.199951171875,0
2004-01-02,2289.340087890625,2289.340087890625,2289.340087890625,2289.340087890625,0
2004-01-05,2322.340087890625,2322.340087890625,2322.340087890625,2322.340087890625,0
2004-01-06,2326.27001953125,2326.27001953125,2326.27001953125,2326.27001953125,0
2004-01-07,2345.679931640625,2345.679931640625,2345.679931640625,2345.679931640625,0
2004-01-08,2366.169921875,2366.169921875,2366.169921875,2366.169921875,0
2004-01-09,2348.27001953125,2348.27001953125,2348.27001953125,2348.27001953125,0
2004-01-12,2380.139892578125,2380.139892578125,2380.139892578125,2380.139892578125,0
2004-01-13,2372.699951171875,2372.699951171875,2372.699951171875,2372.699951171875,0
2004-01-14,2393.090087890625,2393.090087890625,2393.090087890625,2393.090087890625,0
2004-01-15,2394.1201171875,2394.1201171875,2394.1201171875,2394.1201171875,0
2004-01-16,2410.699951171875,2410.699951171875,2410.699951171875,2410.699951171875,0
2004-01-20,2441.60009765625,2441.60009765625,2441.60009765625,2441.60009765625,0
2004-01-21,2439.64990234375,2439.64990234375,2439.64990234375,2439.64990234375,0
2004-01-22,2416.2099609375,2416.2099609375,2416.2099609375,2416.2099609375,0
2004-01-23,2434.219970703125,2434.219970703125,2434.219970703125,2434.219970703125,0
2004-01-26,2456.10009765625,2456.10009765625,2456.10009765625,2456.10009765625,0
2004-01-27,2430.27001953125,2430.27001953125,2430.27001953125,2430.27001953125,0
2004-01-28,2384.639892578125,2384.639892578125,2384.639892578125,2384.639892578125,0
2004-01-29,2368.22998046875,2368.22998046875,2368.22998046875,2368.22998046875,0
2004-01-30,2371.9599609375,2371.9599609375,2371.9599609375,2371.9599609375,0
2004-02-02,2371.050048828125,2371.050048828125,2371.050048828125,2371.050048828125,0
2004-02-03,2365.47998046875,2365.47998046875,2365.47998046875,2365.47998046875,0
2004-02-04,2303.85009765625,2303.85009765625,2303.85009765625,2303.85009765625,0
2004-02-05,2326.449951171875,2326.449951171875,2326.449951171875,2326.449951171875,0
2004-02-06,2385.909912109375,2385.909912109375,2385.909912109375,2385.909912109375,0
2004-02-09,2391.699951171875,2391.699951171875,2391.699951171875,2391.699951171875,0
2004-02-10,2421.739990234375,2421.739990234375,2421.739990234375,2421.739990234375,0
2004-02-11,2439.449951171875,2439.449951171875,2439.449951171875,2439.449951171875,0
2004-02-12,2421.969970703125,2421.969970703125,2421.969970703125,2421.969970703125,0
2004-02-13,2390.8701171875,2390.8701171875,2390.8701171875,2390.8701171875,0
2004-02-17,2429.10009765625,2429.10009765625,2429.10009765625,2429.10009765625,0
2004-02-18,2416.909912109375,2416.909912109375,2416.909912109375,2416.909912109375,0
2004-02-19,2380.590087890625,2380.590087890625,2380.590087890625,2380.590087890625,0
2004-02-20,2369.590087890625,2369.590087890625,2369.590087890625,2369.590087890625,0
2004-02-23,2330.050048828125,2330.050048828125,2330.050048828125,2330.050048828125,0
2004-02-24,2336.860107421875,2336.860107421875,2336.860107421875,2336.860107421875,0
2004-02-25,2366.330078125,2366.330078125,2366.330078125,2366.330078125,0
2004-02-26,2386.260009765625,2386.260009765625,2386.260009765625,2386.260009765625,0
2004-02-27,2393.219970703125,2393.219970703125,2393.219970703125,2393.219970703125,0
2004-03-01,2430.860107421875,2430.860107421875,2430.860107421875,2430.860107421875,0
2004-03-02,2415.739990234375,2415.739990234375,2415.739990234375,2415.739990234375,0
2004-03-03,2416.969970703125,2416.969970703125,2416.969970703125,2416.969970703125,0
2004-03-04,2445.860107421875,2445.860107421875,2445.860107421875,2445.860107421875,0
2004-03-05,2450.669921875,2450.669921875,2450.669921875,2450.669921875,0
2004-03-08,2422.0,2422.0,2422.0,2422.0,0
2004-03-09,2395.199951171875,2395.199951171875,2395.199951171875,2395.199951171875,0
2004-03-10,2350.6298828125,2350.6298828125,2350.6298828125,2350.6298828125,0
2004-03-11,2325.530029296875,2325.530029296875,2325.530029296875,2325.530029296875,0
2004-03-12,2383.320068359375,2383.320068359375,2383.320068359375,2383.320068359375,0
2004-03-15,2318.489990234375,2318.489990234375,2318.489990234375,2318.489990234375,0
2004-03-16,2317.25,2317.25,2317.25,2317.25,0
2004-03-17,2366.18994140625,2366.18994140625,2366.18994140625,2366.18994140625,0
2004-03-18,2349.800048828125,2349.800048828125,2349.800048828125,2349.800048828125,0
2004-03-19,2334.22998046875,2334.22998046875,2334.22998046875,2334.22998046875,0
2004-03-22,2286.169921875,2286.169921875,2286.169921875,2286.169921875,0
2004-03-23,2294.1298828125,2294.1298828125,2294.1298828125,2294.1298828125,0
2004-03-24,2280.75,2280.75,2280.75,2280.75,0
2004-03-25,2337.639892578125,2337.639892578125,2337.639892578125,2337.639892578125,0
2004-03-26,2343.3798828125,2343.3798828125,2343.3798828125,2343.3798828125,0
2004-03-29,2387.070068359375,2387.070068359375,2387.070068359375,2387.070068359375,0
2004-03-30,2411.739990234375,2411.739990234375,2411.739990234375,2411.739990234375,0
2004-03-31,2415.52001953125,2415.52001953125,2415.52001953125,2415.52001953125,0
2004-04-01,2436.22998046875,2436.22998046875,2436.22998046875,2436.22998046875,0
2004-04-02,2469.669921875,2469.669921875,2469.669921875,2469.669921875,0
2004-04-05,2481.72998046875,2481.72998046875,2481.72998046875,2481.72998046875,0
2004-04-06,2452.929931640625,2452.929931640625,2452.929931640625,2452.929931640625,0
2004-04-07,2462.5,2462.5,2462.5,2462.5,0
2004-04-08,2447.1298828125,2447.1298828125,2447.1298828125,2447.1298828125,0
2004-04-12,2454.389892578125,2454.389892578125,2454.389892578125,2454.389892578125,0
2004-04-13,2397.919921875,2397.919921875,2397.919921875,2397.919921875,0
2004-04-14,2382.409912109375,2382.409912109375,2382.409912109375,2382.409912109375,0
2004-04-15,2375.429931640625,2375.429931640625,2375.429931640625,2375.429931640625,0
2004-04-16,2388.06005859375,2388.06005859375,2388.06005859375,2388.06005859375,0
2004-04-19,2402.719970703125,2402.719970703125,2402.719970703125,2402.719970703125,0
2004-04-20,2357.139892578125,2357.139892578125,2357.139892578125,2357.139892578125,0
2004-04-21,2387.5400390625,2387.5400390625,2387.5400390625,2387.5400390625,0
2004-04-22,2428.570068359375,2428.570068359375,2428.570068359375,2428.570068359375,0
2004-04-23,2418.219970703125,2418.219970703125,2418.219970703125,2418.219970703125,0
2004-04-26,2413.070068359375,2413.070068359375,2413.070068359375,2413.070068359375,0
2004-04-27,2418.449951171875,2418.449951171875,2418.449951171875,2418.449951171875,0
2004-04-28,2362.760009765625,2362.760009765625,2362.760009765625,2362.760009765625,0
2004-04-29,2322.840087890625,2322.840087890625,2322.840087890625,2322.840087890625,0
2004-04-30,2292.3701171875,2292.3701171875,2292.3701171875,2292.3701171875,0
2004-05-03,2315.669921875,2315.669921875,2315.669921875,2315.669921875,0
2004-05-04,2332.739990234375,2332.739990234375,2332.739990234375,2332.739990234375,0
2004-05-05,2334.7099609375,2334.7099609375,2334.7099609375,2334.7099609375,0
2004-05-06,2306.419921875,2306.419921875,2306.419921875,2306.419921875,0
2004-05-07,2246.93994140625,2246.93994140625,2246.93994140625,2246.93994140625,0
2004-05-10,2203.22998046875,2203.22998046875,2203.22998046875,2203.22998046875,0
2004-05-11,2247.3701171875,2247.3701171875,2247.3701171875,2247.3701171875,0
2004-05-12,2249.0,2249.0,2249.0,2249.0,0
2004-05-13,2241.68994140625,2241.68994140625,2241.68994140625,2241.68994140625,0
2004-05-14,2227.75,2227.75,2227.75,2227.75,0
2004-05-17,2193.260009765625,2193.260009765625,2193.260009765625,2193.260009765625,0
2004-05-18,2222.8701171875,2222.8701171875,2222.8701171875,2222.8701171875,0
2004-05-19,2215.9599609375,2215.9599609375,2215.9599609375,2215.9599609375,0
2004-05-20,2215.52001953125,2215.52001953125,2215.52001953125,2215.52001953125,0
2004-05-21,2236.300048828125,2236.300048828125,2236.300048828125,2236.300048828125,0
2004-05-24,2260.530029296875,2260.530029296875,2260.530029296875,2260.530029296875,0
2004-05-25,2316.56005859375,2316.56005859375,2316.56005859375,2316.56005859375,0
2004-05-26,2326.4599609375,2326.4599609375,2326.4599609375,2326.4599609375,0
2004-05-27,2329.97998046875,2329.97998046875,2329.97998046875,2329.97998046875,0
2004-05-28,2328.85009765625,2328.85009765625,2328.85009765625,2328.85009765625,0
2004-06-01,2346.1201171875,2346.1201171875,2346.1201171875,2346.1201171875,0
2004-06-02,2350.6298828125,2350.6298828125,2350.6298828125,2350.6298828125,0
2004-06-03,2305.18994140625,2305.18994140625,2305.18994140625,2305.18994140625,0
2004-06-04,2326.97998046875,2326.97998046875,2326.97998046875,2326.97998046875,0
2004-06-07,2372.72998046875,2372.72998046875,2372.72998046875,2372.72998046875,0
2004-06-08,2368.699951171875,2368.699951171875,2368.699951171875,2368.699951171875,0
2004-06-09,2330.60009765625,2330.60009765625,2330.60009765625,2330.60009765625,0
2004-06-10,2332.929931640625,2332.929931640625,2332.929931640625,2332.929931640625,0
2004-06-14,2286.4599609375,2286.4599609375,2286.4599609375,2286.4599609375,0
2004-06-15,2328.56005859375,2328.56005859375,2328.56005859375,2328.56005859375,0
2004-06-16,2337.52001953125,2337.52001953125,2337.52001953125,2337.52001953125,0
2004-06-17,2335.52001953125,2335.52001953125,2335.52001953125,2335.52001953125,0
2004-06-18,2339.580078125,2339.580078125,2339.580078125,2339.580078125,0
2004-06-21,2332.199951171875,2332.199951171875,2332.199951171875,2332.199951171875,0
2004-06-22,2345.14990234375,2345.14990234375,2345.14990234375,2345.14990234375,0
2004-06-23,2379.080078125,2379.080078125,2379.080078125,2379.080078125,0
2004-06-24,2374.60009765625,2374.60009765625,2374.60009765625,2374.60009765625,0
2004-06-25,2410.080078125,2410.080078125,2410.080078125,2410.080078125,0
2004-06-28,2396.300048828125,2396.300048828125,2396.300048828125,2396.300048828125,0
2004-06-29,2411.719970703125,2411.719970703125,2411.719970703125,2411.719970703125,0
2004-06-30,2426.929931640625,2426.929931640625,2426.929931640625,2426.929931640625,0
2004-07-01,2389.840087890625,2389.840087890625,2389.840087890625,2389.840087890625,0
2004-07-02,2391.110107421875,2391.110107421875,2391.110107421875,2391.110107421875,0
2004-07-06,2348.860107421875,2348.860107421875,2348.860107421875,2348.860107421875,0
2004-07-07,2347.419921875,2347.419921875,2347.419921875,2347.419921875,0
2004-07-08,2301.139892578125,2301.139892578125,2301.139892578125,2301.139892578125,0
2004-07-09,2313.52001953125,2313.52001953125,2313.52001953125,2313.52001953125,0
2004-07-12,2307.429931640625,2307.429931640625,2307.429931640625,2307.429931640625,0
2004-07-13,2309.35009765625,2309.35009765625,2309.35009765625,2309.35009765625,0
2004-07-14,2297.31005859375,2297.31005859375,2297.31005859375,2297.31005859375,0
2004-07-15,2307.280029296875,2307.280029296875,2307.280029296875,2307.280029296875,0
2004-07-16,2279.93994140625,2279.93994140625,2279.93994140625,2279.93994140625,0
2004-07-19,2276.889892578125,2276.889892578125,2276.889892578125,2276.889892578125,0
2004-07-20,2315.699951171875,2315.699951171875,2315.699951171875,2315.699951171875,0
2004-07-21,2251.669921875,2251.669921875,2251.669921875,2251.669921875,0
2004-07-22,2243.2900390625,2243.2900390625,2243.2900390625,2243.2900390625,0
2004-07-23,2213.389892578125,2213.389892578125,2213.389892578125,2213.389892578125,0
2004-07-26,2189.85009765625,2189.85009765625,2189.85009765625,2189.85009765625,0
2004-07-27,2235.5,2235.5,2235.5,2235.5,0
2004-07-28,2221.8701171875,2221.8701171875,2221.8701171875,2221.8701171875,0
2004-07-29,2257.52001953125,2257.52001953125,2257.52001953125,2257.52001953125,0
2004-07-30,2263.52001953125,2263.52001953125,2263.52001953125,2263.52001953125,0
2004-08-02,2266.219970703125,2266.219970703125,2266.219970703125,2266.219970703125,0
2004-08-03,2232.22998046875,2232.22998046875,2232.22998046875,2232.22998046875,0
2004-08-04,2228.409912109375,2228.409912109375,2228.409912109375,2228.409912109375,0
2004-08-05,2186.280029296875,2186.280029296875,2186.280029296875,2186.280029296875,0
2004-08-06,2134.159912109375,2134.159912109375,2134.159912109375,2134.159912109375,0
2004-08-09,2129.110107421875,2129.110107421875,2129.110107421875,2129.110107421875,0
2004-08-10,2176.14990234375,2176.14990234375,2176.14990234375,2176.14990234375,0
2004-08-11,2163.169921875,2163.169921875,2163.169921875,2163.169921875,0
2004-08-12,2124.219970703125,2124.219970703125,2124.219970703125,2124.219970703125,0
2004-08-13,2125.52001953125,2125.52001953125,2125.52001953125,2125.52001953125,0
2004-08-16,2169.35009765625,2169.35009765625,2169.35009765625,2169.35009765625,0
2004-08-17,2177.360107421875,2177.360107421875,2177.360107421875,2177.360107421875,0
2004-08-18,2225.219970703125,2225.219970703125,2225.219970703125,2225.219970703125,0
2004-08-19,2208.090087890625,2208.090087890625,2208.090087890625,2208.090087890625,0
2004-08-20,2251.22998046875,2251.22998046875,2251.22998046875,2251.22998046875,0
2004-08-23,2232.97998046875,2232.97998046875,2232.97998046875,2232.97998046875,0
2004-08-24,2239.360107421875,2239.360107421875,2239.360107421875,2239.360107421875,0
2004-08-25,2260.510009765625,2260.510009765625,2260.510009765625,2260.510009765625,0
2004-08-26,2248.64990234375,2248.64990234375,2248.64990234375,2248.64990234375,0
2004-08-27,2266.919921875,2266.919921875,2266.919921875,2266.919921875,0
2004-08-30,2238.030029296875,2238.030029296875,2238.030029296875,2238.030029296875,0
2004-08-31,2251.8798828125,2251.8798828125,2251.8798828125,2251.8798828125,0
2004-09-01,2270.6201171875,2270.6201171875,2270.6201171875,2270.6201171875,0
2004-09-02,2300.739990234375,2300.739990234375,2300.739990234375,2300.739990234375,0
2004-09-03,2286.239990234375,2286.239990234375,2286.239990234375,2286.239990234375,0
2004-09-07,2313.780029296875,2313.780029296875,2313.780029296875,2313.780029296875,0
2004-09-08,2292.85009765625,2292.85009765625,2292.85009765625,2292.85009765625,0
2004-09-09,2327.3701171875,2327.3701171875,2327.3701171875,2327.3701171875,0
2004-09-10,2342.739990234375,2342.739990234375,2342.739990234375,2342.739990234375,0
2004-09-13,2356.2900390625,2356.2900390625,2356.2900390625,2356.2900390625,0
2004-09-14,2347.570068359375,2347.570068359375,2347.570068359375,2347.570068359375,0
2004-09-15,2337.679931640625,2337.679931640625,2337.679931640625,2337.679931640625,0
2004-09-16,2362.5,2362.5,2362.5,2362.5,0
2004-09-17,2356.909912109375,2356.909912109375,2356.909912109375,2356.909912109375,0
2004-09-20,2346.969970703125,2346.969970703125,2346.969970703125,2346.969970703125,0
2004-09-21,2372.3701171875,2372.3701171875,2372.3701171875,2372.3701171875,0
2004-09-22,2327.219970703125,2327.219970703125,2327.219970703125,2327.219970703125,0
2004-09-23,2326.93994140625,2326.93994140625,2326.93994140625,2326.93994140625,0
2004-09-24,2327.6201171875,2327.6201171875,2327.6201171875,2327.6201171875,0
2004-09-27,2296.31005859375,2296.31005859375,2296.31005859375,2296.31005859375,0
2004-09-28,2327.3798828125,2327.3798828125,2327.3798828125,2327.3798828125,0
2004-09-29,2349.830078125,2349.830078125,2349.830078125,2349.830078125,0
2004-09-30,2357.60009765625,2357.60009765625,2357.60009765625,2357.60009765625,0
2004-10-01,2407.47998046875,2407.47998046875,2407.47998046875,2407.47998046875,0
2004-10-04,2424.2099609375,2424.2099609375,2424.2099609375,2424.2099609375,0
2004-10-05,2417.080078125,2417.080078125,2417.080078125,2417.080078125,0
2004-10-06,2439.409912109375,2439.409912109375,2439.409912109375,2439.409912109375,0
2004-10-07,2398.110107421875,2398.110107421875,2398.110107421875,2398.110107421875,0
2004-10-08,2369.52001953125,2369.52001953125,2369.52001953125,2369.52001953125,0
2004-10-11,2377.3798828125,2377.3798828125,2377.3798828125,2377.3798828125,0
2004-10-12,2373.919921875,2373.919921875,2373.919921875,2373.919921875,0
2004-10-13,2344.0400390625,2344.0400390625,2344.0400390625,2344.0400390625,0
2004-10-14,2325.360107421875,2325.360107421875,2325.360107421875,2325.360107421875,0
2004-10-15,2344.110107421875,2344.110107421875,2344.110107421875,2344.110107421875,0
2004-10-18,2354.840087890625,2354.840087890625,2354.840087890625,2354.840087890625,0
2004-10-19,2332.840087890625,2332.840087890625,2332.840087890625,2332.840087890625,0
2004-10-20,2347.1201171875,2347.1201171875,2347.1201171875,2347.1201171875,0
2004-10-21,2374.02001953125,2374.02001953125,2374.02001953125,2374.02001953125,0
2004-10-22,2337.4599609375,2337.4599609375,2337.4599609375,2337.4599609375,0
2004-10-25,2353.52001953125,2353.52001953125,2353.52001953125,2353.52001953125,0
2004-10-26,2378.0,2378.0,2378.0,2378.0,0
2004-10-27,2417.699951171875,2417.699951171875,2417.699951171875,2417.699951171875,0
2004-10-28,2411.56005859375,2411.56005859375,2411.56005859375,2411.56005859375,0
2004-10-29,2404.010009765625,2404.010009765625,2404.010009765625,2404.010009765625,0
2004-11-01,2417.260009765625,2417.260009765625,2417.260009765625,2417.260009765625,0
2004-11-02,2410.860107421875,2410.860107421875,2410.860107421875,2410.860107421875,0
2004-11-03,2451.739990234375,2451.739990234375,2451.739990234375,2451.739990234375,0
2004-11-04,2480.02001953125,2480.02001953125,2480.02001953125,2480.02001953125,0
2004-11-05,2488.969970703125,2488.969970703125,2488.969970703125,2488.969970703125,0
2004-11-08,2480.159912109375,2480.159912109375,2480.159912109375,2480.159912109375,0
2004-11-09,2499.1201171875,2499.1201171875,2499.1201171875,2499.1201171875,0
2004-11-10,2511.699951171875,2511.699951171875,2511.699951171875,2511.699951171875,0
2004-11-11,2539.260009765625,2539.260009765625,2539.260009765625,2539.260009765625,0
2004-11-12,2562.72998046875,2562.72998046875,2562.72998046875,2562.72998046875,0
2004-11-15,2570.5400390625,2570.5400390625,2570.5400390625,2570.5400390625,0
2004-11-16,2545.97998046875,2545.97998046875,2545.97998046875,2545.97998046875,0
2004-11-17,2567.030029296875,2567.030029296875,2567.030029296875,2567.030029296875,0
2004-11-18,2563.2900390625,2563.2900390625,2563.2900390625,2563.2900390625,0
2004-11-19,2527.77001953125,2527.77001953125,2527.77001953125,2527.77001953125,0
2004-11-22,2561.139892578125,2561.139892578125,2561.139892578125,2561.139892578125,0
2004-11-23,2573.68994140625,2573.68994140625,2573.68994140625,2573.68994140625,0
2004-11-24,2594.239990234375,2594.239990234375,2594.239990234375,2594.239990234375,0
2004-11-26,2601.360107421875,2601.360107421875,2601.360107421875,2601.360107421875,0
2004-11-29,2615.340087890625,2615.340087890625,2615.340087890625,2615.340087890625,0
2004-11-30,2612.530029296875,2612.530029296875,2612.530029296875,2612.530029296875,0
2004-12-01,2653.5400390625,2653.5400390625,2653.5400390625,2653.5400390625,0
2004-12-02,2648.739990234375,2648.739990234375,2648.739990234375,2648.739990234375,0
2004-12-03,2647.52001953125,2647.52001953125,2647.52001953125,2647.52001953125,0
2004-12-06,2634.4599609375,2634.4599609375,2634.4599609375,2634.4599609375,0
2004-12-07,2578.719970703125,2578.719970703125,2578.719970703125,2578.719970703125,0
2004-12-08,2602.2099609375,2602.2099609375,2602.2099609375,2602.2099609375,0
2004-12-09,2594.169921875,2594.169921875,2594.169921875,2594.169921875,0
2004-12-10,2606.800048828125,2606.800048828125,2606.800048828125,2606.800048828125,0
2004-12-13,2631.1201171875,2631.1201171875,2631.1201171875,2631.1201171875,0
2004-12-14,2653.969970703125,2653.969970703125,2653.969970703125,2653.969970703125,0
2004-12-15,2675.10009765625,2675.10009765625,2675.10009765625,2675.10009765625,0
2004-12-16,2648.889892578125,2648.889892578125,2648.889892578125,2648.889892578125,0
2004-12-17,2648.320068359375,2648.320068359375,2648.320068359375,2648.320068359375,0
2004-12-20,2631.7900390625,2631.7900390625,2631.7900390625,2631.7900390625,0
2004-12-21,2665.7900390625,2665.7900390625,2665.7900390625,2665.7900390625,0
2004-12-22,2675.280029296875,2675.280029296875,2675.280029296875,2675.280029296875,0
2004-12-23,2679.02001953125,2679.02001953125,2679.02001953125,2679.02001953125,0
2004-12-27,2658.2900390625,2658.2900390625,2658.2900390625,2658.2900390625,0
2004-12-28,2700.56005859375,2700.56005859375,2700.56005859375,2700.56005859375,0
2004-12-29,2696.889892578125,2696.889892578125,2696.889892578125,2696.889892578125,0
2004-12-30,2696.0,2696.0,2696.0,2696.0,0
2004-12-31,2689.860107421875,2689.860107421875,2689.860107421875,2689.860107421875,0
2005-01-03,2644.010009765625,2644.010009765625,2644.010009765625,2644.010009765625,0
2005-01-04,2594.89990234375,2594.89990234375,2594.89990234375,2594.89990234375,0
2005-01-05,2549.280029296875,2549.280029296875,2549.280029296875,2549.280029296875,0
2005-01-06,2559.090087890625,2559.090087890625,2559.090087890625,2559.090087890625,0
2005-01-07,2531.85009765625,2531.85009765625,2531.85009765625,2531.85009765625,0
2005-01-10,2550.570068359375,2550.570068359375,2550.570068359375,2550.570068359375,0
2005-01-11,2524.949951171875,2524.949951171875,2524.949951171875,2524.949951171875,0
2005-01-12,2532.139892578125,2532.139892578125,2532.139892578125,2532.139892578125,0
2005-01-13,2519.510009765625,2519.510009765625,2519.510009765625,2519.510009765625,0
2005-01-14,2549.8798828125,2549.8798828125,2549.8798828125,2549.8798828125,0
2005-01-18,2580.43994140625,2580.43994140625,2580.43994140625,2580.43994140625,0
2005-01-19,2551.7900390625,2551.7900390625,2551.7900390625,2551.7900390625,0
2005-01-20,2528.840087890625,2528.840087890625,2528.840087890625,2528.840087890625,0
2005-01-21,2523.64990234375,2523.64990234375,2523.64990234375,2523.64990234375,0
2005-01-24,2496.60009765625,2496.60009765625,2496.60009765625,2496.60009765625,0
2005-01-25,2504.719970703125,2504.719970703125,2504.719970703125,2504.719970703125,0
2005-01-26,2546.35009765625,2546.35009765625,2546.35009765625,2546.35009765625,0
2005-01-27,2548.0400390625,2548.0400390625,2548.0400390625,2548.0400390625,0
2005-01-28,2532.10009765625,2532.10009765625,2532.10009765625,2532.10009765625,0
2005-01-31,2577.6298828125,2577.6298828125,2577.6298828125,2577.6298828125,0
2005-02-01,2594.659912109375,2594.659912109375,2594.659912109375,2594.659912109375,0
2005-02-02,2610.60009765625,2610.60009765625,2610.60009765625,2610.60009765625,0
2005-02-03,2599.909912109375,2599.909912109375,2599.909912109375,2599.909912109375,0
2005-02-04,2633.510009765625,2633.510009765625,2633.510009765625,2633.510009765625,0
2005-02-07,2630.14990234375,2630.14990234375,2630.14990234375,2630.14990234375,0
2005-02-08,2638.929931640625,2638.929931640625,2638.929931640625,2638.929931640625,0
2005-02-09,2585.3701171875,2585.3701171875,2585.3701171875,2585.3701171875,0
2005-02-10,2590.030029296875,2590.030029296875,2590.030029296875,2590.030029296875,0
2005-02-11,2623.080078125,2623.080078125,2623.080078125,2623.080078125,0
2005-02-14,2624.18994140625,2624.18994140625,2624.18994140625,2624.18994140625,0
2005-02-15,2623.89990234375,2623.89990234375,2623.89990234375,2623.89990234375,0
2005-02-16,2640.31005859375,2640.31005859375,2640.31005859375,2640.31005859375,0
2005-02-17,2608.47998046875,2608.47998046875,2608.47998046875,2608.47998046875,0
2005-02-18,2604.360107421875,2604.360107421875,2604.360107421875,2604.360107421875,0
2005-02-22,2553.93994140625,2553.93994140625,2553.93994140625,2553.93994140625,0
2005-02-23,2564.949951171875,2564.949951171875,2564.949951171875,2564.949951171875,0
2005-02-24,2594.080078125,2594.080078125,2594.080078125,2594.080078125,0
2005-02-25,2635.6298828125,2635.6298828125,2635.6298828125,2635.6298828125,0
2005-02-28,2621.2900390625,2621.2900390625,2621.2900390625,2621.2900390625,0
2005-03-01,2639.739990234375,2639.739990234375,2639.739990234375,2639.739990234375,0
2005-03-02,2634.89990234375,2634.89990234375,2634.89990234375,2634.89990234375,0
2005-03-03,2638.929931640625,2638.929931640625,2638.929931640625,2638.929931640625,0
2005-03-04,2666.580078125,2666.580078125,2666.580078125,2666.580078125,0
2005-03-07,2662.06005859375,2662.06005859375,2662.06005859375,2662.06005859375,0
2005-03-08,2637.860107421875,2637.860107421875,2637.860107421875,2637.860107421875,0
2005-03-09,2609.5,2609.5,2609.5,2609.5,0
2005-03-10,2592.469970703125,2592.469970703125,2592.469970703125,2592.469970703125,0
2005-03-11,2592.5400390625,2592.5400390625,2592.5400390625,2592.5400390625,0
2005-03-14,2606.929931640625,2606.929931640625,2606.929931640625,2606.929931640625,0
2005-03-15,2592.68994140625,2592.68994140625,2592.68994140625,2592.68994140625,0
2005-03-16,2576.699951171875,2576.699951171875,2576.699951171875,2576.699951171875,0
2005-03-17,2587.27001953125,2587.27001953125,2587.27001953125,2587.27001953125,0
2005-03-18,2575.3701171875,2575.3701171875,2575.3701171875,2575.3701171875,0
2005-03-21,2571.27001953125,2571.27001953125,2571.27001953125,2571.27001953125,0
2005-03-22,2559.14990234375,2559.14990234375,2559.14990234375,2559.14990234375,0
2005-03-23,2532.199951171875,2532.199951171875,2532.199951171875,2532.199951171875,0
2005-03-24,2545.47998046875,2545.47998046875,2545.47998046875,2545.47998046875,0
2005-03-28,2544.919921875,2544.919921875,2544.919921875,2544.919921875,0
2005-03-29,2502.669921875,2502.669921875,2502.669921875,2502.669921875,0
2005-03-30,2545.360107421875,2545.360107421875,2545.360107421875,2545.360107421875,0
2005-03-31,2546.25,2546.25,2546.25,2546.25,0
2005-04-01,2531.699951171875,2531.699951171875,2531.699951171875,2531.699951171875,0
2005-04-04,2540.8701171875,2540.8701171875,2540.8701171875,2540.8701171875,0
2005-04-05,2544.050048828125,2544.050048828125,2544.050048828125,2544.050048828125,0
2005-04-06,2551.39990234375,2551.39990234375,2551.39990234375,2551.39990234375,0
2005-04-07,2566.25,2566.25,2566.25,2566.25,0
2005-04-08,2529.02001953125,2529.02001953125,2529.02001953125,2529.02001953125,0
2005-04-11,2514.219970703125,2514.219970703125,2514.219970703125,2514.219970703125,0
2005-04-12,2538.469970703125,2538.469970703125,2538.469970703125,2538.469970703125,0
2005-04-13,2495.429931640625,2495.429931640625,2495.429931640625,2495.429931640625,0
2005-04-14,2451.530029296875,2451.530029296875,2451.530029296875,2451.530029296875,0
2005-04-15,2405.3701171875,2405.3701171875,2405.3701171875,2405.3701171875,0
2005-04-18,2424.360107421875,2424.360107421875,2424.360107421875,2424.360107421875,0
2005-04-19,2464.139892578125,2464.139892578125,2464.139892578125,2464.139892578125,0
2005-04-20,2422.830078125,2422.830078125,2422.830078125,2422.830078125,0
2005-04-21,2480.949951171875,2480.949951171875,2480.949951171875,2480.949951171875,0
2005-04-22,2441.81005859375,2441.81005859375,2441.81005859375,2441.81005859375,0
2005-04-25,2470.419921875,2470.419921875,2470.419921875,2470.419921875,0
2005-04-26,2434.110107421875,2434.110107421875,2434.110107421875,2434.110107421875,0
2005-04-27,2432.330078125,2432.330078125,2432.330078125,2432.330078125,0
2005-04-28,2382.340087890625,2382.340087890625,2382.340087890625,2382.340087890625,0
2005-04-29,2400.429931640625,2400.429931640625,2400.429931640625,2400.429931640625,0
2005-05-02,2427.2900390625,2427.2900390625,2427.2900390625,2427.2900390625,0
2005-05-03,2421.639892578125,2421.639892578125,2421.639892578125,2421.639892578125,0
2005-05-04,2466.25,2466.25,2466.25,2466.25,0
2005-05-05,2468.139892578125,2468.139892578125,2468.139892578125,2468.139892578125,0
2005-05-06,2472.0,2472.0,2472.0,2472.0,0
2005-05-09,2498.52001953125,2498.52001953125,2498.52001953125,2498.52001953125,0
2005-05-10,2465.97998046875,2465.97998046875,2465.97998046875,2465.97998046875,0
2005-05-11,2468.550048828125,2468.550048828125,2468.550048828125,2468.550048828125,0
2005-05-12,2432.739990234375,2432.739990234375,2432.739990234375,2432.739990234375,0
2005-05-13,2412.659912109375,2412.659912109375,2412.659912109375,2412.659912109375,0
2005-05-16,2452.919921875,2452.919921875,2452.919921875,2452.919921875,0
2005-05-17,2467.7099609375,2467.7099609375,2467.7099609375,2467.7099609375,0
2005-05-18,2520.14990234375,2520.14990234375,2520.14990234375,2520.14990234375,0
2005-05-19,2530.8798828125,2530.8798828125,2530.8798828125,2530.8798828125,0
2005-05-20,2526.590087890625,2526.590087890625,2526.590087890625,2526.590087890625,0
2005-05-23,2540.9599609375,2540.9599609375,2540.9599609375,2540.9599609375,0
2005-05-24,2541.360107421875,2541.360107421875,2541.360107421875,2541.360107421875,0
2005-05-25,2514.31005859375,2514.31005859375,2514.31005859375,2514.31005859375,0
2005-05-26,2548.860107421875,2548.860107421875,2548.860107421875,2548.860107421875,0
2005-05-27,2558.330078125,2558.330078125,2558.330078125,2558.330078125,0
2005-05-31,2557.5400390625,2557.5400390625,2557.5400390625,2557.5400390625,0
2005-06-01,2586.89990234375,2586.89990234375,2586.89990234375,2586.89990234375,0
2005-06-02,2593.10009765625,2593.10009765625,2593.10009765625,2593.10009765625,0
2005-06-03,2572.7099609375,2572.7099609375,2572.7099609375,2572.7099609375,0
2005-06-06,2583.6298828125,2583.6298828125,2583.6298828125,2583.6298828125,0
2005-06-07,2587.159912109375,2587.159912109375,2587.159912109375,2587.159912109375,0
2005-06-08,2573.639892578125,2573.639892578125,2573.639892578125,2573.639892578125,0
2005-06-09,2597.639892578125,2597.639892578125,2597.639892578125,2597.639892578125,0
2005-06-10,2598.080078125,2598.080078125,2598.080078125,2598.080078125,0
2005-06-13,2609.739990234375,2609.739990234375,2609.739990234375,2609.739990234375,0
2005-06-14,2632.14990234375,2632.14990234375,2632.14990234375,2632.14990234375,0
2005-06-15,2644.010009765625,2644.010009765625,2644.010009765625,2644.010009765625,0
2005-06-16,2672.469970703125,2672.469970703125,2672.469970703125,2672.469970703125,0
2005-06-17,2673.139892578125,2673.139892578125,2673.139892578125,2673.139892578125,0
2005-06-20,2663.449951171875,2663.449951171875,2663.449951171875,2663.449951171875,0
2005-06-21,2660.25,2660.25,2660.25,2660.25,0
2005-06-22,2670.360107421875,2670.360107421875,2670.360107421875,2670.360107421875,0
2005-06-23,2631.659912109375,2631.659912109375,2631.659912109375,2631.659912109375,0
2005-06-24,2616.2900390625,2616.2900390625,2616.2900390625,2616.2900390625,0
2005-06-27,2607.6298828125,2607.6298828125,2607.6298828125,2607.6298828125,0
2005-06-28,2663.449951171875,2663.449951171875,2663.449951171875,2663.449951171875,0
2005-06-29,2668.949951171875,2668.949951171875,2668.949951171875,2668.949951171875,0
2005-06-30,2656.18994140625,2656.18994140625,2656.18994140625,2656.18994140625,0
2005-07-01,2670.300048828125,2670.300048828125,2670.300048828125,2670.300048828125,0
2005-07-05,2712.659912109375,2712.659912109375,2712.659912109375,2712.659912109375,0
2005-07-06,2692.340087890625,2692.340087890625,2692.340087890625,2692.340087890625,0
2005-07-07,2696.760009765625,2696.760009765625,2696.760009765625,2696.760009765625,0
2005-07-08,2750.219970703125,2750.219970703125,2750.219970703125,2750.219970703125,0
2005-07-11,2790.090087890625,2790.090087890625,2790.090087890625,2790.090087890625,0
2005-07-12,2786.159912109375,2786.159912109375,2786.159912109375,2786.159912109375,0
2005-07-13,2773.27001953125,2773.27001953125,2773.27001953125,2773.27001953125,0
2005-07-14,2754.06005859375,2754.06005859375,2754.06005859375,2754.06005859375,0
2005-07-15,2757.10009765625,2757.10009765625,2757.10009765625,2757.10009765625,0
2005-07-18,2735.719970703125,2735.719970703125,2735.719970703125,2735.719970703125,0
2005-07-19,2778.510009765625,2778.510009765625,2778.510009765625,2778.510009765625,0
2005-07-20,2814.68994140625,2814.68994140625,2814.68994140625,2814.68994140625,0
2005-07-21,2771.31005859375,2771.31005859375,2771.31005859375,2771.31005859375,0
2005-07-22,2815.659912109375,2815.659912109375,2815.659912109375,2815.659912109375,0
2005-07-25,2787.43994140625,2787.43994140625,2787.43994140625,2787.43994140625,0
2005-07-26,2802.429931640625,2802.429931640625,2802.429931640625,2802.429931640625,0
2005-07-27,2804.050048828125,2804.050048828125,2804.050048828125,2804.050048828125,0
2005-07-28,2838.1298828125,2838.1298828125,2838.1298828125,2838.1298828125,0
2005-07-29,2824.469970703125,2824.469970703125,2824.469970703125,2824.469970703125,0
2005-08-01,2837.199951171875,2837.199951171875,2837.199951171875,2837.199951171875,0
2005-08-02,2860.929931640625,2860.929931640625,2860.929931640625,2860.929931640625,0
2005-08-03,2839.7900390625,2839.7900390625,2839.7900390625,2839.7900390625,0
2005-08-04,2792.10009765625,2792.10009765625,2792.10009765625,2792.10009765625,0
2005-08-05,2754.590087890625,2754.590087890625,2754.590087890625,2754.590087890625,0
2005-08-08,2741.409912109375,2741.409912109375,2741.409912109375,2741.409912109375,0
2005-08-09,2745.139892578125,2745.139892578125,2745.139892578125,2745.139892578125,0
2005-08-10,2744.1201171875,2744.1201171875,2744.1201171875,2744.1201171875,0
2005-08-11,2770.27001953125,2770.27001953125,2770.27001953125,2770.27001953125,0
2005-08-12,2743.830078125,2743.830078125,2743.830078125,2743.830078125,0
2005-08-15,2767.360107421875,2767.360107421875,2767.360107421875,2767.360107421875,0
2005-08-16,2721.56005859375,2721.56005859375,2721.56005859375,2721.56005859375,0
2005-08-17,2722.550048828125,2722.550048828125,2722.550048828125,2722.550048828125,0
2005-08-18,2707.489990234375,2707.489990234375,2707.489990234375,2707.489990234375,0
2005-08-19,2713.02001953125,2713.02001953125,2713.02001953125,2713.02001953125,0
2005-08-22,2733.659912109375,2733.659912109375,2733.659912109375,2733.659912109375,0
2005-08-23,2725.43994140625,2725.43994140625,2725.43994140625,2725.43994140625,0
2005-08-24,2723.6298828125,2723.6298828125,2723.6298828125,2723.6298828125,0
2005-08-25,2734.85009765625,2734.85009765625,2734.85009765625,2734.85009765625,0
2005-08-26,2697.25,2697.25,2697.25,2697.25,0
2005-08-29,2725.090087890625,2725.090087890625,2725.090087890625,2725.090087890625,0
2005-08-30,2719.010009765625,2719.010009765625,2719.010009765625,2719.010009765625,0
2005-08-31,2772.10009765625,2772.10009765625,2772.10009765625,2772.10009765625,0
2005-09-01,2780.25,2780.25,2780.25,2780.25,0
2005-09-02,2759.02001953125,2759.02001953125,2759.02001953125,2759.02001953125,0
2005-09-06,2805.39990234375,2805.39990234375,2805.39990234375,2805.39990234375,0
2005-09-07,2817.47998046875,2817.47998046875,2817.47998046875,2817.47998046875,0
2005-09-08,2801.590087890625,2801.590087890625,2801.590087890625,2801.590087890625,0
2005-09-09,2820.64990234375,2820.64990234375,2820.64990234375,2820.64990234375,0
2005-09-12,2832.239990234375,2832.239990234375,2832.239990234375,2832.239990234375,0
2005-09-13,2800.72998046875,2800.72998046875,2800.72998046875,2800.72998046875,0
2005-09-14,2772.75,2772.75,2772.75,2772.75,0
2005-09-15,2768.9599609375,2768.9599609375,2768.9599609375,2768.9599609375,0
2005-09-16,2796.360107421875,2796.360107421875,2796.360107421875,2796.360107421875,0
2005-09-19,2775.760009765625,2775.760009765625,2775.760009765625,2775.760009765625,0
2005-09-20,2749.320068359375,2749.320068359375,2749.320068359375,2749.320068359375,0
2005-09-21,2704.85009765625,2704.85009765625,2704.85009765625,2704.85009765625,0
2005-09-22,2709.989990234375,2709.989990234375,2709.989990234375,2709.989990234375,0
2005-09-23,2727.8798828125,2727.8798828125,2727.8798828125,2727.8798828125,0
2005-09-26,2747.6201171875,2747.6201171875,2747.6201171875,2747.6201171875,0
2005-09-27,2743.35009765625,2743.35009765625,2743.35009765625,2743.35009765625,0
2005-09-28,2731.570068359375,2731.570068359375,2731.570068359375,2731.570068359375,0
2005-09-29,2769.219970703125,2769.219970703125,2769.219970703125,2769.219970703125,0
2005-09-30,2780.800048828125,2780.800048828125,2780.800048828125,2780.800048828125,0
2005-10-03,2792.340087890625,2792.340087890625,2792.340087890625,2792.340087890625,0
2005-10-04,2764.419921875,2764.419921875,2764.419921875,2764.419921875,0
2005-10-05,2686.25,2686.25,2686.25,2686.25,0
2005-10-06,2663.27001953125,2663.27001953125,2663.27001953125,2663.27001953125,0
2005-10-07,2683.639892578125,2683.639892578125,2683.639892578125,2683.639892578125,0
2005-10-10,2657.1201171875,2657.1201171875,2657.1201171875,2657.1201171875,0
2005-10-11,2624.31005859375,2624.31005859375,2624.31005859375,2624.31005859375,0
2005-10-12,2589.070068359375,2589.070068359375,2589.070068359375,2589.070068359375,0
2005-10-13,2596.260009765625,2596.260009765625,2596.260009765625,2596.260009765625,0
2005-10-14,2637.39990234375,2637.39990234375,2637.39990234375,2637.39990234375,0
2005-10-17,2638.39990234375,2638.39990234375,2638.39990234375,2638.39990234375,0
2005-10-18,2605.1201171875,2605.1201171875,2605.1201171875,2605.1201171875,0
2005-10-19,2658.949951171875,2658.949951171875,2658.949951171875,2658.949951171875,0
2005-10-20,2614.239990234375,2614.239990234375,2614.239990234375,2614.239990234375,0
2005-10-21,2635.909912109375,2635.909912109375,2635.909912109375,2635.909912109375,0
2005-10-24,2693.68994140625,2693.68994140625,2693.68994140625,2693.68994140625,0
2005-10-25,2677.6201171875,2677.6201171875,2677.6201171875,2677.6201171875,0
2005-10-26,2659.75,2659.75,2659.75,2659.75,0
2005-10-27,2600.169921875,2600.169921875,2600.169921875,2600.169921875,0
2005-10-28,2647.409912109375,2647.409912109375,2647.409912109375,2647.409912109375,0
2005-10-31,2694.4599609375,2694.4599609375,2694.4599609375,2694.4599609375,0
2005-11-01,2679.5400390625,2679.5400390625,2679.5400390625,2679.5400390625,0
2005-11-02,2738.1298828125,2738.1298828125,2738.1298828125,2738.1298828125,0
2005-11-03,2745.56005859375,2745.56005859375,2745.56005859375,2745.56005859375,0
2005-11-04,2743.169921875,2743.169921875,2743.169921875,2743.169921875,0
2005-11-07,2756.090087890625,2756.090087890625,2756.090087890625,2756.090087890625,0
2005-11-08,2735.39990234375,2735.39990234375,2735.39990234375,2735.39990234375,0
2005-11-09,2750.429931640625,2750.429931640625,2750.429931640625,2750.429931640625,0
2005-11-10,2772.10009765625,2772.10009765625,2772.10009765625,2772.10009765625,0
2005-11-11,2779.31005859375,2779.31005859375,2779.31005859375,2779.31005859375,0
2005-11-14,2767.929931640625,2767.929931640625,2767.929931640625,2767.929931640625,0
2005-11-15,2735.929931640625,2735.929931640625,2735.929931640625,2735.929931640625,0
2005-11-16,2729.530029296875,2729.530029296875,2729.530029296875,2729.530029296875,0
2005-11-17,2781.7099609375,2781.7099609375,2781.7099609375,2781.7099609375,0
2005-11-18,2802.93994140625,2802.93994140625,2802.93994140625,2802.93994140625,0
2005-11-21,2831.10009765625,2831.10009765625,2831.10009765625,2831.10009765625,0
2005-11-22,2846.330078125,2846.330078125,2846.330078125,2846.330078125,0
2005-11-23,2848.860107421875,2848.860107421875,2848.860107421875,2848.860107421875,0
2005-11-25,2850.739990234375,2850.739990234375,2850.739990234375,2850.739990234375,0
2005-11-28,2800.530029296875,2800.530029296875,2800.530029296875,2800.530029296875,0
2005-11-29,2810.169921875,2810.169921875,2810.169921875,2810.169921875,0
2005-11-30,2825.260009765625,2825.260009765625,2825.260009765625,2825.260009765625,0
2005-12-01,2879.18994140625,2879.18994140625,2879.18994140625,2879.18994140625,0
2005-12-02,2880.7900390625,2880.7900390625,2880.7900390625,2880.7900390625,0
2005-12-05,2864.14990234375,2864.14990234375,2864.14990234375,2864.14990234375,0
2005-12-06,2868.3798828125,2868.3798828125,2868.3798828125,2868.3798828125,0
2005-12-07,2849.699951171875,2849.699951171875,2849.699951171875,2849.699951171875,0
2005-12-08,2859.010009765625,2859.010009765625,2859.010009765625,2859.010009765625,0
2005-12-09,2873.830078125,2873.830078125,2873.830078125,2873.830078125,0
2005-12-12,2877.080078125,2877.080078125,2877.080078125,2877.080078125,0
2005-12-13,2875.550048828125,2875.550048828125,2875.550048828125,2875.550048828125,0
2005-12-14,2881.919921875,2881.919921875,2881.919921875,2881.919921875,0
2005-12-15,2857.89990234375,2857.89990234375,2857.89990234375,2857.89990234375,0
2005-12-16,2851.139892578125,2851.139892578125,2851.139892578125,2851.139892578125,0
2005-12-19,2805.949951171875,2805.949951171875,2805.949951171875,2805.949951171875,0
2005-12-20,2808.360107421875,2808.360107421875,2808.360107421875,2808.360107421875,0
2005-12-21,2837.530029296875,2837.530029296875,2837.530029296875,2837.530029296875,0
2005-12-22,2855.72998046875,2855.72998046875,2855.72998046875,2855.72998046875,0
2005-12-23,2865.610107421875,2865.610107421875,2865.610107421875,2865.610107421875,0
2005-12-27,2824.449951171875,2824.449951171875,2824.449951171875,2824.449951171875,0
2005-12-28,2840.860107421875,2840.860107421875,2840.860107421875,2840.860107421875,0
2005-12-29,2832.1298828125,2832.1298828125,2832.1298828125,2832.1298828125,0
2005-12-30,2812.35009765625,2812.35009765625,2812.35009765625,2812.35009765625,0
2006-01-03,2857.6298828125,2857.6298828125,2857.6298828125,2857.6298828125,0
2006-01-04,2879.510009765625,2879.510009765625,2879.510009765625,2879.510009765625,0
2006-01-05,2890.199951171875,2890.199951171875,2890.199951171875,2890.199951171875,0
2006-01-06,2922.1201171875,2922.1201171875,2922.1201171875,2922.1201171875,0
2006-01-09,2950.780029296875,2950.780029296875,2950.780029296875,2950.780029296875,0
2006-01-10,2970.6298828125,2970.6298828125,2970.6298828125,2970.6298828125,0
2006-01-11,2971.64990234375,2971.64990234375,2971.64990234375,2971.64990234375,0
2006-01-12,2953.320068359375,2953.320068359375,2953.320068359375,2953.320068359375,0
2006-01-13,2960.22998046875,2960.22998046875,2960.22998046875,2960.22998046875,0
2006-01-17,2940.090087890625,2940.090087890625,2940.090087890625,2940.090087890625,0
2006-01-18,2940.89990234375,2940.89990234375,2940.89990234375,2940.89990234375,0
2006-01-19,2987.590087890625,2987.590087890625,2987.590087890625,2987.590087890625,0
2006-01-20,2944.419921875,2944.419921875,2944.419921875,2944.419921875,0
2006-01-23,2957.860107421875,2957.860107421875,2957.860107421875,2957.860107421875,0
2006-01-24,3000.510009765625,3000.510009765625,3000.510009765625,3000.510009765625,0
2006-01-25,2993.97998046875,2993.97998046875,2993.97998046875,2993.97998046875,0
2006-01-26,3044.320068359375,3044.320068359375,3044.320068359375,3044.320068359375,0
2006-01-27,3060.31005859375,3060.31005859375,3060.31005859375,3060.31005859375,0
2006-01-30,3054.780029296875,3054.780029296875,3054.780029296875,3054.780029296875,0
2006-01-31,3064.5400390625,3064.5400390625,3064.5400390625,3064.5400390625,0
2006-02-01,3074.14990234375,3074.14990234375,3074.14990234375,3074.14990234375,0
2006-02-02,3035.7900390625,3035.7900390625,3035.7900390625,3035.7900390625,0
2006-02-03,3027.43994140625,3027.43994140625,3027.43994140625,3027.43994140625,0
2006-02-06,3042.860107421875,3042.860107421875,3042.860107421875,3042.860107421875,0
2006-02-07,2998.1298828125,2998.1298828125,2998.1298828125,2998.1298828125,0
2006-02-08,3014.97998046875,3014.97998046875,3014.97998046875,3014.97998046875,0
2006-02-09,3002.56005859375,3002.56005859375,3002.56005859375,3002.56005859375,0
2006-02-10,2998.27001953125,2998.27001953125,2998.27001953125,2998.27001953125,0
2006-02-13,2970.93994140625,2970.93994140625,2970.93994140625,2970.93994140625,0
2006-02-14,3009.35009765625,3009.35009765625,3009.35009765625,3009.35009765625,0
2006-02-15,3032.10009765625,3032.10009765625,3032.10009765625,3032.10009765625,0
2006-02-16,3060.679931640625,3060.679931640625,3060.679931640625,3060.679931640625,0
2006-02-17,3056.669921875,3056.669921875,3056.669921875,3056.669921875,0
2006-02-21,3039.2900390625,3039.2900390625,3039.2900390625,3039.2900390625,0
2006-02-22,3067.6201171875,3067.6201171875,3067.6201171875,3067.6201171875,0
2006-02-23,3063.1201171875,3063.1201171875,3063.1201171875,3063.1201171875,0
2006-02-24,3080.639892578125,3080.639892578125,3080.639892578125,3080.639892578125,0
2006-02-27,3097.8701171875,3097.8701171875,3097.8701171875,3097.8701171875,0
2006-02-28,3056.10009765625,3056.10009765625,3056.10009765625,3056.10009765625,0
2006-03-01,3105.25,3105.25,3105.25,3105.25,0
2006-03-02,3096.14990234375,3096.14990234375,3096.14990234375,3096.14990234375,0
2006-03-03,3089.030029296875,3089.030029296875,3089.030029296875,3089.030029296875,0
2006-03-06,3058.580078125,3058.580078125,3058.580078125,3058.580078125,0
2006-03-07,3016.330078125,3016.330078125,3016.330078125,3016.330078125,0
2006-03-08,3019.93994140625,3019.93994140625,3019.93994140625,3019.93994140625,0
2006-03-09,3005.090087890625,3005.090087890625,3005.090087890625,3005.090087890625,0
2006-03-10,3038.949951171875,3038.949951171875,3038.949951171875,3038.949951171875,0
2006-03-13,3046.489990234375,3046.489990234375,3046.489990234375,3046.489990234375,0
2006-03-14,3080.3798828125,3080.3798828125,3080.3798828125,3080.3798828125,0
2006-03-15,3109.179931640625,3109.179931640625,3109.179931640625,3109.179931640625,0
2006-03-16,3112.8798828125,3112.8798828125,3112.8798828125,3112.8798828125,0
2006-03-17,3122.530029296875,3122.530029296875,3122.530029296875,3122.530029296875,0
2006-03-20,3120.639892578125,3120.639892578125,3120.639892578125,3120.639892578125,0
2006-03-21,3080.820068359375,3080.820068359375,3080.820068359375,3080.820068359375,0
2006-03-22,3117.580078125,3117.580078125,3117.580078125,3117.580078125,0
2006-03-23,3129.2099609375,3129.2099609375,3129.2099609375,3129.2099609375,0
2006-03-24,3155.2900390625,3155.2900390625,3155.2900390625,3155.2900390625,0
2006-03-27,3156.139892578125,3156.139892578125,3156.139892578125,3156.139892578125,0
2006-03-28,3144.679931640625,3144.679931640625,3144.679931640625,3144.679931640625,0
2006-03-29,3200.1298828125,3200.1298828125,3200.1298828125,3200.1298828125,0
2006-03-30,3193.7099609375,3193.7099609375,3193.7099609375,3193.7099609375,0
2006-03-31,3204.3701171875,3204.3701171875,3204.3701171875,3204.3701171875,0
2006-04-03,3179.75,3179.75,3179.75,3179.75,0
2006-04-04,3192.760009765625,3192.760009765625,3192.760009765625,3192.760009765625,0
2006-04-05,3209.47998046875,3209.47998046875,3209.47998046875,3209.47998046875,0
2006-04-06,3209.56005859375,3209.56005859375,3209.56005859375,3209.56005859375,0
2006-04-07,3167.280029296875,3167.280029296875,3167.280029296875,3167.280029296875,0
2006-04-10,3153.97998046875,3153.97998046875,3153.97998046875,3153.97998046875,0
2006-04-11,3108.820068359375,3108.820068359375,3108.820068359375,3108.820068359375,0
2006-04-12,3132.659912109375,3132.659912109375,3132.659912109375,3132.659912109375,0
2006-04-13,3146.639892578125,3146.639892578125,3146.639892578125,3146.639892578125,0
2006-04-17,3139.81005859375,3139.81005859375,3139.81005859375,3139.81005859375,0
2006-04-18,3225.110107421875,3225.110107421875,3225.110107421875,3225.110107421875,0
2006-04-19,3261.239990234375,3261.239990234375,3261.239990234375,3261.239990234375,0
2006-04-20,3245.52001953125,3245.52001953125,3245.52001953125,3245.52001953125,0
2006-04-21,3234.919921875,3234.919921875,3234.919921875,3234.919921875,0
2006-04-24,3209.830078125,3209.830078125,3209.830078125,3209.830078125,0
2006-04-25,3204.320068359375,3204.320068359375,3204.320068359375,3204.320068359375,0
2006-04-26,3206.3798828125,3206.3798828125,3206.3798828125,3206.3798828125,0
2006-04-27,3190.6201171875,3190.6201171875,3190.6201171875,3190.6201171875,0
2006-04-28,3203.85009765625,3203.85009765625,3203.85009765625,3203.85009765625,0
2006-05-01,3189.56005859375,3189.56005859375,3189.56005859375,3189.56005859375,0
2006-05-02,3216.800048828125,3216.800048828125,3216.800048828125,3216.800048828125,0
2006-05-03,3217.409912109375,3217.409912109375,3217.409912109375,3217.409912109375,0
2006-05-04,3246.85009765625,3246.85009765625,3246.85009765625,3246.85009765625,0
2006-05-05,3276.68994140625,3276.68994140625,3276.68994140625,3276.68994140625,0
2006-05-08,3275.89990234375,3275.89990234375,3275.89990234375,3275.89990234375,0
2006-05-09,3272.27001953125,3272.27001953125,3272.27001953125,3272.27001953125,0
2006-05-10,3252.419921875,3252.419921875,3252.419921875,3252.419921875,0
2006-05-11,3175.3701171875,3175.3701171875,3175.3701171875,3175.3701171875,0
2006-05-12,3112.2900390625,3112.2900390625,3112.2900390625,3112.2900390625,0
2006-05-15,3092.4599609375,3092.4599609375,3092.4599609375,3092.4599609375,0
2006-05-16,3091.77001953125,3091.77001953125,3091.77001953125,3091.77001953125,0
2006-05-17,3043.179931640625,3043.179931640625,3043.179931640625,3043.179931640625,0
2006-05-18,3012.300048828125,3012.300048828125,3012.300048828125,3012.300048828125,0
2006-05-19,3029.419921875,3029.419921875,3029.419921875,3029.419921875,0
2006-05-22,2998.840087890625,2998.840087890625,2998.840087890625,2998.840087890625,0
2006-05-23,2982.340087890625,2982.340087890625,2982.340087890625,2982.340087890625,0
2006-05-24,2982.3798828125,2982.3798828125,2982.3798828125,2982.3798828125,0
2006-05-25,3042.449951171875,3042.449951171875,3042.449951171875,3042.449951171875,0
2006-05-26,3059.199951171875,3059.199951171875,3059.199951171875,3059.199951171875,0
2006-05-30,2981.97998046875,2981.97998046875,2981.97998046875,2981.97998046875,0
2006-05-31,3023.919921875,3023.919921875,3023.919921875,3023.919921875,0
2006-06-01,3088.93994140625,3088.93994140625,3088.93994140625,3088.93994140625,0
2006-06-02,3093.0,3093.0,3093.0,3093.0,0
2006-06-05,2994.2900390625,2994.2900390625,2994.2900390625,2994.2900390625,0
2006-06-06,2981.889892578125,2981.889892578125,2981.889892578125,2981.889892578125,0
2006-06-07,2964.6201171875,2964.6201171875,2964.6201171875,2964.6201171875,0
2006-06-08,2963.679931640625,2963.679931640625,2963.679931640625,2963.679931640625,0
2006-06-09,2942.139892578125,2942.139892578125,2942.139892578125,2942.139892578125,0
2006-06-12,2865.8798828125,2865.8798828125,2865.8798828125,2865.8798828125,0
2006-06-13,2822.639892578125,2822.639892578125,2822.639892578125,2822.639892578125,0
2006-06-14,2841.340087890625,2841.340087890625,2841.340087890625,2841.340087890625,0
2006-06-15,2941.949951171875,2941.949951171875,2941.949951171875,2941.949951171875,0
2006-06-16,2908.5,2908.5,2908.5,2908.5,0
2006-06-19,2856.889892578125,2856.889892578125,2856.889892578125,2856.889892578125,0
2006-06-20,2843.3701171875,2843.3701171875,2843.3701171875,2843.3701171875,0
2006-06-21,2898.679931640625,2898.679931640625,2898.679931640625,2898.679931640625,0
2006-06-22,2887.679931640625,2887.679931640625,2887.679931640625,2887.679931640625,0
2006-06-23,2896.52001953125,2896.52001953125,2896.52001953125,2896.52001953125,0
2006-06-26,2932.219970703125,2932.219970703125,2932.219970703125,2932.219970703125,0
2006-06-27,2883.14990234375,2883.14990234375,2883.14990234375,2883.14990234375,0
2006-06-28,2889.280029296875,2889.280029296875,2889.280029296875,2889.280029296875,0
2006-06-29,2999.8701171875,2999.8701171875,2999.8701171875,2999.8701171875,0
2006-06-30,3043.3701171875,3043.3701171875,3043.3701171875,3043.3701171875,0
2006-07-03,3069.199951171875,3069.199951171875,3069.199951171875,3069.199951171875,0
2006-07-05,3023.4599609375,3023.4599609375,3023.4599609375,3023.4599609375,0
2006-07-06,3027.0,3027.0,3027.0,3027.0,0
2006-07-07,2979.39990234375,2979.39990234375,2979.39990234375,2979.39990234375,0
2006-07-10,2978.4599609375,2978.4599609375,2978.4599609375,2978.4599609375,0
2006-07-11,3000.800048828125,3000.800048828125,3000.800048828125,3000.800048828125,0
2006-07-12,2945.56005859375,2945.56005859375,2945.56005859375,2945.56005859375,0
2006-07-13,2887.340087890625,2887.340087890625,2887.340087890625,2887.340087890625,0
2006-07-14,2861.909912109375,2861.909912109375,2861.909912109375,2861.909912109375,0
2006-07-17,2847.0,2847.0,2847.0,2847.0,0
2006-07-18,2863.72998046875,2863.72998046875,2863.72998046875,2863.72998046875,0
2006-07-19,2950.72998046875,2950.72998046875,2950.72998046875,2950.72998046875,0
2006-07-20,2872.1298828125,2872.1298828125,2872.1298828125,2872.1298828125,0
2006-07-21,2823.110107421875,2823.110107421875,2823.110107421875,2823.110107421875,0
2006-07-24,2902.2099609375,2902.2099609375,2902.2099609375,2902.2099609375,0
2006-07-25,2930.280029296875,2930.280029296875,2930.280029296875,2930.280029296875,0
2006-07-26,2917.81005859375,2917.81005859375,2917.81005859375,2917.81005859375,0
2006-07-27,2881.530029296875,2881.530029296875,2881.530029296875,2881.530029296875,0
2006-07-28,2942.050048828125,2942.050048828125,2942.050048828125,2942.050048828125,0
2006-07-31,2944.340087890625,2944.340087890625,2944.340087890625,2944.340087890625,0
2006-08-01,2899.52001953125,2899.52001953125,2899.52001953125,2899.52001953125,0
2006-08-02,2928.7900390625,2928.7900390625,2928.7900390625,2928.7900390625,0
2006-08-03,2960.7099609375,2960.7099609375,2960.7099609375,2960.7099609375,0
2006-08-04,2947.68994140625,2947.68994140625,2947.68994140625,2947.68994140625,0
2006-08-07,2925.81005859375,2925.81005859375,2925.81005859375,2925.81005859375,0
2006-08-08,2889.85009765625,2889.85009765625,2889.85009765625,2889.85009765625,0
2006-08-09,2863.1298828125,2863.1298828125,2863.1298828125,2863.1298828125,0
2006-08-10,2885.31005859375,2885.31005859375,2885.31005859375,2885.31005859375,0
2006-08-11,2855.22998046875,2855.22998046875,2855.22998046875,2855.22998046875,0
2006-08-14,2866.669921875,2866.669921875,2866.669921875,2866.669921875,0
2006-08-15,2934.43994140625,2934.43994140625,2934.43994140625,2934.43994140625,0
2006-08-16,2974.760009765625,2974.760009765625,2974.760009765625,2974.760009765625,0
2006-08-17,2989.139892578125,2989.139892578125,2989.139892578125,2989.139892578125,0
2006-08-18,2992.989990234375,2992.989990234375,2992.989990234375,2992.989990234375,0
2006-08-21,2966.300048828125,2966.300048828125,2966.300048828125,2966.300048828125,0
2006-08-22,2976.590087890625,2976.590087890625,2976.590087890625,2976.590087890625,0
2006-08-23,2937.409912109375,2937.409912109375,2937.409912109375,2937.409912109375,0
2006-08-24,2938.800048828125,2938.800048828125,2938.800048828125,2938.800048828125,0
2006-08-25,2941.0400390625,2941.0400390625,2941.0400390625,2941.0400390625,0
2006-08-28,2972.179931640625,2972.179931640625,2972.179931640625,2972.179931640625,0
2006-08-29,3006.89990234375,3006.89990234375,3006.89990234375,3006.89990234375,0
2006-08-30,3031.64990234375,3031.64990234375,3031.64990234375,3031.64990234375,0
2006-08-31,3031.510009765625,3031.510009765625,3031.510009765625,3031.510009765625,0
2006-09-01,3035.929931640625,3035.929931640625,3035.929931640625,3035.929931640625,0
2006-09-05,3060.949951171875,3060.949951171875,3060.949951171875,3060.949951171875,0
2006-09-06,2996.22998046875,2996.22998046875,2996.22998046875,2996.22998046875,0
2006-09-07,2972.909912109375,2972.909912109375,2972.909912109375,2972.909912109375,0
2006-09-08,2981.64990234375,2981.64990234375,2981.64990234375,2981.64990234375,0
2006-09-11,2977.659912109375,2977.659912109375,2977.659912109375,2977.659912109375,0
2006-09-12,3048.8798828125,3048.8798828125,3048.8798828125,3048.8798828125,0
2006-09-13,3075.820068359375,3075.820068359375,3075.820068359375,3075.820068359375,0
2006-09-14,3062.81005859375,3062.81005859375,3062.81005859375,3062.81005859375,0
2006-09-15,3070.179931640625,3070.179931640625,3070.179931640625,3070.179931640625,0
2006-09-18,3068.139892578125,3068.139892578125,3068.139892578125,3068.139892578125,0
2006-09-19,3053.969970703125,3053.969970703125,3053.969970703125,3053.969970703125,0
2006-09-20,3092.1201171875,3092.1201171875,3092.1201171875,3092.1201171875,0
2006-09-21,3061.280029296875,3061.280029296875,3061.280029296875,3061.280029296875,0
2006-09-22,3025.489990234375,3025.489990234375,3025.489990234375,3025.489990234375,0
2006-09-25,3061.18994140625,3061.18994140625,3061.18994140625,3061.18994140625,0
2006-09-26,3071.8701171875,3071.8701171875,3071.8701171875,3071.8701171875,0
2006-09-27,3085.679931640625,3085.679931640625,3085.679931640625,3085.679931640625,0
2006-09-28,3086.06005859375,3086.06005859375,3086.06005859375,3086.06005859375,0
2006-09-29,3056.75,3056.75,3056.75,3056.75,0
2006-10-02,3028.179931640625,3028.179931640625,3028.179931640625,3028.179931640625,0
2006-10-03,3026.330078125,3026.330078125,3026.330078125,3026.330078125,0
2006-10-04,3090.27001953125,3090.27001953125,3090.27001953125,3090.27001953125,0
2006-10-05,3131.0400390625,3131.0400390625,3131.0400390625,3131.0400390625,0
2006-10-06,3117.260009765625,3117.260009765625,3117.260009765625,3117.260009765625,0
2006-10-09,3137.31005859375,3137.31005859375,3137.31005859375,3137.31005859375,0
2006-10-10,3142.8701171875,3142.8701171875,3142.8701171875,3142.8701171875,0
2006-10-11,3125.550048828125,3125.550048828125,3125.550048828125,3125.550048828125,0
2006-10-12,3190.489990234375,3190.489990234375,3190.489990234375,3190.489990234375,0
2006-10-13,3213.93994140625,3213.93994140625,3213.93994140625,3213.93994140625,0
2006-10-16,3242.760009765625,3242.760009765625,3242.760009765625,3242.760009765625,0
2006-10-17,3223.5,3223.5,3223.5,3223.5,0
2006-10-18,3217.330078125,3217.330078125,3217.330078125,3217.330078125,0
2006-10-19,3234.1298828125,3234.1298828125,3234.1298828125,3234.1298828125,0
2006-10-20,3211.989990234375,3211.989990234375,3211.989990234375,3211.989990234375,0
2006-10-23,3217.679931640625,3217.679931640625,3217.679931640625,3217.679931640625,0
2006-10-24,3213.27001953125,3213.27001953125,3213.27001953125,3213.27001953125,0
2006-10-25,3233.22998046875,3233.22998046875,3233.22998046875,3233.22998046875,0
2006-10-26,3270.679931640625,3270.679931640625,3270.679931640625,3270.679931640625,0
2006-10-27,3228.179931640625,3228.179931640625,3228.179931640625,3228.179931640625,0
2006-10-30,3247.530029296875,3247.530029296875,3247.530029296875,3247.530029296875,0
2006-10-31,3232.75,3232.75,3232.75,3232.75,0
2006-11-01,3170.929931640625,3170.929931640625,3170.929931640625,3170.929931640625,0
2006-11-02,3162.60009765625,3162.60009765625,3162.60009765625,3162.60009765625,0
2006-11-03,3173.6298828125,3173.6298828125,3173.6298828125,3173.6298828125,0
2006-11-06,3217.340087890625,3217.340087890625,3217.340087890625,3217.340087890625,0
2006-11-07,3222.93994140625,3222.93994140625,3222.93994140625,3222.93994140625,0
2006-11-08,3246.22998046875,3246.22998046875,3246.22998046875,3246.22998046875,0
2006-11-09,3213.56005859375,3213.56005859375,3213.56005859375,3213.56005859375,0
2006-11-10,3243.47998046875,3243.47998046875,3243.47998046875,3243.47998046875,0
2006-11-13,3257.510009765625,3257.510009765625,3257.510009765625,3257.510009765625,0
2006-11-14,3311.090087890625,3311.090087890625,3311.090087890625,3311.090087890625,0
2006-11-15,3340.340087890625,3340.340087890625,3340.340087890625,3340.340087890625,0
2006-11-16,3335.4599609375,3335.4599609375,3335.4599609375,3335.4599609375,0
2006-11-17,3325.909912109375,3325.909912109375,3325.909912109375,3325.909912109375,0
2006-11-20,3335.090087890625,3335.090087890625,3335.090087890625,3335.090087890625,0
2006-11-21,3342.0400390625,3342.0400390625,3342.0400390625,3342.0400390625,0
2006-11-22,3345.469970703125,3345.469970703125,3345.469970703125,3345.469970703125,0
2006-11-24,3342.889892578125,3342.889892578125,3342.889892578125,3342.889892578125,0
2006-11-27,3257.760009765625,3257.760009765625,3257.760009765625,3257.760009765625,0
2006-11-28,3269.409912109375,3269.409912109375,3269.409912109375,3269.409912109375,0
2006-11-29,3309.5,3309.5,3309.5,3309.5,0
2006-11-30,3317.7900390625,3317.7900390625,3317.7900390625,3317.7900390625,0
2006-12-01,3296.969970703125,3296.969970703125,3296.969970703125,3296.969970703125,0
2006-12-04,3359.0400390625,3359.0400390625,3359.0400390625,3359.0400390625,0
2006-12-05,3365.719970703125,3365.719970703125,3365.719970703125,3365.719970703125,0
2006-12-06,3359.72998046875,3359.72998046875,3359.72998046875,3359.72998046875,0
2006-12-07,3344.409912109375,3344.409912109375,3344.409912109375,3344.409912109375,0
2006-12-08,3345.639892578125,3345.639892578125,3345.639892578125,3345.639892578125,0
2006-12-11,3347.830078125,3347.830078125,3347.830078125,3347.830078125,0
2006-12-12,3328.199951171875,3328.199951171875,3328.199951171875,3328.199951171875,0
2006-12-13,3330.429931640625,3330.429931640625,3330.429931640625,3330.429931640625,0
2006-12-14,3353.570068359375,3353.570068359375,3353.570068359375,3353.570068359375,0
2006-12-15,3347.419921875,3347.419921875,3347.419921875,3347.419921875,0
2006-12-18,3302.360107421875,3302.360107421875,3302.360107421875,3302.360107421875,0
2006-12-19,3302.85009765625,3302.85009765625,3302.85009765625,3302.85009765625,0
2006-12-20,3317.840087890625,3317.840087890625,3317.840087890625,3317.840087890625,0
2006-12-21,3306.679931640625,3306.679931640625,3306.679931640625,3306.679931640625,0
2006-12-22,3297.909912109375,3297.909912109375,3297.909912109375,3297.909912109375,0
2006-12-26,3329.159912109375,3329.159912109375,3329.159912109375,3329.159912109375,0
2006-12-27,3371.179931640625,3371.179931640625,3371.179931640625,3371.179931640625,0
2006-12-28,3357.669921875,3357.669921875,3357.669921875,3357.669921875,0
2006-12-29,3328.89990234375,3328.89990234375,3328.89990234375,3328.89990234375,0
2007-01-03,3328.030029296875,3328.030029296875,3328.030029296875,3328.030029296875,0
2007-01-04,3338.81005859375,3338.81005859375,3338.81005859375,3338.81005859375,0
2007-01-05,3279.429931640625,3279.429931640625,3279.429931640625,3279.429931640625,0
2007-01-08,3284.330078125,3284.330078125,3284.330078125,3284.330078125,0
2007-01-09,3289.97998046875,3289.97998046875,3289.97998046875,3289.97998046875,0
2007-01-10,3292.5,3292.5,3292.5,3292.5,0
2007-01-11,3333.110107421875,3333.110107421875,3333.110107421875,3333.110107421875,0
2007-01-12,3357.699951171875,3357.699951171875,3357.699951171875,3357.699951171875,0
2007-01-16,3345.919921875,3345.919921875,3345.919921875,3345.919921875,0
2007-01-17,3334.56005859375,3334.56005859375,3334.56005859375,3334.56005859375,0
2007-01-18,3289.949951171875,3289.949951171875,3289.949951171875,3289.949951171875,0
2007-01-19,3319.409912109375,3319.409912109375,3319.409912109375,3319.409912109375,0
2007-01-22,3289.010009765625,3289.010009765625,3289.010009765625,3289.010009765625,0
2007-01-23,3320.409912109375,3320.409912109375,3320.409912109375,3320.409912109375,0
2007-01-24,3357.030029296875,3357.030029296875,3357.030029296875,3357.030029296875,0
2007-01-25,3315.5,3315.5,3315.5,3315.5,0
2007-01-26,3332.2099609375,3332.2099609375,3332.2099609375,3332.2099609375,0
2007-01-29,3353.580078125,3353.580078125,3353.580078125,3353.580078125,0
2007-01-30,3374.429931640625,3374.429931640625,3374.429931640625,3374.429931640625,0
2007-01-31,3384.610107421875,3384.610107421875,3384.610107421875,3384.610107421875,0
2007-02-01,3416.2099609375,3416.2099609375,3416.2099609375,3416.2099609375,0
2007-02-02,3423.239990234375,3423.239990234375,3423.239990234375,3423.239990234375,0
2007-02-05,3411.75,3411.75,3411.75,3411.75,0
2007-02-06,3427.590087890625,3427.590087890625,3427.590087890625,3427.590087890625,0
2007-02-07,3452.35009765625,3452.35009765625,3452.35009765625,3452.35009765625,0
2007-02-08,3453.340087890625,3453.340087890625,3453.340087890625,3453.340087890625,0
2007-02-09,3414.159912109375,3414.159912109375,3414.159912109375,3414.159912109375,0
2007-02-12,3408.659912109375,3408.659912109375,3408.659912109375,3408.659912109375,0
2007-02-13,3437.590087890625,3437.590087890625,3437.590087890625,3437.590087890625,0
2007-02-14,3443.93994140625,3443.93994140625,3443.93994140625,3443.93994140625,0
2007-02-15,3450.18994140625,3450.18994140625,3450.18994140625,3450.18994140625,0
2007-02-16,3461.760009765625,3461.760009765625,3461.760009765625,3461.760009765625,0
2007-02-20,3495.47998046875,3495.47998046875,3495.47998046875,3495.47998046875,0
2007-02-21,3500.7900390625,3500.7900390625,3500.7900390625,3500.7900390625,0
2007-02-22,3509.860107421875,3509.860107421875,3509.860107421875,3509.860107421875,0
2007-02-23,3498.0400390625,3498.0400390625,3498.0400390625,3498.0400390625,0
2007-02-26,3485.68994140625,3485.68994140625,3485.68994140625,3485.68994140625,0
2007-02-27,3354.889892578125,3354.889892578125,3354.889892578125,3354.889892578125,0
2007-02-28,3357.75,3357.75,3357.75,3357.75,0
2007-03-01,3348.27001953125,3348.27001953125,3348.27001953125,3348.27001953125,0
2007-03-02,3282.3798828125,3282.3798828125,3282.3798828125,3282.3798828125,0
2007-03-05,3217.3701171875,3217.3701171875,3217.3701171875,3217.3701171875,0
2007-03-06,3297.06005859375,3297.06005859375,3297.06005859375,3297.06005859375,0
2007-03-07,3284.75,3284.75,3284.75,3284.75,0
2007-03-08,3307.050048828125,3307.050048828125,3307.050048828125,3307.050048828125,0
2007-03-09,3323.929931640625,3323.929931640625,3323.929931640625,3323.929931640625,0
2007-03-12,3340.469970703125,3340.469970703125,3340.469970703125,3340.469970703125,0
2007-03-13,3256.889892578125,3256.889892578125,3256.889892578125,3256.889892578125,0
2007-03-14,3284.889892578125,3284.889892578125,3284.889892578125,3284.889892578125,0
2007-03-15,3318.610107421875,3318.610107421875,3318.610107421875,3318.610107421875,0
2007-03-16,3298.239990234375,3298.239990234375,3298.239990234375,3298.239990234375,0
2007-03-19,3333.330078125,3333.330078125,3333.330078125,3333.330078125,0
2007-03-20,3361.2900390625,3361.2900390625,3361.2900390625,3361.2900390625,0
2007-03-21,3420.179931640625,3420.179931640625,3420.179931640625,3420.179931640625,0
2007-03-22,3422.64990234375,3422.64990234375,3422.64990234375,3422.64990234375,0
2007-03-23,3428.929931640625,3428.929931640625,3428.929931640625,3428.929931640625,0
2007-03-26,3426.580078125,3426.580078125,3426.580078125,3426.580078125,0
2007-03-27,3398.8798828125,3398.8798828125,3398.8798828125,3398.8798828125,0
2007-03-28,3379.320068359375,3379.320068359375,3379.320068359375,3379.320068359375,0
2007-03-29,3386.179931640625,3386.179931640625,3386.179931640625,3386.179931640625,0
2007-03-30,3393.699951171875,3393.699951171875,3393.699951171875,3393.699951171875,0
2007-04-02,3404.35009765625,3404.35009765625,3404.35009765625,3404.35009765625,0
2007-04-03,3440.840087890625,3440.840087890625,3440.840087890625,3440.840087890625,0
2007-04-04,3436.909912109375,3436.909912109375,3436.909912109375,3436.909912109375,0
2007-04-05,3447.889892578125,3447.889892578125,3447.889892578125,3447.889892578125,0
2007-04-09,3440.719970703125,3440.719970703125,3440.719970703125,3440.719970703125,0
2007-04-10,3452.8798828125,3452.8798828125,3452.8798828125,3452.8798828125,0
2007-04-11,3426.639892578125,3426.639892578125,3426.639892578125,3426.639892578125,0
2007-04-12,3455.64990234375,3455.64990234375,3455.64990234375,3455.64990234375,0
2007-04-13,3474.050048828125,3474.050048828125,3474.050048828125,3474.050048828125,0
2007-04-16,3525.219970703125,3525.219970703125,3525.219970703125,3525.219970703125,0
2007-04-17,3514.760009765625,3514.760009765625,3514.760009765625,3514.760009765625,0
2007-04-18,3495.3798828125,3495.3798828125,3495.3798828125,3495.3798828125,0
2007-04-19,3473.949951171875,3473.949951171875,3473.949951171875,3473.949951171875,0
2007-04-20,3514.409912109375,3514.409912109375,3514.409912109375,3514.409912109375,0
2007-04-23,3508.8701171875,3508.8701171875,3508.8701171875,3508.8701171875,0
2007-04-24,3503.820068359375,3503.820068359375,3503.820068359375,3503.820068359375,0
2007-04-25,3528.1298828125,3528.1298828125,3528.1298828125,3528.1298828125,0
2007-04-26,3535.929931640625,3535.929931640625,3535.929931640625,3535.929931640625,0
2007-04-27,3518.719970703125,3518.719970703125,3518.719970703125,3518.719970703125,0
2007-04-30,3454.64990234375,3454.64990234375,3454.64990234375,3454.64990234375,0
2007-05-01,3461.820068359375,3461.820068359375,3461.820068359375,3461.820068359375,0
2007-05-02,3513.669921875,3513.669921875,3513.669921875,3513.669921875,0
2007-05-03,3515.639892578125,3515.639892578125,3515.639892578125,3515.639892578125,0
2007-05-04,3532.77001953125,3532.77001953125,3532.77001953125,3532.77001953125,0
2007-05-07,3528.60009765625,3528.60009765625,3528.60009765625,3528.60009765625,0
2007-05-08,3524.6298828125,3524.6298828125,3524.6298828125,3524.6298828125,0
2007-05-09,3541.2900390625,3541.2900390625,3541.2900390625,3541.2900390625,0
2007-05-10,3472.969970703125,3472.969970703125,3472.969970703125,3472.969970703125,0
2007-05-11,3519.530029296875,3519.530029296875,3519.530029296875,3519.530029296875,0
2007-05-14,3489.030029296875,3489.030029296875,3489.030029296875,3489.030029296875,0
2007-05-15,3454.610107421875,3454.610107421875,3454.610107421875,3454.610107421875,0
2007-05-16,3480.2900390625,3480.2900390625,3480.2900390625,3480.2900390625,0
2007-05-17,3461.070068359375,3461.070068359375,3461.070068359375,3461.070068359375,0
2007-05-18,3495.159912109375,3495.159912109375,3495.159912109375,3495.159912109375,0
2007-05-21,3537.570068359375,3537.570068359375,3537.570068359375,3537.570068359375,0
2007-05-22,3564.31005859375,3564.31005859375,3564.31005859375,3564.31005859375,0
2007-05-23,3550.110107421875,3550.110107421875,3550.110107421875,3550.110107421875,0
2007-05-24,3496.14990234375,3496.14990234375,3496.14990234375,3496.14990234375,0
2007-05-25,3522.22998046875,3522.22998046875,3522.22998046875,3522.22998046875,0
2007-05-29,3554.679931640625,3554.679931640625,3554.679931640625,3554.679931640625,0
2007-05-30,3580.010009765625,3580.010009765625,3580.010009765625,3580.010009765625,0
2007-05-31,3596.139892578125,3596.139892578125,3596.139892578125,3596.139892578125,0
2007-06-01,3622.830078125,3622.830078125,3622.830078125,3622.830078125,0
2007-06-04,3630.010009765625,3630.010009765625,3630.010009765625,3630.010009765625,0
2007-06-05,3601.080078125,3601.080078125,3601.080078125,3601.080078125,0
2007-06-06,3571.360107421875,3571.360107421875,3571.360107421875,3571.360107421875,0
2007-06-07,3504.0400390625,3504.0400390625,3504.0400390625,3504.0400390625,0
2007-06-08,3546.449951171875,3546.449951171875,3546.449951171875,3546.449951171875,0
2007-06-11,3537.489990234375,3537.489990234375,3537.489990234375,3537.489990234375,0
2007-06-12,3488.949951171875,3488.949951171875,3488.949951171875,3488.949951171875,0
2007-06-13,3535.889892578125,3535.889892578125,3535.889892578125,3535.889892578125,0
2007-06-14,3555.43994140625,3555.43994140625,3555.43994140625,3555.43994140625,0
2007-06-15,3602.47998046875,3602.47998046875,3602.47998046875,3602.47998046875,0
2007-06-18,3594.43994140625,3594.43994140625,3594.43994140625,3594.43994140625,0
2007-06-19,3603.360107421875,3603.360107421875,3603.360107421875,3603.360107421875,0
2007-06-20,3551.780029296875,3551.780029296875,3551.780029296875,3551.780029296875,0
2007-06-21,3567.219970703125,3567.219970703125,3567.219970703125,3567.219970703125,0
2007-06-22,3545.93994140625,3545.93994140625,3545.93994140625,3545.93994140625,0
2007-06-25,3515.010009765625,3515.010009765625,3515.010009765625,3515.010009765625,0
2007-06-26,3509.570068359375,3509.570068359375,3509.570068359375,3509.570068359375,0
2007-06-27,3563.469970703125,3563.469970703125,3563.469970703125,3563.469970703125,0
2007-06-28,3566.0400390625,3566.0400390625,3566.0400390625,3566.0400390625,0
2007-06-29,3543.530029296875,3543.530029296875,3543.530029296875,3543.530029296875,0
2007-07-02,3591.919921875,3591.919921875,3591.919921875,3591.919921875,0
2007-07-03,3605.409912109375,3605.409912109375,3605.409912109375,3605.409912109375,0
2007-07-05,3613.800048828125,3613.800048828125,3613.800048828125,3613.800048828125,0
2007-07-06,3623.22998046875,3623.22998046875,3623.22998046875,3623.22998046875,0
2007-07-09,3627.199951171875,3627.199951171875,3627.199951171875,3627.199951171875,0
2007-07-10,3560.260009765625,3560.260009765625,3560.260009765625,3560.260009765625,0
2007-07-11,3571.169921875,3571.169921875,3571.169921875,3571.169921875,0
2007-07-12,3635.909912109375,3635.909912109375,3635.909912109375,3635.909912109375,0
2007-07-13,3638.489990234375,3638.489990234375,3638.489990234375,3638.489990234375,0
2007-07-16,3607.550048828125,3607.550048828125,3607.550048828125,3607.550048828125,0
2007-07-17,3613.64990234375,3613.64990234375,3613.64990234375,3613.64990234375,0
2007-07-18,3596.77001953125,3596.77001953125,3596.77001953125,3596.77001953125,0
2007-07-19,3622.1298828125,3622.1298828125,3622.1298828125,3622.1298828125,0
2007-07-20,3556.6201171875,3556.6201171875,3556.6201171875,3556.6201171875,0
2007-07-23,3553.159912109375,3553.159912109375,3553.159912109375,3553.159912109375,0
2007-07-24,3452.18994140625,3452.18994140625,3452.18994140625,3452.18994140625,0
2007-07-25,3454.949951171875,3454.949951171875,3454.949951171875,3454.949951171875,0
2007-07-26,3365.64990234375,3365.64990234375,3365.64990234375,3365.64990234375,0
2007-07-27,3308.0,3308.0,3308.0,3308.0,0
2007-07-30,3335.530029296875,3335.530029296875,3335.530029296875,3335.530029296875,0
2007-07-31,3301.179931640625,3301.179931640625,3301.179931640625,3301.179931640625,0
2007-08-01,3308.909912109375,3308.909912109375,3308.909912109375,3308.909912109375,0
2007-08-02,3334.81005859375,3334.81005859375,3334.81005859375,3334.81005859375,0
2007-08-03,3213.489990234375,3213.489990234375,3213.489990234375,3213.489990234375,0
2007-08-06,3260.330078125,3260.330078125,3260.330078125,3260.330078125,0
2007-08-07,3293.2900390625,3293.2900390625,3293.2900390625,3293.2900390625,0
2007-08-08,3384.889892578125,3384.889892578125,3384.889892578125,3384.889892578125,0
2007-08-09,3339.409912109375,3339.409912109375,3339.409912109375,3339.409912109375,0
2007-08-10,3356.070068359375,3356.070068359375,3356.070068359375,3356.070068359375,0
2007-08-13,3318.2099609375,3318.2099609375,3318.2099609375,3318.2099609375,0
2007-08-14,3246.260009765625,3246.260009765625,3246.260009765625,3246.260009765625,0
2007-08-15,3198.409912109375,3198.409912109375,3198.409912109375,3198.409912109375,0
2007-08-16,3272.110107421875,3272.110107421875,3272.110107421875,3272.110107421875,0
2007-08-17,3345.360107421875,3345.360107421875,3345.360107421875,3345.360107421875,0
2007-08-20,3351.429931640625,3351.429931640625,3351.429931640625,3351.429931640625,0
2007-08-21,3355.56005859375,3355.56005859375,3355.56005859375,3355.56005859375,0
2007-08-22,3398.969970703125,3398.969970703125,3398.969970703125,3398.969970703125,0
2007-08-23,3355.239990234375,3355.239990234375,3355.239990234375,3355.239990234375,0
2007-08-24,3400.739990234375,3400.739990234375,3400.739990234375,3400.739990234375,0
2007-08-27,3360.419921875,3360.419921875,3360.419921875,3360.419921875,0
2007-08-28,3268.429931640625,3268.429931640625,3268.429931640625,3268.429931640625,0
2007-08-29,3352.080078125,3352.080078125,3352.080078125,3352.080078125,0
2007-08-30,3334.4599609375,3334.4599609375,3334.4599609375,3334.4599609375,0
2007-08-31,3376.0,3376.0,3376.0,3376.0,0
2007-09-04,3409.39990234375,3409.39990234375,3409.39990234375,3409.39990234375,0
2007-09-05,3366.14990234375,3366.14990234375,3366.14990234375,3366.14990234375,0
2007-09-06,3376.7900390625,3376.7900390625,3376.7900390625,3376.7900390625,0
2007-09-07,3303.830078125,3303.830078125,3303.830078125,3303.830078125,0
2007-09-10,3278.489990234375,3278.489990234375,3278.489990234375,3278.489990234375,0
2007-09-11,3331.56005859375,3331.56005859375,3331.56005859375,3331.56005859375,0
2007-09-12,3313.860107421875,3313.860107421875,3313.860107421875,3313.860107421875,0
2007-09-13,3324.489990234375,3324.489990234375,3324.489990234375,3324.489990234375,0
2007-09-14,3337.889892578125,3337.889892578125,3337.889892578125,3337.889892578125,0
2007-09-17,3305.2099609375,3305.2099609375,3305.2099609375,3305.2099609375,0
2007-09-18,3436.6201171875,3436.6201171875,3436.6201171875,3436.6201171875,0
2007-09-19,3482.669921875,3482.669921875,3482.669921875,3482.669921875,0
2007-09-20,3450.219970703125,3450.219970703125,3450.219970703125,3450.219970703125,0
2007-09-21,3464.56005859375,3464.56005859375,3464.56005859375,3464.56005859375,0
2007-09-24,3433.4599609375,3433.4599609375,3433.4599609375,3433.4599609375,0
2007-09-25,3421.60009765625,3421.60009765625,3421.60009765625,3421.60009765625,0
2007-09-26,3449.260009765625,3449.260009765625,3449.260009765625,3449.260009765625,0
2007-09-27,3470.419921875,3470.419921875,3470.419921875,3470.419921875,0
2007-09-28,3433.949951171875,3433.949951171875,3433.949951171875,3433.949951171875,0
2007-10-01,3516.31005859375,3516.31005859375,3516.31005859375,3516.31005859375,0
2007-10-02,3547.10009765625,3547.10009765625,3547.10009765625,3547.10009765625,0
2007-10-03,3522.489990234375,3522.489990234375,3522.489990234375,3522.489990234375,0
2007-10-04,3535.39990234375,3535.39990234375,3535.39990234375,3535.39990234375,0
2007-10-05,3602.550048828125,3602.550048828125,3602.550048828125,3602.550048828125,0
2007-10-08,3582.3701171875,3582.3701171875,3582.3701171875,3582.3701171875,0
2007-10-09,3606.18994140625,3606.18994140625,3606.18994140625,3606.18994140625,0
2007-10-10,3604.070068359375,3604.070068359375,3604.070068359375,3604.070068359375,0
2007-10-11,3560.830078125,3560.830078125,3560.830078125,3560.830078125,0
2007-10-12,3587.22998046875,3587.22998046875,3587.22998046875,3587.22998046875,0
2007-10-15,3536.89990234375,3536.89990234375,3536.89990234375,3536.89990234375,0
2007-10-16,3511.2900390625,3511.2900390625,3511.2900390625,3511.2900390625,0
2007-10-17,3517.909912109375,3517.909912109375,3517.909912109375,3517.909912109375,0
2007-10-18,3518.60009765625,3518.60009765625,3518.60009765625,3518.60009765625,0
2007-10-19,3406.77001953125,3406.77001953125,3406.77001953125,3406.77001953125,0
2007-10-22,3454.949951171875,3454.949951171875,3454.949951171875,3454.949951171875,0
2007-10-23,3491.030029296875,3491.030029296875,3491.030029296875,3491.030029296875,0
2007-10-24,3458.2900390625,3458.2900390625,3458.2900390625,3458.2900390625,0
2007-10-25,3438.14990234375,3438.14990234375,3438.14990234375,3438.14990234375,0
2007-10-26,3503.39990234375,3503.39990234375,3503.39990234375,3503.39990234375,0
2007-10-29,3505.169921875,3505.169921875,3505.169921875,3505.169921875,0
2007-10-30,3481.739990234375,3481.739990234375,3481.739990234375,3481.739990234375,0
2007-10-31,3532.469970703125,3532.469970703125,3532.469970703125,3532.469970703125,0
2007-11-01,3392.469970703125,3392.469970703125,3392.469970703125,3392.469970703125,0
2007-11-02,3403.669921875,3403.669921875,3403.669921875,3403.669921875,0
2007-11-05,3372.429931640625,3372.429931640625,3372.429931640625,3372.429931640625,0
2007-11-06,3420.860107421875,3420.860107421875,3420.860107421875,3420.860107421875,0
2007-11-07,3311.02001953125,3311.02001953125,3311.02001953125,3311.02001953125,0
2007-11-08,3332.139892578125,3332.139892578125,3332.139892578125,3332.139892578125,0
2007-11-09,3295.889892578125,3295.889892578125,3295.889892578125,3295.889892578125,0
2007-11-12,3273.330078125,3273.330078125,3273.330078125,3273.330078125,0
2007-11-13,3367.800048828125,3367.800048828125,3367.800048828125,3367.800048828125,0
2007-11-14,3339.669921875,3339.669921875,3339.669921875,3339.669921875,0
2007-11-15,3293.340087890625,3293.340087890625,3293.340087890625,3293.340087890625,0
2007-11-16,3284.429931640625,3284.429931640625,3284.429931640625,3284.429931640625,0
2007-11-19,3202.889892578125,3202.889892578125,3202.889892578125,3202.889892578125,0
2007-11-20,3198.679931640625,3198.679931640625,3198.679931640625,3198.679931640625,0
2007-11-21,3160.5,3160.5,3160.5,3160.5,0
2007-11-23,3223.429931640625,3223.429931640625,3223.429931640625,3223.429931640625,0
2007-11-26,3138.25,3138.25,3138.25,3138.25,0
2007-11-27,3173.300048828125,3173.300048828125,3173.300048828125,3173.300048828125,0
2007-11-28,3288.219970703125,3288.219970703125,3288.219970703125,3288.219970703125,0
2007-11-29,3271.510009765625,3271.510009765625,3271.510009765625,3271.510009765625,0
2007-11-30,3278.820068359375,3278.820068359375,3278.820068359375,3278.820068359375,0
2007-12-03,3245.6298828125,3245.6298828125,3245.6298828125,3245.6298828125,0
2007-12-04,3211.8798828125,3211.8798828125,3211.8798828125,3211.8798828125,0
2007-12-05,3270.18994140625,3270.18994140625,3270.18994140625,3270.18994140625,0
2007-12-06,3361.27001953125,3361.27001953125,3361.27001953125,3361.27001953125,0
2007-12-07,3355.2099609375,3355.2099609375,3355.2099609375,3355.2099609375,0
2007-12-10,3379.52001953125,3379.52001953125,3379.52001953125,3379.52001953125,0
2007-12-11,3273.110107421875,3273.110107421875,3273.110107421875,3273.110107421875,0
2007-12-12,3297.070068359375,3297.070068359375,3297.070068359375,3297.070068359375,0
2007-12-13,3287.85009765625,3287.85009765625,3287.85009765625,3287.85009765625,0
2007-12-14,3221.570068359375,3221.570068359375,3221.570068359375,3221.570068359375,0
2007-12-17,3158.389892578125,3158.389892578125,3158.389892578125,3158.389892578125,0
2007-12-18,3222.47998046875,3222.47998046875,3222.47998046875,3222.47998046875,0
2007-12-19,3231.52001953125,3231.52001953125,3231.52001953125,3231.52001953125,0
2007-12-20,3280.449951171875,3280.449951171875,3280.449951171875,3280.449951171875,0
2007-12-21,3357.699951171875,3357.699951171875,3357.699951171875,3357.699951171875,0
2007-12-24,3395.419921875,3395.419921875,3395.419921875,3395.419921875,0
2007-12-26,3406.969970703125,3406.969970703125,3406.969970703125,3406.969970703125,0
2007-12-27,3308.43994140625,3308.43994140625,3308.43994140625,3308.43994140625,0
2007-12-28,3301.280029296875,3301.280029296875,3301.280029296875,3301.280029296875,0
2007-12-31,3276.77001953125,3276.77001953125,3276.77001953125,3276.77001953125,0
2008-01-02,3223.580078125,3223.580078125,3223.580078125,3223.580078125,0
2008-01-03,3187.14990234375,3187.14990234375,3187.14990234375,3187.14990234375,0
2008-01-04,3087.0400390625,3087.0400390625,3087.0400390625,3087.0400390625,0
2008-01-07,3097.14990234375,3097.14990234375,3097.14990234375,3097.14990234375,0
2008-01-08,3015.610107421875,3015.610107421875,3015.610107421875,3015.610107421875,0
2008-01-09,3046.72998046875,3046.72998046875,3046.72998046875,3046.72998046875,0
2008-01-10,3081.419921875,3081.419921875,3081.419921875,3081.419921875,0
2008-01-11,3015.010009765625,3015.010009765625,3015.010009765625,3015.010009765625,0
2008-01-14,3048.5400390625,3048.5400390625,3048.5400390625,3048.5400390625,0
2008-01-15,2984.139892578125,2984.139892578125,2984.139892578125,2984.139892578125,0
2008-01-16,2994.800048828125,2994.800048828125,2994.800048828125,2994.800048828125,0
2008-01-17,2912.199951171875,2912.199951171875,2912.199951171875,2912.199951171875,0
2008-01-18,2880.610107421875,2880.610107421875,2880.610107421875,2880.610107421875,0
2008-01-22,2873.75,2873.75,2873.75,2873.75,0
2008-01-23,2967.330078125,2967.330078125,2967.330078125,2967.330078125,0
2008-01-24,2964.330078125,2964.330078125,2964.330078125,2964.330078125,0
2008-01-25,2946.699951171875,2946.699951171875,2946.699951171875,2946.699951171875,0
2008-01-28,3005.68994140625,3005.68994140625,3005.68994140625,3005.68994140625,0
2008-01-29,3018.199951171875,3018.199951171875,3018.199951171875,3018.199951171875,0
2008-01-30,2976.9599609375,2976.9599609375,2976.9599609375,2976.9599609375,0
2008-01-31,3053.31005859375,3053.31005859375,3053.31005859375,3053.31005859375,0
2008-02-01,3127.080078125,3127.080078125,3127.080078125,3127.080078125,0
2008-02-04,3096.9599609375,3096.9599609375,3096.9599609375,3096.9599609375,0
2008-02-05,3003.360107421875,3003.360107421875,3003.360107421875,3003.360107421875,0
2008-02-06,2964.679931640625,2964.679931640625,2964.679931640625,2964.679931640625,0
2008-02-07,3008.840087890625,3008.840087890625,3008.840087890625,3008.840087890625,0
2008-02-08,2992.43994140625,2992.43994140625,2992.43994140625,2992.43994140625,0
2008-02-11,2995.93994140625,2995.93994140625,2995.93994140625,2995.93994140625,0
2008-02-12,3020.56005859375,3020.56005859375,3020.56005859375,3020.56005859375,0
2008-02-13,3091.719970703125,3091.719970703125,3091.719970703125,3091.719970703125,0
2008-02-14,3020.6298828125,3020.6298828125,3020.6298828125,3020.6298828125,0
2008-02-15,3004.389892578125,3004.389892578125,3004.389892578125,3004.389892578125,0
2008-02-19,3007.929931640625,3007.929931640625,3007.929931640625,3007.929931640625,0
2008-02-20,3041.010009765625,3041.010009765625,3041.010009765625,3041.010009765625,0
2008-02-21,2982.27001953125,2982.27001953125,2982.27001953125,2982.27001953125,0
2008-02-22,2978.77001953125,2978.77001953125,2978.77001953125,2978.77001953125,0
2008-02-25,3043.2099609375,3043.2099609375,3043.2099609375,3043.2099609375,0
2008-02-26,3072.659912109375,3072.659912109375,3072.659912109375,3072.659912109375,0
2008-02-27,3069.409912109375,3069.409912109375,3069.409912109375,3069.409912109375,0
2008-02-28,3023.830078125,3023.830078125,3023.830078125,3023.830078125,0
2008-02-29,2940.139892578125,2940.139892578125,2940.139892578125,2940.139892578125,0
2008-03-03,2931.81005859375,2931.81005859375,2931.81005859375,2931.81005859375,0
2008-03-04,2918.010009765625,2918.010009765625,2918.010009765625,2918.010009765625,0
2008-03-05,2930.06005859375,2930.06005859375,2930.06005859375,2930.06005859375,0
2008-03-06,2840.43994140625,2840.43994140625,2840.43994140625,2840.43994140625,0
2008-03-07,2829.1201171875,2829.1201171875,2829.1201171875,2829.1201171875,0
2008-03-10,2760.06005859375,2760.06005859375,2760.06005859375,2760.06005859375,0
2008-03-11,2888.169921875,2888.169921875,2888.169921875,2888.169921875,0
2008-03-12,2861.030029296875,2861.030029296875,2861.030029296875,2861.030029296875,0
2008-03-13,2914.60009765625,2914.60009765625,2914.60009765625,2914.60009765625,0
2008-03-14,2842.530029296875,2842.530029296875,2842.530029296875,2842.530029296875,0
2008-03-17,2789.2099609375,2789.2099609375,2789.2099609375,2789.2099609375,0
2008-03-18,2924.610107421875,2924.610107421875,2924.610107421875,2924.610107421875,0
2008-03-19,2848.2900390625,2848.2900390625,2848.2900390625,2848.2900390625,0
2008-03-20,2922.56005859375,2922.56005859375,2922.56005859375,2922.56005859375,0
2008-03-24,3007.75,3007.75,3007.75,3007.75,0
2008-03-25,3024.919921875,3024.919921875,3024.919921875,3024.919921875,0
2008-03-26,3011.550048828125,3011.550048828125,3011.550048828125,3011.550048828125,0
2008-03-27,2971.2099609375,2971.2099609375,2971.2099609375,2971.2099609375,0
2008-03-28,2931.889892578125,2931.889892578125,2931.889892578125,2931.889892578125,0
2008-03-31,2952.449951171875,2952.449951171875,2952.449951171875,2952.449951171875,0
2008-04-01,3049.85009765625,3049.85009765625,3049.85009765625,3049.85009765625,0
2008-04-02,3057.070068359375,3057.070068359375,3057.070068359375,3057.070068359375,0
2008-04-03,3062.889892578125,3062.889892578125,3062.889892578125,3062.889892578125,0
2008-04-04,3063.639892578125,3063.639892578125,3063.639892578125,3063.639892578125,0
2008-04-07,3059.18994140625,3059.18994140625,3059.18994140625,3059.18994140625,0
2008-04-08,3056.06005859375,3056.06005859375,3056.06005859375,3056.06005859375,0
2008-04-09,2997.969970703125,2997.969970703125,2997.969970703125,2997.969970703125,0
2008-04-10,3036.9599609375,3036.9599609375,3036.9599609375,3036.9599609375,0
2008-04-11,2954.550048828125,2954.550048828125,2954.550048828125,2954.550048828125,0
2008-04-14,2945.6298828125,2945.6298828125,2945.6298828125,2945.6298828125,0
2008-04-15,2971.3701171875,2971.3701171875,2971.3701171875,2971.3701171875,0
2008-04-16,3063.0400390625,3063.0400390625,3063.0400390625,3063.0400390625,0
2008-04-17,3039.929931640625,3039.929931640625,3039.929931640625,3039.929931640625,0
2008-04-18,3096.090087890625,3096.090087890625,3096.090087890625,3096.090087890625,0
2008-04-21,3082.969970703125,3082.969970703125,3082.969970703125,3082.969970703125,0
2008-04-22,3021.610107421875,3021.610107421875,3021.610107421875,3021.610107421875,0
2008-04-23,3040.530029296875,3040.530029296875,3040.530029296875,3040.530029296875,0
2008-04-24,3079.050048828125,3079.050048828125,3079.050048828125,3079.050048828125,0
2008-04-25,3099.68994140625,3099.68994140625,3099.68994140625,3099.68994140625,0
2008-04-28,3115.169921875,3115.169921875,3115.169921875,3115.169921875,0
2008-04-29,3087.75,3087.75,3087.75,3087.75,0
2008-04-30,3076.070068359375,3076.070068359375,3076.070068359375,3076.070068359375,0
2008-05-01,3134.550048828125,3134.550048828125,3134.550048828125,3134.550048828125,0
2008-05-02,3117.419921875,3117.419921875,3117.419921875,3117.419921875,0
2008-05-05,3111.4599609375,3111.4599609375,3111.4599609375,3111.4599609375,0
2008-05-06,3134.85009765625,3134.85009765625,3134.85009765625,3134.85009765625,0
2008-05-07,3076.75,3076.75,3076.75,3076.75,0
2008-05-08,3091.219970703125,3091.219970703125,3091.219970703125,3091.219970703125,0
2008-05-09,3093.43994140625,3093.43994140625,3093.43994140625,3093.43994140625,0
2008-05-12,3150.199951171875,3150.199951171875,3150.199951171875,3150.199951171875,0
2008-05-13,3166.050048828125,3166.050048828125,3166.050048828125,3166.050048828125,0
2008-05-14,3163.1298828125,3163.1298828125,3163.1298828125,3163.1298828125,0
2008-05-15,3194.719970703125,3194.719970703125,3194.719970703125,3194.719970703125,0
2008-05-16,3185.31005859375,3185.31005859375,3185.31005859375,3185.31005859375,0
2008-05-19,3173.64990234375,3173.64990234375,3173.64990234375,3173.64990234375,0
2008-05-20,3161.659912109375,3161.659912109375,3161.659912109375,3161.659912109375,0
2008-05-21,3125.18994140625,3125.18994140625,3125.18994140625,3125.18994140625,0
2008-05-22,3150.659912109375,3150.659912109375,3150.659912109375,3150.659912109375,0
2008-05-23,3112.449951171875,3112.449951171875,3112.449951171875,3112.449951171875,0
2008-05-27,3156.72998046875,3156.72998046875,3156.72998046875,3156.72998046875,0
2008-05-28,3174.72998046875,3174.72998046875,3174.72998046875,3174.72998046875,0
2008-05-29,3205.590087890625,3205.590087890625,3205.590087890625,3205.590087890625,0
2008-05-30,3217.3798828125,3217.3798828125,3217.3798828125,3217.3798828125,0
2008-06-02,3186.199951171875,3186.199951171875,3186.199951171875,3186.199951171875,0
2008-06-03,3177.610107421875,3177.610107421875,3177.610107421875,3177.610107421875,0
2008-06-04,3198.0,3198.0,3198.0,3198.0,0
2008-06-05,3282.22998046875,3282.22998046875,3282.22998046875,3282.22998046875,0
2008-06-06,3183.840087890625,3183.840087890625,3183.840087890625,3183.840087890625,0
2008-06-09,3161.949951171875,3161.949951171875,3161.949951171875,3161.949951171875,0
2008-06-10,3150.7099609375,3150.7099609375,3150.7099609375,3150.7099609375,0
2008-06-11,3087.989990234375,3087.989990234375,3087.989990234375,3087.989990234375,0
2008-06-12,3096.909912109375,3096.909912109375,3096.909912109375,3096.909912109375,0
2008-06-13,3156.239990234375,3156.239990234375,3156.239990234375,3156.239990234375,0
2008-06-16,3186.89990234375,3186.89990234375,3186.89990234375,3186.89990234375,0
2008-06-17,3169.25,3169.25,3169.25,3169.25,0
2008-06-18,3144.25,3144.25,3144.25,3144.25,0
2008-06-19,3174.89990234375,3174.89990234375,3174.89990234375,3174.89990234375,0
2008-06-20,3122.840087890625,3122.840087890625,3122.840087890625,3122.840087890625,0
2008-06-23,3097.489990234375,3097.489990234375,3097.489990234375,3097.489990234375,0
2008-06-24,3046.35009765625,3046.35009765625,3046.35009765625,3046.35009765625,0
2008-06-25,3082.56005859375,3082.56005859375,3082.56005859375,3082.56005859375,0
2008-06-26,3007.1298828125,3007.1298828125,3007.1298828125,3007.1298828125,0
2008-06-27,3006.10009765625,3006.10009765625,3006.10009765625,3006.10009765625,0
2008-06-30,2969.679931640625,2969.679931640625,2969.679931640625,2969.679931640625,0
2008-07-01,2978.070068359375,2978.070068359375,2978.070068359375,2978.070068359375,0
2008-07-02,2895.3798828125,2895.3798828125,2895.3798828125,2895.3798828125,0
2008-07-03,2867.179931640625,2867.179931640625,2867.179931640625,2867.179931640625,0
2008-07-07,2834.860107421875,2834.860107421875,2834.860107421875,2834.860107421875,0
2008-07-08,2940.31005859375,2940.31005859375,2940.31005859375,2940.31005859375,0
2008-07-09,2858.679931640625,2858.679931640625,2858.679931640625,2858.679931640625,0
2008-07-10,2887.639892578125,2887.639892578125,2887.639892578125,2887.639892578125,0
2008-07-11,2907.300048828125,2907.300048828125,2907.300048828125,2907.300048828125,0
2008-07-14,2862.419921875,2862.419921875,2862.419921875,2862.419921875,0
2008-07-15,2853.219970703125,2853.219970703125,2853.219970703125,2853.219970703125,0
2008-07-16,2958.419921875,2958.419921875,2958.419921875,2958.419921875,0
2008-07-17,3001.02001953125,3001.02001953125,3001.02001953125,3001.02001953125,0
2008-07-18,2985.7900390625,2985.7900390625,2985.7900390625,2985.7900390625,0
2008-07-21,3005.510009765625,3005.510009765625,3005.510009765625,3005.510009765625,0
2008-07-22,3088.22998046875,3088.22998046875,3088.22998046875,3088.22998046875,0
2008-07-23,3098.52001953125,3098.52001953125,3098.52001953125,3098.52001953125,0
2008-07-24,3026.159912109375,3026.159912109375,3026.159912109375,3026.159912109375,0
2008-07-25,3060.419921875,3060.419921875,3060.419921875,3060.419921875,0
2008-07-28,2999.169921875,2999.169921875,2999.169921875,2999.169921875,0
2008-07-29,3079.080078125,3079.080078125,3079.080078125,3079.080078125,0
2008-07-30,3097.97998046875,3097.97998046875,3097.97998046875,3097.97998046875,0
2008-07-31,3079.580078125,3079.580078125,3079.580078125,3079.580078125,0
2008-08-01,3086.81005859375,3086.81005859375,3086.81005859375,3086.81005859375,0
2008-08-04,3035.050048828125,3035.050048828125,3035.050048828125,3035.050048828125,0
2008-08-05,3107.93994140625,3107.93994140625,3107.93994140625,3107.93994140625,0
2008-08-06,3129.030029296875,3129.030029296875,3129.030029296875,3129.030029296875,0
2008-08-07,3075.429931640625,3075.429931640625,3075.429931640625,3075.429931640625,0
2008-08-08,3165.510009765625,3165.510009765625,3165.510009765625,3165.510009765625,0
2008-08-11,3237.840087890625,3237.840087890625,3237.840087890625,3237.840087890625,0
2008-08-12,3211.530029296875,3211.530029296875,3211.530029296875,3211.530029296875,0
2008-08-13,3224.18994140625,3224.18994140625,3224.18994140625,3224.18994140625,0
2008-08-14,3253.139892578125,3253.139892578125,3253.139892578125,3253.139892578125,0
2008-08-15,3248.820068359375,3248.820068359375,3248.820068359375,3248.820068359375,0
2008-08-18,3199.75,3199.75,3199.75,3199.75,0
2008-08-19,3148.679931640625,3148.679931640625,3148.679931640625,3148.679931640625,0
2008-08-20,3155.43994140625,3155.43994140625,3155.43994140625,3155.43994140625,0
2008-08-21,3128.169921875,3128.169921875,3128.169921875,3128.169921875,0
2008-08-22,3181.550048828125,3181.550048828125,3181.550048828125,3181.550048828125,0
2008-08-25,3107.9599609375,3107.9599609375,3107.9599609375,3107.9599609375,0
2008-08-26,3120.800048828125,3120.800048828125,3120.800048828125,3120.800048828125,0
2008-08-27,3162.110107421875,3162.110107421875,3162.110107421875,3162.110107421875,0
2008-08-28,3226.6201171875,3226.6201171875,3226.6201171875,3226.6201171875,0
2008-08-29,3190.8798828125,3190.8798828125,3190.8798828125,3190.8798828125,0
2008-09-02,3186.6298828125,3186.6298828125,3186.6298828125,3186.6298828125,0
2008-09-03,3201.590087890625,3201.590087890625,3201.590087890625,3201.590087890625,0
2008-09-04,3101.14990234375,3101.14990234375,3101.14990234375,3101.14990234375,0
2008-09-05,3102.2900390625,3102.2900390625,3102.2900390625,3102.2900390625,0
2008-09-08,3162.8798828125,3162.8798828125,3162.8798828125,3162.8798828125,0
2008-09-09,3052.570068359375,3052.570068359375,3052.570068359375,3052.570068359375,0
2008-09-10,3095.360107421875,3095.360107421875,3095.360107421875,3095.360107421875,0
2008-09-11,3104.0,3104.0,3104.0,3104.0,0
2008-09-12,3109.590087890625,3109.590087890625,3109.590087890625,3109.590087890625,0
2008-09-15,2977.93994140625,2977.93994140625,2977.93994140625,2977.93994140625,0
2008-09-16,3068.419921875,3068.419921875,3068.419921875,3068.419921875,0
2008-09-17,2920.659912109375,2920.659912109375,2920.659912109375,2920.659912109375,0
2008-09-18,3124.929931640625,3124.929931640625,3124.929931640625,3124.929931640625,0
2008-09-19,3254.780029296875,3254.780029296875,3254.780029296875,3254.780029296875,0
2008-09-22,3110.989990234375,3110.989990234375,3110.989990234375,3110.989990234375,0
2008-09-23,3062.570068359375,3062.570068359375,3062.570068359375,3062.570068359375,0
2008-09-24,3013.409912109375,3013.409912109375,3013.409912109375,3013.409912109375,0
2008-09-25,3047.8701171875,3047.8701171875,3047.8701171875,3047.8701171875,0
2008-09-26,3045.3701171875,3045.3701171875,3045.3701171875,3045.3701171875,0
2008-09-29,2842.1298828125,2842.1298828125,2842.1298828125,2842.1298828125,0
2008-09-30,2936.6298828125,2936.6298828125,2936.6298828125,2936.6298828125,0
2008-10-01,2902.18994140625,2902.18994140625,2902.18994140625,2902.18994140625,0
2008-10-02,2755.7900390625,2755.7900390625,2755.7900390625,2755.7900390625,0
2008-10-03,2676.919921875,2676.919921875,2676.919921875,2676.919921875,0
2008-10-06,2575.449951171875,2575.449951171875,2575.449951171875,2575.449951171875,0
2008-10-07,2415.760009765625,2415.760009765625,2415.760009765625,2415.760009765625,0
2008-10-08,2362.409912109375,2362.409912109375,2362.409912109375,2362.409912109375,0
2008-10-09,2157.93994140625,2157.93994140625,2157.93994140625,2157.93994140625,0
2008-10-10,2258.93994140625,2258.93994140625,2258.93994140625,2258.93994140625,0
2008-10-13,2468.219970703125,2468.219970703125,2468.219970703125,2468.219970703125,0
2008-10-14,2398.02001953125,2398.02001953125,2398.02001953125,2398.02001953125,0
2008-10-15,2171.10009765625,2171.10009765625,2171.10009765625,2171.10009765625,0
2008-10-16,2320.10009765625,2320.10009765625,2320.10009765625,2320.10009765625,0
2008-10-17,2277.010009765625,2277.010009765625,2277.010009765625,2277.010009765625,0
2008-10-20,2365.320068359375,2365.320068359375,2365.320068359375,2365.320068359375,0
2008-10-21,2295.330078125,2295.330078125,2295.330078125,2295.330078125,0
2008-10-22,2170.72998046875,2170.72998046875,2170.72998046875,2170.72998046875,0
2008-10-23,2118.659912109375,2118.659912109375,2118.659912109375,2118.659912109375,0
2008-10-24,2037.3699951171875,2037.3699951171875,2037.3699951171875,2037.3699951171875,0
2008-10-27,1939.1500244140625,1939.1500244140625,1939.1500244140625,1939.1500244140625,0
2008-10-28,2086.8701171875,2086.8701171875,2086.8701171875,2086.8701171875,0
2008-10-29,2123.550048828125,2123.550048828125,2123.550048828125,2123.550048828125,0
2008-10-30,2224.610107421875,2224.610107421875,2224.610107421875,2224.610107421875,0
2008-10-31,2325.72998046875,2325.72998046875,2325.72998046875,2325.72998046875,0
2008-11-03,2330.0,2330.0,2330.0,2330.0,0
2008-11-04,2362.300048828125,2362.300048828125,2362.300048828125,2362.300048828125,0
2008-11-05,2226.969970703125,2226.969970703125,2226.969970703125,2226.969970703125,0
2008-11-06,2145.929931640625,2145.929931640625,2145.929931640625,2145.929931640625,0
2008-11-07,2189.1298828125,2189.1298828125,2189.1298828125,2189.1298828125,0
2008-11-10,2134.25,2134.25,2134.25,2134.25,0
2008-11-11,2087.43994140625,2087.43994140625,2087.43994140625,2087.43994140625,0
2008-11-12,1960.22998046875,1960.22998046875,1960.22998046875,1960.22998046875,0
2008-11-13,2127.06005859375,2127.06005859375,2127.06005859375,2127.06005859375,0
2008-11-14,1976.780029296875,1976.780029296875,1976.780029296875,1976.780029296875,0
2008-11-17,1954.280029296875,1954.280029296875,1954.280029296875,1954.280029296875,0
2008-11-18,1938.0400390625,1938.0400390625,1938.0400390625,1938.0400390625,0
2008-11-19,1786.199951171875,1786.199951171875,1786.199951171875,1786.199951171875,0
2008-11-20,1669.010009765625,1669.010009765625,1669.010009765625,1669.010009765625,0
2008-11-21,1760.989990234375,1760.989990234375,1760.989990234375,1760.989990234375,0
2008-11-24,1892.1500244140625,1892.1500244140625,1892.1500244140625,1892.1500244140625,0
2008-11-25,1920.0899658203125,1920.0899658203125,1920.0899658203125,1920.0899658203125,0
2008-11-26,2032.02001953125,2032.02001953125,2032.02001953125,2032.02001953125,0
2008-11-28,2050.6201171875,2050.6201171875,2050.6201171875,2050.6201171875,0
2008-12-01,1807.72998046875,1807.72998046875,1807.72998046875,1807.72998046875,0
2008-12-02,1915.0400390625,1915.0400390625,1915.0400390625,1915.0400390625,0
2008-12-03,1966.949951171875,1966.949951171875,1966.949951171875,1966.949951171875,0
2008-12-04,1905.3299560546875,1905.3299560546875,1905.3299560546875,1905.3299560546875,0
2008-12-05,1998.93994140625,1998.93994140625,1998.93994140625,1998.93994140625,0
2008-12-08,2086.93994140625,2086.93994140625,2086.93994140625,2086.93994140625,0
2008-12-09,2019.0899658203125,2019.0899658203125,2019.0899658203125,2019.0899658203125,0
2008-12-10,2065.6298828125,2065.6298828125,2065.6298828125,2065.6298828125,0
2008-12-11,1957.1300048828125,1957.1300048828125,1957.1300048828125,1957.1300048828125,0
2008-12-12,2031.8699951171875,2031.8699951171875,2031.8699951171875,2031.8699951171875,0
2008-12-15,1963.1700439453125,1963.1700439453125,1963.1700439453125,1963.1700439453125,0
2008-12-16,2094.800048828125,2094.800048828125,2094.800048828125,2094.800048828125,0
2008-12-17,2111.340087890625,2111.340087890625,2111.340087890625,2111.340087890625,0
2008-12-18,2079.27001953125,2079.27001953125,2079.27001953125,2079.27001953125,0
2008-12-19,2110.169921875,2110.169921875,2110.169921875,2110.169921875,0
2008-12-22,2061.719970703125,2061.719970703125,2061.719970703125,2061.719970703125,0
2008-12-23,2033.949951171875,2033.949951171875,2033.949951171875,2033.949951171875,0
2008-12-24,2042.0799560546875,2042.0799560546875,2042.0799560546875,2042.0799560546875,0
2008-12-26,2069.429931640625,2069.429931640625,2069.429931640625,2069.429931640625,0
2008-12-29,2024.739990234375,2024.739990234375,2024.739990234375,2024.739990234375,0
2008-12-30,2097.1201171875,2097.1201171875,2097.1201171875,2097.1201171875,0
2008-12-31,2169.64990234375,2169.64990234375,2169.64990234375,2169.64990234375,0
2009-01-02,2197.449951171875,2197.449951171875,2197.449951171875,2197.449951171875,0
2009-01-05,2193.969970703125,2193.969970703125,2193.969970703125,2193.969970703125,0
2009-01-06,2236.070068359375,2236.070068359375,2236.070068359375,2236.070068359375,0
2009-01-07,2159.68994140625,2159.68994140625,2159.68994140625,2159.68994140625,0
2009-01-08,2181.10009765625,2181.10009765625,2181.10009765625,2181.10009765625,0
2009-01-09,2091.159912109375,2091.159912109375,2091.159912109375,2091.159912109375,0
2009-01-12,2036.8900146484375,2036.8900146484375,2036.8900146484375,2036.8900146484375,0
2009-01-13,2058.739990234375,2058.739990234375,2058.739990234375,2058.739990234375,0
2009-01-14,1969.239990234375,1969.239990234375,1969.239990234375,1969.239990234375,0
2009-01-15,2010.3399658203125,2010.3399658203125,2010.3399658203125,2010.3399658203125,0
2009-01-16,2026.97998046875,2026.97998046875,2026.97998046875,2026.97998046875,0
2009-01-20,1884.5799560546875,1884.5799560546875,1884.5799560546875,1884.5799560546875,0
2009-01-21,1985.1199951171875,1985.1199951171875,1985.1199951171875,1985.1199951171875,0
2009-01-22,1924.6600341796875,1924.6600341796875,1924.6600341796875,1924.6600341796875,0
2009-01-23,1931.25,1931.25,1931.25,1931.25,0
2009-01-26,1956.0699462890625,1956.0699462890625,1956.0699462890625,1956.0699462890625,0
2009-01-27,1980.1099853515625,1980.1099853515625,1980.1099853515625,1980.1099853515625,0
2009-01-28,2056.27001953125,2056.27001953125,2056.27001953125,2056.27001953125,0
2009-01-29,1970.52001953125,1970.52001953125,1970.52001953125,1970.52001953125,0
2009-01-30,1928.3299560546875,1928.3299560546875,1928.3299560546875,1928.3299560546875,0
2009-02-02,1954.81005859375,1954.81005859375,1954.81005859375,1954.81005859375,0
2009-02-03,1969.219970703125,1969.219970703125,1969.219970703125,1969.219970703125,0
2009-02-04,1950.1600341796875,1950.1600341796875,1950.1600341796875,1950.1600341796875,0
2009-02-05,1979.06005859375,1979.06005859375,1979.06005859375,1979.06005859375,0
2009-02-06,2047.199951171875,2047.199951171875,2047.199951171875,2047.199951171875,0
2009-02-09,2035.239990234375,2035.239990234375,2035.239990234375,2035.239990234375,0
2009-02-10,1938.8399658203125,1938.8399658203125,1938.8399658203125,1938.8399658203125,0
2009-02-11,1948.9100341796875,1948.9100341796875,1948.9100341796875,1948.9100341796875,0
2009-02-12,1959.739990234375,1959.739990234375,1959.739990234375,1959.739990234375,0
2009-02-13,1950.780029296875,1950.780029296875,1950.780029296875,1950.780029296875,0
2009-02-17,1866.1700439453125,1866.1700439453125,1866.1700439453125,1866.1700439453125,0
2009-02-18,1841.489990234375,1841.489990234375,1841.489990234375,1841.489990234375,0
2009-02-19,1813.3599853515625,1813.3599853515625,1813.3599853515625,1813.3599853515625,0
2009-02-20,1788.4100341796875,1788.4100341796875,1788.4100341796875,1788.4100341796875,0
2009-02-23,1717.239990234375,1717.239990234375,1717.239990234375,1717.239990234375,0
2009-02-24,1795.2900390625,1795.2900390625,1795.2900390625,1795.2900390625,0
2009-02-25,1747.5400390625,1747.5400390625,1747.5400390625,1747.5400390625,0
2009-02-26,1711.02001953125,1711.02001953125,1711.02001953125,1711.02001953125,0
2009-02-27,1694.0,1694.0,1694.0,1694.0,0
2009-03-02,1601.6600341796875,1601.6600341796875,1601.6600341796875,1601.6600341796875,0
2009-03-03,1572.2099609375,1572.2099609375,1572.2099609375,1572.2099609375,0
2009-03-04,1617.3299560546875,1617.3299560546875,1617.3299560546875,1617.3299560546875,0
2009-03-05,1522.3599853515625,1522.3599853515625,1522.3599853515625,1522.3599853515625,0
2009-03-06,1529.43994140625,1529.43994140625,1529.43994140625,1529.43994140625,0
2009-03-09,1495.6400146484375,1495.6400146484375,1495.6400146484375,1495.6400146484375,0
2009-03-10,1602.3900146484375,1602.3900146484375,1602.3900146484375,1602.3900146484375,0
2009-03-11,1596.469970703125,1596.469970703125,1596.469970703125,1596.469970703125,0
2009-03-12,1700.969970703125,1700.969970703125,1700.969970703125,1700.969970703125,0
2009-03-13,1714.050048828125,1714.050048828125,1714.050048828125,1714.050048828125,0
2009-03-16,1684.77001953125,1684.77001953125,1684.77001953125,1684.77001953125,0
2009-03-17,1760.0999755859375,1760.0999755859375,1760.0999755859375,1760.0999755859375,0
2009-03-18,1821.530029296875,1821.530029296875,1821.530029296875,1821.530029296875,0
2009-03-19,1802.5,1802.5,1802.5,1802.5,0
2009-03-20,1745.1700439453125,1745.1700439453125,1745.1700439453125,1745.1700439453125,0
2009-03-23,1891.8900146484375,1891.8900146484375,1891.8900146484375,1891.8900146484375,0
2009-03-24,1816.3299560546875,1816.3299560546875,1816.3299560546875,1816.3299560546875,0
2009-03-25,1860.56005859375,1860.56005859375,1860.56005859375,1860.56005859375,0
2009-03-26,1942.530029296875,1942.530029296875,1942.530029296875,1942.530029296875,0
2009-03-27,1872.3299560546875,1872.3299560546875,1872.3299560546875,1872.3299560546875,0
2009-03-30,1815.6199951171875,1815.6199951171875,1815.6199951171875,1815.6199951171875,0
2009-03-31,1845.2099609375,1845.2099609375,1845.2099609375,1845.2099609375,0
2009-04-01,1873.2900390625,1873.2900390625,1873.2900390625,1873.2900390625,0
2009-04-02,1965.1199951171875,1965.1199951171875,1965.1199951171875,1965.1199951171875,0
2009-04-03,1991.1500244140625,1991.1500244140625,1991.1500244140625,1991.1500244140625,0
2009-04-06,1953.81005859375,1953.81005859375,1953.81005859375,1953.81005859375,0
2009-04-07,1884.72998046875,1884.72998046875,1884.72998046875,1884.72998046875,0
2009-04-08,1930.47998046875,1930.47998046875,1930.47998046875,1930.47998046875,0
2009-04-09,2044.3499755859375,2044.3499755859375,2044.3499755859375,2044.3499755859375,0
2009-04-13,2043.9000244140625,2043.9000244140625,2043.9000244140625,2043.9000244140625,0
2009-04-14,1979.1800537109375,1979.1800537109375,1979.1800537109375,1979.1800537109375,0
2009-04-15,2013.9300537109375,2013.9300537109375,2013.9300537109375,2013.9300537109375,0
2009-04-16,2069.6201171875,2069.6201171875,2069.6201171875,2069.6201171875,0
2009-04-17,2093.580078125,2093.580078125,2093.580078125,2093.580078125,0
2009-04-20,1976.199951171875,1976.199951171875,1976.199951171875,1976.199951171875,0
2009-04-21,2052.93994140625,2052.93994140625,2052.93994140625,2052.93994140625,0
2009-04-22,2055.9599609375,2055.9599609375,2055.9599609375,2055.9599609375,0
2009-04-23,2038.0899658203125,2038.0899658203125,2038.0899658203125,2038.0899658203125,0
2009-04-24,2091.02001953125,2091.02001953125,2091.02001953125,2091.02001953125,0
2009-04-27,2050.81005859375,2050.81005859375,2050.81005859375,2050.81005859375,0
2009-04-28,2065.7900390625,2065.7900390625,2065.7900390625,2065.7900390625,0
2009-04-29,2147.429931640625,2147.429931640625,2147.429931640625,2147.429931640625,0
2009-04-30,2130.449951171875,2130.449951171875,2130.449951171875,2130.449951171875,0
2009-05-01,2128.0,2128.0,2128.0,2128.0,0
2009-05-04,2214.72998046875,2214.72998046875,2214.72998046875,2214.72998046875,0
2009-05-05,2196.080078125,2196.080078125,2196.080078125,2196.080078125,0
2009-05-06,2207.419921875,2207.419921875,2207.419921875,2207.419921875,0
2009-05-07,2154.389892578125,2154.389892578125,2154.389892578125,2154.389892578125,0
2009-05-08,2237.0,2237.0,2237.0,2237.0,0
2009-05-11,2193.8798828125,2193.8798828125,2193.8798828125,2193.8798828125,0
2009-05-12,2164.389892578125,2164.389892578125,2164.389892578125,2164.389892578125,0
2009-05-13,2062.639892578125,2062.639892578125,2062.639892578125,2062.639892578125,0
2009-05-14,2101.77001953125,2101.77001953125,2101.77001953125,2101.77001953125,0
2009-05-15,2080.5,2080.5,2080.5,2080.5,0
2009-05-18,2163.530029296875,2163.530029296875,2163.530029296875,2163.530029296875,0
2009-05-19,2156.949951171875,2156.949951171875,2156.949951171875,2156.949951171875,0
2009-05-20,2140.030029296875,2140.030029296875,2140.030029296875,2140.030029296875,0
2009-05-21,2104.68994140625,2104.68994140625,2104.68994140625,2104.68994140625,0
2009-05-22,2089.080078125,2089.080078125,2089.080078125,2089.080078125,0
2009-05-26,2188.330078125,2188.330078125,2188.330078125,2188.330078125,0
2009-05-27,2142.760009765625,2142.760009765625,2142.760009765625,2142.760009765625,0
2009-05-28,2153.60009765625,2153.60009765625,2153.60009765625,2153.60009765625,0
2009-05-29,2194.679931640625,2194.679931640625,2194.679931640625,2194.679931640625,0
2009-06-01,2281.159912109375,2281.159912109375,2281.159912109375,2281.159912109375,0
2009-06-02,2304.3701171875,2304.3701171875,2304.3701171875,2304.3701171875,0
2009-06-03,2287.1298828125,2287.1298828125,2287.1298828125,2287.1298828125,0
2009-06-04,2326.429931640625,2326.429931640625,2326.429931640625,2326.429931640625,0
2009-06-05,2320.800048828125,2320.800048828125,2320.800048828125,2320.800048828125,0
2009-06-08,2296.489990234375,2296.489990234375,2296.489990234375,2296.489990234375,0
2009-06-09,2310.389892578125,2310.389892578125,2310.389892578125,2310.389892578125,0
2009-06-10,2292.050048828125,2292.050048828125,2292.050048828125,2292.050048828125,0
2009-06-11,2303.090087890625,2303.090087890625,2303.090087890625,2303.090087890625,0
2009-06-12,2306.4599609375,2306.4599609375,2306.4599609375,2306.4599609375,0
2009-06-15,2240.820068359375,2240.820068359375,2240.820068359375,2240.820068359375,0
2009-06-16,2205.60009765625,2205.60009765625,2205.60009765625,2205.60009765625,0
2009-06-17,2220.169921875,2220.169921875,2220.169921875,2220.169921875,0
2009-06-18,2230.93994140625,2230.93994140625,2230.93994140625,2230.93994140625,0
2009-06-19,2245.1298828125,2245.1298828125,2245.1298828125,2245.1298828125,0
2009-06-22,2157.93994140625,2157.93994140625,2157.93994140625,2157.93994140625,0
2009-06-23,2144.7900390625,2144.7900390625,2144.7900390625,2144.7900390625,0
2009-06-24,2167.52001953125,2167.52001953125,2167.52001953125,2167.52001953125,0
2009-06-25,2229.85009765625,2229.85009765625,2229.85009765625,2229.85009765625,0
2009-06-26,2248.360107421875,2248.360107421875,2248.360107421875,2248.360107421875,0
2009-06-29,2237.02001953125,2237.02001953125,2237.02001953125,2237.02001953125,0
2009-06-30,2226.919921875,2226.919921875,2226.919921875,2226.919921875,0
2009-07-01,2267.280029296875,2267.280029296875,2267.280029296875,2267.280029296875,0
2009-07-02,2178.60009765625,2178.60009765625,2178.60009765625,2178.60009765625,0
2009-07-06,2164.75,2164.75,2164.75,2164.75,0
2009-07-07,2121.9599609375,2121.9599609375,2121.9599609375,2121.9599609375,0
2009-07-08,2102.06005859375,2102.06005859375,2102.06005859375,2102.06005859375,0
2009-07-09,2100.52001953125,2100.52001953125,2100.52001953125,2100.52001953125,0
2009-07-10,2108.02001953125,2108.02001953125,2108.02001953125,2108.02001953125,0
2009-07-13,2162.2900390625,2162.2900390625,2162.2900390625,2162.2900390625,0
2009-07-14,2176.35009765625,2176.35009765625,2176.35009765625,2176.35009765625,0
2009-07-15,2260.280029296875,2260.280029296875,2260.280029296875,2260.280029296875,0
2009-07-16,2288.27001953125,2288.27001953125,2288.27001953125,2288.27001953125,0
2009-07-17,2275.989990234375,2275.989990234375,2275.989990234375,2275.989990234375,0
2009-07-20,2309.929931640625,2309.929931640625,2309.929931640625,2309.929931640625,0
2009-07-21,2302.3701171875,2302.3701171875,2302.3701171875,2302.3701171875,0
2009-07-22,2317.760009765625,2317.760009765625,2317.760009765625,2317.760009765625,0
2009-07-23,2392.989990234375,2392.989990234375,2392.989990234375,2392.989990234375,0
2009-07-24,2404.449951171875,2404.449951171875,2404.449951171875,2404.449951171875,0
2009-07-27,2415.06005859375,2415.06005859375,2415.06005859375,2415.06005859375,0
2009-07-28,2419.81005859375,2419.81005859375,2419.81005859375,2419.81005859375,0
2009-07-29,2404.56005859375,2404.56005859375,2404.56005859375,2404.56005859375,0
2009-07-30,2446.06005859375,2446.06005859375,2446.06005859375,2446.06005859375,0
2009-07-31,2441.389892578125,2441.389892578125,2441.389892578125,2441.389892578125,0
2009-08-03,2481.2099609375,2481.2099609375,2481.2099609375,2481.2099609375,0
2009-08-04,2502.97998046875,2502.97998046875,2502.97998046875,2502.97998046875,0
2009-08-05,2482.31005859375,2482.31005859375,2482.31005859375,2482.31005859375,0
2009-08-06,2445.7900390625,2445.7900390625,2445.7900390625,2445.7900390625,0
2009-08-07,2510.669921875,2510.669921875,2510.669921875,2510.669921875,0
2009-08-10,2508.3798828125,2508.3798828125,2508.3798828125,2508.3798828125,0
2009-08-11,2465.639892578125,2465.639892578125,2465.639892578125,2465.639892578125,0
2009-08-12,2510.030029296875,2510.030029296875,2510.030029296875,2510.030029296875,0
2009-08-13,2523.699951171875,2523.699951171875,2523.699951171875,2523.699951171875,0
2009-08-14,2474.25,2474.25,2474.25,2474.25,0
2009-08-17,2405.340087890625,2405.340087890625,2405.340087890625,2405.340087890625,0
2009-08-18,2441.659912109375,2441.659912109375,2441.659912109375,2441.659912109375,0
2009-08-19,2464.840087890625,2464.840087890625,2464.840087890625,2464.840087890625,0
2009-08-20,2495.75,2495.75,2495.75,2495.75,0
2009-08-21,2552.090087890625,2552.090087890625,2552.090087890625,2552.090087890625,0
2009-08-24,2546.52001953125,2546.52001953125,2546.52001953125,2546.52001953125,0
2009-08-25,2559.659912109375,2559.659912109375,2559.659912109375,2559.659912109375,0
2009-08-26,2563.25,2563.25,2563.25,2563.25,0
2009-08-27,2562.3701171875,2562.3701171875,2562.3701171875,2562.3701171875,0
2009-08-28,2545.5400390625,2545.5400390625,2545.5400390625,2545.5400390625,0
2009-08-31,2511.39990234375,2511.39990234375,2511.39990234375,2511.39990234375,0
2009-09-01,2449.89990234375,2449.89990234375,2449.89990234375,2449.89990234375,0
2009-09-02,2440.260009765625,2440.260009765625,2440.260009765625,2440.260009765625,0
2009-09-03,2469.56005859375,2469.56005859375,2469.56005859375,2469.56005859375,0
2009-09-04,2504.85009765625,2504.85009765625,2504.85009765625,2504.85009765625,0
2009-09-08,2530.719970703125,2530.719970703125,2530.719970703125,2530.719970703125,0
2009-09-09,2574.8701171875,2574.8701171875,2574.8701171875,2574.8701171875,0
2009-09-10,2612.320068359375,2612.320068359375,2612.320068359375,2612.320068359375,0
2009-09-11,2607.179931640625,2607.179931640625,2607.179931640625,2607.179931640625,0
2009-09-14,2635.550048828125,2635.550048828125,2635.550048828125,2635.550048828125,0
2009-09-15,2657.06005859375,2657.06005859375,2657.06005859375,2657.06005859375,0
2009-09-16,2712.31005859375,2712.31005859375,2712.31005859375,2712.31005859375,0
2009-09-17,2703.93994140625,2703.93994140625,2703.93994140625,2703.93994140625,0
2009-09-18,2714.570068359375,2714.570068359375,2714.570068359375,2714.570068359375,0
2009-09-21,2706.169921875,2706.169921875,2706.169921875,2706.169921875,0
2009-09-22,2727.010009765625,2727.010009765625,2727.010009765625,2727.010009765625,0
2009-09-23,2695.06005859375,2695.06005859375,2695.06005859375,2695.06005859375,0
2009-09-24,2643.989990234375,2643.989990234375,2643.989990234375,2643.989990234375,0
2009-09-25,2631.64990234375,2631.64990234375,2631.64990234375,2631.64990234375,0
2009-09-28,2695.27001953125,2695.27001953125,2695.27001953125,2695.27001953125,0
2009-09-29,2683.169921875,2683.169921875,2683.169921875,2683.169921875,0
2009-09-30,2656.25,2656.25,2656.25,2656.25,0
2009-10-01,2566.070068359375,2566.070068359375,2566.070068359375,2566.070068359375,0
2009-10-02,2550.52001953125,2550.52001953125,2550.52001953125,2550.52001953125,0
2009-10-05,2598.5400390625,2598.5400390625,2598.5400390625,2598.5400390625,0
2009-10-06,2646.409912109375,2646.409912109375,2646.409912109375,2646.409912109375,0
2009-10-07,2647.070068359375,2647.070068359375,2647.070068359375,2647.070068359375,0
2009-10-08,2672.320068359375,2672.320068359375,2672.320068359375,2672.320068359375,0
2009-10-09,2703.840087890625,2703.840087890625,2703.840087890625,2703.840087890625,0
2009-10-12,2698.929931640625,2698.929931640625,2698.929931640625,2698.929931640625,0
2009-10-13,2690.0,2690.0,2690.0,2690.0,0
2009-10-14,2743.919921875,2743.919921875,2743.919921875,2743.919921875,0
2009-10-15,2741.35009765625,2741.35009765625,2741.35009765625,2741.35009765625,0
2009-10-16,2709.889892578125,2709.889892578125,2709.889892578125,2709.889892578125,0
2009-10-19,2737.02001953125,2737.02001953125,2737.02001953125,2737.02001953125,0
2009-10-20,2697.75,2697.75,2697.75,2697.75,0
2009-10-21,2661.360107421875,2661.360107421875,2661.360107421875,2661.360107421875,0
2009-10-22,2697.760009765625,2697.760009765625,2697.760009765625,2697.760009765625,0
2009-10-23,2642.7099609375,2642.7099609375,2642.7099609375,2642.7099609375,0
2009-10-26,2611.050048828125,2611.050048828125,2611.050048828125,2611.050048828125,0
2009-10-27,2581.75,2581.75,2581.75,2581.75,0
2009-10-28,2491.43994140625,2491.43994140625,2491.43994140625,2491.43994140625,0
2009-10-29,2552.639892578125,2552.639892578125,2552.639892578125,2552.639892578125,0
2009-10-30,2475.89990234375,2475.89990234375,2475.89990234375,2475.89990234375,0
2009-11-02,2474.300048828125,2474.300048828125,2474.300048828125,2474.300048828125,0
2009-11-03,2510.550048828125,2510.550048828125,2510.550048828125,2510.550048828125,0
2009-11-04,2477.639892578125,2477.639892578125,2477.639892578125,2477.639892578125,0
2009-11-05,2557.110107421875,2557.110107421875,2557.110107421875,2557.110107421875,0
2009-11-06,2553.7900390625,2553.7900390625,2553.7900390625,2553.7900390625,0
2009-11-09,2606.56005859375,2606.56005859375,2606.56005859375,2606.56005859375,0
2009-11-10,2583.25,2583.25,2583.25,2583.25,0
2009-11-11,2608.5,2608.5,2608.5,2608.5,0
2009-11-12,2554.39990234375,2554.39990234375,2554.39990234375,2554.39990234375,0
2009-11-13,2580.719970703125,2580.719970703125,2580.719970703125,2580.719970703125,0
2009-11-16,2653.830078125,2653.830078125,2653.830078125,2653.830078125,0
2009-11-17,2651.56005859375,2651.56005859375,2651.56005859375,2651.56005859375,0
2009-11-18,2642.070068359375,2642.070068359375,2642.070068359375,2642.070068359375,0
2009-11-19,2578.639892578125,2578.639892578125,2578.639892578125,2578.639892578125,0
2009-11-20,2574.6201171875,2574.6201171875,2574.6201171875,2574.6201171875,0
2009-11-23,2619.340087890625,2619.340087890625,2619.340087890625,2619.340087890625,0
2009-11-24,2609.60009765625,2609.60009765625,2609.60009765625,2609.60009765625,0
2009-11-25,2608.02001953125,2608.02001953125,2608.02001953125,2608.02001953125,0
2009-11-27,2542.5,2542.5,2542.5,2542.5,0
2009-11-30,2553.6201171875,2553.6201171875,2553.6201171875,2553.6201171875,0
2009-12-01,2595.409912109375,2595.409912109375,2595.409912109375,2595.409912109375,0
2009-12-02,2625.929931640625,2625.929931640625,2625.929931640625,2625.929931640625,0
2009-12-03,2593.72998046875,2593.72998046875,2593.72998046875,2593.72998046875,0
2009-12-04,2655.5,2655.5,2655.5,2655.5,0
2009-12-07,2658.969970703125,2658.969970703125,2658.969970703125,2658.969970703125,0
2009-12-08,2633.280029296875,2633.280029296875,2633.280029296875,2633.280029296875,0
2009-12-09,2634.8798828125,2634.8798828125,2634.8798828125,2634.8798828125,0
2009-12-10,2623.2900390625,2623.2900390625,2623.2900390625,2623.2900390625,0
2009-12-11,2645.81005859375,2645.81005859375,2645.81005859375,2645.81005859375,0
2009-12-14,2687.489990234375,2687.489990234375,2687.489990234375,2687.489990234375,0
2009-12-15,2672.429931640625,2672.429931640625,2672.429931640625,2672.429931640625,0
2009-12-16,2694.239990234375,2694.239990234375,2694.239990234375,2694.239990234375,0
2009-12-17,2663.659912109375,2663.659912109375,2663.659912109375,2663.659912109375,0
2009-12-18,2691.550048828125,2691.550048828125,2691.550048828125,2691.550048828125,0
2009-12-21,2726.989990234375,2726.989990234375,2726.989990234375,2726.989990234375,0
2009-12-22,2749.1298828125,2749.1298828125,2749.1298828125,2749.1298828125,0
2009-12-23,2782.18994140625,2782.18994140625,2782.18994140625,2782.18994140625,0
2009-12-24,2795.820068359375,2795.820068359375,2795.820068359375,2795.820068359375,0
2009-12-28,2794.5,2794.5,2794.5,2794.5,0
2009-12-29,2793.340087890625,2793.340087890625,2793.340087890625,2793.340087890625,0
2009-12-30,2794.530029296875,2794.530029296875,2794.530029296875,2794.530029296875,0
2009-12-31,2759.169921875,2759.169921875,2759.169921875,2759.169921875,0
2010-01-04,2824.1298828125,2824.1298828125,2824.1298828125,2824.1298828125,0
2010-01-05,2817.1298828125,2817.1298828125,2817.1298828125,2817.1298828125,0
2010-01-06,2814.85009765625,2814.85009765625,2814.85009765625,2814.85009765625,0
2010-01-07,2832.68994140625,2832.68994140625,2832.68994140625,2832.68994140625,0
2010-01-08,2844.110107421875,2844.110107421875,2844.110107421875,2844.110107421875,0
2010-01-11,2841.610107421875,2841.610107421875,2841.610107421875,2841.610107421875,0
2010-01-12,2804.18994140625,2804.18994140625,2804.18994140625,2804.18994140625,0
2010-01-13,2840.050048828125,2840.050048828125,2840.050048828125,2840.050048828125,0
2010-01-14,2852.760009765625,2852.760009765625,2852.760009765625,2852.760009765625,0
2010-01-15,2815.419921875,2815.419921875,2815.419921875,2815.419921875,0
2010-01-19,2864.800048828125,2864.800048828125,2864.800048828125,2864.800048828125,0
2010-01-20,2822.739990234375,2822.739990234375,2822.739990234375,2822.739990234375,0
2010-01-21,2773.110107421875,2773.110107421875,2773.110107421875,2773.110107421875,0
2010-01-22,2723.5400390625,2723.5400390625,2723.5400390625,2723.5400390625,0
2010-01-25,2727.929931640625,2727.929931640625,2727.929931640625,2727.929931640625,0
2010-01-26,2701.699951171875,2701.699951171875,2701.699951171875,2701.699951171875,0
2010-01-27,2729.5400390625,2729.5400390625,2729.5400390625,2729.5400390625,0
2010-01-28,2683.610107421875,2683.610107421875,2683.610107421875,2683.610107421875,0
2010-01-29,2657.610107421875,2657.610107421875,2657.610107421875,2657.610107421875,0
2010-02-01,2689.469970703125,2689.469970703125,2689.469970703125,2689.469970703125,0
2010-02-02,2710.699951171875,2710.699951171875,2710.699951171875,2710.699951171875,0
2010-02-03,2695.8701171875,2695.8701171875,2695.8701171875,2695.8701171875,0
2010-02-04,2603.39990234375,2603.39990234375,2603.39990234375,2603.39990234375,0
2010-02-05,2618.070068359375,2618.070068359375,2618.070068359375,2618.070068359375,0
2010-02-08,2589.52001953125,2589.52001953125,2589.52001953125,2589.52001953125,0
2010-02-09,2627.8701171875,2627.8701171875,2627.8701171875,2627.8701171875,0
2010-02-10,2631.27001953125,2631.27001953125,2631.27001953125,2631.27001953125,0
2010-02-11,2674.030029296875,2674.030029296875,2674.030029296875,2674.030029296875,0
2010-02-12,2697.2900390625,2697.2900390625,2697.2900390625,2697.2900390625,0
2010-02-16,2742.050048828125,2742.050048828125,2742.050048828125,2742.050048828125,0
2010-02-17,2759.72998046875,2759.72998046875,2759.72998046875,2759.72998046875,0
2010-02-18,2779.6298828125,2779.6298828125,2779.6298828125,2779.6298828125,0
2010-02-19,2789.929931640625,2789.929931640625,2789.929931640625,2789.929931640625,0
2010-02-22,2792.77001953125,2792.77001953125,2792.77001953125,2792.77001953125,0
2010-02-23,2761.090087890625,2761.090087890625,2761.090087890625,2761.090087890625,0
2010-02-24,2784.93994140625,2784.93994140625,2784.93994140625,2784.93994140625,0
2010-02-25,2785.679931640625,2785.679931640625,2785.679931640625,2785.679931640625,0
2010-02-26,2777.320068359375,2777.320068359375,2777.320068359375,2777.320068359375,0
2010-03-01,2839.639892578125,2839.639892578125,2839.639892578125,2839.639892578125,0
2010-03-02,2864.800048828125,2864.800048828125,2864.800048828125,2864.800048828125,0
2010-03-03,2869.18994140625,2869.18994140625,2869.18994140625,2869.18994140625,0
2010-03-04,2883.389892578125,2883.389892578125,2883.389892578125,2883.389892578125,0
2010-03-05,2943.340087890625,2943.340087890625,2943.340087890625,2943.340087890625,0
2010-03-08,2948.2900390625,2948.2900390625,2948.2900390625,2948.2900390625,0
2010-03-09,2959.840087890625,2959.840087890625,2959.840087890625,2959.840087890625,0
2010-03-10,2983.47998046875,2983.47998046875,2983.47998046875,2983.47998046875,0
2010-03-11,2994.489990234375,2994.489990234375,2994.489990234375,2994.489990234375,0
2010-03-12,2991.75,2991.75,2991.75,2991.75,0
2010-03-15,2982.179931640625,2982.179931640625,2982.179931640625,2982.179931640625,0
2010-03-16,3005.330078125,3005.330078125,3005.330078125,3005.330078125,0
2010-03-17,3025.030029296875,3025.030029296875,3025.030029296875,3025.030029296875,0
2010-03-18,3014.580078125,3014.580078125,3014.580078125,3014.580078125,0
2010-03-19,2980.510009765625,2980.510009765625,2980.510009765625,2980.510009765625,0
2010-03-22,3020.39990234375,3020.39990234375,3020.39990234375,3020.39990234375,0
2010-03-23,3053.300048828125,3053.300048828125,3053.300048828125,3053.300048828125,0
2010-03-24,3024.070068359375,3024.070068359375,3024.070068359375,3024.070068359375,0
2010-03-25,3003.81005859375,3003.81005859375,3003.81005859375,3003.81005859375,0
2010-03-26,3003.320068359375,3003.320068359375,3003.320068359375,3003.320068359375,0
2010-03-29,3018.919921875,3018.919921875,3018.919921875,3018.919921875,0
2010-03-30,3026.75,3026.75,3026.75,3026.75,0
2010-03-31,3003.360107421875,3003.360107421875,3003.360107421875,3003.360107421875,0
2010-04-01,3027.0,3027.0,3027.0,3027.0,0
2010-04-05,3087.52001953125,3087.52001953125,3087.52001953125,3087.52001953125,0
2010-04-06,3104.550048828125,3104.550048828125,3104.550048828125,3104.550048828125,0
2010-04-07,3095.719970703125,3095.719970703125,3095.719970703125,3095.719970703125,0
2010-04-08,3096.820068359375,3096.820068359375,3096.820068359375,3096.820068359375,0
2010-04-09,3111.550048828125,3111.550048828125,3111.550048828125,3111.550048828125,0
2010-04-12,3120.89990234375,3120.89990234375,3120.89990234375,3120.89990234375,0
2010-04-13,3129.860107421875,3129.860107421875,3129.860107421875,3129.860107421875,0
2010-04-14,3197.989990234375,3197.989990234375,3197.989990234375,3197.989990234375,0
2010-04-15,3206.050048828125,3206.050048828125,3206.050048828125,3206.050048828125,0
2010-04-16,3163.60009765625,3163.60009765625,3163.60009765625,3163.60009765625,0
2010-04-19,3149.340087890625,3149.340087890625,3149.340087890625,3149.340087890625,0
2010-04-20,3194.300048828125,3194.300048828125,3194.300048828125,3194.300048828125,0
2010-04-21,3214.929931640625,3214.929931640625,3214.929931640625,3214.929931640625,0
2010-04-22,3250.909912109375,3250.909912109375,3250.909912109375,3250.909912109375,0
2010-04-23,3284.6298828125,3284.6298828125,3284.6298828125,3284.6298828125,0
2010-04-26,3271.090087890625,3271.090087890625,3271.090087890625,3271.090087890625,0
2010-04-27,3193.280029296875,3193.280029296875,3193.280029296875,3193.280029296875,0
2010-04-28,3198.77001953125,3198.77001953125,3198.77001953125,3198.77001953125,0
2010-04-29,3266.89990234375,3266.89990234375,3266.89990234375,3266.89990234375,0
2010-04-30,3173.330078125,3173.330078125,3173.330078125,3173.330078125,0
2010-05-03,3245.22998046875,3245.22998046875,3245.22998046875,3245.22998046875,0
2010-05-04,3142.89990234375,3142.89990234375,3142.89990234375,3142.89990234375,0
2010-05-05,3093.669921875,3093.669921875,3093.669921875,3093.669921875,0
2010-05-06,2977.280029296875,2977.280029296875,2977.280029296875,2977.280029296875,0
2010-05-07,2892.110107421875,2892.110107421875,2892.110107421875,2892.110107421875,0
2010-05-10,3054.360107421875,3054.360107421875,3054.360107421875,3054.360107421875,0
2010-05-11,3080.409912109375,3080.409912109375,3080.409912109375,3080.409912109375,0
2010-05-12,3172.14990234375,3172.14990234375,3172.14990234375,3172.14990234375,0
2010-05-13,3144.7900390625,3144.7900390625,3144.7900390625,3144.7900390625,0
2010-05-14,3074.590087890625,3074.590087890625,3074.590087890625,3074.590087890625,0
2010-05-17,3082.3798828125,3082.3798828125,3082.3798828125,3082.3798828125,0
2010-05-18,3025.22998046875,3025.22998046875,3025.22998046875,3025.22998046875,0
2010-05-19,2988.3701171875,2988.3701171875,2988.3701171875,2988.3701171875,0
2010-05-20,2836.14990234375,2836.14990234375,2836.14990234375,2836.14990234375,0
2010-05-21,2877.179931640625,2877.179931640625,2877.179931640625,2877.179931640625,0
2010-05-24,2841.419921875,2841.419921875,2841.419921875,2841.419921875,0
2010-05-25,2836.219970703125,2836.219970703125,2836.219970703125,2836.219970703125,0
2010-05-26,2847.889892578125,2847.889892578125,2847.889892578125,2847.889892578125,0
2010-05-27,2971.9599609375,2971.9599609375,2971.9599609375,2971.9599609375,0
2010-05-28,2932.6298828125,2932.6298828125,2932.6298828125,2932.6298828125,0
2010-06-01,2841.110107421875,2841.110107421875,2841.110107421875,2841.110107421875,0
2010-06-02,2928.010009765625,2928.010009765625,2928.010009765625,2928.010009765625,0
2010-06-03,2958.389892578125,2958.389892578125,2958.389892578125,2958.389892578125,0
2010-06-04,2810.360107421875,2810.360107421875,2810.360107421875,2810.360107421875,0
2010-06-07,2741.72998046875,2741.72998046875,2741.72998046875,2741.72998046875,0
2010-06-08,2738.27001953125,2738.27001953125,2738.27001953125,2738.27001953125,0
2010-06-09,2741.110107421875,2741.110107421875,2741.110107421875,2741.110107421875,0
2010-06-10,2836.659912109375,2836.659912109375,2836.659912109375,2836.659912109375,0
2010-06-11,2878.199951171875,2878.199951171875,2878.199951171875,2878.199951171875,0
2010-06-14,2892.75,2892.75,2892.75,2892.75,0
2010-06-15,2966.25,2966.25,2966.25,2966.25,0
2010-06-16,2954.72998046875,2954.72998046875,2954.72998046875,2954.72998046875,0
2010-06-17,2953.5400390625,2953.5400390625,2953.5400390625,2953.5400390625,0
2010-06-18,2958.31005859375,2958.31005859375,2958.31005859375,2958.31005859375,0
2010-06-21,2927.72998046875,2927.72998046875,2927.72998046875,2927.72998046875,0
2010-06-22,2865.219970703125,2865.219970703125,2865.219970703125,2865.219970703125,0
2010-06-23,2858.0,2858.0,2858.0,2858.0,0
2010-06-24,2808.89990234375,2808.89990234375,2808.89990234375,2808.89990234375,0
2010-06-25,2861.8798828125,2861.8798828125,2861.8798828125,2861.8798828125,0
2010-06-28,2847.300048828125,2847.300048828125,2847.300048828125,2847.300048828125,0
2010-06-29,2733.929931640625,2733.929931640625,2733.929931640625,2733.929931640625,0
2010-06-30,2705.3701171875,2705.3701171875,2705.3701171875,2705.3701171875,0
2010-07-01,2684.52001953125,2684.52001953125,2684.52001953125,2684.52001953125,0
2010-07-02,2658.840087890625,2658.840087890625,2658.840087890625,2658.840087890625,0
2010-07-06,2619.25,2619.25,2619.25,2619.25,0
2010-07-07,2715.4599609375,2715.4599609375,2715.4599609375,2715.4599609375,0
2010-07-08,2753.929931640625,2753.929931640625,2753.929931640625,2753.929931640625,0
2010-07-09,2794.669921875,2794.669921875,2794.669921875,2794.669921875,0
2010-07-12,2759.969970703125,2759.969970703125,2759.969970703125,2759.969970703125,0
2010-07-13,2854.35009765625,2854.35009765625,2854.35009765625,2854.35009765625,0
2010-07-14,2842.64990234375,2842.64990234375,2842.64990234375,2842.64990234375,0
2010-07-15,2818.1201171875,2818.1201171875,2818.1201171875,2818.1201171875,0
2010-07-16,2710.530029296875,2710.530029296875,2710.530029296875,2710.530029296875,0
2010-07-19,2722.5,2722.5,2722.5,2722.5,0
2010-07-20,2772.10009765625,2772.10009765625,2772.10009765625,2772.10009765625,0
2010-07-21,2720.669921875,2720.669921875,2720.669921875,2720.669921875,0
2010-07-22,2822.110107421875,2822.110107421875,2822.110107421875,2822.110107421875,0
2010-07-23,2889.489990234375,2889.489990234375,2889.489990234375,2889.489990234375,0
2010-07-26,2954.179931640625,2954.179931640625,2954.179931640625,2954.179931640625,0
2010-07-27,2940.679931640625,2940.679931640625,2940.679931640625,2940.679931640625,0
2010-07-28,2890.39990234375,2890.39990234375,2890.39990234375,2890.39990234375,0
2010-07-29,2889.199951171875,2889.199951171875,2889.199951171875,2889.199951171875,0
2010-07-30,2891.280029296875,2891.280029296875,2891.280029296875,2891.280029296875,0
2010-08-02,2940.0,2940.0,2940.0,2940.0,0
2010-08-03,2912.590087890625,2912.590087890625,2912.590087890625,2912.590087890625,0
2010-08-04,2945.1298828125,2945.1298828125,2945.1298828125,2945.1298828125,0
2010-08-05,2910.22998046875,2910.22998046875,2910.22998046875,2910.22998046875,0
2010-08-06,2890.8798828125,2890.8798828125,2890.8798828125,2890.8798828125,0
2010-08-09,2930.22998046875,2930.22998046875,2930.22998046875,2930.22998046875,0
2010-08-10,2871.81005859375,2871.81005859375,2871.81005859375,2871.81005859375,0
2010-08-11,2756.669921875,2756.669921875,2756.669921875,2756.669921875,0
2010-08-12,2742.030029296875,2742.030029296875,2742.030029296875,2742.030029296875,0
2010-08-13,2708.840087890625,2708.840087890625,2708.840087890625,2708.840087890625,0
2010-08-16,2733.909912109375,2733.909912109375,2733.909912109375,2733.909912109375,0
2010-08-17,2783.800048828125,2783.800048828125,2783.800048828125,2783.800048828125,0
2010-08-18,2791.77001953125,2791.77001953125,2791.77001953125,2791.77001953125,0
2010-08-19,2715.8798828125,2715.8798828125,2715.8798828125,2715.8798828125,0
2010-08-20,2715.14990234375,2715.14990234375,2715.14990234375,2715.14990234375,0
2010-08-23,2679.179931640625,2679.179931640625,2679.179931640625,2679.179931640625,0
2010-08-24,2647.760009765625,2647.760009765625,2647.760009765625,2647.760009765625,0
2010-08-25,2689.080078125,2689.080078125,2689.080078125,2689.080078125,0
2010-08-26,2666.39990234375,2666.39990234375,2666.39990234375,2666.39990234375,0
2010-08-27,2742.1298828125,2742.1298828125,2742.1298828125,2742.1298828125,0
2010-08-30,2675.679931640625,2675.679931640625,2675.679931640625,2675.679931640625,0
2010-08-31,2677.2099609375,2677.2099609375,2677.2099609375,2677.2099609375,0
2010-09-01,2779.360107421875,2779.360107421875,2779.360107421875,2779.360107421875,0
2010-09-02,2811.860107421875,2811.860107421875,2811.860107421875,2811.860107421875,0
2010-09-03,2861.27001953125,2861.27001953125,2861.27001953125,2861.27001953125,0
2010-09-07,2798.77001953125,2798.77001953125,2798.77001953125,2798.77001953125,0
2010-09-08,2821.1201171875,2821.1201171875,2821.1201171875,2821.1201171875,0
2010-09-09,2822.820068359375,2822.820068359375,2822.820068359375,2822.820068359375,0
2010-09-10,2831.22998046875,2831.22998046875,2831.22998046875,2831.22998046875,0
2010-09-13,2902.080078125,2902.080078125,2902.080078125,2902.080078125,0
2010-09-14,2888.760009765625,2888.760009765625,2888.760009765625,2888.760009765625,0
2010-09-15,2903.580078125,2903.580078125,2903.580078125,2903.580078125,0
2010-09-16,2882.77001953125,2882.77001953125,2882.77001953125,2882.77001953125,0
2010-09-17,2898.909912109375,2898.909912109375,2898.909912109375,2898.909912109375,0
2010-09-20,2981.47998046875,2981.47998046875,2981.47998046875,2981.47998046875,0
2010-09-21,2957.840087890625,2957.840087890625,2957.840087890625,2957.840087890625,0
2010-09-22,2922.570068359375,2922.570068359375,2922.570068359375,2922.570068359375,0
2010-09-23,2887.570068359375,2887.570068359375,2887.570068359375,2887.570068359375,0
2010-09-24,2986.389892578125,2986.389892578125,2986.389892578125,2986.389892578125,0
2010-09-27,2974.300048828125,2974.300048828125,2974.300048828125,2974.300048828125,0
2010-09-28,3007.510009765625,3007.510009765625,3007.510009765625,3007.510009765625,0
2010-09-29,3017.43994140625,3017.43994140625,3017.43994140625,3017.43994140625,0
2010-09-30,3010.780029296875,3010.780029296875,3010.780029296875,3010.780029296875,0
2010-10-01,3024.840087890625,3024.840087890625,3024.840087890625,3024.840087890625,0
2010-10-04,2981.080078125,2981.080078125,2981.080078125,2981.080078125,0
2010-10-05,3069.800048828125,3069.800048828125,3069.800048828125,3069.800048828125,0
2010-10-06,3052.14990234375,3052.14990234375,3052.14990234375,3052.14990234375,0
2010-10-07,3047.550048828125,3047.550048828125,3047.550048828125,3047.550048828125,0
2010-10-08,3090.300048828125,3090.300048828125,3090.300048828125,3090.300048828125,0
2010-10-11,3088.669921875,3088.669921875,3088.669921875,3088.669921875,0
2010-10-12,3100.2099609375,3100.2099609375,3100.2099609375,3100.2099609375,0
2010-10-13,3146.989990234375,3146.989990234375,3146.989990234375,3146.989990234375,0
2010-10-14,3139.080078125,3139.080078125,3139.080078125,3139.080078125,0
2010-10-15,3132.280029296875,3132.280029296875,3132.280029296875,3132.280029296875,0
2010-10-18,3163.340087890625,3163.340087890625,3163.340087890625,3163.340087890625,0
2010-10-19,3092.18994140625,3092.18994140625,3092.18994140625,3092.18994140625,0
2010-10-20,3127.75,3127.75,3127.75,3127.75,0
2010-10-21,3110.030029296875,3110.030029296875,3110.030029296875,3110.030029296875,0
2010-10-22,3133.699951171875,3133.699951171875,3133.699951171875,3133.699951171875,0
2010-10-25,3153.610107421875,3153.610107421875,3153.610107421875,3153.610107421875,0
2010-10-26,3149.360107421875,3149.360107421875,3149.360107421875,3149.360107421875,0
2010-10-27,3137.75,3137.75,3137.75,3137.75,0
2010-10-28,3123.6201171875,3123.6201171875,3123.6201171875,3123.6201171875,0
2010-10-29,3133.989990234375,3133.989990234375,3133.989990234375,3133.989990234375,0
2010-11-01,3112.639892578125,3112.639892578125,3112.639892578125,3112.639892578125,0
2010-11-02,3176.5400390625,3176.5400390625,3176.5400390625,3176.5400390625,0
2010-11-03,3186.800048828125,3186.800048828125,3186.800048828125,3186.800048828125,0
2010-11-04,3268.64990234375,3268.64990234375,3268.64990234375,3268.64990234375,0
2010-11-05,3282.699951171875,3282.699951171875,3282.699951171875,3282.699951171875,0
2010-11-08,3283.7099609375,3283.7099609375,3283.7099609375,3283.7099609375,0
2010-11-09,3235.889892578125,3235.889892578125,3235.889892578125,3235.889892578125,0
2010-11-10,3275.969970703125,3275.969970703125,3275.969970703125,3275.969970703125,0
2010-11-11,3261.31005859375,3261.31005859375,3261.31005859375,3261.31005859375,0
2010-11-12,3206.6298828125,3206.6298828125,3206.6298828125,3206.6298828125,0
2010-11-15,3209.659912109375,3209.659912109375,3209.659912109375,3209.659912109375,0
2010-11-16,3144.72998046875,3144.72998046875,3144.72998046875,3144.72998046875,0
2010-11-17,3155.679931640625,3155.679931640625,3155.679931640625,3155.679931640625,0
2010-11-18,3214.139892578125,3214.139892578125,3214.139892578125,3214.139892578125,0
2010-11-19,3229.89990234375,3229.89990234375,3229.89990234375,3229.89990234375,0
2010-11-22,3243.219970703125,3243.219970703125,3243.219970703125,3243.219970703125,0
2010-11-23,3210.320068359375,3210.320068359375,3210.320068359375,3210.320068359375,0
2010-11-24,3210.320068359375,3210.320068359375,3210.320068359375,3210.320068359375,0
2010-11-26,3267.580078125,3284.52001953125,3256.2900390625,3284.52001953125,0
2010-11-29,3264.550048828125,3271.669921875,3213.8701171875,3268.06005859375,0
2010-11-30,3242.659912109375,3264.699951171875,3218.93994140625,3264.699951171875,0
2010-12-01,3314.72998046875,3318.25,3242.669921875,3242.669921875,0
2010-12-02,3350.68994140625,3350.7099609375,3314.760009765625,3314.760009765625,0
2010-12-03,3374.030029296875,3378.929931640625,3330.0400390625,3350.739990234375,0
2010-12-06,3393.969970703125,3399.610107421875,3363.840087890625,3374.14990234375,0
2010-12-07,3409.97998046875,3437.1298828125,3374.280029296875,3374.280029296875,0
2010-12-08,3408.5400390625,3426.070068359375,3401.050048828125,3410.239990234375,0
2010-12-09,3424.72998046875,3430.22998046875,3407.2099609375,3408.72998046875,0
2010-12-10,3465.830078125,3469.090087890625,3421.090087890625,3424.7900390625,0
2010-12-13,3445.2099609375,3479.820068359375,3445.199951171875,3466.31005859375,0
2010-12-14,3443.510009765625,3459.27001953125,3437.5400390625,3445.489990234375,0
2010-12-15,3429.1201171875,3473.419921875,3427.10009765625,3443.830078125,0
2010-12-16,3465.909912109375,3468.68994140625,3426.64990234375,3429.330078125,0
2010-12-17,3479.139892578125,3479.31005859375,3448.919921875,3465.969970703125,0
2010-12-20,3491.590087890625,3507.469970703125,3475.919921875,3479.1298828125,0
2010-12-21,3528.3798828125,3529.0400390625,3491.679931640625,3491.679931640625,0
2010-12-22,3528.97998046875,3541.0,3523.81005859375,3528.679931640625,0
2010-12-23,3521.81005859375,3536.3701171875,3518.9599609375,3529.090087890625,0
2010-12-27,3536.969970703125,3537.830078125,3503.81005859375,3521.85009765625,0
2010-12-28,3524.2099609375,3540.919921875,3517.659912109375,3537.1201171875,0
2010-12-29,3529.4599609375,3535.300048828125,3525.8798828125,3525.8798828125,0
2010-12-30,3527.300048828125,3542.050048828125,3526.9599609375,3529.639892578125,0
2010-12-31,3500.14990234375,3527.719970703125,3500.14990234375,3527.360107421875,0
2011-01-03,3566.75,3577.39990234375,3500.179931640625,3500.179931640625,0
2011-01-04,3510.0,3578.320068359375,3475.77001953125,3566.840087890625,0
2011-01-05,3551.449951171875,3551.449951171875,3497.52001953125,3510.070068359375,0
2011-01-06,3535.219970703125,3557.139892578125,3522.570068359375,3551.60009765625,0
2011-01-07,3519.219970703125,3549.7099609375,3471.090087890625,3535.239990234375,0
2011-01-10,3536.050048828125,3545.93994140625,3479.340087890625,3519.280029296875,0
2011-01-11,3550.25,3564.1201171875,3533.429931640625,3536.06005859375,0
2011-01-12,3580.050048828125,3584.669921875,3550.5400390625,3550.5400390625,0
2011-01-13,3576.8798828125,3591.0400390625,3562.81005859375,3580.050048828125,0
2011-01-14,3607.830078125,3609.260009765625,3569.77001953125,3576.919921875,0
2011-01-18,3607.780029296875,3608.239990234375,3578.7099609375,3607.840087890625,0
2011-01-19,3515.429931640625,3607.909912109375,3510.919921875,3607.909912109375,0
2011-01-20,3476.2099609375,3515.570068359375,3465.0400390625,3515.570068359375,0
2011-01-21,3454.35009765625,3499.18994140625,3454.070068359375,3476.22998046875,0
2011-01-24,3481.639892578125,3491.669921875,3452.43994140625,3454.409912109375,0
2011-01-25,3484.7099609375,3485.159912109375,3447.85009765625,3481.669921875,0
2011-01-26,3546.280029296875,3547.18994140625,3484.7099609375,3484.7099609375,0
2011-01-27,3554.3701171875,3563.72998046875,3528.56005859375,3546.7099609375,0
2011-01-28,3464.969970703125,3557.18994140625,3464.969970703125,3555.97998046875,0
2011-01-31,3491.1298828125,3510.0,3462.52001953125,3478.389892578125,0
2011-02-01,3570.02001953125,3577.3798828125,3509.300048828125,3509.300048828125,0
2011-02-02,3557.969970703125,3581.760009765625,3555.030029296875,3561.360107421875,0
2011-02-03,3569.239990234375,3571.77001953125,3520.719970703125,3557.929931640625,0
2011-02-04,3575.89990234375,3579.300048828125,3551.2900390625,3570.820068359375,0
2011-02-07,3612.659912109375,3632.090087890625,3580.580078125,3580.580078125,0
2011-02-08,3636.780029296875,3636.780029296875,3599.469970703125,3611.780029296875,0
2011-02-09,3617.169921875,3635.3798828125,3602.81005859375,3624.409912109375,0
2011-02-10,3632.739990234375,3635.64990234375,3594.590087890625,3597.22998046875,0
2011-02-11,3675.139892578125,3675.139892578125,3619.929931640625,3619.929931640625,0
2011-02-14,3692.110107421875,3694.639892578125,3675.679931640625,3675.679931640625,0
2011-02-15,3665.9599609375,3688.080078125,3663.2099609375,3686.679931640625,0
2011-02-16,3703.4599609375,3704.419921875,3680.830078125,3680.830078125,0
2011-02-17,3728.800048828125,3735.510009765625,3696.5,3699.820068359375,0
2011-02-18,3732.409912109375,3746.590087890625,3719.840087890625,3740.14990234375,0
2011-02-22,3634.7099609375,3711.489990234375,3632.949951171875,3702.909912109375,0
2011-02-23,3575.360107421875,3641.47998046875,3552.27001953125,3635.780029296875,0
2011-02-24,3595.909912109375,3608.739990234375,3555.969970703125,3575.699951171875,0
2011-02-25,3675.860107421875,3676.3701171875,3607.699951171875,3607.699951171875,0
2011-02-28,3682.590087890625,3704.889892578125,3655.27001953125,3693.360107421875,0
2011-03-01,3609.469970703125,3693.139892578125,3599.860107421875,3690.7099609375,0
2011-03-02,3626.7900390625,3639.739990234375,3596.419921875,3605.699951171875,0
2011-03-03,3707.330078125,3712.469970703125,3626.830078125,3626.830078125,0
2011-03-04,3690.080078125,3707.679931640625,3658.090087890625,3707.43994140625,0
2011-03-07,3633.169921875,3705.10009765625,3602.360107421875,3693.0400390625,0
2011-03-08,3688.780029296875,3702.820068359375,3610.590087890625,3633.8701171875,0
2011-03-09,3673.56005859375,3691.72998046875,3661.72998046875,3679.199951171875,0
2011-03-10,3576.89990234375,3636.10009765625,3572.18994140625,3636.10009765625,0
2011-03-11,3592.25,3610.139892578125,3555.550048828125,3561.7099609375,0
2011-03-14,3571.550048828125,3591.669921875,3536.590087890625,3561.949951171875,0
2011-03-15,3541.2099609375,3563.830078125,3472.169921875,3517.2099609375,0
2011-03-16,3499.429931640625,3562.3701171875,3485.570068359375,3538.81005859375,0
2011-03-17,3515.780029296875,3550.72998046875,3515.3701171875,3539.489990234375,0
2011-03-18,3556.8701171875,3560.52001953125,3535.27001953125,3535.27001953125,0
2011-03-21,3639.39990234375,3639.39990234375,3588.43994140625,3588.43994140625,0
2011-03-22,3619.919921875,3647.760009765625,3613.2099609375,3642.6201171875,0
2011-03-23,3631.68994140625,3639.889892578125,3577.949951171875,3612.3701171875,0
2011-03-24,3657.989990234375,3666.080078125,3625.840087890625,3651.159912109375,0
2011-03-25,3688.27001953125,3723.110107421875,3664.510009765625,3673.3798828125,0
2011-03-28,3679.050048828125,3710.2099609375,3677.760009765625,3698.949951171875,0
2011-03-29,3714.8798828125,3715.840087890625,3664.889892578125,3676.75,0
2011-03-30,3763.77001953125,3765.5,3729.699951171875,3730.830078125,0
2011-03-31,3778.030029296875,3778.840087890625,3755.3701171875,3760.27001953125,0
2011-04-01,3792.5,3810.22998046875,3780.56005859375,3797.3798828125,0
2011-04-04,3804.25,3809.469970703125,3792.909912109375,3803.510009765625,0
2011-04-05,3822.090087890625,3843.320068359375,3795.949951171875,3799.14990234375,0
2011-04-06,3825.93994140625,3847.949951171875,3809.64990234375,3837.199951171875,0
2011-04-07,3805.3701171875,3843.35009765625,3800.3701171875,3828.18994140625,0
2011-04-08,3767.10009765625,3825.949951171875,3753.800048828125,3825.929931640625,0
2011-04-11,3735.610107421875,3777.010009765625,3722.14990234375,3770.0400390625,0
2011-04-12,3683.699951171875,3722.739990234375,3683.699951171875,3719.1298828125,0
2011-04-13,3691.409912109375,3715.4599609375,3667.169921875,3708.080078125,0
2011-04-14,3707.35009765625,3708.070068359375,3658.219970703125,3667.010009765625,0
2011-04-15,3741.030029296875,3742.320068359375,3693.570068359375,3700.320068359375,0
2011-04-18,3680.7099609375,3705.25,3656.340087890625,3705.25,0
2011-04-19,3687.550048828125,3706.760009765625,3666.320068359375,3680.780029296875,0
2011-04-20,3761.25,3761.25,3700.89990234375,3700.89990234375,0
2011-04-21,3789.0,3789.010009765625,3760.60009765625,3777.969970703125,0
2011-04-25,3782.68994140625,3788.77001953125,3761.02001953125,3783.949951171875,0
2011-04-26,3822.239990234375,3839.27001953125,3787.300048828125,3790.64990234375,0
2011-04-27,3846.25,3846.760009765625,3809.330078125,3822.300048828125,0
2011-04-28,3861.010009765625,3861.010009765625,3837.510009765625,3841.510009765625,0
2011-04-29,3877.7900390625,3885.0,3856.969970703125,3867.35009765625,0
2011-05-02,3830.659912109375,3892.489990234375,3828.469970703125,3879.1201171875,0
2011-05-03,3781.429931640625,3830.85009765625,3759.4599609375,3823.169921875,0
2011-05-04,3732.830078125,3782.0,3714.699951171875,3782.0,0
2011-05-05,3716.679931640625,3767.590087890625,3700.1298828125,3712.0400390625,0
2011-05-06,3735.18994140625,3780.89990234375,3716.7099609375,3716.7099609375,0
2011-05-09,3777.68994140625,3781.06005859375,3729.0400390625,3730.889892578125,0
2011-05-10,3836.56005859375,3836.56005859375,3793.47998046875,3793.919921875,0
2011-05-11,3768.419921875,3836.699951171875,3753.22998046875,3836.699951171875,0
2011-05-12,3799.580078125,3807.2099609375,3728.169921875,3752.429931640625,0
2011-05-13,3746.60009765625,3807.300048828125,3742.0,3801.860107421875,0
2011-05-16,3689.56005859375,3758.510009765625,3689.56005859375,3729.2099609375,0
2011-05-17,3678.280029296875,3689.919921875,3655.31005859375,3673.320068359375,0
2011-05-18,3737.169921875,3737.31005859375,3683.679931640625,3685.419921875,0
2011-05-19,3745.06005859375,3763.050048828125,3715.60009765625,3756.909912109375,0
2011-05-20,3717.72998046875,3742.800048828125,3695.760009765625,3742.800048828125,0
2011-05-23,3650.5,3677.419921875,3650.5,3677.419921875,0
2011-05-24,3633.93994140625,3675.56005859375,3629.2099609375,3659.0,0
2011-05-25,3681.260009765625,3689.199951171875,3623.239990234375,3629.800048828125,0
2011-05-26,3726.27001953125,3727.1201171875,3667.6201171875,3672.64990234375,0
2011-05-27,3750.949951171875,3762.280029296875,3733.610107421875,3733.610107421875,0
2011-05-31,3805.080078125,3805.199951171875,3760.679931640625,3782.760009765625,0
2011-06-01,3684.590087890625,3797.840087890625,3682.239990234375,3797.340087890625,0
2011-06-02,3681.469970703125,3707.22998046875,3663.93994140625,3688.179931640625,0
2011-06-03,3625.22998046875,3681.489990234375,3623.31005859375,3681.489990234375,0
2011-06-06,3567.800048828125,3633.14990234375,3567.590087890625,3625.300048828125,0
2011-06-07,3577.8798828125,3606.780029296875,3576.840087890625,3589.72998046875,0
2011-06-08,3535.47998046875,3572.43994140625,3533.590087890625,3566.1201171875,0
2011-06-09,3556.22998046875,3573.419921875,3534.75,3545.7099609375,0
2011-06-10,3497.489990234375,3540.860107421875,3486.1201171875,3537.760009765625,0
2011-06-13,3487.760009765625,3527.22998046875,3471.5400390625,3508.60009765625,0
2011-06-14,3563.409912109375,3571.929931640625,3487.949951171875,3487.949951171875,0
2011-06-15,3498.760009765625,3551.280029296875,3489.18994140625,3532.530029296875,0
2011-06-16,3508.2099609375,3535.409912109375,3468.169921875,3500.5400390625,0
2011-06-17,3509.169921875,3546.260009765625,3495.219970703125,3523.080078125,0
2011-06-20,3539.52001953125,3550.929931640625,3496.590087890625,3496.840087890625,0
2011-06-21,3620.35009765625,3621.780029296875,3560.719970703125,3560.93994140625,0
2011-06-22,3591.4599609375,3636.1298828125,3591.449951171875,3605.419921875,0
2011-06-23,3604.300048828125,3608.429931640625,3517.409912109375,3562.1201171875,0
2011-06-24,3582.3701171875,3617.679931640625,3568.409912109375,3609.300048828125,0
2011-06-27,3615.4599609375,3619.0400390625,3565.409912109375,3580.3701171875,0
2011-06-28,3671.610107421875,3671.610107421875,3615.659912109375,3615.659912109375,0
2011-06-29,3683.56005859375,3695.179931640625,3658.75,3683.699951171875,0
2011-06-30,3717.360107421875,3723.330078125,3691.8798828125,3691.8798828125,0
2011-07-01,3774.06005859375,3778.6298828125,3708.8798828125,3721.1201171875,0
2011-07-05,3781.330078125,3785.300048828125,3760.260009765625,3774.610107421875,0
2011-07-06,3797.60009765625,3800.22998046875,3762.989990234375,3773.919921875,0
2011-07-07,3855.739990234375,3865.860107421875,3797.60009765625,3797.60009765625,0
2011-07-08,3830.909912109375,3852.52001953125,3796.570068359375,3852.52001953125,0
2011-07-11,3745.409912109375,3798.639892578125,3739.320068359375,3795.169921875,0
2011-07-12,3728.739990234375,3766.050048828125,3726.590087890625,3731.6298828125,0
2011-07-13,3761.5,3798.179931640625,3747.22998046875,3749.159912109375,0
2011-07-14,3700.139892578125,3781.139892578125,3694.010009765625,3769.139892578125,0
2011-07-15,3724.739990234375,3726.10009765625,3701.090087890625,3710.330078125,0
2011-07-18,3667.25,3724.739990234375,3648.72998046875,3724.739990234375,0
2011-07-19,3751.169921875,3751.179931640625,3667.27001953125,3667.27001953125,0
2011-07-20,3740.929931640625,3757.4599609375,3724.31005859375,3753.2099609375,0
2011-07-21,3781.070068359375,3790.260009765625,3749.330078125,3753.010009765625,0
2011-07-22,3783.580078125,3790.679931640625,3758.719970703125,3782.340087890625,0
2011-07-25,3736.75,3767.159912109375,3731.449951171875,3749.929931640625,0
2011-07-26,3707.280029296875,3737.840087890625,3705.219970703125,3737.070068359375,0
2011-07-27,3598.39990234375,3690.739990234375,3594.320068359375,3690.739990234375,0
2011-07-28,3593.389892578125,3639.68994140625,3588.169921875,3600.35009765625,0
2011-07-29,3582.989990234375,3604.02001953125,3520.7099609375,3588.6201171875,0
2011-08-01,3564.2099609375,3635.02001953125,3534.489990234375,3613.5400390625,0
2011-08-02,3448.090087890625,3580.889892578125,3448.090087890625,3564.260009765625,0
2011-08-03,3474.199951171875,3476.18994140625,3372.070068359375,3457.0400390625,0
2011-08-04,3267.780029296875,3439.52001953125,3267.760009765625,3439.52001953125,0
2011-08-05,3213.090087890625,3308.550048828125,3141.010009765625,3293.68994140625,0
2011-08-08,2926.989990234375,3170.60009765625,2926.989990234375,3146.830078125,0
2011-08-09,3130.3701171875,3131.070068359375,2877.18994140625,2967.070068359375,0
2011-08-10,2968.8798828125,3090.35009765625,2964.949951171875,3087.169921875,0
2011-08-11,3129.949951171875,3168.68994140625,2980.22998046875,2988.2099609375,0
2011-08-12,3137.39990234375,3173.989990234375,3105.719970703125,3154.93994140625,0
2011-08-15,3232.56005859375,3232.56005859375,3161.85009765625,3161.85009765625,0
2011-08-16,3170.3798828125,3206.360107421875,3141.169921875,3199.68994140625,0
2011-08-17,3167.330078125,3215.1298828125,3141.3701171875,3187.0400390625,0
2011-08-18,2980.64990234375,3113.5400390625,2962.070068359375,3113.5400390625,0
2011-08-19,2932.070068359375,3025.969970703125,2927.14990234375,2948.64990234375,0
2011-08-22,2930.5,3000.2900390625,2909.77001953125,2973.35009765625,0
2011-08-23,3073.360107421875,3073.360107421875,2924.610107421875,2944.489990234375,0
2011-08-24,3116.159912109375,3125.72998046875,3043.56005859375,3066.050048828125,0
2011-08-25,3034.639892578125,3156.68994140625,3031.429931640625,3136.570068359375,0
2011-08-26,3112.81005859375,3115.320068359375,2978.5,3014.06005859375,0
2011-08-29,3260.909912109375,3261.14990234375,3143.659912109375,3143.659912109375,0
2011-08-30,3276.7900390625,3293.780029296875,3208.8701171875,3241.969970703125,0
2011-08-31,3271.10009765625,3319.8701171875,3239.75,3294.159912109375,0
2011-09-01,3190.889892578125,3304.030029296875,3183.449951171875,3272.2900390625,0
2011-09-02,3075.860107421875,3178.02001953125,3067.280029296875,3178.02001953125,0
2011-09-06,3064.800048828125,3070.840087890625,2986.8701171875,3024.489990234375,0
2011-09-07,3193.860107421875,3194.18994140625,3102.510009765625,3102.510009765625,0
2011-09-08,3128.5,3205.8701171875,3116.39990234375,3175.68994140625,0
2011-09-09,3034.199951171875,3106.840087890625,3007.820068359375,3102.97998046875,0
2011-09-12,3060.39990234375,3064.10009765625,2993.64990234375,3004.10009765625,0
2011-09-13,3115.2900390625,3122.449951171875,3057.7900390625,3069.31005859375,0
2011-09-14,3171.300048828125,3209.340087890625,3088.639892578125,3139.2900390625,0
2011-09-15,3214.070068359375,3214.080078125,3155.639892578125,3196.830078125,0
2011-09-16,3217.85009765625,3237.330078125,3193.68994140625,3223.10009765625,0
2011-09-19,3163.60009765625,3191.75,3128.800048828125,3176.6298828125,0
2011-09-20,3108.2900390625,3202.47998046875,3108.2900390625,3176.260009765625,0
2011-09-21,2994.35009765625,3127.739990234375,2992.050048828125,3110.969970703125,0
2011-09-22,2899.27001953125,2957.2900390625,2860.010009765625,2939.610107421875,0
2011-09-23,2939.889892578125,2954.2900390625,2892.360107421875,2895.06005859375,0
2011-09-26,2999.35009765625,3001.080078125,2908.840087890625,2962.14990234375,0
2011-09-27,3065.199951171875,3130.39990234375,3039.909912109375,3040.070068359375,0
2011-09-28,2939.590087890625,3071.2900390625,2939.590087890625,3070.02001953125,0
2011-09-29,2988.570068359375,3018.89990234375,2909.780029296875,2954.300048828125,0
2011-09-30,2904.550048828125,2983.110107421875,2902.97998046875,2950.860107421875,0
2011-10-03,2748.300048828125,2925.7900390625,2748.300048828125,2884.659912109375,0
2011-10-04,2924.93994140625,2931.81005859375,2713.340087890625,2730.06005859375,0
2011-10-05,2967.949951171875,2981.419921875,2892.429931640625,2924.449951171875,0
2011-10-06,3039.070068359375,3040.610107421875,2947.47998046875,2962.72998046875,0
2011-10-07,2959.77001953125,3047.85009765625,2948.820068359375,3047.469970703125,0
2011-10-10,3089.179931640625,3089.550048828125,2997.510009765625,2997.510009765625,0
2011-10-11,3107.68994140625,3117.449951171875,3057.800048828125,3066.050048828125,0
2011-10-12,3159.570068359375,3181.719970703125,3128.239990234375,3129.43994140625,0
2011-10-13,3152.550048828125,3163.219970703125,3101.840087890625,3141.570068359375,0
2011-10-14,3214.1201171875,3218.169921875,3159.739990234375,3182.070068359375,0
2011-10-17,3106.52001953125,3192.6298828125,3099.610107421875,3192.6298828125,0
2011-10-18,3200.070068359375,3212.409912109375,3071.239990234375,3112.219970703125,0
2011-10-19,3132.659912109375,3208.6201171875,3123.530029296875,3193.9599609375,0
2011-10-20,3141.929931640625,3144.68994140625,3065.22998046875,3135.31005859375,0
2011-10-21,3214.2099609375,3215.239990234375,3167.419921875,3179.1298828125,0
2011-10-24,3320.7099609375,3320.7099609375,3223.02001953125,3223.3798828125,0
2011-10-25,3219.820068359375,3299.6201171875,3213.0400390625,3299.6201171875,0
2011-10-26,3280.840087890625,3294.81005859375,3192.780029296875,3254.02001953125,0
2011-10-27,3454.02001953125,3472.179931640625,3336.739990234375,3336.739990234375,0
2011-10-28,3434.1298828125,3469.409912109375,3425.679931640625,3438.0400390625,0
2011-10-31,3344.169921875,3402.780029296875,3343.169921875,3395.510009765625,0
2011-11-01,3221.610107421875,3344.22998046875,3214.97998046875,3273.8798828125,0
2011-11-02,3308.659912109375,3310.5,3221.659912109375,3221.659912109375,0
2011-11-03,3391.889892578125,3394.909912109375,3274.659912109375,3327.60009765625,0
2011-11-04,3369.18994140625,3391.929931640625,3327.31005859375,3373.699951171875,0
2011-11-07,3363.090087890625,3379.85009765625,3297.780029296875,3369.27001953125,0
2011-11-08,3409.199951171875,3415.929931640625,3325.110107421875,3381.47998046875,0
2011-11-09,3245.35009765625,3409.4599609375,3245.35009765625,3356.010009765625,0
2011-11-10,3275.840087890625,3299.14990234375,3241.840087890625,3259.14990234375,0
2011-11-11,3362.219970703125,3363.050048828125,3305.60009765625,3305.60009765625,0
2011-11-14,3309.31005859375,3351.3701171875,3289.969970703125,3348.050048828125,0
2011-11-15,3355.580078125,3367.68994140625,3276.14990234375,3293.77001953125,0
2011-11-16,3296.1201171875,3376.9599609375,3294.610107421875,3324.820068359375,0
2011-11-17,3246.139892578125,3312.56005859375,3234.830078125,3296.030029296875,0
2011-11-18,3249.22998046875,3267.080078125,3231.6298828125,3253.0,0
2011-11-21,3170.22998046875,3208.659912109375,3146.830078125,3208.659912109375,0
2011-11-22,3144.8701171875,3185.449951171875,3134.199951171875,3170.280029296875,0
2011-11-23,3045.97998046875,3120.22998046875,3045.780029296875,3120.22998046875,0
2011-11-25,3009.030029296875,3070.68994140625,3009.030029296875,3034.97998046875,0
2011-11-28,3152.659912109375,3153.949951171875,3061.969970703125,3061.969970703125,0
2011-11-29,3145.10009765625,3165.389892578125,3126.360107421875,3153.050048828125,0
2011-11-30,3331.97998046875,3331.97998046875,3205.39990234375,3205.39990234375,0
2011-12-01,3301.9599609375,3343.550048828125,3301.93994140625,3318.919921875,0
2011-12-02,3321.300048828125,3366.18994140625,3317.2900390625,3337.280029296875,0
2011-12-05,3375.56005859375,3401.25,3351.02001953125,3360.389892578125,0
2011-12-06,3374.610107421875,3397.360107421875,3347.989990234375,3374.0400390625,0
2011-12-07,3371.989990234375,3384.909912109375,3308.820068359375,3373.669921875,0
2011-12-08,3266.080078125,3347.75,3262.320068359375,3347.75,0
2011-12-09,3368.889892578125,3382.610107421875,3278.080078125,3278.5400390625,0
2011-12-12,3313.639892578125,3331.7099609375,3277.949951171875,3331.7099609375,0
2011-12-13,3246.469970703125,3355.530029296875,3236.389892578125,3331.219970703125,0
2011-12-14,3203.3701171875,3233.3701171875,3191.300048828125,3224.89990234375,0
2011-12-15,3237.830078125,3246.860107421875,3212.22998046875,3238.280029296875,0
2011-12-16,3265.219970703125,3304.469970703125,3245.320068359375,3249.97998046875,0
2011-12-19,3204.27001953125,3296.85009765625,3201.0,3282.169921875,0
2011-12-20,3338.7099609375,3338.7099609375,3247.89990234375,3247.89990234375,0
2011-12-21,3349.070068359375,3356.64990234375,3288.7900390625,3330.360107421875,0
2011-12-22,3372.449951171875,3384.669921875,3357.72998046875,3357.72998046875,0
2011-12-23,3383.669921875,3386.10009765625,3366.7900390625,3381.419921875,0
2011-12-27,3398.85009765625,3407.330078125,3366.679931640625,3373.050048828125,0
2011-12-28,3327.929931640625,3397.5400390625,3325.5400390625,3397.5400390625,0
2011-12-29,3372.340087890625,3376.570068359375,3336.590087890625,3336.949951171875,0
2011-12-30,3353.989990234375,3379.1298828125,3351.64990234375,3366.300048828125,0
2012-01-03,3405.52001953125,3437.6201171875,3392.929931640625,3398.35009765625,0
2012-01-04,3383.0,3393.580078125,3363.14990234375,3387.8798828125,0
2012-01-05,3405.75,3415.280029296875,3335.570068359375,3367.010009765625,0
2012-01-06,3394.22998046875,3417.070068359375,3376.5,3405.10009765625,0
2012-01-09,3411.4599609375,3415.64990234375,3383.159912109375,3409.43994140625,0
2012-01-10,3462.340087890625,3464.760009765625,3432.889892578125,3432.889892578125,0
2012-01-11,3473.969970703125,3476.840087890625,3446.199951171875,3450.300048828125,0
2012-01-12,3488.75,3489.31005859375,3449.949951171875,3480.550048828125,0
2012-01-13,3460.300048828125,3468.409912109375,3436.5400390625,3455.409912109375,0
2012-01-17,3466.330078125,3501.340087890625,3458.56005859375,3482.300048828125,0
2012-01-18,3528.590087890625,3528.590087890625,3462.64990234375,3466.320068359375,0
2012-01-19,3542.760009765625,3552.72998046875,3527.89990234375,3535.3701171875,0
2012-01-20,3553.0,3558.659912109375,3533.06005859375,3535.89990234375,0
2012-01-23,3545.909912109375,3574.7099609375,3524.7900390625,3551.7900390625,0
2012-01-24,3569.580078125,3571.97998046875,3512.1201171875,3528.070068359375,0
2012-01-25,3602.739990234375,3607.1201171875,3550.77001953125,3565.85009765625,0
2012-01-26,3590.760009765625,3623.85009765625,3576.580078125,3615.9599609375,0
2012-01-27,3618.1201171875,3618.1201171875,3576.6298828125,3576.739990234375,0
2012-01-30,3588.889892578125,3614.090087890625,3566.760009765625,3614.090087890625,0
2012-01-31,3590.9599609375,3616.889892578125,3569.199951171875,3588.9599609375,0
2012-02-01,3667.340087890625,3669.760009765625,3610.159912109375,3610.419921875,0
2012-02-02,3682.260009765625,3695.800048828125,3665.27001953125,3670.22998046875,0
2012-02-03,3764.830078125,3773.489990234375,3718.3798828125,3718.3798828125,0
2012-02-06,3752.52001953125,3760.219970703125,3740.050048828125,3748.43994140625,0
2012-02-07,3748.110107421875,3762.97998046875,3727.85009765625,3746.669921875,0
2012-02-08,3752.929931640625,3772.179931640625,3722.070068359375,3747.75,0
2012-02-09,3737.590087890625,3763.909912109375,3719.969970703125,3760.159912109375,0
2012-02-10,3684.8701171875,3730.47998046875,3682.679931640625,3730.47998046875,0
2012-02-13,3737.260009765625,3737.6201171875,3706.8798828125,3715.469970703125,0
2012-02-14,3718.679931640625,3726.39990234375,3694.989990234375,3724.580078125,0
2012-02-15,3688.820068359375,3734.860107421875,3679.25,3731.360107421875,0
2012-02-16,3761.39990234375,3761.39990234375,3687.3798828125,3687.3798828125,0
2012-02-17,3755.60009765625,3771.68994140625,3751.39990234375,3771.139892578125,0
2012-02-21,3731.0,3766.2900390625,3718.070068359375,3762.14990234375,0
2012-02-22,3700.77001953125,3733.010009765625,3700.77001953125,3719.1298828125,0
2012-02-23,3758.639892578125,3759.6201171875,3690.830078125,3706.659912109375,0
2012-02-24,3748.300048828125,3766.2099609375,3746.639892578125,3758.6201171875,0
2012-02-27,3747.360107421875,3760.5,3694.159912109375,3726.239990234375,0
2012-02-28,3734.989990234375,3766.080078125,3717.89990234375,3749.179931640625,0
2012-02-29,3676.89990234375,3759.85009765625,3676.889892578125,3740.110107421875,0
2012-03-01,3696.47998046875,3735.35009765625,3691.22998046875,3691.22998046875,0
2012-03-02,3638.530029296875,3703.719970703125,3628.169921875,3696.909912109375,0
2012-03-05,3644.199951171875,3646.989990234375,3609.47998046875,3636.5400390625,0
2012-03-06,3569.219970703125,3611.7099609375,3561.580078125,3611.7099609375,0
2012-03-07,3609.81005859375,3610.85009765625,3579.5,3582.969970703125,0
2012-03-08,3657.27001953125,3659.360107421875,3605.030029296875,3631.409912109375,0
2012-03-09,3705.699951171875,3724.7099609375,3657.77001953125,3659.39990234375,0
2012-03-12,3693.610107421875,3715.580078125,3682.530029296875,3707.2099609375,0
2012-03-13,3771.43994140625,3771.43994140625,3712.449951171875,3717.52001953125,0
2012-03-14,3736.14990234375,3773.39990234375,3726.080078125,3766.389892578125,0
2012-03-15,3772.8798828125,3772.8798828125,3727.81005859375,3741.18994140625,0
2012-03-16,3767.300048828125,3779.1201171875,3755.929931640625,3776.5400390625,0
2012-03-19,3801.780029296875,3826.6201171875,3759.68994140625,3764.010009765625,0
2012-03-20,3763.3798828125,3777.300048828125,3751.840087890625,3777.300048828125,0
2012-03-21,3766.7900390625,3784.550048828125,3755.610107421875,3771.679931640625,0
2012-03-22,3728.949951171875,3738.1201171875,3707.4599609375,3738.0,0
2012-03-23,3767.97998046875,3767.97998046875,3704.22998046875,3729.89990234375,0
2012-03-26,3841.070068359375,3841.889892578125,3797.139892578125,3797.139892578125,0
2012-03-27,3813.179931640625,3849.219970703125,3813.179931640625,3842.830078125,0
2012-03-28,3789.659912109375,3820.409912109375,3762.590087890625,3814.06005859375,0
2012-03-29,3779.7900390625,3786.81005859375,3736.639892578125,3764.52001953125,0
2012-03-30,3771.110107421875,3807.75,3760.64990234375,3799.139892578125,0
2012-04-02,3818.320068359375,3818.320068359375,3754.489990234375,3765.010009765625,0
2012-04-03,3792.159912109375,3820.60009765625,3777.85009765625,3813.820068359375,0
2012-04-04,3726.760009765625,3759.8701171875,3711.77001953125,3759.8701171875,0
2012-04-05,3717.02001953125,3731.409912109375,3709.06005859375,3712.760009765625,0
2012-04-09,3650.18994140625,3674.050048828125,3637.8798828125,3674.050048828125,0
2012-04-10,3562.510009765625,3650.889892578125,3559.800048828125,3646.820068359375,0
2012-04-11,3619.31005859375,3619.93994140625,3593.949951171875,3594.030029296875,0
2012-04-12,3674.070068359375,3681.81005859375,3620.110107421875,3620.110107421875,0
2012-04-13,3618.239990234375,3666.169921875,3617.9599609375,3666.169921875,0
2012-04-16,3626.3798828125,3647.360107421875,3594.35009765625,3618.239990234375,0
2012-04-17,3683.449951171875,3709.31005859375,3651.080078125,3651.080078125,0
2012-04-18,3650.300048828125,3676.330078125,3637.719970703125,3676.330078125,0
2012-04-19,3630.280029296875,3679.5400390625,3611.699951171875,3654.860107421875,0
2012-04-20,3653.7099609375,3681.75,3630.280029296875,3630.280029296875,0
2012-04-23,3598.320068359375,3615.169921875,3568.85009765625,3615.169921875,0
2012-04-24,3626.56005859375,3633.360107421875,3593.969970703125,3601.360107421875,0
2012-04-25,3690.60009765625,3698.409912109375,3660.14990234375,3660.14990234375,0
2012-04-26,3719.360107421875,3724.919921875,3682.2900390625,3684.27001953125,0
2012-04-27,3751.8798828125,3754.52001953125,3694.530029296875,3722.8798828125,0
2012-04-30,3712.860107421875,3751.89990234375,3711.06005859375,3751.89990234375,0
2012-05-01,3708.449951171875,3773.0400390625,3706.89990234375,3716.659912109375,0
2012-05-02,3720.8798828125,3721.889892578125,3672.6201171875,3688.52001953125,0
2012-05-03,3666.6298828125,3719.5,3653.25,3718.330078125,0
2012-05-04,3599.6298828125,3646.2099609375,3596.9599609375,3646.2099609375,0
2012-05-07,3608.669921875,3619.239990234375,3582.570068359375,3585.590087890625,0
2012-05-08,3605.469970703125,3608.4599609375,3551.8701171875,3585.489990234375,0
2012-05-09,3586.820068359375,3604.449951171875,3552.77001953125,3600.169921875,0
2012-05-10,3599.8701171875,3618.1298828125,3583.469970703125,3592.909912109375,0
2012-05-11,3592.860107421875,3619.360107421875,3574.239990234375,3575.739990234375,0
2012-05-14,3542.47998046875,3569.719970703125,3537.179931640625,3559.89990234375,0
2012-05-15,3535.4599609375,3569.64990234375,3529.1298828125,3540.659912109375,0
2012-05-16,3511.860107421875,3565.469970703125,3511.27001953125,3541.840087890625,0
2012-05-17,3431.320068359375,3517.889892578125,3431.320068359375,3514.6201171875,0
2012-05-18,3398.9599609375,3451.60009765625,3392.159912109375,3428.989990234375,0
2012-05-21,3478.3798828125,3478.389892578125,3392.530029296875,3408.080078125,0
2012-05-22,3455.669921875,3503.60009765625,3437.3701171875,3480.52001953125,0
2012-05-23,3480.9599609375,3485.56005859375,3403.590087890625,3433.52001953125,0
2012-05-24,3487.5400390625,3489.1298828125,3443.179931640625,3487.080078125,0
2012-05-25,3486.840087890625,3496.2900390625,3475.89990234375,3487.889892578125,0
2012-05-29,3536.0400390625,3543.340087890625,3498.830078125,3511.6298828125,0
2012-05-30,3467.760009765625,3507.5,3466.239990234375,3507.5,0
2012-05-31,3467.10009765625,3483.75,3420.510009765625,3470.6298828125,0
2012-06-01,3356.199951171875,3423.0400390625,3356.199951171875,3423.0400390625,0
2012-06-04,3355.469970703125,3380.429931640625,3321.35009765625,3366.60009765625,0
2012-06-05,3395.85009765625,3396.429931640625,3340.1298828125,3341.22998046875,0
2012-06-06,3482.989990234375,3482.989990234375,3399.280029296875,3399.280029296875,0
2012-06-07,3461.22998046875,3530.929931640625,3459.860107421875,3514.570068359375,0
2012-06-08,3501.56005859375,3505.56005859375,3435.679931640625,3452.64990234375,0
2012-06-11,3418.989990234375,3535.6298828125,3418.830078125,3531.81005859375,0
2012-06-12,3467.179931640625,3467.8701171875,3407.989990234375,3434.830078125,0
2012-06-13,3426.699951171875,3479.580078125,3414.989990234375,3459.14990234375,0
2012-06-14,3472.2099609375,3474.679931640625,3424.469970703125,3430.639892578125,0
2012-06-15,3513.260009765625,3516.679931640625,3467.330078125,3470.31005859375,0
2012-06-18,3518.889892578125,3529.25,3483.22998046875,3493.31005859375,0
2012-06-19,3582.320068359375,3596.22998046875,3532.64990234375,3532.64990234375,0
2012-06-20,3571.8798828125,3595.43994140625,3555.830078125,3580.909912109375,0
2012-06-21,3484.68994140625,3575.169921875,3482.31005859375,3575.010009765625,0
2012-06-22,3531.969970703125,3535.469970703125,3491.18994140625,3503.7900390625,0
2012-06-25,3471.590087890625,3532.0,3462.14990234375,3532.0,0
2012-06-26,3485.800048828125,3498.570068359375,3454.27001953125,3477.820068359375,0
2012-06-27,3538.489990234375,3540.590087890625,3492.8701171875,3492.8701171875,0
2012-06-28,3537.080078125,3537.1201171875,3484.639892578125,3514.530029296875,0
2012-06-29,3640.110107421875,3642.449951171875,3582.419921875,3582.419921875,0
2012-07-02,3683.340087890625,3683.340087890625,3629.530029296875,3646.31005859375,0
2012-07-03,3731.659912109375,3731.659912109375,3682.489990234375,3683.969970703125,0
2012-07-05,3727.0,3740.68994140625,3708.010009765625,3722.530029296875,0
2012-07-06,3680.31005859375,3692.5,3669.139892578125,3692.5,0
2012-07-09,3669.68994140625,3678.989990234375,3654.840087890625,3673.6298828125,0
2012-07-10,3625.8701171875,3697.06005859375,3614.64990234375,3687.18994140625,0
2012-07-11,3612.77001953125,3637.47998046875,3594.97998046875,3627.820068359375,0
2012-07-12,3600.919921875,3613.969970703125,3550.3798828125,3588.969970703125,0
2012-07-13,3652.840087890625,3658.9599609375,3611.760009765625,3611.760009765625,0
2012-07-16,3633.139892578125,3648.72998046875,3621.219970703125,3643.93994140625,0
2012-07-17,3645.840087890625,3659.31005859375,3603.989990234375,3635.820068359375,0
2012-07-18,3671.52001953125,3687.340087890625,3639.169921875,3640.75,0
2012-07-19,3658.43994140625,3687.469970703125,3654.60009765625,3683.4599609375,0
2012-07-20,3610.030029296875,3633.280029296875,3608.989990234375,3633.280029296875,0
2012-07-23,3552.3798828125,3567.5400390625,3533.360107421875,3566.050048828125,0
2012-07-24,3501.570068359375,3562.429931640625,3489.22998046875,3560.8701171875,0
2012-07-25,3508.81005859375,3532.860107421875,3500.8798828125,3519.929931640625,0
2012-07-26,3544.409912109375,3563.360107421875,3523.1201171875,3542.4599609375,0
2012-07-27,3630.93994140625,3639.030029296875,3546.169921875,3553.550048828125,0
2012-07-30,3610.89990234375,3643.320068359375,3604.7900390625,3632.72998046875,0
2012-07-31,3589.81005859375,3626.409912109375,3587.489990234375,3604.89990234375,0
2012-08-01,3517.699951171875,3606.489990234375,3517.699951171875,3603.97998046875,0
2012-08-02,3506.52001953125,3528.659912109375,3491.010009765625,3502.389892578125,0
2012-08-03,3597.340087890625,3609.25,3538.860107421875,3538.860107421875,0
2012-08-06,3624.25,3637.909912109375,3601.1201171875,3601.1201171875,0
2012-08-07,3656.320068359375,3679.43994140625,3636.929931640625,3636.929931640625,0
2012-08-08,3651.22998046875,3663.570068359375,3640.81005859375,3643.1298828125,0
2012-08-09,3663.9599609375,3672.7900390625,3648.31005859375,3651.14990234375,0
2012-08-10,3657.93994140625,3659.18994140625,3642.169921875,3654.18994140625,0
2012-08-13,3649.02001953125,3656.97998046875,3613.52001953125,3652.6201171875,0
2012-08-14,3637.360107421875,3670.580078125,3627.89990234375,3663.409912109375,0
2012-08-15,3671.419921875,3671.419921875,3630.179931640625,3630.449951171875,0
2012-08-16,3711.919921875,3714.179931640625,3655.820068359375,3669.85009765625,0
2012-08-17,3743.159912109375,3743.159912109375,3704.72998046875,3706.010009765625,0
2012-08-20,3727.85009765625,3734.60009765625,3708.60009765625,3734.60009765625,0
2012-08-21,3722.760009765625,3776.489990234375,3715.159912109375,3737.860107421875,0
2012-08-22,3710.080078125,3720.85009765625,3696.56005859375,3719.56005859375,0
2012-08-23,3680.2099609375,3706.889892578125,3672.139892578125,3706.31005859375,0
2012-08-24,3694.7900390625,3702.320068359375,3667.6298828125,3674.570068359375,0
2012-08-27,3700.3798828125,3716.389892578125,3689.47998046875,3707.27001953125,0
2012-08-28,3718.139892578125,3721.02001953125,3696.280029296875,3697.330078125,0
2012-08-29,3735.1201171875,3743.139892578125,3712.93994140625,3721.47998046875,0
2012-08-30,3693.56005859375,3735.25,3691.659912109375,3735.25,0
2012-08-31,3709.52001953125,3721.85009765625,3680.590087890625,3718.719970703125,0
2012-09-04,3755.469970703125,3762.89990234375,3687.949951171875,3714.77001953125,0
2012-09-05,3751.7099609375,3768.409912109375,3744.550048828125,3754.5,0
2012-09-06,3828.300048828125,3834.139892578125,3769.89990234375,3769.89990234375,0
2012-09-07,3848.110107421875,3855.02001953125,3836.489990234375,3839.739990234375,0
2012-09-10,3834.969970703125,3857.5400390625,3833.219970703125,3844.22998046875,0
2012-09-11,3846.89990234375,3861.679931640625,3838.510009765625,3858.1298828125,0
2012-09-12,3862.52001953125,3862.75,3839.280029296875,3852.56005859375,0
2012-09-13,3913.010009765625,3933.639892578125,3850.77001953125,3861.7099609375,0
2012-09-14,3952.199951171875,3969.570068359375,3925.550048828125,3925.659912109375,0
2012-09-17,3925.97998046875,3938.35009765625,3912.2099609375,3938.35009765625,0
2012-09-18,3917.18994140625,3922.52001953125,3904.3798828125,3918.75,0
2012-09-19,3913.510009765625,3928.02001953125,3908.919921875,3921.570068359375,0
2012-09-20,3893.320068359375,3899.9599609375,3873.10009765625,3892.60009765625,0
2012-09-21,3911.699951171875,3932.93994140625,3910.0,3919.580078125,0
2012-09-24,3894.830078125,3917.159912109375,3883.64990234375,3894.02001953125,0
2012-09-25,3837.02001953125,3918.7099609375,3836.320068359375,3907.330078125,0
2012-09-26,3814.77001953125,3840.989990234375,3805.1298828125,3840.56005859375,0
2012-09-27,3859.14990234375,3865.35009765625,3815.2900390625,3823.320068359375,0
2012-09-28,3831.330078125,3851.570068359375,3824.469970703125,3840.679931640625,0
2012-10-01,3844.449951171875,3875.0400390625,3828.10009765625,3846.85009765625,0
2012-10-02,3845.419921875,3858.659912109375,3831.610107421875,3856.5400390625,0
2012-10-03,3837.840087890625,3861.35009765625,3824.159912109375,3850.81005859375,0
2012-10-04,3864.800048828125,3864.800048828125,3823.330078125,3846.89990234375,0
2012-10-05,3856.85009765625,3905.840087890625,3851.0,3864.860107421875,0
2012-10-08,3836.489990234375,3845.429931640625,3832.89990234375,3841.719970703125,0
2012-10-09,3788.56005859375,3838.239990234375,3787.639892578125,3836.489990234375,0
2012-10-10,3783.25,3796.419921875,3772.429931640625,3790.989990234375,0
2012-10-11,3797.5,3824.68994140625,3792.919921875,3806.9599609375,0
2012-10-12,3766.909912109375,3802.85009765625,3761.840087890625,3796.10009765625,0
2012-10-15,3790.699951171875,3791.389892578125,3754.739990234375,3774.56005859375,0
2012-10-16,3823.489990234375,3823.60009765625,3805.330078125,3806.110107421875,0
2012-10-17,3855.989990234375,3857.590087890625,3826.81005859375,3828.840087890625,0
2012-10-18,3831.409912109375,3855.409912109375,3831.409912109375,3849.27001953125,0
2012-10-19,3757.6201171875,3809.989990234375,3742.889892578125,3809.989990234375,0
2012-10-22,3755.469970703125,3761.659912109375,3737.97998046875,3754.60009765625,0
2012-10-23,3735.72998046875,3739.31005859375,3694.739990234375,3729.18994140625,0
2012-10-24,3724.2099609375,3754.320068359375,3716.27001953125,3749.06005859375,0
2012-10-25,3738.719970703125,3759.9599609375,3714.800048828125,3747.280029296875,0
2012-10-26,3722.4599609375,3750.7099609375,3698.010009765625,3737.8701171875,0
2012-10-31,3748.2099609375,3748.219970703125,3716.760009765625,3724.739990234375,0
2012-11-01,3790.27001953125,3793.1298828125,3747.1298828125,3748.719970703125,0
2012-11-02,3728.60009765625,3802.68994140625,3728.489990234375,3799.610107421875,0
2012-11-05,3752.4599609375,3756.669921875,3718.510009765625,3728.47998046875,0
2012-11-06,3780.52001953125,3786.260009765625,3761.68994140625,3762.030029296875,0
2012-11-07,3684.409912109375,3750.280029296875,3673.929931640625,3750.280029296875,0
2012-11-08,3634.679931640625,3694.340087890625,3634.679931640625,3683.610107421875,0
2012-11-09,3641.169921875,3667.27001953125,3614.760009765625,3634.77001953125,0
2012-11-12,3635.39990234375,3653.580078125,3631.449951171875,3650.14990234375,0
2012-11-13,3614.320068359375,3646.179931640625,3613.199951171875,3628.97998046875,0
2012-11-14,3542.280029296875,3628.840087890625,3538.72998046875,3625.389892578125,0
2012-11-15,3525.610107421875,3551.25,3505.2099609375,3539.320068359375,0
2012-11-16,3556.8798828125,3560.580078125,3498.570068359375,3519.510009765625,0
2012-11-19,3627.340087890625,3633.949951171875,3584.949951171875,3584.949951171875,0
2012-11-20,3637.570068359375,3639.139892578125,3615.360107421875,3625.18994140625,0
2012-11-21,3658.659912109375,3658.659912109375,3635.9599609375,3643.64990234375,0
2012-11-23,3699.139892578125,3699.169921875,3670.47998046875,3672.419921875,0
2012-11-26,3707.669921875,3707.77001953125,3677.7900390625,3690.659912109375,0
2012-11-27,3701.949951171875,3724.179931640625,3699.830078125,3703.580078125,0
2012-11-28,3729.1298828125,3729.409912109375,3660.419921875,3689.570068359375,0
2012-11-29,3773.97998046875,3774.530029296875,3749.89990234375,3751.780029296875,0
2012-11-30,3768.1298828125,3780.31005859375,3754.2900390625,3780.31005859375,0
2012-12-03,3763.14990234375,3789.659912109375,3754.60009765625,3786.409912109375,0
2012-12-04,3769.31005859375,3773.510009765625,3741.64990234375,3761.260009765625,0
2012-12-05,3762.659912109375,3780.6298828125,3742.52001953125,3776.449951171875,0
2012-12-06,3768.489990234375,3773.550048828125,3749.89990234375,3758.22998046875,0
2012-12-07,3770.81005859375,3784.780029296875,3759.60009765625,3782.6298828125,0
2012-12-10,3789.25,3789.31005859375,3773.10009765625,3773.409912109375,0
2012-12-11,3829.389892578125,3830.889892578125,3806.760009765625,3808.2099609375,0
2012-12-12,3804.989990234375,3841.25,3801.280029296875,3840.7099609375,0
2012-12-13,3781.820068359375,3814.300048828125,3772.489990234375,3804.31005859375,0
2012-12-14,3780.06005859375,3796.06005859375,3771.199951171875,3773.949951171875,0
2012-12-17,3831.81005859375,3832.419921875,3787.22998046875,3787.22998046875,0
2012-12-18,3890.4599609375,3890.469970703125,3834.550048828125,3835.800048828125,0
2012-12-19,3892.080078125,3910.14990234375,3879.1201171875,3892.64990234375,0
2012-12-20,3913.75,3913.77001953125,3882.679931640625,3892.64990234375,0
2012-12-21,3892.889892578125,3895.719970703125,3867.14990234375,3895.719970703125,0
2012-12-24,3878.489990234375,3885.889892578125,3872.489990234375,3885.889892578125,0
2012-12-26,3851.8701171875,3884.429931640625,3849.199951171875,3881.830078125,0
2012-12-27,3847.280029296875,3858.02001953125,3802.830078125,3853.929931640625,0
2012-12-28,3823.0400390625,3851.820068359375,3822.949951171875,3828.449951171875,0
2012-12-31,3902.3701171875,3904.840087890625,3818.8701171875,3822.14990234375,0
2013-01-02,4013.0400390625,4015.64990234375,3912.739990234375,3912.739990234375,0
2013-01-03,4009.330078125,4036.110107421875,4000.8701171875,4014.97998046875,0
2013-01-04,4039.4599609375,4045.5,4012.0400390625,4012.0400390625,0
2013-01-07,4024.06005859375,4028.22998046875,4014.610107421875,4025.85009765625,0
2013-01-08,4019.1201171875,4026.570068359375,4002.199951171875,4024.679931640625,0
2013-01-09,4041.22998046875,4041.389892578125,4029.760009765625,4031.780029296875,0
2013-01-10,4049.280029296875,4058.25,4027.8798828125,4057.550048828125,0
2013-01-11,4047.389892578125,4055.8798828125,4032.06005859375,4055.840087890625,0
2013-01-14,4044.31005859375,4048.35009765625,4032.64990234375,4042.5400390625,0
2013-01-15,4065.070068359375,4066.159912109375,4022.889892578125,4026.550048828125,0
2013-01-16,4054.64990234375,4061.030029296875,4048.679931640625,4057.080078125,0
2013-01-17,4091.669921875,4094.6201171875,4068.35009765625,4068.35009765625,0
2013-01-18,4102.93017578125,4102.9501953125,4082.0400390625,4088.85009765625,0
2013-01-22,4132.52001953125,4132.52001953125,4095.010009765625,4102.60009765625,0
2013-01-23,4121.02001953125,4134.02978515625,4118.7900390625,4133.56982421875,0
2013-01-24,4137.1298828125,4155.89013671875,4119.43017578125,4120.4501953125,0
2013-01-25,4160.330078125,4160.330078125,4136.7099609375,4147.169921875,0
2013-01-28,4167.2001953125,4172.7001953125,4140.3701171875,4163.669921875,0
2013-01-29,4170.3798828125,4170.3798828125,4148.7900390625,4163.080078125,0
2013-01-30,4122.7001953125,4167.7001953125,4110.89013671875,4165.77978515625,0
2013-01-31,4146.6298828125,4150.3701171875,4117.47998046875,4123.259765625,0
2013-02-01,4188.60009765625,4195.77978515625,4161.93017578125,4162.83984375,0
2013-02-04,4133.91015625,4188.64990234375,4129.68017578125,4188.64990234375,0
2013-02-05,4175.08984375,4181.52001953125,4148.2900390625,4148.39013671875,0
2013-02-06,4189.39990234375,4190.18994140625,4154.7900390625,4158.97998046875,0
2013-02-07,4174.93017578125,4190.52001953125,4150.669921875,4187.83984375,0
2013-02-08,4200.6201171875,4202.83984375,4179.919921875,4179.919921875,0
2013-02-11,4197.759765625,4200.2998046875,4184.81982421875,4200.2998046875,0
2013-02-12,4218.580078125,4221.580078125,4201.169921875,4201.33984375,0
2013-02-13,4233.5400390625,4236.81982421875,4216.1201171875,4222.27001953125,0
2013-02-14,4248.3798828125,4252.6201171875,4225.16015625,4233.60009765625,0
2013-02-15,4245.64013671875,4264.91015625,4239.169921875,4264.83984375,0
2013-02-19,4286.52001953125,4286.52001953125,4250.35009765625,4250.35009765625,0
2013-02-20,4201.6201171875,4285.1201171875,4201.6201171875,4284.2998046875,0
2013-02-21,4164.58984375,4198.14990234375,4141.9599609375,4198.14990234375,0
2013-02-22,4214.06982421875,4214.06982421875,4187.3701171875,4187.3701171875,0
2013-02-25,4120.85986328125,4229.02978515625,4120.85986328125,4214.10009765625,0
2013-02-26,4140.580078125,4150.14013671875,4113.83984375,4134.56005859375,0
2013-02-27,4186.64990234375,4203.16015625,4137.330078125,4141.0400390625,0
2013-02-28,4192.3701171875,4214.35986328125,4183.58984375,4185.52978515625,0
2013-03-01,4209.22021484375,4213.77978515625,4138.25,4166.169921875,0
2013-03-04,4218.31982421875,4218.3798828125,4181.330078125,4206.2099609375,0
2013-03-05,4267.7900390625,4271.169921875,4234.1201171875,4234.1201171875,0
2013-03-06,4279.9501953125,4283.8798828125,4268.41015625,4277.080078125,0
2013-03-07,4301.52001953125,4301.52001953125,4277.58984375,4281.2099609375,0
2013-03-08,4338.0400390625,4338.2998046875,4305.72998046875,4325.33984375,0
2013-03-11,4338.2900390625,4338.77978515625,4322.7099609375,4328.7099609375,0
2013-03-12,4328.16015625,4339.6298828125,4318.77978515625,4332.83984375,0
2013-03-13,4346.2099609375,4349.47998046875,4321.64990234375,4328.5498046875,0
2013-03-14,4388.7099609375,4388.7099609375,4353.52001953125,4353.52001953125,0
2013-03-15,4386.16015625,4393.14013671875,4372.35009765625,4390.85986328125,0
2013-03-18,4362.16015625,4386.35009765625,4335.6201171875,4386.35009765625,0
2013-03-19,4342.3701171875,4378.9599609375,4314.2099609375,4368.47998046875,0
2013-03-20,4384.5,4384.509765625,4360.0400390625,4360.0400390625,0
2013-03-21,4347.91015625,4376.22998046875,4336.6298828125,4361.72998046875,0
2013-03-22,4358.740234375,4364.60009765625,4348.16015625,4348.16015625,0
2013-03-25,4356.830078125,4392.22998046875,4335.330078125,4369.64990234375,0
2013-03-26,4376.990234375,4381.35986328125,4356.169921875,4372.259765625,0
2013-03-27,4379.60009765625,4380.4599609375,4333.75,4354.419921875,0
2013-03-28,4385.9501953125,4393.85009765625,4376.18017578125,4388.64013671875,0
2013-04-01,4327.2001953125,4386.27001953125,4309.0,4385.35986328125,0
2013-04-02,4306.6201171875,4355.72998046875,4298.3798828125,4345.259765625,0
2013-04-03,4234.97021484375,4313.93994140625,4226.33984375,4311.83984375,0
2013-04-04,4267.18994140625,4267.56982421875,4228.39013671875,4238.93017578125,0
2013-04-05,4256.22998046875,4257.52001953125,4194.56005859375,4222.31982421875,0
2013-04-08,4294.25,4294.490234375,4246.22021484375,4268.64013671875,0
2013-04-09,4284.3701171875,4307.10986328125,4279.5,4299.5400390625,0
2013-04-10,4361.759765625,4365.89013671875,4293.60986328125,4293.60986328125,0
2013-04-11,4366.490234375,4386.5,4356.169921875,4357.81005859375,0
2013-04-12,4347.169921875,4357.91015625,4320.259765625,4350.35009765625,0
2013-04-15,4182.759765625,4327.93994140625,4172.31005859375,4327.93994140625,0
2013-04-16,4257.08984375,4260.419921875,4207.919921875,4209.85009765625,0
2013-04-17,4181.18994140625,4232.47021484375,4148.8701171875,4232.47021484375,0
2013-04-18,4156.8798828125,4195.18994140625,4142.5,4191.33984375,0
2013-04-19,4207.580078125,4209.33984375,4147.43994140625,4158.33984375,0
2013-04-22,4218.22998046875,4225.22998046875,4149.60009765625,4215.7900390625,0
2013-04-23,4285.43017578125,4285.43017578125,4241.490234375,4241.490234375,0
2013-04-24,4307.4501953125,4308.0,4275.31982421875,4283.9501953125,0
2013-04-25,4336.0400390625,4356.27978515625,4319.35009765625,4319.35009765625,0
2013-04-26,4313.3701171875,4333.31982421875,4299.0,4332.08984375,0
2013-04-29,4346.56005859375,4351.60009765625,4313.43017578125,4313.43017578125,0
2013-04-30,4369.830078125,4369.830078125,4332.2001953125,4345.60986328125,0
2013-05-01,4262.75,4361.10009765625,4262.740234375,4361.10009765625,0
2013-05-02,4335.22998046875,4339.25,4280.31982421875,4280.31982421875,0
2013-05-03,4402.6201171875,4426.27978515625,4368.10986328125,4368.10986328125,0
2013-05-06,4427.5400390625,4429.47998046875,4404.7900390625,4405.02001953125,0
2013-05-07,4464.6201171875,4464.6298828125,4423.22021484375,4434.02001953125,0
2013-05-08,4476.91015625,4476.91015625,4446.39013671875,4456.1298828125,0
2013-05-09,4457.97021484375,4477.33984375,4451.419921875,4474.1201171875,0
2013-05-10,4499.2099609375,4499.22021484375,4464.81005859375,4464.81005859375,0
2013-05-13,4493.4501953125,4504.669921875,4481.7001953125,4495.39990234375,0
2013-05-14,4549.9599609375,4549.9599609375,4494.9599609375,4494.9599609375,0
2013-05-15,4562.22021484375,4576.10009765625,4536.97021484375,4539.08984375,0
2013-05-16,4547.85986328125,4571.39990234375,4537.43017578125,4555.41015625,0
2013-05-17,4598.3798828125,4599.25,4556.759765625,4556.759765625,0
2013-05-20,4606.4599609375,4622.7099609375,4589.47998046875,4589.47998046875,0
2013-05-21,4610.259765625,4618.64013671875,4593.759765625,4605.85986328125,0
2013-05-22,4534.10986328125,4654.02978515625,4511.759765625,4611.740234375,0
2013-05-23,4543.60986328125,4543.6298828125,4480.580078125,4502.1298828125,0
2013-05-24,4543.60986328125,4543.89013671875,4495.6201171875,4525.72998046875,0
2013-05-28,4604.06982421875,4641.35009765625,4576.009765625,4582.31005859375,0
2013-05-29,4557.0,4604.580078125,4527.240234375,4604.580078125,0
2013-05-30,4591.8701171875,4597.7900390625,4565.18017578125,4565.18017578125,0
2013-05-31,4544.47998046875,4592.43017578125,4542.8798828125,4570.18017578125,0
2013-06-03,4574.18994140625,4580.14013671875,4507.31982421875,4554.43994140625,0
2013-06-04,4534.7099609375,4592.830078125,4504.47998046875,4574.47998046875,0
2013-06-05,4471.259765625,4532.490234375,4469.0,4526.64990234375,0
2013-06-06,4523.740234375,4523.77978515625,4451.7900390625,4471.77001953125,0
2013-06-07,4561.52978515625,4568.10009765625,4525.830078125,4545.18994140625,0
2013-06-10,4585.009765625,4585.06982421875,4548.22998046875,4570.97021484375,0
2013-06-11,4533.3701171875,4567.56982421875,4509.93017578125,4550.77001953125,0
2013-06-12,4492.56005859375,4564.81982421875,4488.419921875,4556.02978515625,0
2013-06-13,4573.1201171875,4578.52978515625,4481.16015625,4490.18994140625,0
2013-06-14,4534.919921875,4576.35986328125,4527.72021484375,4571.0400390625,0
2013-06-17,4564.7998046875,4582.2900390625,4541.7998046875,4562.740234375,0
2013-06-18,4621.27001953125,4628.240234375,4570.1298828125,4570.1298828125,0
2013-06-19,4559.16015625,4620.490234375,4559.0,4619.52001953125,0
2013-06-20,4439.169921875,4519.06982421875,4425.27001953125,4519.06982421875,0
2013-06-21,4454.08984375,4461.22021484375,4397.5400390625,4449.75,0
2013-06-24,4395.68994140625,4429.5498046875,4357.5,4422.85986328125,0
2013-06-25,4443.2099609375,4447.1201171875,4409.830078125,4423.31005859375,0
2013-06-26,4457.740234375,4480.14990234375,4446.330078125,4446.330078125,0
2013-06-27,4532.52001953125,4535.580078125,4481.759765625,4481.759765625,0
2013-06-28,4521.240234375,4544.18017578125,4508.5,4522.4599609375,0
2013-07-01,4578.52001953125,4595.91015625,4538.93017578125,4538.93017578125,0
2013-07-02,4577.0400390625,4605.16015625,4546.97021484375,4575.85986328125,0
2013-07-03,4584.91015625,4594.18017578125,4555.22998046875,4560.89013671875,0
2013-07-05,4650.9501953125,4650.9501953125,4587.5498046875,4628.64990234375,0
2013-07-08,4668.97998046875,4677.56005859375,4659.35009765625,4661.7998046875,0
2013-07-09,4709.72021484375,4713.7900390625,4676.2998046875,4684.39013671875,0
2013-07-10,4720.85009765625,4723.490234375,4698.02978515625,4708.2099609375,0
2013-07-11,4780.14013671875,4780.8701171875,4755.4501953125,4757.919921875,0
2013-07-12,4795.6201171875,4803.72021484375,4776.93994140625,4777.68994140625,0
2013-07-15,4827.08984375,4829.93994140625,4797.4599609375,4803.490234375,0
2013-07-16,4806.0400390625,4828.419921875,4795.06982421875,4828.419921875,0
2013-07-17,4823.7001953125,4840.35986328125,4814.580078125,4820.419921875,0
2013-07-18,4859.60009765625,4869.7099609375,4832.81982421875,4832.81982421875,0
2013-07-19,4860.580078125,4860.64990234375,4840.259765625,4849.27978515625,0
2013-07-22,4874.22998046875,4880.08984375,4854.919921875,4856.27978515625,0
2013-07-23,4868.7099609375,4890.22998046875,4862.52001953125,4885.27978515625,0
2013-07-24,4830.10009765625,4885.7001953125,4823.39990234375,4881.740234375,0
2013-07-25,4878.16015625,4878.169921875,4816.169921875,4821.02001953125,0
2013-07-26,4851.91015625,4851.91015625,4822.919921875,4846.669921875,0
2013-07-29,4816.0,4853.5400390625,4807.97021484375,4845.919921875,0
2013-07-30,4829.39013671875,4840.10986328125,4812.77001953125,4821.81005859375,0
2013-07-31,4837.64990234375,4875.830078125,4829.490234375,4829.490234375,0
2013-08-01,4905.43017578125,4910.4501953125,4865.41015625,4865.41015625,0
2013-08-02,4905.60986328125,4906.580078125,4877.06982421875,4898.22021484375,0
2013-08-05,4920.22998046875,4922.580078125,4895.759765625,4901.06982421875,0
2013-08-06,4870.1298828125,4911.4501953125,4860.60009765625,4911.4501953125,0
2013-08-07,4834.2998046875,4870.25,4826.47998046875,4870.25,0
2013-08-08,4858.41015625,4869.2900390625,4834.830078125,4858.0498046875,0
2013-08-09,4853.52001953125,4867.89013671875,4832.31005859375,4851.56982421875,0
2013-08-12,4878.0,4878.0,4827.64013671875,4831.419921875,0
2013-08-13,4871.0,4883.81982421875,4845.18017578125,4883.18017578125,0
2013-08-14,4852.0,4874.66015625,4851.60009765625,4869.56982421875,0
2013-08-15,4759.16015625,4812.35009765625,4755.02978515625,4812.35009765625,0
2013-08-16,4743.97998046875,4774.22998046875,4740.080078125,4743.240234375,0
2013-08-19,4692.8798828125,4745.52978515625,4692.7998046875,4742.0498046875,0
2013-08-20,4763.97021484375,4768.2900390625,4699.02978515625,4699.02978515625,0
2013-08-21,4731.759765625,4773.39990234375,4719.14013671875,4749.83984375,0
2013-08-22,4799.580078125,4799.93994140625,4743.2099609375,4743.2099609375,0
2013-08-23,4809.10986328125,4811.93994140625,4783.2099609375,4802.93017578125,0
2013-08-26,4833.490234375,4838.93994140625,4809.14013671875,4809.14013671875,0
2013-08-27,4694.56005859375,4800.240234375,4692.830078125,4800.240234375,0
2013-08-28,4709.43994140625,4726.81005859375,4693.0,4695.06982421875,0
2013-08-29,4758.240234375,4768.009765625,4705.66015625,4709.5400390625,0
2013-08-30,4683.990234375,4752.47021484375,4677.31982421875,4752.419921875,0
2013-09-03,4709.10009765625,4758.080078125,4675.43994140625,4723.990234375,0
2013-09-04,4752.580078125,4752.7001953125,4706.75,4712.2099609375,0
2013-09-05,4767.18994140625,4778.580078125,4755.240234375,4757.31982421875,0
2013-09-06,4771.3701171875,4795.56982421875,4707.2900390625,4767.27001953125,0
2013-09-09,4848.14013671875,4848.14013671875,4784.330078125,4784.330078125,0
2013-09-10,4893.080078125,4893.22998046875,4862.759765625,4865.4599609375,0
2013-09-11,4891.9501953125,4902.259765625,4874.0498046875,4886.490234375,0
2013-09-12,4861.02978515625,4892.68994140625,4861.02978515625,4892.02978515625,0
2013-09-13,4886.64990234375,4886.66015625,4857.33984375,4861.10009765625,0
2013-09-16,4897.27001953125,4938.990234375,4886.68017578125,4886.68017578125,0
2013-09-17,4944.5400390625,4944.5400390625,4895.43994140625,4895.56982421875,0
2013-09-18,4994.009765625,5010.35009765625,4909.85986328125,4944.72021484375,0
2013-09-19,4986.2900390625,5007.1298828125,4973.9599609375,5003.0400390625,0
2013-09-20,4975.240234375,5000.16015625,4970.75,4992.27978515625,0
2013-09-23,4972.14990234375,4978.89990234375,4933.990234375,4972.93017578125,0
2013-09-24,4984.33984375,5017.89013671875,4948.4599609375,4974.4501953125,0
2013-09-25,4979.2099609375,5018.58984375,4974.919921875,4990.259765625,0
2013-09-26,5003.97998046875,5017.47998046875,4979.47021484375,4988.669921875,0
2013-09-27,4984.669921875,5004.080078125,4969.18017578125,5004.080078125,0
2013-09-30,4982.85009765625,4990.72998046875,4927.169921875,4945.18994140625,0
2013-10-01,5046.240234375,5047.85986328125,4981.4501953125,4982.47021484375,0
2013-10-02,5023.77978515625,5046.25,5002.18994140625,5046.25,0
2013-10-03,4969.85009765625,5020.3798828125,4941.8701171875,5017.6201171875,0
2013-10-04,5004.06982421875,5015.60986328125,4964.10009765625,4964.10009765625,0
2013-10-07,4946.2900390625,4981.7099609375,4946.27001953125,4971.580078125,0
2013-10-08,4860.509765625,4953.10009765625,4860.509765625,4948.2001953125,0
2013-10-09,4842.990234375,4873.740234375,4817.009765625,4873.47021484375,0
2013-10-10,4964.240234375,4965.509765625,4885.31982421875,4885.31982421875,0
2013-10-11,5033.02001953125,5033.0498046875,4947.10986328125,4948.43994140625,0
2013-10-14,5060.81982421875,5060.81982421875,4996.7099609375,5007.08984375,0
2013-10-15,5011.27978515625,5052.6201171875,5002.330078125,5050.43017578125,0
2013-10-16,5070.81982421875,5073.10009765625,5036.39990234375,5036.39990234375,0
2013-10-17,5116.6201171875,5116.6201171875,5053.18017578125,5054.97021484375,0
2013-10-18,5174.7099609375,5175.9599609375,5133.580078125,5149.31982421875,0
2013-10-21,5164.1298828125,5186.580078125,5156.52001953125,5178.8701171875,0
2013-10-22,5178.81982421875,5206.169921875,5161.64013671875,5177.81982421875,0
2013-10-23,5157.14990234375,5162.52978515625,5131.27001953125,5159.75,0
2013-10-24,5193.9599609375,5199.33984375,5160.72021484375,5165.43994140625,0
2013-10-25,5191.66015625,5208.240234375,5172.64990234375,5204.47021484375,0
2013-10-28,5190.06005859375,5197.43017578125,5167.06982421875,5191.7001953125,0
2013-10-29,5209.0,5212.169921875,5175.7001953125,5202.2099609375,0
2013-10-30,5132.830078125,5215.2900390625,5126.580078125,5213.18994140625,0
2013-10-31,5108.14990234375,5147.35009765625,5097.39990234375,5130.43017578125,0
2013-11-01,5087.4501953125,5113.60009765625,5047.64990234375,5103.27001953125,0
2013-11-04,5146.330078125,5149.02001953125,5100.22021484375,5101.47998046875,0
2013-11-05,5124.64990234375,5136.27001953125,5096.10986328125,5132.259765625,0
2013-11-06,5102.35986328125,5154.33984375,5095.68994140625,5149.35009765625,0
2013-11-07,5011.7998046875,5126.4599609375,5011.77978515625,5119.81005859375,0
2013-11-08,5108.9501953125,5114.6298828125,5015.97021484375,5015.97021484375,0
2013-11-11,5116.0498046875,5122.27001953125,5092.02001953125,5107.97021484375,0
2013-11-12,5116.2001953125,5116.43017578125,5087.7998046875,5105.93994140625,0
2013-11-13,5166.919921875,5167.14013671875,5090.330078125,5094.2900390625,0
2013-11-14,5163.9599609375,5167.60986328125,5136.72998046875,5163.7998046875,0
2013-11-15,5186.22998046875,5186.759765625,5156.1298828125,5163.91015625,0
2013-11-18,5144.990234375,5203.93994140625,5135.3798828125,5196.60986328125,0
2013-11-19,5117.68994140625,5168.85009765625,5099.77001953125,5144.509765625,0
2013-11-20,5110.5,5147.259765625,5094.990234375,5130.22998046875,0
2013-11-21,5202.669921875,5202.89990234375,5127.22998046875,5127.22998046875,0
2013-11-22,5227.33984375,5230.7001953125,5193.169921875,5208.7001953125,0
2013-11-25,5226.52978515625,5244.16015625,5218.97998046875,5236.39990234375,0
2013-11-26,5273.009765625,5280.93994140625,5228.60986328125,5230.81982421875,0
2013-11-27,5305.3701171875,5306.169921875,5271.919921875,5278.89013671875,0
2013-11-29,5312.7998046875,5331.89990234375,5311.08984375,5326.47998046875,0
2013-12-02,5248.89013671875,5310.2001953125,5242.3798828125,5310.2001953125,0
2013-12-03,5224.259765625,5257.68994140625,5205.2001953125,5234.33984375,0
2013-12-04,5213.08984375,5248.39990234375,5167.77001953125,5207.0400390625,0
2013-12-05,5218.64013671875,5233.240234375,5206.06982421875,5210.89013671875,0
2013-12-06,5260.35986328125,5281.2900390625,5246.330078125,5256.419921875,0
2013-12-09,5251.5498046875,5273.509765625,5237.22998046875,5267.509765625,0
2013-12-10,5206.259765625,5260.0400390625,5204.60009765625,5244.97998046875,0
2013-12-11,5122.490234375,5212.759765625,5114.27978515625,5211.25,0
2013-12-12,5131.35986328125,5149.5400390625,5114.60009765625,5122.7001953125,0
2013-12-13,5149.4599609375,5160.8701171875,5120.25,5144.56982421875,0
2013-12-16,5209.14990234375,5210.64013671875,5165.2998046875,5165.990234375,0
2013-12-17,5204.93017578125,5211.27978515625,5175.72021484375,5207.3798828125,0
2013-12-18,5274.31982421875,5274.52001953125,5173.4501953125,5211.18017578125,0
2013-12-19,5236.080078125,5265.02001953125,5233.6298828125,5262.93994140625,0
2013-12-20,5333.9599609375,5337.0400390625,5246.41015625,5247.31982421875,0
2013-12-23,5384.1298828125,5649.66015625,5355.39013671875,5642.7900390625,0
2013-12-24,5405.990234375,5414.669921875,5385.7099609375,5386.64013671875,0
2013-12-26,5410.2099609375,5434.89990234375,5404.43017578125,5420.259765625,0
2013-12-27,5404.97021484375,5427.08984375,5389.330078125,5424.97998046875,0
2013-12-30,5402.93994140625,5412.31982421875,5394.91015625,5403.1298828125,0
2013-12-31,5417.35986328125,5426.68017578125,5409.18017578125,5409.18017578125,0
2014-01-02,5357.3701171875,5402.8798828125,5338.169921875,5402.8798828125,0
2014-01-03,5382.3798828125,5390.16015625,5359.72998046875,5362.27978515625,0
2014-01-06,5340.8798828125,5399.9599609375,5340.02001953125,5397.2900390625,0
2014-01-07,5389.64990234375,5400.7900390625,5362.919921875,5362.919921875,0
2014-01-08,5389.1201171875,5397.990234375,5363.5498046875,5392.5,0
2014-01-09,5393.419921875,5419.14990234375,5364.6201171875,5406.9501953125,0
2014-01-10,5422.2001953125,5422.2001953125,5377.33984375,5401.8798828125,0
2014-01-13,5345.97998046875,5420.60009765625,5319.3798828125,5414.81005859375,0
2014-01-14,5417.4599609375,5417.47021484375,5359.60986328125,5362.9599609375,0
2014-01-15,5454.6298828125,5457.52978515625,5429.58984375,5429.58984375,0
2014-01-16,5463.009765625,5463.009765625,5442.33984375,5453.06005859375,0
2014-01-17,5441.169921875,5464.16015625,5433.3798828125,5458.2099609375,0
2014-01-21,5475.18017578125,5481.669921875,5440.52978515625,5472.080078125,0
2014-01-22,5501.259765625,5504.740234375,5473.330078125,5482.64013671875,0
2014-01-23,5459.93017578125,5484.06982421875,5433.27001953125,5484.06982421875,0
2014-01-24,5328.31005859375,5424.419921875,5317.47021484375,5424.419921875,0
2014-01-27,5251.93994140625,5343.68994140625,5221.14990234375,5343.52978515625,0
2014-01-28,5300.9501953125,5300.9501953125,5256.2998046875,5257.35009765625,0
2014-01-29,5227.85009765625,5282.47021484375,5215.52978515625,5260.7001953125,0
2014-01-30,5306.85009765625,5330.97998046875,5264.8798828125,5264.8798828125,0
2014-01-31,5267.39990234375,5300.419921875,5238.490234375,5250.0,0
2014-02-03,5098.43994140625,5266.8701171875,5082.5400390625,5263.85009765625,0
2014-02-04,5137.02978515625,5159.27001953125,5097.93017578125,5122.33984375,0
2014-02-05,5094.22021484375,5117.85009765625,5043.56005859375,5113.02978515625,0
2014-02-06,5142.669921875,5159.0400390625,5104.02001953125,5104.1201171875,0
2014-02-07,5201.60009765625,5201.91015625,5147.35009765625,5158.52001953125,0
2014-02-10,5211.91015625,5212.64013671875,5167.06005859375,5201.89013671875,0
2014-02-11,5260.669921875,5269.27001953125,5209.35009765625,5217.08984375,0
2014-02-12,5277.2001953125,5300.06005859375,5260.9599609375,5266.2001953125,0
2014-02-13,5348.68017578125,5348.740234375,5239.7001953125,5245.5498046875,0
2014-02-14,5355.43017578125,5358.64013671875,5324.93994140625,5351.2900390625,0
2014-02-18,5412.72998046875,5416.240234375,5364.60009765625,5368.06005859375,0
2014-02-19,5355.1201171875,5424.52978515625,5353.4599609375,5398.31005859375,0
2014-02-20,5416.06982421875,5420.27978515625,5353.3798828125,5360.72998046875,0
2014-02-21,5427.85009765625,5445.56982421875,5422.6298828125,5435.35986328125,0
2014-02-24,5474.240234375,5500.97998046875,5437.830078125,5437.830078125,0
2014-02-25,5471.5,5496.6201171875,5458.580078125,5481.06005859375,0
2014-02-26,5508.56982421875,5538.10009765625,5472.169921875,5482.43994140625,0
2014-02-27,5538.3798828125,5538.3798828125,5485.7099609375,5498.009765625,0
2014-02-28,5515.56005859375,5564.39990234375,5488.39013671875,5544.27978515625,0
2014-03-03,5484.759765625,5499.97998046875,5430.72021484375,5474.81982421875,0
2014-03-04,5635.41015625,5654.85986328125,5535.75,5535.75,0
2014-03-05,5623.10009765625,5630.080078125,5609.7998046875,5629.52001953125,0
2014-03-06,5617.47998046875,5637.33984375,5605.93017578125,5633.14990234375,0
2014-03-07,5611.89013671875,5645.77001953125,5592.02978515625,5642.3701171875,0
2014-03-10,5599.14990234375,5607.31982421875,5565.10986328125,5603.93994140625,0
2014-03-11,5536.419921875,5617.2900390625,5519.52978515625,5604.02001953125,0
2014-03-12,5557.9599609375,5557.9599609375,5493.18994140625,5510.990234375,0
2014-03-13,5490.39013671875,5579.68994140625,5467.669921875,5575.25,0
2014-03-14,5512.419921875,5527.06982421875,5474.25,5474.2900390625,0
2014-03-17,5544.27001953125,5581.7099609375,5537.3798828125,5539.08984375,0
2014-03-18,5623.080078125,5623.080078125,5549.5498046875,5549.5498046875,0
2014-03-19,5579.740234375,5624.97021484375,5551.25,5622.43017578125,0
2014-03-20,5595.27001953125,5604.33984375,5553.77978515625,5569.1201171875,0
2014-03-21,5571.22021484375,5638.4501953125,5566.85009765625,5615.22021484375,0
2014-03-24,5498.93017578125,5585.1298828125,5458.18994140625,5581.93017578125,0
2014-03-25,5498.18017578125,5557.580078125,5469.7001953125,5525.22021484375,0
2014-03-26,5393.06982421875,5532.16015625,5393.06982421875,5527.1201171875,0
2014-03-27,5376.77001953125,5421.7900390625,5355.22998046875,5393.6201171875,0
2014-03-28,5378.83984375,5452.2099609375,5368.56005859375,5379.509765625,0
2014-03-31,5477.9599609375,5485.35009765625,5401.509765625,5408.240234375,0
2014-04-01,5551.259765625,5553.259765625,5489.490234375,5489.490234375,0
2014-04-02,5570.75,5571.240234375,5546.06005859375,5561.33984375,0
2014-04-03,5516.27978515625,5576.27001953125,5495.64013671875,5573.81005859375,0
2014-04-04,5386.89013671875,5554.419921875,5373.02001953125,5546.990234375,0
2014-04-07,5304.7998046875,5373.31982421875,5277.9599609375,5372.85009765625,0
2014-04-08,5344.419921875,5366.669921875,5283.85009765625,5310.009765625,0
2014-04-09,5417.93017578125,5420.06982421875,5346.990234375,5362.08984375,0
2014-04-10,5267.16015625,5417.259765625,5248.580078125,5414.7900390625,0
2014-04-11,5191.72021484375,5273.5400390625,5175.31005859375,5229.52978515625,0
2014-04-14,5210.18994140625,5261.35009765625,5164.4599609375,5235.68994140625,0
2014-04-15,5229.85986328125,5249.81982421875,5119.14990234375,5222.39990234375,0
2014-04-16,5287.259765625,5288.85009765625,5240.97021484375,5262.43994140625,0
2014-04-17,5315.919921875,5330.93017578125,5265.22998046875,5280.2998046875,0
2014-04-21,5336.56982421875,5336.9501953125,5289.419921875,5323.89013671875,0
2014-04-22,5398.72021484375,5409.31005859375,5341.509765625,5341.509765625,0
2014-04-23,5359.06005859375,5398.02001953125,5357.9501953125,5396.2900390625,0
2014-04-24,5346.4501953125,5386.0,5309.419921875,5385.18017578125,0
2014-04-25,5246.83984375,5321.5,5237.27001953125,5321.5,0
2014-04-28,5219.3701171875,5287.6201171875,5150.2099609375,5266.64013671875,0
2014-04-29,5237.2001953125,5263.509765625,5225.9501953125,5242.85986328125,0
2014-04-30,5265.52001953125,5266.009765625,5183.830078125,5226.2998046875,0
2014-05-01,5261.6298828125,5297.91015625,5207.02978515625,5261.9599609375,0
2014-05-02,5275.1201171875,5317.14990234375,5263.83984375,5266.77978515625,0
2014-05-05,5263.5498046875,5271.39990234375,5211.18994140625,5244.4599609375,0
2014-05-06,5178.2900390625,5253.25,5178.2900390625,5243.43017578125,0
2014-05-07,5181.10009765625,5191.85986328125,5109.72998046875,5186.06982421875,0
2014-05-08,5129.3701171875,5233.919921875,5120.41015625,5176.97998046875,0
2014-05-09,5175.169921875,5175.89990234375,5101.68994140625,5105.89990234375,0
2014-05-12,5298.7900390625,5314.2099609375,5196.14990234375,5196.14990234375,0
2014-05-13,5241.2900390625,5303.3798828125,5240.66015625,5295.5498046875,0
2014-05-14,5157.6201171875,5236.58984375,5152.56005859375,5236.58984375,0
2014-05-15,5124.7099609375,5139.7099609375,5061.7998046875,5139.7099609375,0
2014-05-16,5157.419921875,5157.419921875,5090.35986328125,5121.27978515625,0
2014-05-19,5211.41015625,5218.93017578125,5142.169921875,5146.64990234375,0
2014-05-20,5134.330078125,5200.64990234375,5106.75,5200.64990234375,0
2014-05-21,5161.330078125,5178.31005859375,5114.740234375,5150.75,0
2014-05-22,5209.5498046875,5222.39013671875,5168.75,5170.16015625,0
2014-05-23,5267.259765625,5267.31005859375,5209.10009765625,5216.35009765625,0
2014-05-27,5342.2001953125,5351.10009765625,5296.5,5296.5,0
2014-05-28,5317.22021484375,5336.66015625,5299.77978515625,5336.66015625,0
2014-05-29,5333.64990234375,5339.66015625,5308.89013671875,5333.72021484375,0
2014-05-30,5307.72021484375,5341.5400390625,5290.39990234375,5341.52978515625,0
2014-06-02,5281.64013671875,5318.68994140625,5244.9501953125,5316.58984375,0
2014-06-03,5270.8701171875,5270.8701171875,5270.8701171875,5270.8701171875,0
2014-06-04,5293.2099609375,5295.68994140625,5240.10009765625,5254.3701171875,0
2014-06-05,5399.830078125,5399.85986328125,5280.33984375,5305.52001953125,0
2014-06-06,5452.72998046875,5463.64013671875,5420.83984375,5422.25,0
2014-06-09,5502.83984375,5521.39990234375,5457.27001953125,5457.9501953125,0
2014-06-10,5488.35986328125,5493.6298828125,5461.169921875,5490.27001953125,0
2014-06-11,5461.22998046875,5471.91015625,5436.52001953125,5465.83984375,0
2014-06-12,5427.89990234375,5455.830078125,5412.2998046875,5455.35009765625,0
2014-06-13,5443.3701171875,5449.97021484375,5404.27001953125,5442.93017578125,0
2014-06-16,5462.93994140625,5463.47021484375,5422.10986328125,5440.47021484375,0
2014-06-17,5509.0498046875,5521.56982421875,5448.41015625,5457.64990234375,0
2014-06-18,5539.89990234375,5541.080078125,5487.93017578125,5509.5400390625,0
2014-06-19,5544.22021484375,5557.08984375,5515.009765625,5552.83984375,0
2014-06-20,5565.06005859375,5565.5,5535.18017578125,5554.2900390625,0
2014-06-23,5548.919921875,5574.009765625,5540.5400390625,5570.0498046875,0
2014-06-24,5494.18017578125,5589.5,5492.97021484375,5539.68017578125,0
2014-06-25,5538.93994140625,5539.2900390625,5472.68017578125,5473.669921875,0
2014-06-26,5532.25,5542.009765625,5495.7099609375,5541.14013671875,0
2014-06-27,5573.740234375,5573.740234375,5505.89013671875,5506.9599609375,0
2014-06-30,5590.1201171875,5592.14990234375,5553.9501953125,5568.759765625,0
2014-07-01,5651.330078125,5686.9599609375,5605.31982421875,5605.830078125,0
2014-07-02,5621.27001953125,5658.1298828125,5616.93017578125,5645.97021484375,0
2014-07-03,5661.8798828125,5661.8798828125,5639.77001953125,5645.330078125,0
2014-07-07,5561.60986328125,5645.56005859375,5560.830078125,5645.509765625,0
2014-07-08,5493.39013671875,5552.2998046875,5469.14990234375,5552.2998046875,0
2014-07-09,5501.31005859375,5518.0,5484.0498046875,5506.27978515625,0
2014-07-10,5445.4501953125,5475.27001953125,5395.10009765625,5430.1201171875,0
2014-07-11,5436.93017578125,5445.509765625,5414.759765625,5437.7998046875,0
2014-07-14,5463.60009765625,5482.02978515625,5455.2998046875,5474.759765625,0
2014-07-15,5408.330078125,5472.259765625,5384.52001953125,5463.31982421875,0
2014-07-16,5397.89013671875,5437.35009765625,5382.10986328125,5434.22998046875,0
2014-07-17,5313.7998046875,5392.919921875,5303.58984375,5376.43017578125,0
2014-07-18,5398.2099609375,5400.1201171875,5305.5,5305.919921875,0
2014-07-21,5375.06005859375,5381.72998046875,5344.08984375,5373.7998046875,0
2014-07-22,5419.58984375,5438.740234375,5397.60009765625,5397.60009765625,0
2014-07-23,5429.0498046875,5447.22021484375,5418.0,5425.89013671875,0
2014-07-24,5420.43994140625,5455.14013671875,5407.919921875,5436.56005859375,0
2014-07-25,5366.35009765625,5390.0498046875,5352.830078125,5390.0498046875,0
2014-07-28,5341.919921875,5368.56005859375,5307.5,5368.56005859375,0
2014-07-29,5352.2998046875,5387.18017578125,5346.10009765625,5352.33984375,0
2014-07-30,5375.7099609375,5394.66015625,5356.830078125,5382.240234375,0
2014-07-31,5251.759765625,5332.35986328125,5251.72998046875,5332.35986328125,0
2014-08-01,5227.5400390625,5270.10986328125,5192.14990234375,5254.169921875,0
2014-08-04,5274.419921875,5277.7998046875,5196.7998046875,5244.580078125,0
2014-08-05,5259.259765625,5296.08984375,5227.85986328125,5250.4599609375,0
2014-08-06,5278.240234375,5306.77978515625,5225.43994140625,5233.81982421875,0
2014-08-07,5251.41015625,5306.02978515625,5235.81005859375,5289.919921875,0
2014-08-08,5305.81982421875,5308.22021484375,5245.5,5252.0400390625,0
2014-08-11,5355.52978515625,5388.18994140625,5324.169921875,5330.0,0
2014-08-12,5313.990234375,5352.68994140625,5295.60009765625,5340.25,0
2014-08-13,5355.9599609375,5362.77978515625,5327.02001953125,5329.6298828125,0
2014-08-14,5363.9501953125,5367.72998046875,5352.1201171875,5358.259765625,0
2014-08-15,5356.10986328125,5402.8701171875,5310.02978515625,5401.43017578125,0
2014-08-18,5434.8701171875,5434.8701171875,5392.6298828125,5392.6298828125,0
2014-08-19,5454.1298828125,5461.6201171875,5441.759765625,5441.759765625,0
2014-08-20,5431.169921875,5439.16015625,5408.919921875,5436.97998046875,0
2014-08-21,5443.080078125,5447.5,5384.06005859375,5429.91015625,0
2014-08-22,5444.64013671875,5458.16015625,5419.3701171875,5440.10986328125,0
2014-08-25,5467.56005859375,5493.22998046875,5451.490234375,5476.52001953125,0
2014-08-26,5514.43017578125,5518.8798828125,5472.27001953125,5472.27001953125,0
2014-08-27,5503.68994140625,5524.1298828125,5496.2998046875,5520.97998046875,0
2014-08-28,5472.5498046875,5487.2998046875,5463.919921875,5483.419921875,0
2014-08-29,5512.14990234375,5514.39013671875,5467.240234375,5480.43994140625,0
2014-09-02,5536.22021484375,5545.1201171875,5506.10009765625,5525.9599609375,0
2014-09-03,5502.47021484375,5557.169921875,5496.10986328125,5554.52978515625,0
2014-09-04,5479.35009765625,5542.5498046875,5470.22021484375,5511.990234375,0
2014-09-05,5493.08984375,5494.22021484375,5445.58984375,5465.8798828125,0
2014-09-08,5503.66015625,5512.58984375,5474.60986328125,5489.60009765625,0
2014-09-09,5438.93017578125,5498.72998046875,5435.89990234375,5497.33984375,0
2014-09-10,5469.77001953125,5470.35986328125,5423.41015625,5440.58984375,0
2014-09-11,5505.5498046875,5506.97021484375,5441.0400390625,5445.22998046875,0
2014-09-12,5450.7099609375,5508.68994140625,5435.830078125,5508.60009765625,0
2014-09-15,5384.72998046875,5448.31982421875,5374.830078125,5447.93017578125,0
2014-09-16,5405.81982421875,5414.7099609375,5361.080078125,5374.22998046875,0
2014-09-17,5419.759765625,5447.72998046875,5401.18017578125,5410.7001953125,0
2014-09-18,5445.39013671875,5450.18994140625,5430.330078125,5435.080078125,0
2014-09-19,5387.3701171875,5466.9599609375,5371.16015625,5456.58984375,0
2014-09-22,5305.169921875,5364.5,5296.06005859375,5364.5,0
2014-09-23,5255.31982421875,5315.990234375,5255.31982421875,5291.9599609375,0
2014-09-24,5300.75,5306.740234375,5243.5498046875,5264.7998046875,0
2014-09-25,5216.18994140625,5290.7001953125,5203.33984375,5290.7001953125,0
2014-09-26,5261.14990234375,5263.02001953125,5222.2099609375,5224.97998046875,0
2014-09-29,5254.77978515625,5267.2099609375,5207.2998046875,5219.64990234375,0
2014-09-30,5178.7099609375,5258.759765625,5178.7099609375,5256.5,0
2014-10-01,5102.72021484375,5176.8798828125,5091.3798828125,5176.3798828125,0
2014-10-02,5154.3798828125,5168.8798828125,5067.7900390625,5101.5498046875,0
2014-10-03,5193.85986328125,5217.97998046875,5178.68017578125,5195.6201171875,0
2014-10-06,5146.56982421875,5209.35986328125,5142.4599609375,5206.31982421875,0
2014-10-07,5060.3798828125,5129.25,5060.3798828125,5121.4501953125,0
2014-10-08,5158.41015625,5161.14013671875,5010.91015625,5055.3798828125,0
2014-10-09,5021.56005859375,5152.93994140625,5020.7998046875,5152.080078125,0
2014-10-10,4953.10986328125,5051.47998046875,4953.10986328125,4999.77001953125,0
2014-10-13,4934.2001953125,5017.2998046875,4919.330078125,4957.5400390625,0
2014-10-14,4992.0498046875,5056.31005859375,4967.10009765625,4969.47021484375,0
2014-10-15,5043.43994140625,5058.35986328125,4892.97998046875,4944.81982421875,0
2014-10-16,5107.60986328125,5131.85009765625,4979.259765625,4988.06005859375,0
2014-10-17,5089.830078125,5170.2998046875,5075.27978515625,5163.89013671875,0
2014-10-20,5149.35986328125,5149.35986328125,5071.93994140625,5072.759765625,0
2014-10-21,5233.47998046875,5233.56005859375,5172.52001953125,5172.52001953125,0
2014-10-22,5158.60009765625,5254.10009765625,5155.60986328125,5243.669921875,0
2014-10-23,5250.9599609375,5278.89013671875,5199.06982421875,5199.06982421875,0
2014-10-24,5261.990234375,5263.43017578125,5234.85009765625,5257.89990234375,0
2014-10-27,5255.72021484375,5256.830078125,5192.56982421875,5237.31982421875,0
2014-10-28,5406.22021484375,5406.240234375,5274.009765625,5276.18994140625,0
2014-10-29,5392.14013671875,5425.27978515625,5354.27978515625,5406.669921875,0
2014-10-30,5436.60986328125,5452.52978515625,5364.83984375,5373.9599609375,0
2014-10-31,5520.08984375,5523.9501953125,5487.85986328125,5499.669921875,0
2014-11-03,5504.740234375,5543.31982421875,5488.68994140625,5524.9501953125,0
2014-11-04,5482.419921875,5508.10009765625,5461.1298828125,5488.58984375,0
2014-11-05,5490.56005859375,5513.91015625,5474.6201171875,5510.1201171875,0
2014-11-06,5513.5400390625,5513.740234375,5474.419921875,5486.06982421875,0
2014-11-07,5520.72998046875,5521.08984375,5481.759765625,5505.419921875,0
2014-11-10,5550.2099609375,5550.27001953125,5517.490234375,5523.31982421875,0
2014-11-11,5552.0498046875,5556.009765625,5537.06005859375,5547.60009765625,0
2014-11-12,5583.3798828125,5586.81005859375,5528.72021484375,5530.97998046875,0
2014-11-13,5532.39013671875,5594.77001953125,5525.60009765625,5585.7900390625,0
2014-11-14,5524.93994140625,5541.41015625,5516.31982421875,5532.72998046875,0
2014-11-17,5479.97021484375,5531.47998046875,5479.72021484375,5515.8701171875,0
2014-11-18,5508.6201171875,5536.5,5484.47998046875,5484.47998046875,0
2014-11-19,5449.47998046875,5503.1298828125,5422.60986328125,5502.93017578125,0
2014-11-20,5511.169921875,5511.66015625,5428.58984375,5430.1201171875,0
2014-11-21,5519.22998046875,5576.14013671875,5506.2099609375,5565.7900390625,0
2014-11-24,5587.89013671875,5587.97998046875,5530.8701171875,5530.8701171875,0
2014-11-25,5585.7001953125,5611.27978515625,5568.419921875,5597.93017578125,0
2014-11-26,5606.81005859375,5607.16015625,5582.080078125,5586.60009765625,0
2014-11-28,5525.0400390625,5606.8701171875,5521.33984375,5606.75,0
2014-12-01,5435.02978515625,5512.6201171875,5435.02978515625,5512.6201171875,0
2014-12-02,5502.97021484375,5517.02001953125,5445.52978515625,5445.56982421875,0
2014-12-03,5553.14013671875,5566.68994140625,5501.43994140625,5503.85986328125,0
2014-12-04,5525.10009765625,5548.64990234375,5507.31982421875,5547.56005859375,0
2014-12-05,5569.5498046875,5579.27001953125,5523.93994140625,5523.93994140625,0
2014-12-08,5497.97998046875,5596.97998046875,5492.08984375,5558.02001953125,0
2014-12-09,5596.27978515625,5596.3701171875,5433.64013671875,5451.7998046875,0
2014-12-10,5473.419921875,5582.5400390625,5473.3798828125,5577.22021484375,0
2014-12-11,5498.509765625,5564.64013671875,5489.91015625,5497.22021484375,0
2014-12-12,5430.259765625,5482.85986328125,5430.259765625,5450.27001953125,0
2014-12-15,5373.3701171875,5468.7001953125,5363.18017578125,5455.47998046875,0
2014-12-16,5369.1298828125,5451.91015625,5346.2001953125,5357.31982421875,0
2014-12-17,5536.5400390625,5536.58984375,5378.740234375,5381.2001953125,0
2014-12-18,5618.66015625,5618.66015625,5564.22998046875,5589.3798828125,0
2014-12-19,5636.56982421875,5650.8701171875,5598.89013671875,5615.5498046875,0
2014-12-22,5664.66015625,5664.77001953125,5625.60986328125,5637.08984375,0
2014-12-23,5667.7900390625,5690.08984375,5658.06982421875,5683.47021484375,0
2014-12-24,5688.7099609375,5698.10986328125,5668.72998046875,5674.56005859375,0
2014-12-26,5729.080078125,5737.5498046875,5708.669921875,5708.669921875,0
2014-12-29,5749.7900390625,5757.830078125,5727.7998046875,5727.7998046875,0
2014-12-30,5721.77001953125,5751.9501953125,5718.39013671875,5735.330078125,0
2014-12-31,5682.5,5761.490234375,5682.4599609375,5733.81005859375,0
2015-01-02,5654.77001953125,5720.7900390625,5609.2998046875,5707.52001953125,0
2015-01-05,5572.5,5633.2001953125,5554.14990234375,5624.4599609375,0
2015-01-06,5478.08984375,5584.669921875,5440.759765625,5582.60009765625,0
2015-01-07,5547.41015625,5547.4501953125,5495.4599609375,5515.97021484375,0
2015-01-08,5642.52978515625,5642.58984375,5585.72998046875,5586.14990234375,0
2015-01-09,5593.259765625,5642.25,5581.06005859375,5642.02978515625,0
2015-01-12,5566.9599609375,5602.52001953125,5534.5400390625,5599.240234375,0
2015-01-13,5569.81982421875,5663.6201171875,5512.14990234375,5602.27001953125,0
2015-01-14,5553.27001953125,5557.6298828125,5496.64013671875,5518.77001953125,0
2015-01-15,5447.8798828125,5571.2998046875,5447.5498046875,5565.89990234375,0
2015-01-16,5551.5498046875,5554.08984375,5431.89990234375,5432.1201171875,0
2015-01-20,5521.4501953125,5563.39990234375,5479.35009765625,5563.080078125,0
2015-01-21,5502.89990234375,5543.9501953125,5484.31005859375,5508.89013671875,0
2015-01-22,5616.7099609375,5616.72021484375,5479.52001953125,5532.39990234375,0
2015-01-23,5609.89990234375,5634.56005859375,5593.740234375,5616.18994140625,0
2015-01-26,5665.72021484375,5665.72998046875,5576.22998046875,5609.89990234375,0
2015-01-27,5637.02978515625,5661.16015625,5596.93994140625,5616.64013671875,0
2015-01-28,5545.14013671875,5668.39013671875,5533.8798828125,5665.740234375,0
2015-01-29,5616.6201171875,5616.64013671875,5522.02978515625,5555.14990234375,0
2015-01-30,5499.72021484375,5597.1298828125,5497.39013671875,5584.419921875,0
2015-02-02,5547.5,5547.7001953125,5444.97021484375,5514.759765625,0
2015-02-03,5649.0498046875,5650.93017578125,5569.16015625,5569.27001953125,0
2015-02-04,5623.18994140625,5658.60986328125,5613.25,5623.75,0
2015-02-05,5704.97998046875,5710.60009765625,5642.22998046875,5642.669921875,0
2015-02-06,5689.97021484375,5733.64013671875,5674.39990234375,5710.14990234375,0
2015-02-09,5644.669921875,5703.47021484375,5642.580078125,5675.06005859375,0
2015-02-10,5679.52978515625,5688.68994140625,5618.6201171875,5676.85009765625,0
2015-02-11,5672.6201171875,5686.22021484375,5643.0,5671.18994140625,0
2015-02-12,5742.64013671875,5742.64013671875,5697.72998046875,5701.72021484375,0
2015-02-13,5775.25,5778.1298828125,5736.52978515625,5751.240234375,0
2015-02-17,5784.18994140625,5794.39990234375,5765.41015625,5775.14990234375,0
2015-02-18,5798.4501953125,5798.5498046875,5760.14990234375,5772.97998046875,0
2015-02-19,5798.2998046875,5810.5400390625,5774.39990234375,5784.97021484375,0
2015-02-20,5816.68017578125,5817.2998046875,5752.93017578125,5799.35986328125,0
2015-02-23,5816.97998046875,5817.02001953125,5773.56005859375,5809.35986328125,0
2015-02-24,5827.22021484375,5837.75,5808.77978515625,5819.0,0
2015-02-25,5833.39013671875,5841.77001953125,5813.81005859375,5824.580078125,0
2015-02-26,5853.18017578125,5853.68017578125,5818.16015625,5832.2099609375,0
2015-02-27,5826.22021484375,5855.97021484375,5825.7001953125,5848.740234375,0
2015-03-02,5870.06005859375,5873.419921875,5823.06005859375,5826.47021484375,0
2015-03-03,5833.22998046875,5852.9599609375,5814.25,5852.259765625,0
2015-03-04,5814.509765625,5823.43017578125,5785.669921875,5821.2001953125,0
2015-03-05,5831.81982421875,5840.02978515625,5806.009765625,5825.10986328125,0
2015-03-06,5752.83984375,5816.9599609375,5746.72021484375,5801.81005859375,0
2015-03-09,5781.83984375,5792.43994140625,5759.0400390625,5767.14990234375,0
2015-03-10,5710.7998046875,5736.64990234375,5700.64013671875,5736.60009765625,0
2015-03-11,5746.31005859375,5749.72998046875,5700.64013671875,5718.97021484375,0
2015-03-12,5845.64990234375,5845.85009765625,5772.9599609375,5773.89990234375,0
2015-03-13,5824.669921875,5846.6298828125,5767.35009765625,5840.97998046875,0
2015-03-16,5860.990234375,5867.31005859375,5841.7001953125,5848.22021484375,0
2015-03-17,5872.60986328125,5877.85986328125,5836.85009765625,5842.68994140625,0
2015-03-18,5919.81005859375,5936.5498046875,5841.10009765625,5861.64013671875,0
2015-03-19,5932.9599609375,5933.080078125,5902.77978515625,5906.4599609375,0
2015-03-20,5987.39013671875,5991.39013671875,5955.91015625,5955.91015625,0
2015-03-23,5979.72998046875,5996.02978515625,5971.3798828125,5977.18017578125,0
2015-03-24,5974.1201171875,5995.9599609375,5969.1201171875,5976.93994140625,0
2015-03-25,5834.39990234375,5985.68994140625,5832.9599609375,5984.39013671875,0
2015-03-26,5825.97021484375,5851.3798828125,5795.14013671875,5810.8701171875,0
2015-03-27,5868.47021484375,5870.1298828125,5816.2998046875,5827.16015625,0
2015-03-30,5951.169921875,5953.25,5898.60009765625,5898.60009765625,0
2015-03-31,5927.72021484375,5939.66015625,5909.43994140625,5927.08984375,0
2015-04-01,5922.990234375,5923.85009765625,5865.7001953125,5919.60009765625,0
2015-04-02,5941.75,5962.18017578125,5923.66015625,5925.31005859375,0
2015-04-06,5965.02001953125,5975.490234375,5912.06982421875,5916.27001953125,0
2015-04-07,5931.080078125,5977.81982421875,5930.75,5963.93017578125,0
2015-04-08,5975.580078125,5982.2998046875,5936.06005859375,5936.240234375,0
2015-04-09,5958.66015625,5990.22021484375,5906.89990234375,5974.91015625,0
2015-04-10,5985.52001953125,5991.33984375,5973.89013671875,5980.580078125,0
2015-04-13,5990.009765625,6019.14013671875,5987.47021484375,5989.56005859375,0
2015-04-14,5988.990234375,6001.35009765625,5956.7099609375,5995.259765625,0
2015-04-15,6036.60986328125,6052.1298828125,6005.72021484375,6009.6298828125,0
2015-04-16,6025.02978515625,6036.2998046875,6016.56982421875,6027.77978515625,0
2015-04-17,5925.4501953125,5983.97998046875,5908.27001953125,5983.97998046875,0
2015-04-20,5987.35986328125,5997.14013671875,5943.9501953125,5952.77001953125,0
2015-04-21,5983.759765625,6011.81982421875,5981.1201171875,6008.240234375,0
2015-04-22,5990.2900390625,5995.419921875,5940.89013671875,5988.0498046875,0
2015-04-23,6019.02001953125,6027.1201171875,5975.83984375,5981.72021484375,0
2015-04-24,6000.08984375,6026.330078125,5993.85986328125,6025.02978515625,0
2015-04-27,5929.91015625,6039.4501953125,5919.25,6011.16015625,0
2015-04-28,5961.7900390625,5968.080078125,5882.31005859375,5931.18017578125,0
2015-04-29,5903.27978515625,5945.22021484375,5896.259765625,5938.97998046875,0
2015-04-30,5776.5400390625,5883.72998046875,5757.490234375,5877.259765625,0
2015-05-01,5814.5400390625,5821.02001953125,5769.490234375,5790.6298828125,0
2015-05-04,5838.93017578125,5874.02001953125,5824.14990234375,5825.1201171875,0
2015-05-05,5754.89990234375,5843.06982421875,5737.68017578125,5832.35009765625,0
2015-05-06,5773.85009765625,5790.64013671875,5734.8798828125,5784.14013671875,0
2015-05-07,5803.56982421875,5819.08984375,5755.669921875,5772.3798828125,0
2015-05-08,5848.080078125,5869.16015625,5837.02978515625,5847.56982421875,0
2015-05-11,5852.58984375,5889.2001953125,5846.2998046875,5846.68994140625,0
2015-05-12,5839.9599609375,5854.22998046875,5770.080078125,5827.85986328125,0
2015-05-13,5837.0498046875,5863.60986328125,5819.10009765625,5853.4501953125,0
2015-05-14,5898.3701171875,5898.41015625,5838.77978515625,5859.080078125,0
2015-05-15,5893.0400390625,5902.259765625,5869.56005859375,5900.0,0
2015-05-18,5957.64013671875,5959.89013671875,5878.6201171875,5884.490234375,0
2015-05-19,5949.10986328125,5962.9501953125,5930.93017578125,5959.56005859375,0
2015-05-20,5959.2099609375,5973.8701171875,5933.72998046875,5957.259765625,0
2015-05-21,5955.009765625,5975.31005859375,5937.240234375,5958.60009765625,0
2015-05-22,5933.68994140625,5964.52001953125,5915.419921875,5949.18994140625,0
2015-05-26,5869.97998046875,5914.31982421875,5846.1201171875,5914.31982421875,0
2015-05-27,5944.5400390625,5947.83984375,5865.16015625,5881.2998046875,0
2015-05-28,5939.4599609375,5939.9599609375,5906.169921875,5933.2099609375,0
2015-05-29,5908.419921875,5937.3701171875,5882.91015625,5932.35986328125,0
2015-06-01,5923.31005859375,5946.72998046875,5871.35009765625,5934.72998046875,0
2015-06-02,5933.66015625,5965.240234375,5893.3798828125,5904.25,0
2015-06-03,5994.64990234375,5996.3701171875,5938.740234375,5949.14013671875,0
2015-06-04,5931.89990234375,5978.93017578125,5918.3798828125,5966.27978515625,0
2015-06-05,5978.06005859375,5978.3798828125,5891.47021484375,5927.77001953125,0
2015-06-08,5943.66015625,5979.14013671875,5939.0400390625,5971.93994140625,0
2015-06-09,5924.740234375,5947.41015625,5890.169921875,5942.97021484375,0
2015-06-10,6007.16015625,6020.64013671875,5948.1201171875,5948.1201171875,0
2015-06-11,6017.8798828125,6026.75,6004.2900390625,6016.72021484375,0
2015-06-12,5999.77001953125,6008.10009765625,5986.5,6002.2998046875,0
2015-06-15,5981.14990234375,5989.7900390625,5917.02001953125,5973.27001953125,0
2015-06-16,6021.580078125,6030.75,5971.31005859375,5971.72021484375,0
2015-06-17,6016.10986328125,6044.89990234375,6008.02001953125,6039.97021484375,0
2015-06-18,6093.8798828125,6105.2099609375,6033.52001953125,6033.52001953125,0
2015-06-19,6093.81005859375,6102.919921875,6079.60009765625,6097.6298828125,0
2015-06-22,6130.580078125,6134.9599609375,6112.08984375,6121.91015625,0
2015-06-23,6147.080078125,6148.009765625,6117.6298828125,6140.31982421875,0
2015-06-24,6091.18017578125,6143.8798828125,6087.77978515625,6138.1201171875,0
2015-06-25,6088.39013671875,6108.22021484375,6066.06005859375,6105.8701171875,0
2015-06-26,6074.669921875,6109.31005859375,6047.31005859375,6100.47021484375,0
2015-06-29,5918.14990234375,6047.25,5917.41015625,6025.43017578125,0
2015-06-30,5952.669921875,5966.5400390625,5928.2998046875,5960.08984375,0
2015-07-01,5964.56005859375,6003.6298828125,5937.2998046875,5991.72021484375,0
2015-07-02,5926.02001953125,5978.22021484375,5908.7998046875,5977.14013671875,0
2015-07-06,5919.9501953125,5949.60009765625,5870.740234375,5883.25,0
2015-07-07,5925.22998046875,5929.5400390625,5820.4501953125,5923.9501953125,0
2015-07-08,5834.85009765625,5893.6298828125,5823.22021484375,5882.89013671875,0
2015-07-09,5859.5400390625,5906.080078125,5853.14990234375,5888.0400390625,0
2015-07-10,5944.3701171875,5948.39013671875,5907.35009765625,5911.02978515625,0
2015-07-13,6008.02978515625,6011.60009765625,5976.89013671875,5976.89013671875,0
2015-07-14,6046.1201171875,6049.419921875,6005.56982421875,6007.58984375,0
2015-07-15,6004.68994140625,6048.75,5997.5400390625,6048.75,0
2015-07-16,6044.169921875,6058.72998046875,6029.1201171875,6035.93994140625,0
2015-07-17,6016.919921875,6048.14990234375,6001.64013671875,6048.14990234375,0
2015-07-20,5984.3798828125,6025.5400390625,5975.25,6025.18994140625,0
2015-07-21,5957.580078125,6009.169921875,5945.81005859375,5982.16015625,0
2015-07-22,5975.83984375,5982.52978515625,5929.68994140625,5933.2001953125,0
2015-07-23,5912.43017578125,5995.990234375,5906.35009765625,5986.93994140625,0
2015-07-24,5822.2998046875,5905.81982421875,5819.64013671875,5900.18017578125,0
2015-07-27,5768.3798828125,5797.43994140625,5757.5498046875,5790.22998046875,0
2015-07-28,5815.8798828125,5824.4599609375,5723.68017578125,5791.52978515625,0
2015-07-29,5839.93994140625,5852.93017578125,5798.77001953125,5813.240234375,0
2015-07-30,5852.02978515625,5856.47021484375,5799.35986328125,5823.39990234375,0
2015-07-31,5883.490234375,5913.41015625,5856.27001953125,5866.81982421875,0
2015-08-03,5850.990234375,5885.10986328125,5818.14013671875,5881.990234375,0
2015-08-04,5837.18994140625,5876.85009765625,5825.419921875,5854.64990234375,0
2015-08-05,5851.419921875,5905.60009765625,5840.7900390625,5860.75,0
2015-08-06,5776.33984375,5856.72998046875,5737.97021484375,5855.16015625,0
2015-08-07,5733.919921875,5757.81982421875,5703.080078125,5746.2001953125,0
2015-08-10,5809.10009765625,5812.52001953125,5760.41015625,5760.41015625,0
2015-08-11,5754.33984375,5790.14990234375,5729.2998046875,5768.58984375,0
2015-08-12,5745.10986328125,5754.60986328125,5652.18017578125,5717.5,0
2015-08-13,5725.72998046875,5766.919921875,5720.52001953125,5743.93994140625,0
2015-08-14,5763.72021484375,5764.2001953125,5700.8701171875,5713.4501953125,0
2015-08-17,5822.85009765625,5822.85009765625,5734.02001953125,5747.52001953125,0
2015-08-18,5774.5400390625,5818.4501953125,5771.56982421875,5818.25,0
2015-08-19,5718.27001953125,5759.64990234375,5688.240234375,5744.75,0
2015-08-20,5573.7001953125,5675.4599609375,5573.7001953125,5675.2900390625,0
2015-08-21,5499.02978515625,5574.9501953125,5478.06005859375,5504.7900390625,0
2015-08-24,5284.72998046875,5460.06982421875,5257.31982421875,5323.08984375,0
2015-08-25,5248.669921875,5386.7900390625,5248.4501953125,5386.68994140625,0
2015-08-26,5382.60009765625,5384.7001953125,5241.83984375,5321.22021484375,0
2015-08-27,5484.990234375,5505.3798828125,5390.68994140625,5424.7001953125,0
2015-08-28,5530.009765625,5530.64990234375,5466.080078125,5466.5,0
2015-08-31,5513.759765625,5539.6201171875,5499.080078125,5521.169921875,0
2015-09-01,5364.58984375,5476.240234375,5347.509765625,5460.9501953125,0
2015-09-02,5450.509765625,5450.509765625,5365.02001953125,5365.02001953125,0
2015-09-03,5446.52978515625,5505.85986328125,5440.0498046875,5463.0,0
2015-09-04,5403.89990234375,5434.22998046875,5378.14013671875,5388.56982421875,0
2015-09-08,5525.93994140625,5529.2099609375,5417.97998046875,5417.97998046875,0
2015-09-09,5462.0,5566.5498046875,5457.75,5530.9501953125,0
2015-09-10,5485.14013671875,5510.02978515625,5453.93994140625,5461.14013671875,0
2015-09-11,5508.9501953125,5509.509765625,5442.02978515625,5483.830078125,0
2015-09-14,5489.0498046875,5516.02978515625,5478.6298828125,5510.6201171875,0
2015-09-15,5548.75,5554.8701171875,5491.330078125,5491.330078125,0
2015-09-16,5592.919921875,5596.2001953125,5546.330078125,5549.93017578125,0
2015-09-17,5619.22998046875,5682.52978515625,5585.9501953125,5592.5400390625,0
2015-09-18,5536.830078125,5593.919921875,5524.02978515625,5593.919921875,0
2015-09-21,5526.08984375,5606.3798828125,5511.8701171875,5544.89990234375,0
2015-09-22,5440.2900390625,5513.52978515625,5414.89990234375,5513.52978515625,0
2015-09-23,5426.52001953125,5470.14990234375,5413.9599609375,5442.5,0
2015-09-24,5414.81005859375,5421.58984375,5353.93017578125,5416.43994140625,0
2015-09-25,5344.68017578125,5458.580078125,5328.0498046875,5427.759765625,0
2015-09-28,5194.31982421875,5343.31005859375,5179.580078125,5343.31005859375,0
2015-09-29,5163.08984375,5230.31005859375,5137.97021484375,5196.6298828125,0
2015-09-30,5243.240234375,5249.16015625,5178.39990234375,5178.39990234375,0
2015-10-01,5228.8798828125,5258.14013671875,5163.83984375,5244.77001953125,0
2015-10-02,5307.93994140625,5307.93994140625,5148.27978515625,5219.6298828125,0
2015-10-05,5439.22021484375,5441.77978515625,5316.2001953125,5316.2001953125,0
2015-10-06,5401.39990234375,5448.740234375,5370.08984375,5438.2900390625,0
2015-10-07,5491.7900390625,5491.7998046875,5405.5,5405.5,0
2015-10-08,5542.60009765625,5548.97021484375,5476.14990234375,5491.0498046875,0
2015-10-09,5552.72998046875,5568.93994140625,5541.06005859375,5544.5400390625,0
2015-10-12,5548.2001953125,5558.22021484375,5525.0400390625,5553.18017578125,0
2015-10-13,5469.77001953125,5573.97021484375,5469.77001953125,5543.18017578125,0
2015-10-14,5418.33984375,5496.9501953125,5413.97998046875,5470.330078125,0
2015-10-15,5541.330078125,5541.5400390625,5412.14990234375,5423.18994140625,0
2015-10-16,5539.16015625,5553.10009765625,5492.740234375,5545.25,0
2015-10-19,5548.68994140625,5570.7099609375,5507.10986328125,5536.81005859375,0
2015-10-20,4102.93017578125,4102.9501953125,4054.64990234375,4088.85009765625,0
2015-10-21,5456.81005859375,5561.9599609375,5456.58984375,5547.7099609375,0
2015-10-22,5502.56982421875,5529.0498046875,5460.990234375,5467.1298828125,0
2015-10-23,5557.669921875,5559.39990234375,5508.06005859375,5514.7001953125,0
2015-10-26,5526.52978515625,5556.41015625,5517.080078125,5556.41015625,0
2015-10-27,5458.93017578125,5522.02978515625,5433.330078125,5522.02978515625,0
2015-10-28,5618.64013671875,5618.97021484375,5460.22998046875,5460.22998046875,0
2015-10-29,5556.5498046875,5617.240234375,5549.9501953125,5617.240234375,0
2015-10-30,5538.64990234375,5566.240234375,5528.1201171875,5555.8701171875,0
2015-11-02,5654.2099609375,5661.47998046875,5539.14013671875,5539.14013671875,0
2015-11-03,5680.64990234375,5704.39990234375,5636.759765625,5653.02978515625,0
2015-11-04,5675.330078125,5702.75,5651.5400390625,5684.3701171875,0
2015-11-05,5677.14013671875,5683.0400390625,5624.9599609375,5675.33984375,0
2015-11-06,5721.0400390625,5722.0498046875,5635.35986328125,5674.7001953125,0
2015-11-09,5648.14990234375,5720.3701171875,5629.7001953125,5720.3701171875,0
2015-11-10,5664.18994140625,5664.2900390625,5615.240234375,5645.06005859375,0
2015-11-11,5618.27978515625,5674.47021484375,5618.22998046875,5666.93994140625,0
2015-11-12,5508.39990234375,5615.8798828125,5506.3798828125,5615.8798828125,0
2015-11-13,5469.31005859375,5525.97021484375,5458.77001953125,5505.2998046875,0
2015-11-16,5514.9599609375,5515.58984375,5441.85986328125,5468.64013671875,0
2015-11-17,5501.5,5564.1201171875,5498.08984375,5515.58984375,0
2015-11-18,5590.4501953125,5591.740234375,5502.8798828125,5502.8798828125,0
2015-11-19,5566.75,5593.2998046875,5554.64013671875,5590.4501953125,0
2015-11-20,5607.1298828125,5624.240234375,5574.68994140625,5574.68994140625,0
2015-11-23,5632.080078125,5651.43017578125,5600.5400390625,5605.97021484375,0
2015-11-24,5672.64013671875,5676.669921875,5596.60986328125,5626.89990234375,0
2015-11-25,5717.31005859375,5719.77001953125,5671.97998046875,5673.81982421875,0
2015-11-27,5738.91015625,5745.18017578125,5707.7099609375,5717.58984375,0
2015-11-30,5718.81005859375,5751.08984375,5714.43994140625,5741.06005859375,0
2015-12-01,5747.77001953125,5748.93017578125,5707.31982421875,5722.81982421875,0
2015-12-02,5688.7998046875,5752.72998046875,5684.83984375,5747.080078125,0
2015-12-03,5588.080078125,5712.759765625,5576.5400390625,5693.759765625,0
2015-12-04,5649.52001953125,5651.5498046875,5587.91015625,5588.6298828125,0
2015-12-07,5558.52978515625,5648.16015625,5545.56005859375,5648.16015625,0
2015-12-08,5535.580078125,5556.4501953125,5535.580078125,5549.39990234375,0
2015-12-09,5471.33984375,5565.31982421875,5456.419921875,5533.91015625,0
2015-12-10,5486.6298828125,5514.41015625,5462.77978515625,5470.56982421875,0
2015-12-11,5366.3798828125,5474.41015625,5355.22998046875,5474.41015625,0
2015-12-14,5329.64013671875,5380.43994140625,5295.75,5366.759765625,0
2015-12-15,5404.91015625,5413.3798828125,5335.52001953125,5335.52001953125,0
2015-12-16,5488.68017578125,5494.85986328125,5416.2998046875,5416.2998046875,0
2015-12-17,5423.93017578125,5500.56005859375,5423.8701171875,5490.06982421875,0
2015-12-18,5355.68994140625,5422.259765625,5353.0498046875,5422.259765625,0
2015-12-21,5387.89990234375,5400.580078125,5353.85009765625,5361.240234375,0
2015-12-22,5435.72998046875,5440.33984375,5368.75,5391.72998046875,0
2015-12-23,5508.7099609375,5509.169921875,5442.8701171875,5442.8701171875,0
2015-12-24,5518.0400390625,5541.68017578125,5502.97021484375,5508.43994140625,0
2015-12-28,5487.0400390625,5514.6298828125,5447.89990234375,5514.6298828125,0
2015-12-29,5548.990234375,5551.0,5492.669921875,5493.72021484375,0
2015-12-30,5497.39990234375,5548.75,5495.10009765625,5546.759765625,0
2015-12-31,5431.669921875,5495.919921875,5430.14990234375,5495.919921875,0
2016-01-04,5301.43994140625,5423.14990234375,5262.72998046875,5423.14990234375,0
2016-01-05,5310.27001953125,5320.919921875,5283.06005859375,5303.85986328125,0
2016-01-06,5233.64990234375,5305.81982421875,5206.8798828125,5305.81982421875,0
2016-01-07,5091.2099609375,5217.3701171875,5087.740234375,5217.3701171875,0
2016-01-08,5003.39013671875,5127.2001953125,4998.14990234375,5097.35986328125,0
2016-01-11,4982.83984375,5034.009765625,4933.9501953125,5005.509765625,0
2016-01-12,4996.25,5054.7099609375,4917.06005859375,4997.580078125,0
2016-01-13,4831.93994140625,5025.47998046875,4810.419921875,5001.9501953125,0
2016-01-14,4906.06005859375,4943.89990234375,4781.4501953125,4834.169921875,0
2016-01-15,4820.490234375,4897.9599609375,4706.93017578125,4897.9599609375,0
2016-01-19,4759.0498046875,4868.8798828125,4712.89013671875,4832.8798828125,0
2016-01-20,4780.60986328125,4825.419921875,4585.2900390625,4744.6298828125,0
2016-01-21,4771.27978515625,4853.3798828125,4746.31005859375,4781.72021484375,0
2016-01-22,4882.83984375,4888.47998046875,4783.06982421875,4783.06982421875,0
2016-01-25,4771.6298828125,4877.16015625,4765.27978515625,4877.16015625,0
2016-01-26,4870.2001953125,4877.5498046875,4775.56982421875,4775.56982421875,0
2016-01-27,4797.60986328125,4889.0,4778.759765625,4865.31982421875,0
2016-01-28,4800.330078125,4853.9599609375,4786.47021484375,4804.52001953125,0
2016-01-29,4954.0400390625,4954.0400390625,4801.580078125,4801.580078125,0
2016-02-01,4939.72998046875,4963.080078125,4883.2900390625,4945.18994140625,0
2016-02-02,4827.18017578125,4931.14013671875,4810.72998046875,4931.14013671875,0
2016-02-03,4834.52978515625,4866.2099609375,4733.81982421875,4830.72998046875,0
2016-02-04,4856.68017578125,4906.0498046875,4827.009765625,4833.4501953125,0
2016-02-05,4717.27978515625,4854.60009765625,4717.27978515625,4854.60009765625,0
2016-02-08,4639.8798828125,4701.2099609375,4574.64013671875,4701.2099609375,0
2016-02-09,4614.009765625,4667.81982421875,4581.419921875,4632.93017578125,0
2016-02-10,4612.5,4708.08984375,4611.72998046875,4622.25,0
2016-02-11,4566.6201171875,4591.39013671875,4515.77978515625,4591.39013671875,0
2016-02-12,4654.2998046875,4658.509765625,4574.60009765625,4574.60009765625,0
2016-02-16,4768.47021484375,4771.27978515625,4656.64990234375,4656.64990234375,0
2016-02-17,4842.2001953125,4866.83984375,4778.490234375,4778.490234375,0
2016-02-18,4811.580078125,4854.169921875,4800.580078125,4846.41015625,0
2016-02-19,4837.06982421875,4840.47998046875,4780.85009765625,4806.93017578125,0
2016-02-22,4893.2900390625,4910.259765625,4838.97021484375,4838.97021484375,0
2016-02-23,4847.5,4891.10009765625,4847.5,4891.10009765625,0
2016-02-24,4895.3798828125,4900.08984375,4773.85009765625,4837.990234375,0
2016-02-25,4941.52978515625,4941.52978515625,4888.27001953125,4900.25,0
2016-02-26,4969.27978515625,4981.3798828125,4942.4599609375,4942.4599609375,0
2016-02-29,4953.81982421875,5006.56982421875,4952.7001953125,4969.68017578125,0
2016-03-01,5052.580078125,5052.580078125,4961.669921875,4961.669921875,0
2016-03-02,5106.68017578125,5106.68994140625,5041.89990234375,5051.89990234375,0
2016-03-03,5156.669921875,5156.85009765625,5101.81982421875,5106.7900390625,0
2016-03-04,5185.08984375,5215.2998046875,5146.22998046875,5158.27978515625,0
2016-03-07,5243.89013671875,5245.60986328125,5166.2099609375,5182.22021484375,0
2016-03-08,5118.4599609375,5237.47998046875,5115.39990234375,5237.47998046875,0
2016-03-09,5142.43994140625,5149.330078125,5115.4501953125,5121.75,0
2016-03-10,5100.52001953125,5172.39013671875,5055.31982421875,5145.68994140625,0
2016-03-11,5214.68994140625,5216.18994140625,5111.85986328125,5111.85986328125,0
2016-03-14,5199.35986328125,5214.72998046875,5178.490234375,5212.39013671875,0
2016-03-15,5115.43017578125,5192.22998046875,5109.8798828125,5192.22998046875,0
2016-03-16,5153.43994140625,5163.0400390625,5101.419921875,5112.990234375,0
2016-03-17,5234.18017578125,5250.669921875,5131.72998046875,5153.35009765625,0
2016-03-18,5284.31005859375,5290.56982421875,5237.990234375,5237.990234375,0
2016-03-21,5269.5498046875,5293.77978515625,5257.93017578125,5283.3701171875,0
2016-03-22,5264.0498046875,5280.47998046875,5228.85009765625,5260.89013671875,0
2016-03-23,5160.5498046875,5262.9599609375,5160.5498046875,5262.9599609375,0
2016-03-24,5179.06005859375,5179.06982421875,5112.31005859375,5155.83984375,0
2016-03-28,5182.5400390625,5202.8701171875,5150.06005859375,5181.14990234375,0
2016-03-29,5323.93017578125,5324.5498046875,5162.490234375,5183.52978515625,0
2016-03-30,5331.419921875,5364.56982421875,5318.419921875,5330.22021484375,0
2016-03-31,5349.18994140625,5367.240234375,5327.60986328125,5331.93017578125,0
2016-04-01,5366.81005859375,5370.2099609375,5292.06005859375,5343.85009765625,0
2016-04-04,5323.14013671875,5375.33984375,5321.35986328125,5367.06005859375,0
2016-04-05,5262.2998046875,5312.06982421875,5259.3798828125,5312.06982421875,0
2016-04-06,5324.85009765625,5325.830078125,5254.85009765625,5263.25,0
2016-04-07,5247.9501953125,5320.509765625,5227.669921875,5320.509765625,0
2016-04-08,5269.8798828125,5311.85009765625,5252.85986328125,5253.2998046875,0
2016-04-11,5255.64990234375,5332.93017578125,5255.490234375,5273.0400390625,0
2016-04-12,5310.419921875,5318.330078125,5242.89013671875,5256.39013671875,0
2016-04-13,5427.2099609375,5427.2099609375,5314.6298828125,5314.6298828125,0
2016-04-14,5420.919921875,5437.75,5404.2900390625,5428.06982421875,0
2016-04-15,5432.1298828125,5437.97998046875,5403.97021484375,5418.47998046875,0
2016-04-18,5472.330078125,5473.31005859375,5404.490234375,5426.39990234375,0
2016-04-19,5476.9599609375,5507.06005859375,5455.89990234375,5475.0400390625,0
2016-04-20,5486.97021484375,5513.0400390625,5463.080078125,5476.60009765625,0
2016-04-21,5455.93017578125,5498.06005859375,5444.72021484375,5487.64990234375,0
2016-04-22,5508.39013671875,5511.85009765625,5454.68017578125,5455.419921875,0
2016-04-25,5467.18017578125,5506.3701171875,5451.58984375,5506.3701171875,0
2016-04-26,5527.8701171875,5528.330078125,5470.10009765625,5470.10009765625,0
2016-04-27,5544.669921875,5553.89990234375,5504.7998046875,5529.18017578125,0
2016-04-28,5478.97998046875,5551.75,5470.81005859375,5540.02978515625,0
2016-04-29,5433.14013671875,5477.64990234375,5401.52978515625,5477.64990234375,0
2016-05-02,5481.5498046875,5481.56982421875,5425.43994140625,5434.89990234375,0
2016-05-03,5389.64990234375,5471.8701171875,5364.5498046875,5471.8701171875,0
2016-05-04,5348.5400390625,5399.25,5335.3701171875,5387.1201171875,0
2016-05-05,5323.9599609375,5374.080078125,5322.47021484375,5354.72021484375,0
2016-05-06,5356.830078125,5357.080078125,5293.64990234375,5323.56982421875,0
2016-05-09,5374.259765625,5400.22021484375,5349.39990234375,5357.2998046875,0
2016-05-10,5425.490234375,5426.4599609375,5373.1298828125,5376.9599609375,0
2016-05-11,5358.25,5424.22021484375,5357.64013671875,5424.22021484375,0
2016-05-12,5329.759765625,5384.02001953125,5294.47998046875,5359.91015625,0
2016-05-13,5300.22998046875,5350.830078125,5285.7998046875,5328.75,0
2016-05-16,5366.85009765625,5383.52001953125,5304.43017578125,5304.43017578125,0
2016-05-17,5277.9501953125,5377.31982421875,5260.56005859375,5363.22998046875,0
2016-05-18,5303.740234375,5341.14013671875,5260.43017578125,5276.02978515625,0
2016-05-19,5264.6201171875,5307.64013671875,5222.14990234375,5297.85009765625,0
2016-05-20,5348.9501953125,5349.18017578125,5264.64990234375,5266.669921875,0
2016-05-23,5344.669921875,5373.31005859375,5342.27978515625,5349.990234375,0
2016-05-24,5460.02978515625,5464.75,5350.39990234375,5350.39990234375,0
2016-05-25,5487.77001953125,5496.52978515625,5465.3701171875,5465.3701171875,0
2016-05-26,5482.22998046875,5498.75,5471.830078125,5488.7099609375,0
2016-05-27,5534.52001953125,5534.52001953125,5484.14990234375,5484.14990234375,0
2016-05-31,5555.52978515625,5575.60986328125,5534.1298828125,5535.35986328125,0
2016-06-01,5595.52001953125,5597.3798828125,5526.02978515625,5554.4501953125,0
2016-06-02,5632.06982421875,5632.9501953125,5578.080078125,5594.31982421875,0
2016-06-03,5601.169921875,5631.259765625,5561.259765625,5631.259765625,0
2016-06-06,5662.8798828125,5674.75,5599.39990234375,5602.2099609375,0
2016-06-07,5677.85009765625,5696.02978515625,5654.169921875,5664.47021484375,0
2016-06-08,5721.77978515625,5727.64013671875,5679.64013671875,5679.64013671875,0
2016-06-09,5684.72021484375,5718.5498046875,5668.6201171875,5718.5498046875,0
2016-06-10,5601.740234375,5671.2900390625,5588.9501953125,5671.2900390625,0
2016-06-13,5539.419921875,5607.77001953125,5533.56005859375,5596.35986328125,0
2016-06-14,5526.0400390625,5552.02001953125,5494.31982421875,5534.5400390625,0
2016-06-15,5533.60009765625,5575.2998046875,5527.740234375,5527.740234375,0
2016-06-16,5528.56982421875,5531.7900390625,5455.919921875,5526.97998046875,0
2016-06-17,5511.7900390625,5545.4599609375,5496.31982421875,5532.31005859375,0
2016-06-20,5574.669921875,5620.02001953125,5520.22021484375,5520.22021484375,0
2016-06-21,5556.419921875,5580.39990234375,5527.0498046875,5576.8701171875,0
2016-06-22,5533.14013671875,5592.41015625,5531.830078125,5558.10009765625,0
2016-06-23,5645.5,5645.5,5545.77001953125,5545.77001953125,0
2016-06-24,5430.41015625,5600.81982421875,5410.89990234375,5600.81982421875,0
2016-06-27,5247.93994140625,5412.4599609375,5229.81982421875,5412.4599609375,0
2016-06-28,5336.25,5351.68017578125,5263.39990234375,5263.39990234375,0
2016-06-29,5453.91015625,5458.740234375,5353.52978515625,5353.52978515625,0
2016-06-30,5552.02001953125,5552.5400390625,5441.10009765625,5456.7001953125,0
2016-07-01,5575.60986328125,5596.25,5549.009765625,5551.43017578125,0
2016-07-05,5492.77978515625,5569.9599609375,5464.7099609375,5569.9599609375,0
2016-07-06,5531.080078125,5533.85986328125,5455.77978515625,5490.52001953125,0
2016-07-07,5542.990234375,5577.39013671875,5512.4599609375,5532.75,0
2016-07-08,5676.14013671875,5679.7998046875,5555.02978515625,5555.02978515625,0
2016-07-11,5737.2900390625,5746.9501953125,5685.009765625,5685.009765625,0
2016-07-12,5813.91015625,5842.27978515625,5746.85009765625,5746.85009765625,0
2016-07-13,5791.6201171875,5836.06982421875,5775.759765625,5819.080078125,0
2016-07-14,5796.5498046875,5833.89013671875,5795.27001953125,5802.27001953125,0
2016-07-15,5811.68994140625,5825.81005859375,5794.14990234375,5803.06982421875,0
2016-07-18,5824.25,5837.419921875,5798.1201171875,5811.60986328125,0
2016-07-19,5788.2998046875,5821.080078125,5780.27001953125,5821.080078125,0
2016-07-20,5833.5,5844.75,5778.7900390625,5793.39990234375,0
2016-07-21,5805.259765625,5851.830078125,5793.419921875,5832.77001953125,0
2016-07-22,5848.81982421875,5854.9599609375,5797.39990234375,5806.509765625,0
2016-07-25,5834.08984375,5848.669921875,5821.4501953125,5848.669921875,0
2016-07-26,5868.0400390625,5869.330078125,5828.97021484375,5832.58984375,0
2016-07-27,5878.25,5894.330078125,5848.83984375,5871.18017578125,0
2016-07-28,5870.83984375,5881.259765625,5856.06982421875,5877.6298828125,0
2016-07-29,5883.52001953125,5906.81005859375,5836.77001953125,5869.75,0
2016-08-01,5879.64990234375,5905.39013671875,5858.02001953125,5885.2998046875,0
2016-08-02,5798.93994140625,5879.4599609375,5785.68017578125,5879.27001953125,0
2016-08-03,5849.35009765625,5849.41015625,5781.85009765625,5797.0,0
2016-08-04,5855.009765625,5880.740234375,5846.43994140625,5850.2900390625,0
2016-08-05,5939.75,5947.31005859375,5864.47998046875,5864.47998046875,0
2016-08-08,5936.1298828125,5962.0,5928.72998046875,5940.43994140625,0
2016-08-09,5942.6298828125,5950.08984375,5931.490234375,5936.759765625,0
2016-08-10,5902.10986328125,5948.22998046875,5889.919921875,5942.77001953125,0
2016-08-11,5931.2001953125,5940.2900390625,5905.2900390625,5906.52001953125,0
2016-08-12,5934.77978515625,5943.60986328125,5911.7001953125,5930.10009765625,0
2016-08-15,5993.2900390625,6002.77001953125,5938.60986328125,5938.60986328125,0
2016-08-16,5941.81005859375,5992.740234375,5939.919921875,5992.740234375,0
2016-08-17,5925.58984375,5941.509765625,5896.830078125,5941.509765625,0
2016-08-18,5970.10986328125,5970.10986328125,5924.60009765625,5924.60009765625,0
2016-08-19,5970.02001953125,5973.009765625,5945.85009765625,5968.64990234375,0
2016-08-22,5984.5400390625,5984.5400390625,5947.14990234375,5969.35986328125,0
2016-08-23,6027.35986328125,6040.6201171875,5988.85009765625,5988.85009765625,0
2016-08-24,5972.89013671875,6029.16015625,5964.31005859375,6027.080078125,0
2016-08-25,5986.27978515625,6002.16015625,5959.27978515625,5968.89013671875,0
2016-08-26,5976.830078125,6035.47021484375,5944.169921875,5986.990234375,0
2016-08-29,6010.56982421875,6026.39990234375,5978.580078125,5978.580078125,0
2016-08-30,6016.72998046875,6028.33984375,5995.06982421875,6012.1201171875,0
2016-08-31,5987.56005859375,6015.22998046875,5954.7998046875,6015.22998046875,0
2016-09-01,5987.259765625,5998.2998046875,5934.02978515625,5988.5400390625,0
2016-09-02,6045.5498046875,6045.5498046875,5995.330078125,5995.330078125,0
2016-09-06,6053.2099609375,6058.22998046875,6019.83984375,6048.759765625,0
2016-09-07,6090.72021484375,6091.25,6049.169921875,6053.080078125,0
2016-09-08,6078.31005859375,6088.5400390625,6061.77001953125,6088.5400390625,0
2016-09-09,5889.240234375,6068.419921875,5889.18017578125,6068.419921875,0
2016-09-12,5970.009765625,5970.02001953125,5853.06005859375,5886.72021484375,0
2016-09-13,5857.81005859375,5965.2099609375,5827.6298828125,5965.2099609375,0
2016-09-14,5854.77001953125,5895.06005859375,5845.68994140625,5860.0498046875,0
2016-09-15,5929.64990234375,5931.259765625,5852.72998046875,5856.91015625,0
2016-09-16,5919.1201171875,5930.31005859375,5887.7001953125,5929.64013671875,0
2016-09-19,5956.68994140625,5992.7001953125,5923.41015625,5923.41015625,0
2016-09-20,5936.60986328125,5984.5400390625,5935.6298828125,5960.330078125,0
2016-09-21,6017.56982421875,6018.56005859375,5935.81982421875,5943.02978515625,0
2016-09-22,6106.740234375,6106.83984375,6024.5498046875,6024.5498046875,0
2016-09-23,6064.2998046875,6104.490234375,6064.009765625,6104.490234375,0
2016-09-26,5998.18994140625,6061.06982421875,5997.3798828125,6061.06982421875,0
2016-09-27,6024.52978515625,6028.10986328125,5985.5400390625,5998.06005859375,0
2016-09-28,6072.8798828125,6074.22021484375,6000.009765625,6029.5498046875,0
2016-09-29,5986.93017578125,6073.2001953125,5982.6298828125,6073.2001953125,0
2016-09-30,6054.25,6073.89990234375,5988.52001953125,5997.580078125,0
2016-10-03,6026.14990234375,6052.7099609375,6002.8701171875,6052.7099609375,0
2016-10-04,5997.3798828125,6046.5,5977.89013671875,6027.58984375,0
2016-10-05,6039.6298828125,6067.2900390625,6001.64013671875,6001.64013671875,0
2016-10-06,6029.60986328125,6037.02001953125,5986.91015625,6037.02001953125,0
2016-10-07,5982.83984375,6036.14013671875,5957.6201171875,6030.2900390625,0
2016-10-10,6051.56982421875,6066.2998046875,5995.66015625,5995.66015625,0
2016-10-11,5939.60986328125,6047.68994140625,5915.14013671875,6047.68994140625,0
2016-10-12,5938.16015625,5964.18994140625,5923.97021484375,5940.2998046875,0
2016-10-13,5882.740234375,5928.18994140625,5851.64013671875,5928.18994140625,0
2016-10-14,5866.60986328125,5932.41015625,5865.89013671875,5891.89013671875,0
2016-10-17,5855.64013671875,5881.2099609375,5854.14013671875,5866.68017578125,0
2016-10-18,5890.2998046875,5914.02978515625,5861.25,5861.25,0
2016-10-19,5916.580078125,5934.52001953125,5875.0,5890.919921875,0
2016-10-20,5902.89990234375,5916.56982421875,5870.85009765625,5913.5498046875,0
2016-10-21,5894.81005859375,5904.16015625,5850.72998046875,5893.81982421875,0
2016-10-24,5935.22998046875,5961.740234375,5902.7099609375,5902.7099609375,0
2016-10-25,5885.2900390625,5933.9599609375,5879.02978515625,5932.669921875,0
2016-10-26,5830.43017578125,5885.259765625,5822.5400390625,5877.580078125,0
2016-10-27,5759.39013671875,5847.64990234375,5753.60986328125,5835.83984375,0
2016-10-28,5748.14013671875,5789.89013671875,5737.830078125,5760.009765625,0
2016-10-31,5766.43017578125,5774.14013671875,5736.31982421875,5749.419921875,0
2016-11-01,5701.490234375,5781.5400390625,5667.259765625,5768.41015625,0
2016-11-02,5627.1298828125,5700.93017578125,5623.8701171875,5700.93017578125,0
2016-11-03,5600.39990234375,5654.85009765625,5596.52001953125,5637.1298828125,0
2016-11-04,5632.35986328125,5687.25,5600.81005859375,5602.10009765625,0
2016-11-07,5772.35009765625,5777.8701171875,5638.35986328125,5638.35986328125,0
2016-11-08,5787.10009765625,5811.64990234375,5737.22998046875,5772.06005859375,0
2016-11-09,5966.759765625,5974.02978515625,5755.02001953125,5783.6201171875,0
2016-11-10,6061.66015625,6094.9501953125,5976.33984375,5985.25,0
2016-11-11,6210.669921875,6212.830078125,6057.89013671875,6061.22021484375,0
2016-11-14,6289.64990234375,6328.22998046875,6214.259765625,6214.259765625,0
2016-11-15,6307.06982421875,6317.919921875,6250.41015625,6289.5,0
2016-11-16,6308.08984375,6321.5498046875,6278.580078125,6300.7900390625,0
2016-11-17,6343.68994140625,6360.990234375,6311.6201171875,6311.6201171875,0
2016-11-18,6373.68017578125,6376.4501953125,6338.77001953125,6345.06005859375,0
2016-11-21,6405.9501953125,6413.14990234375,6364.47021484375,6382.56982421875,0
2016-11-22,6464.85986328125,6467.22998046875,6407.27978515625,6407.27978515625,0
2016-11-23,6502.580078125,6503.83984375,6429.2001953125,6462.22021484375,0
2016-11-25,6527.39990234375,6527.41015625,6495.72021484375,6503.18017578125,0
2016-11-28,6443.9501953125,6526.56982421875,6437.91015625,6526.56982421875,0
2016-11-29,6437.16015625,6472.14990234375,6431.33984375,6445.330078125,0
2016-11-30,6409.4599609375,6482.10986328125,6402.75,6445.43017578125,0
2016-12-01,6368.47021484375,6455.3701171875,6344.4599609375,6411.89013671875,0
2016-12-02,6370.77001953125,6395.490234375,6357.52978515625,6367.5,0
2016-12-05,6485.02978515625,6487.169921875,6374.47998046875,6374.47998046875,0
2016-12-06,6557.6201171875,6561.990234375,6468.580078125,6486.77978515625,0
2016-12-07,6615.60009765625,6625.77978515625,6534.81005859375,6555.47021484375,0
2016-12-08,6721.89990234375,6722.2900390625,6611.97998046875,6615.52001953125,0
2016-12-09,6730.27001953125,6752.77001953125,6706.830078125,6723.43994140625,0
2016-12-12,6658.14990234375,6732.77001953125,6646.740234375,6729.10009765625,0
2016-12-13,6661.27978515625,6704.47998046875,6634.06982421875,6660.35986328125,0
2016-12-14,6577.14990234375,6666.93017578125,6567.68994140625,6655.0,0
2016-12-15,6627.7998046875,6668.60009765625,6569.85009765625,6579.4501953125,0
2016-12-16,6617.14990234375,6689.14013671875,6606.89013671875,6630.43017578125,0
2016-12-19,6653.75,6672.7001953125,6620.2900390625,6620.2900390625,0
2016-12-20,6713.52001953125,6718.85009765625,6655.8798828125,6655.8798828125,0
2016-12-21,6671.2099609375,6715.68017578125,6671.2099609375,6712.16015625,0
2016-12-22,6610.89990234375,6672.990234375,6599.22998046875,6670.5498046875,0
2016-12-23,6653.89013671875,6653.89013671875,6610.4599609375,6610.7998046875,0
2016-12-27,6684.009765625,6704.72021484375,6654.31005859375,6654.31005859375,0
2016-12-28,6606.60986328125,6696.080078125,6598.830078125,6688.89013671875,0
2016-12-29,6618.3798828125,6639.10986328125,6590.2998046875,6607.4501953125,0
2016-12-30,6589.0498046875,6627.169921875,6573.47021484375,6620.41015625,0
2017-01-03,6629.9501953125,6676.52978515625,6580.93017578125,6593.509765625,0
2017-01-04,6739.33984375,6742.47021484375,6636.14990234375,6636.14990234375,0
2017-01-05,6661.6298828125,6738.2001953125,6635.58984375,6738.2001953125,0
2017-01-06,6639.2099609375,6677.0,6636.9501953125,6664.490234375,0
2017-01-09,6591.91015625,6638.72998046875,6587.31005859375,6638.72998046875,0
2017-01-10,6657.0498046875,6659.9501953125,6593.14013671875,6593.14013671875,0
2017-01-11,6669.2001953125,6680.080078125,6629.580078125,6657.5,0
2017-01-12,6609.97998046875,6667.14990234375,6540.77001953125,6667.14990234375,0
2017-01-13,6663.4501953125,6683.490234375,6611.64990234375,6611.64990234375,0
2017-01-17,6567.66015625,6660.85009765625,6563.669921875,6660.85009765625,0
2017-01-18,6598.10009765625,6599.47021484375,6560.490234375,6569.83984375,0
2017-01-19,6536.22998046875,6609.14013671875,6518.72998046875,6599.77001953125,0
2017-01-20,6565.8798828125,6582.22021484375,6537.27978515625,6537.27978515625,0
2017-01-23,6546.41015625,6572.10986328125,6515.4599609375,6563.77978515625,0
2017-01-24,6650.25,6658.7998046875,6547.7900390625,6547.7900390625,0
2017-01-25,6714.56005859375,6719.02978515625,6659.5400390625,6659.5400390625,0
2017-01-26,6681.4501953125,6722.919921875,6676.72021484375,6714.64013671875,0
2017-01-27,6657.9599609375,6683.35009765625,6636.83984375,6682.1201171875,0
2017-01-30,6568.830078125,6652.18017578125,6521.830078125,6652.18017578125,0
2017-01-31,6615.0400390625,6623.64990234375,6536.5,6565.9599609375,0
2017-02-01,6612.39013671875,6675.35009765625,6594.25,6626.2001953125,0
2017-02-02,6594.43017578125,6626.81005859375,6581.93994140625,6609.52001953125,0
2017-02-03,6693.7099609375,6694.14013671875,6597.56982421875,6597.56982421875,0
2017-02-06,6639.7001953125,6691.5498046875,6629.81982421875,6691.5498046875,0
2017-02-07,6612.91015625,6665.4599609375,6596.1201171875,6640.91015625,0
2017-02-08,6602.14990234375,6610.5498046875,6556.91015625,6610.5498046875,0
2017-02-09,6698.41015625,6704.240234375,6605.0,6605.0,0
2017-02-10,6749.0400390625,6760.3798828125,6706.419921875,6706.419921875,0
2017-02-13,6766.9599609375,6797.2001953125,6755.10009765625,6757.39013671875,0
2017-02-14,6787.77978515625,6790.14990234375,6737.72021484375,6764.2001953125,0
2017-02-15,6825.08984375,6829.9501953125,6765.9599609375,6786.83984375,0
2017-02-16,6800.580078125,6828.33984375,6765.25,6822.27978515625,0
2017-02-17,6804.18994140625,6804.18994140625,6769.240234375,6800.35009765625,0
2017-02-21,6855.2998046875,6855.5498046875,6808.25,6808.25,0
2017-02-22,6824.0498046875,6854.43017578125,6811.66015625,6854.43017578125,0
2017-02-23,6779.52001953125,6837.5498046875,6735.830078125,6826.97021484375,0
2017-02-24,6779.60009765625,6779.60009765625,6719.740234375,6775.18017578125,0
2017-02-27,6845.9599609375,6845.9599609375,6769.5,6780.60009765625,0
2017-02-28,6742.7001953125,6840.83984375,6741.9599609375,6840.83984375,0
2017-03-01,6874.240234375,6880.02001953125,6755.009765625,6755.009765625,0
2017-03-02,6787.22021484375,6872.2900390625,6784.72021484375,6872.2900390625,0
2017-03-03,6780.080078125,6804.14990234375,6750.1298828125,6787.009765625,0
2017-03-06,6732.47998046875,6771.830078125,6704.2998046875,6771.830078125,0
2017-03-07,6687.08984375,6729.830078125,6683.7900390625,6728.169921875,0
2017-03-08,6645.02978515625,6722.47021484375,6644.06982421875,6691.830078125,0
2017-03-09,6616.52978515625,6669.64990234375,6603.2099609375,6646.27001953125,0
2017-03-10,6641.7998046875,6660.22998046875,6600.080078125,6621.77978515625,0
2017-03-13,6667.60986328125,6682.06005859375,6642.1298828125,6642.68994140625,0
2017-03-14,6629.77978515625,6662.7998046875,6586.41015625,6662.7998046875,0
2017-03-15,6729.9501953125,6743.8701171875,6635.2099609375,6635.2099609375,0
2017-03-16,6746.080078125,6764.3798828125,6728.75,6735.02978515625,0
2017-03-17,6772.93017578125,6780.990234375,6720.18994140625,6742.509765625,0
2017-03-20,6737.009765625,6772.97021484375,6722.52001953125,6772.8701171875,0
2017-03-21,6554.47021484375,6766.9501953125,6551.93994140625,6744.240234375,0
2017-03-22,6549.97021484375,6564.77978515625,6499.4599609375,6552.93994140625,0
2017-03-23,6588.990234375,6626.919921875,6539.64990234375,6550.02001953125,0
2017-03-24,6594.97021484375,6634.6201171875,6568.35009765625,6594.3701171875,0
2017-03-27,6608.10986328125,6617.89990234375,6499.6298828125,6585.6201171875,0
2017-03-28,6656.7099609375,6660.02978515625,6585.0,6605.31982421875,0
2017-03-29,6681.2900390625,6688.52978515625,6640.89990234375,6657.1298828125,0
2017-03-30,6734.080078125,6736.9501953125,6683.6298828125,6683.6298828125,0
2017-03-31,6751.52978515625,6771.18017578125,6723.2900390625,6733.39013671875,0
2017-04-03,6672.759765625,6765.68017578125,6657.4599609375,6754.41015625,0
2017-04-04,6665.669921875,6694.2998046875,6641.89990234375,6667.64990234375,0
2017-04-05,6587.77001953125,6730.0,6581.990234375,6673.740234375,0
2017-04-06,6647.93994140625,6648.3798828125,6574.43017578125,6587.2001953125,0
2017-04-07,6648.740234375,6663.06005859375,6616.81005859375,6645.2099609375,0
2017-04-10,6661.08984375,6707.259765625,6634.08984375,6649.77001953125,0
2017-04-11,6709.77001953125,6711.14013671875,6629.830078125,6658.72021484375,0
2017-04-12,6623.39013671875,6709.47021484375,6618.27978515625,6709.47021484375,0
2017-04-13,6555.41015625,6633.77001953125,6555.41015625,6620.52978515625,0
2017-04-17,6633.06982421875,6633.43017578125,6556.0,6556.0,0
2017-04-18,6636.60986328125,6639.5,6585.580078125,6626.83984375,0
2017-04-19,6662.509765625,6709.06005859375,6639.0400390625,6639.0400390625,0
2017-04-20,6745.43017578125,6747.5498046875,6668.6298828125,6668.6298828125,0
2017-04-21,6724.52978515625,6745.47021484375,6707.5498046875,6745.47021484375,0
2017-04-24,6812.830078125,6822.64990234375,6727.9599609375,6727.9599609375,0
2017-04-25,6876.8701171875,6898.68994140625,6823.3798828125,6823.3798828125,0
2017-04-26,6917.919921875,6948.47021484375,6871.1201171875,6877.06005859375,0
2017-04-27,6906.8701171875,6938.009765625,6890.08984375,6918.7900390625,0
2017-04-28,6825.56982421875,6917.10009765625,6822.240234375,6909.97021484375,0
2017-05-01,6859.41015625,6877.35009765625,6809.2900390625,6828.43994140625,0
2017-05-02,6820.5498046875,6867.759765625,6802.35986328125,6860.41015625,0
2017-05-03,6779.81005859375,6819.7998046875,6757.39990234375,6819.7998046875,0
2017-05-04,6770.2900390625,6796.18017578125,6729.56005859375,6781.6201171875,0
2017-05-05,6810.27001953125,6811.2998046875,6752.75,6772.2998046875,0
2017-05-08,6784.81982421875,6813.0498046875,6759.39013671875,6808.009765625,0
2017-05-09,6786.06982421875,6803.72998046875,6761.0498046875,6788.240234375,0
2017-05-10,6824.14990234375,6830.08984375,6779.5400390625,6787.2900390625,0
2017-05-11,6779.259765625,6823.18017578125,6725.3798828125,6823.18017578125,0
2017-05-12,6743.3701171875,6775.669921875,6729.97998046875,6775.669921875,0
2017-05-15,6797.9599609375,6822.66015625,6746.02001953125,6746.02001953125,0
2017-05-16,6802.14990234375,6810.2998046875,6754.06005859375,6801.6201171875,0
2017-05-17,6613.60009765625,6771.68017578125,6613.3798828125,6771.68017578125,0
2017-05-18,6639.22998046875,6658.41015625,6590.14990234375,6609.22998046875,0
2017-05-19,6669.8701171875,6704.47021484375,6641.56005859375,6641.56005859375,0
2017-05-22,6717.77978515625,6723.43017578125,6672.60986328125,6672.60986328125,0
2017-05-23,6736.81982421875,6747.06005859375,6693.240234375,6723.419921875,0
2017-05-24,6744.5,6761.89013671875,6715.4501953125,6737.91015625,0
2017-05-25,6748.85986328125,6788.0498046875,6733.919921875,6755.7900390625,0
2017-05-26,6743.75,6750.740234375,6714.009765625,6748.14013671875,0
2017-05-30,6691.02978515625,6739.7099609375,6689.8798828125,6739.7099609375,0
2017-05-31,6686.7099609375,6707.330078125,6611.7900390625,6696.43017578125,0
2017-06-01,6813.14990234375,6813.81005859375,6687.58984375,6687.58984375,0
2017-06-02,6858.85986328125,6905.56982421875,6813.25,6813.4501953125,0
2017-06-05,6815.58984375,6857.97998046875,6815.56005859375,6857.97998046875,0
2017-06-06,6808.18017578125,6841.7900390625,6768.18994140625,6808.93017578125,0
2017-06-07,6817.39013671875,6835.60986328125,6795.52978515625,6811.7998046875,0
2017-06-08,6910.14990234375,6928.22021484375,6808.02978515625,6818.240234375,0
2017-06-09,6939.97021484375,6998.9501953125,6900.4599609375,6912.85986328125,0
2017-06-12,6928.009765625,6961.64013671875,6910.31982421875,6937.240234375,0
2017-06-13,6962.85986328125,6970.52001953125,6933.93994140625,6933.93994140625,0
2017-06-14,6922.72021484375,6964.490234375,6892.56005859375,6964.0,0
2017-06-15,6886.5400390625,6912.830078125,6849.60009765625,6912.830078125,0
2017-06-16,6870.5,6872.8798828125,6834.02001953125,6872.8798828125,0
2017-06-19,6925.990234375,6936.2900390625,6872.2001953125,6872.2001953125,0
2017-06-20,6852.3798828125,6924.64013671875,6851.52001953125,6924.64013671875,0
2017-06-21,6834.35986328125,6896.0400390625,6830.5,6854.27001953125,0
2017-06-22,6860.41015625,6878.97021484375,6822.9501953125,6835.14013671875,0
2017-06-23,6910.6201171875,6915.47021484375,6851.97998046875,6861.77001953125,0
2017-06-26,6919.759765625,6939.919921875,6883.2001953125,6912.330078125,0
2017-06-27,6855.81982421875,6939.27001953125,6855.10986328125,6918.490234375,0
2017-06-28,6965.580078125,6970.7900390625,6863.9599609375,6863.9599609375,0
2017-06-29,6921.919921875,6979.75,6857.490234375,6967.2998046875,0
2017-06-30,6917.85986328125,6945.3798828125,6907.72998046875,6924.5400390625,0
2017-07-03,6973.64013671875,6986.77001953125,6923.72021484375,6923.72021484375,0
2017-07-05,6941.93017578125,6973.16015625,6905.16015625,6973.16015625,0
2017-07-06,6847.68017578125,6935.8701171875,6837.97998046875,6935.8701171875,0
2017-07-07,6921.33984375,6925.4599609375,6850.5400390625,6850.5400390625,0
2017-07-10,6885.490234375,6932.31005859375,6872.169921875,6918.75,0
2017-07-11,6908.0,6910.06005859375,6857.02001953125,6886.27001953125,0
2017-07-12,6963.4599609375,6997.77978515625,6914.669921875,6914.669921875,0
2017-07-13,6970.16015625,6970.5400390625,6924.259765625,6964.64013671875,0
2017-07-14,6985.6298828125,7005.93017578125,6962.56005859375,6969.2900390625,0
2017-07-17,6999.27001953125,7013.18994140625,6971.740234375,6985.47998046875,0
2017-07-18,6979.77001953125,6996.85986328125,6954.740234375,6996.85986328125,0
2017-07-19,7049.419921875,7049.419921875,6983.4501953125,6983.4501953125,0
2017-07-20,7052.5498046875,7065.77978515625,7035.97021484375,7051.58984375,0
2017-07-21,7020.72021484375,7099.97998046875,7010.91015625,7057.56982421875,0
2017-07-24,7031.56005859375,7034.2099609375,6998.75,7020.64990234375,0
2017-07-25,7091.93994140625,7100.27978515625,7035.58984375,7035.58984375,0
2017-07-26,7052.3701171875,7100.009765625,7047.35986328125,7092.93994140625,0
2017-07-27,7010.47998046875,7074.06982421875,6981.47998046875,7052.72021484375,0
2017-07-28,6989.22021484375,7005.52978515625,6972.31005859375,7005.52978515625,0
2017-07-31,6969.25,7005.0400390625,6947.31982421875,6990.3798828125,0
2017-08-01,6985.02978515625,6996.4501953125,6948.31982421875,6973.7900390625,0
2017-08-02,6909.81005859375,6983.77001953125,6888.35986328125,6983.77001953125,0
2017-08-03,6872.81982421875,6919.259765625,6858.93017578125,6911.25,0
2017-08-04,6907.7001953125,6911.240234375,6872.56982421875,6872.56982421875,0
2017-08-07,6917.06982421875,6932.97998046875,6889.93994140625,6908.43994140625,0
2017-08-08,6897.6201171875,6976.56005859375,6885.02001953125,6916.10009765625,0
2017-08-09,6833.5498046875,6896.2900390625,6815.419921875,6896.2900390625,0
2017-08-10,6714.56982421875,6832.22021484375,6714.56982421875,6832.22021484375,0
2017-08-11,6723.60009765625,6734.06982421875,6694.740234375,6713.97998046875,0
2017-08-14,6822.14990234375,6823.2099609375,6728.330078125,6728.330078125,0
2017-08-15,6768.2099609375,6830.0498046875,6766.81005859375,6824.2900390625,0
2017-08-16,6770.41015625,6810.25,6762.419921875,6773.5498046875,0
2017-08-17,6650.43017578125,6776.68017578125,6649.75,6768.509765625,0
2017-08-18,6645.02978515625,6667.2900390625,6603.72998046875,6641.2099609375,0
2017-08-21,6640.77978515625,6646.580078125,6612.85986328125,6644.85009765625,0
2017-08-22,6712.47998046875,6716.3701171875,6645.669921875,6645.669921875,0
2017-08-23,6703.9599609375,6721.27001953125,6671.81005859375,6708.56982421875,0
2017-08-24,6724.35009765625,6739.89990234375,6706.14990234375,6706.14990234375,0
2017-08-25,6741.89990234375,6757.2900390625,6722.7001953125,6726.8798828125,0
2017-08-28,6765.41015625,6766.8701171875,6740.1201171875,6743.52001953125,0
2017-08-29,6773.0,6780.41015625,6714.85986328125,6761.41015625,0
2017-08-30,6812.0498046875,6819.1298828125,6762.5,6772.330078125,0
2017-08-31,6880.58984375,6886.31005859375,6815.7900390625,6815.7900390625,0
2017-09-01,6921.35986328125,6922.7998046875,6883.43994140625,6883.43994140625,0
2017-09-05,6853.22998046875,6926.14013671875,6828.02001953125,6920.06005859375,0
2017-09-06,6865.85986328125,6884.580078125,6851.5400390625,6855.14013671875,0
2017-09-07,6849.35009765625,6876.93017578125,6825.89990234375,6867.8701171875,0
2017-09-08,6853.5400390625,6873.6201171875,6829.080078125,6847.47021484375,0
2017-09-11,6929.0498046875,6933.56005859375,6859.169921875,6859.169921875,0
2017-09-12,6971.56005859375,6973.830078125,6930.990234375,6931.7900390625,0
2017-09-13,6988.5400390625,6997.60009765625,6963.97021484375,6970.919921875,0
2017-09-14,6981.47998046875,6995.68994140625,6964.89013671875,6989.06005859375,0
2017-09-15,7014.47998046875,7015.85009765625,6968.10009765625,6983.2998046875,0
2017-09-18,7060.47998046875,7076.08984375,7014.75,7014.75,0
2017-09-19,7057.39990234375,7068.0498046875,7047.0498046875,7061.22021484375,0
2017-09-20,7082.1201171875,7087.2998046875,7055.56005859375,7057.89013671875,0
2017-09-21,7076.3798828125,7099.2099609375,7064.14013671875,7081.35009765625,0
2017-09-22,7109.08984375,7112.64990234375,7065.39990234375,7073.27001953125,0
2017-09-25,7114.8798828125,7130.85986328125,7080.89013671875,7108.39990234375,0
2017-09-26,7139.1298828125,7159.16015625,7116.52978515625,7116.52978515625,0
2017-09-27,7276.240234375,7291.60986328125,7141.27001953125,7141.27001953125,0
2017-09-28,7298.9501953125,7301.72998046875,7247.06982421875,7279.43017578125,0
2017-09-29,7310.0,7323.2099609375,7299.8701171875,7299.8701171875,0
2017-10-02,7401.60009765625,7401.6201171875,7311.2900390625,7311.2900390625,0
2017-10-03,7413.919921875,7415.35009765625,7372.5,7403.97998046875,0
2017-10-04,7393.490234375,7427.85986328125,7380.2900390625,7414.27001953125,0
2017-10-05,7415.06005859375,7429.06005859375,7396.669921875,7396.669921875,0
2017-10-06,7406.169921875,7412.009765625,7387.5,7412.009765625,0
2017-10-09,7373.52978515625,7421.27978515625,7364.759765625,7407.1201171875,0
2017-10-10,7395.56005859375,7411.8701171875,7375.52001953125,7376.4501953125,0
2017-10-11,7390.2900390625,7408.39990234375,7381.56005859375,7395.10009765625,0
2017-10-12,7382.169921875,7398.2099609375,7362.419921875,7388.5,0
2017-10-13,7369.93017578125,7397.2099609375,7367.81005859375,7383.68994140625,0
2017-10-16,7370.1298828125,7412.33984375,7355.18994140625,7371.52978515625,0
2017-10-17,7344.75,7385.4501953125,7344.75,7369.419921875,0
2017-10-18,7382.27978515625,7395.490234375,7347.16015625,7347.16015625,0
2017-10-19,7367.2900390625,7371.83984375,7314.97998046875,7371.83984375,0
2017-10-20,7403.16015625,7420.330078125,7380.93994140625,7380.93994140625,0
2017-10-23,7345.6201171875,7414.240234375,7344.8701171875,7405.35009765625,0
2017-10-24,7360.02978515625,7385.2900390625,7349.080078125,7349.080078125,0
2017-10-25,7325.97998046875,7360.06005859375,7272.27001953125,7359.22021484375,0
2017-10-26,7345.5498046875,7364.669921875,7329.10009765625,7329.10009765625,0
2017-10-27,7398.9501953125,7398.9501953125,7326.22021484375,7346.080078125,0
2017-10-30,7313.93017578125,7395.27978515625,7284.080078125,7395.27978515625,0
2017-10-31,7371.14013671875,7391.97998046875,7316.7001953125,7316.7001953125,0
2017-11-01,7323.419921875,7419.7001953125,7285.8798828125,7381.10009765625,0
2017-11-02,7342.14013671875,7358.7900390625,7298.8798828125,7324.240234375,0
2017-11-03,7334.759765625,7345.7001953125,7313.89990234375,7341.68994140625,0
2017-11-06,7349.81005859375,7367.14013671875,7333.990234375,7335.419921875,0
2017-11-07,7257.6298828125,7350.39013671875,7246.009765625,7350.31005859375,0
2017-11-08,7270.75,7276.2900390625,7209.9501953125,7252.2001953125,0
2017-11-09,7238.18017578125,7270.58984375,7181.60009765625,7268.919921875,0
2017-11-10,7239.85986328125,7258.68994140625,7229.3798828125,7238.14013671875,0
2017-11-13,7238.990234375,7246.89013671875,7194.919921875,7235.89013671875,0
2017-11-14,7221.56982421875,7236.33984375,7192.75,7236.33984375,0
2017-11-15,7186.8701171875,7220.27001953125,7138.1298828125,7220.27001953125,0
2017-11-16,7299.6201171875,7319.68017578125,7192.06982421875,7192.06982421875,0
2017-11-17,7329.27978515625,7349.1201171875,7271.669921875,7294.31005859375,0
2017-11-20,7381.22998046875,7381.25,7329.85009765625,7329.85009765625,0
2017-11-21,7457.64990234375,7460.77001953125,7381.81982421875,7381.81982421875,0
2017-11-22,7447.35009765625,7483.7900390625,7447.35009765625,7458.25,0
2017-11-24,7459.27978515625,7470.18017578125,7446.2998046875,7450.66015625,0
2017-11-27,7430.64013671875,7473.47021484375,7430.06982421875,7459.43994140625,0
2017-11-28,7544.330078125,7545.27978515625,7434.93017578125,7434.93017578125,0
2017-11-29,7573.81982421875,7598.25,7546.93017578125,7546.93017578125,0
2017-11-30,7584.77978515625,7621.85009765625,7570.39990234375,7577.31982421875,0
2017-12-01,7550.08984375,7588.89990234375,7362.25,7584.8798828125,0
2017-12-04,7527.7998046875,7661.3798828125,7524.43017578125,7561.47021484375,0
2017-12-05,7451.14990234375,7535.89990234375,7451.10009765625,7529.5498046875,0
2017-12-06,7412.56982421875,7450.2001953125,7408.85009765625,7449.2900390625,0
2017-12-07,7470.240234375,7487.58984375,7409.72021484375,7413.56982421875,0
2017-12-08,7476.919921875,7512.68017578125,7472.77001953125,7477.18017578125,0
2017-12-11,7467.77978515625,7505.2900390625,7460.18994140625,7478.8701171875,0
2017-12-12,7449.72021484375,7493.919921875,7448.91015625,7469.10986328125,0
2017-12-13,7491.02978515625,7530.02978515625,7449.93017578125,7450.4599609375,0
2017-12-14,7407.02001953125,7505.5498046875,7396.8798828125,7493.4501953125,0
2017-12-15,7522.830078125,7560.35986328125,7411.02978515625,7411.02978515625,0
2017-12-18,7613.83984375,7630.5,7524.7998046875,7524.7998046875,0
2017-12-19,7554.35009765625,7630.35009765625,7550.2099609375,7616.16015625,0
2017-12-20,7570.7998046875,7591.7900390625,7551.89013671875,7564.240234375,0
2017-12-21,7605.7900390625,7625.9501953125,7573.1201171875,7573.1201171875,0
2017-12-22,7585.66015625,7611.85009765625,7579.6298828125,7606.8701171875,0
2017-12-26,7592.1298828125,7603.759765625,7577.31982421875,7584.830078125,0
2017-12-27,7590.72998046875,7623.58984375,7580.9501953125,7592.93994140625,0
2017-12-28,7619.56005859375,7620.1298828125,7588.08984375,7595.60009765625,0
2017-12-29,7554.169921875,7634.97021484375,7554.14013671875,7620.81005859375,0
2018-01-02,7625.740234375,7627.14013671875,7557.3798828125,7557.3798828125,0
2018-01-03,7638.47021484375,7650.7998046875,7613.93994140625,7627.18017578125,0
2018-01-04,7654.22998046875,7679.39990234375,7637.75,7640.7001953125,0
2018-01-05,7675.4501953125,7675.740234375,7636.669921875,7655.10009765625,0
2018-01-08,7684.3798828125,7690.18994140625,7617.56005859375,7674.47998046875,0
2018-01-09,7676.2001953125,7703.16015625,7670.1201171875,7686.6298828125,0
2018-01-10,7674.85009765625,7685.22021484375,7634.1201171875,7670.97021484375,0
2018-01-11,7808.2001953125,7808.2001953125,7677.4599609375,7677.4599609375,0
2018-01-12,7833.81982421875,7864.33984375,7809.93017578125,7809.93017578125,0
2018-01-16,7740.41015625,7893.18017578125,7729.47998046875,7838.52978515625,0
2018-01-17,7807.85009765625,7820.009765625,7744.25,7744.25,0
2018-01-18,7759.14990234375,7806.27978515625,7757.58984375,7806.27978515625,0
2018-01-19,7862.02978515625,7862.02978515625,7752.25,7758.06982421875,0
2018-01-22,7899.18017578125,7899.22021484375,7851.8798828125,7864.580078125,0
2018-01-23,7926.43994140625,7935.5,7869.85986328125,7898.08984375,0
2018-01-24,7871.85986328125,7950.14013671875,7853.81005859375,7931.31982421875,0
2018-01-25,7882.08984375,7912.22998046875,7846.419921875,7881.72021484375,0
2018-01-26,7913.8798828125,7913.89013671875,7871.75,7888.85986328125,0
2018-01-29,7864.9501953125,7913.35986328125,7863.83984375,7912.669921875,0
2018-01-30,7790.009765625,7853.10986328125,7773.64013671875,7853.10986328125,0
2018-01-31,7751.58984375,7846.5,7733.259765625,7799.47021484375,0
2018-02-01,7775.85009765625,7787.740234375,7721.6201171875,7750.56005859375,0
2018-02-02,7615.919921875,7762.3701171875,7614.8798828125,7762.3701171875,0
2018-02-05,7339.56005859375,7614.91015625,7339.39990234375,7604.6298828125,0
2018-02-06,7418.89013671875,7447.47021484375,7193.85986328125,7318.89990234375,0
2018-02-07,7423.08984375,7467.5498046875,7400.2099609375,7416.64990234375,0
2018-02-08,7206.22998046875,7439.6298828125,7205.9599609375,7426.0400390625,0
2018-02-09,7275.5400390625,7323.5,7071.68994140625,7225.72998046875,0
2018-02-12,7340.330078125,7375.43994140625,7221.68017578125,7281.89013671875,0
2018-02-13,7360.43017578125,7370.6298828125,7296.39990234375,7334.39013671875,0
2018-02-14,7495.2001953125,7504.0400390625,7304.1298828125,7350.740234375,0
2018-02-15,7570.22021484375,7573.0498046875,7470.18017578125,7506.10986328125,0
2018-02-16,7601.89990234375,7641.08984375,7546.10986328125,7566.2998046875,0
2018-02-20,7535.169921875,7616.14013671875,7523.2099609375,7596.18994140625,0
2018-02-21,7544.4501953125,7659.89990234375,7537.75,7537.75,0
2018-02-22,7535.830078125,7625.9501953125,7531.93994140625,7549.6201171875,0
2018-02-23,7630.68994140625,7630.68994140625,7542.81982421875,7542.81982421875,0
2018-02-26,7680.72021484375,7687.64013671875,7610.06982421875,7635.18017578125,0
2018-02-27,7568.64990234375,7707.330078125,7568.6298828125,7680.91015625,0
2018-02-28,7451.43017578125,7605.6298828125,7451.43017578125,7571.39990234375,0
2018-03-01,7426.990234375,7501.27001953125,7362.47998046875,7450.06005859375,0
2018-03-02,7554.64990234375,7564.6201171875,7361.64990234375,7424.740234375,0
2018-03-05,7618.2099609375,7641.43994140625,7514.89990234375,7548.93017578125,0
2018-03-06,7698.16015625,7698.16015625,7582.0,7621.8701171875,0
2018-03-07,7759.169921875,7770.009765625,7640.56982421875,7692.35009765625,0
2018-03-08,7747.47021484375,7789.47998046875,7711.1201171875,7765.60986328125,0
2018-03-09,7872.169921875,7872.93017578125,7754.14990234375,7754.14990234375,0
2018-03-12,7891.5400390625,7905.0,7857.2900390625,7872.990234375,0
2018-03-13,7847.5400390625,7931.330078125,7837.990234375,7894.85009765625,0
2018-03-14,7811.08984375,7880.2099609375,7802.85009765625,7851.22998046875,0
2018-03-15,7773.72021484375,7829.9501953125,7751.75,7812.10009765625,0
2018-03-16,7820.83984375,7835.009765625,7768.39990234375,7774.169921875,0
2018-03-19,7744.81982421875,7820.080078125,7662.68017578125,7820.080078125,0
2018-03-20,7744.14013671875,7770.6201171875,7726.10009765625,7746.31982421875,0
2018-03-21,7788.3798828125,7829.990234375,7744.5,7744.5,0
2018-03-22,7613.919921875,7775.27001953125,7613.89990234375,7775.27001953125,0
2018-03-23,7447.47998046875,7638.10009765625,7447.47998046875,7616.2900390625,0
2018-03-26,7613.56982421875,7614.02978515625,7464.740234375,7464.740234375,0
2018-03-27,7464.97021484375,7633.35986328125,7442.14013671875,7617.31005859375,0
2018-03-28,7466.18017578125,7507.18994140625,7429.72998046875,7469.97998046875,0
2018-03-29,7547.81005859375,7600.080078125,7468.27001953125,7468.27001953125,0
2018-04-02,7366.1201171875,7546.81005859375,7318.580078125,7546.81005859375,0
2018-04-03,7463.2001953125,7475.08984375,7372.97998046875,7372.97998046875,0
2018-04-04,7559.66015625,7574.0,7362.3701171875,7445.83984375,0
2018-04-05,7615.43994140625,7627.0498046875,7566.18994140625,7566.18994140625,0
2018-04-06,7469.2900390625,7606.39013671875,7416.669921875,7601.1298828125,0
2018-04-09,7475.330078125,7571.47021484375,7472.52978515625,7472.52978515625,0
2018-04-10,7618.4501953125,7641.39990234375,7488.2001953125,7488.2001953125,0
2018-04-11,7635.1298828125,7657.64013671875,7580.60009765625,7613.68017578125,0
2018-04-12,7687.66015625,7712.990234375,7641.7900390625,7641.7900390625,0
2018-04-13,7649.22998046875,7719.509765625,7627.25,7691.669921875,0
2018-04-16,7716.0,7732.6201171875,7654.169921875,7654.43994140625,0
2018-04-17,7798.7900390625,7814.52978515625,7725.06982421875,7725.06982421875,0
2018-04-18,7817.35009765625,7859.18994140625,7800.669921875,7800.669921875,0
2018-04-19,7769.43994140625,7814.5,7746.43017578125,7813.8701171875,0
2018-04-20,7721.85009765625,7771.7900390625,7710.0,7768.2900390625,0
2018-04-23,7711.97998046875,7758.16015625,7683.10009765625,7723.33984375,0
2018-04-24,7668.39990234375,7773.080078125,7614.2099609375,7713.39013671875,0
2018-04-25,7654.56982421875,7682.35009765625,7602.6298828125,7667.10009765625,0
2018-04-26,7691.35986328125,7714.08984375,7653.919921875,7656.9501953125,0
2018-04-27,7683.830078125,7717.1201171875,7650.490234375,7692.31005859375,0
2018-04-30,7613.06005859375,7720.5400390625,7613.06005859375,7686.06005859375,0
2018-05-01,7654.9501953125,7657.56005859375,7543.27978515625,7612.7099609375,0
2018-05-02,7677.77978515625,7729.43017578125,7648.18994140625,7655.75,0
2018-05-03,7636.7900390625,7675.240234375,7566.4501953125,7675.240234375,0
2018-05-04,7731.3701171875,7766.740234375,7606.759765625,7633.740234375,0
2018-05-07,7797.41015625,7834.25,7732.1201171875,7732.1201171875,0
2018-05-08,7834.39013671875,7835.33984375,7787.4501953125,7796.240234375,0
2018-05-09,7882.47021484375,7895.81982421875,7823.77978515625,7836.47021484375,0
2018-05-10,7920.81982421875,7949.1298828125,7885.41015625,7885.41015625,0
2018-05-11,7936.3798828125,7949.06005859375,7902.39990234375,7921.9501953125,0
2018-05-14,7905.39990234375,7974.06005859375,7902.39013671875,7940.18017578125,0
2018-05-15,7905.93017578125,7919.83984375,7865.240234375,7902.259765625,0
2018-05-16,7985.3798828125,8006.490234375,7909.60986328125,7909.60986328125,0
2018-05-17,8030.10009765625,8040.1298828125,7981.56005859375,7985.2998046875,0
2018-05-18,8037.43994140625,8055.7099609375,8025.56982421875,8034.60986328125,0
2018-05-21,8091.02001953125,8098.91015625,8037.43994140625,8037.43994140625,0
2018-05-22,8030.759765625,8103.14013671875,8030.759765625,8092.10986328125,0
2018-05-23,8042.64990234375,8051.490234375,7997.919921875,8029.35009765625,0
2018-05-24,8046.2001953125,8056.509765625,7988.72998046875,8041.25,0
2018-05-25,8039.89990234375,8048.77978515625,8022.1201171875,8044.83984375,0
2018-05-29,8023.7099609375,8047.56982421875,7962.81005859375,8033.22021484375,0
2018-05-30,8144.47998046875,8159.919921875,8026.080078125,8026.080078125,0
2018-05-31,8075.18017578125,8154.8701171875,8068.4599609375,8146.14013671875,0
2018-06-01,8146.41015625,8158.830078125,8084.22998046875,8084.22998046875,0
2018-06-04,8173.259765625,8184.7998046875,8113.2001953125,8152.6298828125,0
2018-06-05,8229.0595703125,8229.3603515625,8170.39013671875,8174.97998046875,0
2018-06-06,8285.1904296875,8286.3095703125,8228.330078125,8232.0498046875,0
2018-06-07,8245.3095703125,8305.6796875,8211.26953125,8288.5302734375,0
2018-06-08,8269.3603515625,8277.150390625,8235.9599609375,8245.25,0
2018-06-11,8280.240234375,8295.1103515625,8263.33984375,8269.490234375,0
2018-06-12,8318.1904296875,8338.349609375,8281.8203125,8281.8203125,0
2018-06-13,8289.9296875,8330.98046875,8277.009765625,8320.490234375,0
2018-06-14,8332.7099609375,8332.7099609375,8282.2900390625,8294.6796875,0
2018-06-15,8328.8798828125,8332.4599609375,8274.900390625,8330.51953125,0
2018-06-18,8371.419921875,8371.419921875,8282.1298828125,8327.16015625,0
2018-06-19,8376.580078125,8379.33984375,8273.75,8369.4697265625,0
2018-06-20,8443.7099609375,8449.2099609375,8379.669921875,8379.669921875,0
2018-06-21,8354.7197265625,8449.0302734375,8338.08984375,8443.9296875,0
2018-06-22,8338.2998046875,8391.669921875,8315.2001953125,8361.5400390625,0
2018-06-25,8199.490234375,8334.2998046875,8161.43017578125,8334.2998046875,0
2018-06-26,8254.2099609375,8272.16015625,8192.8095703125,8200.6904296875,0
2018-06-27,8115.5,8268.91015625,8115.33984375,8256.4404296875,0
2018-06-28,8141.85986328125,8156.31005859375,8067.8798828125,8118.8701171875,0
2018-06-29,8133.0400390625,8197.3095703125,8132.52978515625,8147.0400390625,0
2018-07-02,8192.8896484375,8192.8896484375,8073.93994140625,8126.77001953125,0
2018-07-03,8219.6201171875,8254.7802734375,8194.7900390625,8194.7900390625,0
2018-07-05,8314.2998046875,8315.169921875,8221.0498046875,8221.0498046875,0
2018-07-06,8386.5400390625,8392.08984375,8309.8896484375,8314.2197265625,0
2018-07-09,8438.9501953125,8440.1298828125,8389.7197265625,8389.7197265625,0
2018-07-10,8394.7099609375,8458.7998046875,8363.6904296875,8440.2998046875,0
2018-07-11,8335.5498046875,8396.7099609375,8332.759765625,8387.0400390625,0
2018-07-12,8369.2900390625,8379.9404296875,8314.759765625,8344.009765625,0
2018-07-13,8353.509765625,8404.599609375,8352.51953125,8369.419921875,0
2018-07-16,8311.33984375,8360.16015625,8281.0302734375,8353.509765625,0
2018-07-17,8354.5302734375,8368.2802734375,8299.25,8308.6796875,0
2018-07-18,8377.3603515625,8378.1396484375,8314.759765625,8353.9296875,0
2018-07-19,8424.5,8432.3203125,8349.9501953125,8374.4296875,0
2018-07-20,8402.259765625,8435.0703125,8398.4501953125,8423.759765625,0
2018-07-23,8410.240234375,8427.83984375,8371.2099609375,8400.33984375,0
2018-07-24,8320.099609375,8452.009765625,8294.419921875,8418.669921875,0
2018-07-25,8344.9599609375,8346.0498046875,8294.66015625,8320.8701171875,0
2018-07-26,8395.400390625,8432.8701171875,8342.8603515625,8345.2900390625,0
2018-07-27,8237.2900390625,8405.4599609375,8222.8798828125,8395.2802734375,0
2018-07-30,8187.89990234375,8268.9697265625,8185.89013671875,8237.91015625,0
2018-07-31,8274.7900390625,8298.7802734375,8189.41015625,8189.41015625,0
2018-08-01,8267.6796875,8287.2998046875,8209.6396484375,8275.650390625,0
2018-08-02,8331.740234375,8332.7197265625,8233.8095703125,8266.7900390625,0
2018-08-03,8289.1298828125,8358.099609375,8264.240234375,8332.26953125,0
2018-08-06,8343.3798828125,8345.7900390625,8282.349609375,8288.6103515625,0
2018-08-07,8363.5703125,8393.599609375,8346.5498046875,8346.5498046875,0
2018-08-08,8356.740234375,8368.9296875,8311.1201171875,8365.6201171875,0
2018-08-09,8377.1298828125,8406.150390625,8355.0302734375,8358.099609375,0
2018-08-10,8357.330078125,8401.8701171875,8327.41015625,8369.76953125,0
2018-08-13,8300.4697265625,8368.76953125,8277.1904296875,8357.400390625,0
2018-08-14,8387.25,8399.0498046875,8306.0400390625,8306.0400390625,0
2018-08-15,8278.9599609375,8382.7197265625,8243.6201171875,8382.7197265625,0
2018-08-16,8354.740234375,8377.75,8279.98046875,8279.98046875,0
2018-08-17,8390.990234375,8394.7900390625,8326.6904296875,8353.830078125,0
2018-08-20,8419.7099609375,8431.8095703125,8377.509765625,8395.41015625,0
2018-08-21,8515.6904296875,8536.7197265625,8420.83984375,8420.83984375,0
2018-08-22,8538.08984375,8540.3896484375,8504.650390625,8514.3203125,0
2018-08-23,8511.2802734375,8542.7802734375,8490.7900390625,8537.2998046875,0
2018-08-24,8554.080078125,8560.5400390625,8517.83984375,8517.83984375,0
2018-08-27,8567.740234375,8613.48046875,8562.4296875,8562.4296875,0
2018-08-28,8567.83984375,8592.759765625,8537.7998046875,8571.080078125,0
2018-08-29,8599.26953125,8610.51953125,8549.6103515625,8571.0,0
2018-08-30,8588.9599609375,8630.1103515625,8571.5703125,8598.8603515625,0
2018-08-31,8631.509765625,8638.1396484375,8570.2998046875,8585.580078125,0
2018-09-04,8595.1396484375,8631.9296875,8539.7099609375,8631.9296875,0
2018-09-05,8566.8896484375,8592.1298828125,8497.7099609375,8592.1298828125,0
2018-09-06,8502.2900390625,8586.3701171875,8499.0400390625,8570.650390625,0
2018-09-07,8496.2998046875,8543.1201171875,8463.8798828125,8499.5302734375,0
2018-09-10,8517.6904296875,8549.1396484375,8502.91015625,8504.91015625,0
2018-09-11,8522.6103515625,8547.7099609375,8482.4599609375,8516.33984375,0
2018-09-12,8509.41015625,8525.5400390625,8451.759765625,8522.0703125,0
2018-09-13,8505.01953125,8546.169921875,8493.2197265625,8518.0595703125,0
2018-09-14,8542.3203125,8563.5400390625,8498.1201171875,8506.4296875,0
2018-09-17,8452.6103515625,8545.5703125,8448.4599609375,8542.5,0
2018-09-18,8489.58984375,8509.1796875,8456.080078125,8456.080078125,0
2018-09-19,8450.0595703125,8520.3203125,8438.0302734375,8489.509765625,0
2018-09-20,8535.8603515625,8536.0,8459.0498046875,8459.0498046875,0
2018-09-21,8496.8798828125,8556.73046875,8490.1796875,8535.75,0
2018-09-24,8462.5302734375,8494.3896484375,8425.01953125,8494.0595703125,0
2018-09-25,8479.8798828125,8496.1298828125,8463.4501953125,8463.4501953125,0
2018-09-26,8394.7001953125,8490.150390625,8391.3095703125,8481.3603515625,0
2018-09-27,8393.16015625,8426.150390625,8389.2802734375,8399.1201171875,0
2018-09-28,8423.91015625,8439.8603515625,8376.349609375,8390.509765625,0
2018-10-01,8307.01953125,8460.0302734375,8291.2900390625,8430.330078125,0
2018-10-02,8223.3203125,8316.7900390625,8209.919921875,8307.4501953125,0
2018-10-03,8299.16015625,8328.330078125,8224.73046875,8224.73046875,0
2018-10-04,8178.3798828125,8297.990234375,8162.240234375,8297.990234375,0
2018-10-05,8105.2001953125,8201.6298828125,8035.81982421875,8180.3701171875,0
2018-10-08,8092.2998046875,8113.85009765625,8028.4501953125,8100.64990234375,0
2018-10-09,8054.5400390625,8124.669921875,8051.4599609375,8085.2998046875,0
2018-10-10,7824.009765625,8052.43994140625,7823.22021484375,8052.43994140625,0
2018-10-11,7675.169921875,7851.52978515625,7675.169921875,7822.77978515625,0
2018-10-12,7682.0400390625,7786.14013671875,7604.06982421875,7682.85986328125,0
2018-10-15,7713.919921875,7759.6201171875,7636.7099609375,7682.0400390625,0
2018-10-16,7931.259765625,7937.080078125,7719.02001953125,7720.9501953125,0
2018-10-17,7895.35986328125,7929.0,7805.47998046875,7929.0,0
2018-10-18,7752.31005859375,7891.31005859375,7726.580078125,7891.31005859375,0
2018-10-19,7659.3798828125,7797.2900390625,7642.97998046875,7751.759765625,0
2018-10-22,7646.8701171875,7705.77001953125,7628.3701171875,7661.3798828125,0
2018-10-23,7582.740234375,7635.27001953125,7455.81982421875,7634.1201171875,0
2018-10-24,7295.25,7588.39013671875,7294.06982421875,7582.68017578125,0
2018-10-25,7453.02001953125,7484.72021484375,7304.64990234375,7304.64990234375,0
2018-10-26,7371.14990234375,7457.9599609375,7248.669921875,7452.25,0
2018-10-29,7338.7900390625,7517.47998046875,7261.009765625,7378.0,0
2018-10-30,7484.93994140625,7487.5498046875,7326.77978515625,7337.56982421875,0
2018-10-31,7508.93017578125,7583.0498046875,7496.06005859375,7496.06005859375,0
2018-11-01,7676.08984375,7686.7998046875,7515.64013671875,7515.64013671875,0
2018-11-02,7691.56005859375,7737.25,7631.85009765625,7682.33984375,0
2018-11-05,7689.35009765625,7725.43017578125,7626.0,7693.4501953125,0
2018-11-06,7732.419921875,7746.16015625,7675.5498046875,7687.740234375,0
2018-11-07,7862.169921875,7862.18017578125,7733.52001953125,7733.52001953125,0
2018-11-08,7843.5400390625,7883.10009765625,7818.39990234375,7860.5,0
2018-11-09,7701.10986328125,7838.0400390625,7653.56005859375,7838.0400390625,0
2018-11-12,7548.5400390625,7698.72021484375,7544.7998046875,7698.72021484375,0
2018-11-13,7529.08984375,7637.9501953125,7521.60986328125,7554.8701171875,0
2018-11-14,7469.39990234375,7609.14990234375,7431.68994140625,7536.8701171875,0
2018-11-15,7577.97998046875,7578.830078125,7416.58984375,7469.64013671875,0
2018-11-16,7595.669921875,7607.9599609375,7510.56005859375,7576.8701171875,0
2018-11-19,7441.93017578125,7595.02978515625,7424.08984375,7595.02978515625,0
2018-11-20,7305.14013671875,7440.0400390625,7286.43994140625,7440.0400390625,0
2018-11-21,7401.16015625,7456.330078125,7307.509765625,7307.509765625,0
2018-11-23,7403.2998046875,7452.89990234375,7344.27978515625,7388.64013671875,0
2018-11-26,7489.35986328125,7510.89990234375,7405.509765625,7405.509765625,0
2018-11-27,7424.39990234375,7487.0400390625,7416.509765625,7487.0400390625,0
2018-11-28,7611.14013671875,7612.77978515625,7392.06982421875,7428.56982421875,0
2018-11-29,7587.740234375,7633.68017578125,7533.93994140625,7609.2001953125,0
2018-11-30,7628.2900390625,7637.56982421875,7562.22021484375,7586.509765625,0
2018-12-03,7706.490234375,7728.2900390625,7609.83984375,7643.66015625,0
2018-12-04,7367.3701171875,7702.5,7363.18017578125,7702.5,0
2018-12-06,7351.64990234375,7360.33984375,7179.60986328125,7360.33984375,0
2018-12-07,7206.35986328125,7393.14013671875,7170.330078125,7352.77001953125,0
2018-12-10,7181.89013671875,7215.8798828125,7081.77978515625,7206.35009765625,0
2018-12-11,7167.39990234375,7294.91015625,7126.33984375,7188.06982421875,0
2018-12-12,7243.22021484375,7326.02978515625,7170.43994140625,7170.43994140625,0
2018-12-13,7133.33984375,7271.93994140625,7128.240234375,7247.68994140625,0
2018-12-14,7024.81005859375,7147.18994140625,7006.35009765625,7129.39013671875,0
2018-12-17,6862.68017578125,7056.669921875,6835.7099609375,7025.14990234375,0
2018-12-18,6858.08984375,6968.89990234375,6840.85986328125,6869.60986328125,0
2018-12-19,6719.27978515625,6936.85986328125,6693.9599609375,6858.64013671875,0
2018-12-20,6604.27978515625,6728.22998046875,6539.6201171875,6717.06005859375,0
2018-12-21,6435.39013671875,6647.93017578125,6422.43994140625,6603.66015625,0
2018-12-24,6310.60009765625,6430.1298828125,6310.60009765625,6428.2099609375,0
2018-12-26,6623.89990234375,6626.919921875,6316.9501953125,6316.9501953125,0
2018-12-27,6634.490234375,6635.2900390625,6422.7900390625,6624.41015625,0
2018-12-28,6668.669921875,6759.89013671875,6611.4599609375,6639.47021484375,0
2018-12-31,6722.14990234375,6722.16015625,6625.52001953125,6672.1201171875,0
2019-01-02,6759.0,6768.27978515625,6605.85986328125,6710.16015625,0
2019-01-03,6634.7900390625,6755.35009765625,6620.66015625,6755.35009765625,0
2019-01-04,6883.7099609375,6895.740234375,6646.16015625,6646.16015625,0
2019-01-07,7006.58984375,7039.18017578125,6884.2998046875,6884.2998046875,0
2019-01-08,7112.419921875,7112.419921875,7000.02001953125,7009.31005859375,0
2019-01-09,7173.60986328125,7191.64013671875,7114.740234375,7114.740234375,0
2019-01-10,7207.06982421875,7208.77978515625,7102.89013671875,7164.93994140625,0
2019-01-11,7216.85986328125,7221.33984375,7167.330078125,7202.16015625,0
2019-01-14,7144.4599609375,7212.7001953125,7136.9599609375,7212.7001953125,0
2019-01-15,7206.31982421875,7206.330078125,7141.06982421875,7144.64990234375,0
2019-01-16,7253.66015625,7281.64013671875,7209.8701171875,7209.8701171875,0
2019-01-17,7316.47021484375,7334.3701171875,7223.25,7249.56982421875,0
2019-01-18,7392.60986328125,7416.06982421875,7313.7900390625,7313.7900390625,0
2019-01-22,7267.740234375,7379.2900390625,7235.58984375,7379.2900390625,0
2019-01-23,7251.7998046875,7322.72998046875,7205.509765625,7269.1298828125,0
2019-01-24,7302.56005859375,7307.2099609375,7249.33984375,7251.83984375,0
2019-01-25,7394.81005859375,7403.52978515625,7314.72021484375,7314.72021484375,0
2019-01-28,7348.39013671875,7382.02978515625,7304.64990234375,7382.02978515625,0
2019-01-29,7338.08984375,7365.83984375,7327.4501953125,7348.5,0
2019-01-30,7415.7099609375,7433.52001953125,7319.1201171875,7348.08984375,0
2019-01-31,7478.39013671875,7484.97998046875,7405.56005859375,7414.64013671875,0
2019-02-01,7491.830078125,7504.080078125,7459.0,7479.25,0
2019-02-04,7569.31982421875,7569.39990234375,7482.509765625,7491.669921875,0
2019-02-05,7582.83984375,7602.72021484375,7545.41015625,7571.33984375,0
2019-02-06,7572.0498046875,7586.33984375,7537.93994140625,7582.77001953125,0
2019-02-07,7511.0,7566.25,7454.83984375,7566.25,0
2019-02-08,7515.43994140625,7516.47021484375,7459.18994140625,7504.35986328125,0
2019-02-11,7578.31982421875,7579.4501953125,7511.89990234375,7517.64990234375,0
2019-02-12,7674.58984375,7677.89990234375,7584.35009765625,7584.35009765625,0
2019-02-13,7698.68017578125,7712.64013671875,7665.2900390625,7675.490234375,0
2019-02-14,7711.2998046875,7742.64013671875,7658.83984375,7690.759765625,0
2019-02-15,7832.33984375,7836.8798828125,7721.89013671875,7721.89013671875,0
2019-02-19,7858.60009765625,7877.3798828125,7810.60986328125,7829.02001953125,0
2019-02-20,7894.56005859375,7902.93017578125,7856.1298828125,7859.06005859375,0
2019-02-21,7864.47998046875,7893.240234375,7833.8701171875,7893.240234375,0
2019-02-22,7937.2001953125,7937.39013671875,7868.5498046875,7868.5498046875,0
2019-02-25,7931.06005859375,7997.419921875,7931.06005859375,7945.1201171875,0
2019-02-26,7874.60986328125,7933.41015625,7874.35009765625,7929.919921875,0
2019-02-27,7893.1298828125,7898.18017578125,7840.97021484375,7873.8798828125,0
2019-02-28,7867.169921875,7899.31982421875,7846.02978515625,7893.18994140625,0
2019-03-01,7938.47021484375,7941.7099609375,7871.0,7877.830078125,0
2019-03-04,7867.93017578125,7961.83984375,7813.22021484375,7941.41015625,0
2019-03-05,7832.31982421875,7870.10986328125,7829.27001953125,7869.31982421875,0
2019-03-06,7675.22998046875,7833.16015625,7675.22998046875,7832.490234375,0
2019-03-07,7610.27978515625,7676.89990234375,7600.169921875,7675.85009765625,0
2019-03-08,7602.43994140625,7609.2099609375,7546.31005859375,7605.68994140625,0
2019-03-11,7737.64990234375,7737.91015625,7607.3798828125,7607.3798828125,0
2019-03-12,7742.7099609375,7770.0,7721.1298828125,7738.7001953125,0
2019-03-13,7773.43017578125,7807.35009765625,7745.39013671875,7745.39013671875,0
2019-03-14,7744.7001953125,7775.85986328125,7742.5498046875,7775.85986328125,0
2019-03-15,7764.6298828125,7814.8701171875,7747.580078125,7749.43994140625,0
2019-03-18,7816.93994140625,7842.5498046875,7760.7099609375,7765.58984375,0
2019-03-19,7772.52001953125,7852.02978515625,7760.8798828125,7825.240234375,0
2019-03-20,7713.56982421875,7806.43017578125,7674.83984375,7771.33984375,0
2019-03-21,7810.1201171875,7844.81005859375,7689.91015625,7707.22021484375,0
2019-03-22,7527.97021484375,7808.14990234375,7527.740234375,7808.14990234375,0
2019-03-25,7562.7900390625,7600.91015625,7473.4599609375,7527.81982421875,0
2019-03-26,7639.35986328125,7677.8798828125,7567.35986328125,7567.35986328125,0
2019-03-27,7609.740234375,7648.81005859375,7527.39990234375,7638.4501953125,0
2019-03-28,7678.5,7685.18017578125,7603.60009765625,7617.4501953125,0
2019-03-29,7702.52001953125,7738.7099609375,7664.93017578125,7686.85986328125,0
2019-04-01,7784.2998046875,7785.97021484375,7718.3798828125,7718.3798828125,0
2019-04-02,7771.14013671875,7785.169921875,7732.259765625,7784.93017578125,0
2019-04-03,7809.240234375,7846.7001953125,7779.10009765625,7779.10009765625,0
2019-04-04,7842.35009765625,7842.35986328125,7796.669921875,7810.2001953125,0
2019-04-05,7917.830078125,7918.10009765625,7846.1201171875,7846.1201171875,0
2019-04-08,7900.22998046875,7911.9501953125,7861.25,7911.9501953125,0
2019-04-10,7913.25,7913.72998046875,7805.52978515625,7805.52978515625,0
2019-04-11,7901.58984375,7924.5400390625,7892.72998046875,7915.5498046875,0
2019-04-12,7930.58984375,7955.240234375,7907.7099609375,7913.4599609375,0
2019-04-15,7902.43994140625,7946.52978515625,7880.240234375,7932.47998046875,0
2019-04-16,7920.5498046875,7933.77978515625,7904.0400390625,7907.89013671875,0
2019-04-17,7844.83984375,7949.93017578125,7814.68994140625,7927.56982421875,0
2019-04-18,7835.68017578125,7852.93994140625,7787.43994140625,7842.39013671875,0
2019-04-22,7807.16015625,7833.06005859375,7779.22021484375,7833.06005859375,0
2019-04-23,7932.56005859375,7945.02978515625,7809.6298828125,7809.6298828125,0
2019-04-24,7947.83984375,7977.3701171875,7923.93994140625,7932.72998046875,0
2019-04-25,7885.27001953125,7942.5400390625,7834.4501953125,7942.5400390625,0
2019-04-26,7957.009765625,7963.81005859375,7877.77001953125,7885.7900390625,0
2019-04-29,7999.77978515625,8023.41015625,7967.60009765625,7967.60009765625,0
2019-04-30,7964.169921875,8009.6201171875,7912.58984375,8000.89013671875,0
2019-05-01,7890.22021484375,7987.669921875,7888.97998046875,7975.81982421875,0
2019-05-02,7921.89990234375,7948.259765625,7840.83984375,7888.6201171875,0
2019-05-03,8079.60986328125,8079.60986328125,7929.41015625,7929.41015625,0
2019-05-06,8084.43994140625,8101.43017578125,7953.6201171875,8067.9501953125,0
2019-05-07,7921.33984375,8067.27978515625,7867.14990234375,8067.27978515625,0
2019-05-08,7884.830078125,7946.7998046875,7884.2001953125,7917.93017578125,0
2019-05-09,7861.10009765625,7877.52978515625,7744.919921875,7877.52978515625,0
2019-05-10,7876.2001953125,7886.669921875,7741.75,7861.22021484375,0
2019-05-13,7626.02978515625,7868.89990234375,7612.3798828125,7868.89990234375,0
2019-05-14,7727.81982421875,7751.759765625,7631.43017578125,7631.43017578125,0
2019-05-15,7754.10986328125,7762.85986328125,7659.7998046875,7720.43017578125,0
2019-05-16,7800.02001953125,7849.77001953125,7755.10009765625,7755.10009765625,0
2019-05-17,7693.240234375,7802.3798828125,7687.8798828125,7789.68017578125,0
2019-05-20,7669.56005859375,7681.3701171875,7622.60986328125,7665.81005859375,0
2019-05-22,7673.16015625,7728.0400390625,7656.830078125,7728.0400390625,0
2019-05-23,7521.97998046875,7640.64990234375,7521.97998046875,7640.64990234375,0
2019-05-24,7585.97998046875,7598.77001953125,7544.1298828125,7544.72021484375,0
2019-05-28,7535.52001953125,7616.7099609375,7533.259765625,7590.47998046875,0
2019-05-29,7465.10986328125,7533.16015625,7422.35009765625,7533.16015625,0
2019-05-30,7444.259765625,7519.89990234375,7406.5,7475.89990234375,0
2019-05-31,7344.77978515625,7410.14990234375,7324.64013671875,7410.14990234375,0
2019-06-03,7367.4501953125,7401.83984375,7319.8798828125,7346.89013671875,0
2019-06-04,7561.009765625,7561.43017578125,7394.39990234375,7394.39990234375,0
2019-06-05,7552.27001953125,7589.669921875,7488.56982421875,7568.83984375,0
2019-06-06,7515.81982421875,7561.8798828125,7472.81982421875,7550.93994140625,0
2019-06-07,7591.91015625,7614.6201171875,7543.25,7543.25,0
2019-06-10,7638.14013671875,7698.68994140625,7603.330078125,7603.330078125,0
2019-06-11,7616.009765625,7701.490234375,7586.43017578125,7645.7001953125,0
2019-06-12,7619.66015625,7630.740234375,7582.58984375,7613.89990234375,0
2019-06-13,7702.39013671875,7703.47021484375,7625.77978515625,7625.77978515625,0
2019-06-14,7636.18994140625,7700.47998046875,7635.7900390625,7700.47998046875,0
2019-06-17,7688.06982421875,7717.2900390625,7640.43017578125,7640.43017578125,0
2019-06-18,7775.93994140625,7825.8701171875,7688.8701171875,7688.8701171875,0
2019-06-19,7802.97021484375,7807.33984375,7762.8798828125,7777.31005859375,0
2019-06-20,7842.81982421875,7879.14990234375,7805.64013671875,7826.83984375,0
2019-06-21,7773.43994140625,7834.8798828125,7755.89013671875,7834.8798828125,0
2019-06-24,7675.75,7783.93017578125,7675.72021484375,7776.1298828125,0
2019-06-25,7630.43017578125,7691.66015625,7627.75,7680.3798828125,0
2019-06-26,7634.759765625,7676.080078125,7625.43994140625,7641.60009765625,0
2019-06-27,7762.72998046875,7762.72998046875,7623.91015625,7623.91015625,0
2019-06-28,7863.89013671875,7874.080078125,7771.2900390625,7771.2900390625,0
2019-07-01,7879.52978515625,7965.419921875,7844.97021484375,7904.580078125,0
2019-07-02,7834.080078125,7879.22021484375,7795.91015625,7879.22021484375,0
2019-07-03,7892.77978515625,7892.77978515625,7842.919921875,7842.919921875,0
2019-07-05,7910.47998046875,7911.2998046875,7829.93994140625,7887.81005859375,0
2019-07-08,7839.14990234375,7903.64013671875,7827.2900390625,7903.64013671875,0
2019-07-09,7845.2998046875,7846.02001953125,7802.7998046875,7827.330078125,0
2019-07-10,7858.0498046875,7897.10009765625,7826.669921875,7856.0498046875,0
2019-07-11,7822.64013671875,7872.990234375,7794.89990234375,7860.490234375,0
2019-07-12,7883.56982421875,7906.08984375,7826.60009765625,7826.60009765625,0
2019-07-15,7842.52001953125,7903.06982421875,7827.240234375,7887.2900390625,0
2019-07-16,7843.5,7881.77001953125,7824.6201171875,7840.97021484375,0
2019-07-17,7787.2001953125,7842.27978515625,7772.0400390625,7842.27978515625,0
2019-07-18,7812.27978515625,7821.2099609375,7764.0400390625,7785.669921875,0
2019-07-19,7773.5498046875,7842.18994140625,7772.25,7808.81982421875,0
2019-07-22,7757.97998046875,7805.740234375,7751.81982421875,7782.81005859375,0
2019-07-23,7809.10009765625,7810.2900390625,7757.85986328125,7764.68017578125,0
2019-07-24,7937.0,7943.080078125,7787.1298828125,7804.77001953125,0
2019-07-25,7841.83984375,7936.06005859375,7837.83984375,7936.06005859375,0
2019-07-26,7930.259765625,7943.10986328125,7844.7099609375,7844.7099609375,0
2019-07-29,7880.47021484375,7935.7099609375,7863.43994140625,7930.08984375,0
2019-07-30,7964.080078125,7967.7001953125,7825.2998046875,7873.93017578125,0
2019-07-31,7909.16015625,8033.7001953125,7877.990234375,7970.22998046875,0
2019-08-01,7789.89013671875,7975.990234375,7768.7099609375,7911.2900390625,0
2019-08-02,7704.52001953125,7788.91015625,7647.7998046875,7788.91015625,0
2019-08-05,7472.419921875,7698.3798828125,7398.31005859375,7698.3798828125,0
2019-08-06,7546.4599609375,7550.330078125,7452.60009765625,7474.08984375,0
2019-08-07,7539.7900390625,7559.3798828125,7428.080078125,7544.0498046875,0
2019-08-08,7698.490234375,7705.33984375,7548.7099609375,7548.7099609375,0
2019-08-09,7602.97998046875,7693.0,7587.509765625,7693.0,0
2019-08-12,7516.97998046875,7601.7001953125,7515.6201171875,7601.7001953125,0
2019-08-13,7591.06005859375,7652.31982421875,7487.68017578125,7504.77978515625,0
2019-08-14,7376.06982421875,7587.419921875,7365.7001953125,7587.419921875,0
2019-08-15,7347.16015625,7393.83984375,7320.16015625,7376.97998046875,0
2019-08-16,7508.4599609375,7513.7001953125,7350.0498046875,7350.0498046875,0
2019-08-19,7585.5400390625,7618.18994140625,7524.0498046875,7524.0498046875,0
2019-08-20,7531.14013671875,7584.5498046875,7529.93994140625,7584.5498046875,0
2019-08-21,7590.97998046875,7602.18017578125,7534.1201171875,7534.1201171875,0
2019-08-22,7572.08984375,7624.72021484375,7543.75,7596.22998046875,0
2019-08-23,7338.330078125,7570.580078125,7325.31005859375,7563.64013671875,0
2019-08-26,7421.509765625,7423.2099609375,7349.0400390625,7349.0400390625,0
2019-08-27,7321.14990234375,7470.16015625,7315.4599609375,7438.93994140625,0
2019-08-28,7405.0400390625,7431.7900390625,7292.47021484375,7320.52978515625,0
2019-08-29,7527.22021484375,7537.56005859375,7435.490234375,7435.490234375,0
2019-08-30,7518.66015625,7567.0,7485.990234375,7539.91015625,0
2019-09-03,7405.3798828125,7514.759765625,7381.169921875,7514.759765625,0
2019-09-04,7468.43994140625,7484.43017578125,7421.16015625,7421.16015625,0
2019-09-05,7599.7001953125,7655.240234375,7501.759765625,7501.759765625,0
2019-09-06,7571.93994140625,7631.52001953125,7570.6201171875,7603.85009765625,0
2019-09-09,7668.3798828125,7677.77001953125,7580.52978515625,7584.35009765625,0
2019-09-10,7756.08984375,7766.240234375,7630.0400390625,7665.2900390625,0
2019-09-11,7928.10986328125,7928.68994140625,7757.89013671875,7767.91015625,0
2019-09-12,7926.5400390625,7954.990234375,7864.89990234375,7930.240234375,0
2019-09-13,7943.330078125,8000.27978515625,7938.14990234375,7948.85009765625,0
2019-09-16,7976.22021484375,8005.91015625,7905.27978515625,7926.5498046875,0
2019-09-17,7944.580078125,7965.10009765625,7899.89990234375,7965.10009765625,0
2019-09-18,7894.9599609375,7941.27978515625,7838.64013671875,7941.27978515625,0
2019-09-19,7860.9501953125,7960.97998046875,7858.16015625,7907.7099609375,0
2019-09-20,7852.4501953125,7904.080078125,7824.669921875,7861.83984375,0
2019-09-23,7844.81005859375,7871.9599609375,7815.6201171875,7838.10986328125,0
2019-09-24,7720.9599609375,7867.2001953125,7704.56982421875,7851.33984375,0
2019-09-25,7806.919921875,7818.4501953125,7706.47021484375,7718.740234375,0
2019-09-26,7720.759765625,7802.3701171875,7709.27001953125,7802.3701171875,0
2019-09-27,7660.0,7755.1201171875,7635.669921875,7728.68994140625,0
2019-09-30,7675.08984375,7711.81005859375,7649.72021484375,7665.6201171875,0
2019-10-01,7524.3701171875,7754.39013671875,7514.89013671875,7677.6298828125,0
2019-10-02,7455.330078125,7523.02001953125,7402.18017578125,7523.02001953125,0
2019-10-03,7489.43994140625,7494.5,7367.8798828125,7439.509765625,0
2019-10-04,7561.919921875,7562.2900390625,7467.77001953125,7490.72021484375,0
2019-10-07,7547.35009765625,7595.43994140625,7521.25,7551.990234375,0
2019-10-08,7420.580078125,7531.52978515625,7420.35986328125,7531.52978515625,0
2019-10-09,7455.31005859375,7482.3798828125,7440.43994140625,7458.02001953125,0
2019-10-10,7485.9599609375,7517.25,7462.47998046875,7462.47998046875,0
2019-10-11,7619.85986328125,7690.06982421875,7494.18017578125,7494.18017578125,0
2019-10-14,7587.240234375,7603.330078125,7559.7900390625,7596.830078125,0
2019-10-15,7677.330078125,7703.10009765625,7599.18994140625,7602.93994140625,0
2019-10-16,7686.2900390625,7709.169921875,7662.83984375,7668.27978515625,0
2019-10-17,7771.16015625,7775.2900390625,7712.35986328125,7712.35986328125,0
2019-10-18,7739.169921875,7765.56005859375,7688.7099609375,7758.1201171875,0
2019-10-21,7824.60009765625,7847.7900390625,7770.759765625,7770.759765625,0
2019-10-22,7816.83984375,7852.22021484375,7798.93994140625,7816.33984375,0
2019-10-23,7826.8701171875,7836.0400390625,7791.740234375,7815.47021484375,0
2019-10-24,7813.81982421875,7849.8798828125,7787.14990234375,7846.2001953125,0
2019-10-25,7866.93017578125,7876.60009765625,7802.1298828125,7808.22998046875,0
2019-10-28,7923.93017578125,7949.419921875,7881.43017578125,7881.43017578125,0
2019-10-29,7949.89013671875,7970.33984375,7911.5,7923.08984375,0
2019-10-30,7929.009765625,7942.9501953125,7874.56005859375,7942.9501953125,0
2019-10-31,7877.22998046875,7917.669921875,7828.93994140625,7916.25,0
2019-11-01,8013.35009765625,8013.35986328125,7911.85986328125,7911.85986328125,0
2019-11-04,8054.0498046875,8077.5400390625,8035.64013671875,8052.56982421875,0
2019-11-05,8065.490234375,8111.83984375,8057.0400390625,8062.08984375,0
2019-11-06,8015.06982421875,8059.81982421875,8002.3701171875,8059.81982421875,0
2019-11-07,8038.72998046875,8106.39990234375,8020.27001953125,8060.18994140625,0
2019-11-08,8063.64013671875,8064.0,8006.31005859375,8023.7900390625,0
2019-11-11,8043.0,8046.3701171875,8010.41015625,8032.830078125,0
2019-11-12,8045.4599609375,8093.490234375,8036.83984375,8048.0,0
2019-11-13,8016.14013671875,8029.6298828125,7975.18017578125,8011.64990234375,0
2019-11-14,8016.169921875,8046.02001953125,8005.5,8008.89013671875,0
2019-11-15,8055.509765625,8064.31005859375,8028.18017578125,8043.419921875,0
2019-11-18,8034.97998046875,8043.89013671875,8015.85009765625,8043.89013671875,0
2019-11-19,8065.1298828125,8088.669921875,8033.58984375,8048.31005859375,0
2019-11-20,8031.58984375,8087.580078125,7982.97998046875,8040.83984375,0
2019-11-21,7993.52978515625,8052.31982421875,7978.77001953125,8044.669921875,0
2019-11-22,8018.8798828125,8030.83984375,7982.8701171875,8018.64013671875,0
2019-11-25,8185.4599609375,8195.990234375,8047.1298828125,8047.1298828125,0
2019-11-26,8197.3603515625,8227.900390625,8175.75,8185.60986328125,0
2019-11-27,8248.6796875,8252.0595703125,8211.83984375,8211.83984375,0
2019-11-29,8201.490234375,8247.330078125,8198.5498046875,8230.0302734375,0
2019-12-02,8116.3701171875,8216.1201171875,8111.56982421875,8212.2099609375,0
2019-12-03,8091.580078125,8093.830078125,8026.4501953125,8092.22998046875,0
2019-12-04,8148.66015625,8171.31982421875,8117.2900390625,8117.2900390625,0
2019-12-05,8154.2099609375,8184.56005859375,8138.8798828125,8166.02978515625,0
2019-12-06,8250.26953125,8270.7998046875,8185.06982421875,8185.06982421875,0
2019-12-09,8229.6298828125,8264.080078125,8229.6298828125,8238.9599609375,0
2019-12-10,8240.4404296875,8250.66015625,8213.4501953125,8227.25,0
2019-12-11,8241.6201171875,8254.2802734375,8215.4296875,8249.2099609375,0
2019-12-12,8308.4404296875,8355.2001953125,8232.9296875,8242.7099609375,0
2019-12-13,8275.23046875,8336.900390625,8248.349609375,8304.7802734375,0
2019-12-16,8336.0498046875,8379.91015625,8322.1904296875,8322.1904296875,0
2019-12-17,8374.83984375,8375.509765625,8334.759765625,8339.6201171875,0
2019-12-18,8396.080078125,8404.4404296875,8360.73046875,8389.7802734375,0
2019-12-19,8424.1796875,8424.8798828125,8391.490234375,8401.080078125,0
2019-12-20,8448.7998046875,8461.5498046875,8433.4404296875,8442.2197265625,0
2019-12-23,8460.150390625,8466.0595703125,8419.990234375,8459.33984375,0
2019-12-24,8480.080078125,8480.4697265625,8458.4697265625,8471.080078125,0
2019-12-26,8479.1796875,8492.7802734375,8466.1796875,8492.080078125,0
2019-12-27,8435.990234375,8499.8896484375,8422.8203125,8497.75,0
2019-12-30,8415.6103515625,8446.3095703125,8384.7900390625,8444.5595703125,0
2019-12-31,8437.98046875,8462.58984375,8394.2900390625,8395.400390625,0
2020-01-02,8430.1298828125,8487.599609375,8363.1201171875,8476.3095703125,0
2020-01-03,8400.5703125,8416.599609375,8338.2099609375,8370.98046875,0
2020-01-06,8412.740234375,8420.7802734375,8322.9501953125,8349.0302734375,0
2020-01-07,8387.7900390625,8406.98046875,8362.6103515625,8394.990234375,0
2020-01-08,8414.7001953125,8443.5302734375,8387.580078125,8388.7998046875,0
2020-01-09,8422.2099609375,8456.7802734375,8416.080078125,8446.830078125,0
2020-01-10,8385.4501953125,8431.51953125,8367.0703125,8425.0595703125,0
2020-01-13,8445.9599609375,8445.98046875,8358.5,8392.2197265625,0
2020-01-14,8477.23046875,8520.7197265625,8412.0703125,8440.0498046875,0
2020-01-15,8510.900390625,8539.8603515625,8465.3798828125,8466.8701171875,0
2020-01-16,8626.759765625,8631.6201171875,8558.9697265625,8558.9697265625,0
2020-01-17,8598.58984375,8676.7099609375,8588.740234375,8665.830078125,0
2020-01-21,8529.08984375,8577.419921875,8520.8095703125,8577.419921875,0
2020-01-22,8521.8798828125,8571.990234375,8514.150390625,8555.3095703125,0
2020-01-23,8524.8603515625,8539.23046875,8431.0498046875,8502.25,0
2020-01-24,8410.0400390625,8546.2099609375,8364.2998046875,8539.4599609375,0
2020-01-27,8318.5595703125,8402.98046875,8258.4599609375,8402.98046875,0
2020-01-28,8390.2802734375,8404.830078125,8353.91015625,8353.91015625,0
2020-01-29,8344.3203125,8417.9296875,8343.2197265625,8404.3095703125,0
2020-01-30,8339.76953125,8340.8095703125,8252.3603515625,8305.6103515625,0
2020-01-31,8167.35986328125,8317.26953125,8150.02978515625,8317.26953125,0
2020-02-03,8259.2998046875,8282.9404296875,8191.4501953125,8191.4501953125,0
2020-02-04,8383.7900390625,8405.2001953125,8321.2900390625,8321.2900390625,0
2020-02-05,8511.3798828125,8516.66015625,8437.7900390625,8440.6904296875,0
2020-02-06,8489.509765625,8548.8095703125,8488.66015625,8529.900390625,0
2020-02-07,8385.3798828125,8470.1298828125,8372.900390625,8470.1298828125,0
2020-02-10,8440.58984375,8440.76953125,8369.7197265625,8376.0703125,0
2020-02-11,8490.919921875,8533.9296875,8473.1298828125,8475.650390625,0
2020-02-12,8551.009765625,8554.4599609375,8518.8203125,8525.7802734375,0
2020-02-13,8575.2998046875,8589.48046875,8507.7099609375,8528.9501953125,0
2020-02-14,8545.01953125,8583.419921875,8524.169921875,8581.9296875,0
2020-02-18,8524.509765625,8544.0302734375,8479.3203125,8537.2001953125,0
2020-02-19,8570.5,8598.7900390625,8533.8203125,8533.8203125,0
2020-02-20,8588.6201171875,8603.0302734375,8495.1796875,8554.9404296875,0
2020-02-21,8500.5703125,8582.2099609375,8473.1796875,8582.2099609375,0
2020-02-24,8244.900390625,8490.73046875,8204.58984375,8490.73046875,0
2020-02-25,7960.47021484375,8270.4404296875,7945.64990234375,8259.099609375,0
2020-02-26,7863.68994140625,8043.75,7856.72021484375,7962.490234375,0
2020-02-27,7587.009765625,7871.14013671875,7577.0,7826.9599609375,0
2020-02-28,7479.81005859375,7583.14013671875,7336.85009765625,7583.14013671875,0
2020-03-02,7693.14990234375,7693.25,7412.330078125,7480.89990234375,0
2020-03-03,7529.22021484375,7801.06982421875,7461.6298828125,7693.580078125,0
2020-03-04,7758.2099609375,7758.2099609375,7572.7001953125,7600.89990234375,0
2020-03-05,7493.6298828125,7716.7099609375,7413.0400390625,7716.7099609375,0
2020-03-06,7344.08984375,7482.990234375,7182.169921875,7482.990234375,0
2020-03-09,6656.66015625,7076.2900390625,6643.06005859375,7076.2900390625,0
2020-03-10,6846.89013671875,6849.81982421875,6532.81982421875,6740.39013671875,0
2020-03-11,6408.2001953125,6838.72021484375,6332.080078125,6838.72021484375,0
2020-03-12,5693.39990234375,6357.10009765625,5687.25,6357.10009765625,0
2020-03-13,6136.9501953125,6136.9501953125,5626.14013671875,5851.10009765625,0
2020-03-16,5261.919921875,5959.5,5250.66015625,5959.5,0
2020-03-17,5612.66015625,5613.56982421875,5133.080078125,5294.97998046875,0
2020-03-18,5027.740234375,5391.52001953125,4901.18994140625,5364.97998046875,0
2020-03-19,5370.97021484375,5423.759765625,4914.990234375,5015.68017578125,0
2020-03-20,5144.2998046875,5518.0,5121.330078125,5401.31005859375,0
2020-03-23,5085.2900390625,5163.8701171875,4902.7900390625,5144.56982421875,0
2020-03-24,5563.10009765625,5563.14990234375,5281.740234375,5281.740234375,0
2020-03-25,5633.33984375,5818.22998046875,5458.240234375,5581.47998046875,0
2020-03-26,5988.8798828125,5988.8798828125,5664.10986328125,5664.10986328125,0
2020-03-27,5744.14990234375,5906.18994140625,5712.14990234375,5906.18994140625,0
2020-03-30,5880.56005859375,5882.22021484375,5685.89013671875,5757.8701171875,0
2020-03-31,5854.7099609375,5913.240234375,5739.169921875,5867.7998046875,0
2020-04-01,5443.41015625,5726.39990234375,5405.85986328125,5726.39990234375,0
2020-04-02,5513.77001953125,5597.830078125,5360.39990234375,5440.89990234375,0
2020-04-03,5342.43017578125,5499.06005859375,5257.81982421875,5499.06005859375,0
2020-04-06,5782.97021484375,5788.81982421875,5514.35009765625,5514.35009765625,0
2020-04-07,5785.169921875,6048.2900390625,5756.6298828125,5881.66015625,0
2020-04-08,6052.14990234375,6080.1298828125,5826.669921875,5845.669921875,0
2020-04-09,6332.2099609375,6349.509765625,6159.2099609375,6159.2099609375,0
2020-04-13,6156.0400390625,6302.7998046875,6099.56982421875,6302.669921875,0
2020-04-14,6284.7900390625,6358.669921875,6217.81005859375,6259.2998046875,0
2020-04-15,6013.93994140625,6205.60986328125,5973.56982421875,6205.60986328125,0
2020-04-16,5984.52978515625,6034.06005859375,5864.81982421875,6020.169921875,0
2020-04-17,6243.68017578125,6258.06005859375,6054.490234375,6054.490234375,0
2020-04-20,6163.56982421875,6267.77978515625,6107.02001953125,6200.56005859375,0
2020-04-21,6020.14990234375,6074.919921875,5963.330078125,6056.35009765625,0
2020-04-22,6103.60986328125,6163.64013671875,6078.31005859375,6111.18994140625,0
2020-04-23,6167.47021484375,6261.60009765625,6114.6201171875,6114.6201171875,0
2020-04-24,6264.02001953125,6290.72021484375,6150.06982421875,6180.85986328125,0
2020-04-27,6512.080078125,6549.2001953125,6316.97021484375,6316.97021484375,0
2020-04-28,6594.41015625,6689.02001953125,6516.64013671875,6610.330078125,0
2020-04-29,6913.2001953125,6977.35986328125,6675.83984375,6675.83984375,0
2020-04-30,6658.8798828125,6883.1201171875,6657.7998046875,6883.1201171875,0
2020-05-01,6404.16015625,6508.83984375,6309.830078125,6506.27978515625,0
2020-05-04,6421.9599609375,6421.9599609375,6269.75,6375.759765625,0
2020-05-05,6470.580078125,6617.6298828125,6452.7099609375,6458.93017578125,0
2020-05-06,6417.52001953125,6528.85986328125,6415.259765625,6498.259765625,0
2020-05-07,6519.419921875,6560.02001953125,6445.330078125,6445.330078125,0
2020-05-08,6757.52001953125,6759.91015625,6577.85009765625,6577.85009765625,0
2020-05-11,6714.93994140625,6779.0498046875,6624.919921875,6710.5400390625,0
2020-05-12,6483.08984375,6744.06982421875,6483.08984375,6722.64990234375,0
2020-05-13,6268.490234375,6470.009765625,6164.2998046875,6470.009765625,0
2020-05-14,6291.91015625,6291.919921875,6004.93017578125,6236.5400390625,0
2020-05-15,6391.580078125,6403.2099609375,6231.72021484375,6286.10009765625,0
2020-05-18,6781.81982421875,6805.52978515625,6564.22998046875,6564.22998046875,0
2020-05-19,6650.06982421875,6809.740234375,6647.7998046875,6764.759765625,0
2020-05-20,6849.93994140625,6882.759765625,6727.1298828125,6727.1298828125,0
2020-05-21,6853.68994140625,6889.72998046875,6784.68017578125,6844.33984375,0
2020-05-22,6894.43017578125,6895.64990234375,6805.93017578125,6863.259765625,0
2020-05-27,7305.669921875,7318.89013671875,7029.35986328125,7113.1298828125,0
2020-05-28,7124.77001953125,7377.5400390625,7105.81982421875,7313.81005859375,0
2020-05-29,7092.2099609375,7117.740234375,6983.72998046875,7117.740234375,0
2020-06-01,7150.10009765625,7224.2001953125,7099.9501953125,7103.8798828125,0
2020-06-02,7215.52001953125,7230.31005859375,7141.64990234375,7169.47998046875,0
2020-06-03,7387.93017578125,7446.22021484375,7251.97021484375,7251.97021484375,0
2020-06-04,7388.5400390625,7429.35986328125,7322.6298828125,7378.8701171875,0
2020-06-05,7669.02001953125,7762.68994140625,7430.0,7430.0,0
2020-06-08,7820.43994140625,7824.1201171875,7686.56982421875,7686.56982421875,0
2020-06-09,7668.91015625,7801.080078125,7616.16015625,7801.080078125,0
2020-06-10,7467.4501953125,7668.7099609375,7460.06982421875,7668.7099609375,0
2020-06-12,7064.22021484375,7192.60009765625,6869.31982421875,6958.72998046875,0
2020-06-15,7227.25,7258.97998046875,6840.330078125,7032.81982421875,0
2020-06-16,7393.56982421875,7502.9501953125,7269.259765625,7292.18994140625,0
2020-06-17,7262.81005859375,7416.72998046875,7252.9501953125,7399.22998046875,0
2020-06-18,7267.7001953125,7330.419921875,7190.56005859375,7253.9501953125,0
2020-06-19,7223.169921875,7351.330078125,7176.52001953125,7284.3701171875,0
2020-06-22,7299.0498046875,7299.0498046875,7133.35009765625,7218.31005859375,0
2020-06-23,7328.68017578125,7403.9501953125,7314.0498046875,7314.0498046875,0
2020-06-24,7076.39990234375,7318.0498046875,6998.27001953125,7318.0498046875,0
2020-06-25,7196.81005859375,7198.7998046875,7003.56982421875,7069.990234375,0
2020-06-26,7021.08984375,7187.02978515625,7004.81982421875,7187.02978515625,0
2020-06-29,7239.8798828125,7269.81982421875,7035.35009765625,7045.5400390625,0
2020-06-30,7342.89990234375,7356.93017578125,7199.31982421875,7226.68994140625,0
2020-07-01,7271.8798828125,7394.8798828125,7253.22021484375,7353.25,0
2020-07-02,7295.18994140625,7435.5498046875,7278.31982421875,7302.97998046875,0
2020-07-06,7351.5,7445.2099609375,7316.16015625,7316.16015625,0
2020-07-07,7214.58984375,7343.52978515625,7205.669921875,7343.52978515625,0
2020-07-08,7272.91015625,7295.4599609375,7144.3798828125,7216.669921875,0
2020-07-09,7127.9501953125,7275.259765625,7052.419921875,7273.27001953125,0
2020-07-10,7249.43017578125,7249.58984375,7111.72021484375,7128.3701171875,0
2020-07-13,7152.06005859375,7400.5,7149.490234375,7273.31005859375,0
2020-07-14,7278.31005859375,7279.0498046875,7103.22021484375,7150.25,0
2020-07-15,7533.169921875,7567.7099609375,7299.93994140625,7299.93994140625,0
2020-07-16,7479.18994140625,7510.8701171875,7441.0498046875,7510.8701171875,0
2020-07-17,7508.56982421875,7554.830078125,7464.68017578125,7480.81982421875,0
2020-07-20,7481.240234375,7513.9501953125,7447.2998046875,7500.169921875,0
2020-07-21,7580.9599609375,7627.93994140625,7502.56005859375,7502.56005859375,0
2020-07-22,7594.419921875,7611.8701171875,7537.0498046875,7575.490234375,0
2020-07-23,7594.89013671875,7681.72998046875,7528.759765625,7590.43994140625,0
2020-07-24,7479.77001953125,7587.39990234375,7472.33984375,7587.39990234375,0
2020-07-27,7566.93994140625,7566.9599609375,7464.10986328125,7483.22998046875,0
2020-07-28,7491.0498046875,7570.47998046875,7490.009765625,7565.5400390625,0
2020-07-29,7648.41015625,7654.7001953125,7499.2900390625,7499.2900390625,0
2020-07-30,7620.580078125,7641.490234375,7518.93017578125,7641.490234375,0
2020-07-31,7546.14013671875,7621.16015625,7429.85986328125,7621.16015625,0
2020-08-03,7680.68017578125,7686.43017578125,7561.22998046875,7572.06005859375,0
2020-08-04,7734.02001953125,7734.06982421875,7654.31982421875,7679.580078125,0
2020-08-05,7882.2998046875,7883.10986328125,7757.66015625,7757.66015625,0
2020-08-06,7875.06005859375,7904.8701171875,7838.5498046875,7884.31982421875,0
2020-08-07,8000.990234375,8001.39013671875,7849.72998046875,7865.06005859375,0
2020-08-10,8080.080078125,8126.77978515625,8024.419921875,8024.419921875,0
2020-08-11,8031.52978515625,8176.85986328125,8009.10009765625,8095.08984375,0
2020-08-12,8073.22998046875,8133.77978515625,8027.35986328125,8045.9599609375,0
2020-08-13,8057.02978515625,8109.5400390625,8037.490234375,8059.419921875,0
2020-08-14,8048.5,8077.06982421875,7997.5,8037.759765625,0
2020-08-17,8087.509765625,8092.85009765625,8038.39013671875,8056.9599609375,0
2020-08-18,8007.68994140625,8088.1201171875,7991.06005859375,8088.1201171875,0
2020-08-19,8019.64990234375,8086.43017578125,8009.0,8011.35986328125,0
2020-08-20,7980.60009765625,8011.60009765625,7930.419921875,7998.2900390625,0
2020-08-21,7920.509765625,7976.10009765625,7884.2099609375,7976.10009765625,0
2020-08-24,8002.16015625,8003.5,7928.83984375,7958.72998046875,0
2020-08-25,8016.43017578125,8031.89990234375,7942.81005859375,8023.77001953125,0
2020-08-26,7960.33984375,8023.5,7958.0,8014.06005859375,0
2020-08-27,7983.0400390625,8028.02978515625,7935.6298828125,7966.7099609375,0
2020-08-28,8054.080078125,8054.080078125,7996.85009765625,8013.83984375,0
2020-08-31,7971.31005859375,8051.2900390625,7971.31005859375,8051.2900390625,0
2020-09-01,8056.740234375,8056.75,7932.27001953125,7967.52001953125,0
2020-09-02,8126.740234375,8140.7900390625,7999.8701171875,8057.81982421875,0
2020-09-03,7884.39990234375,8128.31005859375,7853.02978515625,8128.31005859375,0
2020-09-04,7836.759765625,7980.06982421875,7664.31982421875,7894.6201171875,0
2020-09-08,7680.06982421875,7832.080078125,7655.759765625,7832.080078125,0
2020-09-10,7697.81982421875,7879.9501953125,7697.72021484375,7795.419921875,0
2020-09-11,7644.39013671875,7739.8798828125,7581.490234375,7703.22998046875,0
2020-09-14,7848.740234375,7856.5400390625,7656.81005859375,7656.81005859375,0
2020-09-15,7855.14013671875,7920.83984375,7842.2900390625,7857.08984375,0
2020-09-16,7927.85009765625,8028.6298828125,7861.14990234375,7861.14990234375,0
2020-09-17,7878.580078125,7917.06982421875,7796.60009765625,7917.06982421875,0
2020-09-18,7849.14013671875,7949.25,7762.2001953125,7887.77001953125,0
2020-09-21,7586.27001953125,7834.85009765625,7510.58984375,7834.85009765625,0
2020-09-22,7646.10009765625,7650.4501953125,7531.31982421875,7590.3798828125,0
2020-09-23,7413.93017578125,7682.2001953125,7413.68994140625,7646.39013671875,0
2020-09-24,7416.31005859375,7529.7099609375,7318.009765625,7411.2900390625,0
2020-09-25,7534.3798828125,7555.02978515625,7385.169921875,7412.1298828125,0
2020-09-28,7715.669921875,7736.02001953125,7547.52978515625,7547.52978515625,0
2020-09-29,7689.43994140625,7727.72998046875,7627.080078125,7717.419921875,0
2020-09-30,7705.0400390625,7808.8798828125,7656.990234375,7690.4501953125,0
2020-10-01,7825.830078125,7829.509765625,7710.31005859375,7710.31005859375,0
2020-10-02,7867.27978515625,7893.8798828125,7656.7998046875,7807.4501953125,0
2020-10-05,8085.41015625,8088.9599609375,7877.0498046875,7877.0498046875,0
2020-10-06,8061.68994140625,8275.9296875,8061.68994140625,8098.490234375,0
2020-10-07,8234.3603515625,8252.599609375,8081.43017578125,8081.43017578125,0
2020-10-08,8324.3095703125,8333.4404296875,8256.48046875,8256.48046875,0
2020-10-09,8370.4501953125,8408.740234375,8335.51953125,8335.51953125,0
2020-10-12,8429.26953125,8444.580078125,8369.4501953125,8395.580078125,0
2020-10-13,8366.9697265625,8421.76953125,8340.150390625,8421.76953125,0
2020-10-14,8289.759765625,8424.419921875,8289.3203125,8373.2001953125,0
2020-10-15,8378.2998046875,8389.1298828125,8171.830078125,8276.0595703125,0
2020-10-16,8352.3603515625,8415.9697265625,8352.33984375,8376.259765625,0
2020-10-19,8249.23046875,8420.08984375,8242.0302734375,8367.8896484375,0
2020-10-20,8270.08984375,8347.0302734375,8261.3203125,8284.7099609375,0
2020-10-21,8198.919921875,8291.490234375,8198.8798828125,8273.3798828125,0
2020-10-22,8334.5,8343.259765625,8200.0703125,8205.1396484375,0
2020-10-23,8387.150390625,8392.169921875,8314.669921875,8354.2197265625,0
2020-10-26,8206.759765625,8360.1796875,8113.08984375,8360.1796875,0
2020-10-27,8132.60986328125,8228.8701171875,8132.60986328125,8209.1396484375,0
2020-10-28,7890.18017578125,8112.56005859375,7886.39990234375,8112.56005859375,0
2020-10-29,7984.08984375,8008.72021484375,7834.06005859375,7889.41015625,0
2020-10-30,7866.419921875,7974.89013671875,7803.72998046875,7974.89013671875,0
2020-11-02,8020.52978515625,8020.52978515625,7878.7099609375,7878.7099609375,0
2020-11-03,8254.2900390625,8287.41015625,8037.75,8037.75,0
2020-11-04,8258.58984375,8341.5498046875,8174.1201171875,8247.830078125,0
2020-11-05,8489.400390625,8510.23046875,8267.509765625,8267.509765625,0
2020-11-06,8429.6103515625,8526.2001953125,8429.599609375,8493.6298828125,0
2020-11-09,8721.1201171875,8929.0498046875,8450.419921875,8450.419921875,0
2020-11-10,8885.0,8909.650390625,8728.6796875,8728.6796875,0
2020-11-11,8884.6201171875,8932.5703125,8809.33984375,8894.5595703125,0
2020-11-12,8740.08984375,8880.8701171875,8679.6396484375,8880.8701171875,0
2020-11-13,8923.900390625,8951.08984375,8749.98046875,8749.98046875,0
2020-11-16,9135.4697265625,9135.48046875,8939.41015625,8939.41015625,0
2020-11-17,9169.3203125,9189.650390625,8982.1796875,9124.1396484375,0
2020-11-18,9053.740234375,9237.3701171875,9053.740234375,9173.7197265625,0
2020-11-19,9130.2099609375,9132.7998046875,9028.1796875,9054.0595703125,0
2020-11-20,9136.599609375,9147.099609375,9063.8896484375,9120.2900390625,0
2020-11-23,9305.4404296875,9353.0595703125,9146.490234375,9146.490234375,0
2020-11-24,9486.169921875,9530.3896484375,9312.1201171875,9312.1201171875,0
2020-11-25,9443.0,9481.8896484375,9376.0703125,9481.8896484375,0
2020-11-27,9496.3603515625,9496.3798828125,9446.3701171875,9450.23046875,0
2020-11-30,9316.3896484375,9495.830078125,9284.3798828125,9495.830078125,0
2020-12-01,9399.7802734375,9461.0703125,9332.580078125,9332.580078125,0
2020-12-02,9410.099609375,9433.16015625,9302.5302734375,9384.7802734375,0
2020-12-03,9465.58984375,9525.25,9413.4697265625,9413.4697265625,0
2020-12-04,9689.7900390625,9689.7998046875,9472.33984375,9472.33984375,0
2020-12-07,9683.830078125,9715.5,9660.919921875,9691.349609375,0
2020-12-08,9819.7197265625,9820.8603515625,9634.9404296875,9680.400390625,0
2020-12-09,9740.26953125,9909.83984375,9674.66015625,9827.400390625,0
2020-12-10,9846.1904296875,9853.419921875,9666.8798828125,9736.7900390625,0
2020-12-11,9790.0498046875,9867.0498046875,9709.759765625,9839.08984375,0
2020-12-14,9803.009765625,9958.01953125,9803.009765625,9804.5,0
2020-12-15,10038.599609375,10043.9697265625,9813.91015625,9813.91015625,0
2020-12-16,10003.0595703125,10071.650390625,9973.990234375,10046.7802734375,0
2020-12-17,10133.2001953125,10133.2197265625,10008.76953125,10008.76953125,0
2020-12-18,10092.099609375,10208.580078125,10069.98046875,10137.6904296875,0
2020-12-21,10094.150390625,10095.919921875,9911.419921875,10081.8701171875,0
2020-12-22,10194.6796875,10208.099609375,10098.8896484375,10098.8896484375,0
2020-12-23,10283.0400390625,10307.2998046875,10201.0302734375,10201.0302734375,0
2020-12-24,10267.48046875,10318.8203125,10232.7900390625,10314.759765625,0
2020-12-28,10228.0400390625,10381.6904296875,10228.0400390625,10316.3701171875,0
2020-12-29,10039.7998046875,10256.7099609375,9996.0400390625,10231.23046875,0
2020-12-30,10148.259765625,10188.169921875,10054.66015625,10054.66015625,0
2020-12-31,10122.26953125,10155.83984375,10062.830078125,10148.26953125,0
2021-01-05,10144.330078125,10193.8203125,9962.76953125,9973.5302734375,0
2021-01-06,10548.5,10660.23046875,10150.599609375,10150.599609375,0
2021-01-07,10748.400390625,10760.5498046875,10555.91015625,10555.91015625,0
2021-01-08,10722.0595703125,10835.990234375,10583.4296875,10756.8603515625,0
2021-01-11,10718.7998046875,10741.3203125,10568.26953125,10707.4599609375,0
2021-01-12,10908.26953125,10910.4697265625,10722.8701171875,10722.8701171875,0
2021-01-13,10826.3798828125,10926.1103515625,10814.849609375,10909.4501953125,0
2021-01-14,11049.169921875,11095.150390625,10835.2802734375,10835.2802734375,0
2021-01-15,10884.41015625,11045.83984375,10778.4599609375,11045.83984375,0
2021-01-19,11027.650390625,11033.8701171875,10896.2998046875,10896.2998046875,0
2021-01-20,11076.349609375,11143.5498046875,11021.8701171875,11033.740234375,0
2021-01-21,10978.009765625,11109.3203125,10960.650390625,11079.9404296875,0
2021-01-25,11090.5400390625,11252.4697265625,10946.73046875,11118.4697265625,0
2021-01-26,11021.759765625,11191.73046875,11003.75,11101.7802734375,0
2021-01-27,10810.75,11005.3701171875,10704.7001953125,11005.3701171875,0
2021-01-28,10800.48046875,10962.4501953125,10739.8203125,10824.490234375,0
2021-01-29,10631.6396484375,10892.990234375,10595.48046875,10801.5302734375,0
2021-02-01,10901.1103515625,10924.2998046875,10638.849609375,10638.849609375,0
2021-02-02,11030.8203125,11046.7001953125,10902.7099609375,10907.08984375,0
2021-02-03,11073.490234375,11092.259765625,10950.83984375,11031.23046875,0
2021-02-04,11293.419921875,11293.419921875,11079.8701171875,11079.8701171875,0
2021-02-05,11452.400390625,11452.400390625,11296.599609375,11296.599609375,0
2021-02-08,11741.9697265625,11741.9697265625,11457.8603515625,11457.8603515625,0
2021-02-09,11789.9296875,11843.41015625,11702.419921875,11741.9599609375,0
2021-02-10,11705.2197265625,11888.0302734375,11624.2802734375,11798.75,0
2021-02-11,11721.76953125,11815.7001953125,11569.1904296875,11711.26953125,0
2021-02-12,11743.080078125,11765.51953125,11614.9697265625,11719.0,0
2021-02-16,11658.8095703125,11849.650390625,11624.83984375,11749.490234375,0
2021-02-18,11379.91015625,11557.599609375,11329.16015625,11557.599609375,0
2021-02-19,11628.2900390625,11675.400390625,11382.7197265625,11382.7197265625,0
2021-02-22,11548.23046875,11677.7900390625,11530.9296875,11624.16015625,0
2021-02-23,11446.9599609375,11534.7099609375,11127.6796875,11534.7099609375,0
2021-02-24,11719.5,11730.33984375,11452.8701171875,11452.8701171875,0
2021-02-25,11288.5302734375,11744.58984375,11269.7998046875,11717.7998046875,0
2021-02-26,11294.259765625,11454.51953125,11113.7001953125,11295.5302734375,0
2021-03-01,11675.509765625,11697.169921875,11304.5595703125,11304.5595703125,0
2021-03-02,11451.26953125,11675.0595703125,11449.2099609375,11675.0595703125,0
2021-03-04,11018.1103515625,11377.9697265625,10829.349609375,11330.1796875,0
2021-03-05,11250.849609375,11256.2900390625,10701.26953125,11031.2802734375,0
2021-03-08,11306.33984375,11462.150390625,11252.41015625,11253.2900390625,0
2021-03-09,11522.98046875,11608.0703125,11316.349609375,11316.349609375,0
2021-03-10,11731.830078125,11802.5302734375,11533.08984375,11533.08984375,0
2021-03-11,12004.419921875,12004.4404296875,11744.6796875,11744.6796875,0
2021-03-12,12079.2197265625,12086.48046875,11939.9296875,11999.33984375,0
2021-03-15,12117.51953125,12117.51953125,11999.259765625,12079.650390625,0
2021-03-16,11909.41015625,12117.9296875,11834.740234375,12117.9296875,0
2021-03-17,11996.2802734375,12011.1103515625,11757.259765625,11887.16015625,0
2021-03-18,11643.599609375,12018.23046875,11615.2900390625,11993.990234375,0
2021-03-19,11746.3203125,11800.2001953125,11541.0400390625,11644.16015625,0
2021-03-22,11640.1201171875,11779.7900390625,11598.330078125,11748.419921875,0
2021-03-23,11223.580078125,11626.4501953125,11172.6904296875,11626.4501953125,0
2021-03-24,10959.98046875,11410.3701171875,10959.2197265625,11261.33984375,0
2021-03-25,11211.240234375,11251.1396484375,10785.7998046875,10954.6298828125,0
2021-03-26,11408.51953125,11412.150390625,11184.7197265625,11251.3701171875,0
2021-03-29,11086.1201171875,11417.419921875,11084.900390625,11397.4697265625,0
2021-03-30,11279.83984375,11314.91015625,11052.58984375,11088.7802734375,0
2021-03-31,11407.7001953125,11495.849609375,11302.4599609375,11302.4599609375,0
2021-04-01,11579.490234375,11579.5,11432.48046875,11432.48046875,0
2021-04-05,11636.0,11717.919921875,11579.75,11717.759765625,0
2021-04-06,11606.5703125,11715.5595703125,11598.3603515625,11635.2900390625,0
2021-04-07,11421.2197265625,11606.6796875,11394.1201171875,11606.6796875,0
2021-04-08,11521.849609375,11523.919921875,11374.099609375,11432.4404296875,0
2021-04-09,11526.7197265625,11539.6298828125,11462.76953125,11518.9697265625,0
2021-04-12,11477.0595703125,11531.25,11417.580078125,11531.25,0
2021-04-13,11452.1796875,11495.650390625,11345.7197265625,11478.2197265625,0
2021-04-14,11549.240234375,11678.3896484375,11459.0400390625,11459.0400390625,0
2021-04-15,11597.5703125,11634.01953125,11513.7099609375,11558.26953125,0
2021-04-16,11626.41015625,11680.25,11570.2099609375,11603.91015625,0
2021-04-19,11468.849609375,11618.4404296875,11402.330078125,11618.4404296875,0
2021-04-20,11243.919921875,11464.4296875,11158.98046875,11464.4296875,0
2021-04-21,11508.2099609375,11512.509765625,11178.33984375,11240.2802734375,0
2021-04-22,11472.330078125,11656.8701171875,11445.98046875,11514.73046875,0
2021-04-23,11674.2099609375,11722.3203125,11478.25,11478.25,0
2021-04-26,11808.650390625,11831.1396484375,11692.2001953125,11692.2001953125,0
2021-04-27,11825.419921875,11869.2802734375,11790.1904296875,11812.900390625,0
2021-04-28,11840.2900390625,11869.3701171875,11774.1298828125,11824.5498046875,0
2021-04-29,11796.1103515625,11937.2001953125,11708.5498046875,11855.7900390625,0
2021-04-30,11647.240234375,11781.0498046875,11610.5,11781.0498046875,0
2021-05-03,11703.919921875,11761.0498046875,11654.240234375,11658.51953125,0
2021-05-04,11554.1796875,11691.98046875,11438.1201171875,11691.98046875,0
2021-05-06,11520.349609375,11523.490234375,11336.2197265625,11514.099609375,0
2021-05-07,11676.3798828125,11677.2802734375,11516.6904296875,11524.6103515625,0
2021-05-10,11373.76953125,11674.7099609375,11373.25,11673.9404296875,0
2021-05-12,10975.75,11334.9697265625,10960.91015625,11334.9697265625,0
2021-05-13,11161.33984375,11234.8095703125,10971.25,10977.7099609375,0
2021-05-14,11438.73046875,11447.7900390625,11163.7001953125,11163.7001953125,0
2021-05-17,11451.7802734375,11453.509765625,11297.4296875,11429.8798828125,0
2021-05-18,11368.5498046875,11541.080078125,11366.259765625,11456.16015625,0
2021-05-19,11280.169921875,11342.5595703125,11102.759765625,11342.5595703125,0
2021-05-21,11392.3203125,11503.23046875,11366.2998046875,11366.2998046875,0
2021-05-24,11454.4501953125,11504.8095703125,11407.2099609375,11432.419921875,0
2021-05-26,11567.6298828125,11574.5,11352.0302734375,11352.0302734375,0
2021-05-27,11691.1103515625,11714.4599609375,11576.2197265625,11576.2197265625,0
2021-05-28,11671.259765625,11754.0302734375,11650.4404296875,11696.169921875,0
2021-06-01,11804.0595703125,11824.5400390625,11678.7197265625,11678.7197265625,0
2021-06-02,11820.1103515625,11842.650390625,11754.349609375,11808.91015625,0
2021-06-03,11725.3603515625,11814.4404296875,11610.91015625,11814.4404296875,0
2021-06-04,11762.4404296875,11799.8203125,11716.2802734375,11734.9404296875,0
2021-06-07,11931.099609375,11943.7900390625,11765.1904296875,11765.1904296875,0
2021-06-08,12057.650390625,12081.2998046875,11915.7197265625,11933.2099609375,0
2021-06-09,11972.8798828125,12094.169921875,11964.830078125,12063.8896484375,0
2021-06-11,12018.330078125,12018.33984375,11898.9404296875,11898.9404296875,0
2021-06-14,11970.4404296875,12086.1904296875,11939.6904296875,12028.6201171875,0
2021-06-15,11939.76953125,11979.91015625,11845.66015625,11974.2001953125,0
2021-06-16,11912.1904296875,11949.33984375,11817.08984375,11934.849609375,0
2021-06-17,11772.6904296875,11922.66015625,11652.5703125,11910.2998046875,0
2021-06-18,11517.009765625,11760.0,11475.0,11760.0,0
2021-06-21,11766.01953125,11784.91015625,11521.6796875,11521.6796875,0
2021-06-22,11816.990234375,11829.3798828125,11663.66015625,11763.01953125,0
2021-06-23,11855.990234375,11911.73046875,11819.6103515625,11819.6103515625,0
2021-06-24,12011.5703125,12011.76953125,11866.349609375,11866.349609375,0
2021-06-25,12015.75,12097.1796875,12015.75,12028.4404296875,0
2021-06-28,11953.8896484375,12056.0595703125,11876.08984375,12020.8203125,0
2021-06-29,11888.1103515625,12008.76953125,11873.08984375,11961.3896484375,0
2021-06-30,11897.3798828125,11932.1201171875,11819.5498046875,11884.01953125,0
2021-07-01,11994.66015625,12009.7099609375,11908.23046875,11908.23046875,0
2021-07-02,11873.4296875,12013.4296875,11858.91015625,11990.650390625,0
2021-07-06,11712.6103515625,11879.5,11622.33984375,11874.6103515625,0
2021-07-07,11601.1904296875,11731.25,11511.8603515625,11712.8603515625,0
2021-07-08,11492.4296875,11600.8095703125,11293.150390625,11586.490234375,0
2021-07-09,11741.650390625,11741.66015625,11509.0,11509.0,0
2021-07-12,11751.150390625,11759.58984375,11650.400390625,11739.830078125,0
2021-07-13,11529.98046875,11744.349609375,11527.4599609375,11744.349609375,0
2021-07-14,11342.509765625,11612.6103515625,11336.7001953125,11537.66015625,0
2021-07-15,11280.7099609375,11344.8798828125,11157.2802734375,11337.259765625,0
2021-07-16,11141.4296875,11384.8701171875,11127.5,11288.91015625,0
2021-07-19,10973.7998046875,11123.2998046875,10852.2099609375,11123.2998046875,0
2021-07-20,11301.4599609375,11364.9697265625,10979.5302734375,10979.5302734375,0
2021-07-21,11506.259765625,11521.1796875,11309.0498046875,11309.0498046875,0
2021-07-22,11328.4697265625,11505.1796875,11295.01953125,11505.1796875,0
2021-07-23,11381.169921875,11394.8896484375,11261.9697265625,11336.7900390625,0
2021-07-26,11418.6201171875,11497.41015625,11370.2900390625,11383.5302734375,0
2021-07-27,11289.4404296875,11412.0400390625,11184.0498046875,11412.0400390625,0
2021-07-28,11460.0595703125,11522.3095703125,11283.4296875,11296.2998046875,0
2021-07-29,11538.33984375,11625.58984375,11460.7099609375,11460.7099609375,0
2021-07-30,11467.7802734375,11597.2099609375,11435.33984375,11532.98046875,0
2021-08-02,11412.5595703125,11623.48046875,11396.8798828125,11477.1103515625,0
2021-08-03,11454.509765625,11454.6201171875,11280.2900390625,11416.75,0
2021-08-04,11314.490234375,11452.4599609375,11309.58984375,11439.900390625,0
2021-08-05,11519.5703125,11520.490234375,11324.6201171875,11324.6201171875,0
2021-08-06,11580.650390625,11635.01953125,11517.8896484375,11525.669921875,0
2021-08-09,11514.4599609375,11579.509765625,11497.2900390625,11579.509765625,0
2021-08-10,11538.3603515625,11567.5595703125,11490.25,11521.48046875,0
2021-08-11,11535.4501953125,11561.6201171875,11447.58984375,11542.580078125,0
2021-08-12,11564.1103515625,11597.91015625,11505.58984375,11595.66015625,0
2021-08-13,11457.3203125,11566.01953125,11448.0400390625,11566.01953125,0
2021-08-16,11356.5498046875,11452.4697265625,11299.16015625,11452.4697265625,0
2021-08-17,11221.58984375,11347.7197265625,11094.3603515625,11347.7197265625,0
2021-08-18,11127.25,11299.3203125,11123.0595703125,11221.8095703125,0
2021-08-19,10992.25,11119.1396484375,10939.76953125,11119.1396484375,0
2021-08-20,11173.9404296875,11184.51953125,10966.2998046875,10989.3896484375,0
2021-08-23,11383.9697265625,11398.51953125,11181.9501953125,11181.9501953125,0
2021-08-24,11500.5703125,11506.2197265625,11386.6201171875,11386.6201171875,0
2021-08-25,11543.8203125,11610.16015625,11478.7099609375,11499.7998046875,0
2021-08-26,11413.919921875,11570.9501953125,11404.7802734375,11543.9404296875,0
2021-08-27,11739.759765625,11763.9404296875,11413.1201171875,11413.1201171875,0
2021-08-30,11682.830078125,11787.849609375,11674.1201171875,11747.0595703125,0
2021-08-31,11724.2998046875,11741.900390625,11655.51953125,11685.669921875,0
2021-09-01,11792.9697265625,11823.8896484375,11677.1298828125,11726.73046875,0
2021-09-02,11881.1298828125,11911.8095703125,11798.7001953125,11798.7001953125,0
2021-09-03,11819.58984375,11879.91015625,11792.0302734375,11879.91015625,0
2021-09-07,11735.01953125,11863.8203125,11734.7998046875,11820.400390625,0
2021-09-08,11601.8798828125,11732.2197265625,11559.1103515625,11732.2197265625,0
2021-09-09,11600.080078125,11724.1201171875,11574.3203125,11602.169921875,0
2021-09-10,11488.849609375,11677.419921875,11488.83984375,11607.8896484375,0
2021-09-13,11557.240234375,11577.5400390625,11435.2099609375,11493.830078125,0
2021-09-14,11400.7900390625,11606.849609375,11370.669921875,11564.7998046875,0
2021-09-15,11527.2802734375,11540.23046875,11387.849609375,11403.5302734375,0
2021-09-16,11519.900390625,11571.1298828125,11439.6396484375,11527.1298828125,0
2021-09-17,11540.6201171875,11560.509765625,11455.5703125,11523.48046875,0
2021-09-20,11258.669921875,11521.259765625,11120.08984375,11521.259765625,0
2021-09-21,11279.349609375,11359.4599609375,11210.4404296875,11266.66015625,0
2021-09-22,11446.75,11527.2900390625,11289.580078125,11289.580078125,0
2021-09-23,11655.849609375,11690.7802734375,11454.75,11454.75,0
2021-09-24,11599.5302734375,11660.7197265625,11553.599609375,11650.4697265625,0
2021-09-27,11769.51953125,11833.23046875,11599.0400390625,11599.0400390625,0
2021-09-28,11505.2998046875,11761.91015625,11493.9697265625,11761.91015625,0
2021-09-29,11485.6298828125,11560.169921875,11467.1396484375,11512.990234375,0
2021-09-30,11378.6103515625,11560.1103515625,11378.580078125,11494.0400390625,0
2021-10-01,11610.0400390625,11610.0400390625,11341.6103515625,11386.83984375,0
2021-10-04,11446.5498046875,11567.2099609375,11411.1396484375,11567.2099609375,0
2021-10-05,11502.9599609375,11589.0498046875,11451.900390625,11451.900390625,0
2021-10-06,11434.0703125,11491.3203125,11298.4697265625,11491.3203125,0
2021-10-07,11615.8203125,11693.919921875,11447.990234375,11447.990234375,0
2021-10-08,11528.6103515625,11649.75,11528.6103515625,11617.5400390625,0
2021-10-11,11464.33984375,11624.419921875,11464.33984375,11528.1396484375,0
2021-10-12,11534.919921875,11571.7197265625,11469.23046875,11469.23046875,0
2021-10-13,11574.7900390625,11574.7900390625,11462.599609375,11538.900390625,0
2021-10-14,11741.7099609375,11748.580078125,11585.669921875,11585.669921875,0
2021-10-15,11697.8203125,11907.5,11697.7802734375,11755.0498046875,0
2021-10-18,11709.1396484375,11732.3896484375,11644.9296875,11694.7900390625,0
2021-10-19,11750.8896484375,11796.1201171875,11698.1396484375,11716.5,0
2021-10-20,11822.509765625,11849.1103515625,11729.9501953125,11751.509765625,0
2021-10-21,11855.990234375,11896.33984375,11798.08984375,11826.1796875,0
2021-10-22,11830.900390625,11874.599609375,11757.4501953125,11853.650390625,0
2021-10-25,11941.3203125,11952.6904296875,11833.7197265625,11833.7197265625,0
2021-10-26,11855.8603515625,11986.990234375,11855.849609375,11945.0498046875,0
2021-10-27,11630.8095703125,11852.6103515625,11630.7900390625,11852.6103515625,0
2021-10-28,11866.3095703125,11870.3203125,11638.7197265625,11638.7197265625,0
2021-10-29,11862.650390625,11889.26953125,11814.4501953125,11860.33984375,0
2021-11-01,12177.6396484375,12180.33984375,11867.599609375,11867.599609375,0
2021-11-02,12196.990234375,12205.75,12112.0,12178.3701171875,0
2021-11-03,12416.23046875,12463.3203125,12162.7099609375,12196.9697265625,0
2021-11-04,12407.16015625,12517.66015625,12371.3701171875,12418.7900390625,0
2021-11-05,12587.51953125,12649.7802734375,12412.1796875,12412.1796875,0
2021-11-08,12617.51953125,12700.740234375,12593.33984375,12594.8896484375,0
2021-11-09,12538.9296875,12616.009765625,12472.48046875,12616.009765625,0
2021-11-10,12344.83984375,12548.330078125,12299.259765625,12535.2197265625,0
2021-11-11,12445.900390625,12495.9296875,12349.599609375,12349.599609375,0
2021-11-12,12461.48046875,12489.51953125,12430.7900390625,12449.51953125,0
2021-11-15,12406.1796875,12510.2001953125,12364.6298828125,12463.5498046875,0
2021-11-16,12427.650390625,12444.7998046875,12332.009765625,12402.2099609375,0
2021-11-17,12282.9697265625,12423.509765625,12242.1396484375,12423.509765625,0
2021-11-18,12214.41015625,12330.150390625,12136.5400390625,12286.8095703125,0
2021-11-19,12109.16015625,12208.7998046875,12100.9501953125,12208.7998046875,0
2021-11-22,12048.4697265625,12246.330078125,12048.4697265625,12112.1298828125,0
2021-11-23,12030.7900390625,12107.169921875,11904.2802734375,12048.3203125,0
2021-11-24,12049.9404296875,12065.009765625,11907.73046875,12025.330078125,0
2021-11-26,11608.5595703125,12037.7900390625,11449.900390625,12037.7900390625,0
2021-11-29,11589.169921875,11792.2998046875,11538.0703125,11624.9501953125,0
2021-11-30,11368.330078125,11586.169921875,11248.2802734375,11586.169921875,0
2021-12-01,11102.5595703125,11650.33984375,11102.4501953125,11390.5,0
2021-12-02,11407.9296875,11435.4697265625,11104.349609375,11104.349609375,0
2021-12-03,11165.2001953125,11459.23046875,11081.490234375,11412.099609375,0
2021-12-06,11393.9697265625,11470.4697265625,11141.3203125,11169.9599609375,0
2021-12-07,11654.259765625,11746.91015625,11411.1396484375,11411.1396484375,0
2021-12-08,11747.240234375,11773.3203125,11625.8798828125,11657.2802734375,0
2021-12-09,11482.0400390625,11740.9296875,11481.91015625,11740.9296875,0
2021-12-10,11438.650390625,11586.4296875,11378.1201171875,11488.4501953125,0
2021-12-13,11276.83984375,11437.669921875,11217.419921875,11437.669921875,0
2021-12-14,11171.6796875,11327.1201171875,11138.349609375,11271.330078125,0
2021-12-15,11355.8798828125,11379.9296875,11023.25,11173.1201171875,0
2021-12-16,11135.5703125,11464.76953125,11095.4501953125,11365.0703125,0
2021-12-17,11246.9599609375,11311.259765625,10992.4697265625,11136.1396484375,0
2021-12-20,11070.91015625,11231.7802734375,10904.330078125,11231.7802734375,0
2021-12-21,11397.3701171875,11397.76953125,11079.01953125,11079.01953125,0
2021-12-22,11495.669921875,11498.830078125,11358.66015625,11394.9296875,0
2021-12-23,11597.9599609375,11629.2802734375,11497.990234375,11497.990234375,0
2021-12-27,11701.1103515625,11703.3203125,11540.0595703125,11602.900390625,0
2021-12-28,11624.150390625,11769.2001953125,11619.2900390625,11699.349609375,0
2021-12-29,11638.76953125,11657.1201171875,11573.580078125,11623.7998046875,0
2021-12-30,11639.8603515625,11759.01953125,11632.990234375,11642.740234375,0
2021-12-31,11622.2802734375,11688.5302734375,11619.8798828125,11625.48046875,0
2022-01-03,11763.5400390625,11823.509765625,11629.75,11629.75,0
2022-01-04,11744.66015625,11845.240234375,11676.490234375,11766.9697265625,0
2022-01-05,11357.2998046875,11778.23046875,11355.8701171875,11745.099609375,0
2022-01-06,11421.580078125,11495.1796875,11281.3896484375,11360.009765625,0
2022-01-07,11284.26953125,11492.98046875,11284.25,11420.5595703125,0
2022-01-10,11239.6298828125,11280.6103515625,11042.8095703125,11280.6103515625,0
2022-01-11,11358.0,11371.7197265625,11155.08984375,11239.7802734375,0
2022-01-12,11265.3701171875,11442.5400390625,11230.990234375,11363.1103515625,0
2022-01-13,11179.8896484375,11373.01953125,11154.1396484375,11271.1201171875,0
2022-01-14,11195.58984375,11195.58984375,11007.48046875,11172.4599609375,0
2022-01-18,10852.76953125,11184.759765625,10846.0703125,11184.759765625,0
2022-01-19,10679.7197265625,10920.2001953125,10676.58984375,10859.7802734375,0
2022-01-20,10479.3203125,10896.33984375,10469.7998046875,10685.48046875,0
2022-01-21,10292.6103515625,10580.4404296875,10292.5498046875,10471.9296875,0
2022-01-24,10528.7197265625,10555.3603515625,10000.240234375,10285.0595703125,0
2022-01-25,10376.1103515625,10514.919921875,10179.7197265625,10514.8095703125,0
2022-01-26,10233.400390625,10605.580078125,10139.5595703125,10386.5498046875,0
2022-01-27,9999.6201171875,10392.8203125,9969.3701171875,10241.8896484375,0
2022-01-28,10192.8798828125,10192.8798828125,9845.2001953125,9999.41015625,0
2022-01-31,10503.3603515625,10503.3701171875,10149.509765625,10190.8095703125,0
2022-02-01,10618.9501953125,10629.8798828125,10373.7001953125,10505.23046875,0
2022-02-02,10509.6298828125,10640.16015625,10427.169921875,10624.169921875,0
2022-02-03,10310.6904296875,10500.759765625,10297.1201171875,10500.759765625,0
2022-02-04,10369.7900390625,10442.419921875,10195.009765625,10310.5302734375,0
2022-02-07,10423.1201171875,10502.4296875,10359.9599609375,10370.2099609375,0
2022-02-08,10593.1796875,10605.830078125,10417.08984375,10422.740234375,0
2022-02-09,10791.26953125,10791.26953125,10601.0,10601.0,0
2022-02-10,10624.8603515625,10904.8203125,10565.0595703125,10787.240234375,0
2022-02-11,10516.9599609375,10744.4296875,10445.7998046875,10626.349609375,0
2022-02-14,10469.509765625,10611.830078125,10420.7099609375,10518.16015625,0
2022-02-15,10758.0595703125,10767.740234375,10477.0595703125,10477.0595703125,0
2022-02-16,10772.9697265625,10802.33984375,10674.5498046875,10753.900390625,0
2022-02-17,10508.4501953125,10769.6103515625,10493.0302734375,10769.6103515625,0
2022-02-18,10411.669921875,10560.8603515625,10387.830078125,10508.3701171875,0
2022-02-22,10260.66015625,10448.51953125,10211.1796875,10408.3896484375,0
2022-02-23,10073.73046875,10371.48046875,10064.3203125,10264.9404296875,0
2022-02-24,10343.4501953125,10347.830078125,9817.23046875,10065.2197265625,0
2022-02-25,10577.400390625,10577.41015625,10303.169921875,10343.75,0
2022-02-28,10615.490234375,10674.33984375,10472.5400390625,10575.169921875,0
2022-03-01,10410.91015625,10629.349609375,10343.08984375,10611.6904296875,0
2022-03-02,10672.1904296875,10707.6103515625,10413.7197265625,10413.7197265625,0
2022-03-03,10536.4404296875,10717.1904296875,10471.990234375,10675.0498046875,0
2022-03-04,10374.2197265625,10531.08984375,10294.4296875,10531.08984375,0
2022-03-07,10117.41015625,10408.4296875,10116.7802734375,10375.080078125,0
2022-03-08,10178.599609375,10393.599609375,10119.3896484375,10119.3896484375,0
2022-03-09,10455.48046875,10487.919921875,10186.6904296875,10186.6904296875,0
2022-03-10,10433.0,10443.1201171875,10279.6796875,10443.1201171875,0
2022-03-11,10267.169921875,10514.6904296875,10264.0498046875,10437.150390625,0
2022-03-14,10072.8896484375,10289.2197265625,10026.16015625,10270.3203125,0
2022-03-15,10214.8603515625,10219.419921875,10075.3603515625,10075.3603515625,0
2022-03-16,10535.76953125,10541.3798828125,10221.3603515625,10221.3603515625,0
2022-03-17,10714.4697265625,10714.4697265625,10476.7900390625,10532.16015625,0
2022-03-18,10824.4599609375,10831.7802734375,10687.1904296875,10713.1201171875,0
2022-03-21,10720.009765625,10862.41015625,10662.1298828125,10823.1796875,0
2022-03-22,10836.4501953125,10884.51953125,10725.2802734375,10725.2802734375,0
2022-03-23,10649.349609375,10828.330078125,10645.419921875,10828.330078125,0
2022-03-24,10770.3203125,10770.580078125,10624.099609375,10659.5703125,0
2022-03-25,10783.650390625,10800.9404296875,10712.099609375,10772.7998046875,0
2022-03-28,10784.1796875,10785.419921875,10636.1796875,10785.419921875,0
2022-03-29,11070.0302734375,11097.7802734375,10790.91015625,10790.91015625,0
2022-03-30,10855.6904296875,11072.41015625,10820.9404296875,11072.41015625,0
2022-03-31,10747.6103515625,10906.5703125,10742.91015625,10855.509765625,0
2022-04-01,10857.009765625,10860.25,10737.2998046875,10753.759765625,0
2022-04-04,10879.66015625,10887.3701171875,10781.33984375,10859.33984375,0
2022-04-05,10623.4296875,10921.0302734375,10608.0595703125,10877.6201171875,0
2022-04-06,10472.509765625,10617.240234375,10410.7998046875,10617.240234375,0
2022-04-07,10435.8896484375,10509.6201171875,10302.740234375,10472.66015625,0
2022-04-08,10357.2001953125,10474.150390625,10349.2802734375,10432.4697265625,0
2022-04-11,10283.419921875,10409.91015625,10264.0400390625,10352.009765625,0
2022-04-12,10317.83984375,10528.740234375,10286.7802734375,10298.0498046875,0
2022-04-13,10516.759765625,10535.9296875,10320.6201171875,10320.6201171875,0
2022-04-14,10412.580078125,10564.4404296875,10412.5400390625,10517.4296875,0
2022-04-18,10335.5400390625,10403.759765625,10291.6796875,10403.759765625,0
2022-04-19,10546.58984375,10572.7001953125,10335.9697265625,10335.9697265625,0
2022-04-20,10585.2197265625,10657.400390625,10555.1396484375,10555.1396484375,0
2022-04-21,10342.759765625,10699.1396484375,10319.1103515625,10629.6904296875,0
2022-04-22,10079.259765625,10318.16015625,10072.400390625,10318.16015625,0
2022-04-25,10149.58984375,10150.58984375,9913.900390625,10040.7099609375,0
2022-04-26,9818.6298828125,10076.259765625,9818.6298828125,10076.259765625,0
2022-04-27,9785.26953125,9915.490234375,9762.48046875,9822.0,0
2022-04-28,9961.990234375,10011.51953125,9684.0,9826.83984375,0
2022-04-29,9682.419921875,10015.9697265625,9664.1201171875,9943.48046875,0
2022-05-02,9780.3203125,9811.099609375,9553.5595703125,9680.3203125,0
2022-05-03,9863.51953125,9907.3896484375,9744.6796875,9778.98046875,0
2022-05-04,10129.1201171875,10143.8095703125,9741.830078125,9891.0302734375,0
2022-05-05,9720.4697265625,10055.48046875,9607.73046875,10055.48046875,0
2022-05-06,9557.0498046875,9703.349609375,9461.150390625,9703.349609375,0
2022-05-09,9155.0,9525.9697265625,9114.1103515625,9525.9697265625,0
2022-05-10,9154.080078125,9324.76953125,8975.2998046875,9204.330078125,0
2022-05-11,8927.4599609375,9310.41015625,8915.099609375,9160.650390625,0
2022-05-12,9039.0498046875,9107.490234375,8840.3798828125,8907.5,0
2022-05-13,9317.9404296875,9378.830078125,9087.0595703125,9087.0595703125,0
2022-05-16,9270.33984375,9370.169921875,9245.6201171875,9307.6796875,0
2022-05-17,9566.33984375,9566.33984375,9337.9501953125,9337.9501953125,0
2022-05-18,9227.330078125,9535.599609375,9177.4404296875,9535.599609375,0
2022-05-19,9235.490234375,9344.73046875,9149.3896484375,9202.2998046875,0
2022-05-20,9220.5,9346.1904296875,9000.1103515625,9276.73046875,0
2022-05-23,9321.98046875,9355.830078125,9199.0400390625,9289.0400390625,0
2022-05-24,9176.91015625,9256.830078125,9027.6103515625,9256.830078125,0
2022-05-25,9355.5400390625,9398.5302734375,9147.73046875,9154.0595703125,0
2022-05-26,9559.6298828125,9609.509765625,9405.75,9405.75,0
2022-05-27,9819.099609375,9819.099609375,9597.2900390625,9597.2900390625,0
2022-05-31,9697.0498046875,9796.6201171875,9658.1396484375,9790.4296875,0
2022-06-01,9649.419921875,9767.330078125,9521.330078125,9735.9404296875,0
2022-06-02,9873.3798828125,9873.3798828125,9648.83984375,9653.2001953125,0
2022-06-03,9797.509765625,9830.7900390625,9741.2099609375,9815.990234375,0
2022-06-06,9833.16015625,9904.0400390625,9790.740234375,9851.7197265625,0
2022-06-07,9987.830078125,9988.7099609375,9734.8701171875,9780.7998046875,0
2022-06-08,9839.91015625,9970.3701171875,9799.580078125,9959.41015625,0
2022-06-09,9632.1396484375,9809.6103515625,9631.1796875,9809.6103515625,0
2022-06-10,9369.0400390625,9540.0595703125,9329.0400390625,9540.0595703125,0
2022-06-13,8923.23046875,9214.1396484375,8890.26953125,9214.1396484375,0
2022-06-14,8891.009765625,8970.9599609375,8810.2998046875,8940.4599609375,0
2022-06-15,9012.75,9118.740234375,8873.669921875,8945.1298828125,0
2022-06-16,8590.4404296875,8892.5,8546.8896484375,8892.5,0
2022-06-17,8673.16015625,8771.349609375,8601.98046875,8627.9501953125,0
2022-06-21,8820.83984375,8913.080078125,8753.5,8753.5,0
2022-06-22,8801.509765625,8869.73046875,8672.7197265625,8740.259765625,0
2022-06-23,8913.01953125,8925.349609375,8750.9296875,8817.2197265625,0
2022-06-24,9194.98046875,9194.98046875,8957.01953125,8957.01953125,0
2022-06-27,9226.3896484375,9276.98046875,9156.4501953125,9232.3603515625,0
2022-06-28,9055.2197265625,9335.080078125,9055.0595703125,9262.3896484375,0
2022-06-29,8958.23046875,9054.3603515625,8877.16015625,9054.3603515625,0
2022-06-30,8899.5400390625,8973.0,8755.76953125,8891.6796875,0
2022-07-01,9003.2001953125,9009.2099609375,8811.2001953125,8885.009765625,0
2022-07-05,9074.16015625,9074.2099609375,8762.830078125,8936.2001953125,0
2022-07-06,9002.599609375,9108.830078125,8922.400390625,9060.6396484375,0
2022-07-07,9222.1904296875,9236.23046875,9047.1396484375,9047.1396484375,0
2022-07-08,9221.5498046875,9277.650390625,9135.9404296875,9212.25,0
2022-07-11,9027.01953125,9202.099609375,9014.7197265625,9202.099609375,0
2022-07-12,9007.1298828125,9085.240234375,8960.5,9008.8896484375,0
2022-07-13,8996.3896484375,9030.599609375,8865.6201171875,8941.2998046875,0
2022-07-14,8900.51953125,8925.4404296875,8782.4501953125,8925.4404296875,0
2022-07-15,9092.76953125,9092.76953125,8907.8798828125,8987.1103515625,0
2022-07-18,9061.76953125,9241.009765625,9039.91015625,9168.5595703125,0
2022-07-19,9379.26953125,9382.83984375,9146.8203125,9146.8203125,0
2022-07-20,9528.599609375,9538.849609375,9372.2099609375,9372.2099609375,0
2022-07-21,9574.3603515625,9574.3603515625,9409.0302734375,9486.150390625,0
2022-07-22,9419.240234375,9603.330078125,9358.8203125,9588.5498046875,0
2022-07-25,9476.01953125,9482.9404296875,9377.2099609375,9440.4599609375,0
2022-07-26,9410.7197265625,9448.5498046875,9384.8701171875,9448.5498046875,0
2022-07-27,9635.400390625,9658.990234375,9457.1298828125,9457.83984375,0
2022-07-28,9764.669921875,9768.400390625,9554.7900390625,9666.41015625,0
2022-07-29,9828.669921875,9844.240234375,9727.150390625,9771.0,0
2022-08-01,9818.849609375,9869.23046875,9696.6904296875,9752.0302734375,0
2022-08-02,9814.73046875,9910.0302734375,9776.150390625,9778.509765625,0
2022-08-03,9953.1298828125,9973.1796875,9859.919921875,9882.5,0
2022-08-04,9940.580078125,9967.240234375,9904.1201171875,9951.3203125,0
2022-08-05,10021.5498046875,10025.3203125,9825.2802734375,9842.7802734375,0
2022-08-08,10122.9697265625,10216.4404296875,10056.240234375,10056.240234375,0
2022-08-09,9975.849609375,10102.8603515625,9934.51953125,10102.8603515625,0
2022-08-10,10270.0498046875,10278.9404296875,10095.4296875,10095.4296875,0
2022-08-11,10302.51953125,10458.7099609375,10288.7900390625,10337.33984375,0
2022-08-12,10520.0302734375,10520.0302734375,10322.1298828125,10322.740234375,0
2022-08-15,10545.4697265625,10549.0400390625,10406.3603515625,10472.76953125,0
2022-08-16,10542.2197265625,10591.8896484375,10454.8603515625,10532.8603515625,0
2022-08-17,10369.5400390625,10482.080078125,10311.240234375,10482.080078125,0
2022-08-18,10440.4404296875,10452.3203125,10345.8095703125,10373.08984375,0
2022-08-19,10214.4404296875,10396.8203125,10189.1298828125,10396.8203125,0
2022-08-22,9997.599609375,10091.25,9976.48046875,10080.919921875,0
2022-08-23,10015.48046875,10113.7197265625,10005.98046875,10020.6396484375,0
2022-08-24,10099.8701171875,10130.4404296875,10002.25,10013.0400390625,0
2022-08-25,10253.580078125,10253.580078125,10141.6904296875,10147.83984375,0
2022-08-26,9915.4501953125,10257.1904296875,9908.5498046875,10256.7900390625,0
2022-08-29,9827.4404296875,9909.51953125,9807.5498046875,9815.3603515625,0
2022-08-30,9685.919921875,9862.1103515625,9643.8701171875,9861.08984375,0
2022-08-31,9627.5498046875,9738.0400390625,9622.16015625,9706.1904296875,0
2022-09-01,9517.4404296875,9537.9501953125,9393.990234375,9537.9501953125,0
2022-09-02,9449.3603515625,9643.75,9409.6298828125,9629.1103515625,0
2022-09-06,9358.9296875,9478.150390625,9329.48046875,9467.8203125,0
2022-09-07,9566.4599609375,9569.400390625,9333.7001953125,9344.8203125,0
2022-09-08,9645.509765625,9645.5302734375,9455.4501953125,9523.23046875,0
2022-09-09,9833.5595703125,9844.259765625,9699.3095703125,9699.3095703125,0
2022-09-12,9954.9296875,9954.9404296875,9869.900390625,9869.900390625,0
2022-09-13,9565.9599609375,9816.48046875,9533.83984375,9816.48046875,0
2022-09-14,9604.650390625,9615.75,9495.259765625,9574.490234375,0
2022-09-15,9536.3095703125,9681.5400390625,9500.66015625,9566.2900390625,0
2022-09-16,9395.2197265625,9477.1103515625,9293.740234375,9477.1103515625,0
2022-09-19,9472.1904296875,9477.9404296875,9286.3203125,9330.48046875,0
2022-09-20,9339.8701171875,9412.9501953125,9281.3896484375,9412.9501953125,0
2022-09-21,9207.6201171875,9476.740234375,9206.6298828125,9385.5,0
2022-09-22,8999.6904296875,9198.23046875,8967.8203125,9197.400390625,0
2022-09-23,8777.0302734375,8923.4404296875,8667.66015625,8923.4404296875,0
2022-09-26,8653.1796875,8890.1796875,8640.349609375,8749.6201171875,0
2022-09-27,8687.9296875,8829.1298828125,8626.259765625,8722.759765625,0
2022-09-28,8963.58984375,9016.0595703125,8720.83984375,8720.83984375,0
2022-09-29,8757.7099609375,8945.25,8660.91015625,8945.25,0
2022-09-30,8704.8896484375,8929.900390625,8702.5595703125,8747.6103515625,0
2022-10-03,8936.259765625,8980.3095703125,8741.5,8823.3798828125,0
2022-10-04,9286.25,9286.26953125,9077.33984375,9077.33984375,0
2022-10-05,9218.1904296875,9245.009765625,9058.1396484375,9145.5,0
2022-10-06,9165.5302734375,9268.76953125,9136.8798828125,9185.9501953125,0
2022-10-07,8902.4697265625,9073.8603515625,8864.8896484375,9072.4501953125,0
2022-10-10,8848.9697265625,8926.9404296875,8796.990234375,8923.4404296875,0
2022-10-11,8854.259765625,8963.1904296875,8707.759765625,8826.4599609375,0
2022-10-12,8827.6103515625,8874.7998046875,8744.5400390625,8854.759765625,0
2022-10-13,9040.849609375,9071.48046875,8588.5498046875,8651.400390625,0
2022-10-14,8800.509765625,9142.7998046875,8795.7998046875,9108.6796875,0
2022-10-17,9079.650390625,9095.08984375,8898.7099609375,8898.7099609375,0
2022-10-18,9185.349609375,9321.9296875,9122.8203125,9187.4404296875,0
2022-10-19,9027.5,9138.490234375,8946.2001953125,9138.490234375,0
2022-10-20,8916.1396484375,9135.3203125,8893.0400390625,9032.0400390625,0
2022-10-21,9114.419921875,9128.33984375,8896.75,8943.7197265625,0
2022-10-24,9146.8603515625,9162.8095703125,9035.9501953125,9143.08984375,0
2022-10-25,9396.849609375,9423.259765625,9153.3701171875,9153.3701171875,0
2022-10-26,9439.830078125,9605.8203125,9423.919921875,9427.580078125,0
2022-10-27,9450.2900390625,9585.1201171875,9441.7998046875,9498.400390625,0
2022-10-28,9663.4404296875,9670.3798828125,9443.150390625,9478.75,0
2022-10-31,9663.2001953125,9703.509765625,9593.740234375,9622.9404296875,0
2022-11-01,9687.259765625,9778.0703125,9658.7197265625,9758.23046875,0
2022-11-02,9361.8603515625,9740.8701171875,9361.8095703125,9654.580078125,0
2022-11-03,9313.1396484375,9376.3701171875,9199.7197265625,9254.16015625,0
2022-11-04,9419.3603515625,9470.490234375,9268.8701171875,9424.2900390625,0
2022-11-07,9472.0,9497.91015625,9389.2001953125,9462.9501953125,0
2022-11-08,9467.9501953125,9584.490234375,9373.4697265625,9502.4296875,0
2022-11-09,9215.0498046875,9405.8203125,9199.58984375,9403.26953125,0
2022-11-10,9779.01953125,9780.8798828125,9482.509765625,9482.509765625,0
2022-11-11,9856.5703125,9946.73046875,9805.16015625,9805.16015625,0
2022-11-14,9746.3701171875,9893.8203125,9746.349609375,9821.740234375,0
2022-11-15,9893.2900390625,9980.3896484375,9835.0498046875,9876.33984375,0
2022-11-16,9705.1396484375,9844.3095703125,9692.349609375,9844.3095703125,0
2022-11-17,9633.0400390625,9636.8203125,9536.58984375,9623.349609375,0
2022-11-18,9689.1796875,9791.8701171875,9642.830078125,9752.0302734375,0
2022-11-21,9633.8701171875,9653.8603515625,9580.6796875,9653.8603515625,0
2022-11-22,9745.58984375,9748.9404296875,9638.75,9658.7900390625,0
2022-11-23,9762.41015625,9790.6904296875,9700.400390625,9731.3701171875,0
2022-11-25,9792.83984375,9815.8798828125,9749.91015625,9759.9697265625,0
2022-11-28,9592.76953125,9731.9296875,9572.4501953125,9730.1396484375,0
2022-11-29,9624.669921875,9674.5498046875,9603.51953125,9603.51953125,0
2022-11-30,9888.91015625,9888.919921875,9547.6904296875,9640.240234375,0
2022-12-01,9864.5302734375,9951.51953125,9839.6396484375,9918.5302734375,0
2022-12-02,9923.2998046875,9952.7099609375,9732.7099609375,9771.8203125,0
2022-12-05,9647.830078125,9887.900390625,9617.4296875,9887.900390625,0
2022-12-06,9503.150390625,9644.490234375,9452.7001953125,9644.490234375,0
2022-12-07,9473.6796875,9556.490234375,9467.1796875,9485.5703125,0
2022-12-08,9534.4296875,9615.48046875,9484.9501953125,9520.919921875,0
2022-12-09,9421.3701171875,9521.759765625,9421.3603515625,9502.58984375,0
2022-12-12,9536.51953125,9546.4296875,9402.76953125,9432.5498046875,0
2022-12-13,9609.1396484375,9862.919921875,9560.0703125,9711.240234375,0
2022-12-14,9549.2802734375,9682.0498046875,9506.5498046875,9605.8203125,0
2022-12-15,9309.48046875,9478.0302734375,9288.259765625,9478.0302734375,0
2022-12-16,9251.1201171875,9262.76953125,9161.0302734375,9230.830078125,0
2022-12-19,9121.2802734375,9262.6904296875,9096.3203125,9254.2900390625,0
2022-12-20,9170.8203125,9207.8701171875,9093.1201171875,9105.0,0
2022-12-21,9322.849609375,9360.4404296875,9221.83984375,9221.83984375,0
2022-12-22,9203.099609375,9269.1396484375,9060.01953125,9269.1396484375,0
2022-12-23,9239.6201171875,9241.240234375,9149.4296875,9199.0400390625,0
2022-12-27,9179.91015625,9243.5595703125,9158.5302734375,9242.16015625,0
2022-12-28,9035.9501953125,9203.3701171875,9035.9501953125,9182.3896484375,0
2022-12-29,9272.9697265625,9281.66015625,9068.76953125,9068.76953125,0
2022-12-30,9247.099609375,9261.169921875,9173.509765625,9236.6904296875,0
2023-01-03,9192.1796875,9377.099609375,9121.4501953125,9292.0400390625,0
2023-01-04,9307.3203125,9356.7900390625,9231.4501953125,9231.4501953125,0
2023-01-05,9206.1103515625,9273.76953125,9165.08984375,9273.76953125,0
2023-01-06,9414.2900390625,9428.76953125,9234.1796875,9264.8095703125,0
2023-01-09,9430.7001953125,9541.919921875,9423.48046875,9457.8095703125,0
2023-01-10,9571.2099609375,9571.2099609375,9416.48046875,9422.25,0
2023-01-11,9683.580078125,9684.1796875,9591.5,9594.650390625,0
2023-01-12,9852.6298828125,9852.6298828125,9658.4697265625,9717.0703125,0
2023-01-13,9910.5,9921.599609375,9777.6396484375,9807.9296875,0
2023-01-17,9896.080078125,9938.830078125,9877.4697265625,9908.4501953125,0
2023-01-18,9739.080078125,9999.08984375,9738.849609375,9926.73046875,0
2023-01-19,9644.7197265625,9697.2802734375,9588.1796875,9697.2802734375,0
2023-01-20,9807.8203125,9807.830078125,9646.5498046875,9704.599609375,0
2023-01-23,9930.8896484375,9959.4501953125,9808.6298828125,9816.3701171875,0
2023-01-24,9904.1396484375,9941.4296875,9865.8896484375,9915.6904296875,0
2023-01-25,9928.91015625,9931.0498046875,9764.3603515625,9841.2099609375,0
2023-01-26,9995.919921875,10029.2998046875,9889.01953125,9979.2099609375,0
2023-01-27,10040.0703125,10077.5302734375,9960.169921875,9978.9501953125,0
2023-01-30,9905.6103515625,10029.669921875,9904.0703125,9996.919921875,0
2023-01-31,10148.3798828125,10148.3798828125,9921.91015625,9921.91015625,0
2023-02-01,10300.3798828125,10384.73046875,10093.9599609375,10135.75,0
2023-02-02,10513.0498046875,10545.009765625,10338.669921875,10338.669921875,0
2023-02-03,10431.599609375,10536.7197265625,10381.83984375,10450.4501953125,0
2023-02-06,10285.9296875,10382.4501953125,10256.91015625,10382.4501953125,0
2023-02-07,10364.6396484375,10381.580078125,10174.009765625,10259.7802734375,0
2023-02-08,10207.08984375,10345.41015625,10194.9599609375,10324.2099609375,0
2023-02-09,10064.759765625,10319.6201171875,10048.4599609375,10272.5302734375,0
2023-02-10,10083.509765625,10094.23046875,10004.1904296875,10040.650390625,0
2023-02-13,10201.759765625,10209.9501953125,10057.009765625,10090.08984375,0
2023-02-14,10196.4501953125,10259.8701171875,10094.419921875,10164.8603515625,0
2023-02-15,10307.349609375,10307.349609375,10117.830078125,10143.1298828125,0
2023-02-16,10209.740234375,10316.16015625,10162.0498046875,10229.900390625,0
2023-02-17,10232.099609375,10239.9404296875,10137.650390625,10217.8095703125,0
2023-02-21,9926.5400390625,10183.259765625,9926.5400390625,10183.259765625,0
2023-02-22,9960.669921875,10012.2099609375,9910.41015625,9940.4599609375,0
2023-02-23,10031.8095703125,10069.73046875,9906.7802734375,10003.5498046875,0
2023-02-24,9939.900390625,9945.8603515625,9862.759765625,9944.599609375,0
2023-02-27,9971.419921875,10067.7802734375,9948.41015625,10001.5595703125,0
2023-02-28,9976.9599609375,10062.0703125,9974.0703125,9975.4296875,0
2023-03-01,9984.7998046875,10016.3896484375,9933.75,9972.7099609375,0
2023-03-02,10008.3896484375,10022.5302734375,9876.5,9933.5703125,0
2023-03-03,10143.6298828125,10161.7802734375,10005.3603515625,10028.9404296875,0
2023-03-06,9994.8203125,10147.080078125,9956.4296875,10143.830078125,0
2023-03-07,9884.330078125,10007.33984375,9868.919921875,9992.25,0
2023-03-08,9888.7001953125,9925.849609375,9818.1796875,9892.8798828125,0
2023-03-09,9612.5703125,9909.48046875,9611.0302734375,9889.509765625,0
2023-03-10,9329.419921875,9587.16015625,9245.849609375,9587.16015625,0
2023-03-13,9181.01953125,9334.8203125,9068.1201171875,9237.5595703125,0
2023-03-14,9355.8095703125,9488.599609375,9267.3203125,9322.9501953125,0
2023-03-15,9193.6396484375,9287.240234375,9039.48046875,9287.240234375,0
2023-03-16,9328.0302734375,9379.9501953125,9045.5400390625,9129.33984375,0
2023-03-17,9089.5703125,9296.3701171875,9063.41015625,9296.3701171875,0
2023-03-20,9190.2802734375,9278.48046875,9129.8095703125,9129.8095703125,0
2023-03-21,9362.849609375,9418.830078125,9279.259765625,9279.259765625,0
2023-03-22,9097.7001953125,9373.4599609375,9093.740234375,9356.58984375,0
2023-03-23,9060.73046875,9264.1201171875,8987.240234375,9130.3095703125,0
2023-03-24,9138.1396484375,9142.5302734375,8929.08984375,9014.490234375,0
2023-03-27,9237.0,9284.2900390625,9175.8203125,9206.73046875,0
2023-03-28,9231.6796875,9267.6904296875,9192.1796875,9215.8798828125,0
2023-03-29,9331.759765625,9332.33984375,9265.650390625,9287.16015625,0
2023-03-30,9319.9599609375,9421.400390625,9288.1298828125,9374.2099609375,0
2023-03-31,9500.26953125,9501.4296875,9355.669921875,9355.669921875,0
2023-04-03,9499.8203125,9552.830078125,9400.5,9508.830078125,0
2023-04-04,9328.0703125,9523.330078125,9282.419921875,9511.6396484375,0
2023-04-05,9236.41015625,9300.099609375,9187.1103515625,9300.099609375,0
2023-04-06,9248.9501953125,9269.83984375,9196.400390625,9241.7998046875,0
2023-04-10,9343.9697265625,9348.1396484375,9201.75,9222.009765625,0
2023-04-11,9418.76953125,9460.16015625,9367.669921875,9367.669921875,0
2023-04-12,9351.0703125,9506.5498046875,9344.2001953125,9456.2998046875,0
2023-04-13,9473.0400390625,9493.900390625,9377.01953125,9377.01953125,0
2023-04-14,9391.4697265625,9517.2802734375,9335.599609375,9481.099609375,0
2023-04-17,9505.8095703125,9505.830078125,9407.099609375,9408.48046875,0
2023-04-18,9467.41015625,9541.419921875,9422.33984375,9529.0400390625,0
2023-04-19,9488.099609375,9505.759765625,9399.9501953125,9438.2802734375,0
2023-04-20,9436.990234375,9477.98046875,9398.26953125,9442.25,0
2023-04-21,9446.8203125,9456.330078125,9372.4404296875,9441.83984375,0
2023-04-24,9433.08984375,9479.1396484375,9395.08984375,9440.3603515625,0
2023-04-25,9207.1201171875,9383.1396484375,9206.919921875,9383.1396484375,0
2023-04-26,9125.169921875,9214.150390625,9100.9501953125,9182.509765625,0
2023-04-27,9235.6904296875,9239.7900390625,9106.759765625,9141.7099609375,0
2023-04-28,9329.4697265625,9350.75,9212.650390625,9228.5498046875,0
2023-05-01,9330.7802734375,9415.1103515625,9304.98046875,9310.9599609375,0
2023-05-02,9135.1396484375,9288.2998046875,9051.3701171875,9288.2998046875,0
2023-05-03,9173.3603515625,9323.23046875,9154.41015625,9154.41015625,0
2023-05-04,9065.990234375,9116.51953125,8992.1796875,9110.4501953125,0
2023-05-05,9283.91015625,9304.4697265625,9192.3603515625,9192.3603515625,0
2023-05-08,9255.6796875,9328.150390625,9223.23046875,9318.73046875,0
2023-05-09,9231.0302734375,9264.830078125,9167.8603515625,9219.23046875,0
2023-05-10,9283.400390625,9354.2099609375,9199.58984375,9336.5400390625,0
2023-05-11,9205.9404296875,9230.9296875,9164.4501953125,9228.0400390625,0
2023-05-12,9187.259765625,9252.58984375,9137.099609375,9225.73046875,0
2023-05-15,9297.6396484375,9335.650390625,9206.1396484375,9208.5302734375,0
2023-05-16,9164.4296875,9264.599609375,9164.2998046875,9264.599609375,0
2023-05-17,9367.66015625,9380.33984375,9171.8095703125,9207.259765625,0
2023-05-18,9423.4404296875,9436.6298828125,9325.419921875,9349.3203125,0
2023-05-19,9364.9599609375,9506.5,9340.1796875,9482.5498046875,0
2023-05-22,9479.5400390625,9511.2802734375,9382.26953125,9385.8798828125,0
2023-05-23,9439.33984375,9590.8203125,9438.2998046875,9463.7197265625,0
2023-05-24,9330.169921875,9439.5498046875,9299.5400390625,9439.5498046875,0
2023-05-25,9265.580078125,9331.580078125,9194.990234375,9331.580078125,0
2023-05-26,9363.26953125,9372.099609375,9269.650390625,9269.98046875,0
2023-05-30,9334.1396484375,9426.08984375,9302.759765625,9383.3603515625,0
2023-05-31,9243.2900390625,9326.5,9175.5302734375,9304.9697265625,0
2023-06-01,9341.1201171875,9367.8896484375,9216.6298828125,9250.900390625,0
2023-06-02,9674.01953125,9678.26953125,9417.400390625,9417.400390625,0
2023-06-05,9546.349609375,9647.0400390625,9496.4599609375,9647.0400390625,0
2023-06-06,9803.9296875,9824.990234375,9519.6298828125,9535.849609375,0
2023-06-07,9978.9404296875,10005.9404296875,9834.9697265625,9834.9697265625,0
2023-06-08,9939.2900390625,9967.009765625,9871.259765625,9967.009765625,0
2023-06-09,9860.1103515625,9944.849609375,9843.150390625,9942.349609375,0
2023-06-12,9899.83984375,9938.0595703125,9846.41015625,9865.759765625,0
2023-06-13,10022.8095703125,10058.0498046875,9926.400390625,9926.400390625,0
2023-06-14,9908.4599609375,10071.3701171875,9855.51953125,10038.7197265625,0
2023-06-15,9990.2998046875,9994.580078125,9868.599609375,9889.23046875,0
2023-06-16,9917.66015625,10083.51953125,9881.6201171875,10048.01953125,0
2023-06-20,9871.330078125,9896.6396484375,9815.830078125,9896.6396484375,0
2023-06-21,9852.0703125,9909.9404296875,9810.1201171875,9848.759765625,0
2023-06-22,9773.7802734375,9836.4296875,9751.240234375,9836.4296875,0
2023-06-23,9633.8203125,9721.2099609375,9618.8798828125,9706.75,0
2023-06-26,9642.5302734375,9736.6796875,9624.2001953125,9632.3603515625,0
2023-06-27,9783.7001953125,9811.08984375,9644.150390625,9655.8798828125,0
2023-06-28,9830.25,9831.7998046875,9743.4501953125,9771.5,0
2023-06-29,9956.4501953125,9967.9697265625,9843.6298828125,9843.6298828125,0
2023-06-30,9994.7802734375,10045.919921875,9988.5302734375,9997.2197265625,0
2023-07-03,10037.98046875,10047.6298828125,9979.0,9986.3896484375,0
2023-07-05,9912.169921875,10013.0,9912.169921875,10013.0,0
2023-07-06,9750.349609375,9882.08984375,9653.3896484375,9882.08984375,0
2023-07-07,9869.2099609375,9944.5400390625,9755.400390625,9755.400390625,0
2023-07-10,10031.259765625,10032.9501953125,9846.8896484375,9856.3896484375,0
2023-07-11,10127.2197265625,10136.8701171875,10034.7001953125,10052.58984375,0
2023-07-12,10233.509765625,10290.9599609375,10222.400390625,10225.330078125,0
2023-07-13,10326.9296875,10335.66015625,10250.83984375,10258.1904296875,0
2023-07-14,10222.41015625,10321.7998046875,10165.51953125,10321.7998046875,0
2023-07-17,10329.2802734375,10365.1796875,10198.91015625,10213.650390625,0
2023-07-18,10460.580078125,10468.58984375,10333.75,10333.75,0
2023-07-19,10507.4697265625,10535.8701171875,10467.0703125,10491.0498046875,0
2023-07-20,10414.080078125,10505.9599609375,10377.080078125,10505.9599609375,0
2023-07-21,10377.75,10490.98046875,10369.740234375,10466.0595703125,0
2023-07-24,10406.6103515625,10447.0498046875,10367.6904296875,10382.0400390625,0
2023-07-25,10408.919921875,10466.2099609375,10384.0595703125,10395.7197265625,0
2023-07-26,10484.3203125,10507.73046875,10389.7197265625,10400.7802734375,0
2023-07-27,10349.6103515625,10560.9599609375,10318.8896484375,10528.169921875,0
2023-07-28,10491.26953125,10503.4501953125,10403.5703125,10403.5703125,0
2023-07-31,10606.0,10608.33984375,10508.7099609375,10508.7099609375,0
2023-08-01,10558.33984375,10572.73046875,10466.3095703125,10572.73046875,0
2023-08-02,10414.0400390625,10490.5400390625,10362.650390625,10490.5400390625,0
2023-08-03,10385.900390625,10434.26953125,10318.6396484375,10391.1904296875,0
2023-08-04,10366.2197265625,10472.240234375,10353.9296875,10389.0302734375,0
2023-08-07,10374.25,10387.7802734375,10299.4296875,10375.2197265625,0
2023-08-08,10313.650390625,10314.7802734375,10190.8798828125,10301.3603515625,0
2023-08-09,10225.98046875,10310.16015625,10196.1298828125,10310.16015625,0
2023-08-10,10184.1201171875,10345.76953125,10152.3095703125,10244.2998046875,0
2023-08-11,10198.330078125,10220.919921875,10140.0,10161.7001953125,0
2023-08-14,10176.080078125,10178.23046875,10086.1396484375,10173.1904296875,0
2023-08-15,10045.58984375,10140.2802734375,10045.58984375,10140.2802734375,0
2023-08-16,9918.669921875,10077.1796875,9918.669921875,10037.6904296875,0
2023-08-17,9805.91015625,9953.08984375,9805.91015625,9933.6396484375,0
2023-08-18,9855.919921875,9883.76953125,9704.41015625,9758.3203125,0
2023-08-21,9838.2001953125,9878.9697265625,9786.6904296875,9860.01953125,0
2023-08-22,9811.1103515625,9892.5,9792.1904296875,9859.6796875,0
2023-08-23,9913.259765625,9931.509765625,9806.1796875,9816.9501953125,0
2023-08-24,9787.990234375,9923.58984375,9786.419921875,9904.8603515625,0
2023-08-25,9827.080078125,9870.669921875,9712.169921875,9811.0595703125,0
2023-08-28,9908.6298828125,9953.3896484375,9857.33984375,9857.33984375,0
2023-08-29,10049.48046875,10055.4404296875,9883.080078125,9907.0595703125,0
2023-08-30,10091.6298828125,10121.7099609375,10017.759765625,10039.9697265625,0
2023-08-31,10075.400390625,10147.1201171875,10071.5400390625,10100.259765625,0
2023-09-01,10187.8095703125,10219.5498046875,10120.6904296875,10120.6904296875,0
2023-09-05,9973.849609375,10163.8896484375,9973.849609375,10163.8896484375,0
2023-09-06,9941.48046875,10029.240234375,9889.41015625,9975.740234375,0
2023-09-07,9844.5703125,9928.7197265625,9807.259765625,9928.7197265625,0
2023-09-08,9822.58984375,9856.080078125,9806.9404296875,9846.490234375,0
2023-09-11,9841.759765625,9902.25,9835.0703125,9884.01953125,0
2023-09-12,9843.0400390625,9890.8203125,9821.66015625,9823.150390625,0
2023-09-13,9766.9697265625,9852.6904296875,9749.5498046875,9843.4296875,0
2023-09-14,9907.150390625,9915.3203125,9842.08984375,9847.0400390625,0
2023-09-15,9803.3095703125,9881.0400390625,9765.9599609375,9880.400390625,0
2023-09-18,9735.9501953125,9807.1396484375,9735.9404296875,9807.1396484375,0
2023-09-19,9694.98046875,9769.4599609375,9676.5498046875,9736.7001953125,0
2023-09-20,9608.0400390625,9785.2998046875,9607.919921875,9737.2197265625,0
2023-09-21,9458.1796875,9532.3603515625,9458.16015625,9529.2802734375,0
2023-09-22,9430.1796875,9507.8896484375,9430.1796875,9488.669921875,0
2023-09-25,9471.3603515625,9491.5,9377.3798828125,9388.6904296875,0
2023-09-26,9351.2900390625,9481.0302734375,9351.2900390625,9420.4599609375,0
2023-09-27,9443.3798828125,9484.25,9372.9501953125,9402.2900390625,0
2023-09-28,9530.4501953125,9574.509765625,9443.2998046875,9444.01953125,0
2023-09-29,9482.240234375,9612.8603515625,9460.740234375,9590.419921875,0
2023-10-02,9332.650390625,9466.5400390625,9293.41015625,9460.349609375,0
2023-10-03,9175.4599609375,9292.5302734375,9145.33984375,9292.5302734375,0
2023-10-04,9185.5,9197.2802734375,9082.2998046875,9175.2998046875,0
2023-10-05,9199.330078125,9214.1796875,9124.0302734375,9163.080078125,0
2023-10-06,9274.259765625,9320.4296875,9106.16015625,9158.16015625,0
2023-10-09,9329.7001953125,9356.3798828125,9222.0302734375,9236.169921875,0
2023-10-10,9435.76953125,9488.6201171875,9348.509765625,9348.509765625,0
2023-10-11,9422.0,9492.91015625,9360.9501953125,9444.7197265625,0
2023-10-12,9215.33984375,9431.41015625,9168.5302734375,9428.330078125,0
2023-10-13,9138.2900390625,9249.1396484375,9114.9404296875,9235.9296875,0
2023-10-16,9283.740234375,9295.16015625,9183.4296875,9215.0400390625,0
2023-10-17,9384.669921875,9458.009765625,9223.4697265625,9223.7001953125,0
2023-10-18,9186.91015625,9315.009765625,9178.5400390625,9315.009765625,0
2023-10-19,9048.73046875,9218.150390625,9035.650390625,9170.9599609375,0
2023-10-20,8932.5703125,9066.6396484375,8928.8095703125,9064.16015625,0
2023-10-23,8853.490234375,8969.650390625,8836.240234375,8884.73046875,0
2023-10-24,8926.009765625,8983.9697265625,8882.2802734375,8916.650390625,0
2023-10-25,8776.9404296875,8865.900390625,8768.5703125,8858.8603515625,0
2023-10-26,8806.7802734375,8876.349609375,8763.3095703125,8804.669921875,0
2023-10-27,8700.240234375,8829.1201171875,8682.8701171875,8826.76953125,0
2023-10-30,8755.759765625,8809.0703125,8692.6298828125,8750.8095703125,0
2023-10-31,8835.5595703125,8842.01953125,8743.6396484375,8762.830078125,0
2023-11-01,8875.3203125,8875.76953125,8765.58984375,8831.259765625,0
2023-11-02,9112.6201171875,9114.7197265625,8954.4296875,8954.4296875,0
2023-11-03,9360.5302734375,9413.009765625,9216.5,9216.5,0
2023-11-06,9239.8798828125,9361.7197265625,9206.6298828125,9358.1201171875,0
2023-11-07,9214.990234375,9247.4501953125,9163.9599609375,9218.0595703125,0
2023-11-08,9114.33984375,9215.58984375,9088.6396484375,9214.7802734375,0
2023-11-09,8972.4501953125,9172.330078125,8961.98046875,9150.3896484375,0
2023-11-10,9069.73046875,9090.5703125,8957.41015625,9002.9697265625,0
2023-11-13,9071.5,9093.1298828125,8993.9599609375,9035.51953125,0
2023-11-14,9567.76953125,9567.7802734375,9266.7900390625,9266.7900390625,0
2023-11-15,9583.7001953125,9736.7998046875,9564.41015625,9567.6298828125,0
2023-11-16,9438.9501953125,9562.6201171875,9405.2197265625,9562.6201171875,0
2023-11-17,9567.5,9571.08984375,9498.8203125,9498.8203125,0
2023-11-20,9617.4599609375,9628.7802734375,9551.6201171875,9572.1201171875,0
2023-11-21,9491.009765625,9576.509765625,9491.009765625,9576.509765625,0
2023-11-22,9557.3203125,9597.6396484375,9527.169921875,9541.1904296875,0
2023-11-24,9621.349609375,9636.0498046875,9553.1904296875,9554.7900390625,0
2023-11-27,9587.740234375,9605.5498046875,9533.4296875,9587.080078125,0
2023-11-28,9543.7802734375,9603.9501953125,9524.580078125,9580.5400390625,0
2023-11-29,9603.5703125,9727.330078125,9593.48046875,9605.830078125,0
2023-11-30,9635.259765625,9675.2197265625,9615.009765625,9633.1298828125,0
2023-12-01,9921.1201171875,9926.5400390625,9591.8095703125,9620.150390625,0
2023-12-04,10024.66015625,10025.0400390625,9877.4404296875,9892.330078125,0
2023-12-05,9886.5,9996.01953125,9881.2099609375,9996.01953125,0
2023-12-06,9865.41015625,10060.740234375,9864.9404296875,9930.2998046875,0
2023-12-07,9952.76953125,9952.76953125,9849.0302734375,9879.669921875,0
2023-12-08,10020.259765625,10057.51953125,9928.8798828125,9945.400390625,0
2023-12-11,10035.599609375,10044.8701171875,9981.8095703125,10014.2001953125,0
2023-12-12,10023.26953125,10058.83984375,9968.6201171875,10033.4296875,0
2023-12-13,10376.669921875,10379.5703125,9965.5595703125,10028.4296875,0
2023-12-14,10662.6298828125,10706.009765625,10483.400390625,10483.400390625,0
2023-12-15,10580.919921875,10708.5703125,10527.6298828125,10687.6396484375,0
2023-12-18,10566.759765625,10641.849609375,10557.8603515625,10615.75,0
2023-12-19,10772.3701171875,10789.9404296875,10635.3203125,10641.099609375,0
2023-12-20,10569.4599609375,10873.1796875,10567.9697265625,10750.8603515625,0
2023-12-21,10752.08984375,10752.7001953125,10647.51953125,10692.150390625,0
2023-12-22,10842.5498046875,10887.91015625,10798.7802734375,10811.9697265625,0
2023-12-26,10977.3603515625,11006.3896484375,10871.5498046875,10891.76953125,0
2023-12-27,11015.08984375,11044.76953125,10962.599609375,11001.1103515625,0
2023-12-28,10978.8603515625,11034.919921875,10953.83984375,10978.0498046875,0
2023-12-29,10812.5302734375,10970.1103515625,10812.5,10957.3798828125,0
2024-01-02,10736.669921875,10841.7197265625,10686.58984375,10736.4501953125,0
2024-01-03,10451.2001953125,10643.0595703125,10444.9501953125,10643.0595703125,0
2024-01-04,10443.900390625,10512.26953125,10438.4404296875,10479.23046875,0
2024-01-05,10408.919921875,10498.8095703125,10358.9296875,10368.1396484375,0
2024-01-08,10610.919921875,10610.9599609375,10375.3896484375,10396.98046875,0
2024-01-09,10499.1103515625,10537.5,10442.4501953125,10481.4404296875,0
2024-01-10,10511.0498046875,10516.2998046875,10418.9599609375,10485.490234375,0
2024-01-11,10432.9501953125,10479.7802734375,10320.2099609375,10473.7900390625,0
2024-01-12,10409.1298828125,10584.400390625,10390.6298828125,10552.740234375,0
2024-01-16,10283.01953125,10349.7197265625,10253.7001953125,10322.1396484375,0
2024-01-17,10207.740234375,10213.2900390625,10128.1298828125,10133.1201171875,0
2024-01-18,10264.16015625,10276.9501953125,10146.759765625,10266.080078125,0
2024-01-19,10375.01953125,10375.0302734375,10215.33984375,10320.0703125,0
2024-01-22,10583.169921875,10587.1201171875,10463.4404296875,10463.4404296875,0
2024-01-23,10545.23046875,10677.9599609375,10511.4404296875,10675.01953125,0
2024-01-24,10468.580078125,10673.01953125,10461.1796875,10673.01953125,0
2024-01-25,10543.4404296875,10614.5703125,10479.4599609375,10604.099609375,0
2024-01-26,10556.58984375,10637.2197265625,10536.83984375,10601.0595703125,0
2024-01-29,10733.259765625,10734.4697265625,10527.0400390625,10555.66015625,0
2024-01-30,10652.759765625,10700.7099609375,10623.83984375,10685.419921875,0
2024-01-31,10392.0,10689.7900390625,10389.580078125,10616.009765625,0
2024-02-01,10536.83984375,10536.849609375,10333.0498046875,10457.6298828125,0
2024-02-02,10475.080078125,10521.9404296875,10378.2998046875,10411.3203125,0
2024-02-05,10339.5595703125,10417.1298828125,10254.830078125,10417.1298828125,0
2024-02-06,10427.4404296875,10429.6201171875,10312.41015625,10337.4501953125,0
2024-02-07,10410.2802734375,10451.4501953125,10354.830078125,10431.6103515625,0
2024-02-08,10568.1904296875,10570.580078125,10402.400390625,10408.400390625,0
2024-02-09,10730.169921875,10734.33984375,10591.990234375,10591.990234375,0
2024-02-12,10919.0400390625,10955.01953125,10755.8701171875,10755.8701171875,0
2024-02-13,10486.509765625,10640.2900390625,10413.3203125,10609.75,0
2024-02-14,10744.0595703125,10754.509765625,10589.23046875,10637.4404296875,0
2024-02-15,11008.4501953125,11015.5302734375,10824.650390625,10827.1904296875,0
2024-02-16,10855.73046875,10963.7900390625,10852.58984375,10947.23046875,0
2024-02-20,10703.3603515625,10742.830078125,10671.009765625,10728.1103515625,0
2024-02-21,10653.4296875,10668.7001953125,10587.7099609375,10646.48046875,0
2024-02-22,10756.5,10772.509765625,10676.1904296875,10701.3203125,0
2024-02-23,10772.1298828125,10824.150390625,10707.7802734375,10744.169921875,0
2024-02-26,10837.8603515625,10853.8701171875,10746.509765625,10752.1796875,0
2024-02-27,10983.0595703125,10993.48046875,10925.73046875,10932.1201171875,0
2024-02-28,10899.73046875,10970.3095703125,10890.75,10914.330078125,0
2024-02-29,10979.580078125,11076.3896484375,10925.919921875,11011.0302734375,0
2024-03-01,11095.650390625,11104.0703125,10967.580078125,10999.919921875,0
2024-03-04,11085.4697265625,11178.91015625,11073.0703125,11156.6298828125,0
2024-03-05,10975.9296875,11075.26953125,10946.1396484375,11013.4599609375,0
2024-03-06,11053.1396484375,11093.5498046875,11009.150390625,11062.3603515625,0
2024-03-07,11144.0498046875,11176.3896484375,11115.080078125,11115.080078125,0
2024-03-08,11133.8203125,11311.5,11097.400390625,11224.1103515625,0
2024-03-11,11044.3701171875,11119.7001953125,11033.16015625,11097.08984375,0
2024-03-12,11043.0400390625,11082.9697265625,10975.9501953125,11046.6298828125,0
2024-03-13,11077.16015625,11122.48046875,11027.1201171875,11029.23046875,0
2024-03-14,10864.7802734375,11041.8095703125,10790.4599609375,11041.8095703125,0
2024-03-15,10908.669921875,10922.3701171875,10799.7099609375,10808.669921875,0
2024-03-18,10830.830078125,10934.26953125,10829.9296875,10923.830078125,0
2024-03-19,10889.7197265625,10911.7802734375,10751.169921875,10763.080078125,0
2024-03-20,11099.51953125,11134.0400390625,10851.759765625,10861.4599609375,0
2024-03-21,11226.51953125,11267.9599609375,11169.2197265625,11169.2197265625,0
2024-03-22,11084.58984375,11229.650390625,11083.4599609375,11223.849609375,0
2024-03-25,11096.3203125,11172.9296875,11096.2900390625,11101.1103515625,0
2024-03-26,11075.1298828125,11200.099609375,11074.240234375,11146.16015625,0
2024-03-27,11317.3095703125,11318.900390625,11131.9404296875,11131.9404296875,0
2024-03-28,11372.6298828125,11431.0302734375,11325.6796875,11325.6796875,0
2024-04-01,11256.4599609375,11380.759765625,11242.0400390625,11379.9599609375,0
2024-04-02,11054.3701171875,11174.1796875,10997.1103515625,11174.1796875,0
2024-04-03,11114.599609375,11137.08984375,10985.5595703125,11010.1201171875,0
2024-04-04,10995.4599609375,11250.48046875,10982.009765625,11184.099609375,0
2024-04-05,11047.419921875,11100.16015625,10965.9501953125,10985.3603515625,0
2024-04-08,11102.5,11130.9501953125,11061.8798828125,11107.75,0
2024-04-09,11140.580078125,11158.0595703125,11056.6904296875,11132.830078125,0
2024-04-10,10860.2197265625,10945.240234375,10796.830078125,10939.6201171875,0
2024-04-11,10936.8701171875,10949.919921875,10823.900390625,10902.740234375,0
2024-04-12,10726.2802734375,10885.6396484375,10681.6103515625,10875.669921875,0
2024-04-15,10579.3203125,10798.6201171875,10538.6298828125,10767.7998046875,0
2024-04-16,10535.330078125,10582.1103515625,10457.900390625,10526.599609375,0
2024-04-17,10430.91015625,10617.759765625,10429.8701171875,10588.0595703125,0
2024-04-18,10404.58984375,10556.849609375,10395.83984375,10448.9296875,0
2024-04-19,10430.0,10476.26953125,10343.7099609375,10366.3603515625,0
2024-04-22,10536.23046875,10594.919921875,10431.1796875,10460.01953125,0
2024-04-23,10724.58984375,10766.5400390625,10547.8603515625,10548.3798828125,0
2024-04-24,10686.1103515625,10743.4599609375,10622.8603515625,10712.990234375,0
2024-04-25,10609.7197265625,10627.76953125,10484.9501953125,10606.5703125,0
2024-04-26,10721.8701171875,10737.9697265625,10627.73046875,10628.2900390625,0
2024-04-29,10797.5703125,10822.25,10739.0703125,10739.0703125,0
2024-04-30,10572.2001953125,10730.2001953125,10571.900390625,10721.1103515625,0
2024-05-01,10606.2998046875,10806.990234375,10540.9501953125,10569.5595703125,0
2024-05-02,10798.740234375,10800.8095703125,10630.400390625,10703.4296875,0
2024-05-03,10904.76953125,11007.2099609375,10878.48046875,10950.259765625,0
2024-05-06,11039.01953125,11058.3798828125,10973.8701171875,10973.8701171875,0
2024-05-07,11060.73046875,11131.25,11047.4404296875,11047.4404296875,0
2024-05-08,11010.26953125,11013.009765625,10949.8203125,10986.9599609375,0
2024-05-09,11110.3701171875,11119.7001953125,11000.0703125,11021.1298828125,0
2024-05-10,11036.7001953125,11155.9697265625,11010.4296875,11144.76953125,0
2024-05-13,11049.41015625,11152.990234375,11049.41015625,11103.099609375,0
2024-05-14,11177.1201171875,11191.41015625,11125.3203125,11139.8603515625,0
2024-05-15,11304.9501953125,11320.2998046875,11229.76953125,11283.2998046875,0
2024-05-16,11235.5595703125,11295.1396484375,11233.26953125,11293.669921875,0
2024-05-17,11234.1103515625,11279.23046875,11205.83984375,11276.759765625,0
2024-05-20,11271.23046875,11309.8095703125,11231.0400390625,11238.990234375,0
2024-05-21,11249.830078125,11267.2099609375,11226.58984375,11245.0703125,0
2024-05-22,11161.1298828125,11242.5400390625,11129.3603515625,11225.599609375,0
2024-05-23,10983.3896484375,11208.4697265625,10941.9501953125,11203.7998046875,0
2024-05-24,11097.6796875,11100.7197265625,11026.25,11051.2001953125,0
2024-05-28,11082.5703125,11186.759765625,11033.4404296875,11130.1298828125,0
2024-05-29,10918.26953125,10994.8095703125,10917.9599609375,10994.8095703125,0
2024-05-30,11028.099609375,11063.4404296875,10959.1298828125,10959.1298828125,0
2024-05-31,11102.580078125,11121.5703125,10980.7001953125,11054.8798828125,0
2024-06-03,11047.669921875,11200.3203125,10985.330078125,11169.51953125,0
2024-06-04,10909.919921875,10998.1298828125,10900.23046875,10998.1298828125,0
2024-06-05,11071.0,11071.0,10923.3203125,10965.2197265625,0
2024-06-06,10994.2998046875,11053.3896484375,10978.7099609375,11042.7802734375,0
2024-06-07,10873.0302734375,10963.7197265625,10854.740234375,10919.0,0
2024-06-10,10900.8896484375,10911.7900390625,10775.7802734375,10796.830078125,0
2024-06-11,10862.080078125,10879.16015625,10763.990234375,10834.0498046875,0
2024-06-12,11038.9501953125,11207.6103515625,11012.48046875,11085.58984375,0
2024-06-13,10941.830078125,11020.51953125,10870.6298828125,11020.2802734375,0
2024-06-14,10769.2900390625,10844.5595703125,10730.9599609375,10844.5595703125,0
2024-06-17,10854.740234375,10870.3203125,10700.25,10750.3896484375,0
2024-06-18,10872.400390625,10917.0498046875,10848.7099609375,10855.5302734375,0
2024-06-20,10830.5703125,10915.849609375,10804.3701171875,10854.830078125,0
2024-06-21,10855.76953125,10856.98046875,10774.259765625,10825.2802734375,0
2024-06-24,10903.2001953125,10969.1796875,10862.509765625,10862.509765625,0
2024-06-25,10857.7802734375,10897.0703125,10832.5595703125,10897.0703125,0
2024-06-26,10835.1796875,10847.33984375,10793.509765625,10814.0498046875,0
2024-06-27,10944.080078125,10944.7900390625,10846.9599609375,10850.6904296875,0
2024-06-28,10999.8701171875,11051.33984375,10924.759765625,11015.26953125,0
2024-07-01,10905.8798828125,11030.9501953125,10875.509765625,11016.1904296875,0
2024-07-02,10926.349609375,10944.26953125,10893.6103515625,10911.2802734375,0
2024-07-03,10941.6396484375,11010.259765625,10935.9296875,10954.0302734375,0
2024-07-05,10889.0595703125,10920.1103515625,10847.8603515625,10916.7197265625,0
2024-07-08,10953.490234375,11015.2197265625,10942.08984375,10951.919921875,0
2024-07-09,10904.580078125,10960.9599609375,10874.7197265625,10938.3798828125,0
2024-07-10,11024.4404296875,11024.4501953125,10919.26953125,10945.58984375,0
2024-07-11,11418.6298828125,11437.5,11185.7802734375,11185.7802734375,0
2024-07-12,11543.8896484375,11626.2998046875,11495.33984375,11495.33984375,0
2024-07-15,11752.5,11814.1103515625,11609.9697265625,11618.01953125,0
2024-07-16,12164.41015625,12172.6796875,11813.8203125,11813.8203125,0
2024-07-17,12035.5498046875,12242.2099609375,12017.169921875,12071.91015625,0
2024-07-18,11813.2900390625,12151.150390625,11766.76953125,12005.0595703125,0
2024-07-19,11738.8603515625,12151.150390625,11715.2197265625,12005.0595703125,0
2024-07-22,11934.2001953125,11947.3095703125,11696.8095703125,11776.1201171875,0
2024-07-23,12055.8798828125,12113.2001953125,11868.5498046875,11880.5703125,0
2024-07-24,11798.509765625,12075.1396484375,11798.509765625,11999.83984375,0
2024-07-25,11947.0,12122.91015625,11821.4697265625,11832.4599609375,0
2024-07-26,12146.5595703125,12188.7001953125,12031.5703125,12080.73046875,0
2024-07-29,12013.91015625,12195.73046875,11975.400390625,12176.6103515625,0
2024-07-30,12055.8798828125,12124.23046875,11990.7197265625,12052.08984375,0
2024-07-31,12117.4501953125,12362.0703125,12054.48046875,12112.5400390625,0
2024-08-01,11750.5,12162.0302734375,11669.26953125,12112.41015625,0
2024-08-02,11337.73046875,11434.150390625,11238.4404296875,11434.150390625,0
2024-08-05,10962.009765625,11083.3603515625,10715.349609375,10868.990234375,0
2024-08-06,11097.4404296875,11219.6796875,10942.7099609375,10994.759765625,0
2024-08-07,10940.7197265625,11261.58984375,10934.5302734375,11225.66015625,0
2024-08-08,11206.3095703125,11208.8095703125,11045.8095703125,11058.3603515625,0
2024-08-09,11188.509765625,11219.9501953125,11124.0,11213.150390625,0
2024-08-12,11087.900390625,11211.26953125,11066.580078125,11200.66015625,0
2024-08-13,11266.349609375,11285.2197265625,11125.2998046875,11151.16015625,0
2024-08-14,11208.650390625,11318.26953125,11170.73046875,11313.6201171875,0
2024-08-15,11485.4404296875,11538.099609375,11389.099609375,11389.099609375,0
2024-08-16,11521.58984375,11564.1904296875,11461.26953125,11463.75,0
2024-08-19,11660.599609375,11660.6201171875,11534.0595703125,11534.0595703125,0
2024-08-20,11524.7099609375,11649.3203125,11502.98046875,11645.0595703125,0
2024-08-21,11677.4296875,11681.25,11548.6103515625,11548.6103515625,0
2024-08-22,11567.8896484375,11701.580078125,11556.259765625,11679.259765625,0
2024-08-23,11938.16015625,11959.919921875,11622.2099609375,11622.2099609375,0
2024-08-26,11934.5,12040.849609375,11929.1904296875,12000.6103515625,0
2024-08-27,11854.419921875,11896.8203125,11811.7802734375,11896.8203125,0
2024-08-28,11777.2998046875,11854.490234375,11731.7001953125,11827.9599609375,0
2024-08-29,11854.990234375,11962.740234375,11798.1796875,11834.1298828125,0
2024-08-30,11936.4404296875,11938.669921875,11800.7099609375,11888.3603515625,0
2024-09-03,11568.8798828125,11876.75,11548.73046875,11876.75,0
2024-09-04,11547.5,11659.5595703125,11513.0703125,11544.1396484375,0
2024-09-05,11477.509765625,11577.830078125,11445.990234375,11555.509765625,0
2024-09-06,11259.8203125,11519.58984375,11241.2099609375,11484.5595703125,0
2024-09-09,11294.2099609375,11387.3603515625,11268.9697265625,11268.9697265625,0
2024-09-10,11292.83984375,11316.6103515625,11160.7001953125,11306.009765625,0
2024-09-11,11328.1796875,11336.330078125,11085.01953125,11258.25,0
2024-09-12,11466.5302734375,11515.400390625,11320.7900390625,11357.009765625,0
2024-09-13,11754.5302734375,11760.1904296875,11543.3798828125,11543.3798828125,0
2024-09-16,11792.0498046875,11807.91015625,11734.01953125,11775.6904296875,0
2024-09-17,11879.9697265625,12006.6796875,11845.98046875,11845.98046875,0
2024-09-18,11884.6103515625,12169.6201171875,11838.8896484375,11885.5302734375,0
2024-09-19,12134.650390625,12167.400390625,12030.0302734375,12030.0302734375,0
2024-09-20,12001.400390625,12115.8203125,11997.6396484375,12115.8203125,0
2024-09-23,11960.7998046875,12058.4697265625,11933.759765625,12018.4501953125,0
2024-09-24,11981.0703125,12015.490234375,11921.23046875,12006.7099609375,0
2024-09-25,11838.169921875,11981.7001953125,11835.169921875,11980.58984375,0
2024-09-26,11905.3095703125,12002.400390625,11886.2197265625,11977.2900390625,0
2024-09-27,11985.849609375,12087.900390625,11953.990234375,12014.08984375,0
2024-09-30,12019.8701171875,12042.2900390625,11911.599609375,11946.900390625,0
2024-10-01,11843.0400390625,11986.099609375,11788.1904296875,11983.650390625,0
2024-10-02,11832.150390625,11883.3603515625,11776.7998046875,11801.2802734375,0
2024-10-03,11752.1904296875,11802.0302734375,11715.2900390625,11760.849609375,0
2024-10-04,11928.58984375,11939.7099609375,11838.66015625,11919.66015625,0
2024-10-07,11822.5498046875,11892.6201171875,11758.650390625,11892.6201171875,0
2024-10-08,11833.0302734375,11870.3603515625,11796.66015625,11828.0,0
2024-10-09,11863.650390625,11931.3203125,11809.08984375,11829.4599609375,0
2024-10-10,11798.1396484375,11798.1396484375,11702.150390625,11788.08984375,0
2024-10-11,12046.8896484375,12049.8701171875,11800.0595703125,11800.0595703125,0
2024-10-14,12123.6103515625,12132.1904296875,12013.6796875,12043.0400390625,0
2024-10-15,12130.349609375,12250.8203125,12097.419921875,12112.58984375,0
2024-10-16,12329.0703125,12344.23046875,12186.0,12186.0,0
2024-10-17,12297.9404296875,12339.919921875,12250.2998046875,12333.2802734375,0
2024-10-18,12272.6396484375,12332.259765625,12269.400390625,12313.9697265625,0
2024-10-21,12076.5302734375,12270.0400390625,12068.91015625,12268.5703125,0
2024-10-22,12032.5,12055.3603515625,11997.599609375,12055.3603515625,0
2024-10-23,11937.1904296875,12004.98046875,11838.1298828125,11995.4599609375,0
2024-10-24,11964.6201171875,12008.1796875,11896.830078125,11954.1796875,0
2024-10-25,11906.0400390625,12060.759765625,11901.9501953125,12001.8896484375,0
2024-10-28,12100.9697265625,12118.83984375,11958.599609375,11958.599609375,0
2024-10-29,12068.73046875,12068.740234375,11980.6201171875,12060.23046875,0
2024-10-30,12041.6904296875,12189.66015625,12024.169921875,12039.650390625,0
2024-10-31,11846.259765625,12037.75,11846.240234375,12033.4599609375,0
2024-11-01,11919.150390625,12011.9697265625,11876.259765625,11876.259765625,0
2024-11-04,11968.1396484375,12044.509765625,11867.099609375,11900.8896484375,0
2024-11-05,12194.1796875,12194.599609375,11932.2001953125,11955.6796875,0
2024-11-06,12906.91015625,12911.900390625,12410.990234375,12410.990234375,0
2024-11-07,12852.1796875,12958.2802734375,12827.7900390625,12898.400390625,0
2024-11-08,12945.080078125,12957.3095703125,12819.8603515625,12861.150390625,0
2024-11-11,13135.73046875,13172.099609375,13010.1396484375,13010.1396484375,0
2024-11-12,12903.73046875,13122.490234375,12881.9296875,13099.5302734375,0
2024-11-13,12783.099609375,13026.830078125,12778.2197265625,12958.2900390625,0
2024-11-14,12608.669921875,12838.7802734375,12588.8701171875,12809.3798828125,0
2024-11-15,12432.9296875,12662.83984375,12398.8701171875,12627.830078125,0
2024-11-18,12447.6796875,12532.5703125,12423.5703125,12448.6396484375,0
2024-11-19,12547.83984375,12549.080078125,12328.5400390625,12391.0703125,0
2024-11-20,12551.8203125,12553.6796875,12434.4697265625,12539.8095703125,0
2024-11-21,12759.76953125,12804.2099609375,12584.0595703125,12584.0595703125,0
2024-11-22,12990.9296875,13004.7001953125,12773.7900390625,12773.7900390625,0
2024-11-25,13182.400390625,13314.400390625,13058.5400390625,13058.5400390625,0
2024-11-26,13087.0400390625,13166.48046875,13041.759765625,13166.48046875,0
2024-11-27,13097.599609375,13225.3798828125,13088.51953125,13118.830078125,0
2024-11-29,13145.7197265625,13204.6396484375,13136.41015625,13136.41015625,0
2024-12-02,13144.1103515625,13189.830078125,13071.599609375,13160.6904296875,0
2024-12-03,13048.419921875,13150.8095703125,13029.5302734375,13143.240234375,0
2024-12-04,13103.669921875,13122.3701171875,13029.0,13063.33984375,0
2024-12-05,12940.75,13100.8203125,12935.2802734375,13096.669921875,0
2024-12-06,13011.3095703125,13039.2998046875,12972.2802734375,13006.41015625,0
2024-12-09,12924.4599609375,13115.25,12923.73046875,13064.8701171875,0
2024-12-10,12870.599609375,12978.01953125,12848.080078125,12922.76953125,0
2024-12-11,12932.51953125,13005.8701171875,12890.4296875,12958.919921875,0
2024-12-12,12754.009765625,12920.259765625,12751.33984375,12896.08984375,0
2024-12-13,12680.080078125,12760.7998046875,12622.75,12739.009765625,0
2024-12-16,12763.1396484375,12808.740234375,12642.9296875,12670.6298828125,0
2024-12-17,12612.6298828125,12723.2802734375,12586.599609375,12702.900390625,0
2024-12-18,12058.6201171875,12698.7900390625,11973.41015625,12657.16015625,0
2024-12-19,12004.669921875,12241.6201171875,11981.169921875,12164.5595703125,0
2024-12-20,12118.0,12237.4697265625,11861.4599609375,11898.25,0
2024-12-23,12091.58984375,12115.7900390625,11994.2197265625,12100.5400390625,0
2024-12-24,12212.98046875,12212.98046875,12069.5302734375,12107.01953125,0
2024-12-26,12323.2802734375,12332.1298828125,12126.580078125,12153.6396484375,0
2024-12-27,12131.16015625,12288.990234375,12037.0,12262.9404296875,0
2024-12-30,12041.25,12096.0703125,11905.5400390625,12057.759765625,0
2024-12-31,12060.0703125,12169.490234375,12029.6298828125,12102.0498046875,0
2025-01-02,12068.669921875,12231.330078125,12005.150390625,12123.5498046875,0
2025-01-03,12268.08984375,12271.2001953125,12101.830078125,12101.830078125,0
2025-01-06,12258.3095703125,12397.0595703125,12246.2802734375,12307.3203125,0
2025-01-07,12167.259765625,12363.98046875,12095.599609375,12283.5595703125,0
2025-01-08,12108.8095703125,12124.6103515625,11961.419921875,12093.419921875,0
2025-01-10,11840.4697265625,11981.0595703125,11769.0703125,11981.0595703125,0
2025-01-13,11868.7802734375,11870.3095703125,11675.2998046875,11771.8798828125,0
2025-01-14,12003.169921875,12014.48046875,11871.25,11932.4501953125,0
2025-01-15,12241.91015625,12322.3798828125,12184.83984375,12205.4599609375,0
2025-01-16,12261.009765625,12294.7802734375,12185.8095703125,12234.91015625,0
2025-01-17,12310.4599609375,12386.669921875,12274.4296875,12341.7099609375,0
2025-01-21,12538.1396484375,12542.6796875,12367.3798828125,12367.3798828125,0
2025-01-22,12461.080078125,12541.75,12451.26953125,12528.2900390625,0
2025-01-23,12520.0595703125,12520.75,12383.0703125,12420.0703125,0
2025-01-24,12483.3203125,12561.91015625,12458.509765625,12508.4296875,0
2025-01-27,12355.1298828125,12505.349609375,12299.1298828125,12388.2802734375,0
2025-01-28,12381.3701171875,12412.76953125,12306.83984375,12371.8798828125,0
2025-01-29,12350.51953125,12446.650390625,12274.8896484375,12369.3203125,0
2025-01-30,12482.2900390625,12553.0400390625,12407.9404296875,12441.0400390625,0
2025-01-31,12376.2802734375,12563.4296875,12328.0595703125,12484.5302734375,0
2025-02-03,12218.669921875,12287.8701171875,12062.2998046875,12145.1201171875,0
2025-02-04,12390.9404296875,12397.3095703125,12211.8896484375,12212.33984375,0
2025-02-05,12531.9501953125,12531.9599609375,12408.2900390625,12431.9296875,0
2025-02-06,12483.0703125,12590.330078125,12421.1904296875,12570.599609375,0
2025-02-07,12335.259765625,12507.330078125,12324.0400390625,12489.349609375,0
2025-02-10,12380.4404296875,12417.080078125,12346.41015625,12388.23046875,0
2025-02-11,12314.3896484375,12349.6103515625,12288.33984375,12327.6904296875,0
2025-02-12,12207.6201171875,12243.7900390625,12124.4296875,12179.580078125,0
2025-02-13,12350.1396484375,12351.41015625,12225.0400390625,12256.23046875,0
2025-02-14,12341.080078125,12437.0302734375,12322.9296875,12383.66015625,0
2025-02-18,12399.0400390625,12421.98046875,12327.7001953125,12351.419921875,0
2025-02-19,12356.3701171875,12390.4599609375,12308.6103515625,12333.8095703125,0
2025-02-20,12244.66015625,12345.1201171875,12181.6904296875,12345.1201171875,0
2025-02-21,11885.849609375,12358.3798828125,11879.16015625,12322.25,0
2025-02-24,11793.919921875,11922.75,11746.7001953125,11915.419921875,0
2025-02-25,11749.740234375,11829.2099609375,11664.58984375,11805.9599609375,0
2025-02-26,11772.1201171875,11911.5302734375,11732.509765625,11778.9697265625,0
2025-02-27,11585.48046875,11791.9404296875,11584.150390625,11777.5400390625,0
2025-02-28,11714.2802734375,11715.1298828125,11514.0,11565.4697265625,0
2025-03-03,11386.2900390625,11772.58984375,11331.7998046875,11742.5498046875,0
2025-03-04,11263.9501953125,11440.349609375,11093.2099609375,11286.5,0
2025-03-05,11379.900390625,11391.83984375,11192.490234375,11270.1904296875,0
2025-03-06,11194.9296875,11340.2900390625,11134.6396484375,11276.2802734375,0
2025-03-07,11245.0400390625,11293.3203125,11018.6396484375,11190.9501953125,0
2025-03-10,10940.599609375,11152.009765625,10855.7998046875,11152.009765625,0
2025-03-11,10966.240234375,11074.0302734375,10844.849609375,10960.41015625,0
2025-03-12,10982.1796875,11110.8603515625,10906.900390625,11044.2197265625,0
2025-03-13,10805.25,11008.2900390625,10757.73046875,10980.7900390625,0
2025-03-14,11082.2998046875,11084.5498046875,10889.5498046875,10889.5498046875,0
2025-03-17,11214.5498046875,11244.8701171875,11060.759765625,11069.169921875,0
2025-03-18,11115.0703125,11174.9296875,11082.2001953125,11174.9296875,0
2025-03-19,11289.5,11343.48046875,11122.509765625,11122.509765625,0
2025-03-20,11216.75,11332.51953125,11172.6201171875,11216.58984375,0
2025-03-21,11153.91015625,11174.4501953125,11062.5703125,11158.2900390625,0
2025-03-24,11438.5,11444.8095703125,11254.6904296875,11254.6904296875,0
2025-03-25,11362.6396484375,11442.33984375,11333.6904296875,11432.4404296875,0
2025-03-26,11245.8798828125,11407.8896484375,11205.01953125,11372.490234375,0
2025-03-27,11202.259765625,11276.009765625,11158.3798828125,11239.0498046875,0
2025-03-28,10972.849609375,11189.98046875,10917.1298828125,11189.98046875,0
2025-03-31,10916.900390625,10971.33984375,10706.2900390625,10841.259765625,0
2025-04-01,10919.1396484375,10999.2001953125,10774.9404296875,10893.91015625,0
2025-04-02,11099.1103515625,11114.2197265625,10778.759765625,10843.900390625,0
2025-04-03,10367.75,10753.6904296875,10363.16015625,10753.6904296875,0
2025-04-04,9915.150390625,10126.6201171875,9676.51953125,10126.6201171875,0
2025-04-07,9823.76953125,10263.4501953125,9405.9599609375,9633.7001953125,0
2025-04-08,9555.8203125,10143.48046875,9437.009765625,10045.330078125,0
2025-04-09,10383.58984375,10478.25,9405.759765625,9461.080078125,0
2025-04-10,9939.83984375,10120.9697265625,9709.650390625,10120.9697265625,0
2025-04-11,10096.76953125,10100.25,9782.1396484375,9920.1298828125,0
2025-04-14,10209.150390625,10274.2802734375,10033.5400390625,10262.2099609375,0
2025-04-15,10220.6904296875,10325.98046875,10177.66015625,10203.080078125,0
2025-04-16,10115.2998046875,10204.41015625,9999.5,10165.6904296875,0
2025-04-17,10208.900390625,10247.0,10104.0302734375,10115.9404296875,0
2025-04-21,9990.1796875,10114.400390625,9898.23046875,10111.7197265625,0
2025-04-22,10261.6201171875,10275.9296875,10101.6103515625,10118.650390625,0
2025-04-23,10418.3701171875,10683.150390625,10393.849609375,10522.4404296875,0
2025-04-24,10627.1396484375,10633.25,10417.91015625,10436.419921875,0
2025-04-25,10627.7900390625,10627.7900390625,10501.6298828125,10557.8095703125,0
2025-04-28,10670.8701171875,10716.4404296875,10543.1103515625,10642.8701171875,0
2025-04-29,10730.6796875,10765.0,10576.759765625,10629.8203125,0
2025-04-30,10664.7001953125,10693.3603515625,10454.23046875,10588.400390625,0
2025-05-01,10728.5302734375,10809.080078125,10645.0400390625,10722.669921875,0
2025-05-02,10972.3798828125,11003.7998046875,10847.4697265625,10847.4697265625,0
2025-05-05,10883.8701171875,10969.8203125,10862.3095703125,10882.3603515625,0
2025-05-06,10769.6796875,10851.83984375,10735.3203125,10777.900390625,0
2025-05-07,10805.080078125,10854.6396484375,10739.6201171875,10827.16015625,0
2025-05-08,11005.2197265625,11081.490234375,10862.4296875,10914.6103515625,0
2025-05-09,10987.9296875,11065.2099609375,10951.08984375,11031.66015625,0
2025-05-12,11364.2900390625,11432.2802734375,11281.259765625,11335.0595703125,0
2025-05-13,11419.8095703125,11461.1103515625,11381.2099609375,11415.4599609375,0
2025-05-14,11319.5595703125,11403.9404296875,11314.1796875,11388.2900390625,0
2025-05-15,11380.66015625,11382.1396484375,11242.91015625,11286.7099609375,0
2025-05-16,11483.58984375,11492.7998046875,11380.91015625,11389.9501953125,0
2025-05-19,11436.490234375,11437.0498046875,11311.7802734375,11315.650390625,0
2025-05-20,11443.1298828125,11473.6396484375,11388.6103515625,11420.3203125,0
2025-05-21,11122.650390625,11342.8203125,11104.3095703125,11326.76953125,0
2025-05-22,11117.6396484375,11179.830078125,11046.1103515625,11098.4501953125,0
2025-05-23,11087.509765625,11114.8798828125,10931.7900390625,10947.6103515625,0
2025-05-27,11362.4599609375,11363.349609375,11187.4296875,11192.759765625,0
2025-05-28,11239.6904296875,11373.349609375,11232.2998046875,11359.8701171875,0
2025-05-29,11278.01953125,11314.650390625,11203.240234375,11293.7197265625,0
2025-05-30,11234.2001953125,11280.150390625,11151.759765625,11239.8701171875,0
2025-06-02,11256.580078125,11258.6298828125,11112.1396484375,11236.6796875,0
2025-06-03,11435.58984375,11459.580078125,11260.919921875,11278.150390625,0
2025-06-04,11411.2099609375,11475.0302734375,11401.6904296875,11437.2998046875,0
2025-06-05,11405.9697265625,11475.16015625,11348.509765625,11417.98046875,0
2025-06-06,11597.51953125,11598.08984375,11504.83984375,11504.83984375,0
2025-06-09,11664.01953125,11718.08984375,11634.6796875,11662.419921875,0
2025-06-10,11729.76953125,11773.650390625,11698.9599609375,11698.9599609375,0
2025-06-11,11685.5595703125,11806.6103515625,11678.3896484375,11768.849609375,0
2025-06-12,11642.0703125,11657.240234375,11592.9599609375,11653.9404296875,0
2025-06-13,11429.2001953125,11562.8798828125,11402.759765625,11536.48046875,0
2025-06-16,11559.0703125,11616.66015625,11509.8095703125,11509.8095703125,0
2025-06-17,11438.830078125,11539.080078125,11436.830078125,11503.599609375,0
2025-06-18,11499.0,11579.0400390625,11430.8701171875,11435.83984375,0
2025-06-20,11479.2802734375,11578.7802734375,11446.91015625,11556.169921875,0
2025-06-23,11607.1103515625,11610.7900390625,11364.2900390625,11459.259765625,0
2025-06-24,11762.6201171875,11782.669921875,11662.08984375,11674.150390625,0
2025-06-25,11626.5,11776.1201171875,11625.259765625,11772.490234375,0
2025-06-26,11822.1396484375,11822.25,11655.41015625,11655.41015625,0
2025-06-27,11825.2900390625,11915.919921875,11756.0400390625,11848.23046875,0
2025-06-30,11844.7998046875,11884.7099609375,11834.7900390625,11859.9404296875,0
2025-07-01,11967.8095703125,12082.4599609375,11766.8095703125,11794.0302734375,0
2025-07-02,12125.23046875,12127.4501953125,11950.330078125,11979.7001953125,0
2025-07-03,12249.169921875,12249.169921875,12158.0302734375,12158.0302734375,0
2025-07-07,12059.9296875,12218.6904296875,12005.919921875,12186.7900390625,0
2025-07-08,12139.3603515625,12192.669921875,12086.8798828125,12086.8798828125,0
2025-07-09,12269.1201171875,12270.6396484375,12143.080078125,12181.2197265625,0
2025-07-10,12328.8095703125,12395.740234375,12240.4697265625,12261.41015625,0
2025-07-11,12173.759765625,12277.91015625,12166.0595703125,12277.91015625,0
2025-07-14,12255.0302734375,12257.599609375,12144.6298828125,12156.6796875,0
2025-07-15,12012.1298828125,12298.2197265625,12012.099609375,12282.98046875,0
2025-07-16,12131.66015625,12147.7998046875,11926.3896484375,12054.83984375,0
2025-07-17,12277.2998046875,12303.330078125,12133.01953125,12137.6396484375,0
2025-07-18,12203.1796875,12364.4404296875,12192.8798828125,12340.169921875,0
2025-07-21,12155.0,12307.990234375,12148.9501953125,12248.26953125,0
2025-07-22,12251.01953125,12282.7001953125,12117.919921875,12155.26953125,0
2025-07-23,12438.4296875,12438.830078125,12308.0,12308.0,0
2025-07-24,12269.580078125,12402.1396484375,12267.6298828125,12402.1396484375,0
2025-07-25,12318.650390625,12326.8798828125,12228.150390625,12298.08984375,0
2025-07-28,12295.1103515625,12368.3701171875,12274.669921875,12354.2001953125,0
2025-07-29,12220.1201171875,12385.8203125,12199.0,12358.330078125,0
2025-07-30,12162.580078125,12344.599609375,12096.669921875,12254.7802734375,0
2025-07-31,12050.26953125,12180.8896484375,12027.0498046875,12126.509765625,0
2025-08-01,11806.009765625,11948.5400390625,11678.76953125,11948.5400390625,0
2025-08-04,12055.5400390625,12056.3095703125,11863.7197265625,11863.7197265625,0
2025-08-05,12128.9501953125,12144.259765625,11993.0498046875,12089.5595703125,0
2025-08-06,12105.2001953125,12127.41015625,12050.2998046875,12121.3701171875,0
2025-08-07,12069.849609375,12224.849609375,12005.2900390625,12178.0703125,0
2025-08-08,12090.98046875,12144.8203125,12068.3798828125,12114.7900390625,0
2025-08-11,12081.73046875,12153.7998046875,12065.5400390625,12111.169921875,0
2025-08-12,12443.490234375,12448.33984375,12154.0400390625,12167.01953125,0
2025-08-13,12690.91015625,12697.48046875,12516.3203125,12517.1904296875,0
2025-08-14,12533.5498046875,12563.0400390625,12428.76953125,12563.0400390625,0
2025-08-15,12468.5,12569.2001953125,12430.6103515625,12564.8603515625,0
2025-08-18,12513.01953125,12533.73046875,12465.73046875,12472.919921875,0
2025-08-19,12416.009765625,12546.3798828125,12395.5703125,12516.9697265625,0
2025-08-20,12376.6796875,12405.7998046875,12284.3896484375,12400.900390625,0
2025-08-21,12403.240234375,12419.1396484375,12296.66015625,12320.5703125,0
2025-08-22,12883.0703125,12908.4296875,12464.349609375,12464.349609375,0
2025-08-25,12759.1396484375,12858.48046875,12758.5595703125,12858.48046875,0
2025-08-26,12865.4599609375,12882.4501953125,12759.490234375,12759.490234375,0
2025-08-27,12948.5595703125,12959.009765625,12833.9404296875,12840.2197265625,0
2025-08-28,12973.990234375,13004.51953125,12928.759765625,12996.759765625,0
2025-08-29,12911.2197265625,12996.91015625,12872.9404296875,12991.6201171875,0
2025-09-02,12834.8701171875,12850.01953125,12713.419921875,12767.490234375,0
2025-09-03,12822.8798828125,12873.240234375,12771.1201171875,12835.9599609375,0
2025-09-04,12985.349609375,12986.3203125,12831.0595703125,12847.849609375,0
2025-09-05,13049.2802734375,13138.3798828125,12916.8896484375,13043.490234375,0
2025-09-08,13070.4404296875,13088.169921875,12982.73046875,13074.58984375,0
2025-09-09,12999.4404296875,13065.8203125,12936.0595703125,13063.4697265625,0
2025-09-10,12979.2900390625,13067.3798828125,12930.16015625,13015.7197265625,0
2025-09-11,13217.240234375,13221.6298828125,12990.51953125,12995.7099609375,0
2025-09-12,13084.830078125,13188.4404296875,13082.900390625,13188.169921875,0
2025-09-15,13132.08984375,13166.9404296875,13102.8798828125,13120.1298828125,0
2025-09-16,13121.4296875,13142.669921875,13040.7001953125,13132.169921875,0
2025-09-17,13145.1904296875,13396.4296875,13083.8095703125,13138.3798828125,0
2025-09-18,13474.849609375,13487.83984375,13217.6298828125,13217.6298828125,0
2025-09-19,13371.6201171875,13499.9404296875,13355.7099609375,13498.23046875,0
2025-09-22,13451.650390625,13471.0498046875,13278.4697265625,13356.4296875,0
2025-09-23,13419.9697265625,13591.0595703125,13406.6103515625,13473.259765625,0
2025-09-24,13297.0498046875,13441.8095703125,13297.0498046875,13429.7900390625,0
2025-09-25,13166.849609375,13210.1796875,13072.740234375,13210.1796875,0
2025-09-26,13294.25,13298.76953125,13180.8203125,13188.5498046875,0
2025-09-29,13300.1103515625,13376.650390625,13262.169921875,13340.6103515625,0
2025-09-30,13312.9296875,13323.009765625,13186.1904296875,13291.9296875,0
2025-10-01,13345.580078125,13373.5,13250.099609375,13268.4404296875,0
2025-10-02,13433.8603515625,13434.1904296875,13309.849609375,13381.919921875,0
2025-10-03,13531.080078125,13646.849609375,13479.2001953125,13479.2001953125,0
2025-10-06,13586.919921875,13671.9697265625,13559.5,13602.1201171875,0
2025-10-07,13434.6298828125,13624.1396484375,13395.75,13609.5302734375,0
2025-10-08,13574.4296875,13594.3896484375,13436.0595703125,13485.009765625,0
2025-10-09,13492.0703125,13611.76953125,13441.6796875,13584.3798828125,0
2025-10-10,13087.0498046875,13577.5302734375,13083.0,13517.1298828125,0
2025-10-13,13452.240234375,13460.48046875,13242.2900390625,13242.2900390625,0
2025-10-14,13638.5400390625,13732.41015625,13213.5595703125,13358.349609375,0
2025-10-15,13771.6298828125,13891.3798828125,13612.080078125,13721.419921875,0
2025-10-16,13483.5,13823.8603515625,13435.580078125,13789.7900390625,0
2025-10-17,13402.740234375,13473.3095703125,13299.0,13421.7998046875,0
2025-10-20,13663.7099609375,13667.1396484375,13506.5400390625,13506.5400390625,0
2025-10-21,13596.9599609375,13667.26953125,13519.7998046875,13640.66015625,0
2025-10-22,13399.4697265625,13583.0498046875,13262.7197265625,13573.169921875,0
2025-10-23,13569.66015625,13600.75,13431.240234375,13431.240234375,0
2025-10-24,13738.580078125,13811.650390625,13676.4599609375,13676.4599609375,0
2025-10-27,13776.91015625,13883.509765625,13750.2998046875,13813.9296875,0
2025-10-28,13701.5595703125,13795.1904296875,13669.650390625,13753.3095703125,0
2025-10-29,13582.509765625,13816.08984375,13489.0703125,13695.3203125,0
2025-10-30,13479.580078125,13644.080078125,13473.2998046875,13539.0,0
2025-10-31,13553.7802734375,13580.1298828125,13425.830078125,13498.009765625,0
2025-11-03,13509.8095703125,13563.4501953125,13349.4599609375,13563.4501953125,0
2025-11-04,13270.2900390625,13433.099609375,13266.349609375,13381.080078125,0
2025-11-05,13475.1796875,13522.1103515625,13280.3095703125,13280.3095703125,0
2025-11-06,13224.2900390625,13457.4404296875,13214.7998046875,13450.759765625,0
2025-11-07,13301.599609375,13302.0498046875,13013.1904296875,13165.7197265625,0
2025-11-10,13428.2900390625,13500.6904296875,13344.5400390625,13406.98046875,0
2025-11-11,13442.6904296875,13471.6298828125,13361.400390625,13407.330078125,0
2025-11-12,13402.5498046875,13552.0595703125,13395.6103515625,13471.25,0
2025-11-13,13032.009765625,13352.58984375,12990.349609375,13352.58984375,0
2025-11-14,13063.169921875,13130.009765625,12827.3095703125,12904.1796875,0
2025-11-17,12809.1298828125,13080.1103515625,12770.2099609375,13029.6103515625,0
2025-11-18,12849.8701171875,12931.08984375,12720.6396484375,12766.0400390625,0
2025-11-19,12845.349609375,12995.7001953125,12805.16015625,12853.3095703125,0
2025-11-20,12611.6103515625,13154.009765625,12602.599609375,12941.08984375,0
2025-11-21,12965.0302734375,13041.4296875,12621.400390625,12621.400390625,0
2025-11-24,13210.16015625,13232.16015625,12980.66015625,12983.1796875,0
2025-11-25,13493.349609375,13519.8896484375,13228.990234375,13228.990234375,0
2025-11-26,13603.6298828125,13695.8203125,13486.51953125,13493.599609375,0
2025-11-28,13683.990234375,13689.6201171875,13638.08984375,13638.08984375,0
2025-12-01,13515.099609375,13621.5498046875,13508.9697265625,13586.8203125,0
2025-12-02,13492.5400390625,13616.5498046875,13492.5400390625,13575.0,0
2025-12-03,13750.919921875,13752.6298828125,13512.8701171875,13518.3095703125,0
2025-12-04,13855.9404296875,13904.3603515625,13695.0703125,13730.4599609375,0
2025-12-05,13804.7998046875,13897.23046875,13785.240234375,13853.900390625,0
2025-12-08,13802.4501953125,13911.490234375,13781.419921875,13865.099609375,0
2025-12-09,13831.7802734375,13916.7900390625,13765.25,13774.5498046875,0
2025-12-10,14014.98046875,14106.41015625,13793.580078125,13822.6298828125,0
2025-12-11,14185.0302734375,14203.0400390625,14009.009765625,14022.830078125,0
2025-12-12,13971.669921875,14215.4697265625,13957.1904296875,14201.080078125,0
2025-12-15,13861.7900390625,14063.259765625,13854.7001953125,14036.080078125,0
2025-12-16,13799.7802734375,13894.6298828125,13729.900390625,13839.1796875,0
2025-12-17,13652.150390625,13914.8095703125,13628.490234375,13815.4697265625,0
2025-12-18,13737.7802734375,13868.830078125,13719.2802734375,13791.419921875,0
2025-12-19,13856.2001953125,13885.76953125,13742.0595703125,13742.0595703125,0
2025-12-22,14017.6796875,14095.0302734375,13908.2197265625,13908.2197265625,0
2025-12-23,13921.259765625,13987.41015625,13903.83984375,13962.4697265625,0
2025-12-24,13959.5400390625,13969.8603515625,13888.6103515625,13911.6201171875,0
2025-12-26,13884.9404296875,13953.0302734375,13846.66015625,13953.0302734375,0
2025-12-29,13805.8896484375,13881.8095703125,13783.3095703125,13833.51953125,0
2025-12-30,13701.150390625,13812.48046875,13700.6103515625,13806.9599609375,0
2025-12-31,13604.58984375,13713.419921875,13597.8603515625,13705.73046875,0
2026-01-02,13749.330078125,13757.5400390625,13603.349609375,13659.41015625,0
2026-01-05,13967.240234375,14012.8701171875,13796.6796875,13796.6796875,0
2026-01-06,14159.0703125,14159.58984375,13932.830078125,13951.1103515625,0
2026-01-07,14118.1796875,14174.0595703125,14052.240234375,14174.0595703125,0
2026-01-08,14274.400390625,14300.0,14070.23046875,14075.4404296875,0
2026-01-09,14386.3603515625,14449.7998046875,14290.0703125,14334.3095703125,0
2026-01-12,14449.51953125,14455.150390625,14291.6396484375,14331.099609375,0
2026-01-13,14435.33984375,14511.73046875,14404.080078125,14497.75,0
2026-01-14,14537.16015625,14546.3095703125,14387.240234375,14424.33984375,0
2026-01-15,14663.7802734375,14744.48046875,14580.0703125,14590.0498046875,0
2026-01-16,14681.66015625,14761.08984375,14631.3603515625,14676.5703125,0
2026-01-20,14504.1796875,14641.0400390625,14432.8701171875,14457.4697265625,0
2026-01-21,14793.8603515625,14824.4404296875,14537.8095703125,14596.2099609375,0
2026-01-22,14906.8701171875,14996.4501953125,14886.169921875,14901.5498046875,0
2026-01-23,14635.23046875,14873.9296875,14609.9296875,14873.9296875,0
2026-01-26,14583.349609375,14722.169921875,14570.990234375,14652.9501953125,0
2026-01-27,14621.91015625,14632.1396484375,14533.83984375,14584.7900390625,0
2026-01-28,14549.990234375,14727.169921875,14517.5595703125,14700.5703125,0
2026-01-29,14556.740234375,14613.1103515625,14344.8798828125,14588.7099609375,0
2026-01-30,14332.6103515625,14521.919921875,14254.91015625,14442.5498046875,0
2026-02-02,14478.490234375,14558.3203125,14278.33984375,14282.1796875,0
2026-02-03,14523.830078125,14624.4501953125,14290.1396484375,14521.830078125,0
2026-02-04,14392.580078125,14589.400390625,14213.41015625,14573.0,0
2026-02-05,14135.8701171875,14422.0302734375,14089.7001953125,14295.240234375,0
2026-02-06,14644.66015625,14676.919921875,14320.83984375,14320.83984375,0
2026-02-09,14747.8095703125,14782.9404296875,14588.3095703125,14629.2900390625,0
2026-02-10,14697.759765625,14831.080078125,14690.8203125,14763.7001953125,0
2026-02-11,14641.6103515625,14843.9501953125,14497.3203125,14810.900390625,0
2026-02-12,14347.58984375,14769.6103515625,14285.4599609375,14726.9404296875,0
2026-02-13,14519.8701171875,14638.3203125,14320.4404296875,14374.2197265625,0
2026-02-17,14520.849609375,14591.5,14327.509765625,14507.7900390625,0
2026-02-18,14587.16015625,14741.58984375,14509.6201171875,14523.099609375,0
2026-02-19,14623.0595703125,14623.75,14472.1103515625,14529.830078125,0
2026-02-20,14616.490234375,14718.76953125,14497.3603515625,14597.3095703125,0
2026-02-23,14382.4501953125,14592.6796875,14272.740234375,14568.16015625,0
2026-02-24,14554.5595703125,14575.490234375,14371.8203125,14378.8701171875,0
2026-02-25,14615.3798828125,14658.849609375,14508.8798828125,14603.1396484375,0
2026-02-26,14692.2900390625,14705.009765625,14491.2998046875,14625.91015625,0
2026-02-27,14447.91015625,14559.76953125,14358.7001953125,14559.76953125,0
2026-03-02,14579.0302734375,14593.7001953125,14253.8203125,14320.76953125,0
2026-03-03,14318.4697265625,14409.2900390625,14003.4501953125,14347.51953125,0
2026-03-04,14471.0400390625,14515.7099609375,14320.01953125,14391.73046875,0
2026-03-05,14194.8701171875,14392.9404296875,14059.9296875,14380.0595703125,0
2026-03-06,13865.580078125,14026.759765625,13827.2099609375,14026.759765625,0
2026-03-09,14022.16015625,14052.330078125,13526.400390625,13745.0,0
2026-03-10,13992.8095703125,14230.2900390625,13972.580078125,14008.900390625,0
2026-03-11,13965.1201171875,14041.75,13864.26953125,13943.2900390625,0
2026-03-12,13669.580078125,13844.4404296875,13638.4404296875,13844.4404296875,0
2026-03-13,13623.5,13842.51953125,13578.7802734375,13740.76953125,0
2026-03-16,13752.98046875,13875.650390625,13730.0,13733.08984375,0
2026-03-17,13845.4697265625,13926.2099609375,13799.2998046875,13806.3203125,0
2026-03-18,13618.5400390625,13797.2197265625,13615.6904296875,13797.2197265625,0
2026-03-19,13706.9296875,13818.4697265625,13448.759765625,13510.98046875,0
2026-03-20,13398.4404296875,13717.8896484375,13313.51953125,13705.150390625,0
2026-03-23,13705.51953125,13899.580078125,13547.1396484375,13547.1396484375,0
2026-03-24,13767.349609375,13835.5302734375,13584.6904296875,13634.83984375,0
2026-03-25,13937.41015625,14000.900390625,13838.3203125,13883.4599609375,0
2026-03-26,13701.009765625,13928.0595703125,13685.5498046875,13831.1796875,0
2026-03-27,13462.0498046875,13640.26953125,13428.73046875,13634.669921875,0
2026-03-30,13266.73046875,13558.01953125,13217.169921875,13528.009765625,0
2026-03-31,13725.25,13755.009765625,13402.6103515625,13402.6103515625,0
2026-04-01,13813.7802734375,13968.9404296875,13805.6103515625,13805.6103515625,0
2026-04-02,13911.669921875,13940.669921875,13574.8603515625,13650.740234375,0
2026-04-06,13970.08984375,13993.4697265625,13876.6201171875,13899.8798828125,0
2026-04-07,13994.3603515625,14010.6904296875,13832.419921875,13937.1796875,0
2026-04-08,14409.7001953125,14498.009765625,14275.919921875,14275.919921875,0
2026-04-09,14497.33984375,14545.9404296875,14346.9697265625,14367.23046875,0
2026-04-10,14466.2099609375,14552.990234375,14424.8701171875,14522.4697265625,0
2026-04-13,14685.9296875,14689.0,14420.009765625,14439.5595703125,0
2026-04-14,14879.3798828125,14913.740234375,14736.6103515625,14736.6103515625,0
2026-04-15,14924.0498046875,14931.2001953125,14820.4599609375,14881.8701171875,0
2026-04-16,14956.83984375,14959.3203125,14854.1904296875,14926.0,0
2026-04-17,15272.16015625,15361.3603515625,15078.8095703125,15078.8095703125,0
2026-04-20,15360.580078125,15374.6201171875,15204.7802734375,15240.58984375,0
2026-04-21,15206.76953125,15498.169921875,15174.580078125,15391.23046875,0
2026-04-22,15319.2900390625,15395.6796875,15234.830078125,15307.6904296875,0
2026-04-23,15262.9296875,15378.4599609375,15078.3701171875,15316.41015625,0
2026-04-24,15328.9501953125,15382.1904296875,15192.7197265625,15309.58984375,0
2026-04-27,15335.8603515625,15382.900390625,15299.0400390625,15338.2197265625,0
2026-04-28,15159.08984375,15349.1103515625,15103.7998046875,15303.330078125,0
2026-04-29,15068.0302734375,15184.51953125,14989.7197265625,15146.25,0
2026-04-30,15401.1796875,15407.6396484375,15094.1796875,15098.0498046875,0
2026-05-01,15472.4599609375,15488.2197265625,15338.7900390625,15423.099609375,0
2026-05-04,15380.2197265625,15547.5400390625,15305.900390625,15456.580078125,0
2026-05-05,15650.009765625,15659.1796875,15435.4296875,15435.4296875,0
2026-05-06,15879.9501953125,15890.1103515625,15699.5400390625,15716.7900390625,0
2026-05-07,15621.0498046875,15881.009765625,15583.1396484375,15881.009765625,0
2026-05-08,15740.419921875,15768.080078125,15646.16015625,15690.1103515625,0
2026-05-11,15793.3798828125,15890.0400390625,15757.9599609375,15757.9599609375,0
2026-05-12,15640.9697265625,15745.490234375,15403.6396484375,15745.490234375,0
2026-05-13,15647.5498046875,15695.900390625,15493.6298828125,15660.2900390625,0
2026-05-14,15753.3203125,15812.650390625,15620.16015625,15696.419921875,0
2026-05-15,15372.1201171875,15625.3203125,15362.2099609375,15625.3203125,0
2026-05-18,15273.66015625,15426.2900390625,15174.1298828125,15419.1396484375,0
2026-05-19,15120.009765625,15226.330078125,14986.7001953125,15153.51953125,0
2026-05-20,15507.3701171875,15510.8203125,15168.0400390625,15215.919921875,0
2026-05-21,15651.7900390625,15691.25,15402.990234375,15425.6298828125,0
2026-05-22,15794.830078125,15846.48046875,15717.1904296875,15717.1904296875,0
2026-05-26,16077.8798828125,16091.66015625,15922.490234375,15959.349609375,0
2026-05-27,16074.8896484375,16145.3603515625,16012.66015625,16099.2099609375,0
2026-05-28,16166.91015625,16200.1298828125,15953.75,16048.3798828125,0
2026-05-29,16074.259765625,16147.1201171875,15961.330078125,16147.1201171875,0
2026-06-01,16001.6396484375,16077.6904296875,15864.6796875,15964.8798828125,0
2026-06-02,16146.2197265625,16162.6796875,15974.0703125,15975.41015625,0
2026-06-03,15934.58984375,16087.26953125,15890.5703125,16087.26953125,0
2026-06-04,16165.509765625,16213.1103515625,15885.6396484375,15943.4599609375,0
2026-06-05,15606.419921875,16049.91015625,15526.75,16049.91015625,0
2026-06-08,15727.740234375,15878.91015625,15716.0703125,15768.150390625,0
2026-06-09,15791.7099609375,16090.849609375,15397.66015625,15860.3095703125,0
2026-06-10,15618.8896484375,16003.4599609375,15607.9404296875,15764.650390625,0
2026-06-11,16091.0400390625,16107.009765625,15723.080078125,15723.080078125,0
2026-06-12,16219.0703125,16359.2099609375,16093.91015625,16146.509765625,0
2026-06-15,16338.2900390625,16510.91015625,16314.0302734375,16433.41015625,0
2026-06-16,16196.2099609375,16447.55078125,16180.599609375,16374.83984375,0
2026-06-17,16079.5302734375,16405.849609375,16040.8095703125,16232.759765625,0
2026-06-18,16420.439453125,16425.01953125,16200.2998046875,16270.6298828125,0
2026-06-22,16556.5703125,16617.2109375,16450.130859375,16490.220703125,0
2026-06-23,16397.5390625,16515.919921875,16263.91015625,16335.759765625,0
2026-06-24,16459.08984375,16615.7109375,16365.900390625,16410.189453125,0
2026-06-25,16576.580078125,16719.26953125,16473.740234375,16563.41015625,0
2026-06-26,16589.5390625,16637.9609375,16418.810546875,16479.16015625,0
2026-06-29,16591.869140625,16600.2890625,16368.419921875,16539.48046875,0
2026-06-30,16674.970703125,16709.400390625,16542.029296875,16580.099609375,0
2026-07-01,16610.619140625,16798.099609375,16601.169921875,16643.119140625,0
2026-07-02,16520.41015625,16761.51953125,16382.919921875,16672.91015625,0
2026-07-06,16594.83984375,16676.630859375,16525.58984375,16525.58984375,0
2026-07-07,16446.16015625,16634.109375,16400.109375,16589.66015625,0
2026-07-08,16302.419921875,16383.8203125,16141.0400390625,16375.419921875,0
