date,strategia,nasdaq
1975-01-02,10000.0,10000.0
1975-01-03,10109.220751868976,10087.552555309809
1975-01-06,10232.034928510626,10171.8148385297
1975-01-07,10265.921556497004,10196.769510876256
1975-01-08,10162.294388172206,10132.757420770737
1975-01-09,10379.466174185583,10276.339947357004
1975-01-10,10728.86469420014,10494.073251694756
1975-01-13,10627.06579200302,10436.654564426834
1975-01-14,10559.577823710855,10399.005585938296
1975-01-15,10764.299227024232,10524.48256990856
1975-01-16,11024.802809761111,10677.979000849926
1975-01-17,10903.90590947852,10612.319539487004
1975-01-20,10911.037677310713,10619.163867292653
1975-01-21,10831.884763104545,10576.57056570275
1975-01-22,10810.382822473151,10566.93506551418
1975-01-23,10911.751990246872,10628.161615700365
1975-01-24,11166.971566789323,10775.08946425826
1975-01-27,11665.953685883114,11048.92644719242
1975-01-28,11940.958130856236,11194.222702937224
1975-01-29,12314.644835924191,11385.675034168557
1975-01-30,12280.21064946156,11371.111786172376
1975-01-31,12539.910580423371,11501.592542870609
1975-02-03,12869.233955243626,11658.452314029277
1975-02-04,12658.43842140616,11559.830670807109
1975-02-05,12975.767630162343,11715.05057160918
1975-02-06,13107.58991916757,11779.616297392107
1975-02-07,12984.358075432086,11723.851054200775
1975-02-10,12875.917671958876,11674.675877443198
1975-02-11,12875.31543263644,11676.602697922626
1975-02-12,13134.99652333818,11802.16877777473
1975-02-13,13586.585339296214,12015.116485346069
1975-02-14,13719.821523768682,12078.050790943009
1975-02-18,13429.089350979888,11948.094425491892
1975-02-19,13568.389604112916,12014.326964107757
1975-02-20,13820.942904689682,12131.67300062264
1975-02-21,13893.680122919552,12166.585934783465
1975-02-24,13651.409607209696,12059.702565878986
1975-02-25,13260.510064531729,11883.56260057638
1975-02-26,13316.836812613135,11911.876399920598
1975-02-27,13416.16119091249,11959.979162810772
1975-02-28,13580.66877511913,12037.765715212265
1975-03-03,13881.398119552538,12174.920377797198
1975-03-04,14016.956988306434,12237.873621196291
1975-03-05,13898.989937928984,12187.043708319648
1975-03-06,13942.948258513956,12208.772065156272
1975-03-07,14075.320222879902,12270.082327011987
1975-03-10,14249.332057594404,12349.535587054135
1975-03-11,14305.3059406275,12376.218125108211
1975-03-12,13961.788264392942,12226.427460087927
1975-03-13,14160.737028760564,12317.431807973564
1975-03-14,14674.734811872297,12546.98622939828
1975-03-17,14747.039189261048,12580.272465069987
1975-03-18,14708.9851289067,12565.727646325817
1975-03-19,14511.209898442754,12481.903071886783
1975-03-20,14549.03162766958,12500.3450597047
1975-03-21,14598.274685864462,12523.736388564015
1975-03-24,14027.249884839352,12276.595096526637
1975-03-25,13990.318263988178,12262.041271340851
1975-03-26,14441.379224281092,12465.242655662594
1975-03-27,14671.316323201674,12567.82220169431
1975-03-31,14470.366213562063,12482.334807447089
1975-04-01,14375.89671762499,12443.03606647781
1975-04-02,14446.37325578774,12476.329733555993
1975-04-03,14191.319438146911,12366.084433037096
1975-04-04,14105.141042951856,12330.081873150271
1975-04-07,13956.614203790456,12266.026212487164
1975-04-08,14022.07770136618,12297.668476516348
1975-04-09,14340.901887763262,12441.514284001563
1975-04-10,14471.798473954568,12501.213065509552
1975-04-11,14675.560582135024,12592.265858188151
1975-04-14,15061.04815579832,12760.881299598765
1975-04-15,15126.54882197587,12790.888511379024
1975-04-16,15312.597084718647,12872.053692049332
1975-04-17,15410.118568571135,12915.267367692626
1975-04-18,15335.72240616318,12885.869379499954
1975-04-21,15723.19064937158,13051.210369793276
1975-04-22,15505.711772652228,12962.400407469357
1975-04-23,15384.006974034251,12913.19592636094
1975-04-24,15313.62832469179,12885.445871614234
1975-04-25,15532.47089997234,12979.831062247116
1975-04-28,15387.094852755996,12920.720635587786
1975-04-29,15203.39120000923,12845.101856926494
1975-04-30,15479.866287103749,12964.252322000228
1975-05-01,15763.294846979876,13085.058176944489
1975-05-02,16148.563196914389,13247.138383475172
1975-05-05,16502.463269788113,13394.368994969696
1975-05-06,16364.776056428183,13340.212109559694
1975-05-07,16563.263986700782,13423.070338239831
1975-05-08,16889.181548276913,13557.109735167036
1975-05-09,17173.094064693872,13672.994324811663
1975-05-12,16953.88311477982,13587.472116007655
1975-05-13,16970.691485844676,13596.049714515822
1975-05-14,17197.566618829533,13688.830728313742
1975-05-15,17144.023863813814,13669.343636182151
1975-05-16,16995.406381045497,13611.881328149746
1975-05-19,16806.282271607186,13537.904004665726
1975-05-20,16732.93238896076,13510.156827820863
1975-05-21,16373.821966698031,13366.823235562051
1975-05-22,16616.723532093558,13467.867504864633
1975-05-23,17044.71507123425,13643.225071927794
1975-05-27,16987.354373679347,13622.081914763085
1975-05-28,16773.72421022596,13538.18771291368
1975-05-29,16688.239743866,13505.481270469814
1975-05-30,17223.061365911108,13723.792942308448
1975-06-02,17542.24380237284,13852.934885070028
1975-06-03,17646.894871273147,13896.204544954073
1975-06-04,17600.873383396964,13880.020084163978
1975-06-05,17680.549696297156,13913.381993818508
1975-06-06,17898.89424255933,14001.249775497528
1975-06-09,17573.895307542847,13876.05673373193
1975-06-10,17314.694435868532,13775.632409909484
1975-06-11,17393.70593194706,13808.994986189487
1975-06-12,17135.925899973667,13708.564255951094
1975-06-13,17313.61828854152,13781.571719094092
1975-06-16,17550.297552028263,13877.708755058007
1975-06-17,17303.96106007574,13782.2280079758
1975-06-18,17316.54931682093,13789.164111868908
1975-06-19,17760.6054666348,13967.907691524411
1975-06-20,18046.361406745316,14082.229420943726
1975-06-23,18266.59868011813,14170.124127769475
1975-06-24,18458.31475483016,14246.459558666036
1975-06-25,18484.02809879128,14258.363734949104
1975-06-26,18544.019263182625,14283.484997997715
1975-06-27,18561.198528970453,14292.086710411098
1975-06-30,18780.07968660428,14378.34419023417
1975-07-01,18477.531280645348,14264.678449950305
1975-07-02,18177.51563667909,14151.006006527858
1975-07-03,18410.64962656016,14243.875967374228
1975-07-07,18149.72000755652,14145.070047550123
1975-07-08,18056.094322339384,14110.70529506378
1975-07-09,18520.961435837547,14294.468967738669
1975-07-10,18657.60697681437,14349.343427073833
1975-07-11,18811.90755443212,14410.829692767544
1975-07-14,18971.12366636761,14473.97310409374
1975-07-15,19148.296750925343,14543.729027296446
1975-07-16,18878.0077596752,14443.260720383563
1975-07-17,18760.919423789772,14400.633115752053
1975-07-18,18708.82059532686,14382.795355785964
1975-07-21,18596.609044934423,14341.81742892468
1975-07-22,18141.855833637717,14168.609941089382
1975-07-23,17671.683013504837,13987.12917072686
1975-07-24,17466.74909731923,13908.120803876414
1975-07-25,17238.152670005322,13819.191217237145
1975-07-28,17023.490464222796,13735.216212460631
1975-07-29,16847.105608048252,13666.115320927593
1975-07-30,16989.57942400344,13725.952135200734
1975-07-31,17050.773674049287,13752.729655855874
1975-08-01,16402.89909806102,13493.50931085124
1975-08-04,16141.515873166642,13388.025176495328
1975-08-05,15814.535930161348,13254.429770064757
1975-08-06,15838.130873172286,13266.318334888783
1975-08-07,15577.535160320209,13159.167507312355
1975-08-08,15557.921882240644,13152.868452742956
1975-08-11,15514.8546121166,13136.646517929948
1975-08-12,15569.49075111827,13161.761272550975
1975-08-13,15366.04570730115,13077.746425530037
1975-08-14,15113.486261230835,12972.232157280669
1975-08-15,15159.728820637014,12994.038197605993
1975-08-18,14943.68875905754,12903.398731200998
1975-08-19,14411.43949975426,12675.503275403456
1975-08-20,13983.0240886749,12488.937750097555
1975-08-21,14120.11013767906,12552.077498993656
1975-08-22,14321.082578333262,12643.33268244559
1975-08-25,14463.514506195776,12708.131977434585
1975-08-26,14222.720613417978,12604.24287288759
1975-08-27,14353.437765670316,12664.082866071729
1975-08-28,14908.339334682312,12910.818458619997
1975-08-29,15267.402928752394,13068.252902620034
1975-09-02,14830.6566170333,12883.31561777851
1975-09-03,14899.17776586572,12915.049522715288
1975-09-04,14914.412694237471,12923.626661965463
1975-09-05,14776.951238399168,12866.0404755049
1975-09-08,14651.558897271316,12813.413805297268
1975-09-09,14322.47427808891,12671.457799262484
1975-09-10,13810.29760529712,12446.783120947695
1975-09-11,13663.591069837665,12382.562753654056
1975-09-12,13612.602815760309,12361.351909495055
1975-09-15,13518.010609434714,12320.287315099928
1975-09-16,13264.089715474936,12206.42692643164
1975-09-17,13292.997838966903,12221.608133957165
1975-09-18,13616.992451022092,12372.45570377661
1975-09-19,14199.758959652192,12639.127145640656
1975-09-22,13999.074679596795,12551.736991860518
1975-09-23,14024.985756337592,12565.272883793035
1975-09-24,14202.34709780138,12646.648652595582
1975-09-25,14076.048358881037,12592.345325290114
1975-09-26,14087.215361758475,12599.264135831589
1975-09-29,13798.674553790985,12472.14894668683
1975-09-30,13414.347291165055,12300.347642690213
1975-10-01,13219.838260215334,12212.93474899607
1975-10-02,13345.60017195245,12272.80092315693
1975-10-03,13824.630757987934,12494.85024543994
1975-10-06,14015.383948848548,12582.859733630385
1975-10-07,13956.704164980214,12558.334280279973
1975-10-08,14221.876200807048,12679.450717257656
1975-10-09,14314.981666037163,12722.784644530111
1975-10-10,14345.051136274877,12737.982897554715
1975-10-13,14617.459349241532,12860.766435526266
1975-10-14,14798.303975082676,12942.177489131487
1975-10-15,14798.522360289417,12944.1399484968
1975-10-16,14802.528795976228,12947.75937136401
1975-10-17,14575.656074488348,12850.404275264407
1975-10-20,14759.902865609338,12933.477239267077
1975-10-21,14869.697399057575,12983.447060399612
1975-10-22,15048.125130034445,13063.216832056489
1975-10-23,14720.308457227848,12922.812951340647
1975-10-24,14927.970661001473,13015.82935530453
1975-10-27,14799.056737647878,12961.506244430178
1975-10-28,14961.83817787684,13034.660608844708
1975-10-29,14521.14208574117,12844.574934150463
1975-10-30,14468.976635334786,12823.356428674364
1975-10-31,14293.620151405474,12747.499933263214
1975-11-03,14153.134241805035,12686.542075345322
1975-11-04,14238.726181368216,12726.582362020245
1975-11-05,14398.661061009709,12799.741572419687
1975-11-06,14429.062841336689,12814.948395726218
1975-11-07,14358.810109787128,12785.447406293131
1975-11-10,14448.678763519389,12827.15011065297
1975-11-11,14646.996130287716,12916.87809690306
1975-11-12,15120.781824754384,13127.49835728587
1975-11-13,15098.426363552171,13119.53143080186
1975-11-14,15003.667349387795,13080.098036036708
1975-11-17,15046.001047756925,13100.28219206194
1975-11-18,14860.130398246822,13021.098786184344
1975-11-19,14573.386683605728,12897.193297865251
1975-11-20,14495.361539487383,12864.374682265794
1975-11-21,14518.342868905607,12876.274929818454
1975-11-24,14582.423424992769,12906.395419300356
1975-11-25,14676.574882516628,12949.768557074523
1975-11-26,14816.06138061227,13013.01979184126
1975-11-28,14903.373262658306,13053.085179741474
1975-12-01,14847.19419676072,13030.205309014049
1975-12-02,14341.903497766383,12810.19777786615
1975-12-03,13723.061138679215,12535.512808178646
1975-12-04,13549.619998364817,12457.950740662134
1975-12-05,13373.71728449294,12378.72922858904
1975-12-08,13442.417634787578,12412.15709766224
1975-12-09,13295.970997933451,12346.183512827562
1975-12-10,13553.592096054226,12467.42158948774
1975-12-11,13489.42270101013,12439.553132637227
1975-12-12,13425.419114926592,12411.683340131243
1975-12-15,13289.891340453623,12350.67386773419
1975-12-16,13518.79737774037,12458.667914776532
1975-12-17,13735.223965730518,12560.039091360306
1975-12-18,13830.102111002729,12605.076507389247
1975-12-19,13772.56824993322,12580.520828107108
1975-12-22,13649.859077898254,12526.136552291142
1975-12-23,13751.642355672782,12574.491299050684
1975-12-24,13926.274524697124,12655.992194511744
1975-12-26,14200.436758789156,12782.239372892527
1975-12-29,14127.40558050328,12751.057140510437
1975-12-30,14025.196109294857,12706.613664102968
1975-12-31,14369.73040092616,12864.361636662714
1976-01-02,14482.562442298824,12937.590530571088
1976-01-05,14666.134441331224,13053.916668341408
1976-01-06,15099.190469545954,13304.49845007175
1976-01-07,15308.610291341898,13424.153152404277
1976-01-08,15501.774975069357,13533.868879247031
1976-01-09,15693.6135071403,13643.588537375994
1976-01-12,15816.3703646939,13710.21707072976
1976-01-13,15717.159027786342,13662.472224737938
1976-01-14,16104.491751024316,13861.718045546124
1976-01-15,16131.532409467494,13880.282927344671
1976-01-16,16318.502645807346,13975.10471225956
1976-01-19,16461.35711219039,14046.722139367415
1976-01-20,16514.671458471585,14075.239247103234
1976-01-21,16526.990952298675,14083.86291741112
1976-01-22,16407.394807472407,14029.48849743134
1976-01-23,16621.801621082912,14135.93058987957
1976-01-26,16530.61429432552,14101.449749291154
1976-01-27,16421.271505987002,14053.70280331728
1976-01-28,16365.402782536186,14032.481847332449
1976-01-29,16900.19304912314,14284.847539218585
1976-01-30,17221.43255080277,14434.420206633087
1976-02-02,17300.902926567906,14472.901216568816
1976-02-03,17331.835398266114,14489.827707461382
1976-02-04,17725.95305035494,14667.605888440135
1976-02-05,17558.598794993144,14596.648444163207
1976-02-06,17266.15224054726,14469.304882177195
1976-02-09,17476.93857414334,14565.835330132586
1976-02-10,17517.307435389484,14586.082273284754
1976-02-11,17791.038258528457,14709.155898428133
1976-02-12,17855.203979998074,14741.016582462957
1976-02-13,17881.08534618548,14754.636104892625
1976-02-17,17821.190241318454,14731.76753085986
1976-02-18,17973.86331734158,14800.121874909775
1976-02-19,18321.68036339761,14951.410621906169
1976-02-20,18663.784866061396,15097.730667903208
1976-02-23,18773.956450272493,15146.19336639511
1976-02-24,18935.62236901229,15216.22313041196
1976-02-25,19076.270322260963,15276.301254025402
1976-02-26,18813.61987259552,15170.49900884844
1976-02-27,18335.20217275181,14973.453806409783
1976-03-01,18325.06465019818,14972.15103822879
1976-03-02,18434.572734561672,15020.617628912922
1976-03-03,18284.072291910776,14959.591678373328
1976-03-04,18076.12466895488,14873.67817284208
1976-03-05,18001.52115944678,14844.168765765284
1976-03-08,18191.261531871045,14927.47832087219
1976-03-09,18190.706664352896,14929.493253191597
1976-03-10,18270.94643033474,14966.350081115896
1976-03-11,18664.978256484206,15134.290082040863
1976-03-12,18570.406698263778,15098.146066114428
1976-03-15,18063.540565370866,14887.77255017144
1976-03-16,18113.71603140944,14911.357950971977
1976-03-17,18206.66601543904,14953.197953952067
1976-03-18,17983.14729105446,14860.625846966366
1976-03-19,17974.838870143973,14859.319838905243
1976-03-22,18025.098745029525,14884.566647943562
1976-03-23,18283.062908812917,14996.111053851564
1976-03-24,18502.42332132313,15091.065034908332
1976-03-25,18394.302949137364,15048.273470209117
1976-03-26,18476.95816373461,15085.144816363983
1976-03-29,18393.013921854315,15052.31020336364
1976-03-30,18309.386477431184,15019.472750223857
1976-03-31,18355.941956963656,15041.408485139773
1976-04-01,18280.373910066606,15011.889566511558
1976-04-02,18351.07144962163,15043.783713585151
1976-04-05,18665.00608496444,15176.935380601846
1976-04-06,18708.290414330942,15197.216608505074
1976-04-07,18403.21356359744,15073.079134309384
1976-04-08,18097.412561593977,14947.275330398912
1976-04-09,17642.387937535004,14756.722852037065
1976-04-12,17526.393255653817,14708.93084374824
1976-04-13,17544.893355986344,14719.242819091509
1976-04-14,17575.17796196455,14734.53437691014
1976-04-15,17732.90561616522,14804.614522633983
1976-04-19,17890.804975935942,14874.697989334933
1976-04-20,18286.084494096085,15044.404265351484
1976-04-21,18345.24315147505,15071.327358740762
1976-04-22,18416.55973084509,15103.233948015284
1976-04-23,18268.85642895119,15043.818114629486
1976-04-26,18252.646013468617,15039.195106658031
1976-04-27,18014.916564523217,14941.583986887366
1976-04-28,18136.188821843643,14995.077126502252
1976-04-29,18230.421965848866,15036.94876072988
1976-04-30,18039.575632788987,14959.257263330408
1976-05-03,17628.322715479055,14788.56529661063
1976-05-04,17697.5322921248,14820.46991049808
1976-05-05,17692.91806595438,14820.82277882928
1976-05-06,17758.105875127894,14851.069791454156
1976-05-07,17988.008845903343,14951.072453399816
1976-05-10,18192.412823326715,15039.45514218641
1976-05-11,18203.87809578164,15046.455711613622
1976-05-12,18219.170450503058,15055.11916791242
1976-05-13,18048.138035246546,14985.716783254764
1976-05-14,17870.158132576482,14912.988329089638
1976-05-17,17751.951034310132,14865.172534485298
1976-05-18,17763.190289812806,14872.171014321308
1976-05-19,17648.900147526172,14826.01344395306
1976-05-20,17753.471127532364,14872.879224846218
1976-05-21,17693.735942980133,14849.97639873986
1976-05-24,17207.363087485897,14644.3344540321
1976-05-25,17072.7663186959,14588.198367159604
1976-05-26,17178.98245201606,14636.724625612218
1976-05-27,17051.001914420307,14583.90912933328
1976-05-28,17145.44280883028,14627.453535246115
1976-06-01,17052.379118047378,14589.587775901282
1976-06-02,17181.65063902935,14648.088488472788
1976-06-03,17215.60185110355,14665.052343645848
1976-06-04,17015.485303173016,14580.660883390135
1976-06-07,16809.077490352243,14492.94271469441
1976-06-08,16766.61930953398,14476.671502522056
1976-06-09,16698.09240832093,14448.766437489783
1976-06-10,16829.159527675925,14508.93293899174
1976-06-11,16976.380010032502,14575.749532563246
1976-06-14,17235.350798688516,14690.761981444572
1976-06-15,17250.08476301365,14699.420255127756
1976-06-16,17430.91924805549,14779.541539355754
1976-06-17,17733.113378052134,14911.18603757726
1976-06-18,17858.108664262993,14966.38634700938
1976-06-21,17893.09034837943,14983.362520158753
1976-06-22,17648.435234937606,14882.334240510334
1976-06-23,17507.341212976007,14824.515762701038
1976-06-24,17740.732575908103,14926.258607571495
1976-06-25,17834.55409719437,14968.1681653391
1976-06-28,17759.358376676366,14938.604786315676
1976-06-29,17849.210583710796,14978.854015026862
1976-06-30,17927.535447540664,15014.118496027291
1976-07-01,17907.66207481292,15007.826523226588
1976-07-02,18140.35734437874,15107.925468906757
1976-07-06,18032.84079937802,15065.063595256895
1976-07-07,18020.519256318144,15062.096689943495
1976-07-08,18091.62810859425,15094.042896193754
1976-07-09,18361.549506974363,15209.116743902025
1976-07-12,18541.51038923435,15285.95656053798
1976-07-13,18549.354221685426,15291.308112765935
1976-07-14,18734.299465172127,15369.816514502756
1976-07-15,18762.42610546301,15383.482940330552
1976-07-16,18709.617653877533,15363.897388126958
1976-07-19,18576.05898705972,15311.054944186826
1976-07-20,18410.708142875483,15244.907273102091
1976-07-21,18346.302384782182,15220.327409549493
1976-07-22,18394.145934580047,15242.308031746872
1976-07-23,18365.928356857257,15232.692572445543
1976-07-26,18313.731103354,15213.100574807708
1976-07-27,18237.647598501168,15183.528787928277
1976-07-28,18117.89188469733,15135.6620737687
1976-07-29,18050.22015063676,15109.412609257255
1976-07-30,18220.468826905904,15182.949886598071
1976-08-02,18208.385505793987,15179.984363132511
1976-08-03,18499.20286742853,15303.423168651949
1976-08-04,18438.8446771796,15280.502351070763
1976-08-05,18278.328826315963,15215.99857255232
1976-08-06,18338.12504101238,15242.97322504577
1976-08-09,18210.101865348173,15191.772594305035
1976-08-10,18429.160253233364,15285.283929727955
1976-08-11,18392.986276215583,15272.34009804807
1976-08-12,18420.911020938176,15286.011809332502
1976-08-13,18384.768772849035,15273.067361272106
1976-08-16,18364.66523176108,15266.776646800428
1976-08-17,18456.52761724936,15307.067246115526
1976-08-18,18388.23953025497,15280.812998231808
1976-08-19,17940.00657133894,15096.509303579936
1976-08-20,17718.715217046847,15005.365424836316
1976-08-23,17483.178082199152,14907.560760730908
1976-08-24,17296.050505264255,14829.71735583938
1976-08-25,17455.01418687544,14899.952273912862
1976-08-26,17314.705060689423,14842.070585097395
1976-08-27,17287.536568993946,14832.440918066162
1976-08-30,17337.891048199224,14856.089255286552
1976-08-31,17497.065939751483,14926.330184625484
1976-09-01,17840.288464125188,15074.78395923615
1976-09-02,17871.809057735893,15090.120147451764
1976-09-03,18001.870137258964,15147.05845644131
1976-09-07,18073.056976854063,15179.03828540781
1976-09-08,18088.89203112993,15187.72112781669
1976-09-09,17926.38660636922,15121.513471283635
1976-09-10,18052.66238548344,15176.794562792147
1976-09-13,17957.6583815419,15138.876349263648
1976-09-14,17783.964554496564,15067.669939468751
1976-09-15,17819.35657389735,15084.672281528005
1976-09-16,17976.66578688365,15153.273424994946
1976-09-17,18197.817224787752,15248.508570701062
1976-09-20,18305.078098877177,15295.4775005026
1976-09-21,18512.234112711347,15384.062208061396
1976-09-22,18516.205738126333,15387.758369505502
1976-09-23,18444.058046994625,15359.825219854303
1976-09-24,18456.02276104568,15366.849725833008
1976-09-27,18503.97744767708,15388.857522291391
1976-09-28,18179.66331814876,15256.04421081206
1976-09-29,18028.892963732003,15194.810131130023
1976-09-30,18021.008311690628,15193.508006995347
1976-10-01,17693.393677130487,15057.351330302236
1976-10-04,17697.515812848575,15061.039078737453
1976-10-05,17416.01185091711,14943.187150195234
1976-10-06,17148.46621859471,14830.324312817493
1976-10-07,17360.50284873504,14923.91807409983
1976-10-08,17260.027253348195,14882.64694522532
1976-10-11,17117.38012622914,14823.057658377327
1976-10-12,17013.81352063704,14780.11791576461
1976-10-13,17217.268919532173,14870.389573379389
1976-10-14,16993.875760334715,14775.8263040805
1976-10-15,17116.72182781798,14831.13062632446
1976-10-18,17266.895209103528,14898.09586440033
1976-10-19,17259.422604202635,14896.784889196391
1976-10-20,17325.27471251421,14927.116387493044
1976-10-21,17267.528098721676,14904.156083238746
1976-10-22,17175.159342500847,14866.206191571911
1976-10-25,17213.899208679064,14884.880692392866
1976-10-26,17229.55871089375,14893.562003502571
1976-10-27,17303.029529025047,14927.228853667368
1976-10-28,17388.2219238424,14965.892663288168
1976-10-29,17578.110493372114,15049.53164803051
1976-11-01,17590.048056555406,15056.552892784224
1976-11-03,17193.322152634475,14888.672078137664
1976-11-04,17451.386796380855,15002.299135421836
1976-11-05,17219.132510095653,14904.374056873445
1976-11-08,16934.590806575703,14783.121200266056
1976-11-09,16679.197316503105,14673.524998384475
1976-11-10,16577.28538051627,14630.559793023893
1976-11-11,16698.449755803114,14685.88549721046
1976-11-12,16676.059653686283,14677.904598701469
1976-11-15,16683.97522364062,14683.252020727445
1976-11-16,16828.194813293838,14748.5790360657
1976-11-17,17011.028429474118,14830.571460424067
1976-11-18,17313.298342731625,14964.217334065874
1976-11-19,17371.415796468802,14991.233569717488
1976-11-22,17560.911307011946,15074.90290446318
1976-11-23,17460.233846248168,15033.604644083429
1976-11-24,17638.549165412594,15112.280171164251
1976-11-26,17918.86723707058,15234.284045814433
1976-11-29,17781.887055501305,15177.98957051983
1976-11-30,17793.836831847144,15185.016887395166
1976-12-01,18067.67295686156,15303.69875765922
1976-12-02,18068.09266281293,15305.728740921892
1976-12-03,18249.510301186143,15384.42190300464
1976-12-06,18372.488442894115,15438.11947862786
1976-12-07,18519.65844197927,15501.82032459793
1976-12-08,18659.42022255879,15562.190110647169
1976-12-09,18947.56230591494,15684.230682441916
1976-12-10,19153.28960947549,15771.27645547905
1976-12-13,19149.565358718097,15771.651962061322
1976-12-14,19157.98437213646,15777.027797734543
1976-12-15,19263.558551033788,15822.40866549317
1976-12-16,19263.872630282254,15824.452666057889
1976-12-17,19142.42876958253,15776.487442046817
1976-12-20,19069.937022434864,15748.524378756483
1976-12-21,19151.01079904483,15783.907024988155
1976-12-22,19349.55791172445,15867.63679815227
1976-12-23,19362.05941928801,15874.68322686143
1976-12-27,19545.36723754307,15951.750332844647
1976-12-28,19762.187906846342,16042.158980033168
1976-12-29,19787.099096341597,16054.211547493036
1976-12-30,20095.604651689137,16181.307207964206
1976-12-31,20269.336481707465,16320.078780486589
1977-01-03,20209.30941980024,16288.78845731639
1977-01-04,20035.716894750967,16210.808486786236
1977-01-05,19938.39032238376,16156.168780404674
1977-01-06,20021.7032519339,16223.252720418322
1977-01-07,20067.049068524528,16263.658989981252
1977-01-10,20000.9977013422,16227.359817048578
1977-01-11,19786.126497076664,16077.663712736805
1977-01-12,19659.91850676732,16013.007602734222
1977-01-13,19851.85738289718,16150.138102546704
1977-01-14,19928.43535661857,16210.560421817492
1977-01-17,19902.16789285474,16200.940275615052
1977-01-18,19891.24485390098,16199.65786309416
1977-01-19,19993.32222060136,16270.093506699206
1977-01-20,19865.12330292327,16192.09069438973
1977-01-21,19911.312230955424,16232.505753767377
1977-01-24,19914.888799091623,16241.232509446278
1977-01-25,19826.72435657654,16189.910607376552
1977-01-26,19687.99661010995,16098.555127940748
1977-01-27,19524.661665065745,16020.538878699022
1977-01-28,19428.990772544606,15967.54081673529
1977-01-31,19380.772143566424,15937.894228797712
1977-02-01,19544.81856162516,16065.056553054168
1977-02-02,19553.91407062668,16092.130074466855
1977-02-03,19509.9499404738,16070.826171580242
1977-02-04,19593.775862497667,16139.608839859013
1977-02-07,19547.13681306764,16118.30503618189
1977-02-08,19533.94775136025,16115.3513147841
1977-02-09,19373.801174503547,16015.62955172004
1977-02-10,19439.10884672981,16066.065442836643
1977-02-11,19382.778099689283,16033.077040770262
1977-02-14,19383.752377247944,16040.13312542655
1977-02-15,19443.015355109488,16087.236558373268
1977-02-16,19474.687359024952,16122.66060867012
1977-02-17,19438.245691637927,16113.031614089952
1977-02-18,19383.27655780565,16083.378485939502
1977-02-22,19312.80455981077,16043.711863563778
1977-02-23,19212.06189155295,15980.680433763013
1977-02-24,19002.297419416493,15827.527944403077
1977-02-25,18976.09250575676,15837.918854270729
1977-02-28,18899.993264929108,15783.221741697242
1977-03-01,19016.39168635011,15878.727400568236
1977-03-02,19016.224305239124,15887.450902054088
1977-03-03,19082.45500493747,15944.575418906976
1977-03-04,19209.538899605508,16035.084701335
1977-03-07,19222.88749798897,16052.15727711251
1977-03-08,19230.3102878793,16062.555201117832
1977-03-09,19104.47226047067,15982.81626549479
1977-03-10,19126.27733000597,16014.912465250864
1977-03-11,19150.49659722922,16036.993737056093
1977-03-14,19145.004038689985,16057.407664561932
1977-03-15,19190.68056084083,16091.176327986692
1977-03-16,19234.12794885437,16123.278123364302
1977-03-17,19177.5939111318,16096.950647343348
1977-03-18,19175.321205736214,16100.673545001631
1977-03-21,19119.22913546166,16071.005815169468
1977-03-22,19049.279714745007,16036.328241742416
1977-03-23,18962.05403106575,15988.292050502208
1977-03-24,18897.642563309477,15951.940856018851
1977-03-25,18825.57863116684,15908.909122792182
1977-03-28,18717.32768291898,15837.490720517182
1977-03-29,18724.422580031347,15849.555937894756
1977-03-30,18570.24260806023,15734.719321961544
1977-03-31,18540.08015076089,15718.394733756766
1977-04-01,18616.849095588583,15787.233865892576
1977-04-04,18467.007539008744,15680.736260340387
1977-04-05,18411.536151283897,15641.031409460806
1977-04-06,18437.15927637908,15679.81263685634
1977-04-07,18445.316575646146,15703.56613628176
1977-04-11,18484.79331294784,15760.7227049258
1977-04-12,18644.30640762058,15876.333910037018
1977-04-13,18646.0702393744,15883.392623940646
1977-04-14,18882.266478045985,16034.087075739357
1977-04-15,18944.567763899315,16077.894849011074
1977-04-18,18909.61418293405,16063.24467982216
1977-04-19,18867.88286097267,16051.935110921791
1977-04-20,18934.140138226816,16095.746410006386
1977-04-21,18778.7295657048,16005.9291673601
1977-04-22,18591.19020812208,15889.381627989387
1977-04-25,18388.605866595928,15746.100595215985
1977-04-26,18342.28362729593,15723.088652991371
1977-04-27,18493.34179408433,15835.388642294482
1977-04-28,18551.48021372247,15880.87066252668
1977-04-29,18649.545105413978,15951.415598737329
1977-05-02,18678.521402617316,16010.268068449672
1977-05-03,18781.613122328374,16074.135206832496
1977-05-04,18900.942761828686,16144.6884618958
1977-05-05,18973.451792123054,16188.513339506935
1977-05-06,18965.600081540622,16190.569950873654
1977-05-09,18912.313457599124,16167.563594654108
1977-05-10,19031.30297517611,16234.78452222557
1977-05-11,18948.9692869413,16195.067757604207
1977-05-12,18952.17703191807,16202.137398508095
1977-05-13,19087.571616094803,16277.719492744398
1977-05-16,19204.75851364785,16341.606579787713
1977-05-17,19234.452987993885,16360.377777132964
1977-05-18,19421.065515834893,16456.02175523675
1977-05-19,19376.36822949658,16438.03058148049
1977-05-20,19248.142732374617,16378.258268512876
1977-05-23,18951.003912905024,16236.592160339029
1977-05-24,18788.548351614914,16155.085844698311
1977-05-25,18634.6793523546,16075.246041604189
1977-05-26,18622.740895709856,16073.957057544085
1977-05-27,18534.294672867047,16029.212241131145
1977-05-31,18435.75898109238,15977.778050928497
1977-06-01,18504.586495419066,16023.289434603092
1977-06-02,18479.11003873924,16013.642167859964
1977-06-03,18586.826660799183,16079.214577335924
1977-06-06,18551.484313468853,16066.22423171068
1977-06-07,18562.25021079624,16076.63625023166
1977-06-08,18686.635443790587,16147.229674227694
1977-06-09,18691.100409319053,16154.301201076853
1977-06-10,18825.83253789144,16228.244061485304
1977-06-13,18884.785950126297,16263.738271533157
1977-06-14,19019.90575879483,16334.34281815791
1977-06-15,19001.626343228767,16329.716271916672
1977-06-16,19182.03089409563,16422.061601277357
1977-06-17,19313.09654708201,16487.659219743335
1977-06-20,19346.07098261366,16506.443959979442
1977-06-21,19377.244298138256,16525.22958489229
1977-06-22,19352.41057922129,16517.26210076916
1977-06-23,19486.338428370636,16582.868187476564
1977-06-24,19660.795561235307,16665.200061679876
1977-06-27,19643.677042089053,16660.57916416235
1977-06-28,19508.744211573445,16602.447515338474
1977-06-29,19524.774495290625,16612.876114788553
1977-06-30,19663.44827085428,16678.493508965785
1977-07-01,19719.86298731142,16707.32050928462
1977-07-05,19796.661416492425,16744.511404237477
1977-07-06,19730.776531637275,16718.15036402917
1977-07-07,19845.91127333881,16772.067853638808
1977-07-08,20041.61459975513,16861.110742605655
1977-07-11,20051.162740550742,16868.202604158858
1977-07-12,20007.29976779966,16851.87845165852
1977-07-13,20070.78816945881,16882.38731230971
1977-07-15,20251.41976619766,16963.078608683605
1977-07-18,20480.833905653544,17063.845581085232
1977-07-19,20621.47518343053,17126.143240568505
1977-07-20,20635.90747696849,17134.91552483124
1977-07-21,20737.97270754631,17180.489657920367
1977-07-22,20896.471435653428,17249.487460001204
1977-07-25,20851.30169405939,17233.169208391795
1977-07-26,20602.65220368641,17131.52881310633
1977-07-27,20144.46935904568,16939.541355261426
1977-07-28,19918.461899303125,16844.581384805893
1977-07-29,19901.50279666081,16839.963406956955
1977-08-01,19935.88966326317,16858.768791899136
1977-08-02,19791.6114420372,16798.936299471028
1977-08-03,19639.75168208684,16735.75382670622
1977-08-04,19775.45157162393,16798.06266585997
1977-08-05,19950.72983889757,16877.107006687864
1977-08-08,19825.27212973986,16825.63632683887
1977-08-09,19807.97567360737,16821.01578451957
1977-08-10,19914.10507175828,16869.945036790723
1977-08-11,19959.045064916103,16892.102235138274
1977-08-12,19883.68239050205,16862.381746417534
1977-08-15,19928.6264085247,16884.538524141088
1977-08-16,19830.042220829702,16844.775474012917
1977-08-17,19851.65052676868,16856.89168291418
1977-08-18,19900.50352475021,16880.723880591402
1977-08-19,19890.04402338944,16879.451766311537
1977-08-22,19962.33788853584,16913.328796070226
1977-08-23,19913.779029720405,16895.32005019422
1977-08-24,19834.2168404638,16863.91974412745
1977-08-25,19592.121395959417,16762.217034394977
1977-08-26,19490.416333689325,16720.7691776991
1977-08-29,19669.790875042072,16801.51592860052
1977-08-30,19564.00248479565,16758.39270162933
1977-08-31,19554.72952625032,16757.117355512553
1977-09-01,19664.27513027776,16807.737977074128
1977-09-02,19825.888154048105,16880.123543279955
1977-09-06,19800.98439588249,16872.15435432677
1977-09-07,19943.98232856359,16936.174856926104
1977-09-08,19985.71244513164,16956.667642611792
1977-09-09,19835.200644022705,16895.125437691517
1977-09-12,19708.82867615164,16843.62426043324
1977-09-13,19649.04043819823,16820.584969566393
1977-09-14,19701.963787731554,16846.101062258924
1977-09-15,19836.96255785029,16906.780528133717
1977-09-16,19741.754191473563,16868.67048035791
1977-09-19,19584.44031652129,16803.76765506534
1977-09-20,19532.6320948806,16784.074370584854
1977-09-21,19345.392504126823,16705.769659582973
1977-09-22,19228.57937759601,16657.60397983538
1977-09-23,19261.70518670509,16674.74669340544
1977-09-26,19321.84359686224,16703.612892806766
1977-09-27,19316.65782140061,16704.010597875644
1977-09-28,19396.081247201622,16741.25313696632
1977-09-29,19510.75511004477,16793.569982006917
1977-09-30,19730.761337360527,16891.11056557829
1977-10-03,19846.31903333181,16943.43471787637
1977-10-04,19703.843724858038,16885.215106584084
1977-10-05,19702.336703066896,16887.292447744796
1977-10-06,19888.249803600997,16969.76888885505
1977-10-07,20004.497712371103,17022.099853499156
1977-10-10,20026.661824745228,17034.23060668446
1977-10-11,19840.21757210667,16957.581111367974
1977-10-12,19286.918843072133,16723.46309461544
1977-10-13,18973.40298463384,16589.84523237768
1977-10-14,18975.73521142464,16593.591413063168
1977-10-17,19004.88894551174,16609.063352824574
1977-10-18,19041.741524580968,16627.887363476348
1977-10-19,18730.47676823933,16494.254443036873
1977-10-20,18782.182059693056,16519.778330586283
1977-10-21,18754.21038703372,16510.11946408109
1977-10-24,18502.49043527024,16401.606506304128
1977-10-25,18099.237212736305,16224.392945128257
1977-10-26,18105.092047709622,16229.805698671818
1977-10-27,18177.84273786041,16265.379447791644
1977-10-28,18329.231705590624,16336.143041042096
1977-10-31,18335.313180598176,16341.558813531929
1977-11-01,18038.245074397957,16211.242439230178
1977-11-02,17947.532840405915,16173.086798477943
1977-11-03,17934.893893854794,16170.11956829798
1977-11-04,18196.532464546628,16291.164806255718
1977-11-07,18430.67774568585,16398.808484063455
1977-11-08,18561.136656232,16459.5319023021
1977-11-09,18741.2370743372,16542.04512313559
1977-11-10,19222.20331783149,16756.96709103025
1977-11-11,19586.162967431123,16918.264971476186
1977-11-14,19596.42937849528,16925.372226298587
1977-11-15,19800.753300340384,17016.284094929208
1977-11-16,19811.044543350963,17023.394001890727
1977-11-17,19922.770873660087,17074.08555823755
1977-11-18,20058.250996531973,17134.836489987658
1977-11-21,20103.88792604448,17157.035517409906
1977-11-22,20326.346228992195,17254.670321762384
1977-11-23,20640.805966001208,17390.865085782414
1977-11-25,20870.05127981064,17490.18680395461
1977-11-28,20756.430129160235,17445.338930634964
1977-11-29,20407.780393762005,17301.5778353428
1977-11-30,20382.53275390687,17293.607997468644
1977-12-01,20586.48108436842,17382.87666708036
1977-12-02,20747.705725150157,17453.706983654174
1977-12-05,20762.03067447605,17462.506204460264
1977-12-06,20285.960027544905,17265.075004356
1977-12-07,20233.194878862912,17245.365106453504
1977-12-08,20310.351356736628,17280.987289747573
1977-12-09,20505.878111768023,17366.91534033864
1977-12-12,20627.05045437965,17420.987307235955
1977-12-13,20704.86562710361,17456.616178764325
1977-12-14,20643.58030501777,17433.555197245823
1977-12-15,20610.201616768696,17422.231694414968
1977-12-16,20668.116559143036,17449.47893692284
1977-12-19,20364.5766678411,17324.11728567725
1977-12-20,20043.647962314382,17190.36377929616
1977-12-21,20245.51157975392,17279.659628000598
1977-12-22,20389.383251942923,17343.80350609946
1977-12-23,20592.873318998376,17433.107222209965
1977-12-27,20595.231917735782,17436.876188961054
1977-12-28,20621.364190658816,17450.70980242277
1977-12-29,20766.427069672623,17514.862528661724
1977-12-30,20837.88163296943,17620.953262168245
1978-01-03,20630.02569167784,17445.246638634853
1978-01-04,20559.0770302814,17388.630078854534
1978-01-05,20484.33248469204,17313.557282570717
1978-01-06,20408.863512929027,17053.956577552075
1978-01-09,20416.618366994637,16809.439446837532
1978-01-10,20288.202065973943,16705.82998399035
1978-01-11,20190.438394903824,16624.02299883146
1978-01-12,20243.18423329858,16699.914688655474
1978-01-13,20249.00066877317,16738.898893911075
1978-01-16,20178.27602394231,16670.51040525061
1978-01-17,20275.2891858634,16774.930693488375
1978-01-18,20347.382921612203,16849.15368360923
1978-01-19,20363.52764645676,16876.401362020853
1978-01-20,20357.247013098724,16885.191954203965
1978-01-23,20294.33106156491,16836.933332089695
1978-01-24,20322.84001291203,16870.89474427002
1978-01-25,20377.411184237888,16926.671667036644
1978-01-26,20295.704656729024,16870.019707684016
1978-01-27,20297.211207777786,16885.525012742
1978-01-30,20357.637912491427,16944.661970815618
1978-01-31,20321.10388194023,16923.248154900848
1978-02-01,20447.25337031007,17041.127801073755
1978-02-02,20534.119791016183,17108.664496138077
1978-02-03,20594.15539886113,17156.06424336604
1978-02-06,20594.69732609016,17164.863688291123
1978-02-07,20711.66942725768,17245.835516835305
1978-02-08,20820.26864351845,17318.41853620267
1978-02-09,20810.330722120336,17322.187249271636
1978-02-10,20908.08120466607,17386.3837513941
1978-02-13,20832.487707758417,17346.511677646235
1978-02-14,20676.88856014237,17252.924258884195
1978-02-15,20610.31964763057,17216.405052108865
1978-02-16,20504.416427692307,17151.34706848351
1978-02-17,20515.482182853008,17165.185395670498
1978-02-21,20442.541553678515,17121.94631675484
1978-02-22,20467.00287475071,17145.85689501858
1978-02-23,20462.36423896623,17151.30268579382
1978-02-24,20580.20283342978,17242.36872405462
1978-02-27,20450.07577370897,17162.19246437327
1978-02-28,20265.466690018045,17036.680092165305
1978-03-01,20248.60962041636,17037.085727405592
1978-03-02,20297.408639100664,17077.787658203597
1978-03-03,20345.99626479094,17118.491515266658
1978-03-06,20280.802406883784,17083.63801302899
1978-03-07,20342.262420976094,17131.06066851705
1978-03-08,20435.695926027143,17196.95800517991
1978-03-09,20534.364141865648,17266.2150720747
1978-03-10,20697.14781842382,17367.381888518365
1978-03-13,20720.352553428693,17386.26786562264
1978-03-14,20749.798123644006,17408.51414103418
1978-03-15,20782.37249480109,17432.439928601063
1978-03-16,20951.08752909288,17530.26070713891
1978-03-17,21119.05421036596,17624.72903510243
1978-03-20,21246.31338605576,17695.687586608907
1978-03-21,21130.25706294492,17639.003711778394
1978-03-22,21166.49431852024,17662.93906043882
1978-03-23,21231.964234124636,17701.99026824837
1978-03-27,21194.60008295685,17687.295373519744
1978-03-28,21310.635277446127,17751.54483262515
1978-03-29,21434.60030147051,17819.157543330093
1978-03-30,21460.71833176837,17836.379400743983
1978-03-31,21455.68521612044,17840.16316206699
1978-04-03,21340.97211639137,17788.512530643035
1978-04-04,21437.217727753487,17841.012707389436
1978-04-05,21686.34971251628,17967.433349480205
1978-04-06,21862.005469913143,18055.22105550287
1978-04-07,22127.846595020008,18183.33314527699
1978-04-10,22229.752926535974,18234.167232456744
1978-04-11,22189.709465005737,18219.481059624886
1978-04-12,22338.47818803997,18292.16109655137
1978-04-13,22749.025476549825,18480.77638532533
1978-04-14,23234.695733571705,18699.64595346424
1978-04-17,23467.08969554972,18804.26794434718
1978-04-18,23274.83516356448,18724.06057214685
1978-04-19,23349.017335034896,18759.79342939296
1978-04-20,23816.60109332524,18965.24699734984
1978-04-21,23990.375607431,19042.99782613242
1978-04-24,24093.70449089199,19090.503967868943
1978-04-25,24356.47271309549,19205.232699967124
1978-04-26,24517.9160266798,19276.27241976024
1978-04-27,24466.721935839127,19258.244876553326
1978-04-28,24697.125453075045,19357.860760615447
1978-05-01,25004.630915958453,19489.413064415603
1978-05-02,25062.587249335676,19516.768935653035
1978-05-03,25092.060595741168,19532.359677208133
1978-05-04,25195.052060947863,19578.20654739693
1978-05-05,25511.296130750467,19711.456445869146
1978-05-08,25450.443821011704,19690.075034853
1978-05-09,25406.13055719193,19675.41635209505
1978-05-10,25604.456221076623,19759.93187051521
1978-05-11,25886.27492984874,19878.07050031741
1978-05-12,26356.867159375997,20071.8614317432
1978-05-15,26517.175817813222,20139.58200571275
1978-05-16,26922.17051129007,20304.80862989768
1978-05-17,27364.32409494763,20483.49250654265
1978-05-18,27279.51954739175,20453.72020598408
1978-05-19,27233.32644229396,20439.0755545018
1978-05-22,27379.20281930537,20500.08765521702
1978-05-23,26960.69635505172,20339.17113242109
1978-05-24,26456.76659158152,20142.93891710205
1978-05-25,26457.616785950617,20146.78070745985
1978-05-26,26466.89794477893,20153.986228762853
1978-05-30,26518.157313465028,20178.00643061905
1978-05-31,26611.487402145194,20218.84251299756
1978-06-01,26645.75427591757,20236.139062344067
1978-06-02,26928.66271666569,20352.65033988361
1978-06-05,27374.07846536551,20533.06824805718
1978-06-06,27686.505932915185,20659.681630048875
1978-06-07,27785.833957052462,20702.216021912383
1978-06-08,28160.84518003263,20852.38366660448
1978-06-09,28334.65488965247,20923.51586610098
1978-06-12,28274.171466798743,20903.83175023324
1978-06-13,28244.17208741536,20895.91964980221
1978-06-14,28353.061906316856,20941.829178133423
1978-06-15,28205.63333453394,20888.505780174422
1978-06-16,27980.624213855142,20804.904142662894
1978-06-19,27640.106746002664,20675.883249146133
1978-06-20,27250.455091719065,20526.67227999556
1978-06-21,26646.92988604568,20291.66668265802
1978-06-22,26660.15367787996,20300.5610360362
1978-06-23,26677.575772739903,20311.13705837524
1978-06-26,26165.31796058662,20109.75463967759
1978-06-27,26007.911917220383,20049.671925132465
1978-06-28,26141.271882623085,20107.34694060445
1978-06-29,26324.868273218894,20185.21453276443
1978-06-30,26450.681409503515,20239.53129171789
1978-07-03,26379.99269986257,20214.77660593673
1978-07-05,25983.798921852005,20058.78892825376
1978-07-06,25810.36844777145,19991.966182143315
1978-07-07,25942.90022070733,20049.64928311575
1978-07-10,26026.110619341387,20087.142384273568
1978-07-11,26204.74896902571,20163.33941512825
1978-07-12,26383.982935080072,20239.53877248619
1978-07-13,26438.65056518745,20265.261452180766
1978-07-14,26910.985568702254,20459.25954034791
1978-07-17,27231.643975959592,20591.00342841805
1978-07-18,27108.98260101617,20546.05679213542
1978-07-19,27401.14168746753,20666.0302881941
1978-07-20,27796.91741964135,20826.39746046072
1978-07-21,27724.302681820445,20801.648952136577
1978-07-24,27711.693866967824,20800.4608886414
1978-07-25,27788.883085739344,20834.61733617245
1978-07-26,28075.942889775262,20951.245046615048
1978-07-27,28347.24228992266,21061.14444038435
1978-07-28,28550.630253587857,21144.120735928114
1978-07-31,28845.85495538854,21262.44632678199
1978-08-01,29050.699864022496,21345.430039910385
1978-08-02,29632.77841862137,21573.17950243556
1978-08-03,30003.967025146263,21718.457093146288
1978-08-04,30301.77687791244,21835.125089994548
1978-08-07,30516.02770909073,21919.813981556883
1978-08-08,30632.23409043063,21967.4714386119
1978-08-09,31139.885883496136,22161.59135472623
1978-08-10,31102.98522401824,22152.0184238328
1978-08-11,31283.626789156944,22223.254220733004
1978-08-14,31323.87675502148,22242.30282710833
1978-08-15,31241.37605846024,22215.893870514006
1978-08-16,31603.908641883125,22354.48417777025
1978-08-17,32219.63688753959,22585.68249039931
1978-08-18,32472.442809054915,22682.194633447056
1978-08-21,32027.14971138313,22524.45900260877
1978-08-22,32063.11573087556,22541.83195628052
1978-08-23,32448.484295976144,22687.18072264895
1978-08-24,32692.74400105592,22780.33589420439
1978-08-25,32942.51412055048,22875.178494566226
1978-08-28,32652.634893565708,22774.685906409435
1978-08-29,32359.541582028847,22672.502844811024
1978-08-30,32404.830107629143,22693.250566011156
1978-08-31,32514.784188414407,22737.5765623128
1978-09-01,32661.395481220017,22795.38065465679
1978-09-05,32701.681760137675,22814.44948731309
1978-09-06,33163.97547598362,22986.781310052447
1978-09-07,33437.99906723697,23090.0685840946
1978-09-08,34022.61579733232,23304.525171883288
1978-09-11,34290.57661928699,23404.45547118503
1978-09-12,34417.0537473604,23453.861170826225
1978-09-13,34410.50163401728,23456.103090537425
1978-09-14,33966.35354441065,23303.37510806068
1978-09-15,33492.29536458639,23138.8496507178
1978-09-18,32679.61964940408,22851.34300379573
1978-09-19,31933.145427271127,22584.03928887037
1978-09-20,31282.76210366779,22348.730981876277
1978-09-21,31019.354340274465,22254.9224157758
1978-09-22,31099.227264233534,22289.145832813352
1978-09-25,31003.4572019241,22257.66600501265
1978-09-26,31357.63529564459,22394.6629469492
1978-09-27,30935.74574857135,22241.876671008777
1978-09-28,30970.55102698192,22259.25589871843
1978-09-29,31310.85521608136,22391.208122685508
1978-10-02,31485.229057031876,22460.82452888814
1978-10-03,31388.25911102268,22429.344221161347
1978-10-04,31372.870244291036,22428.194155554746
1978-10-05,31560.86023684735,22502.86878756423
1978-10-06,31758.43875974215,22580.920454862982
1978-10-09,32038.422213476875,22689.30716529494
1978-10-10,32159.7449854328,22738.71656971324
1978-10-11,32304.14220552056,22796.557513765416
1978-10-12,32430.478523444704,22847.658702544468
1978-10-13,32423.81880776116,22849.88707200004
1978-10-16,31659.520920355902,22574.034890750067
1978-10-17,30297.467496306897,22072.32862951853
1978-10-18,29383.479941486978,21729.025994520583
1978-10-19,28632.610870686825,21443.01466469618
1978-10-20,27161.62541289829,20870.45272500632
1978-10-23,26366.875476302623,20554.06711835949
1978-10-24,26028.893165255395,20419.708902980576
1978-10-25,26028.15101220482,20423.56706458867
1978-10-26,24729.21727899521,19891.3812966908
1978-10-27,23628.63728314977,19428.28457417773
1978-10-30,22516.295650791373,18948.3082682934
1978-10-31,22025.54062581861,18732.978180733146
1978-11-01,23334.104728291582,19328.523092396947
1978-11-02,23317.782038694422,19325.61083098352
1978-11-03,23639.545807736453,19471.05951476478
1978-11-06,23472.17392367401,19402.39974747954
1978-11-07,22596.48347010528,19023.51344089357
1978-11-08,22648.532283798035,19050.94224475321
1978-11-09,22976.48650751746,19201.456262464497
1978-11-10,23333.475244893714,19363.78014948777
1978-11-13,22618.780137033224,19053.98966192669
1978-11-14,21810.559206288,18696.969784837213
1978-11-15,22009.675516346742,18791.844968267596
1978-11-16,22287.74245566049,18922.134974138386
1978-11-17,22833.171418093483,19172.160614882
1978-11-20,23135.37029184504,19310.898082808715
1978-11-21,23145.891691539546,19319.789064138957
1978-11-22,23446.27216910029,19456.851099150656
1978-11-24,23744.738362175325,19592.231506182805
1978-11-27,23658.670282221407,19558.96822484623
1978-11-28,23507.247487932083,19497.030949253047
1978-11-29,22918.40515414605,19242.819050329897
1978-11-30,23137.328296859298,19344.476347140397
1978-12-01,23699.74643159749,19597.93818462354
1978-12-04,23837.2500968609,19662.499496461616
1978-12-05,24253.512150900537,19848.51041092791
1978-12-06,24548.570546451487,19980.55275852966
1978-12-07,24578.47147858541,19997.89785937392
1978-12-08,24655.496634784275,20035.48415800627
1978-12-11,24795.542723709827,20100.06477189642
1978-12-12,24529.75106672481,19990.891035973505
1978-12-13,24375.34932424861,19928.947730329663
1978-12-14,24373.880501185,19932.79702049737
1978-12-15,24075.5866057115,19808.42838598833
1978-12-18,22871.58579469173,19289.268009476215
1978-12-19,23013.84509254455,19357.213821218
1978-12-20,23220.852789652177,19453.844895075392
1978-12-21,23421.149405310185,19547.105352946743
1978-12-22,23824.65603890704,19729.79699976005
1978-12-26,24104.515816817428,19856.815527131654
1978-12-27,23959.710811895948,19798.231075981108
1978-12-28,23939.01167946334,19793.640476964847
1978-12-29,24192.35451032786,19908.857544525705
1979-01-02,24128.784501976384,19885.70569854193
1979-01-03,24611.56599281915,20100.49461225081
1979-01-04,25208.78061732953,20362.545085567355
1979-01-05,25749.89793157478,20597.60577730182
1979-01-08,25687.936521710853,20576.15609604996
1979-01-09,25836.907084065155,20701.535020013645
1979-01-10,25715.21365368341,20637.89385081161
1979-01-11,25834.56239135588,20719.398137539883
1979-01-12,26108.783114556165,20885.29485584773
1979-01-15,26314.07802110652,21009.004793421056
1979-01-16,26081.686541285133,20886.2894227432
1979-01-17,26022.742257090787,20861.467696943404
1979-01-18,26225.974567117155,20983.497553766225
1979-01-19,26316.3599527526,21041.38974838134
1979-01-22,26304.205480723645,21043.57913212001
1979-01-23,26543.08112933693,21179.1256252076
1979-01-24,26490.860098412664,21159.37201298103
1979-01-25,26828.358118101787,21342.197182897173
1979-01-26,27021.94783184204,21447.374062162053
1979-01-29,26917.632742079084,21402.30157012727
1979-01-30,26817.604790103127,21358.91684417484
1979-01-31,26578.01672312113,21242.93100581734
1979-02-01,26545.13091665764,21233.30704898272
1979-02-02,26550.15486378832,21243.94258611801
1979-02-05,26087.12544331546,20994.558818545847
1979-02-06,26062.55306791585,20989.99345532026
1979-02-07,25625.06420451836,20735.527603373343
1979-02-08,25784.724814871188,20839.0236205783
1979-02-09,25871.24857781752,20898.620559648723
1979-02-12,25941.56685049304,20948.088887537582
1979-02-13,26179.73113403835,21090.43624098598
1979-02-14,26079.918072069868,21043.654412876826
1979-02-15,26161.750419338277,21098.195761689985
1979-02-16,26348.76897995252,21206.78128528569
1979-02-20,26416.33792070357,21251.19644557044
1979-02-21,26379.957093685098,21239.88030735536
1979-02-22,26268.322754543467,21188.02856828487
1979-02-23,26125.434441824174,21119.286270620905
1979-02-26,26065.362179800348,21096.14318013961
1979-02-27,25417.26875041137,20714.92146549294
1979-02-28,25381.29969909732,20701.901699633825
1979-03-01,25578.663167461465,20832.45786147366
1979-03-02,25661.453081647764,20890.384824106277
1979-03-05,25961.15213169028,21068.24914348833
1979-03-06,25859.866856426244,21019.76254299993
1979-03-07,26211.569991284945,21219.598593016133
1979-03-08,26667.93962005069,21463.366886844466
1979-03-09,26718.038906960734,21497.664678722427
1979-03-12,26683.71331521668,21488.040516909416
1979-03-13,26837.752039503757,21573.02434426682
1979-03-14,26789.63199642877,21556.64211438173
1979-03-15,26861.782520086348,21601.08336494829
1979-03-16,27088.12349799852,21719.86797303768
1979-03-19,27281.024200372223,21820.071166888563
1979-03-20,27142.619678597846,21761.45209766084
1979-03-21,27359.22811503317,21871.801300016472
1979-03-22,27576.172040477963,21980.464356467965
1979-03-23,27744.994334128634,22065.475954420835
1979-03-26,27558.7744750806,21986.580274584187
1979-03-27,27790.47106721221,22100.323105580934
1979-03-28,27809.54453712175,22116.057654906763
1979-03-29,27952.00427164372,22187.56080038259
1979-03-30,28114.291735122304,22267.517677923828
1979-04-02,27953.267495973854,22200.448649779235
1979-04-03,28305.824656829034,22364.91193187765
1979-04-04,28452.685484705245,22436.42774369326
1979-04-05,28678.335850711268,22541.748954886552
1979-04-06,28813.46421734827,22606.512813105768
1979-04-09,28795.37053053022,22605.36178530357
1979-04-10,28971.125737784205,22687.03113300323
1979-04-11,28696.88536853142,22577.703682830423
1979-04-12,28666.369599864523,22573.16789225083
1979-04-16,28239.314135899374,22394.52679494872
1979-04-17,28139.64752104447,22357.870811744466
1979-04-18,28376.96101796144,22468.28384156069
1979-04-19,28464.22976734423,22514.46013412945
1979-04-20,28642.61149768405,22597.83302817533
1979-04-23,28707.723799829007,22632.18193217968
1979-04-24,28860.05835442763,22703.726062328777
1979-04-25,29042.517017324622,22787.10936341812
1979-04-26,28976.25944111164,22765.67212799588
1979-04-27,28849.453757124076,22718.873947276305
1979-04-30,28615.29981930013,22626.424593803156
1979-05-01,28583.12176305891,22621.88851374197
1979-05-02,28648.681545013093,22656.24620537176
1979-05-03,28718.432468983785,22692.292900886103
1979-05-04,28511.966897091657,22611.669230174943
1979-05-07,27305.0805015621,22084.62536465192
1979-05-08,26926.298068451317,21916.04993077639
1979-05-09,27181.252309023635,22041.70802359611
1979-05-10,26935.9251623175,21935.695709851007
1979-05-11,26909.886271638454,21932.83499849
1979-05-14,26644.212880469076,21814.975550459996
1979-05-15,26633.52800253679,21818.875525427884
1979-05-16,26737.334492058613,21876.8996424242
1979-05-17,27122.025918644056,22061.77103795237
1979-05-18,27320.128517607063,22158.70105760184
1979-05-21,27361.86169060981,22184.600817060174
1979-05-22,27626.068680047814,22310.292086036192
1979-05-23,27692.69910753387,22348.03550272607
1979-05-24,27670.86936832845,22345.1864664774
1979-05-25,27881.109959311558,22443.825288871427
1979-05-29,27781.65270691296,22407.14737468004
1979-05-30,27357.867203077065,22226.676721533982
1979-05-31,27355.011930375327,22232.28069159446
1979-06-01,27467.95191381616,22290.32710757665
1979-06-04,27524.251062809333,22323.00124758288
1979-06-05,27924.568256824696,22504.55416016197
1979-06-06,28146.82424474321,22606.597470679368
1979-06-07,28502.62744000886,22764.47980165337
1979-06-08,28653.8114902786,22834.39022536259
1979-06-11,28672.29322507465,22848.46712978093
1979-06-12,29016.7289169231,22997.9060138196
1979-06-13,29039.78641438524,23013.681123830585
1979-06-14,29029.958520326672,23015.922779107605
1979-06-15,29110.43067453961,23055.388316882967
1979-06-18,28931.4580652896,22988.25274381688
1979-06-19,28998.816222847385,23022.64314674997
1979-06-20,29147.69366739412,23090.879041289634
1979-06-21,29241.716439196225,23135.429221206243
1979-06-22,29448.477111945835,23225.67173796204
1979-06-25,29287.44265981144,23166.991805771744
1979-06-26,29124.167446646046,23106.617612026123
1979-06-27,29472.10116017369,23254.407531376328
1979-06-28,29743.61570646884,23370.049871046795
1979-06-29,29751.11930809003,23379.069320778024
1979-07-02,29273.76982325688,23193.44542493754
1979-07-03,29259.29482141629,23193.99764982861
1979-07-05,29563.019053655808,23323.18822226521
1979-07-06,29907.411008851723,23467.620837296283
1979-07-09,30110.237694793555,23554.506463862184
1979-07-10,30019.822575922622,23524.59916592544
1979-07-11,29955.07974960745,23504.846711502578
1979-07-12,29869.27049435172,23476.626088685272
1979-07-13,29787.23542561293,23450.101207388987
1979-07-16,29930.204463951097,23513.296149229864
1979-07-17,29480.000914135493,23339.48298624925
1979-07-18,29214.42579723129,23238.458591150917
1979-07-19,29330.12318889768,23291.497829120115
1979-07-20,29488.66582922731,23361.46609432385
1979-07-23,29302.852198481367,23292.60696617894
1979-07-24,29478.196313164637,23369.35259293533
1979-07-25,29865.265698242623,23530.76115040798
1979-07-26,30085.53977401,23624.449350277187
1979-07-27,30285.62391661796,23709.67514216517
1979-07-30,30495.126739957097,23798.28972405533
1979-07-31,30822.07559444706,23932.63216567414
1979-08-01,31054.155242174213,24029.72367893942
1979-08-02,31318.76840678022,24138.675019935145
1979-08-03,31343.88389134234,24154.492915598057
1979-08-06,31233.334481710503,24117.810659149567
1979-08-07,31608.21145586913,24269.110517442296
1979-08-08,31928.16432080195,24398.40007906124
1979-08-09,32006.642831063764,24434.54831190398
1979-08-10,32346.4910403467,24570.624040138584
1979-08-13,32777.23302181197,24740.57986081201
1979-08-14,32865.63262928203,24780.124405084574
1979-08-15,33227.90253516795,24922.9920110442
1979-08-16,33348.37530337988,24974.400786645278
1979-08-17,33514.28594859668,25042.7491300862
1979-08-20,33549.14815409007,25061.978487732067
1979-08-21,33552.31842777457,25069.35244593167
1979-08-22,33877.25502930365,25196.998552361543
1979-08-23,34039.739251685714,25263.665535446555
1979-08-24,34147.78699611472,25310.00507795609
1979-08-27,34182.84970970609,25329.24301252165
1979-08-28,34181.344790888375,25334.92833439416
1979-08-29,34394.65535385351,25420.24108780493
1979-08-30,34388.524509049385,25424.235517534104
1979-08-31,34547.36382841405,25489.22399519033
1979-09-04,33635.924518733475,25159.440638209075
1979-09-05,32506.331533820816,24743.22782930491
1979-09-06,32864.98309040299,24886.14538586599
1979-09-07,33386.55862021701,25090.072012965746
1979-09-10,33749.76206582506,25233.00455850034
1979-09-11,33498.43161879439,25145.489906442843
1979-09-12,33604.75741596193,25191.84229640468
1979-09-13,33892.012434821554,25305.979622657716
1979-09-14,34434.54342037669,25515.02148459717
1979-09-17,34372.82778120991,25498.683789885337
1979-09-18,33776.66294552446,25284.06136591124
1979-09-19,33874.17650292049,25327.03226098476
1979-09-20,34202.98312757302,25456.43885273547
1979-09-21,34392.05505850897,25533.31206913877
1979-09-24,34134.13131745402,25444.09176235039
1979-09-25,33731.78341497586,25300.631188808355
1979-09-26,33991.81943166866,25404.62609517768
1979-09-27,34198.30367587186,25488.284198406185
1979-09-28,34005.05984700358,25422.78468735159
1979-10-01,33809.2803630188,25357.282038730675
1979-10-02,33980.31333487665,25429.080464244504
1979-10-03,34187.92267335704,25514.443872662403
1979-10-04,34582.30569029575,25669.31511736562
1979-10-05,34960.45261229237,25817.411294069145
1979-10-08,34339.54615490903,25595.94478575269
1979-10-09,31691.32378234712,24616.65930107968
1979-10-10,29104.2137828366,23618.677152332697
1979-10-11,29413.410547310883,23751.48083170243
1979-10-12,29657.06799940944,23857.16565891511
1979-10-15,28663.55761662482,23464.380005886727
1979-10-16,28626.50121736566,23456.4605356869
1979-10-17,28899.76204639979,23575.708131026666
1979-10-18,29058.016460343777,23647.48719663344
1979-10-19,27846.716240879912,23161.397927777914
1979-10-22,26436.241886688094,22580.32974410228
1979-10-23,26203.62591561887,22487.60175123972
1979-10-24,26349.917983617557,22557.66434797498
1979-10-25,26215.64989433941,22507.32661994877
1979-10-26,26606.22223998546,22682.534892120857
1979-10-29,26654.45555303367,22710.209820876647
1979-10-30,27263.938515682763,22977.01032843341
1979-10-31,27268.65440703633,22986.03777118056
1979-11-01,27612.13047874017,23137.529939156542
1979-11-02,27783.56254636052,23216.10032588862
1979-11-05,27456.197892145723,23086.053325401837
1979-11-06,27259.994835094363,23010.27756907247
1979-11-07,26634.716474853896,22753.00647903272
1979-11-08,26870.6043811516,22860.410489875616
1979-11-09,27290.850196396517,23045.845806560334
1979-11-12,27754.343223546613,23248.25387718415
1979-11-13,27775.99159803581,23264.073789123064
1979-11-14,28012.32579261113,23369.802059207108
1979-11-15,28469.14551784053,23567.14315969474
1979-11-16,28515.45533662065,23593.152650162665
1979-11-19,28873.43241424927,23748.09343970078
1979-11-20,28660.02889114495,23667.22592481777
1979-11-21,28390.001118462245,23562.602587825888
1979-11-23,28771.448012517238,23727.735552558875
1979-11-26,29620.17989975168,24084.596710669248
1979-11-27,29854.796304951466,24186.972938497674
1979-11-28,30249.37414633735,24353.828226973998
1979-11-29,30498.80395468455,24461.3058075311
1979-11-30,30524.858589428684,24478.85483006717
1979-12-03,30338.58966310857,24411.56442482836
1979-12-04,30718.172403946992,24571.65441148872
1979-12-05,31176.266348759684,24762.295613739145
1979-12-06,31637.49004178796,24952.94584548021
1979-12-07,31813.527482357506,25029.907827388182
1979-12-10,32002.885149878977,25111.96183147909
1979-12-11,31924.509660821997,25088.8004645322
1979-12-12,32200.430364251817,25204.801999760628
1979-12-13,32381.983270143424,25283.473480132885
1979-12-14,32824.78339197377,25463.98028025764
1979-12-17,33038.42321136632,25554.54109842505
1979-12-18,32651.376769991657,25412.57700210593
1979-12-19,32602.663440560103,25401.299439211754
1979-12-20,32854.66226014644,25507.14358960936
1979-12-21,32792.64038280231,25490.77565819392
1979-12-24,32687.03649559106,25457.43387394484
1979-12-26,32686.27176436541,25464.82887062185
1979-12-27,32763.947686699332,25502.78131060672
1979-12-28,33007.41945091679,25605.2445063604
1979-12-31,33124.72153584776,25658.480046359196
1980-01-02,31804.38140813633,25154.884813504745
1980-01-03,30842.174438960195,24781.98930384073
1980-01-04,31691.249370393696,25130.617669192725
1980-01-07,31930.47251864464,25233.08157653947
1980-01-08,32445.38655783564,25583.434000256068
1980-01-09,32694.524246946497,25740.249022601434
1980-01-10,33151.0521028581,25998.941662377485
1980-01-11,33365.118425245,26126.90660217385
1980-01-14,33515.4895792297,26217.521711252422
1980-01-15,33676.480656097694,26313.23757512762
1980-01-16,34012.37242742891,26488.76470938168
1980-01-17,33925.755560331585,26458.828129323705
1980-01-18,34019.42018501896,26515.497263652
1980-01-21,34433.35891536176,26721.61039515991
1980-01-22,34254.76218223354,26649.221494975314
1980-01-23,34815.9766825136,26918.18265873462
1980-01-24,35066.72949198658,27044.49929676325
1980-01-25,35218.602333070405,27123.265784087853
1980-01-28,35583.45729913794,27293.750438387025
1980-01-29,35402.429081465496,27224.764086445743
1980-01-30,35772.5471958576,27396.9593582244
1980-01-31,35928.58381922429,27474.044077624087
1980-02-01,36106.766875600006,27568.118982500226
1980-02-04,35960.23806547844,27521.21504886428
1980-02-05,36010.29883655987,27552.444424065823
1980-02-06,36297.11990469569,27687.296901589587
1980-02-07,36594.90075183896,27820.455399325943
1980-02-08,37191.42870943046,28072.532299608887
1980-02-11,36838.29156653003,27938.9972920766
1980-02-12,36859.92788165451,27958.349765383784
1980-02-13,37008.4442673818,28028.667252188578
1980-02-14,36389.99158393286,27784.69070325305
1980-02-15,35968.88380469419,27618.855488597663
1980-02-19,35352.595745611296,27364.66389329433
1980-02-20,35743.56796893182,27542.016567328694
1980-02-21,35408.17505634638,27408.44390511648
1980-02-22,34909.05661306671,27200.10591360968
1980-02-25,34106.937573556585,26842.231299903757
1980-02-26,34245.41826723251,26932.92768818852
1980-02-27,33941.35115491034,26802.72687020257
1980-02-28,33818.97983150374,26757.486364370983
1980-02-29,34005.74278615955,26854.98331190544
1980-03-03,33339.233016186896,26658.496352742008
1980-03-04,32765.106876463764,26407.620516387866
1980-03-05,31878.35261552418,25991.886633761995
1980-03-06,30564.492017880533,25261.7274702771
1980-03-07,29937.97991650104,24845.946031854142
1980-03-10,29441.26205879711,24431.843245582582
1980-03-11,29583.48724109453,24570.092666611647
1980-03-12,29576.70551798394,24582.576440763525
1980-03-13,29629.314855741657,24642.649235214627
1980-03-14,29494.27264925796,24551.451818650658
1980-03-17,29070.09142452794,23746.345332174496
1980-03-18,28914.281137374604,23614.32574800279
1980-03-19,29105.187003583243,23793.37283712648
1980-03-20,29004.108239395773,23737.84263574606
1980-03-21,28794.44609738783,23595.6142033792
1980-03-24,28193.17966674082,22883.887250512
1980-03-25,27919.857343274118,22529.129821830807
1980-03-26,27799.62032837419,22478.664060334988
1980-03-27,27574.038106832493,21097.020724174738
1980-03-28,28819.07617121916,21974.795235086534
1980-03-31,29265.03825099993,22272.849521180848
1980-04-01,29808.49666026984,22637.22627277876
1980-04-02,30592.709587574464,23090.03433248221
1980-04-03,30637.754135266965,23126.288880169945
1980-04-07,29859.402511772525,22683.051324857435
1980-04-08,30123.80300070994,22848.52834264355
1980-04-09,30608.28242559355,23133.042005307827
1980-04-10,30972.96954073941,23344.450632185777
1980-04-11,31102.05852186896,23424.93011496321
1980-04-14,30745.66039307105,23241.82928575758
1980-04-15,30641.43827843802,23194.766624628028
1980-04-16,30431.64522532717,23088.178941870687
1980-04-17,30057.91189111993,22882.950077893693
1980-04-18,30071.1903557142,22902.202739232907
1980-04-21,29608.156827011688,22634.030360985515
1980-04-22,30360.93310435734,23081.876221295028
1980-04-23,30708.735903764536,23288.22397423773
1980-04-24,31244.3628164952,23589.832038025565
1980-04-25,30984.33888178704,23459.423399040792
1980-04-28,31159.244520828022,23565.43967246393
1980-04-29,31398.07315878952,23703.78268814901
1980-04-30,31585.15016457872,23813.212552182147
1980-05-01,31982.00213650711,23761.0443321722
1980-05-02,32126.60907701192,23858.57434688576
1980-05-05,32300.36081884144,23993.531809611035
1980-05-06,32639.374477324007,24196.54468082116
1980-05-07,33042.52724595032,24426.787413399205
1980-05-08,32925.13210138277,24372.927223524617
1980-05-09,32847.144633808464,24339.48190482297
1980-05-12,32798.36847103337,24323.04949544268
1980-05-13,33142.83621812048,24517.586787723765
1980-05-14,33634.55342127881,24783.59298192372
1980-05-15,33935.43689910422,24947.52260399853
1980-05-16,34128.44222592648,25053.611909672625
1980-05-19,34112.99268554755,25054.208424241904
1980-05-20,33991.7112872476,25002.053489749014
1980-05-21,33915.65229422959,24972.020676743858
1980-05-22,34312.11104481539,25178.51857185172
1980-05-23,34825.05199116222,25437.77627796924
1980-05-27,35028.58279970248,25543.89227972196
1980-05-28,35224.75751199374,25646.6064028986
1980-05-29,34992.20499035768,25543.405185846736
1980-05-30,35104.921285759134,25605.28087952847
1980-06-02,35050.687367075734,25558.23717224206
1980-06-03,34946.96325298538,25516.29686124459
1980-06-04,35387.323808140245,25736.463099351386
1980-06-05,35730.56242873123,25907.27931092148
1980-06-06,35886.67462965577,25987.89126982264
1980-06-09,35989.32537473922,26042.978957264644
1980-06-10,36397.4009169473,26239.345870330268
1980-06-11,36782.42701324234,26422.10680463089
1980-06-12,36802.45479994152,26438.05540268943
1980-06-13,37272.55804580831,26656.576060254305
1980-06-16,37334.90834602779,26691.256554464628
1980-06-17,37393.86014861988,26724.237261967988
1980-06-18,37460.5638743938,26760.625046519926
1980-06-19,37270.71589606855,26682.948908263923
1980-06-20,37172.9426046694,26646.12947598681
1980-06-23,37342.38648484304,26728.486707082007
1980-06-24,37585.846138485256,26843.19429221971
1980-06-25,37989.725886559616,27027.71454181976
1980-06-26,38077.31359119184,27072.625773775537
1980-06-27,38134.16227610978,27103.917368615726
1980-06-30,37574.0279879142,26866.18274877656
1980-07-01,37718.48147284486,26933.23004405139
1980-07-02,38097.08912609423,27105.853449074843
1980-07-03,38746.92450698659,27394.279707384165
1980-07-07,39834.75960059976,27864.92935258388
1980-07-08,39801.343650283256,27857.077668753223
1980-07-09,39995.16339759232,27944.591136863142
1980-07-10,39880.34387194974,27902.681385605003
1980-07-11,40265.88777638011,28070.24597269301
1980-07-14,40949.94302639585,28360.43821899028
1980-07-15,41156.02626415729,28451.378884590733
1980-07-16,41163.45696189243,28460.572645245637
1980-07-17,41804.26982172015,28728.652262359312
1980-07-18,42346.48403014173,28954.16601532296
1980-07-21,42540.8762433397,29038.31476921169
1980-07-22,42234.05654485727,28921.47619175513
1980-07-23,42233.24179597893,28927.277292130788
1980-07-24,42262.18246830256,28944.99855812918
1980-07-25,42126.0231982097,28896.288858592536
1980-07-28,42277.5409543887,28963.41284196933
1980-07-29,42704.94946238206,29141.268393056325
1980-07-30,43233.358110808265,29358.31635351141
1980-07-31,42996.378199721046,29270.4268983623
1980-08-01,43272.16258960722,29386.973431017235
1980-08-04,42999.83932336792,29285.450598622225
1980-08-05,43255.38991062134,29393.48382412078
1980-08-06,43640.91334613042,29552.633263195603
1980-08-07,44400.53662367678,29858.32085233273
1980-08-08,44665.37910992778,29968.078252535903
1980-08-11,45189.789671825005,30178.36994053428
1980-08-12,44958.63968632765,30095.59478564337
1980-08-13,45119.734460338936,30164.47188292659
1980-08-14,45872.00651163692,30461.6870072152
1980-08-15,46359.84810954889,30654.971337360344
1980-08-18,45158.4364392905,30204.116987175374
1980-08-19,44720.55660668927,30041.237880756056
1980-08-20,45319.19208336818,30280.536935295
1980-08-21,46289.02501148836,30661.300295896504
1980-08-22,47073.90542507303,30967.09130488156
1980-08-25,47004.18961255676,30947.37787462829
1980-08-26,47353.83197850008,31086.16571525442
1980-08-27,47229.524133094215,31045.99983344795
1980-08-28,46689.755536518926,30849.028340510817
1980-08-29,46912.212722075776,30940.099030294004
1980-09-02,47263.26402229094,31080.60341147862
1980-09-03,48235.25986349622,31454.638362329948
1980-09-04,48454.899999728346,31544.02623772003
1980-09-05,48693.34104114903,31640.235688503777
1980-09-08,48142.16982881322,31443.247584918827
1980-09-09,48302.11127084213,31510.47954930963
1980-09-10,48955.97081064312,31761.827311915866
1980-09-11,49789.59811281092,32077.969596867435
1980-09-12,50430.994983824814,32320.818058327302
1980-09-15,50416.67084891443,32323.29152942276
1980-09-16,51202.616220033466,32617.304983923565
1980-09-17,52429.38063024514,33068.18699831187
1980-09-18,52246.90931912939,33011.005464444985
1980-09-19,53047.87199801757,33305.05609401946
1980-09-22,53321.246955906085,33409.85820662307
1980-09-23,52871.58782811535,33258.89930033349
1980-09-24,52913.92384056504,33281.85632499357
1980-09-25,52351.26702320464,33089.9642859227
1980-09-26,50766.413386585744,32531.43732254034
1980-09-29,48413.19016998141,31682.985526118777
1980-09-30,49293.230847799845,32019.686502312437
1980-10-01,50127.91000914301,32337.644434918457
1980-10-02,50658.788576266175,32541.35645676737
1980-10-03,51861.06275390963,32988.9537241843
1980-10-06,53059.75362138709,33429.75139815755
1980-10-07,53112.707090574986,33457.836170684466
1980-10-08,53573.42381534111,33630.89271884064
1980-10-09,53718.07857848113,33691.39027026302
1980-10-10,53819.43680332876,33736.537996022205
1980-10-13,54316.84045520557,33921.554422749374
1980-10-14,54365.23144392649,33947.94936622826
1980-10-15,54539.81113819604,34018.691653640555
1980-10-16,53795.78080828984,33767.04451897991
1980-10-17,53429.23828623382,33646.735521027906
1980-10-20,53362.06060039938,33632.18175493558
1980-10-21,53007.08572658458,33515.27633271854
1980-10-22,53671.4967395526,33761.7302591496
1980-10-23,52641.91103778788,33405.98082650115
1980-10-24,52789.63466861041,33468.19377319323
1980-10-27,51899.071837011325,33158.485217811394
1980-10-28,51597.64889779612,33058.61151958894
1980-10-29,51917.72867899607,33183.950395934495
1980-10-30,50961.03671703083,32846.910347064084
1980-10-31,51064.29844846055,32893.76174462108
1980-11-03,51208.86476681788,32957.67664074574
1980-11-05,52526.71694011758,33449.88393418672
1980-11-06,51516.53844349443,33097.46404226534
1980-11-07,51277.23118530195,33021.46169598698
1980-11-10,51057.40218183721,32952.285558905074
1980-11-11,51923.82689169389,33280.71553296835
1980-11-12,53192.91510045271,33752.50880287924
1980-11-13,54340.31090997311,34174.83502712169
1980-11-14,55037.97420235595,34433.34565830406
1980-11-17,54924.78582974606,34405.15278242116
1980-11-18,55945.83703399387,34776.323259320096
1980-11-19,56531.34123770459,34992.200874891576
1980-11-20,57228.14504582303,35245.63526491171
1980-11-21,56983.04898614334,35173.08284855763
1980-11-24,56037.13033479846,34858.151798827435
1980-11-25,56588.033872405904,35062.10233799551
1980-11-26,57367.80437418576,35344.57998051042
1980-11-28,57875.61242746179,35531.48093664192
1980-12-01,56224.41606098984,34979.2562799245
1980-12-02,55599.618302940544,34775.24308921225
1980-12-03,56141.11375240321,34979.21324479368
1980-12-04,56733.99282917736,35200.268071123035
1980-12-05,55138.67964307292,34659.93160554548
1980-12-08,51646.75332672597,33440.09472455799
1980-12-09,51240.55467329067,33304.31222610531
1980-12-10,50517.01986959781,33050.716472639084
1980-12-11,48266.650456314055,32226.85715223162
1980-12-12,49339.15441585495,32649.34830738971
1980-12-15,50573.562811642994,33128.20471432231
1980-12-16,49559.01607502364,32763.596427665223
1980-12-17,50496.23148746674,33129.78236368888
1980-12-18,51374.03287058439,33470.37088929121
1980-12-19,52218.1536598978,33795.61049918637
1980-12-22,53060.06901443976,34117.446917987705
1980-12-23,53057.89678253416,34130.2141470476
1980-12-24,53154.40864810504,34178.84233343317
1980-12-26,53655.38859245155,34374.339134869
1980-12-29,52939.294443603736,34129.235807921395
1980-12-30,53194.98448946681,34235.935522028725
1980-12-31,54043.26678909325,34557.82819200715
1981-01-02,54580.569811137786,34765.30912181413
1981-01-05,54839.34995710391,34872.02889173456
1981-01-06,54754.82075359756,34855.780843134125
1981-01-07,51513.43660853764,33708.81399936587
1981-01-08,50807.209735265904,33460.23684234929
1981-01-09,51581.4935290326,33763.37034835276
1981-01-12,51906.18234910496,33897.41003276396
1981-01-13,51691.59503370589,33831.597636728875
1981-01-14,52131.45519025434,34008.35116272577
1981-01-15,52452.83661703848,34140.69883721998
1981-01-16,53011.64553799661,34360.17596670041
1981-01-19,53186.17873304761,34437.86958917652
1981-01-20,51814.59567575053,33950.08785599587
1981-01-21,51490.28967470261,33843.263738775066
1981-01-22,51011.57328828251,33678.34684034487
1981-01-23,51159.993471068345,33747.49107285376
1981-01-26,50491.89349095582,33510.80475577538
1981-01-27,50933.71077053771,33691.003718349115
1981-01-28,50986.32377272981,33724.27050219373
1981-01-29,51184.44932747959,33812.21794964168
1981-01-30,51118.58104394894,33801.06068768274
1981-02-02,48942.20854231082,32995.32864821033
1981-02-03,49123.840525582105,33076.428327798705
1981-02-04,49545.74682722658,33249.81100566086
1981-02-05,50286.4260645561,33544.52879216981
1981-02-06,50969.8607769807,33815.33826528438
1981-02-09,50515.4392712452,33655.50003406614
1981-02-10,50383.812902227146,33616.994893788746
1981-02-11,49955.35534168,33465.69003456799
1981-02-12,49390.42997086466,33261.3965634212
1981-02-13,49043.015352239,33139.13086794791
1981-02-17,49055.91097976727,33155.30181466488
1981-02-18,49361.00911599775,33284.28215819696
1981-02-19,48449.94788716752,32944.93497127431
1981-02-20,48225.68258003247,32868.79905450042
1981-02-23,48536.50463725626,33001.20116019827
1981-02-24,48896.59734567553,33152.412773418175
1981-02-25,48891.79636841513,33161.74971785271
1981-02-26,49808.67644364699,33528.362893541
1981-02-27,50618.8238785767,33850.54482518258
1981-03-02,51064.983295796905,34030.852716479385
1981-03-03,50718.30586665343,33910.28442100391
1981-03-04,50872.330888201126,33979.47550612711
1981-03-05,50981.490944100544,34031.57483735364
1981-03-06,51334.11137813189,34175.99926917586
1981-03-09,51420.99009159685,34219.55649159056
1981-03-10,50892.2559051305,34030.585449453734
1981-03-11,50474.91121963118,33882.642029390365
1981-03-12,51572.769552818856,34312.623384513434
1981-03-13,52225.872799870565,34569.92580320649
1981-03-16,52778.33682009497,34787.91244154799
1981-03-17,52636.60602880879,34745.99112821522
1981-03-18,52980.444172647694,34885.329992273364
1981-03-19,53159.96388777833,34963.11300730442
1981-03-20,53979.24088174071,35278.60430735014
1981-03-23,54568.48497269842,35506.89402860526
1981-03-24,54577.68636190616,35521.42123704844
1981-03-25,55300.663736171926,35797.61369057753
1981-03-26,55375.46667004121,35836.09211381028
1981-03-27,55013.12266554204,35715.51491772955
1981-03-30,54592.32028352968,35740.31007266096
1981-03-31,54979.68456899853,35949.82620835373
1981-04-01,55087.74647570848,36149.0927166267
1981-04-02,55242.32914634095,36256.00438382928
1981-04-03,55489.42849135435,36374.89072792324
1981-04-06,54816.52668350596,36139.70237295378
1981-04-07,54974.25844681733,36224.38023628264
1981-04-08,55349.04433544469,36403.15009760072
1981-04-09,55772.87012446449,36593.90179344064
1981-04-10,56270.60087544046,36806.90004649884
1981-04-13,55867.9828259562,36667.49582098112
1981-04-14,55433.14662240391,36507.55359369517
1981-04-15,56071.85991518022,36780.44529965341
1981-04-16,56748.87068738913,37065.327327941086
1981-04-20,57118.547162334646,37221.90399978897
1981-04-21,56690.29008964178,37082.49038051674
1981-04-22,56816.80386712834,37162.08042046393
1981-04-23,57149.12333938028,37304.981873773984
1981-04-24,57808.0063580897,37569.3753646628
1981-04-27,57912.69668306908,37625.027003390096
1981-04-28,56846.879001305606,37240.91142715312
1981-04-29,56180.766991900506,37000.51786778597
1981-04-30,56373.111215525576,37090.38425135703
1981-05-01,55982.66769730814,37080.99745447829
1981-05-04,54426.39458812589,36506.87750871408
1981-05-05,53616.27961779389,36204.83406798304
1981-05-06,53755.91919539153,36279.28537289276
1981-05-07,54448.32375906026,36567.673877711466
1981-05-08,54934.84455694253,36770.49898108808
1981-05-11,53988.76416376304,36420.51040096509
1981-05-12,54091.83499821797,36477.85970033987
1981-05-13,54337.34990994916,36591.69519500061
1981-05-14,54914.567735360055,36832.19665423944
1981-05-15,55476.914946037046,37060.72901914399
1981-05-18,55631.82384236903,37135.21729221042
1981-05-19,55214.29420784341,36995.73477361384
1981-05-20,55866.7423455411,37255.10129007554
1981-05-21,56158.86635662513,37379.24208555853
1981-05-22,56525.85360391774,37530.77710653143
1981-05-26,56956.267621044775,37704.57792689557
1981-05-27,57842.320133913054,38035.88592295513
1981-05-28,58354.39714465157,38231.9613961272
1981-05-29,58386.39600560546,38260.26523203911
1981-06-01,58088.93853240179,38184.13228104116
1981-06-02,56390.83269457886,37597.77627509025
1981-06-03,56016.2051824487,37478.819330852304
1981-06-04,56340.734413195925,37614.97604353689
1981-06-05,57067.67817458054,37893.25990074233
1981-06-08,56802.22122479019,37815.39504609515
1981-06-09,56362.88809114654,37674.170581767255
1981-06-10,56500.87070916265,37741.85047705753
1981-06-11,57385.30055319453,38074.96000042318
1981-06-12,57543.57692517232,38147.78978962936
1981-06-15,57592.66247492256,38182.95028715198
1981-06-16,56405.15888926831,37776.27236973105
1981-06-17,56374.78968480319,37782.309360540814
1981-06-18,55441.04064898764,37457.81046700156
1981-06-19,55791.62077062224,37604.27771619832
1981-06-22,55301.10869234142,37440.75428367469
1981-06-23,55549.14098451782,37549.5473132599
1981-06-24,55291.26406718133,37471.65436272321
1981-06-25,55495.4851846754,37565.03839202845
1981-06-26,55661.07359936022,37643.011603163366
1981-06-29,54905.553043651984,37380.120157901176
1981-06-30,53743.81594319057,36957.90988625211
1981-07-01,53215.21371698924,36766.93501092987
1981-07-02,52388.913946846704,36454.3241500547
1981-07-06,50849.92619379092,35821.353359349414
1981-07-07,50353.817688677904,35635.47411370446
1981-07-08,50479.73669195733,35709.98988676153
1981-07-09,51069.186929408446,35983.23866847044
1981-07-10,51232.70586658428,36071.46985478382
1981-07-13,51318.2419769777,36127.15502644848
1981-07-14,50874.31052821147,35960.11015331019
1981-07-15,51219.79351360455,36125.44794383481
1981-07-16,51663.46407343234,36328.49132129035
1981-07-17,51922.84596839912,36456.14964573927
1981-07-20,50480.89553691356,35859.01234035563
1981-07-21,49847.60314103033,35592.55609357134
1981-07-22,49239.873546144445,35327.79971861129
1981-07-23,49290.53857397931,35371.48112529105
1981-07-24,49842.956584527936,35644.79326347881
1981-07-27,50347.80362751248,35888.98589694892
1981-07-28,50110.51563507559,35802.440980017825
1981-07-29,50081.358611586285,35810.14736213252
1981-07-30,50455.76505009887,35996.09223300796
1981-07-31,51053.99876155305,36271.167097469806
1981-08-03,50669.11572876512,36061.21969168959
1981-08-04,50508.359747654,36008.94668384747
1981-08-05,50830.55587408806,36170.91831638947
1981-08-06,51038.84650278202,36281.47656602087
1981-08-07,50865.81557685957,36229.20501477841
1981-08-10,50622.323926116434,36140.93371377582
1981-08-11,50902.69470777142,36284.06817197504
1981-08-12,50971.6066561023,36332.928936129065
1981-08-13,51094.1919801824,36404.07772435332
1981-08-14,50948.60426080081,36363.8012473745
1981-08-17,49958.2704686624,35941.23392215496
1981-08-18,48941.71191077537,35489.50279064652
1981-08-19,48970.35955551894,35526.351034958214
1981-08-20,49190.96940842464,35655.778905667314
1981-08-21,48705.92556079026,35449.176145274454
1981-08-24,46924.49283425495,34421.31509239916
1981-08-25,46222.25091021669,33911.19932814265
1981-08-26,46187.86056951404,33917.150304192146
1981-08-27,45956.922109626044,33748.21088610925
1981-08-28,46056.7340303632,33874.18486937626
1981-08-31,45700.05612069551,33566.34226977795
1981-09-01,46247.42447778481,33467.68532547479
1981-09-02,46196.71052130699,33506.20791009896
1981-09-03,45976.12551480429,32923.96200663033
1981-09-04,45790.66474446136,32520.03437234662
1981-09-08,44680.18778161358,31690.785247848704
1981-09-09,44649.46909280439,31688.111750078573
1981-09-10,45265.90289018873,32165.636862400883
1981-09-11,45807.260140678336,32554.001545528616
1981-09-14,45717.25901611799,32522.189633529128
1981-09-15,45673.89332061231,32512.6736432034
1981-09-16,45211.17397821857,32215.01066141668
1981-09-17,44689.7227079083,31853.86899893243
1981-09-18,44389.408578342816,31607.631315029343
1981-09-21,44367.6688576868,31632.39781912289
1981-09-22,44138.59004478974,31435.88647184324
1981-09-23,43722.20586288797,30875.71054022745
1981-09-24,43747.778057467774,30945.06112921115
1981-09-25,43455.89919082667,30041.753319040174
1981-09-28,43296.42165823428,30027.02976917626
1981-09-29,44110.47888923731,30624.750560515484
1981-09-30,44508.99159394756,30886.24804305969
1981-10-01,44935.665358633865,31068.83838599049
1981-10-02,45934.52576774565,31632.31352275044
1981-10-05,46387.85160741568,31897.28555038875
1981-10-06,46328.44896092591,31891.180591534583
1981-10-07,47302.72983446602,32391.23217817417
1981-10-08,48069.2266495025,32774.63031733388
1981-10-09,48136.42869173242,32820.02468689003
1981-10-12,48113.636562264895,32822.52107372039
1981-10-13,48317.1994091834,32933.12268772496
1981-10-14,47411.92791564628,32506.626395032108
1981-10-15,47532.57945544529,32579.475641344023
1981-10-16,47639.14709284873,32647.17773348847
1981-10-19,47446.94800370024,32567.297914442355
1981-10-20,47941.407632852446,32818.62913385176
1981-10-21,48331.72760481453,33016.77352100184
1981-10-22,48319.12738923997,33026.13867404463
1981-10-23,48094.8155346245,32937.680974260504
1981-10-26,47745.22108049392,32783.99585003828
1981-10-27,48293.73924923092,33059.39343077178
1981-10-28,48688.61066948982,33255.84894719261
1981-10-29,48413.376177871,33141.64019620977
1981-10-30,49190.66864595938,33513.187846757464
1981-11-02,50064.146303474336,33859.003817003344
1981-11-03,50626.83851592486,34122.44235135645
1981-11-04,50958.428498614296,34286.330634606464
1981-11-05,51040.23435805107,34336.93082936811
1981-11-06,50994.910015767935,34329.164477266095
1981-11-09,50949.66854537504,34321.397735821294
1981-11-10,50910.97596932263,34318.78066527002
1981-11-11,50933.72532358679,34345.35131313639
1981-11-12,51273.66144431529,34507.552281754695
1981-11-13,50915.79805328921,34365.87261746067
1981-11-16,49729.901477014166,33851.61483350762
1981-11-17,49896.23233800008,33941.700939378185
1981-11-18,49838.14011499935,33928.77536196432
1981-11-19,49702.725640528726,33881.506188982785
1981-11-20,50171.25702366626,34102.09945624285
1981-11-23,49913.69337921522,34001.59905685313
1981-11-24,50286.56705021759,34179.27648649091
1981-11-25,50638.89492492475,34346.65951629308
1981-11-27,51013.27070585053,34520.92093412263
1981-11-30,51116.77248540024,34581.846363058496
1981-12-01,51039.25804270033,34541.455529621206
1981-12-02,50705.77169531807,34408.32332635485
1981-12-03,50503.36457623082,34331.856996662325
1981-12-04,50853.3766743348,34500.98656822747
1981-12-07,50303.58702288839,34300.86173329912
1981-12-08,49661.28677860344,34030.307820496164
1981-12-09,49697.212215285945,34058.59726886057
1981-12-10,49888.6597814105,34167.61880515941
1981-12-11,49747.95736447056,34120.338153167606
1981-12-14,48568.81932425997,33610.99424798536
1981-12-15,48346.04370313375,33524.19077593513
1981-12-16,48289.93285944115,33512.96325436834
1981-12-17,48493.1724822708,33618.548349134406
1981-12-18,48969.65608275099,33844.38822329931
1981-12-21,48695.85677399704,33735.24841286047
1981-12-22,48394.14948467231,33610.64251852594
1981-12-23,48299.37574897024,33578.80065294727
1981-12-24,48370.54488459367,33622.55077646548
1981-12-28,48132.73107004425,33527.140037751895
1981-12-29,47648.01391265566,33316.61187513385
1981-12-30,47902.16968909216,33446.26624086261
1981-12-31,48326.556266203006,33649.80761523128
1982-01-04,48151.33790678737,33597.34410339948
1982-01-05,46928.12398850266,33048.297984463345
1982-01-06,46408.08166864574,32846.322651048904
1982-01-07,46334.808954523694,32824.767896157624
1982-01-08,46687.64497737039,33002.54383730569
1982-01-11,45494.028899410165,32444.83825174832
1982-01-12,44958.80156357543,32191.276949077692
1982-01-13,44400.24479945925,31918.79708272892
1982-01-14,44429.26739554915,31947.05462874396
1982-01-15,44889.000363480816,32193.576431410875
1982-01-18,44828.13759994414,32175.437793958896
1982-01-19,44435.318482647264,31995.74179224881
1982-01-20,44264.94003779668,31920.87937868106
1982-01-21,44469.267125186016,32038.51407137899
1982-01-22,44255.09092585389,31941.30640276272
1982-01-25,43484.839180956034,31545.014017190075
1982-01-26,43424.18217406548,31526.857227604
1982-01-27,43451.78933029036,31555.111342938228
1982-01-28,44303.34527129988,32011.38833537291
1982-01-29,45027.06262268382,32385.17517897873
1982-02-01,44343.62837502257,32116.05683245776
1982-02-02,44544.0417380549,32226.843211027117
1982-02-03,44508.00316862737,32222.4507085127
1982-02-04,44377.69733818536,32173.36305866439
1982-02-05,44729.69223549116,32358.086204668434
1982-02-08,43474.85909792209,31743.363283558665
1982-02-09,42764.56511804413,31379.62653743733
1982-02-10,42886.57313770868,31459.464347641187
1982-02-11,42630.703903250826,31336.41793745086
1982-02-12,42691.52531670615,31383.589100125344
1982-02-16,42109.53800038312,31073.114444142648
1982-02-17,42249.39671031706,31166.70621178004
1982-02-18,42256.63915073356,31189.803167185863
1982-02-19,42009.12080288144,31065.01430971708
1982-02-22,41519.70423020393,30794.05560176681
1982-02-23,41054.8385575276,30523.08129233076
1982-02-24,41336.48383250954,30711.25547052761
1982-02-25,41548.50577934043,30859.88510157188
1982-02-26,41511.6755490877,30858.898392769057
1982-03-01,41700.56957473311,30980.023288687167
1982-03-02,41678.43223182123,30982.47983376612
1982-03-03,41046.87800537646,30616.8755914002
1982-03-04,40567.50101353957,30321.77250453993
1982-03-05,39992.2395855386,29923.457215703205
1982-03-08,39403.23875669558,29418.478831972578
1982-03-09,39161.49789900613,29192.13045645992
1982-03-10,39250.60888868253,29314.952443486218
1982-03-11,39138.748636477314,29258.88485060887
1982-03-12,38848.50452774127,28939.62414548327
1982-03-15,38774.699894318735,28886.986113716743
1982-03-16,38794.61279272683,28949.604179862392
1982-03-17,38753.92123050722,28936.530552898897
1982-03-18,39028.6186682972,29269.25123360357
1982-03-19,39289.63764975264,29550.372351681235
1982-03-22,39703.75772288945,29907.209427304104
1982-03-23,39940.41186816824,30100.615101915275
1982-03-24,39879.27348959882,30082.405883879263
1982-03-25,40097.68669639483,30253.45928387144
1982-03-26,39916.56885205893,30145.780429716902
1982-03-29,39963.94654155969,30198.11819943072
1982-03-30,39913.13756150136,30185.0713632116
1982-03-31,39939.77329052478,30225.366144324693
1982-04-01,40329.68846991844,30511.7346443575
1982-04-02,40652.72043837312,30727.562737548447
1982-04-05,40525.41612298522,30668.06604317237
1982-04-06,40632.66036764491,30749.675871472227
1982-04-07,40966.07030205855,30962.084974925816
1982-04-08,41316.111884060345,31176.221546132936
1982-04-12,41208.364254812856,31132.21834101945
1982-04-13,41142.80450246126,31110.584989748782
1982-04-14,41010.23142589088,31051.08882787988
1982-04-15,41198.95776912229,31174.02761455416
1982-04-16,41526.14429352639,31369.264135390906
1982-04-19,41538.48649143292,31390.664841704984
1982-04-20,41376.42328895979,31317.399208212057
1982-04-21,41472.47849625853,31383.555240130136
1982-04-22,41883.08912048278,31614.962008017385
1982-04-23,42280.11256708114,31834.32877993117
1982-04-26,42551.65943477658,31984.85258369024
1982-04-27,42157.6983408186,31799.69540450002
1982-04-28,42189.6844245726,31829.71786035207
1982-04-29,41916.884929799984,31703.080145088108
1982-04-30,42077.358255690655,31798.52295973693
1982-05-03,42147.71775953448,31845.764838400653
1982-05-04,42456.78371036261,32015.24617883801
1982-05-05,42409.40191712818,32003.957824167646
1982-05-06,42867.036603513,32244.043476452436
1982-05-07,43146.72123919464,32392.8856107262
1982-05-10,42923.85207816638,32297.23452160038
1982-05-11,43120.64179030925,32404.758991566585
1982-05-12,43051.62751113208,32383.144769907223
1982-05-13,42886.192666447416,32315.03852169258
1982-05-14,43061.51771262966,32412.23946485897
1982-05-17,42571.61866931728,32185.7006269328
1982-05-18,42168.921349149205,31998.76070936361
1982-05-19,41496.335988517385,31672.32033047895
1982-05-20,41077.10130272892,31468.136486697425
1982-05-21,40947.8175599134,31413.773895249094
1982-05-24,40698.80468134909,31295.689045806612
1982-05-25,40481.78630139838,31194.817215870928
1982-05-26,39724.7985616236,30789.090262920392
1982-05-27,39582.76645333124,30722.651000520465
1982-05-28,39608.303233898085,30752.663170341835
1982-06-01,39234.06874031745,30550.14726040777
1982-06-02,39342.71915426304,30630.1105086522
1982-06-03,39106.79214618344,30506.817099617525
1982-06-04,38453.535380197,30114.79639791536
1982-06-07,38176.27648995556,29946.695031769512
1982-06-08,38009.75906143017,29850.939591926835
1982-06-09,37469.841149421816,29448.539237749403
1982-06-10,37517.75163664146,29523.317005144603
1982-06-11,37997.70781198842,29899.587818721186
1982-06-14,37640.14369243178,29659.102963746816
1982-06-15,37392.72802976993,29494.415659615155
1982-06-16,37414.195597571554,29538.19053924293
1982-06-17,37061.98964750689,29264.946010335592
1982-06-18,36799.06816770893,29033.03841258423
1982-06-21,36687.24024108595,28947.57822610807
1982-06-22,36819.21970661732,29129.19034391352
1982-06-23,37138.98690180361,29441.76654885667
1982-06-24,37160.38785420549,29487.268535613097
1982-06-25,36992.492473520186,29377.6864011651
1982-06-28,37081.38530535107,29480.05865317554
1982-06-29,36923.65732633896,29387.702262169438
1982-06-30,37058.11467678098,29521.09801382556
1982-07-01,36946.46565599622,29401.16646541114
1982-07-02,36776.55373099863,29307.07909164439
1982-07-06,36584.07432080528,29164.73113462324
1982-07-07,36358.76553382191,28968.94890224909
1982-07-08,36140.57855429236,28749.02810349919
1982-07-09,36278.90712597712,28968.605816713487
1982-07-12,36372.133000090456,29103.73641048138
1982-07-13,36426.948789899936,29190.61157559276
1982-07-14,36360.46667485719,29167.17510118591
1982-07-15,36399.95449466133,29236.817560544616
1982-07-16,36484.13058021737,29335.76704455424
1982-07-19,36411.89965690851,29320.951872485453
1982-07-20,36546.27301989246,29449.215784482058
1982-07-21,36686.6907554836,29572.31168403697
1982-07-22,36790.53011785573,29662.66093665595
1982-07-23,36771.14782772351,29671.987576348147
1982-07-26,36566.0726492296,29558.908563933
1982-07-27,36347.71471559072,29432.034021046013
1982-07-28,35788.67814939277,29029.294456805885
1982-07-29,35597.57107794645,28897.228972797304
1982-07-30,35504.49466864419,28854.81254513666
1982-08-02,35744.650364221634,29031.36804798572
1982-08-03,35626.24812067548,28963.089915670997
1982-08-04,35338.19374956485,28720.652391835956
1982-08-05,35104.1942479153,28478.203257933696
1982-08-06,34931.81126152852,28209.877803293337
1982-08-09,34909.211061990085,27829.45288235899
1982-08-10,34832.87518526416,27819.76910605616
1982-08-11,34802.1102509213,27725.582998912265
1982-08-12,34844.317840166426,27565.85866027062
1982-08-13,34888.86399157421,27445.79416078453
1982-08-16,34676.92298398598,27539.57660427621
1982-08-17,34423.63339018158,27988.64833142478
1982-08-18,34611.9632730414,28456.71320859242
1982-08-19,34543.63677162966,28445.316209826364
1982-08-20,34884.91640233455,28797.85310074504
1982-08-23,35576.797793308826,29302.190386711663
1982-08-24,36251.02302190678,29708.232284188645
1982-08-25,37089.38338606578,30174.66649116368
1982-08-26,38138.663827271375,30734.27185768233
1982-08-27,37935.10038546003,30636.680163772904
1982-08-30,37508.57252614888,30423.50391940688
1982-08-31,37944.33153281697,30657.115087364946
1982-09-01,37794.93673486287,30587.11445213188
1982-09-02,38517.91602992497,30967.377726868715
1982-09-03,39368.452826286695,31408.042107828645
1982-09-07,38955.00623948734,31206.936849745794
1982-09-08,39252.76637736976,31364.678710341333
1982-09-09,39575.78703450495,31534.5092160806
1982-09-10,39460.29853144754,31483.49854087814
1982-09-13,39595.50700714567,31558.439377722552
1982-09-14,40167.48438334287,31852.51900296526
1982-09-15,40747.82148220983,32148.33445757983
1982-09-16,40906.37501765992,32233.65177370616
1982-09-17,40826.85720531342,32201.63298661417
1982-09-20,40600.44618374489,32097.137296191773
1982-09-21,41253.7982086502,32427.50178137522
1982-09-22,41490.77432509133,32550.796608221863
1982-09-23,41311.5505956888,32470.4619116932
1982-09-24,41460.53639485398,32550.62184209228
1982-09-27,41386.30103617164,32556.574095207012
1982-09-28,41393.01924568976,32626.38249479213
1982-09-29,41139.3860059049,32492.53944766636
1982-09-30,40944.8883869002,32388.03065379954
1982-10-01,41311.90297542199,32570.03031927859
1982-10-04,41091.82911273536,32453.437579840866
1982-10-05,41277.671610072735,32583.665006997668
1982-10-06,42197.4703231807,33138.518701644534
1982-10-07,43376.84961623608,33762.44593360817
1982-10-08,44551.253789394286,34332.89127946964
1982-10-11,45838.86163993762,34924.077403759045
1982-10-12,45757.64483541217,34899.01600017358
1982-10-13,46916.88688668102,35419.46428444654
1982-10-14,46765.71754631398,35365.06586581363
1982-10-15,46587.31420944372,35298.578851935345
1982-10-18,47440.30399492696,35670.60058448838
1982-10-19,47773.16205723218,35821.6519475388
1982-10-20,49117.42153505649,36378.44163490392
1982-10-21,50665.6814802892,36997.413576364364
1982-10-22,51093.61390012988,37172.67931265632
1982-10-25,49146.41950145053,36413.846938610746
1982-10-26,48706.95631631998,36247.226258532384
1982-10-27,49661.29072340784,36641.7803716811
1982-10-28,49494.85208513719,36585.669501952325
1982-10-29,49794.34690454013,36717.77892766202
1982-11-01,50625.82332255409,37045.025629895455
1982-11-02,52004.02195706351,37586.41923148257
1982-11-03,54344.48890188502,38471.49913063982
1982-11-04,55382.4051456624,38859.2525775358
1982-11-05,56329.07049078842,39209.032773825566
1982-11-08,56166.06967206043,39159.883265706834
1982-11-09,57819.295968227445,39756.65878795296
1982-11-10,57904.61719850911,39795.602305305714
1982-11-11,58429.40759489553,39988.26520589741
1982-11-12,58947.37033593266,40177.48208729044
1982-11-15,57294.53246430297,39613.62833444604
1982-11-16,55151.52622244333,38859.74738962385
1982-11-17,56457.97776877122,39340.870202363134
1982-11-18,57176.94334909769,39606.0944128492
1982-11-19,57216.569331503306,39629.49461018703
1982-11-22,55438.52217124597,39005.09847474131
1982-11-23,55119.96815909185,38898.92334844332
1982-11-24,55911.40564282948,39195.25929535607
1982-11-26,56735.53175945384,39500.24505270373
1982-11-29,56591.334276925074,39457.99509871787
1982-11-30,58477.95028668481,40136.17643717871
1982-12-01,60087.540968607806,40703.81714115168
1982-12-02,60361.3762422307,40806.72228468389
1982-12-03,60833.03065532096,40977.01827586369
1982-12-06,61891.39822909376,41346.01813235914
1982-12-07,62564.68084604122,41581.991952784
1982-12-08,62566.82185096292,41591.62204404498
1982-12-09,60763.60788167581,40994.7450224646
1982-12-10,59029.44316470977,40409.93387914277
1982-12-13,58743.8898844717,40321.03783048091
1982-12-14,57731.90798881384,39976.38402487306
1982-12-15,54976.01489480592,39002.68154139192
1982-12-16,54910.9094083491,38988.057434105365
1982-12-17,56467.64965425596,39564.47199876604
1982-12-20,55940.38466586655,39383.95149323903
1982-12-21,56223.66039329604,39495.4987569119
1982-12-22,57415.50624198184,39931.97308836694
1982-12-23,58022.29522218071,40155.88345834159
1982-12-27,58426.62665637026,40307.20937932368
1982-12-28,57910.59186597772,40135.32512149692
1982-12-29,57922.01146895886,40148.38135649725
1982-12-30,57414.06722809751,39978.21264230508
1982-12-31,57942.98897751477,40174.49300559334
1983-01-03,57028.92807703084,39860.84229375576
1983-01-04,57516.424209754914,40043.29969535015
1983-01-05,58027.27530580822,40232.679329575374
1983-01-06,59917.771890463366,40904.38444731978
1983-01-07,60890.53035181501,41249.38418235299
1983-01-10,62053.21643180618,41654.906987236114
1983-01-11,61983.69006889259,41640.33975585227
1983-01-12,63015.37233135562,41997.482307573504
1983-01-13,63286.35582207101,42097.02998680117
1983-01-14,64376.38130926003,42469.76304071256
1983-01-17,65141.59881984148,42731.85433637734
1983-01-18,64860.60199900858,42648.14713815122
1983-01-19,64077.47708668145,42398.444205219785
1983-01-20,64465.59438620099,42536.05701021821
1983-01-21,63386.981236135296,42187.77502582579
1983-01-24,59632.357394234015,40936.82343073736
1983-01-25,60839.41601100994,41363.19778034544
1983-01-26,61947.80455679539,41751.54479132477
1983-01-27,63973.31200398342,42446.00740665384
1983-01-28,64723.63246318798,42704.69458998728
1983-01-31,65442.36816991089,42951.29206556577
1983-02-01,65314.49398664179,42917.72328187678
1983-02-02,65359.57371257571,42941.22957217752
1983-02-03,65945.5479682631,43142.88024003436
1983-02-04,67087.3794963576,43526.14524710983
1983-02-07,67260.37557255544,43591.17969937254
1983-02-08,66746.50648554131,43433.08813128344
1983-02-09,66871.59323411064,43482.55399819704
1983-02-10,68649.55629235395,44069.97575843928
1983-02-11,69632.16877330415,44394.49841389192
1983-02-14,70708.5913826532,44746.71180217648
1983-02-15,70896.9591801146,44815.23962944644
1983-02-16,70877.64769482931,44818.03826572954
1983-02-17,70814.52540978897,44806.99438474122
1983-02-18,72041.41058822538,45204.23264656372
1983-02-22,70853.32914464886,44840.26762311965
1983-02-23,71271.25116913709,44981.471479451386
1983-02-24,72517.89816481949,45383.93231727058
1983-02-25,72564.47688497763,45407.5058643184
1983-02-28,71560.74969836223,45102.34257470312
1983-03-01,72166.10276328208,45302.39375233705
1983-03-02,73010.94062068495,45576.85551351453
1983-03-03,73987.9257211524,45891.12973945704
1983-03-04,74368.58323529364,46018.541264646825
1983-03-07,74034.35534783885,45924.46647073517
1983-03-08,72763.83154385896,45539.66722750008
1983-03-09,73788.3089335435,45869.54421153875
1983-03-10,74329.67747896035,46047.14895045862
1983-03-11,74358.91677384014,46065.55212179482
1983-03-14,73304.36339922047,45748.21609497569
1983-03-15,73228.19090501427,45733.7300489272
1983-03-16,73429.15657464735,45805.77825398631
1983-03-17,73042.19983676437,45694.37179272657
1983-03-18,73569.30351550352,45868.53793320487
1983-03-21,74275.78019730221,46098.09464256876
1983-03-22,74912.89663762295,46305.16543719687
1983-03-23,75860.53899713715,46607.44898215043
1983-03-24,76458.80442913188,46800.69113435874
1983-03-25,76725.53811684407,46891.820134554975
1983-03-28,75712.42741168673,46591.734141555295
1983-03-29,75471.53353666209,46527.0619828667
1983-03-30,76573.31831917058,46876.12472326638
1983-03-31,76557.20836311822,46880.7012229151
1983-04-04,75359.33945022726,46523.46451803055
1983-04-05,75388.33976517592,46541.88033713777
1983-04-06,74037.66879919436,46134.40996538706
1983-04-07,74161.09694798755,46182.25206636762
1983-04-08,74890.68310069256,46418.81913267232
1983-04-11,76377.76977975018,46889.132102221
1983-04-12,77433.34535917461,47222.687356783405
1983-04-13,79222.59647432849,47777.882504639056
1983-04-14,80847.90066742877,48277.69922579516
1983-04-15,82436.92598687818,48761.956167829616
1983-04-18,83127.45935568475,48976.10101765433
1983-04-19,82527.41414512375,48809.29738072965
1983-04-20,84225.27600148026,49321.30897316341
1983-04-21,85395.66768609003,49674.02360768392
1983-04-22,86383.1685316771,49971.33711667811
1983-04-25,85172.62840144265,49631.360390631584
1983-04-26,86051.4825917535,49897.51495719669
1983-04-27,86510.41156447036,50040.71934051479
1983-04-28,87623.11627450804,50372.71049416277
1983-04-29,88929.3144623419,50758.40812592561
1983-05-02,87368.59187865954,50323.15098042973
1983-05-03,86802.5303850953,50170.19364642026
1983-05-04,88905.66807480423,50788.01434663057
1983-05-05,91366.7761897358,51501.13501718097
1983-05-06,93989.66652301051,52250.66365294812
1983-05-09,94585.95628393968,52426.858264781775
1983-05-10,95608.9649860802,52720.85894442392
1983-05-11,94664.24542585392,52470.93367776319
1983-05-12,94168.32026176178,52343.98602338489
1983-05-13,95250.888253099,52655.33055185698
1983-05-16,92497.12558887828,51904.71236782584
1983-05-17,93341.32931207654,52151.9555475063
1983-05-18,94852.66625467114,52584.59536154987
1983-05-19,94387.9641374583,52466.30107407978
1983-05-20,94816.0084815492,52595.76026277372
1983-05-23,94969.9976078639,52648.98937163635
1983-05-24,97124.34879462584,53256.678355335054
1983-05-25,98227.71912070368,53569.83796690293
1983-05-26,99610.16396072936,53957.51959070056
1983-05-27,99997.29921058028,54073.16413875874
1983-05-31,97834.27019359585,53499.15386127104
1983-06-01,97304.08469623516,53365.263354272414
1983-06-02,98848.3133183412,53799.76387329093
1983-06-03,100977.24682379705,54390.250365577405
1983-06-06,101989.12857350748,54674.02544784617
1983-06-07,101104.774776327,54448.29907113735
1983-06-08,99986.42819395606,54158.43334516765
1983-06-09,100109.78959034116,54203.05096620631
1983-06-10,101673.64987194636,54637.63316831913
1983-06-13,103449.01435162856,55125.9649632382
1983-06-14,104705.6733396939,55472.19752538575
1983-06-15,105975.98010897796,55820.17618503376
1983-06-16,108872.52607966927,56594.56914878544
1983-06-17,108572.545957231,56528.31262324366
1983-06-20,107547.31251901072,56273.11687045334
1983-06-21,108389.14891431056,56505.00375610729
1983-06-22,109832.50850419574,56892.92041798387
1983-06-23,109216.65202919574,56745.18815908535
1983-06-24,110231.02364875685,57020.44743386269
1983-06-27,107127.4613657488,56229.54012938204
1983-06-28,101493.0475184994,54762.46837448513
1983-06-29,101693.64195159296,54827.91839853024
1983-06-30,103238.53858769742,55255.72865737631
1983-07-01,105064.98481265167,55756.36989271301
1983-07-05,102130.1871223008,54989.61383628014
1983-07-06,103372.8716962039,55335.96638816522
1983-07-07,103909.96031259482,55491.5990383624
1983-07-08,103571.585513775,55413.16005229471
1983-07-11,104057.0825471551,55554.932282189766
1983-07-12,101776.28170115824,54958.01170881176
1983-07-13,100234.53479330262,54553.54750987499
1983-07-14,100769.782025093,54710.915765133526
1983-07-15,99057.62282539636,54257.87013314442
1983-07-18,97386.1112869874,53811.74108212948
1983-07-19,97901.32262104834,53965.63629968905
1983-07-20,101381.4348711245,54936.383856939705
1983-07-21,102962.22336754334,55376.475108319486
1983-07-22,103838.7286126469,55624.07016625675
1983-07-25,103883.27394196024,55647.9426481476
1983-07-26,103545.73997331168,55569.48459703425
1983-07-27,100054.4740875378,54644.59243646474
1983-07-28,95843.10315744171,53506.30689712655
1983-07-29,93003.95226980392,52725.28771429304
1983-08-01,91817.28072144356,52400.43503401353
1983-08-02,92450.23177714382,52592.495696147096
1983-08-03,92828.94953842608,52711.70591919998
1983-08-04,90251.07651993578,51991.31516373574
1983-08-05,90517.08111267498,52079.291979529495
1983-08-08,87303.78437273322,51166.27854912932
1983-08-09,86873.1478991363,51051.26401639923
1983-08-10,88250.4993957442,51467.11864050731
1983-08-11,88757.5792847362,51626.224605669246
1983-08-12,89928.09065299215,51977.91894256201
1983-08-15,91213.88476161132,52360.86444081153
1983-08-16,90011.68466931018,52027.24438646984
1983-08-17,90571.0128371543,52200.25722681742
1983-08-18,89897.50823517388,52017.574595164006
1983-08-19,89454.68236129323,51900.82134861852
1983-08-22,89216.4870571556,51843.05979448973
1983-08-23,86135.80231890417,50959.303147786704
1983-08-24,84459.67862740888,50474.62468448636
1983-08-25,83654.39891006527,50245.02615716164
1983-08-26,84072.56621665647,50381.58342898252
1983-08-29,83489.59881052992,50217.91398952961
1983-08-30,83745.62944545812,50305.88377035613
1983-08-31,85192.30241757794,50751.38043709386
1983-09-01,86400.58402201376,51122.25959998248
1983-09-02,88303.3206868173,51696.229808855154
1983-09-06,90273.46486970966,52284.11001038622
1983-09-07,89957.01415003376,52203.77735585026
1983-09-08,90538.5310213378,52383.80014468209
1983-09-09,90767.6867942443,52461.42167571324
1983-09-12,89849.78774286697,52207.50630924537
1983-09-13,88124.31012289858,51717.50007567267
1983-09-14,88332.93811635015,51789.90375012084
1983-09-15,87617.95322956826,51591.50530206296
1983-09-16,88221.0334371331,51780.216872257966
1983-09-19,90292.99732584872,52399.47183681571
1983-09-20,91173.64560299764,52666.336285592486
1983-09-21,91078.45645036128,52650.23348146421
1983-09-22,91824.25237913193,52877.18335410176
1983-09-23,91256.68618521464,52713.50284798028
1983-09-26,91277.25216078194,52742.53815569955
1983-09-27,90055.50977005005,52224.65221225856
1983-09-28,89615.22981922605,52048.79421438955
1983-09-29,89389.77957811028,51968.424864442655
1983-09-30,88393.9627580274,51511.25264198156
1983-10-03,87647.09242004853,51163.45988250648
1983-10-04,87577.81950450291,51194.19514324826
1983-10-05,87347.96280003776,51153.73939103434
1983-10-06,87644.50794450451,51365.0791623095
1983-10-07,88089.78109450807,51640.68220561823
1983-10-10,88065.84395492318,51652.33645295387
1983-10-11,87252.90118273272,51304.49191099513
1983-10-12,85981.93332081717,50642.28454283795
1983-10-13,85582.14363927844,50443.763575828016
1983-10-14,85270.76078908089,50307.75554218116
1983-10-17,85236.6743626415,50315.90221569272
1983-10-18,83630.46525665143,49262.80806520625
1983-10-19,82434.00125050929,48609.16028408891
1983-10-20,82797.10649348258,48853.49265389826
1983-10-21,81980.29801306134,48548.939835296565
1983-10-24,80998.98393455228,48084.56637776439
1983-10-25,81573.40290003561,48396.652997079975
1983-10-26,81267.40628094882,48267.51998264687
1983-10-27,81104.45581704937,48207.86688351005
1983-10-28,80583.2946826821,47972.75525638101
1983-10-31,79964.61306187788,47697.66814224173
1983-11-01,79361.12071464352,47436.474563063945
1983-11-02,80009.54150354069,47809.39311666128
1983-11-03,79844.6519047246,47754.93380355506
1983-11-04,79265.26014042336,47462.45043121176
1983-11-07,78538.89242573483,47107.39610743193
1983-11-08,78054.73215634059,46839.20563538213
1983-11-09,78438.96417407143,47088.78959803748
1983-11-10,79053.28921217345,47451.32791861767
1983-11-11,80351.76952103701,48156.20297499244
1983-11-14,81071.77615882504,48570.91717727337
1983-11-15,80780.83096586102,48469.54898719949
1983-11-16,81113.55608316933,48647.95243281568
1983-11-17,81579.61166847244,48878.501490275616
1983-11-18,81475.60602040331,48883.13903572207
1983-11-21,82133.75338062386,49191.90608914906
1983-11-22,82692.85303083496,49453.76576279654
1983-11-23,82700.51152809021,49479.277276369816
1983-11-25,82991.34195168891,49619.49366795728
1983-11-28,82474.55580948232,49443.396230094695
1983-11-29,82456.68399933571,49470.64371649294
1983-11-30,82854.8386746757,49654.32837916687
1983-12-01,82944.38172727592,49725.03639730778
1983-12-02,82003.25318567027,49350.76586466732
1983-12-05,81390.47365721648,49105.10650125707
1983-12-06,81177.76671291095,49029.79024622146
1983-12-07,81123.32656832735,49048.34205221312
1983-12-08,80414.19246667776,48774.8484362082
1983-12-09,80350.61851420821,48765.57964713615
1983-12-12,80071.50969349076,48667.647164931775
1983-12-13,79479.82375621283,48491.480545153696
1983-12-14,78531.66715520764,48057.99902388048
1983-12-15,78061.39624357501,47873.11327698435
1983-12-16,78252.02750362075,47989.00317431495
1983-12-19,78060.42035531042,47915.3789725524
1983-12-20,77620.6379193421,47730.481834358434
1983-12-21,77973.7524981169,47926.35764525831
1983-12-22,78142.45410108089,48028.34641943743
1983-12-23,78217.9020097765,48086.87446185199
1983-12-27,78231.18532013017,48112.36088999928
1983-12-28,78146.76055800704,48094.38088001648
1983-12-29,78284.27936654878,48180.73326036696
1983-12-30,78809.2391610905,48449.68790489331
1984-01-03,78376.22142690964,48282.15426364753
1984-01-04,79647.64529379607,48864.15682866315
1984-01-05,81002.93810220195,49470.537194671895
1984-01-06,82460.84148192649,50071.72364314159
1984-01-09,82130.86857857989,49963.34503490591
1984-01-10,82251.08409491031,50027.15028836027
1984-01-11,82223.96907121953,50037.03572934303
1984-01-12,82163.30998744855,50029.532562008135
1984-01-13,81771.22191882717,49895.05300581021
1984-01-16,81483.86273382828,49798.83429936998
1984-01-17,81693.40100721408,49899.16483797817
1984-01-18,81801.40526702051,49961.236316892326
1984-01-19,81447.46068345926,49837.17900475646
1984-01-20,80507.25214389329,49476.53563929099
1984-01-23,78569.99717403392,48745.33508031253
1984-01-24,77969.77639521653,48506.42145977937
1984-01-25,77352.84558315206,48251.83970975736
1984-01-26,76609.16578190759,47950.26925330465
1984-01-27,75710.57036600949,47528.64393940724
1984-01-30,74417.63154102216,46842.54635379036
1984-01-31,74138.44773937999,46704.46879411521
1984-02-01,73524.32936356422,46357.59831398714
1984-02-02,73405.51072930398,46311.72521466312
1984-02-03,72793.61883877452,45938.729869162096
1984-02-06,71720.9931068709,45005.42439855945
1984-02-07,71537.1135048486,44862.06636584552
1984-02-08,71039.42596265617,44193.189409551145
1984-02-09,70494.86508480005,43799.223806164926
1984-02-10,71061.32791765421,44209.21326150707
1984-02-13,70056.08334749317,43606.40287387231
1984-02-14,70562.60695916975,43931.13217878511
1984-02-15,70618.6829831214,43984.38856933852
1984-02-16,70334.00458654603,43830.54292845472
1984-02-17,70132.6253778844,43742.82644113688
1984-02-21,69713.06073115591,43505.42661205431
1984-02-22,69470.5134679758,43367.222284626405
1984-02-23,68916.6788016928,43007.96238914829
1984-02-24,70100.55907374645,43766.139254274654
1984-02-27,70926.39792558213,44268.48059541881
1984-02-28,70114.99486412804,43787.370888502046
1984-02-29,70362.1147632863,43965.96583948271
1984-03-01,70458.53665459805,44128.90054077212
1984-03-02,71070.52395778772,44485.07020650389
1984-03-05,70525.14419853796,44193.67185706778
1984-03-06,70002.03724683744,43912.704342424135
1984-03-07,69149.61094073122,43377.54941188178
1984-03-08,69242.8431929159,43465.62978808605
1984-03-09,69043.15409792472,43353.498550541626
1984-03-12,69187.74429446654,43481.62820626195
1984-03-13,69408.65365035224,43644.582258143695
1984-03-14,69261.77344700969,43572.49481508473
1984-03-15,69448.24535210119,43712.82547751446
1984-03-16,70098.04234683851,44117.82326776719
1984-03-19,69570.31179063342,43819.380021460565
1984-03-20,69847.4681665395,44010.22518203991
1984-03-21,69728.14206320723,43967.73994311046
1984-03-22,69216.51562948836,43669.27170543055
1984-03-23,68971.61141266776,43532.738784963134
1984-03-26,68749.85426343574,43415.35802921815
1984-03-27,68664.83521922483,43381.56245021484
1984-03-28,69136.11211769596,43715.22593134176
1984-03-29,69276.94773810342,43824.246110553744
1984-03-30,68993.38129832735,43677.25125085031
1984-04-02,68544.48035183505,43507.60963254947
1984-04-03,68246.56079932222,43348.409656487165
1984-04-04,68117.01206195126,43284.99559850767
1984-04-05,67437.68055404091,42803.554804501706
1984-04-06,66991.94104763643,42491.045298556295
1984-04-09,66724.69812028093,42300.45082176888
1984-04-10,66758.32850701851,42407.71436314008
1984-04-11,66376.42722265897,42119.56012719934
1984-04-12,66448.18728170755,42254.69690063471
1984-04-13,66709.80413469073,42508.29688870672
1984-04-16,66646.40012608354,42486.66386313017
1984-04-17,66959.92170404177,42785.57536305216
1984-04-18,66880.70214368356,42767.430259766414
1984-04-19,66802.60600383511,42745.80178970968
1984-04-23,66453.71554644142,42499.419461259735
1984-04-24,66435.06701400614,42523.08183476624
1984-04-25,66363.35023030534,42496.21651770418
1984-04-26,66784.68402607215,42850.92767561599
1984-04-27,66966.00927135556,43020.9612867177
1984-04-30,67047.79070145501,43116.07910394625
1984-05-01,67786.88742104996,43608.48540473121
1984-05-02,68544.39862849365,44088.718689197296
1984-05-03,68315.13306832337,44009.611769463525
1984-05-04,67732.88457185905,43721.38574754482
1984-05-07,67830.79493246415,43802.58987625897
1984-05-08,68113.30876897718,43990.09956441014
1984-05-09,68130.8741195953,44022.51754840488
1984-05-10,68192.78117626271,44077.5913276282
1984-05-11,67461.5653061745,43670.82219934633
1984-05-14,66906.80606670181,43375.57380323258
1984-05-15,66899.89876175074,43399.26511769263
1984-05-16,66755.05670541196,43344.5230009851
1984-05-17,66084.5523254515,42899.35155385481
1984-05-18,65702.38736064664,42637.17701997632
1984-05-21,65361.17232520477,42383.70314889634
1984-05-22,64849.88027889349,41975.083179747526
1984-05-23,64602.03376758154,41763.41791842759
1984-05-24,64129.089028124064,41034.01399809171
1984-05-25,64077.24344933085,41007.09859633583
1984-05-29,63887.68879529079,40551.33729462732
1984-05-30,63624.218169910775,40433.75574515662
1984-05-31,63696.89006773685,40589.88008015617
1984-06-01,64224.81897569595,41127.811894086015
1984-06-04,65063.48291587925,41625.67335727064
1984-06-05,64936.40043344888,41570.87168933943
1984-06-06,65235.77547384663,41756.67738515606
1984-06-07,65333.73036666935,41827.413191444895
1984-06-08,65434.78421347623,41908.61622276089
1984-06-11,64705.78111579835,41520.77829815159
1984-06-12,64346.13041669957,41333.44789975081
1984-06-13,64528.03864944803,41463.46923568767
1984-06-14,63827.48848063534,41087.80053611988
1984-06-15,63806.32938588534,41092.26719487034
1984-06-18,64124.17628456305,41299.0221967874
1984-06-19,64407.83216345018,41483.11279434521
1984-06-20,64512.628806347086,41567.81154941944
1984-06-21,64928.00994097056,41812.95767192722
1984-06-22,65335.75480659363,42051.14048842136
1984-06-25,65190.22849099926,42006.79698577705
1984-06-26,64405.01064263004,41664.20802889422
1984-06-27,63863.79584608403,41372.18178767608
1984-06-28,64168.63857505248,41568.51790823702
1984-06-29,64548.03604540233,41801.48803493724
1984-07-02,63903.49946933433,41498.98160674871
1984-07-03,63985.08249385379,41566.25181037509
1984-07-05,63810.44361210716,41487.00260943319
1984-07-06,63443.92186404856,41294.36218235344
1984-07-09,63496.88489621365,41342.44598199496
1984-07-10,63225.20965353225,41214.33780550981
1984-07-11,62772.20506053083,40965.853697366336
1984-07-12,62569.92251689975,40862.1541685774
1984-07-13,62660.74151082653,40941.63379965804
1984-07-16,62344.829619841854,40771.63392745304
1984-07-17,62260.9186121432,40739.45516673274
1984-07-18,61796.3270084073,40518.843645754176
1984-07-19,61397.34375950821,40286.00954664365
1984-07-20,60987.86020623779,40021.75626910177
1984-07-23,60451.96594886499,39619.64790791174
1984-07-24,60156.077185481954,39388.519512480336
1984-07-25,59962.90677388656,39314.42621214427
1984-07-26,60198.16473438458,39622.47799665573
1984-07-27,60673.31271612211,40014.30736326711
1984-07-30,60553.528956719805,39954.181796084704
1984-07-31,60711.30736616118,40086.01597211343
1984-08-01,61627.593368972026,40723.950493536
1984-08-02,63367.52160826416,41688.26167316992
1984-08-03,65997.22494910819,42975.48913745388
1984-08-06,67074.76703465152,43505.32846443062
1984-08-07,66978.05561259559,43474.94735133631
1984-08-08,66538.74893707187,43289.23129728564
1984-08-09,67392.14497108558,43693.44728835614
1984-08-10,68179.89657431736,44061.02713079602
1984-08-13,67723.43168969231,43873.56723388046
1984-08-14,67413.13467304976,43748.93441593656
1984-08-15,67026.41062261187,43587.63772844812
1984-08-16,67239.86775251696,43698.64919748737
1984-08-17,67227.05737715092,43706.67103634746
1984-08-20,67141.28460880787,43681.52748788788
1984-08-21,68312.56259777569,44225.48806012776
1984-08-22,68490.03091414853,44319.0664279421
1984-08-23,68565.1545906887,44365.51167686567
1984-08-24,68802.39046507122,44481.794666055015
1984-08-27,68177.01591739773,44222.71513203899
1984-08-28,68581.2950835,44412.32904945651
1984-08-29,68724.74013385817,44490.20974955474
1984-08-30,68591.79934441384,44447.61866333925
1984-08-31,68587.032753355,44462.64571320316
1984-09-04,67280.07416700883,43896.222416607496
1984-09-05,66949.94993564839,43761.06882979139
1984-09-06,67551.06858939718,44043.24617899531
1984-09-07,67311.70928237526,43949.99727332624
1984-09-10,66836.34946600843,43750.22428795133
1984-09-11,67298.17958237766,43973.04767088123
1984-09-12,67133.79776877916,43912.97139606829
1984-09-13,67852.43956463755,44244.08451168199
1984-09-14,68733.22456957231,44639.83307336592
1984-09-17,68611.50996590548,44604.21883566009
1984-09-18,68018.26963903282,44360.76995839028
1984-09-19,67600.58569741859,44190.661786786346
1984-09-20,67619.59761346385,44212.674927380576
1984-09-21,67413.7607662498,44135.126721091416
1984-09-24,66650.47899618311,43807.80339765208
1984-09-25,66311.54628569035,43670.85386245105
1984-09-26,66368.93544939806,43710.32267300466
1984-09-27,66365.11932436284,43721.843803759
1984-09-28,66197.95284369658,43661.74673836616
1984-10-01,65471.95249346565,43299.43304988075
1984-10-02,64806.33569885601,42993.00508402132
1984-10-03,64321.89733665135,42768.66772515164
1984-10-04,64431.36524982064,42837.8194954755
1984-10-05,64493.87959194014,42884.264612994
1984-10-08,64148.989125067215,42728.045262313135
1984-10-09,63953.55830969868,42646.94682295893
1984-10-10,63630.912138249325,42508.18719217067
1984-10-11,64100.50332442386,42755.558374707645
1984-10-12,64614.92958915945,43018.666018307566
1984-10-15,65141.376442562985,43281.78612858579
1984-10-16,64929.03387943562,43212.92383142234
1984-10-17,64814.83217546975,43179.00546921765
1984-10-18,65810.60169252896,43651.839206965626
1984-10-19,66325.13873438335,43897.52348328188
1984-10-22,66062.0879596028,43793.71948838332
1984-10-23,66034.52319113292,43794.76219599019
1984-10-24,66087.476022577,43830.75631938458
1984-10-25,65371.079421202696,43517.22457319182
1984-10-26,64741.9394909261,43238.63087860985
1984-10-29,64380.443183118965,43082.36649414164
1984-10-30,64726.23590437896,43258.16859943429
1984-10-31,64509.29339857431,43171.808316234696
1984-11-01,64888.93056537306,43347.62086548627
1984-11-02,64862.419781936,43348.65295169735
1984-11-05,64985.55036741667,43419.60117781054
1984-11-06,65764.50173334032,43787.70997673577
1984-11-07,65469.29555598627,43666.39220850761
1984-11-08,65326.60398127747,43614.989727740096
1984-11-09,65288.87761138783,43616.02817987647
1984-11-12,65183.82668770503,43582.10444218711
1984-11-13,64588.65616541102,43320.91525268415
1984-11-14,64262.89511745752,43182.08849489446
1984-11-15,63864.84276515131,43008.29037064853
1984-11-16,63509.70474676206,42851.96804084743
1984-11-19,62690.90090076555,42468.35001312216
1984-11-20,62770.02861096904,42521.81334598112
1984-11-21,62674.183134515326,42487.857706746414
1984-11-23,63485.19734486798,42891.018303427365
1984-11-26,63313.8539077855,42822.09740731755
1984-11-27,66115.61673522706,44117.04887473497
1984-11-28,65466.86802755798,43838.32303565515
1984-11-29,62800.15919789295,42580.34887180493
1984-11-30,62390.26968190946,42389.00686356208
1984-12-03,61943.03889959941,42127.707908236094
1984-12-04,61883.3203469631,42111.22491649349
1984-12-05,61194.75358946796,41744.97744746993
1984-12-06,61225.2294137311,41780.94778187504
1984-12-07,61322.67516213144,41851.89971182839
1984-12-10,65150.44102798529,43759.229013034055
1984-12-11,61485.26259108044,41766.446160238
1984-12-12,61356.85309831615,41714.9696565972
1984-12-13,61210.39591058762,41646.00172443856
1984-12-14,61425.01092922769,41804.41096245238
1984-12-17,61250.11931268277,41717.94937887084
1984-12-18,62679.18475206522,42558.5497255671
1984-12-19,63332.36862432809,42926.897852432216
1984-12-20,63004.92444261815,42770.487374472345
1984-12-21,63072.462687210784,42823.985378867954
1984-12-24,63376.37190932428,42999.93957618268
1984-12-26,63619.22574643549,43140.91489956176
1984-12-27,63182.70185888008,42932.00847449973
1984-12-28,63318.911393342685,43020.50419725244
1984-12-31,63702.61352528344,43231.47209590975
1985-01-02,63250.09948320319,43022.55284135384
1985-01-03,63380.691406193815,43111.0569639973
1985-01-04,63236.3630771929,43059.5964406585
1985-01-07,63138.51735610251,43025.625957221695
1985-01-08,63144.51271366305,43044.14864980357
1985-01-09,63573.73045265656,43272.6431227014
1985-01-10,64785.670914216935,43868.60557369312
1985-01-11,65323.485354066834,44132.12676618297
1985-01-14,66568.92704708705,44710.64047627348
1985-01-15,67453.64499852149,45114.18613983828
1985-01-16,68396.17716218544,45535.25700273276
1985-01-17,68782.052510299,45711.34215502081
1985-01-18,69541.03904282146,46044.93919961995
1985-01-21,70892.43964356472,46623.56395224869
1985-01-22,71718.58569727496,46974.70080152245
1985-01-23,72681.62952428596,47378.3627431764
1985-01-24,73352.23941489164,47659.52116615709
1985-01-25,74071.08888847788,47958.20190048727
1985-01-28,74488.02745155095,48134.37369638065
1985-01-29,74995.51463430712,48345.56279294618
1985-01-30,76035.65599313215,48766.804574722846
1985-01-31,76059.85374515773,48785.47099421289
1985-02-01,75905.16556293056,48734.11538782959
1985-02-04,76952.72824252537,49155.396349073926
1985-02-05,77740.43468933993,49471.668629246895
1985-02-06,78578.06811321701,49805.45751838501
1985-02-07,79739.75209291419,50261.80854200071
1985-02-08,80314.82378381655,50490.5905396696
1985-02-11,79832.03681595867,50316.72129711349
1985-02-12,79443.06856756994,50177.860985565065
1985-02-13,80199.75702449796,50476.688086892544
1985-02-14,80224.05899759062,50495.39937206985
1985-02-15,79880.11414086325,50374.04319788671
1985-02-19,79491.25992455133,50235.16557178744
1985-02-20,79652.81936056404,50306.39915167221
1985-02-21,79493.86235447004,50255.068881678126
1985-02-22,79106.40082609613,50116.18375274854
1985-02-25,78081.82958616057,49732.135166696105
1985-02-26,78513.15859865832,49908.432417147866
1985-02-27,78083.65833471213,49752.01620593487
1985-02-28,78107.90943525088,49770.71399554553
1985-03-01,79443.29682374031,50297.27598500616
1985-03-04,79375.98761590398,50280.959491929854
1985-03-05,79354.38437802458,50282.15665763203
1985-03-06,78602.72423634626,50003.13178343064
1985-03-07,77538.20239651873,49601.497140800006
1985-03-08,77157.45926360654,49462.557704276594
1985-03-11,76598.69953053659,49253.557746681305
1985-03-12,76667.30272306812,49289.75822163978
1985-03-13,75218.27625841915,48730.42600476775
1985-03-14,74889.36567177219,48608.96982036617
1985-03-15,75089.22658830808,48697.71090619653
1985-03-18,74672.72014442548,48541.21698489829
1985-03-19,75442.72972382778,48857.6870410582
1985-03-20,75378.356376668,48841.3312550877
1985-03-21,75446.42003881454,48877.53310693426
1985-03-22,75382.06555285265,48861.17695938746
1985-03-25,74215.02742666623,48406.83884674032
1985-03-26,74151.57889645884,48390.476000399714
1985-03-27,74742.89359379237,48636.9082706452
1985-03-28,74986.05814642829,48743.190359910775
1985-03-29,75405.34470451894,48919.56007173556
1985-04-01,75870.72922924324,49113.455193513415
1985-04-02,75585.75734129224,49009.49835621264
1985-04-03,74772.04502074565,48695.263066042535
1985-04-04,74533.72096561859,48608.809551311286
1985-04-08,74121.03619731078,48452.26094546936
1985-04-09,74145.62017439127,48470.93906195483
1985-04-10,75085.2095868144,48857.6143758004
1985-04-11,75636.62616674541,49086.59614616086
1985-04-12,75837.5802654817,49175.38821465578
1985-04-15,76038.78554154103,49264.18447980004
1985-04-16,76549.75988645517,49475.66023998146
1985-04-17,76973.86484455228,49652.09739724573
1985-04-18,76864.85823100955,49618.23013451586
1985-04-19,76711.47949169435,49566.82806190017
1985-04-22,76247.37951843452,49392.736547664565
1985-04-23,76581.69695787765,49534.13646640037
1985-04-24,76783.69153019121,49622.95586368859
1985-04-25,77163.63298892918,49781.89206571076
1985-04-26,77188.17703953438,49800.60725396478
1985-04-29,76277.12906079624,49451.20793389467
1985-04-30,75594.11276905093,49189.4402521648
1985-05-01,75135.67913796636,49015.3105056422
1985-05-02,74854.29922060159,48911.29339940872
1985-05-03,75403.74977767772,49140.3578979473
1985-05-06,75209.5640949506,49071.403596492775
1985-05-07,75628.95249029525,49247.88959335064
1985-05-08,75698.09074477661,49284.12866020396
1985-05-09,76646.40689957277,49671.015995356654
1985-05-10,78487.34696024934,50408.58721079816
1985-05-13,78737.18094313938,50514.989015241925
1985-05-14,78537.4299408373,50446.05747033002
1985-05-15,78877.09155876866,50587.530476798674
1985-05-16,79442.67482205768,50816.68354526332
1985-05-17,80281.83358352364,51151.06442366627
1985-05-20,81535.4996810959,51643.27424989636
1985-05-21,81239.33084613601,51539.28728203612
1985-05-22,80806.49676954557,51382.68846390787
1985-05-23,80420.859602999,51243.61997203367
1985-05-24,80355.03840662676,51227.301815412575
1985-05-28,79788.97814143675,51018.06829079733
1985-05-29,79633.04891224552,50966.67111936215
1985-05-30,79224.78734748522,50845.11347875133
1985-05-31,79468.56081781046,51004.17262019031
1985-06-03,79530.88255897645,50970.31169219248
1985-06-04,79637.97988724733,51041.68292125073
1985-06-05,79891.98277918059,51183.21683608074
1985-06-06,79891.99981656045,51201.977068388864
1985-06-07,79526.93726833347,51045.32885299865
1985-06-10,79348.0629042897,50993.92230888552
1985-06-11,79229.70636571174,50960.05077215676
1985-06-12,78906.9137578392,50820.92875886145
1985-06-13,77899.59683658746,50330.94262948093
1985-06-14,78236.91091932017,50525.11535007464
1985-06-17,77991.66770343292,50421.05660126546
1985-06-18,78120.01678146185,50509.976409627816
1985-06-19,78185.19404441575,50563.81507573252
1985-06-20,77869.17593398668,50424.65819816536
1985-06-21,78273.73445082032,50653.94848725846
1985-06-24,78698.56579010919,50883.24428742587
1985-06-25,79492.69036094565,51288.01041644129
1985-06-26,79856.60492580228,51482.242599065255
1985-06-27,80564.01925263519,51816.8560584653
1985-06-28,80881.84541537122,51976.01880579988
1985-07-01,80826.09846252864,52029.89701380553
1985-07-02,80953.24913257176,52101.32685372798
1985-07-03,81079.53656949321,52172.76006332446
1985-07-05,81581.92003663002,52402.14067142306
1985-07-08,81209.78244087499,52262.99091614744
1985-07-09,80919.6050519705,52158.94138495082
1985-07-10,81417.08106677856,52388.3326060607
1985-07-11,82240.78252457312,52740.59055103891
1985-07-12,83044.62441544501,53075.313168383545
1985-07-15,83270.47042310645,53181.88610074003
1985-07-16,84239.05224555409,53569.29358567643
1985-07-17,85415.53100498952,54026.921764274135
1985-07-18,84946.94780854137,53870.235729164175
1985-07-19,85324.58815525146,54029.49451649182
1985-07-22,84794.27787939018,53855.24650593486
1985-07-23,84467.99129562613,53751.20988725562
1985-07-24,83286.22823099361,53313.63265849957
1985-07-25,83560.2893839645,53437.78173159206
1985-07-26,83600.80126203982,53474.16644106
1985-07-29,81920.48352551537,52825.88262752743
1985-07-30,81751.25218787976,52774.47464964025
1985-07-31,81976.01746047534,52898.62261913281
1985-08-01,83062.03166498596,53373.91773110129
1985-08-02,83098.4222572541,53462.97458756615
1985-08-05,81935.95982554439,53042.86553622856
1985-08-06,81048.03465444091,52710.52661209588
1985-08-07,80133.52741062224,52360.61224109843
1985-08-08,80299.54571854632,52449.65337253957
1985-08-09,80426.66716884045,52521.1383317091
1985-08-12,80036.0079588118,52381.907820296256
1985-08-13,79438.54867261158,52154.87527835504
1985-08-14,79656.33437449929,52261.48151731224
1985-08-15,79619.3228286446,52262.72583830075
1985-08-16,79113.62699563245,52070.793723091214
1985-08-19,78698.1921981943,51913.9782036045
1985-08-20,78969.82319597887,52055.710015216806
1985-08-21,79494.1235905214,52285.26717501419
1985-08-22,79113.76806867792,52146.00427127426
1985-08-23,78990.89762733041,52112.12207639571
1985-08-26,78774.91167866849,52043.10291454208
1985-08-27,78608.20848489851,51991.65119491356
1985-08-28,79000.11420646071,52168.53656162366
1985-08-29,79092.65929339587,52222.472016928376
1985-08-30,79229.90109774376,52293.98202407792
1985-09-03,78678.37231346269,52102.00005457868
1985-09-04,78213.89051177991,51927.5763876194
1985-09-05,78043.48336428897,51876.10902568154
1985-09-06,78388.9680555052,52035.453776822746
1985-09-09,78304.04523473774,52019.123969532535
1985-09-10,77591.3038508796,51739.27196240264
1985-09-11,76310.8308114304,51195.878862139645
1985-09-12,75681.44847605024,50933.56376942053
1985-09-13,74632.72342210868,50460.40706162145
1985-09-16,73962.9275846614,50145.34926308824
1985-09-17,72562.96681076493,49391.02675177385
1985-09-18,72486.91611773067,49374.6310316008
1985-09-19,73291.82173058309,49832.65481037063
1985-09-20,73518.73838394348,49974.4108179542
1985-09-23,74053.92081013117,50274.32470123914
1985-09-24,73335.56583652894,49924.075895417445
1985-09-25,72568.90887761014,49521.0889699816
1985-09-26,72051.52348590657,49241.10219266545
1985-09-30,72039.44932052933,49259.84386406269
1985-10-01,72412.68331510891,49524.62631083081
1985-10-02,72169.14753600574,49420.36342468135
1985-10-03,72180.11700462596,49456.68649879907
1985-10-04,71866.82844830366,49299.68807251922
1985-10-07,71205.85184300157,48914.19550897493
1985-10-08,70814.03589305753,48686.87339227616
1985-10-09,71127.1014204496,48916.52480964045
1985-10-10,71396.24294166718,49111.03651795663
1985-10-11,72087.61224079112,49534.06048285211
1985-10-14,72869.00651196203,49974.6832881382
1985-10-15,73060.03454133675,50098.922369591615
1985-10-16,73623.26477106004,50398.95302419034
1985-10-17,74173.73496100659,50681.41247244746
1985-10-18,74146.53898551305,50700.19964723849
1985-10-21,73841.10304278658,50578.351274198125
1985-10-22,74098.69688532378,50720.1952908727
1985-10-23,74557.99708677805,50949.9493087993
1985-10-24,74831.54075518853,51091.81421126874
1985-10-25,74352.91852592025,50899.63320784064
1985-10-28,74187.21543293832,50848.10151620468
1985-10-29,74892.59269109557,51183.37538878316
1985-10-30,75336.64504555947,51395.58377600638
1985-10-31,75378.0884871793,51431.97595308813
1985-11-01,75994.73410858048,51714.53890151956
1985-11-04,75998.3459349152,51733.355271208384
1985-11-05,76429.09597142188,51928.01130537573
1985-11-06,76990.82359570244,52175.43964936907
1985-11-07,77304.71044909833,52317.3617771343
1985-11-08,78397.39494281836,52758.24912421134
1985-11-11,79428.78851185467,53163.98303621365
1985-11-12,80389.55741241004,53534.56638873918
1985-11-13,80110.15760237604,53447.90644922534
1985-11-14,80697.68183441526,53677.8175786104
1985-11-15,81145.99041842535,53854.97312985354
1985-11-18,81060.35644768579,53838.66614943681
1985-11-19,81408.87261108427,53980.65457209885
1985-11-20,81423.4313654932,53999.52990409892
1985-11-21,82531.52645734731,54405.37019874066
1985-11-22,83248.84670526946,54670.51315124451
1985-11-25,82708.84189462992,54495.912271253605
1985-11-26,82976.97556366006,54620.34667265903
1985-11-27,84223.95735922882,55061.42450551471
1985-11-29,84670.50066188052,55238.65058607928
1985-12-02,84108.79445040389,55064.04652266319
1985-12-03,84126.4407332183,55082.95099227341
1985-12-04,85983.80516392534,55717.60313596836
1985-12-05,86747.64584264958,55982.82744522754
1985-12-06,85860.88849879715,55702.661745654805
1985-12-09,85988.3324562743,55756.76790549901
1985-12-10,86123.50968908105,55828.47211934787
1985-12-11,86922.20834404856,56111.32011932197
1985-12-12,87815.65356480729,56411.77786851903
1985-12-13,89643.55846702222,57011.37333544276
1985-12-16,90275.61930132116,57223.88613163109
1985-12-17,89192.13851312656,56890.91042357181
1985-12-18,88719.39348869973,56751.49158338484
1985-12-19,88798.63324302108,56788.03968095292
1985-12-20,88987.9578248394,56859.7818248781
1985-12-23,88132.92057410452,56597.1626452204
1985-12-24,87337.15900992842,56352.13059236538
1985-12-26,87361.63488221898,56371.06705385793
1985-12-27,88693.03896085291,56812.3957129284
1985-12-30,88827.40681044907,56866.55123791543
1985-12-31,89785.6689185409,57184.70834833866
1986-01-02,89810.7967851765,57203.67167408603
1986-01-03,90167.24062805247,57328.24372306526
1986-01-06,90303.00597632938,57382.41117638177
1986-01-07,92321.5473521445,58035.0523378298
1986-01-08,91395.1383149843,57754.79495427037
1986-01-09,88526.22810587556,56858.42608399621
1986-01-10,89262.69140612273,57106.223972087006
1986-01-13,89122.77694328013,57072.37957699913
1986-01-14,89422.25176416428,57179.35853290269
1986-01-15,91263.50443875068,57779.27666510165
1986-01-16,92233.70416768518,58097.53837318128
1986-01-17,92594.12810389264,58222.160999600485
1986-01-20,91891.39830377063,58012.27629704683
1986-01-21,91303.0392149493,57837.59600515897
1986-01-22,90327.83832637354,57539.65918138968
1986-01-23,90242.39251391466,57523.42647634661
1986-01-24,91427.37323658288,57912.15598450612
1986-01-27,92119.51736540347,58142.4398760112
1986-01-28,93427.77986929988,58566.42111766902
1986-01-29,94576.36131041436,58937.5985976116
1986-01-30,94318.78993503336,58868.56124787867
1986-01-31,95133.7525992152,59134.10540226424
1986-02-03,96066.34572857677,59434.88412752448
1986-02-04,96263.12112573192,59506.73951311475
1986-02-05,96801.89652429172,59684.26388859757
1986-02-06,97856.13751080052,60020.29615272925
1986-02-07,98628.6314530859,60268.29176538937
1986-02-10,99634.46624700168,60586.7407095534
1986-02-11,100123.738131372,60746.69399764561
1986-02-12,100904.34386247616,60994.71907273698
1986-02-13,101804.28306089008,61277.98457149531
1986-02-14,103117.605026059,61684.561389525465
1986-02-18,104380.0029708659,62073.53692520845
1986-02-19,104168.69947499906,62022.17348272024
1986-02-20,104726.87464294376,62199.79951214924
1986-02-21,106205.78606065612,62650.46971701933
1986-02-24,105962.56555334266,62590.305139659846
1986-02-25,105689.880452341,62521.331717992136
1986-02-26,105894.10458752813,62593.28566775369
1986-02-27,107529.06785943208,63088.05589403825
1986-02-28,108335.23319501664,63336.2010838418
1986-03-03,108482.80427528756,63390.56051332537
1986-03-04,109776.17296697068,63779.674069392895
1986-03-05,108408.1961356788,63393.57920346691
1986-03-06,109399.3740483353,63694.615706556055
1986-03-07,109789.50030177528,63819.47113442155
1986-03-10,110786.41438052032,64120.52661665683
1986-03-11,112883.52455682815,64738.76625800107
1986-03-12,114262.25768819435,65145.58895896486
1986-03-13,114659.89137247714,65270.485237584326
1986-03-14,115491.47557931616,65518.74092326567
1986-03-17,114337.7959179632,65203.10633238243
1986-03-18,115229.78646292476,65468.99570485881
1986-03-19,115318.51751242547,65505.80239981955
1986-03-20,115903.63642116776,65683.59504603902
1986-03-21,115805.88290034512,65667.53414859058
1986-03-24,114589.30533159652,65334.24014108379
1986-03-25,113688.61562064497,65089.04759775611
1986-03-26,114454.16064780513,65319.72529931906
1986-03-27,116086.74863435836,65797.16304399769
1986-03-31,116921.88305600872,66045.49534804659
1986-04-01,116576.24990237584,65958.93669731537
1986-04-02,116480.44663847696,65942.87941960558
1986-04-03,116696.0672505385,66014.9567024217
1986-04-04,115229.1649572086,65611.09832804254
1986-04-07,113276.6016009576,65066.19408489407
1986-04-08,115699.25292948844,65772.87677236678
1986-04-09,116348.24168476672,65968.36014706652
1986-04-10,118180.36629999906,66498.80595321459
1986-04-11,119211.65389137653,66800.08901642288
1986-04-14,120372.97779352436,67136.64851943668
1986-04-15,120907.39981505636,67296.92512210489
1986-04-16,124610.43027396422,68338.74601715163
1986-04-17,126117.78877399211,68763.52217749946
1986-04-18,126146.23466970216,68782.79215272305
1986-04-21,126692.05284333431,68943.11759049876
1986-04-22,126331.63341994672,68856.59653883499
1986-04-23,125389.50707470688,68611.37602031123
1986-04-24,126900.30358024946,69036.20901050871
1986-04-25,127382.45893839996,69178.92073610867
1986-04-28,126761.3935470804,69021.8612298553
1986-04-29,125299.97352473169,68635.5464234322
1986-04-30,121400.66622839974,67579.07868732193
1986-05-01,120416.03935040475,67316.1558372173
1986-05-02,121328.5315415623,67582.29680174943
1986-05-05,123067.40823344498,68077.72010039471
1986-05-06,123224.02318514592,68132.24899072877
1986-05-07,122551.33467614387,67957.49984065727
1986-05-08,123852.69295234604,68329.50762193327
1986-05-09,124904.793782433,68630.98221473402
1986-05-12,124227.5833762211,68456.23237122313
1986-05-13,123296.32994794993,68210.91998316982
1986-05-14,123644.18691461504,68318.37515016504
1986-05-15,122523.92405923318,68020.13090164337
1986-05-16,121917.45953937295,67862.99082877564
1986-05-19,121249.278452351,67688.20165280705
1986-05-20,122226.30214170844,67972.06364583776
1986-05-21,122699.43496299969,68114.81594277515
1986-05-22,124889.40782935772,68733.8991383289
1986-05-23,126328.77981529378,69141.30343823973
1986-05-27,128227.2843778244,69672.2273161553
1986-05-28,129684.82667222696,70079.67853383959
1986-05-29,130170.676578992,70222.49232832738
1986-05-30,130711.85403658565,70612.33097667787
1986-06-02,130288.89340866538,70472.85491128762
1986-06-03,130259.95808038952,70492.178594369
1986-06-04,130058.47476259145,70423.27765244564
1986-06-05,130325.86074362748,70583.76301426099
1986-06-06,130375.96674275013,70638.37924826224
1986-06-09,128688.04626844138,69651.86923013965
1986-06-10,128126.74890161672,69318.2343525201
1986-06-11,128846.08442380888,69778.71329482412
1986-06-12,129106.41197990176,69974.49965913457
1986-06-13,129993.97994669613,70523.25620045043
1986-06-16,129548.92980854052,70330.80116374773
1986-06-17,128787.77895082429,69944.19811292987
1986-06-18,128398.436992266,69751.72539225686
1986-06-19,128714.64624602112,69965.17964634071
1986-06-20,128790.12020993856,70055.09621644832
1986-06-23,128680.6254476531,70039.11255141304
1986-06-24,129342.56139843122,70411.45194461214
1986-06-25,130520.0151086256,70995.62799222273
1986-06-26,130730.02091958853,71120.8778822628
1986-06-27,130923.3680694575,71246.1390782617
1986-06-30,131671.70234042403,71583.23488802252
1986-07-01,132813.0302934893,71955.65498484977
1986-07-02,133618.58418326927,72292.7835808774
1986-07-03,134359.95095456936,72594.62355452252
1986-07-07,130709.58863554202,70795.60777508243
1986-07-08,128899.86378374993,68978.85474170122
1986-07-09,129370.46636188644,69457.18416716211
1986-07-10,129026.07709492024,69211.6603920783
1986-07-11,128829.09612916491,69142.68522313598
1986-07-14,128021.97317236476,67943.68919401806
1986-07-15,126125.93587567726,66868.24126044156
1986-07-16,126309.69402923984,67046.40647762411
1986-07-17,126778.75732164676,67383.49863046767
1986-07-18,126555.53193968604,67296.81225321343
1986-07-21,126040.1770704637,67015.87635667219
1986-07-22,126080.61580761106,67088.10686476594
1986-07-23,126014.71829576515,67089.70420064367
1986-07-24,125535.99799529904,66879.38681307646
1986-07-25,125797.84750502338,67075.23766985834
1986-07-28,124626.17624750356,66193.80099967288
1986-07-29,123839.23383039417,65700.8683957935
1986-07-30,123570.51967131624,65490.49226108844
1986-07-31,123616.92470839011,65598.02431033687
1986-08-01,123940.49582708409,65475.952843782485
1986-08-04,123150.00691757916,64771.00032282399
1986-08-05,122887.41651178444,64790.20138912601
1986-08-06,122160.00385131183,64420.81204553917
1986-08-07,122182.47946006712,64493.001017699535
1986-08-08,122353.88033979895,64618.18465916803
1986-08-11,123773.05403395416,65343.98497070325
1986-08-12,125026.35934115632,65946.16028172986
1986-08-13,126448.31575090023,66583.69771284178
1986-08-14,127524.23688448692,67044.60387541054
1986-08-15,127783.4997977276,67169.86826806767
1986-08-18,127336.01719473102,67012.4603981215
1986-08-19,127065.80066121582,66925.71891397015
1986-08-20,127947.884020066,67298.33778666405
1986-08-21,128029.18117856812,67352.94809319849
1986-08-22,128110.2851692119,67407.55556903116
1986-08-25,127109.05023779043,67020.43850533108
1986-08-26,127588.7516490902,67234.07047291347
1986-08-27,128080.06349028784,67447.7125595315
1986-08-28,128349.79304868466,67573.00764340002
1986-08-29,128533.69469421128,67662.97035393021
1986-09-02,127402.43954969732,67169.79032441707
1986-09-03,126832.73295130883,66959.32812910985
1986-09-04,127698.40756965228,67332.03614921923
1986-09-05,126551.97775469624,66874.15450304178
1986-09-08,124156.86573008286,65744.68388129695
1986-09-09,123292.9216250953,65322.09105875885
1986-09-10,122343.7207999482,64828.77879245478
1986-09-11,120484.7534269152,62444.31213081504
1986-09-12,119921.50180412778,61296.95077426889
1986-09-15,119367.06407153302,61139.33616690868
1986-09-16,118670.38958226536,60751.93548364294
1986-09-17,119464.48531673828,61319.00626508201
1986-09-18,119979.76752745605,61620.965120083405
1986-09-19,120164.3163119006,61763.84370021654
1986-09-22,121275.63242630853,62330.98415128498
1986-09-23,121513.79880005654,62473.88633232373
1986-09-24,121853.4856346879,62669.83237248235
1986-09-25,120704.76609228327,62140.97332060804
1986-09-26,120674.77001941486,62160.13274415078
1986-09-29,119399.80242518234,61489.79921342804
1986-09-30,120350.41450454178,62003.977244746784
1986-10-01,120902.4532296312,62288.33019478821
1986-10-02,120968.8760262573,62342.8579287798
1986-10-03,120990.71026746614,62379.700847027016
1986-10-06,121055.08169262658,62451.91568158268
1986-10-07,120707.5337016846,62311.94545656754
1986-10-08,120841.3850484682,62401.83989516751
1986-10-09,120868.6859412622,62438.69298093412
1986-10-10,120945.91971158392,62510.91055860853
1986-10-13,121099.0452816874,62618.50054833605
1986-10-14,120943.83285869336,62566.936688343456
1986-10-15,121629.10384039432,62904.431779580686
1986-10-16,121854.41386128547,63029.71907097299
1986-10-17,121539.86337047748,62907.42727016188
1986-10-20,120666.24128380416,62519.84127870675
1986-10-21,120473.85166262172,62450.587116736286
1986-10-22,120727.75013164357,62593.56286723456
1986-10-23,121590.12771008916,63001.852690583575
1986-10-24,121738.92837702628,63091.78879664289
1986-10-27,121656.8029217052,63075.60226959966
1986-10-28,121843.31817908042,63183.23347430013
1986-10-29,122333.10205775776,63414.68584772392
1986-10-30,123403.16637284256,63876.10805106149
1986-10-31,123227.15747717684,63824.557734654416
1986-11-03,123245.89744359984,63879.14980775417
1986-11-04,123552.63301018132,64022.1898182853
1986-11-05,123595.54113058756,64059.09746561723
1986-11-06,123163.40895814815,63901.404798319774
1986-11-07,123015.85429002396,63867.541264286265
1986-11-10,122529.15845274478,63692.14352317668
1986-11-11,123041.74620663733,63923.65725025145
1986-11-12,122956.78467818732,63907.49087977471
1986-11-13,121567.51439990533,63342.83102483822
1986-11-14,121734.1010705845,63432.8068285778
1986-11-17,121115.4379368088,63186.60292876901
1986-11-18,119347.98852691312,62391.86063879318
1986-11-19,118301.7551854559,61897.88856089072
1986-11-20,119129.12197515849,62324.051996841015
1986-11-21,120055.2210363244,62767.92694370357
1986-11-24,120569.5770896089,63017.16517792891
1986-11-25,120894.35419318144,63177.9328235284
1986-11-26,121331.86814429666,63391.80201969711
1986-11-28,121884.94867806572,63641.0727466703
1986-12-01,120832.76394800848,63341.72427643178
1986-12-02,122029.03740406485,63838.78421719523
1986-12-03,123000.50412215028,64247.36939326175
1986-12-04,123465.0036561609,64443.58917095563
1986-12-05,122909.2299097937,64250.42884223024
1986-12-08,121965.93278325156,63897.96176122029
1986-12-09,121044.9339596422,63545.47781294522
1986-12-10,121040.4898820153,63564.692571075175
1986-12-11,120386.32103720504,63318.3915351593
1986-12-12,119549.75902972356,63001.26825130817
1986-12-15,118329.64258278938,62489.41257334829
1986-12-16,118596.2798191724,62632.51732089138
1986-12-17,117952.09371409193,62368.46651584075
1986-12-18,117555.7315087226,62210.62351696117
1986-12-19,117827.5199552307,62353.73716049747
1986-12-22,117421.51074183465,62195.88081983043
1986-12-23,116430.68460295533,61754.749355739536
1986-12-24,116686.90220124427,61897.86228712357
1986-12-26,116733.8872371588,61952.44989807444
1986-12-29,115986.9310152296,61617.51661478812
1986-12-30,115675.71008700112,61495.03825657077
1986-12-31,116187.57909553968,61762.10150456014
1987-01-02,118056.68330455534,62542.68545966984
1987-01-05,121506.33020361964,63960.76988941906
1987-01-06,123659.42207747173,64812.267583061
1987-01-07,126746.52104449007,65947.13892067414
1987-01-08,129267.72470496224,66851.85306625848
1987-01-09,130907.96550987689,67420.13814360125
1987-01-12,133449.66697398518,68271.79809923016
1987-01-13,133905.09985721347,68432.81194920871
1987-01-14,135846.1813620577,69072.01517503496
1987-01-15,137265.1300951639,69534.14092897154
1987-01-16,135717.32814792532,69057.59215735992
1987-01-19,137191.95692164326,69537.4521968035
1987-01-20,136875.5107360296,69450.54767325484
1987-01-21,135439.63466015577,69009.38981553905
1987-01-22,137419.90103053764,69648.69773363046
1987-01-23,136819.57295908133,69473.22303603028
1987-01-26,134441.29838283893,68730.89863991055
1987-01-27,135956.05912910926,69228.52910325839
1987-01-28,136591.93531966634,69442.75437852445
1987-01-29,135996.8206997266,69267.25789381955
1987-01-30,136578.83822189324,69463.77771899491
1987-02-02,139446.3476367364,70368.9401235028
1987-02-03,140679.31305247912,70760.36979152806
1987-02-04,142794.99555107267,71417.57343054902
1987-02-05,144230.39729956348,71862.20099079722
1987-02-06,144967.3915231428,72094.23739661355
1987-02-09,144282.91320426128,71901.0556651903
1987-02-10,142893.6603162415,71495.2477446531
1987-02-11,145687.79614809965,72347.44893793266
1987-02-12,146192.42571098736,72508.64852853563
1987-02-13,148135.09462018803,73095.1199099996
1987-02-17,151549.3168341396,74106.90409002513
1987-02-18,150843.58147682602,73913.74256108805
1987-02-19,150750.72139193455,73897.78046225334
1987-02-20,150840.57897781054,73934.98467701761
1987-02-23,149587.76437241325,73582.31079355728
1987-02-24,150893.72955062456,73973.94650009662
1987-02-25,153064.30246465732,74613.72087221223
1987-02-26,154204.5771236438,74952.23281515064
1987-02-27,155474.8451227807,75326.20975120405
1987-03-02,154757.116939335,75133.04019596266
1987-03-03,154538.36668300536,75081.65853002603
1987-03-04,156431.15203188063,75632.91171347155
1987-03-05,157837.68437212013,76042.38713666935
1987-03-06,158119.55340732663,76132.82516053169
1987-03-09,156387.51576001773,75656.03585082825
1987-03-10,157980.90119786438,76118.7232220489
1987-03-11,159206.68769195714,76475.07085114862
1987-03-12,159869.21953169888,76671.89179255097
1987-03-13,159519.49258861603,76585.07928859042
1987-03-16,158790.64588684958,76391.89335708217
1987-03-17,161219.08471849776,77085.12071030165
1987-03-18,161249.59825411582,77104.68602150922
1987-03-19,162553.4734526473,77478.83804310673
1987-03-20,164183.19755968056,77941.65635127119
1987-03-23,163120.09864882557,77659.82892904141
1987-03-24,163150.61941179895,77679.40960932452
1987-03-25,162732.61667339387,77574.87217720597
1987-03-26,163466.86822584743,77789.49815470702
1987-03-27,162086.4642979249,77418.98097545185
1987-03-30,155994.40516473178,75736.261048185
1987-03-31,157832.6930083605,76270.04457790332
1987-04-01,156669.08825653096,75952.66156636493
1987-04-02,159010.46618833556,76628.34694862337
1987-04-03,162317.90839095454,77570.06797944434
1987-04-06,162410.7666808932,77607.38576079652
1987-04-07,160079.1363623149,76970.78049692056
1987-04-08,160614.34384598097,77132.22887799583
1987-04-09,158742.38693443258,76619.73333823396
1987-04-10,158016.44150991275,76426.45999185425
1987-04-13,153466.62144241037,75151.25687920762
1987-04-14,146968.94738505557,73290.67146155138
1987-04-15,148616.6957926739,73789.05969963023
1987-04-16,150699.16633744512,74411.6379977461
1987-04-20,149571.12628841048,74094.12474500807
1987-04-21,150084.91663972108,74255.53518742869
1987-04-22,149810.0832346457,74186.34818252016
1987-04-23,149292.89051526983,74046.19574077144
1987-04-24,146357.2683750335,73196.4473873373
1987-04-27,144593.55022072655,72683.72276404453
1987-04-28,145867.63278062711,73075.74587082457
1987-04-29,147207.74865979026,73485.53518941997
1987-04-30,149336.81983669935,74125.9765997395
1987-05-01,149665.57028217596,74234.19444719069
1987-05-04,149692.15920464735,74253.7054094702
1987-05-05,152022.1069143517,74947.44228646977
1987-05-06,151987.66549706366,74949.22674938134
1987-05-07,152075.52648768324,74986.50074453875
1987-05-08,152408.06662885816,75094.75172538852
1987-05-11,151761.28106957252,74919.09463527235
1987-05-12,150688.84060354452,74619.212455127
1987-05-13,151506.092781739,74869.42297224031
1987-05-14,151959.8311716398,75013.17502562783
1987-05-15,149604.18014290585,74340.60233489696
1987-05-18,146303.42747453824,73384.05579464645
1987-05-19,143108.1486077992,72445.21149861629
1987-05-20,142134.16454700698,72162.97563717185
1987-05-21,143215.79724684462,72501.90288147934
1987-05-22,142535.8326684059,72308.39647176377
1987-05-26,144852.76000350626,73020.0680026082
1987-05-27,145531.7603233032,73234.79873477445
1987-05-28,146569.3570288267,73556.03282713116
1987-05-29,147790.30798197235,73930.5354164644
1987-06-01,146857.95540250884,73666.03923723634
1987-06-02,145989.10611065867,73419.2823343821
1987-06-03,147326.4680929897,73829.30761428745
1987-06-04,148191.95665892484,74097.34091309988
1987-06-05,148399.60702011638,74170.1125254028
1987-06-08,149328.55339708767,74455.92021384345
1987-06-09,150683.013056742,74866.01434321587
1987-06-10,151316.73662786136,75063.07973578082
1987-06-11,151648.01561574495,75171.39085757163
1987-06-12,152831.43211776196,75528.26516813859
1987-06-15,152797.66780527783,75530.06346016639
1987-06-16,154046.95309533295,75904.71933271874
1987-06-17,154565.28478404196,76066.32491335335
1987-06-18,154900.01620464007,76174.67257064648
1987-06-19,154927.263591111,76194.2436710199
1987-06-22,155016.04729218845,76231.56808152724
1987-06-23,154181.28577053008,76002.54195705785
1987-06-24,153717.59496715042,75880.04615088702
1987-06-25,153622.37634541444,75864.09912735455
1987-06-26,153282.32957379805,75777.11316711492
1987-06-29,153126.20236528647,75743.3974703069
1987-06-30,151992.88421932282,75425.53572428729
1987-07-01,151838.5281789444,75391.80996116213
1987-07-02,152656.51597892237,75642.24593191377
1987-07-06,152136.04065233612,75501.96458452799
1987-07-07,151799.19669986947,75414.95730622008
1987-07-08,151948.69665358606,75470.03496891532
1987-07-09,152341.26524348458,75596.16688628246
1987-07-10,152551.79086707818,75669.01473890524
1987-07-13,152823.30419885338,75759.62977969418
1987-07-14,155593.25672499818,76578.53735387725
1987-07-15,155621.12972540938,76598.12525694439
1987-07-16,156818.70509222848,76955.22788587828
1987-07-17,157341.15798585687,77116.93834676432
1987-07-20,155758.41347179335,76674.65480722302
1987-07-21,154370.1854655356,76285.64356810618
1987-07-22,154275.58517428688,76269.69317177033
1987-07-23,153201.78856255574,75969.48935085705
1987-07-24,154082.91014310328,76237.79541763256
1987-07-27,153927.33988706378,76204.07462210565
1987-07-28,154566.15940484294,76401.33071243548
1987-07-29,155267.58348070487,76616.36497659479
1987-07-30,156707.32674477765,77044.62424790638
1987-07-31,157475.5952056583,77277.44819544296
1987-08-03,156326.75682985166,76959.4480211522
1987-08-04,156107.2490673776,76907.9688136897
1987-08-05,158226.75335292885,77531.74519249567
1987-08-06,160982.59115676253,78333.25394858269
1987-08-07,162700.53767792354,78832.70194678078
1987-08-10,164365.5567076497,79314.39597822339
1987-08-11,166293.48107432757,79867.2033459881
1987-08-12,166128.4568556365,79833.56427300602
1987-08-13,167621.18622923078,80262.00127380957
1987-08-14,167583.38648749614,80263.91227383989
1987-08-17,167609.660506005,80283.59763516062
1987-08-18,164433.1566118378,79414.59576034911
1987-08-19,165156.26473799968,79629.77773654765
1987-08-20,168166.50485737392,80484.84770393181
1987-08-21,169667.98922313386,80913.36649361726
1987-08-24,168727.1325312726,80666.43385147068
1987-08-25,169524.24261008058,80899.44272208725
1987-08-26,169614.73442475058,80936.9180247935
1987-08-27,169898.50154226832,81027.72816059444
1987-08-28,168248.201791259,80585.23149088645
1987-08-31,169299.9722646003,80889.36920503038
1987-09-01,167650.7878744585,80446.84805884828
1987-09-02,165308.01597749835,79808.74325221255
1987-09-03,164951.0168495914,79721.74978213021
1987-09-04,163707.99318879595,79385.8449750849
1987-09-08,158058.08619403816,77805.35317529127
1987-09-09,159008.13256238995,78091.68703248978
1987-09-10,161633.69585805296,78858.10303332383
1987-09-11,163283.1094752022,79340.06593034718
1987-09-14,162651.44454682438,79217.48386089303
1987-09-15,161065.94139245452,78579.22762242779
1987-09-16,160517.6534290207,78403.27726493256
1987-09-17,160384.6661422463,78387.36037077551
1987-09-18,160346.4073802271,78407.01079886849
1987-09-21,158499.46059825268,77537.49210359853
1987-09-22,159116.17772850633,77877.22988974258
1987-09-23,160136.15124884472,78377.04636733531
1987-09-24,160159.36818078344,78467.83584146507
1987-09-25,160366.72321212388,78594.19652304496
1987-09-28,160302.13413341495,78667.20879407317
1987-09-29,160125.7900023445,78651.30022549853
1987-09-30,160944.19664773616,79026.68216025367
1987-10-01,162762.59792884465,79775.61087570597
1987-10-02,164216.06813732107,80328.91471112485
1987-10-05,165157.31493807593,80686.57980045916
1987-10-06,162262.15191407944,79603.42899011965
1987-10-07,160933.87986490066,79089.45959877243
1987-10-08,159077.70433617977,78273.05210110862
1987-10-09,158408.8996221591,77990.28537906407
1987-10-12,156661.50313829503,77031.49659970982
1987-10-13,157166.94436193188,77353.55182280882
1987-10-14,155444.78571014982,76199.00419739979
1987-10-15,153894.26748882906,75168.94055425048
1987-10-16,149686.72696810437,72288.5107534902
1987-10-19,170939.00949547347,64088.16771701778
1987-10-20,164368.5488076039,58324.957011909566
1987-10-21,173539.0200331611,62614.42340825364
1987-10-22,167713.9554034585,59804.583899148216
1987-10-23,165256.6106326651,58453.686501544034
1987-10-26,159215.93826535236,53188.01744253344
1987-10-27,158202.87517142645,52726.62349332789
1987-10-28,156972.37788051582,51944.899371370615
1987-10-29,161597.8470363613,54651.0457848613
1987-10-30,167336.6885704692,57535.27087984718
1987-11-02,169427.05231450946,58426.45321779409
1987-11-03,166569.76579601006,57075.3020315944
1987-11-04,166319.56532667787,56969.87728081062
1987-11-05,168545.03185726446,58056.8837923808
1987-11-06,168586.20407973317,58093.858721058976
1987-11-09,166348.2987384986,57027.34007347681
1987-11-10,164501.93973874487,56103.163754212845
1987-11-11,165367.88196616207,56567.27508445324
1987-11-12,167569.1234837593,57672.202193415935
1987-11-13,167165.97961006474,57495.57471703346
1987-11-16,166910.41009401783,57390.13964766214
1987-11-17,164880.7292634024,56394.65391332767
1987-11-18,165326.92372462468,56645.21979767623
1987-11-19,163818.71289000363,55881.08931993903
1987-11-20,163311.7335189008,55633.19017728076
1987-11-23,163473.1381063578,55741.331588773006
1987-11-24,164661.39671927784,56383.5694309356
1987-11-25,165006.0856347229,56580.74564310584
1987-11-27,164518.6304448197,56350.64446677994
1987-11-30,160882.73707600153,54340.10117374987
1987-12-01,160801.6375297906,54341.39498568257
1987-12-02,160759.79709369794,54342.68882842032
1987-12-03,158891.30617438105,53204.4200502043
1987-12-04,157316.49759410706,52155.13204839423
1987-12-07,157767.47963757094,52494.69556694605
1987-12-08,158588.52368273726,53065.76794259866
1987-12-09,159684.73810413157,53779.32360041292
1987-12-10,159304.41047343073,53566.90921014639
1987-12-11,159784.14984979096,53888.7345506809
1987-12-14,161826.1726311294,55100.9982163574
1987-12-15,162853.57872555288,55690.00990775133
1987-12-16,165064.50033660088,56866.75220646166
1987-12-17,165096.54557780473,56903.72799025165
1987-12-18,167751.48005423683,58223.03977304662
1987-12-21,168391.99593663402,58545.02114034601
1987-12-22,167822.0821275284,58297.055605245696
1987-12-23,169389.01672045805,59046.52903920259
1987-12-24,170015.68997629918,59350.739796270325
1987-12-28,167084.34723638088,57998.41350883847
1987-12-29,167009.1126895008,57981.98055601222
1987-12-30,168547.6742664225,58731.517841641726
1987-12-31,168801.71513630776,58875.42302214312
1988-01-04,171880.05880665555,60301.94852194493
1988-01-05,174157.74467526324,61300.995153456446
1988-01-06,175208.57589653338,61765.642607741545
1988-01-07,176462.61596199265,62301.5721778964
1988-01-08,171662.24082533937,60307.69282474998
1988-01-11,170681.18258980394,59899.359276647134
1988-01-12,168985.55632824835,59152.48672783242
1988-01-13,169211.49617069878,59278.61639382458
1988-01-14,169757.9939818271,59547.28935040361
1988-01-15,172097.40470588033,60599.959778814766
1988-01-18,172220.2181483457,60672.6746538289
1988-01-19,172140.91126227926,60656.29945341464
1988-01-20,169397.49546785257,59463.86555767543
1988-01-21,169587.46782057828,59572.1943585292
1988-01-22,170868.0120823594,60161.6753805468
1988-01-25,172007.05568796163,60679.89834715821
1988-01-26,171429.6383047531,60449.67459818484
1988-01-27,171636.5306021896,60558.03701185772
1988-01-28,172676.32507673014,61022.84341227162
1988-01-29,173607.07514246224,61434.207726459856
1988-02-01,174244.16525656392,61703.00815479003
1988-02-02,174634.14565081254,61882.70663850072
1988-02-03,173095.30583002273,61260.36245096737
1988-02-04,173477.72110080256,61440.05891370019
1988-02-05,173908.02856224077,61637.58374616596
1988-02-08,173316.05722533708,61407.33323571527
1988-02-09,173489.35878576478,61497.920617306925
1988-02-10,175295.4317196097,62265.87849973639
1988-02-11,176005.00935333894,62570.40355495115
1988-02-12,176986.21602154145,62981.89664377921
1988-02-16,177567.2523414297,63232.97502959342
1988-02-17,177802.2505720799,63341.43924574199
1988-02-18,177902.1945033539,63396.43342152709
1988-02-19,178549.73002251162,63665.36313179064
1988-02-22,179849.2627151265,64183.90266837648
1988-02-23,180324.73182621924,64381.549425098216
1988-02-24,181224.54281218423,64739.66802025031
1988-02-25,181424.70397505257,64830.35797703975
1988-02-26,181293.2851204586,64796.23911814684
1988-02-29,182973.82414855468,65439.68298708788
1988-03-01,183083.76870091964,65494.73182701748
1988-03-02,184550.12958281356,66049.0657289598
1988-03-03,185299.7456287429,66335.94855805021
1988-03-04,185957.48192777295,66587.1783163075
1988-03-07,186469.12525813875,66784.92415317011
1988-03-08,187634.5378927347,67214.50735544464
1988-03-09,189320.13297019107,67822.44603586587
1988-03-10,187505.17134651577,67199.87319167877
1988-03-11,186817.7864430928,66969.6286619388
1988-03-14,187386.3643492729,67185.24280911646
1988-03-15,187299.45426154608,67169.00615796883
1988-03-16,188225.17093492483,67509.4814148814
1988-03-17,189310.5973622205,67903.48424769548
1988-03-18,189737.8436426795,68065.62823507556
1988-03-21,188167.33742862003,67532.14171361757
1988-03-22,188744.8584580232,67747.79434494291
1988-03-23,188865.34131109648,67802.9239212513
1988-03-24,186542.4866946602,67001.82016885787
1988-03-25,184957.91755996965,66450.41745216778
1988-03-28,183870.22186687015,66077.37871306972
1988-03-29,185117.06582503047,66542.77917294737
1988-03-30,184487.8289897192,66330.28270097903
1988-03-31,185841.7578486244,66831.39403270425
1988-04-04,184436.80671845225,66351.28323618713
1988-04-05,185147.8181642454,66620.48047012856
1988-04-06,187267.34829342592,67389.2581304311
1988-04-07,187843.88720851263,67604.96343935389
1988-04-08,189292.917949112,68124.00244134136
1988-04-11,189621.48751135345,68250.52657556775
1988-04-12,190048.39068695344,68412.73997333365
1988-04-13,190001.88801034127,68414.3688480949
1988-04-14,185382.0372526747,66827.87184908538
1988-04-15,185046.3090571394,66722.39454831879
1988-04-18,185614.53042466496,66938.1251645843
1988-04-19,186488.8482030536,67260.93408867983
1988-04-20,185091.90591865248,66780.701383493
1988-04-21,184558.39993002603,66603.8288154652
1988-04-22,184922.5609453889,66748.18591854056
1988-04-25,185541.5902115114,66981.78539340712
1988-04-26,186771.501195884,67429.56849766178
1988-04-27,187197.3772725668,67591.80990809528
1988-04-28,187215.1041561839,67611.26325745268
1988-04-29,187388.12188388675,67684.2726187068
1988-05-02,187604.7277072616,67775.13028619059
1988-05-03,188856.40067366997,68222.98527623496
1988-05-04,188514.1931903157,68117.50809912247
1988-05-05,187398.74121974973,67744.2683604956
1988-05-06,187315.76105119573,67728.02930262775
1988-05-09,185697.61288918063,67176.248865806
1988-05-10,185209.471133342,67017.18336294117
1988-05-11,182059.82100954108,65911.94545533051
1988-05-12,182520.94271046648,66092.04117760365
1988-05-13,183628.9566775869,66504.23306588786
1988-05-16,184044.3415620587,66666.49677879954
1988-05-17,183457.90421035583,66471.68998272816
1988-05-18,180788.3533001128,65526.99502439942
1988-05-19,180413.032553447,65403.56964215428
1988-05-20,180234.18752752052,65351.5634707043
1988-05-23,178885.93435418047,64871.015582935135
1988-05-24,179771.70449888235,65211.82937814258
1988-05-25,179982.47566587798,65302.66438904691
1988-05-26,180731.49331897375,65589.92516252055
1988-05-27,180405.26521201135,65484.34728183272
1988-05-31,182143.2773412461,66128.78083608927
1988-06-01,184345.67466610408,66933.97273182217
1988-06-02,184263.3090990746,66917.71217329067
1988-06-03,185346.09880033205,67312.2003992703
1988-06-06,186540.0109849072,67742.42836318199
1988-06-07,186508.7903545668,67744.041278143
1988-06-08,188590.5339943377,68477.92681694328
1988-06-09,189186.02702173055,68693.8878368883
1988-06-10,190045.88889352564,68999.15926016223
1988-06-13,190279.0958460428,69090.10983925035
1988-06-14,191145.5696015852,69395.41056528487
1988-06-15,191433.86322452276,69504.23830645056
1988-06-16,190343.40972934524,69148.63674564265
1988-06-17,190208.4871904737,69114.55446381551
1988-06-20,189704.7971983523,68955.42807078485
1988-06-21,190622.6136692188,69278.62149567148
1988-06-22,192022.3177154805,69762.61531263316
1988-06-23,192259.99067879372,69853.6010587977
1988-06-24,192551.5714273345,69962.4575568797
1988-06-27,191133.5629380129,69499.61154768254
1988-06-28,192538.6043312443,69983.65653057669
1988-06-29,192510.21874045389,69985.32280811312
1988-06-30,194087.22108496795,70523.00128228281
1988-07-01,194056.93830149775,70524.68040136095
1988-07-05,194783.09853190283,70776.5093426827
1988-07-06,194429.3006806976,70670.98334660222
1988-07-07,194346.38849067263,70654.79612894627
1988-07-08,193723.5078325158,70459.9161498204
1988-07-11,193641.1018359989,70443.7285078803
1988-07-12,193235.46607536543,70320.31322724023
1988-07-13,193260.93150115068,70339.85908464066
1988-07-14,193823.8811806074,70538.11482162956
1988-07-15,193957.45217935843,70593.40608857281
1988-07-18,193821.52813930975,70559.34120559227
1988-07-19,191908.18255256733,69935.49509604805
1988-07-20,192040.76287273495,69990.78130978813
1988-07-21,190571.8527700889,69509.87380147012
1988-07-22,189749.82210958475,69243.42694107644
1988-07-25,189564.54502092465,69191.45612287294
1988-07-26,188852.41231558064,68960.73423217908
1988-07-27,187513.09397813195,68515.50772250102
1988-07-28,187903.8212266969,68660.1436422874
1988-07-29,189550.61878941505,69233.79402583464
1988-08-01,189891.93187955327,69360.57671876266
1988-08-02,189759.0295837061,69326.4731042859
1988-08-03,190101.3302591892,69453.26395886559
1988-08-04,190285.6472774424,69526.42566894558
1988-08-05,189623.56581050903,69313.55177475333
1988-08-08,189596.7902198021,69315.20209741463
1988-08-09,187724.7422809311,68691.10265358546
1988-08-10,184723.33018164872,67673.63323359432
1988-08-11,185005.8650960389,67782.5221670813
1988-08-12,184928.79074675887,67766.25509279163
1988-08-15,182383.9141809094,66891.73602533997
1988-08-16,183170.3123412317,67179.42113204372
1988-08-17,183400.05719684265,67270.4263100894
1988-08-18,183885.22948668472,67450.84357469811
1988-08-19,183962.7242707141,67488.21023967894
1988-08-22,182045.3103765097,66828.17124549698
1988-08-23,181919.77805027217,66793.99453161776
1988-08-24,183160.85031077728,67242.66648819184
1988-08-25,182118.02548447295,66886.59374614469
1988-08-26,182296.7725257688,66959.72165643083
1988-08-29,183185.67640359228,67283.24095425606
1988-08-30,183314.70213684105,67338.49564831196
1988-08-31,183341.96206799283,67357.98542807544
1988-09-01,181482.8734411749,66715.69870972993
1988-09-02,183225.32592696,67343.3057993475
1988-09-06,183608.56639506292,67488.00037361516
1988-09-07,183941.6599542401,67614.81906648946
1988-09-08,184786.3538221711,67920.51893728533
1988-09-09,185737.1946255384,68262.00590360712
1988-09-12,185970.5163701499,68353.07301966607
1988-09-13,186100.82805265023,68408.36466428613
1988-09-14,186850.89191442824,68678.33168967001
1988-09-15,186204.26556965004,68465.29446866341
1988-09-16,186799.49897602765,68681.6021413771
1988-09-19,186515.86711563385,68593.78495182886
1988-09-20,186853.2486578572,68720.65675887799
1988-09-21,187242.84597358495,68865.42153999339
1988-09-22,187218.0652751168,68867.0611928872
1988-09-23,187245.1619253027,68886.5941728424
1988-09-26,186079.6266298802,68494.5944647009
1988-09-27,185746.0448608813,68388.87135484158
1988-09-28,186287.6136137296,68587.32353999813
1988-09-29,187707.15154567696,69089.98909929475
1988-09-30,188513.0843171652,69377.9443878288
1988-10-03,186819.5153613881,68806.96208850278
1988-10-04,186639.4794177771,68754.9169978851
1988-10-05,186769.3545333562,68810.23865051122
1988-10-06,187105.81810979,68937.15139010952
1988-10-07,187339.272919528,69028.27503175706
1988-10-10,187210.55395128432,68994.1226139695
1988-10-11,187081.9713246032,68959.96853030247
1988-10-12,185661.69137369495,68478.3748821844
1988-10-13,186098.70672890896,68641.08769932605
1988-10-14,186639.3003022881,68839.60757918099
1988-10-17,186820.4637486842,68912.84157957595
1988-10-18,187465.7537416907,69147.17288835529
1988-10-19,187181.96834733256,69059.31992904322
1988-10-20,188602.565722169,69562.17562011417
1988-10-21,188576.98434361408,69563.83186239084
1988-10-24,187823.85509495885,69314.87327407153
1988-10-25,186654.40486578192,69119.60528816067
1988-10-26,185825.38638773595,68960.1341272019
1988-10-27,182219.57233020803,68353.08929528386
1988-10-28,181530.8466101036,68533.74527645587
1988-10-31,181130.5557526818,68481.6693843204
1988-11-01,180645.5385771996,68465.39510308852
1988-11-02,180140.75244570547,68359.59935393579
1988-11-03,180604.0675349905,68540.2725410753
1988-11-04,179262.064265587,68219.61694492068
1988-11-07,175970.51240913128,67415.49771429112
1988-11-08,177301.2472166541,67828.93504120446
1988-11-09,176447.93387909318,67633.58545679387
1988-11-10,176661.22462952597,67760.53935950452
1988-11-11,173573.6360898254,66938.42411250091
1988-11-14,172604.5761956142,66689.31326102007
1988-11-15,172147.6156568098,66637.17935039506
1988-11-16,169487.74093640372,65868.70121819206
1988-11-17,169051.80222874414,65798.63526467196
1988-11-18,169079.06576203732,65836.02261326398
1988-11-21,167576.98268201062,65389.847880266
1988-11-22,167598.66572790674,65445.13295401688
1988-11-23,168935.06270072082,65876.54317548529
1988-11-25,168032.43459519267,65627.35918655491
1988-11-28,166918.83945789287,65575.1897368071
1988-11-29,168115.79925998498,65952.90045371832
1988-11-30,170129.46172733267,66545.5727684563
1988-12-01,171034.26883377574,66977.0601975752
1988-12-02,170720.8358310971,66978.65488948466
1988-12-05,171794.3611676349,67284.78166745439
1988-12-06,172644.59764618924,67537.17783444142
1988-12-07,172070.8326532561,67431.29854440849
1988-12-08,171156.1900902903,67217.92975592308
1988-12-09,171066.71146005508,67219.53018282203
1988-12-12,170065.06970002287,67041.97412331717
1988-12-13,169126.90968685062,66828.5752119267
1988-12-14,168692.83449071718,66794.33116520621
1988-12-15,168753.9758911105,66831.75756337447
1988-12-16,170374.0278083446,67335.03272427675
1988-12-19,170713.06045447933,67444.14374117061
1988-12-20,170413.8409058488,67391.99710948968
1988-12-21,169909.82267029726,67304.00849284648
1988-12-22,170465.40116177514,67466.88145877104
1988-12-23,170692.52252402934,67611.84154907207
1988-12-27,170113.15448944765,67488.0152228175
1988-12-28,170109.4224834052,67525.45948627971
1988-12-29,171729.32569120114,67939.24822862197
1988-12-30,173150.1964492704,68353.0511082549
1989-01-03,170701.93162719344,67852.87543710694
1989-01-04,173852.57848265552,68607.21372296025
1989-01-05,174535.53103667378,68788.07193001013
1989-01-06,174769.56702063512,68951.02017924139
1989-01-09,175160.67601467288,69060.19742366915
1989-01-10,174460.51048503234,68936.37876262248
1989-01-11,174952.3207600609,69063.48604908542
1989-01-12,176262.89269948145,69369.85082543988
1989-01-13,176177.63954499824,69389.42860866462
1989-01-16,176351.36327917353,69444.85490793907
1989-01-17,175210.41823701866,69213.47411554605
1989-01-18,177332.83174660642,69717.05647542387
1989-01-19,179118.34476389078,70113.10667968138
1989-01-20,179533.14663117327,70222.340067203
1989-01-23,178000.855787174,69919.24094879338
1989-01-24,179624.13020370412,70279.4659026193
1989-01-25,181271.15213423237,70639.7079268208
1989-01-26,183891.19086301263,71197.18557519636
1989-01-27,184602.2813572334,71360.24320279034
1989-01-30,185587.99353611705,71577.10095705437
1989-01-31,187386.59738199125,71955.33363047152
1989-02-01,188981.3033491778,72297.73186336282
1989-02-02,190722.3824832392,72658.07292877683
1989-02-03,191742.725566023,72874.97651191404
1989-02-06,191296.26577644816,72804.98538471099
1989-02-07,194163.8681054474,73380.55342286172
1989-02-08,192960.02678036044,73167.10615748978
1989-02-09,191406.80411077436,72881.91730882689
1989-02-10,187680.60492450613,72166.31087600341
1989-02-13,186612.8228356197,71970.75431127213
1989-02-14,187165.3508627362,72098.01090614178
1989-02-15,189076.252661035,72494.29594359877
1989-02-16,190363.0872684265,72765.05079745101
1989-02-17,191652.8291920972,73035.81847961205
1989-02-21,190840.9283924137,72894.06530989638
1989-02-22,187212.30144382952,72196.27722621636
1989-02-23,187676.8608961902,72305.61905969938
1989-02-24,184818.7671824084,71751.28044589913
1989-02-27,183752.23496812436,71555.6716936554
1989-02-28,184386.3975987573,71700.88467175707
1989-03-01,184347.7126864593,71720.52613074506
1989-03-02,186686.08953085865,72206.59169618724
1989-03-03,187961.36748177264,72477.4037890602
1989-03-06,189973.9814539516,72891.74613455341
1989-03-07,189799.14777006267,72875.5456561365
1989-03-08,189895.2687420637,72913.15910994392
1989-03-09,189166.88448138267,72789.30981012137
1989-03-10,189268.85432286424,72826.92292025976
1989-03-13,189828.862756118,72954.25368153614
1989-03-14,189200.21466069896,72848.33452223119
1989-03-15,190033.6933993084,73029.49840176143
1989-03-16,192249.9062428709,73479.8213418594
1989-03-17,185481.0924367439,72171.67635878977
1989-03-20,182093.56271771647,71509.45620537127
1989-03-21,184944.9790863854,72103.33028589941
1989-03-22,183793.8495707205,71889.70935460547
1989-03-23,183965.9852147049,71945.255350143
1989-03-27,183611.83870260965,71893.13271581147
1989-03-28,185318.44268797667,72253.77172426807
1989-03-29,186225.9832740301,72452.90782140072
1989-03-30,186959.62017960876,72616.15672727085
1989-03-31,188783.3689544041,72994.78724057741
1989-04-03,189614.24943592507,73176.00587324545
1989-04-04,189076.5574708879,73088.0056968942
1989-04-05,189996.21224016589,73287.17962886496
1989-04-06,189824.96884432744,73270.97959736314
1989-04-07,192040.94559529892,73721.4684941181
1989-04-10,192331.42296274757,73795.02346662001
1989-04-11,194476.77666339732,74227.59441285965
1989-04-12,196450.23167989205,74624.28704199407
1989-04-13,194660.97608300883,74302.93395953605
1989-04-14,198136.4849895456,74986.87875649246
1989-04-17,198149.9743291847,75006.61210407555
1989-04-18,200808.52347435383,75529.03228089842
1989-04-19,201867.43023218037,75746.26546908329
1989-04-20,201403.99161583063,75676.25562069274
1989-04-21,203514.0639632533,76090.99803925691
1989-04-24,202857.01288934128,75985.08735486778
1989-04-25,202296.3756367172,75897.12208462198
1989-04-26,202882.6987912404,76024.61308185107
1989-04-27,205478.4644464331,76529.18727234307
1989-04-28,206743.06462891935,76782.39464224917
1989-05-01,206563.50971775383,76766.2651050798
1989-05-02,206962.5451379681,76857.87797868265
1989-05-03,207651.9353344758,77003.36532109391
1989-05-04,207955.19540372872,77077.03461834665
1989-05-05,209323.6531877044,77348.24431668391
1989-05-08,207879.9203726581,77098.65936305065
1989-05-09,207506.26921891427,77046.61976630898
1989-05-10,208001.08270349525,77156.2128159655
1989-05-11,208885.28163589,77337.64998904211
1989-05-12,212874.14199487463,78093.82649694938
1989-05-15,214159.23953521036,78347.14232904401
1989-05-16,213582.7796203485,78259.20129503915
1989-05-17,216241.16583975533,78763.99048076804
1989-05-18,217436.58006333967,78999.37146074019
1989-05-19,219623.54802539735,79414.39474905322
1989-05-22,219237.69006310948,79362.39329876799
1989-05-23,217562.4056171604,79076.87252368029
1989-05-24,218760.28747438465,79312.2831712759
1989-05-25,220060.09154222257,79565.67034120382
1989-05-26,222257.56779463377,79980.75622997235
1989-05-30,221170.3730865789,79803.00924430092
1989-05-31,223073.4827521573,80164.22046881424
1989-06-01,225086.5377006995,80543.41040752696
1989-06-02,228312.86330468731,81138.22290227891
1989-06-05,224382.068080642,80457.41178743322
1989-06-06,224495.3983742439,80495.26416394988
1989-06-07,229619.63105700095,81431.50294165485
1989-06-08,230341.14039339352,81577.18451988828
1989-06-09,229947.3363306724,81525.22339869369
1989-06-12,229553.9754729068,81473.25427237108
1989-06-13,226730.9510831226,80990.0236272486
1989-06-14,226542.3290733178,80973.98103488037
1989-06-15,222935.17782031267,80346.94997708227
1989-06-16,222948.3699130813,80366.83478517803
1989-06-19,221765.05601192336,80171.06490384988
1989-06-20,220187.6545673575,79903.40055847651
1989-06-21,219408.83420381296,79779.49700373605
1989-06-22,220707.59762436055,80033.0090643542
1989-06-23,223694.84347761451,80592.07343406975
1989-06-26,222510.5020504016,80396.28539314131
1989-06-27,223717.51496546785,80631.86077074645
1989-06-28,219940.33379557665,79968.73629459171
1989-06-29,212934.1835929848,78712.42237159277
1989-06-30,210323.10394510644,78246.94598261667
1989-07-03,210920.28216850752,78374.63905082522
1989-07-05,211711.53479770225,78538.28652830404
1989-07-06,214248.4100563008,79025.51774937057
1989-07-07,216896.9122782947,79530.74435471983
1989-07-10,217109.3953079625,79586.57257291053
1989-07-11,218793.1042462609,79912.06102002737
1989-07-12,220974.8964075536,80327.45472269591
1989-07-13,221979.7331489712,80527.13069405337
1989-07-14,222887.3321341251,80708.83620001645
1989-07-17,223796.42693402772,80890.55030343647
1989-07-18,221722.40640706828,80532.88279747809
1989-07-19,224906.09245653477,81128.14695716965
1989-07-20,222827.54906417683,80770.46800896146
1989-07-21,222842.81946448277,80790.3676840118
1989-07-24,219485.4645263178,80198.90770223136
1989-07-25,219894.92520508717,80290.72628938606
1989-07-26,222373.04195825572,80760.17745466245
1989-07-27,225656.32752607236,81373.51003923929
1989-07-28,225870.54802953932,81429.39459698567
1989-07-31,226783.14883042203,81611.16863236066
1989-08-01,226200.252410433,81523.19199911255
1989-08-02,226915.74274177063,81669.01135992196
1989-08-03,229630.87191958204,82174.52827111083
1989-08-04,230049.2583414432,82266.41097227043
1989-08-07,234290.29388784352,83041.7563999794
1989-08-08,235828.20693058823,83331.50655268782
1989-08-09,234825.50970815457,83171.61312860472
1989-08-10,235958.2369486717,83389.43889029424
1989-08-11,234751.97993986355,83193.56220786956
1989-08-14,232128.04497089185,82745.84807611641
1989-08-15,232951.25232110845,82909.71116802571
1989-08-16,232764.7453113425,82893.69545552997
1989-08-17,232679.39823644696,82895.66911494557
1989-08-18,233805.9666810704,83113.51916137729
1989-08-21,229975.2814173365,82449.86810779365
1989-08-22,229991.3234236515,82469.82266893891
1989-08-23,233218.4050883572,83065.48590564511
1989-08-24,237375.9629533537,83823.09179177314
1989-08-25,238206.01855645396,83987.01132293405
1989-08-28,238526.9378127452,84060.98371263419
1989-08-29,237826.816913276,83955.02903881979
1989-08-30,239472.58086547535,84262.90454381467
1989-08-31,240407.5057797478,84444.84440741906
1989-09-01,242368.1433516881,84806.73075690666
1989-09-05,242381.8436780796,84826.74527756465
1989-09-06,240133.14272026464,84450.87636390497
1989-09-07,240454.1799535252,84524.871785213
1989-09-08,242003.88261603247,84814.80790946737
1989-09-11,240990.5991060358,84654.86505328586
1989-09-12,242438.8788539726,84926.82600931506
1989-09-13,242246.939600394,84910.85019344145
1989-09-14,239077.111616479,84372.95548109035
1989-09-15,237765.2397798925,84158.99592177906
1989-09-18,236965.8917579575,84035.01099116921
1989-09-19,237081.7466710401,84073.01102852513
1989-09-20,236588.4918520889,84003.01813868545
1989-09-21,236805.6121788913,84059.014095172
1989-09-22,237834.08020997845,84259.01427662965
1989-09-25,236323.9625059059,84009.01851205542
1989-09-26,237351.02340151268,84209.02144146971
1989-09-27,237263.71213219,84211.0264181707
1989-09-28,240523.90888900423,84807.08432072279
1989-09-29,242273.42703062115,85133.13604509685
1989-10-02,244542.7000634583,85549.22048755294
1989-10-03,246615.8270831487,85929.31139270478
1989-10-04,248593.62668684436,86291.4214962594
1989-10-05,249956.22812625696,86545.53134265967
1989-10-06,252881.9651465348,87069.70866843562
1989-10-09,254986.9987195053,87449.87711928342
1989-10-10,253215.05114486135,87163.87951116882
1989-10-11,251136.07788393289,86823.85437276929
1989-10-12,251045.48951298188,86825.92160739722
1989-10-13,235440.2767132425,84145.0599842083
1989-10-16,229007.09021741856,83012.6468649659
1989-10-17,227831.6025396945,82816.54435824891
1989-10-18,231118.09217343852,83430.7704731513
1989-10-19,238517.5034965696,84783.35220397709
1989-10-20,238330.1672173957,84767.36689274317
1989-10-23,234699.8787517947,84139.07758651835
1989-10-24,231972.8318366994,83150.57380320903
1989-10-25,232351.90889601636,83368.66612673606
1989-10-26,230409.885735014,82524.18056260252
1989-10-27,229223.8828724839,81553.5732330442
1989-10-30,228858.09987329133,81303.36280316066
1989-10-31,229935.2541200583,82061.77870576113
1989-11-01,230967.7023038856,82243.85059452358
1989-11-02,230252.13328000484,81615.38067536935
1989-11-03,230000.87783833264,81599.3101355355
1989-11-06,228418.30443729885,80700.59833899545
1989-11-07,228633.0023841016,80954.708052164
1989-11-08,231266.0837149773,81803.29358088132
1989-11-09,231155.1225931467,81805.24127834753
1989-11-10,232023.8429323009,82185.50107608545
1989-11-13,231696.31293489813,82133.40887214195
1989-11-14,230474.1542556942,81793.06792227138
1989-11-15,231192.01956620128,82119.3028736474
1989-11-16,230773.71556289584,82031.17548756108
1989-11-17,231550.39168456057,82285.37032279214
1989-11-20,230724.2854868076,82107.15571215075
1989-11-21,229664.10334072655,81820.82460808413
1989-11-22,230111.65278197685,82002.95511341676
1989-11-24,230918.79830387872,82275.1875713659
1989-11-27,230556.5273407389,82205.07122533907
1989-11-28,230728.78411862723,82297.12610952897
1989-11-29,229948.80244610395,82136.90159135008
1989-11-30,229979.2566580937,82192.92167922911
1989-12-01,230643.2391829639,82375.08676708104
1989-12-04,231306.26035211812,82593.29965265394
1989-12-05,231386.5111611737,82649.33446195803
1989-12-06,230057.1019659846,82308.8835746541
1989-12-07,229670.9585559301,82238.74880145086
1989-12-08,229500.03711769404,82222.68831042659
1989-12-11,227169.87350456367,81539.75403214553
1989-12-12,225934.59742664505,81181.21908380739
1989-12-13,226214.17418442067,81309.32391737933
1989-12-14,224307.13033947235,80662.37034265712
1989-12-15,222501.86869592484,79997.35957938286
1989-12-18,220432.7934295333,78593.27409060638
1989-12-19,219973.24761135227,78306.72857408242
1989-12-20,220529.19533699867,78759.2532966717
1989-12-21,221932.4277691893,79518.25790559856
1989-12-22,223300.4934947212,80151.10540017064
1989-12-26,223471.4167622898,80279.20428028938
1989-12-27,225094.0962223036,80912.09979654761
1989-12-28,225537.06343068252,81130.37099457344
1989-12-29,228193.67314849456,81997.69109321327
1990-01-02,231130.34147669596,82810.96624202216
1990-01-03,231915.6409452629,83101.41617020257
1990-01-04,230834.8414599308,82832.94104155467
1990-01-05,229965.36436766063,82618.54840059683
1990-01-08,230168.3794085303,82710.67105908798
1990-01-09,228886.31562463005,82370.03671976484
1990-01-10,225624.0067555832,81272.05214397343
1990-01-11,224613.54767590517,80949.40059857476
1990-01-12,221872.43947297664,79292.31033681968
1990-01-15,221133.33986516547,78735.16563768587
1990-01-16,221974.76403160635,79386.25483532163
1990-01-17,221360.18402999124,79117.63299208172
1990-01-18,220893.0204999895,78903.0997798046
1990-01-19,221770.96453251867,79518.1671282718
1990-01-22,221045.89683756395,77896.87258838583
1990-01-23,220127.403259378,77628.18939545377
1990-01-24,217785.0241798333,76782.33537638845
1990-01-25,217378.8725933237,76693.97990828003
1990-01-26,215997.2823099552,75992.35255592203
1990-01-29,215027.17301783725,75416.96241091014
1990-01-30,214135.3617637097,74083.94567931318
1990-01-31,215138.90631669483,75005.66649304342
1990-02-01,215463.558013887,75368.22996944647
1990-02-02,216818.80232968507,76163.75844249435
1990-02-05,217636.81004302323,76616.56521112433
1990-02-06,217171.37626083745,76492.10608713927
1990-02-07,218182.6677283314,76999.06167517186
1990-02-08,218252.61126602255,77091.10007505522
1990-02-09,218621.6174076564,77363.55727979244
1990-02-12,217552.7085196451,76932.39537333844
1990-02-13,217211.7880896785,76825.97215462971
1990-02-14,217379.47902510475,76972.14654456337
1990-02-15,218604.67510489532,77515.2741897072
1990-02-16,218217.431766546,77408.85713558737
1990-02-20,216286.0209784034,76472.40882357387
1990-02-21,215281.89750250755,76059.20927463843
1990-02-22,215609.98329801587,76295.6015690464
1990-02-23,214478.7207730523,75701.92484550066
1990-02-26,214811.5787109456,75974.41353513907
1990-02-27,215231.53827301288,76264.9624149899
1990-02-28,216365.2049809769,76844.26636799176
1990-03-01,216685.32875536635,77098.75886815877
1990-03-02,218339.39569673224,77786.39589694905
1990-03-05,217822.87245546,77643.86705567267
1990-03-06,218736.6785581952,78024.72599483206
1990-03-07,218728.2988105115,78062.6834212678
1990-03-08,220779.33035715125,78786.50907088807
1990-03-09,220837.4597331676,78842.53154031635
1990-03-12,220621.5486624392,78808.31198726963
1990-03-13,219479.5633077086,78449.17916408107
1990-03-14,220224.75889497253,78739.86238068512
1990-03-15,221139.2254642956,79084.71112772822
1990-03-16,223138.21439387635,79826.7168859043
1990-03-19,223371.36791932787,79954.97943655428
1990-03-20,221522.56179258396,79451.41243452333
1990-03-21,220935.6855809356,79308.87654139765
1990-03-22,218284.65721067588,78444.20065528687
1990-03-23,219745.41110284705,78951.57540372637
1990-03-26,220482.42717970948,79224.27012747516
1990-03-27,220783.5463165083,79352.54192036207
1990-03-28,219115.95655769127,78848.88826610213
1990-03-29,218278.84034752645,78616.0392737862
1990-03-30,218220.42410413607,78635.96823599478
1990-04-02,216959.2920685412,78222.54369654162
1990-04-03,219380.5372794588,79036.96716464055
1990-04-04,218037.443667036,78623.52693500585
1990-04-05,216872.57817793652,78267.85861621414
1990-04-06,215563.53813870795,77814.65193622498
1990-04-09,215081.6694002397,77690.09753607697
1990-04-10,215764.7123796947,77998.94808950806
1990-04-11,216447.21548954613,78289.75819360043
1990-04-12,217776.6873530382,78797.2978231359
1990-04-16,217892.53130834465,78871.41975210131
1990-04-17,217021.32554253403,78638.5042219568
1990-04-18,214975.26405940985,77935.99050667639
1990-04-19,213727.43573365884,77486.30504492628
1990-04-20,212282.2928364057,76910.1613275304
1990-04-23,210462.96079121047,75882.43281337501
1990-04-24,210094.4675230932,75721.67413594201
1990-04-25,210385.2477945774,75976.36319357241
1990-04-26,210343.01578906583,76068.4911775336
1990-04-27,209418.75863268413,75510.3099703717
1990-04-30,209902.72645427,75891.46695407215
1990-05-01,210490.51425600145,76218.44340607562
1990-05-02,210958.8903072716,76527.37423915691
1990-05-03,211525.16779383188,76854.38125215331
1990-05-04,212776.26375916816,77434.33749754455
1990-05-07,213876.8888567652,77905.91926661984
1990-05-08,214051.0768849808,78016.1731681533
1990-05-09,213691.4743018489,77927.6923735133
1990-05-10,214529.2072375239,78272.8460146348
1990-05-11,217085.04791602324,79160.06620258967
1990-05-14,219096.62538290364,79794.36417732181
1990-05-15,219547.62745765748,79958.88732153426
1990-05-16,219654.84025254703,80033.06922184999
1990-05-17,221377.4427923116,80540.94465677679
1990-05-18,223023.97484104976,81012.6951097156
1990-05-21,226222.41887463492,81845.89523505777
1990-05-22,226845.1781167147,82028.559107675
1990-05-23,228995.1393756272,82572.67053087115
1990-05-24,229963.21107904383,82827.64866393818
1990-05-25,226437.15906966623,81998.27627810116
1990-05-29,229198.03673348267,82687.00939940487
1990-05-30,230088.53081511456,82923.9335538033
1990-05-31,230135.9362947759,82962.05832420915
1990-06-01,232423.41625631225,83524.34491232575
1990-06-04,235132.4196922809,84158.95683613754
1990-06-05,234226.8376012904,83980.20684992013
1990-06-06,234410.4759258221,84054.50850892618
1990-06-07,233585.72091029983,83893.8247645327
1990-06-08,230935.498220926,83317.36660239786
1990-06-11,232361.5958176928,83662.81420279526
1990-06-12,235362.9375640501,84351.75568680941
1990-06-13,237186.97620246545,84769.55490175911
1990-06-14,235578.93620542495,84446.16446777766
1990-06-15,235904.1355789725,84538.56918554351
1990-06-18,230316.4079748922,83311.1897697282
1990-06-19,229979.45103751688,83258.93651920099
1990-06-20,230121.20762269865,83315.15701731083
1990-06-21,230421.1342877845,83407.54344505897
1990-06-22,228729.3306200271,83047.90980436474
1990-06-25,225784.2415998726,82380.87830953245
1990-06-26,225530.33451881167,82346.6738655412
1990-06-27,226553.65214104333,82619.86860790988
1990-06-28,229117.6312116999,83254.73035037571
1990-06-29,230542.4477610791,83600.29097600839
1990-07-02,230237.09485938068,83548.03298964025
1990-07-03,229983.8319592281,83513.85204135349
1990-07-05,227804.81966897164,83045.64994640481
1990-07-06,228736.98897501276,83282.72811298222
1990-07-09,229613.4391647883,83501.73663849045
1990-07-10,228953.3510632583,83377.12258012404
1990-07-11,231221.10172120988,83903.60481389321
1990-07-12,233875.05056576923,84502.46269520793
1990-07-13,234797.60585508315,84721.51533775467
1990-07-16,235727.94129611755,84940.58387008209
1990-07-17,231364.8772201696,84020.12438558516
1990-07-18,228245.68175328025,83352.85578860599
1990-07-19,226073.20473187207,82884.53787214325
1990-07-20,223714.72407506275,82361.92122846264
1990-07-23,215937.9176454648,80428.29893495423
1990-07-24,214495.22773227468,80068.41318446246
1990-07-25,216338.0673396632,80594.9420477652
1990-07-26,216128.74735788637,80578.7689746936
1990-07-27,214134.4009598801,80074.13257160918
1990-07-30,211966.6405155855,79497.10055776399
1990-07-31,211101.75990464824,79281.89032730396
1990-08-01,209612.2446252636,78867.64427532147
1990-08-02,205845.33434713623,77603.0079271271
1990-08-03,202197.63804598767,75542.19805354036
1990-08-06,204353.4791195859,72377.55723793358
1990-08-07,204969.2102346444,72759.26379299894
1990-08-08,207840.4843482545,73774.3070620265
1990-08-09,210757.7782904257,74735.10925210302
1990-08-10,208032.82377934715,73832.10525447702
1990-08-13,208092.48036525009,73888.14926543501
1990-08-14,209095.27480236144,74251.83920252617
1990-08-15,209680.02373430147,74470.77287506204
1990-08-16,205232.1131135501,72807.58360834318
1990-08-17,201862.84947814303,71216.70994741887
1990-08-20,200218.3367500376,70331.59124011702
1990-08-21,198505.428666581,68722.48164603446
1990-08-22,197146.35853474628,67837.25503798731
1990-08-23,192881.52510910243,65196.334726123474
1990-08-24,195123.466592068,66482.98521292473
1990-08-27,201295.8176014835,69018.63245890707
1990-08-28,201946.27463265293,69309.89085730878
1990-08-29,201368.9525459262,69112.42564701708
1990-08-30,199987.53596708743,68552.92178588342
1990-08-31,200989.3825751805,69007.10826009818
1990-09-04,201058.4851112304,69099.26427973073
1990-09-05,201290.49688699964,69227.62738923635
1990-09-06,199693.24099159724,68577.55002509839
1990-09-07,200297.2674018084,68868.84624032938
1990-09-10,200797.70801190395,69105.845497832
1990-09-11,199771.9898246102,68709.18409278899
1990-09-12,200041.27531805143,68855.65931043153
1990-09-13,198313.2275501,68114.97285345772
1990-09-14,197554.15072928,67790.6823727622
1990-09-17,197365.0200875838,67737.97918897764
1990-09-18,196610.1537022712,67395.56167210528
1990-09-19,196358.128476128,67306.62957462555
1990-09-20,194278.9955444596,65986.360678989
1990-09-21,193682.09885282515,65607.6580108727
1990-09-24,191791.24130351265,63780.25027603432
1990-09-25,192534.14216764303,64252.60101649739
1990-09-26,190630.4747866002,63384.87573560535
1990-09-27,187849.84747456253,61792.71023436429
1990-09-28,188848.63987168888,62391.82270323982
1990-10-01,192967.6902818539,64240.61548898757
1990-10-02,193596.9913658408,64550.03300684848
1990-10-03,191649.5852344524,63664.09860721074
1990-10-04,190995.08753800837,63375.81940813964
1990-10-05,190044.776581284,62924.51454860687
1990-10-08,190208.93650727224,63052.80586900671
1990-10-09,187722.8743416957,61424.09959146867
1990-10-10,186487.91794550145,60374.95488652411
1990-10-11,184940.4689319465,58981.59471322035
1990-10-12,184989.16573891445,59345.29383793338
1990-10-15,185617.70547663092,59690.893921170034
1990-10-16,184081.40802918217,58949.574527767385
1990-10-17,184515.57936512263,59204.60146364224
1990-10-18,187334.2240426688,60510.398701580016
1990-10-19,188777.1222336132,61127.81243811075
1990-10-22,190420.53985049733,61799.61064912089
1990-10-23,190333.49499956693,61801.08206842206
1990-10-24,190232.23932569163,61784.43424600498
1990-10-25,189559.22238629847,61550.3656842703
1990-10-26,187198.812383282,60591.51897186132
1990-10-29,185706.97307027495,59940.65946768103
1990-10-30,185223.81875222304,59760.88752805482
1990-10-31,185168.48702734904,59762.3104063293
1990-11-01,185638.9794495992,59908.70282841298
1990-11-02,188091.47741848347,60979.27917924019
1990-11-05,189951.0383544654,61759.95887098461
1990-11-06,189757.73157621856,61707.06539543536
1990-11-07,188048.8716917179,61038.00041091633
1990-11-08,187825.4623009752,60966.96311319957
1990-11-09,190324.83366663044,61983.32366041684
1990-11-12,195057.0602318764,63706.55844440445
1990-11-13,195729.71675985795,63961.81294286663
1990-11-14,197812.85532369144,64688.32098399774
1990-11-15,196485.18851659857,64254.86096303418
1990-11-16,194576.3601732178,63603.87210542236
1990-11-19,195453.77431137185,63931.656464528925
1990-11-20,193195.14174099357,63135.6145993647
1990-11-21,193388.3226417208,63227.7517886801
1990-11-23,193430.7251150132,63265.51387023929
1990-11-26,193328.76740156783,63248.89143116981
1990-11-27,195968.6154569888,64193.06004926528
1990-11-28,196445.23770493187,64375.87356966982
1990-11-29,196765.83448876307,64504.30560191489
1990-11-30,198509.2028853654,65104.1140350684
1990-12-03,199845.81467779784,65504.5164202698
1990-12-04,201373.73345290203,66013.72579309436
1990-12-05,205303.27023299292,67248.18005887001
1990-12-06,206092.9713926426,67503.6152399355
1990-12-07,205564.8559299129,67360.1725898909
1990-12-10,205506.54043130693,67361.77640352398
1990-12-11,203390.5101312973,66728.74709945527
1990-12-12,204756.205484859,67165.5222534925
1990-12-13,205354.85094151937,67366.58818648715
1990-12-14,203697.13014853583,66878.58081922635
1990-12-17,201796.66713062,66318.02030677926
1990-12-18,204386.0266602068,67135.65367264122
1990-12-19,204927.12364666132,67318.60182037752
1990-12-20,205523.1821590884,67519.68960125286
1990-12-21,206251.82929976267,67757.06631224419
1990-12-24,205475.85109755385,67541.04224874986
1990-12-26,205416.69213156667,67542.65036880338
1990-12-27,204584.5563758003,67308.47812321615
1990-12-28,204576.4194581806,67328.21937086279
1990-12-31,206088.59323106008,67801.40572341467
1991-01-02,205149.8001007292,67512.80977670153
1991-01-03,202320.0444561541,66661.88896105351
1991-01-04,202097.0145429216,66609.06049461504
1991-01-07,198108.36492128452,65340.865901854326
1991-01-08,197401.250438784,65124.73747783688
1991-01-09,196509.53228423244,64854.17913585855
1991-01-10,198879.6081074508,65653.92745741238
1991-01-11,198700.57457705808,65637.34808308803
1991-01-14,195398.3776635278,64550.3976051551
1991-01-15,196132.1171252262,64824.069425875336
1991-01-16,200501.42507455868,66258.89510793133
1991-01-17,206760.4223989876,68183.6453376354
1991-01-18,207441.6001109921,68402.99416857364
1991-01-21,209025.54566043988,68894.51384379232
1991-01-22,208540.19427756115,68769.1407599745
1991-01-23,211584.76347427897,69659.87672202643
1991-01-24,216359.1051878348,71004.2877540998
1991-01-25,218310.54849664203,71550.35060405731
1991-01-28,219951.22368351292,72005.70846242328
1991-01-29,222484.27963028097,72696.997024776
1991-01-30,227932.41697264463,74132.34204454518
1991-01-31,231953.3556137005,75168.51408828789
1991-02-01,234473.32999163616,75805.47955492821
1991-02-04,239637.43139548053,77095.80979657127
1991-02-05,245130.98958561584,78440.65598338476
1991-02-06,250425.96889538388,79712.96456292695
1991-02-07,247138.0137133848,78952.5778483101
1991-02-08,248477.1018791187,79281.15577814479
1991-02-11,254062.49475492627,80608.02947103858
1991-02-12,253943.8031699749,80591.79672868557
1991-02-13,257037.96137886625,81319.76780376957
1991-02-14,254073.70741642464,80650.08761919299
1991-02-15,257482.4321738153,81450.70775644951
1991-02-19,258706.5996163989,81743.08418921856
1991-02-20,255251.7694393915,80964.45245245758
1991-02-21,255525.8580493944,81038.99292821818
1991-02-22,257531.0711637211,81512.9248454266
1991-02-25,259153.1669431388,81896.10758857377
1991-02-26,256409.61433624948,81280.79688366163
1991-02-27,258814.8812262575,81845.5386608882
1991-02-28,260601.94781019725,82265.0699787727
1991-03-01,263438.37951715186,82920.64762929146
1991-03-04,266941.8018961124,83721.50595431295
1991-03-05,276664.0414229146,85902.3283370639
1991-03-06,277204.89554311935,86031.47161440802
1991-03-07,278781.9213026942,86385.78099854547
1991-03-08,278210.24277522834,86273.44030642451
1991-03-11,271505.7129326832,84830.06944213831
1991-03-12,266737.42210671504,83787.94298785366
1991-03-13,272200.73535040545,85021.15198025598
1991-03-14,271837.5246338576,84952.35545402378
1991-03-15,270561.4520386853,84681.97271036882
1991-03-18,270503.4447602514,84680.35324177747
1991-03-19,267626.7945913263,84053.99252271299
1991-03-20,270253.033800417,84651.6961360379
1991-03-21,268991.21718738944,84383.09824842672
1991-03-22,268582.76966119825,84303.37378440666
1991-03-25,272079.2279601338,85093.65276953831
1991-03-26,280331.26257607155,86926.55138254957
1991-03-27,283479.8143079847,87618.8436610932
1991-03-28,283376.2820121086,87608.21352564014
1991-04-01,282115.596336884,87348.72770718994
1991-04-02,290795.8354153461,89229.0843131463
1991-04-03,294067.1485225123,89930.57727530024
1991-04-04,296208.9083276151,90390.50419162802
1991-04-05,294611.4718276042,90069.29484006295
1991-04-08,294444.80761470326,90046.00313329346
1991-04-09,291630.58754075353,89468.61117659681
1991-04-10,290120.464680189,89161.8939556002
1991-04-11,297422.0495533279,90717.3893611967
1991-04-12,299394.5557461135,91139.24237342329
1991-04-15,298664.0292760144,90999.69452417908
1991-04-16,303794.8793695137,92075.67424127788
1991-04-17,307787.7150967597,92906.41086999296
1991-04-18,303548.44708854595,92056.43678614356
1991-04-19,298695.1385305219,91071.96052678672
1991-04-22,292688.47937524505,89836.67439688758
1991-04-23,294111.13435128826,90147.72695407858
1991-04-24,296118.2843435869,90580.55472987665
1991-04-25,293968.38550711743,90142.93579861746
1991-04-26,292720.98092397745,89892.48191267686
1991-04-29,286724.9410999864,88640.65912263103
1991-04-30,284114.62756020203,88093.92428283245
1991-05-01,286717.01232611254,88664.87472895015
1991-05-02,289462.67209101445,89263.11304396568
1991-05-03,290249.82406131085,89441.53654149972
1991-05-06,289675.868854054,89330.97901544429
1991-05-07,289658.9765545976,89338.5584955303
1991-05-08,290471.85702249606,89522.44906100573
1991-05-09,294971.11543425376,90487.94754107024
1991-05-10,291126.0373577493,89692.12556779345
1991-05-13,291520.7186009166,89786.96329861363
1991-05-14,287064.2859734551,88854.75092582786
1991-05-15,277925.64937235194,86909.94387319486
1991-05-16,280949.03913277294,87582.81702738945
1991-05-17,280582.4099627089,87514.0056192796
1991-05-20,279472.6475914342,87283.38784599569
1991-05-21,282348.1272520913,87921.77481918331
1991-05-22,285402.81729402527,88594.73577054121
1991-05-23,287313.40341477783,89016.82838177124
1991-05-24,289877.4365442076,89577.12248632406
1991-05-28,293677.6694147802,90397.44400209868
1991-05-29,295253.8283566686,90741.42079433978
1991-05-30,298789.1976628012,91496.35321197858
1991-05-31,301289.1696530852,92029.47982039757
1991-06-03,302110.4353824482,92211.69332061354
1991-06-04,302195.6566330848,92241.16391307484
1991-06-05,300349.7253518892,91870.57893849631
1991-06-06,298328.4264841422,91461.78375097296
1991-06-07,294455.45829675,90663.80376284606
1991-06-10,292092.1533231004,90176.7622617862
1991-06-11,292708.1258052286,90318.94182805928
1991-06-12,287883.7208981576,89308.09003902404
1991-06-13,287917.13516782195,89326.58975826518
1991-06-14,291207.6867221105,90043.48799737879
1991-06-17,290522.86666541087,89909.22165503605
1991-06-18,288149.9170475383,89414.8152573004
1991-06-19,282822.0290122585,88283.77368259552
1991-06-20,283215.6866838148,88380.46379323011
1991-06-21,283123.6227416393,88371.65467103243
1991-06-24,274211.92545794544,86447.41672760375
1991-06-25,272592.21587935346,86098.39128116122
1991-06-26,272373.6727216985,86060.42063928567
1991-06-27,274908.6183161066,86637.32226329726
1991-06-28,274606.54665532685,86581.17504853278
1991-07-01,278982.1481881933,87563.8028741687
1991-07-02,276847.13946999464,87105.60991085286
1991-07-03,273134.9760284327,86296.26675865741
1991-07-05,272876.0806134198,86249.19494082755
1991-07-08,277286.54135218455,87244.65111227868
1991-07-09,280649.71420684864,87998.16384741971
1991-07-10,283541.8632709545,88642.54132108187
1991-07-11,284504.58686674794,88862.99334752701
1991-07-12,288102.0583648216,89654.8076599339
1991-07-15,291002.6170601303,90290.17426233772
1991-07-16,288754.6195187967,89821.03033134741
1991-07-17,288559.80203111185,89790.41542773141
1991-07-18,291377.49845987034,90407.62624302536
1991-07-19,291973.25429813925,90546.26375190832
1991-07-22,289746.8683015426,90082.54036735254
1991-07-23,285174.8567378646,89112.866677934
1991-07-24,283262.941303703,88709.1475986342
1991-07-25,285609.08967971953,89231.7694575475
1991-07-26,287590.3293538287,89672.5186700249
1991-07-29,288104.77661191847,89794.77833252121
1991-07-30,292215.98161692114,90692.40382618984
1991-07-31,295386.0685644156,91380.7616986493
1991-08-01,297154.9362046457,91766.99460842116
1991-08-02,298422.0453774878,92045.85835431464
1991-08-05,295733.9031980657,91491.04060131118
1991-08-06,297915.64531946136,91964.6864174865
1991-08-07,299822.91646974446,92378.27406917728
1991-08-08,301452.00428246235,92731.81595231532
1991-08-09,300468.6118817691,92537.4123308343
1991-08-12,301891.2686702701,92847.2791415615
1991-08-13,305676.8920021925,93650.52958518673
1991-08-14,308510.4982635199,94249.90311971982
1991-08-15,306690.0096650402,93886.20057957376
1991-08-16,303830.8686911554,93305.82111882402
1991-08-19,290830.2221494712,90607.94061964184
1991-08-20,294525.7033960632,91413.04500777062
1991-08-21,308089.22643896483,94313.92512336987
1991-08-22,308334.32103350887,94376.26144896954
1991-08-23,310720.4733504413,94881.073444695
1991-08-26,310957.6814717507,94941.60342443638
1991-08-27,311239.22671707533,95011.2388464641
1991-08-28,315216.673287933,95840.23592387488
1991-08-29,315258.8636412201,95860.73504105434
1991-08-30,314577.1027491776,95733.71554110528
1991-09-03,310275.8446555688,94867.307312004
1991-09-04,307588.87051321,94325.03372544328
1991-09-05,306675.55199060164,94146.97977326786
1991-09-06,306641.01714910136,94151.04441798312
1991-09-09,307588.2005342157,94359.09556402174
1991-09-10,301581.40223480377,93124.63856657132
1991-09-11,304554.2622369424,93760.70569876904
1991-09-12,310066.3456296952,94923.19768575866
1991-09-13,306121.6170654516,94120.36324110784
1991-09-16,305177.42282012355,93934.98111094836
1991-09-17,304689.32727878616,93844.315551422
1991-09-18,307593.00266708253,94462.2578718524
1991-09-19,311163.71325732296,95215.03064568657
1991-09-20,315114.89996478474,96040.71170251972
1991-09-23,312841.37402193097,95587.56148834457
1991-09-24,314375.3260828436,95914.110429365
1991-09-25,315531.41226672335,96162.34841469978
1991-09-26,314701.3835264982,96004.311870038
1991-09-27,312466.7130160001,95558.40108855898
1991-09-30,314547.81058322673,95997.95226502224
1991-10-01,315954.92465078423,96297.22610524464
1991-10-02,313967.0879546086,95902.31308428862
1991-10-03,308755.1488227931,94844.13602689716
1991-10-04,308617.0221731122,94826.3533655875
1991-10-07,304889.2125846624,94063.29249063444
1991-10-08,305762.3619053139,94256.86356619193
1991-10-09,302722.0202625592,93632.24679939066
1991-10-10,304526.1627362486,94022.62962689163
1991-10-11,306663.7911338638,94591.6182695968
1991-10-14,312516.38878900785,95798.47352553815
1991-10-15,320279.14225552534,97340.72003161794
1991-10-16,326893.88226115494,98587.79773518749
1991-10-17,321973.3478616071,97739.02788158618
1991-10-18,324408.28450945514,98220.69210985836
1991-10-21,322345.12765575445,97869.44306767256
1991-10-22,322408.04754123784,97904.57979990864
1991-10-23,320378.4025448602,97547.83292211924
1991-10-24,314186.6158191481,96379.95641211534
1991-10-25,310553.0799403434,95722.4025269178
1991-10-28,314322.5687176194,96504.84814468194
1991-10-29,319080.62789171,97436.81907123912
1991-10-30,325708.9737835225,98680.54605593032
1991-10-31,327269.302911553,98985.50228402206
1991-11-01,325345.62094846065,98614.14535621348
1991-11-04,321797.49192509043,97991.18911210318
1991-11-05,322980.9080120524,98234.17170046624
1991-11-06,323432.0343563256,98356.83263581176
1991-11-07,329168.8447689733,99416.62692404805
1991-11-08,331831.1106452465,99929.49377908467
1991-11-11,334148.1478679859,100411.39255424416
1991-11-12,339333.80915234133,101319.96197892696
1991-11-13,339716.3711866377,101411.71677290168
1991-11-14,338151.7523212625,101171.62791078788
1991-11-15,314620.9937056484,96879.83183153009
1991-11-18,317771.88991507,97509.41714014212
1991-11-19,307268.07508560835,95458.44642231094
1991-11-20,309540.1018947688,95943.9699114713
1991-11-21,313308.62877816666,96713.99972092478
1991-11-22,309652.06453714095,96010.54810370758
1991-11-25,306231.5437630892,95359.94612196152
1991-11-26,305539.54263270344,95243.66876079954
1991-11-27,305909.9247459821,95346.2537035648
1991-11-29,306754.95812556567,95552.7920582196
1991-12-02,313485.16356968414,96833.59383240326
1991-12-03,315629.1316490827,97279.12111900865
1991-12-04,317198.9263913179,97635.28609601018
1991-12-05,315894.78123175784,97409.61025819536
1991-12-06,317949.26894646167,97825.98073077331
1991-12-09,316925.54445684183,97655.0190798912
1991-12-10,315679.9727631127,97453.04206149049
1991-12-11,313113.0473677409,96982.90658096624
1991-12-12,317175.4549167426,97784.22554029529
1991-12-13,321801.2944720248,98676.7956687394
1991-12-16,324466.7229499235,99195.41611413968
1991-12-17,320304.8155862722,98462.57037475788
1991-12-18,320331.3896343182,98490.45891634164
1991-12-19,315088.194081884,97524.02786329814
1991-12-20,316153.87710424827,97750.75755470151
1991-12-23,324084.2252837842,99238.25104277476
1991-12-24,329757.17070941004,100273.31437417932
1991-12-26,339947.8139470904,102052.87103688346
1991-12-27,346841.97511873225,103224.91003174326
1991-12-30,362612.9346146757,105789.2376523177
1991-12-31,370206.6786513277,106994.2642783576
1992-01-02,370322.72546776186,107016.88168824233
1992-01-03,377607.1715554709,108150.82362007904
1992-01-06,383770.8385424806,109111.45449156684
1992-01-07,389063.9748389246,109915.18000390715
1992-01-08,398965.1785759905,111383.24083449358
1992-01-09,410897.9201417704,113115.98675891638
1992-01-10,405535.40745409176,112370.4179876211
1992-01-13,407864.8634232221,112725.33332984745
1992-01-14,418249.8928701373,114210.01967716006
1992-01-15,424762.0245843442,115138.10154626312
1992-01-16,420006.9451102788,114505.6722946854
1992-01-17,419278.46286194137,114418.95167330642
1992-01-20,409423.762675465,113058.18187619936
1992-01-21,390776.047133692,110412.29724153942
1992-01-22,410566.0771209077,113300.86550417393
1992-01-23,413261.22766204615,113701.50581939974
1992-01-24,415535.2066990256,114036.4507051912
1992-01-27,410661.4362657588,113367.37660942372
1992-01-28,410943.4209291445,113423.013108416
1992-01-29,404391.9552858959,112516.56589932051
1992-01-30,410784.2390931933,113443.02275456084
1992-01-31,409193.1187567025,113233.94841018852
1992-02-03,413245.903822094,113824.52595407628
1992-02-04,423017.1872848906,115209.35194537014
1992-02-05,430819.4637028887,116302.10525630336
1992-02-06,431662.9139041984,116432.68711936986
1992-02-07,427941.13924050936,115938.81763640045
1992-02-10,426749.5963668633,115791.84869189611
1992-02-11,425655.9223916628,115655.828205278
1992-02-12,440950.28992019605,117767.65467587384
1992-02-13,432981.5948137773,116707.6778096657
1992-02-14,429315.15077987,116222.88416968953
1992-02-18,415898.4021185414,114395.82629006747
1992-02-19,410578.37259124,113668.06465551042
1992-02-20,423283.8266634975,115464.156869864
1992-02-21,419921.32909621566,115013.98720095542
1992-02-24,413501.7825398741,114136.42668409116
1992-02-25,408814.945211909,113494.43526118016
1992-02-26,423022.6537627047,115506.21175943488
1992-02-27,424989.60912115977,115792.0631270169
1992-02-28,424267.8436345148,115707.13967226676
1992-03-02,426838.3770282465,116075.20675793113
1992-03-03,425101.1558498976,115855.13010188572
1992-03-04,419767.801811701,115134.53205622376
1992-03-05,408748.53326658433,113617.4647214808
1992-03-06,400880.2238491686,112520.48268878074
1992-03-09,400606.6355644162,112499.4127230104
1992-03-10,410324.0068442717,113897.78669619786
1992-03-11,402028.7525439148,112745.91794844318
1992-03-12,400382.62388856633,112525.71357350254
1992-03-13,403763.97824139136,113021.67241796471
1992-03-16,402808.8291699938,112900.1289689001
1992-03-17,409593.2553580677,113876.63267142988
1992-03-18,411684.585516009,114184.46383061196
1992-03-19,412935.7713188676,114373.55301239864
1992-03-20,410662.6159493544,114069.3129284149
1992-03-23,407391.0409009722,113624.35923541324
1992-03-24,403207.78246197785,113051.47398857457
1992-03-25,404159.1966635086,113200.3475618023
1992-03-26,398818.5832341213,112457.49418999466
1992-03-27,385046.107425106,110499.37627942085
1992-03-30,381680.75259308994,110026.87914923223
1992-03-31,383718.3033419149,110340.17207313213
1992-04-01,381558.7381121161,110035.777216789
1992-04-02,371219.3065347348,108526.99851117122
1992-04-03,366495.6204581915,107833.26442079246
1992-04-06,374047.1024672481,108983.59118339876
1992-04-07,356089.3211211332,106303.1318469268
1992-04-08,346648.6555444419,104856.2670963096
1992-04-09,361849.9858148556,107247.67769661178
1992-04-10,358767.6352381725,106791.44515674554
1992-04-13,363342.38318407536,107508.6910274422
1992-04-14,371301.154624373,108728.63572005318
1992-04-15,377615.1751180493,109685.4232019718
1992-04-16,367397.4877352713,108185.41386417032
1992-04-20,349733.60125373903,105517.22152444636
1992-04-21,347144.0722121785,105126.69053088748
1992-04-22,350759.6102321824,105710.53797479384
1992-04-23,348124.0987939325,105314.51416234036
1992-04-24,344368.5904879321,104739.30957103234
1992-04-27,337421.9498685982,103653.9851886058
1992-04-28,329886.0930776562,102447.94550177052
1992-04-29,340574.1167884502,104207.42652741067
1992-04-30,350565.55767044134,105807.92128313144
1992-05-01,349841.1752780331,105711.70900394682
1992-05-04,356114.03365925566,106701.59811337244
1992-05-05,361436.41248961166,107532.46467840234
1992-05-06,362911.135339078,107770.9059331167
1992-05-07,360173.5828279897,107371.17566282173
1992-05-08,358408.4872485075,107117.72741750968
1992-05-11,359972.7742695303,107370.80836588104
1992-05-12,356082.4780762268,106793.6573813778
1992-05-13,354079.682073211,106507.2491364126
1992-05-14,346978.4688794247,105427.12234702206
1992-05-15,344522.472015888,105058.36627281732
1992-05-18,346895.1432505281,105444.94652212222
1992-05-19,348598.6897515282,105725.45120866172
1992-05-20,351161.2420915565,106137.6631153956
1992-05-21,349674.0042078483,105922.53337065795
1992-05-22,351015.691427049,106144.54823576096
1992-05-26,345431.75972644635,105296.53564105488
1992-05-27,347350.4577792444,105609.9937334186
1992-05-28,350977.736413671,106186.88591598118
1992-05-29,356640.37845811166,107071.12027942884
1992-06-01,360251.2921191171,107633.4368399714
1992-06-02,361160.8725291435,107784.17640538438
1992-06-03,361999.17418886034,107923.94717153515
1992-06-04,359901.5858479221,107621.004017283
1992-06-05,356406.07628043613,107105.82039905732
1992-06-08,352224.5215321295,106482.67646674032
1992-06-09,342383.7904105183,104983.13259667312
1992-06-10,337521.19065677765,104237.3271529555
1992-06-11,335094.8899862996,103868.38349726888
1992-06-12,337141.4094917853,104207.5261875006
1992-06-15,336475.4302643905,104116.68863986483
1992-06-16,330689.7500463384,103215.25258562874
1992-06-17,318310.19619858405,101236.00049013855
1992-06-18,313737.06554280187,100493.65042221513
1992-06-19,319177.2764710965,101416.49767140477
1992-06-22,314092.40373634844,100600.91351666348
1992-06-23,318006.23556851625,101267.60182992688
1992-06-24,315738.28970564326,100909.49862532911
1992-06-25,312135.91461969947,100328.10113010855
1992-06-26,311656.97375121753,100264.6076508008
1992-06-29,323675.2186494308,102272.86546666332
1992-06-30,329046.03810640384,103153.80539622704
1992-07-01,335186.0665692141,104142.77766741104
1992-07-02,328585.7188310458,103112.96002602596
1992-07-06,328307.9065357862,103082.47007407065
1992-07-07,321656.1656565718,102030.6139043476
1992-07-08,321765.98784600146,102062.33651908972
1992-07-09,329848.94229915465,103379.05324555
1992-07-10,333302.0277860779,103939.82337304507
1992-07-13,336051.881646693,104385.29320234548
1992-07-14,341826.9913333465,105301.26457472412
1992-07-15,342076.63988317346,105351.35946173778
1992-07-16,342870.0046138053,105485.68412775957
1992-07-17,336111.6681715435,104450.166528134
1992-07-20,328767.60785906384,103310.243009879
1992-07-21,333730.536109566,104109.11060974162
1992-07-22,328144.5196868741,103241.92323353632
1992-07-23,329654.7573002875,103493.3838255285
1992-07-24,330025.3190862461,103563.59271229211
1992-07-27,328949.2075494459,103404.92898889816
1992-07-28,336885.6413375105,104670.82054235783
1992-07-29,343714.4577648865,105746.33103807028
1992-07-30,345217.07050395897,105988.72731282264
1992-07-31,347581.348936975,106362.98586798042
1992-08-03,349356.6081020511,106645.6897777863
1992-08-04,348058.447239055,106457.78116763911
1992-08-05,342686.5046214112,105645.38017905974
1992-08-06,339255.1493547234,105125.9638157038
1992-08-07,338873.1226950758,105077.1822799324
1992-08-10,338114.28789769893,104969.80203673264
1992-08-11,336248.98946383526,104690.24529060617
1992-08-12,335317.13286098826,104555.37317210429
1992-08-13,335430.886010491,104583.5072987985
1992-08-14,337950.7649886591,104987.12199084942
1992-08-17,337062.1670636148,104859.56975567022
1992-08-18,335130.16844049585,104568.99819865478
1992-08-19,331254.4831712679,103974.33629408268
1992-08-20,331497.8846115408,104022.60667055202
1992-08-21,326596.075913546,103263.04476064544
1992-08-24,316929.2713100746,101743.21205940022
1992-08-25,315548.1106687195,101531.29139558756
1992-08-26,320711.05232586595,102372.75300332344
1992-08-27,325792.6255092948,103194.10502580168
1992-08-28,326081.12894360337,103249.68756662542
1992-08-31,325525.33095366374,103171.5331542124
1992-09-01,328358.1891989242,103630.19098355628
1992-09-02,334860.56006791454,104666.01317237382
1992-09-03,339069.89094708377,105333.60480696772
1992-09-04,337324.5033400368,105072.26525690456
1992-09-08,334607.3596405148,104658.82791969622
1992-09-09,338919.7839273045,105342.96304322364
1992-09-10,346360.1814947491,106509.04202504526
1992-09-11,348421.9860170707,106835.9243309962
1992-09-14,361760.8435902754,108890.85760217354
1992-09-15,353979.10167534434,107729.7860355392
1992-09-16,351557.9286870179,107371.33900779962
1992-09-17,353825.66831685003,107727.58966459076
1992-09-18,355341.94667662407,107968.39854205424
1992-09-21,354641.61508069205,107872.00709955266
1992-09-22,347868.4408240179,106851.8978061798
1992-09-23,347772.83116201113,106847.1147495984
1992-09-24,351268.4972610548,107394.00617698912
1992-09-25,340752.77826276055,105796.4614788012
1992-09-28,338509.75471128826,105458.0589861128
1992-09-29,341157.82686510734,105880.31582792071
1992-09-30,347773.0216916921,106916.65865857375
1992-10-01,341835.8663105794,106013.67420069787
1992-10-02,333870.01712348487,104788.01911240032
1992-10-05,326326.2378958623,103613.63866306312
1992-10-06,332448.9579273609,104595.02192888808
1992-10-07,330831.5515584272,104350.03050750543
1992-10-08,336227.8010783028,105210.48651485826
1992-10-09,332737.6793539854,104596.99917523105
1992-10-12,335390.2542148373,105208.16726255206
1992-10-13,337398.63283296785,105687.35326855013
1992-10-14,336992.6770527654,105649.52792992756
1992-10-15,338991.45442034875,106095.75675677366
1992-10-16,342483.6188755542,106826.1914515492
1992-10-19,349956.72281122586,108306.59982294832
1992-10-20,351801.4542797629,108681.40936914104
1992-10-21,356030.148733689,109499.98080512504
1992-10-22,355809.0973242889,109497.08144614867
1992-10-23,355854.5718696208,109532.6947374306
1992-10-26,357323.5066606802,109832.37688319966
1992-10-27,355232.8156926452,109473.73071811246
1992-10-28,359473.71720734466,110290.58235104573
1992-10-29,363871.1445014281,111105.63695781158
1992-10-30,363100.1389046091,110989.06973283146
1992-11-02,365451.3212571205,111431.88035619396
1992-11-03,362292.7334480463,110886.1518610878
1992-11-04,363154.1011135796,111061.19805890405
1992-11-05,371935.5706250137,112633.87070180997
1992-11-06,374743.8842351423,113139.11840838577
1992-11-09,380286.1309427268,114101.11211018624
1992-11-10,386441.184363562,115151.20420730086
1992-11-11,394384.23377622943,116467.31329919012
1992-11-12,393667.1904752894,116369.19865591972
1992-11-13,396058.1350264514,116883.76453344624
1992-11-16,392351.9807864983,116308.7026792488
1992-11-17,384247.4179641565,115038.3332326064
1992-11-18,392962.5688435785,116470.17278388844
1992-11-19,397126.2536820633,117153.5792672267
1992-11-20,401707.2325032017,117895.71624418529
1992-11-23,397224.7040755375,117208.69778635314
1992-11-24,405433.7557698953,118514.1289707915
1992-11-25,408180.6720619389,118955.4597353899
1992-11-27,409478.32519825606,119171.12364498616
1992-11-30,413230.53743483865,119768.44793106546
1992-12-01,414672.6729006817,119995.16135982652
1992-12-02,413339.4457367445,119807.17864010336
1992-12-03,417421.3566113343,120443.09891310062
1992-12-04,423725.8279291557,121407.51312946725
1992-12-07,429725.43713821657,122315.09783340342
1992-12-08,430380.7714660257,122426.27487770456
1992-12-09,426327.0339742138,121841.94075294952
1992-12-10,420099.5378879747,120929.08366299709
1992-12-11,416182.0924124543,120355.69670992898
1992-12-14,414815.8956757468,120164.02329409424
1992-12-15,409925.1681580069,119436.42983426676
1992-12-16,408506.53041408287,119233.71348467414
1992-12-17,419033.9150479604,120857.2221790242
1992-12-18,422418.3901263744,121379.52477862564
1992-12-21,423739.3936410207,121597.1758899212
1992-12-22,421650.2136344258,121302.71450389417
1992-12-23,424127.6290095824,121694.7455001522
1992-12-24,427647.3158915447,122233.6430021458
1992-12-28,427931.529830638,122304.47224740808
1992-12-29,431287.4023471134,122814.04322718109
1992-12-30,434784.7765295138,123338.31634930136
1992-12-31,441153.021631056,124277.5184414218
1993-01-04,434503.98634677706,123335.01285716477
1993-01-05,437636.1344313248,123804.27235257956
1993-01-06,447107.5184897227,125185.99591484404
1993-01-07,442326.53835884633,124520.68990993573
1993-01-08,440970.1620198856,124340.05272740564
1993-01-11,447541.1141607082,125295.9305514378
1993-01-12,443650.7789098721,124757.26004902528
1993-01-13,453003.4740453603,126106.13204480767
1993-01-14,464558.71136721154,127747.0164185254
1993-01-15,466404.1021866695,128016.31463334152
1993-01-18,467619.86294165935,128199.3145645632
1993-01-19,465755.81259035214,127959.97076658776
1993-01-20,466476.567258995,128078.70952462072
1993-01-21,470828.1933125248,128693.2873069756
1993-01-22,471907.1921318367,128854.28390549224
1993-01-25,478948.33373673126,129834.37070556552
1993-01-26,479163.3237919271,129876.02221755056
1993-01-27,466637.2233813096,128178.4451323305
1993-01-28,462282.9780003011,127588.2577348472
1993-01-29,464420.2103479012,127898.02824742129
1993-02-01,471544.3637804674,128898.40998371522
1993-02-02,475944.9167695656,129516.78958596972
1993-02-03,480641.197659414,130171.93683334856
1993-02-04,480816.6710485079,130208.09809214996
1993-02-05,470136.0035103343,128765.565031809
1993-02-08,466684.35329183546,128302.05306614412
1993-02-09,458356.3596437364,127160.67273302702
1993-02-10,461966.0409268449,127679.90378697736
1993-02-11,463030.6934956597,127840.9289417469
1993-02-12,455909.3464852262,126862.95019911283
1993-02-16,423108.0718814386,122245.53072299708
1993-02-17,415611.702626175,121153.46540227556
1993-02-18,419245.9774750223,121711.20167724388
1993-02-19,420616.910338759,121927.22013471318
1993-02-22,406685.7031735688,119874.14763431426
1993-02-23,405371.2241798374,119689.59695167402
1993-02-24,418760.1743215772,121724.63368657471
1993-02-25,424424.92576164135,122574.60003150871
1993-02-26,428997.9960755555,123257.3984141165
1993-03-01,427337.61880625365,123028.79991914578
1993-03-02,437628.1882707151,124540.38719004409
1993-03-03,445489.4038724534,125682.69014943052
1993-03-04,441294.8402099284,125099.46183990488
1993-03-05,442043.7932818647,125220.05750131625
1993-03-08,449521.2592347838,126299.96880480264
1993-03-09,451695.1627359065,126620.9250966694
1993-03-10,456719.8781780246,127342.53660736844
1993-03-11,458502.3013945205,127604.71867342474
1993-03-12,456465.5367816171,127332.06541656956
1993-03-15,459585.40181855066,127781.72661546589
1993-03-16,459859.2643174824,127832.54840859724
1993-03-17,449184.2366223002,126352.2759478328
1993-03-18,449131.626160793,126357.11302999148
1993-03-19,442979.0990360999,125498.02294268287
1993-03-22,435061.466044469,124379.70956583586
1993-03-23,432980.2943417024,124092.22425496578
1993-03-24,432050.2721817,123970.17615580134
1993-03-25,440441.3699666397,125195.6272571732
1993-03-26,441043.2116988588,125296.03649562756
1993-03-29,439974.6926337188,125155.62839301764
1993-03-30,446968.2420471257,126167.92606288748
1993-03-31,451934.8088998096,126884.27384135048
1993-04-01,447318.64272274217,126245.64060793648
1993-04-02,425545.420143354,123161.62969073885
1993-04-05,426560.2682602882,123322.69410789362
1993-04-06,418185.66531748936,122117.61053727356
1993-04-07,424032.1596182922,122992.07570569434
1993-04-08,420739.9028299509,122526.1183549964
1993-04-12,429197.9756513355,123777.590608889
1993-04-13,430036.07598147646,123911.10105558165
1993-04-14,430110.9703724803,123934.27660767492
1993-04-15,425454.24740987655,123271.52799275708
1993-04-16,420920.8158882752,122623.46276698937
1993-04-19,416131.273865388,121936.74266423837
1993-04-20,414749.2500606929,121744.69231875584
1993-04-21,417267.2285400652,122128.29166196326
1993-04-22,416545.3465244288,122033.72926491949
1993-04-23,410123.8340525827,121098.62865200032
1993-04-26,394591.8539989098,118795.08555518294
1993-04-27,402572.5450381629,120021.05523799824
1993-04-28,409411.1660149573,121061.29589556168
1993-04-29,409703.0352878693,121117.5278062737
1993-04-30,413320.9937057112,121666.7180381428
1993-05-03,419842.8794515161,122642.7056507352
1993-05-04,434164.2316888643,124751.86822690391
1993-05-05,440622.227898931,125693.02289325808
1993-05-06,436418.1560476932,125103.65613515012
1993-05-07,438152.5790089146,125364.19049408373
1993-05-10,439865.152167432,125621.05419233152
1993-05-11,440114.4891559808,125668.19710724044
1993-05-12,438292.9378669585,125419.13987469998
1993-05-13,430468.1300656663,124309.03319819922
1993-05-14,431338.1628709341,124446.29991174076
1993-05-17,433304.4541447517,124741.81427442929
1993-05-18,436845.66049749486,125263.65389472416
1993-05-19,449159.28945246025,127042.23144592073
1993-05-20,458201.5636558925,128333.2878203533
1993-05-21,454018.3446458695,127758.55290428348
1993-05-24,454481.2306688581,127835.20456572184
1993-05-25,454879.3062232072,127902.6499373042
1993-05-26,466660.7638797518,129571.10336431704
1993-05-27,467262.41435984126,129666.20155539768
1993-05-28,461818.5212768206,128922.124620359
1993-06-01,466700.36819061375,129615.32587663508
1993-06-02,468732.3740859783,129909.18623647845
1993-06-03,469148.7213822909,129978.5324008418
1993-06-04,463494.96700357686,129206.79128795015
1993-06-07,453665.57031779,127847.87365614512
1993-06-08,444635.19625673577,126586.4465308049
1993-06-09,446514.8268408231,126865.55272706326
1993-06-10,444914.5682391422,126649.5345106478
1993-06-11,451500.9712394441,127598.6737663981
1993-06-14,455635.0480111212,128194.42665548708
1993-06-15,456791.7563443907,128368.68222768811
1993-06-16,455303.414166118,128171.08283912584
1993-06-17,454838.2074583249,128117.06778433928
1993-06-18,446479.83606402617,126951.13774740318
1993-06-21,445320.5460005087,126797.67159298864
1993-06-22,442715.0546814925,126438.01714990448
1993-06-23,440104.5858140026,126076.49139572456
1993-06-24,445097.3330095472,126803.04306970854
1993-06-25,452909.6469967242,127927.32187513864
1993-06-28,463318.2210990377,129408.84410424731
1993-06-29,460924.0954341744,129086.02438957887
1993-06-30,464650.6328236078,129619.38496558536
1993-07-01,464114.2912356318,129556.18649185894
1993-07-02,465240.5405143711,129724.98673439676
1993-07-06,462181.2128038143,129310.0733838464
1993-07-07,457605.5171578727,128681.53728367137
1993-07-08,462679.346971247,129406.47364795544
1993-07-09,466700.6660602061,129980.42594803202
1993-07-12,469099.0621082407,130326.05155569909
1993-07-13,470098.004799788,130476.4820582594
1993-07-14,475371.1038286968,131219.941835984
1993-07-15,470237.9953099064,130523.21884666012
1993-07-16,458285.78178048594,128876.11149094356
1993-07-19,453117.0657050242,128160.8855858695
1993-07-20,460962.9219094543,129281.93639611462
1993-07-21,458511.8417367213,128949.79005683916
1993-07-22,452478.5672906764,128112.94097573412
1993-07-23,458560.35766883806,128985.3973557356
1993-07-26,464131.89949496544,129780.53350265363
1993-07-27,459406.8539668285,129131.53811026286
1993-07-28,465362.7307118965,129980.14366614923
1993-07-29,467478.0250380709,130287.1861473882
1993-07-30,464058.8259813478,129822.37549966385
1993-08-02,467896.8059462855,130370.76117816016
1993-08-03,469621.1613875838,130622.57975170246
1993-08-04,475892.1712055311,131506.31459539488
1993-08-05,478110.4126274936,131824.49451419478
1993-08-06,481496.2128568583,132302.97833408442
1993-08-09,481983.3426711422,132381.66409289758
1993-08-10,480028.9088030808,132125.02871423337
1993-08-11,482229.07729197247,132439.56465225035
1993-08-12,479952.2793951504,132138.6867703462
1993-08-13,481415.78168613295,132351.89545684357
1993-08-16,492921.6910264955,133945.27514525573
1993-08-17,498445.2695316522,134707.66291585096
1993-08-18,503589.8002078557,135414.8062366887
1993-08-19,497561.96566318057,134616.40369260823
1993-08-20,498151.1582906029,134708.07322823183
1993-08-23,497949.9691325181,134692.8448895718
1993-08-24,503717.30091701006,135484.8340279576
1993-08-25,501623.4914011856,135215.29116904095
1993-08-26,498454.1346780443,134800.1517902519
1993-08-27,502042.1733050099,135297.30218678305
1993-08-30,506504.34826448426,135910.59307508214
1993-08-31,513939.3712085178,136920.1959346279
1993-09-01,518451.3464715722,137533.55434255794
1993-09-02,521856.807396433,137997.63961186196
1993-09-03,523265.41244669503,138196.31317659334
1993-09-07,508734.3237130435,136289.9049174961
1993-09-08,496804.3479587792,134704.16181256852
1993-09-09,506229.5997776682,135994.08325173258
1993-09-10,515220.5430626749,137214.00201909765
1993-09-13,509628.4151782517,136481.71188586592
1993-09-14,498987.2187219388,135069.11622500294
1993-09-15,508333.5864226706,136346.25106209263
1993-09-16,508609.88968880434,136395.58835310148
1993-09-17,508968.7231579965,136455.9895574182
1993-09-20,509038.8536453245,136477.6825197564
1993-09-21,499825.0065158076,135254.82062297783
1993-09-22,516084.3333339043,137466.92656770366
1993-09-23,525319.5322967897,138709.27748863644
1993-09-24,528587.9050733881,139153.27506398573
1993-09-27,535942.5049261996,140133.87656335428
1993-09-28,541104.2516598775,140821.32545966993
1993-09-29,540338.1520591556,140734.32259228418
1993-09-30,539714.3473887106,140665.7630109714
1993-10-01,540281.6924636249,140752.0885749425
1993-10-04,542491.6941762296,141052.3586959983
1993-10-05,538776.195601303,140581.7544498829
1993-10-06,542240.9489461656,141046.1644824793
1993-10-07,538938.0373889448,140629.01802501394
1993-10-08,539579.8628225732,140960.66411629034
1993-10-11,542679.25492864,141587.4226814595
1993-10-12,547353.90050462,142477.96261896798
1993-10-13,554022.1333467687,143682.09570884553
1993-10-14,560848.1178381054,144873.38412829328
1993-10-15,562846.5579381718,145247.59134950355
1993-10-18,557505.170584897,144419.1326439063
1993-10-19,543022.9292152465,141803.183650556
1993-10-20,542305.6899516677,141721.70011481797
1993-10-21,545173.3653269607,142284.03428917367
1993-10-22,546417.8997165019,142545.68415270644
1993-10-25,543295.0456761416,142008.5466815986
1993-10-26,538890.2270261709,141220.4844533095
1993-10-27,545107.2308572124,142408.27590901227
1993-10-28,546501.9702973387,142708.70140204456
1993-10-29,552411.7523153477,143776.6663264407
1993-11-01,557043.9738747985,144612.2048706443
1993-11-02,558890.8157799104,144964.36046247522
1993-11-03,545529.5425857086,142622.6608839695
1993-11-04,530413.3538860566,139730.97953873096
1993-11-05,535621.8599955917,140791.61277285405
1993-11-08,538449.990122866,141389.1450448259
1993-11-09,541751.1574774486,142062.35819501942
1993-11-10,548274.8404030299,143294.73816072562
1993-11-11,550710.5836393947,143755.80370957233
1993-11-12,550870.5285622189,143821.97626155603
1993-11-15,543566.7189705695,142557.55649257498
1993-11-16,542362.9413361741,142420.68904183255
1993-11-17,532908.4422563267,140702.16128871834
1993-11-18,525380.36517384,139225.3372550624
1993-11-19,522665.2015438179,138715.5539354691
1993-11-22,511815.0751549907,136240.08070157314
1993-11-23,518596.511836306,137847.2785943892
1993-11-24,523977.37869879225,139024.48031040255
1993-11-26,525290.8830579391,139339.7367160019
1993-11-29,522118.9879493073,138728.37404269192
1993-11-30,524463.0835280648,139257.77146274518
1993-12-01,533396.0770046032,140999.983188093
1993-12-02,536018.1486179319,141542.37168986376
1993-12-03,541288.434080588,142559.22270849938
1993-12-06,539873.7689168013,142354.01848986407
1993-12-07,537933.4080071582,142036.17003654328
1993-12-08,536237.2292611154,141770.0161816345
1993-12-09,529785.3675818996,140591.80113426017
1993-12-10,528823.6191194442,140456.6781222368
1993-12-13,527654.0893497479,140271.69444177733
1993-12-14,520017.6250777723,138751.7868321228
1993-12-15,521133.74806902494,139032.05118752483
1993-12-16,522942.4159068485,139508.06319072546
1993-12-17,526177.930945414,140194.57806882277
1993-12-20,526845.3495123168,140367.80549670616
1993-12-21,522455.79800296266,139536.48968817957
1993-12-22,522642.2514381776,139621.06391537498
1993-12-23,524874.925679217,140110.0629341642
1993-12-27,526925.698172937,140549.220280967
1993-12-28,530127.0541217054,141198.93133050465
1993-12-29,533845.6192007803,141926.23560743025
1993-12-30,536237.63892701,142409.800910444
1993-12-31,541994.138254204,143469.6058325117
1994-01-03,535343.0629783515,142357.47944744708
1994-01-04,538676.0493646975,143011.0078672421
1994-01-05,542484.4431711307,143710.73146300117
1994-01-06,544866.8111375805,144150.05730033352
1994-01-07,547414.9172176713,144620.81287796333
1994-01-10,551429.1284497681,145316.93772169907
1994-01-11,549797.8554244358,145104.27905930133
1994-01-12,550960.7645233247,145357.1066052284
1994-01-13,551857.2190325841,145534.21248208833
1994-01-14,556916.499271981,146368.97441563074
1994-01-17,556586.4757852638,146348.4426787827
1994-01-18,557401.9532031451,146507.1149047174
1994-01-19,552858.6411286073,145819.655695757
1994-01-20,557077.6371380005,146515.94090136467
1994-01-21,558331.4210153207,146750.37261834665
1994-01-24,553900.8987062686,146083.1906544034
1994-01-25,548599.2096665181,145299.57491608534
1994-01-26,551183.1012282475,145748.3199330697
1994-01-27,555808.7934088197,146505.6639209015
1994-01-28,559955.3327427382,147183.59121720484
1994-01-31,564568.0962444321,147915.12178207465
1994-02-01,560259.8664698601,147321.7905070199
1994-02-02,562938.2253094402,147755.861479361
1994-02-03,560472.7764037403,147430.44047158668
1994-02-04,536831.168986555,143643.7416944061
1994-02-07,538663.0995413642,144001.98053453496
1994-02-08,542406.9941215441,144652.23528758402
1994-02-09,546623.141346112,145363.51192272213
1994-02-10,542807.3243082885,144792.18592176487
1994-02-11,538732.4545033257,144420.45331292358
1994-02-14,543191.6485882631,145174.28117177982
1994-02-15,548566.7667282643,146040.8880002404
1994-02-16,551421.317605218,146506.44968590402
1994-02-17,548093.0994895448,146070.02212667197
1994-02-18,546257.9096104965,145816.56604912857
1994-02-22,548635.9305571893,146245.19504046632
1994-02-23,545974.8567752431,145871.57297819247
1994-02-24,534439.771061211,144087.49349595982
1994-02-25,539343.3847294456,144893.22271023906
1994-02-28,549585.3065122636,146508.68690224926
1994-03-01,544608.3838345539,145798.58355091856
1994-03-02,538258.0185386087,144846.2511948501
1994-03-03,539410.0555223637,145054.92291507963
1994-03-04,546405.5737982334,146162.11825056886
1994-03-07,551797.1707165588,146997.58810845856
1994-03-08,548003.9200414662,146459.3587722096
1994-03-09,548993.4546888585,146634.79728569722
1994-03-10,543982.7147090237,145906.09253936677
1994-03-11,543950.8161069553,145929.9032519088
1994-03-14,548219.3810506071,146599.0443735659
1994-03-15,548845.424151439,146735.67807419805
1994-03-16,555569.8704862607,147750.6646737684
1994-03-17,561605.5807392118,148652.8997707004
1994-03-18,561511.1457034273,148671.23637966812
1994-03-21,552897.4396297595,147448.68555104217
1994-03-22,551536.9731031721,147274.66584323524
1994-03-23,552813.4411370443,147494.54834834594
1994-03-24,539239.7833593658,145495.1153831637
1994-03-25,535179.091212346,144901.20020473417
1994-03-28,522213.2638439749,142879.41583885872
1994-03-29,503680.8925707921,139699.70072514625
1994-03-30,493429.1353751656,137783.12380129323
1994-03-31,490974.0578260498,137518.2124776433
1994-04-04,477028.7902836049,134552.70029006756
1994-04-05,498532.63017374766,138910.22396226108
1994-04-06,498030.3068864817,138870.97842716792
1994-04-07,502254.4915700021,139697.46472414373
1994-04-08,495566.82520836266,138505.77491664165
1994-04-11,494760.5282972516,138398.07036956647
1994-04-12,486398.7895048332,136756.739909084
1994-04-13,476491.3167114434,134569.58560231683
1994-04-14,476125.03228218167,134559.83787270417
1994-04-15,476322.8339202505,134685.1435051357
1994-04-18,470560.5997126727,133297.04745217183
1994-04-19,465362.0868820766,131894.0688908136
1994-04-20,460987.58804618166,130540.99436718535
1994-04-21,469068.091702632,132990.16790354453
1994-04-22,470918.18289894913,133700.15936650464
1994-04-25,477018.957895864,135228.0437820713
1994-04-26,479530.8618796129,135862.26002045872
1994-04-28,477161.727608162,135399.1765640646
1994-04-29,478692.1387142881,135800.26220023647
1994-05-02,483942.5654711334,137069.26071729872
1994-05-03,482155.5978583675,136830.09785394988
1994-05-04,482708.95434259454,137005.46303407528
1994-05-05,482665.61998622754,137054.9919422355
1994-05-06,475557.17888725497,135635.0518074457
1994-05-09,467362.2627100829,133806.0321172572
1994-05-10,468672.9692515307,134186.77877679863
1994-05-11,462542.4949160438,132709.2920032554
1994-05-12,464010.9775511029,133195.53307068069
1994-05-13,461801.0701335712,132700.80092235282
1994-05-16,458169.4578957978,131776.6152602224
1994-05-17,457589.36828044057,131707.57124594937
1994-05-18,464524.950492719,133632.12213250404
1994-05-19,468453.0064429804,134636.7530359203
1994-05-20,467643.78458234674,134527.04059476074
1994-05-23,465944.61537604127,134206.2828144092
1994-05-24,471182.61561469047,135416.48472548445
1994-05-25,471248.3559220475,135530.79325521097
1994-05-26,470597.4566641528,135454.4140648824
1994-05-27,471620.2466627146,135735.3462623051
1994-05-31,473187.8471922626,136118.11784041466
1994-06-01,473003.1626604408,136182.46037473937
1994-06-02,476526.24333524617,136922.6012236766
1994-06-03,479063.8306325878,137459.11045409134
1994-06-06,479760.26492388215,137656.79907046325
1994-06-07,475341.8595824798,136895.34656754494
1994-06-08,466314.4436457162,135137.64817693064
1994-06-09,465227.7270442696,134972.36297294186
1994-06-10,469790.59635109646,135969.98024082548
1994-06-13,467153.4347647821,135501.0054458572
1994-06-14,470887.5383644686,136296.82424338593
1994-06-15,470484.076101462,136274.15126469856
1994-06-16,469387.44171377167,136116.26553375722
1994-06-17,463862.894441473,135078.6846246842
1994-06-20,454854.5017722896,133137.2565992449
1994-06-21,447430.28495010105,131277.22764426243
1994-06-22,449791.9401797165,132011.94751335983
1994-06-23,442190.59284715087,129812.8513935131
1994-06-24,438366.1835648301,128508.27513447095
1994-06-27,442432.9299975509,130158.00097123955
1994-06-28,441695.79170957394,130044.4036414914
1994-06-29,442445.30466457736,130410.5650931302
1994-06-30,443272.8994321808,130774.88967779814
1994-07-01,443457.19981723593,130942.86197232906
1994-07-05,441068.5741109987,130342.07921190724
1994-07-06,439168.5861067161,129865.37265902886
1994-07-07,442133.2421563078,130892.94303044734
1994-07-08,442345.9307209575,131068.35153832215
1994-07-11,441548.075907459,130954.75367254134
1994-07-12,443051.64722028165,131469.2200438294
1994-07-13,450225.0928622688,133280.62377157796
1994-07-14,451727.3912510029,133693.26833274882
1994-07-15,451083.06826892495,133659.39251451477
1994-07-18,451824.2107025169,133896.03964652345
1994-07-19,448591.9251511164,133287.7647771538
1994-07-20,442994.3568646711,132077.24588676423
1994-07-21,444360.9739698677,132499.1734405967
1994-07-22,445307.54624021536,132808.07587865926
1994-07-25,445089.4751747069,132848.30226749324
1994-07-26,443703.8865221691,132625.37567824154
1994-07-27,440485.1000505702,131974.36331040747
1994-07-28,440339.697213857,132033.10031893308
1994-07-29,448332.0715254285,133839.48007234238
1994-08-01,450417.4951159058,134341.21073563027
1994-08-02,450048.6151664121,134335.14476962306
1994-08-03,448643.63448042,134132.6174453659
1994-08-04,445042.62004801503,133485.24689343598
1994-08-05,443318.4630100482,133208.5450441371
1994-08-08,444620.0586904301,133545.35208699075
1994-08-09,446302.7100941184,133945.20199697604
1994-08-10,451526.4347553715,134984.57568223242
1994-08-11,451227.54606663785,134987.78960070104
1994-08-12,454503.3714668848,135623.11665482607
1994-08-15,455550.7412267513,135863.6328095342
1994-08-16,458148.6581708266,136352.5640754727
1994-08-17,466003.5450683635,137681.30692383143
1994-08-18,465216.2458849592,137593.74604136954
1994-08-19,465311.4715226769,137645.22629287158
1994-08-22,464944.2504363504,137622.5450884449
1994-08-23,471491.7095834478,138680.76347021814
1994-08-24,475855.3464490493,139377.48595870464
1994-08-25,479486.2225488229,139951.87488934444
1994-08-26,489496.67116052425,141464.49474258037
1994-08-29,489712.82961243,141517.93002276713
1994-08-30,493720.6833560008,142123.92951960853
1994-08-31,492531.4521028424,141971.5480674505
1994-09-01,483904.2243986432,140738.0904784804
1994-09-02,484133.6595817449,140793.3581097066
1994-09-06,484324.195525056,140843.0709089355
1994-09-07,490297.17329236434,141736.5776240334
1994-09-08,496612.0301205474,142670.90916552083
1994-09-09,489330.17197023047,141641.31763279185
1994-09-12,484469.4813297596,140954.78449548408
1994-09-13,491771.5806899113,142037.54460594725
1994-09-14,495237.74393018347,142556.5237220925
1994-09-15,508085.7485816601,144423.92093113996
1994-09-16,507006.1474061898,144288.25145574193
1994-09-19,505354.51592321566,144070.96292811172
1994-09-20,492268.7127733137,142223.24290284087
1994-09-21,484428.74320860073,141108.12530780406
1994-09-22,483988.51755760814,141061.39767411086
1994-09-23,480099.44569718,140511.9707748804
1994-09-26,477684.5721797224,140175.84054958957
1994-09-27,477261.33507731085,140130.94403017586
1994-09-28,483030.338600244,140995.06345804673
1994-09-29,482083.2555006199,140874.12701128193
1994-09-30,488273.1512884116,141795.80499816235
1994-10-03,483819.09725812206,141166.54177520945
1994-10-04,466452.7181431659,138650.39384444567
1994-10-05,465086.69929095113,138464.45692105754
1994-10-06,462389.1982309778,138079.97106248038
1994-10-07,466592.61768022703,139153.85103936464
1994-10-10,472643.2242329862,140428.16595222827
1994-10-11,480787.7917910058,142056.95326254828
1994-10-12,481901.31254196144,142325.68087023406
1994-10-13,482502.1055985126,142494.22204214093
1994-10-14,481532.9106902536,142347.30681426506
1994-10-17,480058.5813928336,142109.4568468563
1994-10-18,478482.78120725474,141932.82698351148
1994-10-19,484064.1553007204,143014.42103154524
1994-10-20,481528.2289127753,142576.1362993726
1994-10-21,478572.6389090126,142048.75195949333
1994-10-24,474409.6370942434,141278.2167187702
1994-10-25,471431.07347497233,140734.06737923142
1994-10-26,475915.8838930957,141661.70919583258
1994-10-27,479873.9424297472,142450.19067122834
1994-10-28,488436.0194967073,144064.68812293425
1994-10-31,489604.9342205131,144316.83530203867
1994-11-01,483205.4236503659,143336.4935228796
1994-11-02,482337.0309865167,143271.22656414966
1994-11-03,481945.92601485504,143326.60766783747
1994-11-04,475669.3257347138,142212.52214002414
1994-11-07,471772.1539295951,141516.05438510035
1994-11-08,476793.29514173296,142490.3230591311
1994-11-09,476239.1854709091,142439.88257752563
1994-11-10,473204.37708000425,141910.4597087555
1994-11-11,470813.46501111175,141494.25792437192
1994-11-14,476578.941748852,142615.29623342978
1994-11-15,477297.9479541987,142782.0763159666
1994-11-16,477582.8878441852,142900.5888744265
1994-11-17,473457.9757383895,142198.43999478343
1994-11-18,472103.0652388911,141984.57609249125
1994-11-21,464785.2272812444,140701.1897136054
1994-11-22,449723.30956385314,137635.16735783406
1994-11-23,445617.4697858541,136800.98141227936
1994-11-25,450495.5087576612,137884.98067241834
1994-11-28,453149.8060284168,138484.34912757558
1994-11-29,458248.1997815536,139555.43904470722
1994-11-30,456786.6615296552,139343.34612594277
1994-12-01,447745.44161516,137543.3972991525
1994-12-02,451417.438951178,138365.68767681104
1994-12-05,451855.2358482472,138497.12987894667
1994-12-06,447728.1419837439,137668.37090400187
1994-12-07,441703.95529015845,136378.97774429517
1994-12-08,430174.6662245024,133568.34878530397
1994-12-09,429931.4357161633,133558.5259209487
1994-12-12,429787.663429688,133574.70925861434
1994-12-13,429662.69875347,133646.6152603825
1994-12-14,434178.8363843835,134797.74255422087
1994-12-15,437963.2840343951,135731.5927045983
1994-12-16,436454.1311791641,135435.75247867094
1994-12-19,435332.2956119696,135219.77569876192
1994-12-20,435576.4506514203,135338.17141005304
1994-12-21,442577.9050677895,136940.90460898983
1994-12-22,444270.4707053787,137356.5988441219
1994-12-23,446555.1317246207,137889.345446563
1994-12-27,449919.0126175941,138635.77701915216
1994-12-28,446399.6066617464,137946.0791188457
1994-12-29,452634.0334654552,139262.9424099192
1994-12-30,454639.050867675,139717.75168596575
1995-01-03,446722.0153361295,138164.0335000007
1995-01-04,448534.0022169863,138587.2538035539
1995-01-05,448151.4903604471,138557.0970637898
1995-01-06,451653.5218887955,139309.24830816023
1995-01-09,453696.21495774656,139758.54366073114
1995-01-10,457716.9990320905,140585.08296535976
1995-01-11,456783.0666088775,140443.47638719282
1995-01-12,457335.7791669343,140589.917404494
1995-01-13,462708.0553900196,141643.25470367257
1995-01-16,468564.2625800132,142761.69428472692
1995-01-17,472497.2773862915,143504.77975089606
1995-01-18,472569.00969910383,143552.79951149036
1995-01-19,468431.0649105168,142844.37912778655
1995-01-20,461713.5473582516,141639.67598941852
1995-01-23,459029.4698970244,141170.9511635538
1995-01-24,462490.4536921736,141860.1771417901
1995-01-25,460079.4795255253,141450.90527525486
1995-01-26,456545.196984412,140818.56697102508
1995-01-27,457649.92028831394,141072.85916263977
1995-01-30,450691.3622855541,139760.13355232243
1995-01-31,453692.53732244734,140389.9205562488
1995-02-01,456084.76034566906,140971.4021953588
1995-02-02,461229.7680272394,141965.61989519955
1995-02-03,469758.6554395936,143534.3293339378
1995-02-06,476322.0738424453,144800.0773951641
1995-02-07,476273.0791008392,144825.83393664306
1995-02-08,481342.8797023693,145721.70562818972
1995-02-09,483004.0375488371,146035.66519857247
1995-02-10,488413.88915169006,146966.9235339858
1995-02-13,487102.6118904032,146782.62872374346
1995-02-14,488271.2975173375,147009.2505909541
1995-02-15,493792.79006526974,147944.32070021305
1995-02-16,490967.00412199297,147516.44679942
1995-02-17,483639.9145050615,146341.02748365366
1995-02-21,480851.4387612937,145907.5220043735
1995-02-22,484370.5576063562,146526.52139971236
1995-02-23,488057.3260893662,147166.00343004317
1995-02-24,487501.7357983216,147119.30366204356
1995-02-27,479928.4724945348,145899.1028172284
1995-02-28,490116.3709451387,147619.14240451265
1995-03-01,487788.1441987448,147276.73416307112
1995-03-02,489667.6227686662,147616.8749607723
1995-03-03,495398.737970765,148570.79796856918
1995-03-06,494024.9741214658,148384.6283719036
1995-03-07,486438.0189613319,147190.3256903909
1995-03-08,491402.5392748807,148027.12324767248
1995-03-09,491733.7871201799,148110.62983315554
1995-03-10,498524.6786953888,149226.50768393607
1995-03-13,498468.3580960304,149246.8072165917
1995-03-14,505313.7438240118,150353.4660906847
1995-03-15,504128.8311024068,150197.06649836776
1995-03-16,506292.3173273744,150565.26590516494
1995-03-17,504914.1801630072,150380.95400755934
1995-03-20,507340.7171900854,150786.37387310655
1995-03-21,506309.893653528,150657.8804252565
1995-03-22,505336.6742479198,150534.94494737114
1995-03-23,507927.4145724465,150964.5962423807
1995-03-24,516527.71649240167,152320.81555187114
1995-03-27,521239.7080278094,153063.11090624184
1995-03-28,525384.4783985905,153719.84719173788
1995-03-29,516482.9796782096,152424.73107951335
1995-03-30,513467.60687983735,152000.3913053532
1995-03-31,513744.9482188404,152069.14478475013
1995-04-03,514517.6144959612,152229.06909770533
1995-04-04,508862.6723151981,151426.93052790003
1995-04-05,511904.23527673737,151914.38243713716
1995-04-06,508657.55565427296,151449.0323654601
1995-04-07,509589.46272493846,151618.2709555527
1995-04-10,517530.2605045908,152844.59525686887
1995-04-11,521804.07525189646,153512.64801987723
1995-04-12,526258.2137592584,154204.92820548237
1995-04-13,531288.0947980217,154973.54486340095
1995-04-17,528845.044627922,154638.4892954232
1995-04-18,522292.4876871676,153696.64004863967
1995-04-19,510668.9940883758,151989.74591143508
1995-04-20,513549.15921333,152451.26456200995
1995-04-21,518870.2141972482,153279.4972005948
1995-04-24,525564.7704672394,154301.35612245806
1995-04-25,528400.5317884929,154746.21524402493
1995-04-26,535376.6764327387,155797.9370078109
1995-04-27,540380.7383276531,156553.73424769272
1995-04-28,544118.7279952902,157121.52954458288
1995-05-01,540958.3886178616,156687.78176943026
1995-05-02,541023.8374788542,156721.29492084763
1995-05-03,551740.4042859944,158301.94506150496
1995-05-04,547057.8706714197,157652.21832274675
1995-05-05,542766.706356173,157056.46143706408
1995-05-08,550015.2153586247,158132.64303546306
1995-05-09,548428.1304964828,157927.87180024962
1995-05-10,547575.7069398261,157829.22515483355
1995-05-11,555446.1746794889,158989.306536843
1995-05-12,561945.2816507639,159944.60811940063
1995-05-15,567188.4304151379,160715.60728367712
1995-05-16,573862.3434612489,161685.89550141527
1995-05-17,578578.821387099,162375.03501439583
1995-05-18,567996.542105634,160913.31240012278
1995-05-19,568524.2994108574,161012.12244521617
1995-05-22,577070.4842541596,162246.9584866139
1995-05-23,588130.0072363862,163826.40043151
1995-05-24,585764.2473980606,163521.1320594521
1995-05-25,584737.8191480176,163402.10740552098
1995-05-26,577329.654839409,162390.9253556555
1995-05-30,559754.6289821555,159941.80486591728
1995-05-31,567275.6781229603,161040.82504582877
1995-06-01,572695.4201726582,161834.42028948432
1995-06-02,578021.776390447,162611.2839086803
1995-06-05,590958.819490155,164455.5399638388
1995-06-06,586194.0700876231,163816.80551981865
1995-06-07,588953.6821195983,164226.80033237746
1995-06-08,594885.9563086309,165078.31357319982
1995-06-09,592388.7267217156,164756.23422832336
1995-06-12,597063.9092496432,165430.81713915765
1995-06-13,605319.9374336313,166599.1320012251
1995-06-14,607186.8005897399,166880.69063715934
1995-06-15,616471.8787682941,168181.37870988145
1995-06-16,624473.0338319251,169297.67994076377
1995-06-19,642791.3060723299,171805.82261977144
1995-06-20,653422.9473925818,173252.0450769936
1995-06-21,652361.3619862335,173136.91838646148
1995-06-22,667504.8078263807,175172.053331317
1995-06-23,665606.7018973479,174948.88898974744
1995-06-26,648582.9153938417,172737.4709576036
1995-06-27,638038.9481493472,171358.91194990286
1995-06-28,639212.9222949961,171541.89087688646
1995-06-29,647789.9449934548,172718.13301135311
1995-06-30,656911.2941654468,173959.66287276914
1995-07-03,658272.3919362428,174165.0789742169
1995-07-05,668383.0004468756,175527.83336033666
1995-07-06,683990.0912132615,177602.59045675164
1995-07-07,707984.8792899435,180743.51817117693
1995-07-10,717844.5458021826,182028.2487813911
1995-07-11,708247.7495405258,180837.8547014235
1995-07-12,734954.4714660174,184273.57920423851
1995-07-13,742983.8081769506,185306.85892664024
1995-07-14,750546.5542740484,186276.8075318918
1995-07-17,760218.643332713,187504.03734812865
1995-07-18,733794.4083882862,184272.49451812808
1995-07-19,680675.2799486022,177629.4729186425
1995-07-20,691511.4003713655,179069.1016868179
1995-07-21,693071.780738036,179297.07106390636
1995-07-24,717116.8648278674,182433.26196076977
1995-07-25,739191.7183971448,185267.5876853987
1995-07-26,748578.5678567911,186470.7603096356
1995-07-27,764084.7182412345,188429.05833550708
1995-07-28,755765.0116797398,187430.49942468785
1995-07-31,749462.4421029473,186676.1252308524
1995-08-01,734163.3964701095,184797.41286078127
1995-08-02,723085.0883810318,183429.50672643183
1995-08-03,721369.6685856105,183238.0939249326
1995-08-04,733515.9003941186,184806.8917352526
1995-08-07,739454.7724824646,185581.3955880529
1995-08-08,742102.4657219292,185940.11695269556
1995-08-09,753804.2045962611,187432.628289714
1995-08-10,746890.2268129545,186599.7905126135
1995-08-11,751937.7365787063,187256.93449343528
1995-08-14,764235.0342555519,188814.86172267
1995-08-15,763947.6874767854,188806.30130812645
1995-08-16,783959.5529660712,191306.15831857757
1995-08-17,789107.8620264105,191961.6092781034
1995-08-18,792048.4468587043,192346.66363033815
1995-08-21,774072.7018793216,190191.42484571823
1995-08-22,782375.686785407,191238.58845848
1995-08-23,786615.4173750228,191784.0357586904
1995-08-24,775320.0109066049,190434.4337045056
1995-08-25,773677.5887250477,190259.8946185656
1995-08-28,755562.1244767662,188059.5932975385
1995-08-29,748622.4383395606,187222.776871539
1995-08-30,761826.0256747836,188900.52657274844
1995-08-31,772930.0264584813,190304.13538217137
1995-09-01,771774.5928820911,190189.2700580623
1995-09-05,801613.4377014191,193893.23846756475
1995-09-06,809103.1172819057,194826.92694016863
1995-09-07,819445.9690636282,196100.19937292364
1995-09-08,833204.6005222618,197774.68539505007
1995-09-11,843270.030044291,198997.73196140173
1995-09-12,840600.6742737029,198711.3957969421
1995-09-13,844187.5246946915,199163.9319044685
1995-09-14,843288.7760765064,199086.5633816976
1995-09-15,818015.9364629348,196131.9516461204
1995-09-18,816387.6939030797,195964.96692409957
1995-09-19,831956.7708032504,197861.7499289956
1995-09-20,839242.4173872117,198756.57377525343
1995-09-21,828671.5208083502,197533.41963968912
1995-09-22,820456.0334535821,196582.65698729892
1995-09-25,808981.0069105097,195236.21733665647
1995-09-26,796259.470430781,193729.219728061
1995-09-27,778410.2849260251,191585.74205728207
1995-09-28,809328.2850304787,195418.1381843247
1995-09-29,803707.7844993714,194767.6937797946
1995-10-02,778916.5945244659,191791.6518577976
1995-10-03,767936.7516180966,190467.31227541703
1995-10-04,740391.0013326845,187078.54592207016
1995-10-05,757840.1317003781,189309.7909971472
1995-10-06,754158.8054035272,188911.10806136864
1995-10-09,730789.440680075,183819.68972023643
1995-10-10,729066.0017041456,183586.9940573917
1995-10-11,745242.1198622264,186970.14786878772
1995-10-12,758796.1867547741,189599.2785961966
1995-10-13,761232.0673318028,190117.16684308575
1995-10-16,760640.7902013038,190075.0219724296
1995-10-17,779036.592274782,193311.1452514479
1995-10-18,789852.5235816455,195169.6362581667
1995-10-19,791328.3586089533,195472.99715465825
1995-10-20,782640.577794004,194088.58789452512
1995-10-23,779341.909457975,193605.90386823585
1995-10-24,781535.1944214178,194043.6764373548
1995-10-25,767641.2943427842,191663.9179777724
1995-10-26,758322.51569839,190006.66771305475
1995-10-27,765978.7987545254,191501.2720526648
1995-10-30,781200.0638412419,194146.1780418213
1995-10-31,776749.9740223737,193472.97553115367
1995-11-01,781216.3220328977,194306.69291842548
1995-11-02,800662.1022296349,197452.33622019656
1995-11-03,810320.710344134,199014.531812323
1995-11-06,805659.5998968857,198361.8982807762
1995-11-07,784368.9058091886,194960.1784941916
1995-11-08,788646.4227255326,195719.3207571436
1995-11-09,809490.684785693,199020.4013211732
1995-11-10,807053.0461730047,198703.9007101822
1995-11-13,800189.2303324668,197698.1747452638
1995-11-14,779807.7525284049,194370.7494916637
1995-11-15,780839.646476706,194605.11754721016
1995-11-16,783369.5978337785,195101.0044662886
1995-11-17,783642.8214581856,195208.3947122912
1995-11-20,766499.9206279664,192306.47145233315
1995-11-21,760219.076093262,191474.1833816884
1995-11-22,755939.986651671,190778.22014472497
1995-11-24,764882.3172609932,192450.9891186262
1995-11-27,763629.9819559592,192296.7604792311
1995-11-28,786693.4781660364,196174.1207815906
1995-11-29,795198.7891652891,197583.6858410915
1995-11-30,796419.8587468801,197892.9207790104
1995-12-01,791992.6063865144,197170.87435879197
1995-12-04,809305.5090244644,199880.96376483687
1995-12-05,804124.6610748147,199157.0371960484
1995-12-06,798572.928058194,198384.49425371923
1995-12-07,787220.2657532732,196789.79156002743
1995-12-08,797987.2742042767,198521.01280075684
1995-12-11,796569.7617214519,198355.6912980695
1995-12-12,785152.227093236,196598.28044658471
1995-12-13,790012.3354216176,197438.27896765084
1995-12-14,769053.2902973071,194013.85124579156
1995-12-15,760470.4374203483,192577.6560335204
1995-12-18,734230.6548853455,187364.51261627796
1995-12-19,757550.434887852,191826.21364006787
1995-12-20,755794.5449731702,191617.72310190997
1995-12-21,771903.851292972,194494.85890913653
1995-12-22,778489.6836451422,195667.6101756409
1995-12-26,780912.6150342645,196135.78643708813
1995-12-27,779093.3242063668,195908.69207732848
1995-12-28,772077.4260682098,194808.6967845877
1995-12-29,782962.3738926628,196665.689578174
1996-01-02,790048.9647865692,197889.10374488813
1996-01-03,775630.8688159967,195577.80080784915
1996-01-04,757907.5690458514,192509.3098012221
1996-01-05,761333.4709833486,193196.210379927
1996-01-08,759813.7550393728,192995.1815624608
1996-01-09,729409.4877212257,186725.9428348956
1996-01-10,722198.2234473131,185122.6369124949
1996-01-11,740218.3753126821,189032.4820389667
1996-01-12,737167.3462492366,188500.41638613807
1996-01-15,721118.5906357853,184829.2419979357
1996-01-16,726484.4254852349,186198.4941466477
1996-01-17,728068.200463818,186657.2648367953
1996-01-18,735333.2476374126,188333.2671298618
1996-01-19,745165.7044977745,190433.7959746782
1996-01-22,755640.3057276144,192493.2703746595
1996-01-23,753821.2556144631,192236.08812608643
1996-01-24,769728.3299025953,195124.07958363465
1996-01-25,761376.5362174871,193724.37467912823
1996-01-26,766306.1833947027,194665.8673753774
1996-01-29,767385.2295342959,194960.37087032243
1996-01-30,776731.0155419541,196608.8428282658
1996-01-31,786092.9585192486,198201.2792257348
1996-02-01,797845.0674380539,200014.46112663008
1996-02-02,800546.5799711589,200514.84100003005
1996-02-05,814023.968533332,202619.93861749244
1996-02-06,820963.877848104,203698.32845424785
1996-02-07,815273.1347710937,202917.63183584932
1996-02-08,825555.8167631663,204473.04491920947
1996-02-09,827050.4569645827,204745.3762675211
1996-02-12,827729.4105669516,204896.15595868425
1996-02-13,816901.5374190988,203374.66036889856
1996-02-14,817568.3592801805,203531.03165623551
1996-02-15,820436.8143306426,204005.4095976559
1996-02-16,820223.710487576,204042.0538560052
1996-02-20,810343.8944306904,202649.48443544196
1996-02-21,827591.8777525796,205200.42712518317
1996-02-22,854580.9962146998,208995.58749977537
1996-02-23,855205.1704101331,209127.79208257585
1996-02-26,848300.3776346204,208245.96461896464
1996-02-27,838556.695931784,206963.7091725984
1996-02-28,840087.8225329419,207226.8349127001
1996-02-29,829727.4269519938,205828.490303112
1996-03-01,811094.6800685984,203219.47072572025
1996-03-04,809215.3659252938,202999.78305083315
1996-03-05,824286.6280662302,205236.93544120612
1996-03-06,817403.3578553554,204308.0638614686
1996-03-07,818765.4468656351,204556.20147217403
1996-03-08,781948.126842867,199061.30075818108
1996-03-11,802131.2454543267,202204.300926956
1996-03-12,792523.0235844918,200814.9346869854
1996-03-13,811772.7065090277,203737.2853771068
1996-03-14,814554.8565410987,204196.8941916721
1996-03-15,825362.9299064593,205796.30230492284
1996-03-18,845017.9551699951,208576.75977550508
1996-03-19,842065.4277481866,208222.36718300605
1996-03-20,827329.478971481,206228.38008058773
1996-03-21,824295.4815511185,205853.35117984773
1996-03-22,827142.8429147894,206313.0752377316
1996-03-25,806999.526240653,203485.9594387985
1996-03-26,808258.0991874546,203726.6581395405
1996-03-27,815011.8348277523,204766.6669617332
1996-03-28,815902.9195124905,204949.36655717329
1996-03-29,824275.734253057,206184.1462907881
1996-04-01,830976.8380121541,207156.87448975095
1996-04-02,837049.7183576183,208045.437939104
1996-04-03,843008.1690609426,208904.06052306548
1996-04-04,845960.2665438572,209350.85952538624
1996-04-08,828385.8568120336,207006.2513764191
1996-04-09,832778.1717859858,207664.5905243304
1996-04-10,827181.1084074732,206944.96120645272
1996-04-11,815908.5064936448,205425.80862251663
1996-04-12,820647.5101621083,206142.18869045516
1996-04-15,833221.4921623582,207925.89577034055
1996-04-16,853045.400100348,210642.19364578492
1996-04-17,846941.1227277709,209888.8339972682
1996-04-18,868596.8555698073,212783.19050541156
1996-04-19,871780.6585692554,213237.6617315115
1996-04-22,893180.8769609551,216014.2571650112
1996-04-23,912756.5802618328,218502.58298798423
1996-04-24,927811.9596990616,220393.6139266944
1996-04-25,938857.8592109004,221773.49371710644
1996-04-26,942824.3978149492,222288.1750393012
1996-04-29,944607.3469837502,222538.8007086284
1996-04-30,947975.3936526442,222978.6264787996
1996-05-01,962034.9089686604,224695.8159147667
1996-05-02,928233.086591228,220706.05122328555
1996-05-03,937651.742380088,221885.7065972552
1996-05-06,940051.086096902,222211.30276294248
1996-05-07,934137.1534592906,221534.77142366895
1996-05-08,935063.7362250142,221682.40917459084
1996-05-09,941628.7021387278,222510.010505214
1996-05-10,964755.274086322,225313.97636907047
1996-05-13,994888.8635339468,228899.22953801884
1996-05-14,1015061.2792489636,231268.8485152645
1996-05-15,1013299.6850681816,231100.1419042231
1996-05-16,1022449.406468818,232182.87259753823
1996-05-17,1026430.523069,232669.87632709483
1996-05-20,1036446.4854630632,233842.62127454748
1996-05-21,1030099.197245077,233156.8511885708
1996-05-22,1034743.17496119,233716.9863221301
1996-05-23,1036604.9836915116,233960.50988307552
1996-05-24,1034958.130922268,233806.8197959158
1996-05-28,1015700.2128256664,231657.57149237525
1996-05-29,998006.6341623472,229663.7371767747
1996-05-30,1010505.8566490302,231140.16700735496
1996-05-31,1026524.4756178112,233010.201287486
1996-06-03,1018546.977936256,232134.987896338
1996-06-04,1026430.927324674,233068.14661545
1996-06-05,1035205.5952583246,234098.779382348
1996-06-06,1007478.3854146696,230987.7828805369
1996-06-07,1002747.1855228484,230476.02645880924
1996-06-10,1002970.90018946,230533.99580012623
1996-06-11,1003909.9709981912,230674.42155056505
1996-06-12,1011345.2071808052,231562.67526816556
1996-06-13,995076.4405082698,229727.64774748252
1996-06-14,974662.749387182,227395.8295000127
1996-06-17,965559.4793116914,226362.83081916688
1996-06-18,926272.0558194814,221764.6263583991
1996-06-19,920120.8228816212,221055.74581926785
1996-06-20,901423.5815803194,218824.70449251003
1996-06-21,913606.8319402616,220348.30240575128
1996-06-24,924896.8703380324,221752.01805521784
1996-06-25,908631.7289795134,219822.64917303648
1996-06-26,878782.820837514,216211.6173627242
1996-06-27,897767.6377965272,218601.42596416373
1996-06-28,926654.6294869082,222170.5926536178
1996-07-01,945798.44630665,224506.2778944577
1996-07-02,935652.0815131068,223330.46902499892
1996-07-03,920477.1155681104,221545.23372410584
1996-07-05,884225.8041983382,217191.22730517856
1996-07-08,869565.994121538,215409.5130387385
1996-07-09,876500.4194937135,216309.0444693267
1996-07-10,857571.1372113954,213989.0726639584
1996-07-11,805874.2633402037,207463.06381188493
1996-07-12,801535.818457412,206929.825972708
1996-07-15,741472.6371701321,198814.9949707553
1996-07-16,732359.4103000066,197559.5479242777
1996-07-17,775278.0816945214,203786.58040209912
1996-07-18,807210.6969934972,208136.6393295989
1996-07-19,789703.3049404369,205864.86849892983
1996-07-22,766695.8973580619,202814.64779891085
1996-07-23,723231.7652124121,196757.84937618603
1996-07-24,714411.525309753,195505.92771076463
1996-07-25,739501.3957213273,199265.5184902977
1996-07-26,761881.668132868,202468.20570503283
1996-07-29,744034.8921218192,200040.27713731347
1996-07-30,751028.0380813994,201072.9328079691
1996-07-31,762437.3711343147,202698.3864875848
1996-08-01,787404.615795514,206128.44758889696
1996-08-02,824131.4050177033,211023.72519462448
1996-08-05,817533.2504580036,210205.22682200983
1996-08-06,829415.075323323,211774.76310074909
1996-08-07,847122.2588863487,214076.0139934836
1996-08-08,841592.6211641015,213405.7436940246
1996-08-09,841038.4632125887,213365.80074468453
1996-08-12,842314.4949944818,213558.49314468817
1996-08-13,824231.3408716082,211289.66408072255
1996-08-14,834777.1005892246,212675.58436553663
1996-08-15,836317.6536704946,212902.0335442665
1996-08-16,834594.8397935815,212711.98286857115
1996-08-19,830374.2774626944,212202.9304341292
1996-08-20,821034.9520134625,211037.11679153523
1996-08-21,824010.3371716146,211449.31340034923
1996-08-22,848842.611964055,214666.8814731354
1996-08-23,847305.0230468797,214501.24535903477
1996-08-26,841441.6374559574,213787.61188805423
1996-08-27,855729.4502069333,215631.79292902772
1996-08-28,862780.1993435032,216548.98019260727
1996-08-29,849358.7789296076,214893.25875065607
1996-08-30,843936.9322434817,214235.8777854129
1996-09-03,844918.0752489422,214389.25258799404
1996-09-04,846994.5531189038,214681.49578524695
1996-09-05,819914.4465528742,211278.20620902596
1996-09-06,839733.7073963452,213860.2541759016
1996-09-09,853286.033895398,215614.6734080536
1996-09-10,854167.8269345295,215754.9696413088
1996-09-11,860697.3326167978,216608.51874159664
1996-09-12,878199.9623012673,218839.94274482504
1996-09-13,912447.212537226,223136.31355799927
1996-09-16,920367.5517040103,224134.645864353
1996-09-17,934579.952304916,225895.21783483156
1996-09-18,938102.0069605082,226351.12561262865
1996-09-19,947823.3201116524,227554.2501462372
1996-09-20,959500.545960802,228986.46544994868
1996-09-23,946356.323525192,227448.6875667512
1996-09-24,952084.8199579568,228167.54712467027
1996-09-25,966588.0630336542,229935.95957897388
1996-09-26,971615.8549932558,230564.77052937815
1996-09-27,974677.6727754188,230958.9349365976
1996-09-30,969502.651060582,230376.73218625985
1996-10-01,960741.5043416012,229366.38424358377
1996-10-02,983498.5324254236,232113.32399605264
1996-10-03,978478.5736452012,231551.75956506527
1996-10-04,994514.6983671532,234274.4916688854
1996-10-07,997043.5268151144,234901.6298465617
1996-10-08,983399.1900142644,232894.11298697945
1996-10-09,979895.203454196,232492.134438706
1996-10-10,978023.9552790796,232307.9905444667
1996-10-11,991696.8941294958,234435.71680782895
1996-10-14,1001589.2378340056,235960.6629359249
1996-10-15,1003063.899355858,236293.0737289747
1996-10-16,993566.0576570068,234963.3207500959
1996-10-17,981962.6078400054,233272.87782710575
1996-10-18,982151.6282544028,233376.10534367312
1996-10-21,974334.5261082108,232241.5385781157
1996-10-22,954486.3871889472,229164.68326569616
1996-10-23,963192.8074813678,230650.3189308769
1996-10-24,961639.12978262,230490.50666169456
1996-10-25,955992.0064439202,229669.4551205332
1996-10-28,947528.9982029896,228414.4350528928
1996-10-29,932614.485819866,226007.7856355101
1996-10-30,935810.1031956824,226610.55614145292
1996-10-31,952779.4631047968,229486.56170764397
1996-11-01,952377.9944661884,229542.75456904856
1996-11-04,950464.2263544452,229303.9723143088
1996-11-05,959822.6879458384,230923.31607349668
1996-11-06,979673.9364702052,234013.887647598
1996-11-07,989865.9899074328,235644.7039750321
1996-11-08,993810.698616223,236283.51459871363
1996-11-11,1000069.1722044668,237258.70008364716
1996-11-12,991352.820227084,236110.6257654127
1996-11-13,996394.042725998,236903.5662251089
1996-11-14,1008649.8956073124,238720.67475827897
1996-11-15,997113.7439791696,237117.811521362
1996-11-18,987114.3070427894,235764.7743298435
1996-11-19,997104.7692690848,237283.1913880976
1996-11-20,999739.8445387492,237724.82668544725
1996-11-21,990412.259554776,236441.26446230864
1996-11-22,1011421.3009905448,239506.53318614463
1996-11-25,1018644.7878116476,240641.7726038488
1996-11-26,1019355.2335131324,240803.4899678785
1996-11-27,1027315.8129852928,241959.4858249637
1996-11-29,1034200.9028039416,242959.5412567291
1996-12-02,1043713.4544377968,244320.51343601945
1996-12-03,1044105.25650164,244429.7204586641
1996-12-04,1039049.6743482612,243805.84743486665
1996-12-05,1042930.74735039,244394.36668379
1996-12-06,1025293.9594200114,242061.74636630216
1996-12-09,1065088.4384737243,247441.9325530574
1996-12-10,1059308.197258782,246748.5171026466
1996-12-11,1054059.1094447272,246109.5704336716
1996-12-12,1038156.656508332,244086.94395907517
1996-12-13,1019248.5092506777,241569.8008114954
1996-12-16,986156.3690212566,237076.5773276225
1996-12-17,992120.2350581436,238086.18784360331
1996-12-18,1017367.748129213,241675.419076685
1996-12-19,1031247.7523516812,243651.6050805554
1996-12-20,1020770.677208334,242284.85148726293
1996-12-23,1008103.506449743,240590.8433519359
1996-12-24,1018787.9711046404,242121.50932689488
1996-12-26,1027968.8239888704,243432.2367937865
1996-12-27,1023113.343843378,242838.1930039847
1996-12-30,1017726.5622378368,242161.3687985662
1996-12-31,1021715.9360105924,242783.9440070853
1997-01-02,1006986.3259747492,240847.1074016106
1997-01-03,1048415.635482719,246490.86891318276
1997-01-06,1056264.2391185423,247572.45454001456
1997-01-07,1071350.8322857702,249709.1490145991
1997-01-08,1060114.3897490765,248327.12043505427
1997-01-09,1067985.296866938,249433.2773288836
1997-01-10,1076231.0858436443,250533.86165348208
1997-01-13,1073885.1388313377,250331.0544203649
1997-01-14,1096667.2674720653,253242.99815973805
1997-01-15,1077022.8205269873,250835.78272916132
1997-01-16,1087004.7347512003,252145.26883327367
1997-01-17,1099585.0610684955,253767.0982649313
1997-01-20,1122560.9008973592,256638.02141078687
1997-01-21,1142044.8198819535,259031.2674604029
1997-01-22,1159178.8640668923,261123.66738471464
1997-01-23,1143389.194401753,259306.9772438981
1997-01-24,1120222.3741650153,256577.79453617343
1997-01-27,1102879.9312991938,254510.72646548256
1997-01-28,1104902.4477011238,254810.264678924
1997-01-29,1105767.9317573488,254966.8522412024
1997-01-30,1129919.2111637793,257954.99764031195
1997-01-31,1143471.3036404576,259622.4800780414
1997-02-03,1137134.4071675502,258913.69513711325
1997-02-04,1133180.1313647337,258487.08905019631
1997-02-05,1093517.774464528,253730.86070608904
1997-02-06,1090058.1350556477,253353.05842629296
1997-02-07,1106983.622253634,255487.2895107028
1997-02-10,1072612.088376228,251283.8951248065
1997-02-11,1066523.8202103097,250569.15803319332
1997-02-12,1107536.301503071,255740.77131533573
1997-02-13,1125537.7334496917,257976.9136587396
1997-02-14,1119565.4933056291,257301.7751036553
1997-02-18,1117028.9320856533,257044.4431678489
1997-02-19,1116301.9446542657,257011.02522736668
1997-02-20,1087782.3782255228,253595.5632168194
1997-02-21,1067729.7234032413,251139.7860669464
1997-02-24,1083514.5545842082,253170.96693121112
1997-02-25,1087108.9632360062,253668.2462884032
1997-02-26,1075971.454306933,252330.3833991065
1997-02-27,1034326.5408753434,247086.68194240335
1997-02-28,1028578.042512786,246403.6236656115
1997-03-03,1031163.7835858108,246819.85950500407
1997-03-04,1039703.5676801776,247990.9464412479
1997-03-05,1056530.8072897466,250203.1002855903
1997-03-06,1036106.6261257058,247637.5593740051
1997-03-07,1029945.1445337142,246960.08541979035
1997-03-10,1045378.0960969304,249021.7549771276
1997-03-11,1036250.3907841442,247905.6325627185
1997-03-12,1017476.591271095,245533.69148705475
1997-03-13,1001702.5485581838,243496.7698981922
1997-03-14,1000876.5838491708,243444.19008635895
1997-03-17,981542.1968408604,240900.6509699871
1997-03-18,967439.6019989032,239006.54955420425
1997-03-19,940512.4756404432,235236.99955558675
1997-03-20,953148.8863889852,237119.91148562668
1997-03-21,945964.3151341242,236148.26308648285
1997-03-24,930659.1168532112,234001.5667188742
1997-03-25,937225.0817645768,235027.7867715776
1997-03-26,964545.2429171838,238991.7338294401
1997-03-27,938339.275591402,235312.0334663613
1997-03-31,903291.9163620448,230080.3500077685
1997-04-01,896977.3128866007,229187.52269988373
1997-04-02,878129.9518834136,226192.8321375574
1997-04-03,892454.3153672314,228601.400651196
1997-04-04,919973.907545742,232933.04265304684
1997-04-07,938044.994696606,235692.20506948585
1997-04-08,945490.179821843,236831.6895705011
1997-04-09,934763.1610282448,235341.80224606756
1997-04-10,916984.2594251608,232774.4107971572
1997-04-11,882029.577302504,227341.88933017704
1997-04-14,892625.6328825363,229138.6880504584
1997-04-15,887887.1125720312,228479.18187102876
1997-04-16,884404.5480142247,227992.9595968997
1997-04-17,891793.5717120197,229279.371088388
1997-04-18,897961.5442820525,230320.9550741066
1997-04-21,875532.7265903266,226818.60275197827
1997-04-22,885165.210387515,228480.00590194945
1997-04-23,901961.7677097132,231198.40802885
1997-04-24,902690.6010723852,231384.77348420207
1997-04-25,879796.7713949186,227846.3261368441
1997-04-28,888479.6795767451,229310.0681464049
1997-04-29,919593.0703885562,234139.0178854007
1997-04-30,942641.0138207456,237560.68713382343
1997-05-01,955043.7082683722,239401.6163147647
1997-05-02,1002905.1588506224,245970.3606473565
1997-05-05,1051925.6779869988,252366.06763383627
1997-05-06,1035237.4199437976,250310.55637349808
1997-05-07,1026934.886422515,249300.79867826204
1997-05-08,1038251.726329698,250799.2341265058
1997-05-09,1044130.8010922906,251600.49574706444
1997-05-12,1057417.7169668805,253328.96960244208
1997-05-13,1041071.5483793592,251337.30671474783
1997-05-14,1043660.0786893588,251712.70132239745
1997-05-15,1070486.2182067635,255116.81247578785
1997-05-16,1050566.1133684414,252700.9796551357
1997-05-19,1050992.5665878588,252803.1230591449
1997-05-20,1085051.1918681792,257076.43696125323
1997-05-21,1100045.1452086524,258942.9437633892
1997-05-22,1097926.4665057524,258732.3369462404
1997-05-23,1124462.642007676,261965.58191429183
1997-05-27,1155218.988569614,265645.72957551497
1997-05-28,1156470.5935091188,265834.92360597535
1997-05-29,1144599.198202214,264495.2793202265
1997-05-30,1139905.6394310358,263988.7962376873
1997-06-02,1146774.4731277777,264837.785107001
1997-06-03,1114480.9359248914,261096.21648507885
1997-06-04,1105875.4697408972,260114.5410030817
1997-06-05,1121922.8575602374,262077.71676002225
1997-06-06,1145203.743006992,264872.42297682026
1997-06-09,1156523.0313797288,266236.2512389909
1997-06-10,1139437.4996598072,264291.107857103
1997-06-11,1149049.8456604318,265458.88579945045
1997-06-12,1154356.6594927954,266119.49084802705
1997-06-13,1173065.3952651564,268333.8885903237
1997-06-16,1187386.3848204478,270022.2640094872
1997-06-17,1205490.483046187,272133.13656111667
1997-06-18,1187428.866268086,270125.6576472817
1997-06-19,1211422.8951343845,272906.0730863608
1997-06-20,1211059.0727924358,272905.02016160905
1997-06-23,1189449.247872381,270501.3636525365
1997-06-24,1219097.602218255,273923.2267565408
1997-06-25,1208430.512272244,272762.3244225871
1997-06-26,1191705.8718464528,270909.2155571057
1997-06-27,1194336.6376166642,271249.5012525828
1997-06-30,1200539.075050123,271995.29610742966
1997-07-01,1193906.2212228428,271281.27494187263
1997-07-02,1222386.4395817234,274562.1570750493
1997-07-03,1242220.7973857154,276832.1755026019
1997-07-07,1247222.6627142648,277429.17296293867
1997-07-08,1271269.7024877206,280144.5365182836
1997-07-09,1273591.7920252208,280439.8264870991
1997-07-10,1280655.6335636305,281257.670455019
1997-07-11,1300436.929616235,283469.62524013256
1997-07-14,1336927.5601948071,287487.0804974425
1997-07-15,1368605.8922622483,290933.09639000986
1997-07-16,1436662.6020433286,298207.17594625085
1997-07-17,1414919.5641284843,295991.81465659203
1997-07-18,1376969.5162403078,292063.2499992876
1997-07-21,1355732.872106643,289851.4126189104
1997-07-22,1404188.7506675853,295071.462946846
1997-07-23,1410673.2788725302,295793.59874988487
1997-07-24,1413013.7679550012,296079.8930363562
1997-07-25,1413500.5567046015,296171.84405999654
1997-07-28,1402280.2611527548,295037.3050173381
1997-07-29,1417725.927850349,296702.9824893167
1997-07-30,1445768.244495612,299678.3793086676
1997-07-31,1455925.077397655,300772.4767186156
1997-08-01,1456540.3946448616,300877.74931208417
1997-08-04,1476523.637518622,302983.44925277587
1997-08-05,1505761.9081080267,306025.3248796039
1997-08-06,1521963.5297147904,307714.1457344024
1997-08-07,1509927.0305901302,306540.0389898159
1997-08-08,1461870.151973497,301704.3844302528
1997-08-11,1439988.2488739644,299488.2072317895
1997-08-12,1420599.6072399474,297513.5222339753
1997-08-13,1433179.2892478388,298872.05427359394
1997-08-14,1438805.5891786462,299500.1531185668
1997-08-15,1393751.941268423,294852.53253182984
1997-08-18,1406797.8910375736,296273.3813404463
1997-08-19,1462387.225472635,302168.0630803575
1997-08-20,1513193.7864861935,307458.9637516477
1997-08-21,1473193.0089314508,303437.8173435159
1997-08-22,1456961.8214313074,301808.3090035985
1997-08-25,1461876.436664671,302359.1959681175
1997-08-26,1442792.297864424,300427.5487125708
1997-08-27,1450149.3871844674,301235.185525975
1997-08-28,1423967.5721591474,298557.6289983271
1997-08-29,1434446.314882225,299697.554296013
1997-09-02,1489729.8963514948,305514.2935047196
1997-09-03,1489663.859685203,305549.8940170287
1997-09-04,1501086.1926558125,306763.7071734804
1997-09-05,1521327.0608363068,308874.4759717403
1997-09-08,1538796.949921419,310690.7665111756
1997-09-09,1558775.499339424,312750.7406661101
1997-09-10,1526474.2829245892,309553.678653074
1997-09-11,1527259.597489674,309676.2377599065
1997-09-12,1544548.1286521906,311471.9495967356
1997-09-15,1517204.3477164316,308758.08875111263
1997-09-16,1579365.645213288,315125.9660578393
1997-09-17,1574970.5765930533,314731.2037710278
1997-09-18,1581318.9672216503,315409.16318254184
1997-09-19,1600537.1829570371,317369.5357217218
1997-09-22,1617485.7636708028,319093.9136877569
1997-09-23,1632260.3202545478,320595.51443914225
1997-09-24,1612748.617210459,318723.8116720624
1997-09-25,1596091.986274902,317122.10973770043
1997-09-26,1602094.793983756,317762.43031821394
1997-09-29,1625992.7581039176,320176.48403655883
1997-09-30,1607795.314815454,318429.2475958767
1997-10-01,1616222.6115206375,319307.6851485678
1997-10-02,1639012.360514941,321602.9356318567
1997-10-03,1654902.8132476755,324153.3192525142
1997-10-06,1663077.200787336,325302.090249872
1997-10-07,1685061.6865508354,328211.6336815917
1997-10-08,1691225.8248443392,329069.60529240407
1997-10-09,1696818.030026893,329848.25934262446
1997-10-10,1685643.6135786285,328567.6015779871
1997-10-13,1689621.8779821345,329159.2343499567
1997-10-14,1674979.4895854655,327404.25306937256
1997-10-15,1660288.4898562669,325632.1660327544
1997-10-16,1625849.2748219206,321159.90272430255
1997-10-17,1582123.2080197197,314967.9123939331
1997-10-20,1606098.69311658,318490.062358375
1997-10-21,1642784.0524035853,323616.70803870045
1997-10-22,1635728.7961536753,322781.5964772616
1997-10-23,1586242.869507982,315829.4014670974
1997-10-24,1560318.669253346,311995.0077651751
1997-10-27,1453348.8617024252,289670.3651319591
1997-10-28,1547341.4112643376,302957.407023687
1997-10-29,1546441.1848857624,302913.5888570996
1997-10-30,1501011.1708355732,296808.67186366377
1997-10-31,1532623.039128685,301200.546872739
1997-11-03,1584839.0892543532,308081.8358962683
1997-11-04,1585995.7312075917,308310.3206959041
1997-11-05,1594441.8274682444,309485.7555094061
1997-11-06,1573265.910379887,306867.6536084727
1997-11-07,1542414.1300719592,302897.9296058397
1997-11-10,1525466.0079404996,300697.2882206517
1997-11-11,1516757.6389034868,299596.7217842751
1997-11-12,1459685.002504808,291446.9162696637
1997-11-13,1481800.9779954297,294769.64796273253
1997-11-14,1513880.8509574456,299362.9189977598
1997-11-17,1556480.062813135,305154.97886619443
1997-11-18,1536475.317043651,302577.8592523072
1997-11-19,1537040.5780869373,302732.53518448665
1997-11-20,1572981.977271396,307530.6332915244
1997-11-21,1563724.58101773,306439.4586621101
1997-11-24,1515672.0911555912,300063.6611380125
1997-11-25,1517954.2807003108,300458.42305143835
1997-11-26,1524950.976107004,301497.955626263
1997-11-28,1532857.0247936875,302649.1149286452
1997-12-01,1575906.1393710212,308361.17223877774
1997-12-02,1540325.6613720478,303764.0528595378
1997-12-03,1552255.0800964483,305427.80038494203
1997-12-04,1549260.3849286025,305111.71175133344
1997-12-05,1578350.1570062716,308991.91809625155
1997-12-08,1603490.0874693762,312335.23311022506
1997-12-09,1557129.1412825177,306481.9181254349
1997-12-10,1522708.2980200462,301961.61890948954
1997-12-11,1471241.9802753944,294768.76417880366
1997-12-12,1442809.915782196,290622.4425830393
1997-12-15,1441427.7967390595,290625.5988406981
1997-12-16,1461635.4921792927,293741.97574901255
1997-12-17,1453515.459716644,292684.08309060446
1997-12-18,1423218.0962451554,288117.4094682657
1997-12-19,1424439.9083299022,288417.4672808425
1997-12-22,1432668.802123224,289808.9872157228
1997-12-23,1405782.9902133294,285625.92365756904
1997-12-24,1393302.7517498552,283669.1645824269
1997-12-26,1406406.1438386536,285917.6027439241
1997-12-29,1437406.4120136749,290856.23190109216
1997-12-30,1472133.5643664135,296080.7822429678
1997-12-31,1478413.4489025883,297094.28778258443
1998-01-02,1491621.429794194,299216.5142222134
1998-01-05,1508262.0797989825,301605.5885726678
1998-01-06,1488554.6437279528,298967.7741430755
1998-01-07,1463573.4421630767,295485.9707572702
1998-01-08,1455022.5471273975,294327.5020930059
1998-01-09,1391896.0306726862,284434.9029099178
1998-01-12,1396295.9061785564,285266.6588940021
1998-01-13,1436548.1309407204,291716.4549421833
1998-01-14,1444689.5222645726,293072.5827633453
1998-01-15,1441929.8642785884,292757.87812472926
1998-01-16,1461517.1861638578,295758.5357585367
1998-01-20,1497102.8476875382,300924.24659077177
1998-01-21,1493379.3323007,300511.29561169806
1998-01-22,1477397.7456075076,298359.1201602678
1998-01-23,1475945.3697383427,298256.46557297715
1998-01-26,1456223.5947816756,295524.9944046398
1998-01-27,1478477.9532444482,298832.77155290096
1998-01-28,1521848.4632127697,304881.25629028433
1998-01-29,1533579.5069311855,306529.5019325943
1998-01-30,1532636.1629503649,306512.1935370051
1998-02-02,1581324.524908586,312866.04991522216
1998-02-03,1601095.8880848102,315419.3630527054
1998-02-04,1622251.426853437,318095.8394007069
1998-02-05,1615730.2404789077,317433.33092656155
1998-02-06,1642491.0223233565,320744.12462206086
1998-02-09,1635673.6596089252,320009.7116755389
1998-02-10,1664425.9657653775,323540.3256110237
1998-02-11,1663072.1008494408,323455.26834009803
1998-02-12,1671496.2077828564,324559.0915727551
1998-02-13,1664529.3429183965,323824.6989908908
1998-02-17,1652693.847718263,322509.0315548947
1998-02-18,1672014.811468327,324845.4455061628
1998-02-19,1689936.1933073257,326988.8692106268
1998-02-20,1691049.5585674332,327208.71245621203
1998-02-23,1729811.3388990022,331690.6708536091
1998-02-24,1707255.684687457,329227.57940140966
1998-02-25,1753570.7854354926,334493.7168434818
1998-02-26,1771316.9160399183,336514.5369885131
1998-02-27,1759000.1484622697,335272.7741850952
1998-03-02,1737928.5105839542,333014.06237967213
1998-03-03,1735019.0129184371,332756.8691919087
1998-03-04,1738849.5546616183,333249.57773760514
1998-03-05,1658155.7603020829,324209.0185595868
1998-03-06,1726020.3586856304,332089.3902484402
1998-03-09,1678054.9170035166,326731.9526631741
1998-03-10,1716156.15963993,331162.03657389927
1998-03-11,1729665.8214033858,332749.4834403221
1998-03-12,1741307.569113725,334123.00437917147
1998-03-13,1753731.8896678109,335570.4382732226
1998-03-16,1781777.2887285966,338707.4878467847
1998-03-17,1765686.6207863824,337033.54934934387
1998-03-18,1780721.7809863458,338742.5544597776
1998-03-19,1800543.670695428,340966.86737209075
1998-03-20,1780937.7094718674,338925.3832845076
1998-03-23,1786276.9249161675,339568.0477954005
1998-03-24,1820870.3453521652,343351.602867933
1998-03-25,1841971.7253948748,345646.35150406155
1998-03-26,1848631.6278793009,346418.05461331445
1998-03-27,1839094.713889636,345494.1972580661
1998-03-30,1829448.1568714497,344570.29565335263
1998-03-31,1859573.13169058,347795.5443603403
1998-04-01,1880888.486207176,350073.6019142542
1998-04-02,1890126.8782412289,351086.1068232861
1998-04-03,1894041.6281821132,351556.79245856433
1998-04-06,1845126.105324739,346589.47854144115
1998-04-07,1789742.1264327425,340831.7770744546
1998-04-08,1803939.7157757203,342412.6417280596
1998-04-09,1827025.4043847248,344927.7603580816
1998-04-13,1834773.279558356,345828.4905512942
1998-04-14,1867093.334023213,349262.9040716246
1998-04-15,1903813.6757566268,353104.89679765113
1998-04-16,1894003.940190636,352161.96421767
1998-04-17,1909041.057484954,353754.6809090422
1998-04-20,1946950.4452532327,357655.8150182236
1998-04-21,1978082.091808608,360835.0412072513
1998-04-22,2003888.324685534,363447.7336145345
1998-04-23,1933818.7088900576,356591.55728432926
1998-04-24,1909988.4214038649,354244.1021279866
1998-04-27,1819192.5436594095,345031.3967681034
1998-04-28,1839382.9543051776,347211.7946723527
1998-04-29,1874989.4294395496,350986.4168889059
1998-04-30,1905441.028704092,354173.6038372498
1998-05-01,1914336.1946719491,355135.49982736143
1998-05-04,1923869.6776647584,356171.3969729569
1998-05-05,1897104.0716801663,353535.41537098144
1998-05-06,1881313.195279608,351983.655976791
1998-05-07,1841051.7256339104,347908.54262628284
1998-05-08,1894076.7648428709,353458.288844172
1998-05-11,1863345.9160057325,350376.4448686362
1998-05-12,1885153.0874727708,352676.9525787964
1998-05-13,1895852.9292099236,353826.71496376465
1998-05-14,1893872.506081,353679.6548980621
1998-05-15,1858842.7125008816,350163.3445584384
1998-05-18,1830550.8028034945,347299.10795589
1998-05-19,1856066.4281576376,350009.3633667627
1998-05-20,1829651.9304005576,347340.29791076167
1998-05-21,1809630.321546545,345308.23217470484
1998-05-22,1780345.7224465073,342284.3255119568
1998-05-26,1731979.5364731485,337189.4929234095
1998-05-27,1736735.0069545258,337768.3268203578
1998-05-28,1760043.1968348948,340340.30943106645
1998-05-29,1731724.5853552234,337361.5075282484
1998-06-01,1675417.0284536548,331291.26957194204
1998-06-02,1700545.792642068,334138.2944013071
1998-06-03,1666473.6435920247,330451.70798740146
1998-06-04,1713210.551894958,335701.840122841
1998-06-05,1735330.4508387982,338169.83705256786
1998-06-08,1743375.4149986166,339097.7928126671
1998-06-09,1765860.3126687012,341569.7612367446
1998-06-10,1716595.5992444735,336359.7707152606
1998-06-11,1675315.9648143426,331910.17058995203
1998-06-12,1666814.6731215245,331026.53922522214
1998-06-15,1616688.3528558377,325476.3603004412
1998-06-16,1678730.72024456,332573.1669983737
1998-06-17,1718309.6329102805,336997.3906757987
1998-06-18,1711383.0489635768,336303.4807310152
1998-06-19,1725888.8261568542,337941.1356901339
1998-06-22,1768565.5515464796,342602.9241532877
1998-06-23,1837454.8086577316,349962.7906755587
1998-06-24,1897827.1470044984,356268.13954151137
1998-06-25,1870331.7078638528,353523.6323001816
1998-06-26,1881513.9707751232,354723.5905293787
1998-06-29,1921129.4440720028,358820.90747611807
1998-06-30,1927579.5155803696,359523.9200318679
1998-07-01,1964320.408831357,363274.3134145411
1998-07-02,1924935.0928867368,359400.62605331745
1998-07-06,1953636.836146047,362344.7255319515
1998-07-07,1950625.8984202377,362095.2793289794
1998-07-08,2001972.1598919143,367280.7352638013
1998-07-09,2010067.1160364011,368130.1522270216
1998-07-10,2015846.4027969888,368750.0117011087
1998-07-13,2058881.033398409,373026.9403410089
1998-07-14,2064068.579714829,373582.4019379756
1998-07-15,2114786.344247473,378550.4819965614
1998-07-16,2126272.325115413,379702.0549168426
1998-07-17,2142133.0661171526,381267.4287781192
1998-07-20,2152642.535875611,382318.5197814447
1998-07-21,2081906.2393536775,375663.5056222557
1998-07-22,2063006.520194274,373890.117364858
1998-07-23,1995052.2806176555,367344.6665690598
1998-07-24,1986508.3158362028,366550.4753294815
1998-07-27,1990434.4428428616,366990.1095324519
1998-07-28,1919620.4862258695,360026.40732347884
1998-07-29,1890961.356282596,357179.86443611776
1998-07-30,1961536.1602525427,364419.3233868143
1998-07-31,1871479.3227379692,355469.3075569214
1998-08-03,1831689.898565638,351435.9019584285
1998-08-04,1711884.854495417,339016.5342318646
1998-08-05,1715968.112311226,339510.62832114403
1998-08-06,1788266.3046340216,347361.90860371635
1998-08-07,1818965.8610412197,350647.2696592651
1998-08-10,1804814.1125332385,349220.1857964032
1998-08-11,1720308.0808197474,340397.40754088614
1998-08-12,1777744.5858792583,346639.2790662444
1998-08-13,1736132.0313102498,342282.0968581046
1998-08-14,1713900.849246442,339945.1016746764
1998-08-17,1762450.573279398,345241.74296057475
1998-08-18,1828300.989189562,352291.3638415312
1998-08-19,1805256.0984264915,349939.257215441
1998-08-20,1786338.8403620266,348002.94584160304
1998-08-21,1723317.5214410312,341394.728550058
1998-08-24,1710977.689562047,340113.32057735545
1998-08-25,1723503.5481026778,341517.3523290251
1998-08-26,1670223.6170091385,335820.1308337249
1998-08-27,1529102.7599098275,320307.08953605033
1998-08-28,1453005.983835017,311439.0903151543
1998-08-31,1247897.52039321,284773.3700734501
1998-09-01,1344117.0121994067,299185.48816260765
1998-09-02,1368590.667130855,302566.0933367396
1998-09-03,1337799.6718863342,298586.1927669165
1998-09-04,1329544.1526633892,297578.93676492193
1998-09-08,1465602.9172997663,315507.0101382288
1998-09-09,1408773.6230315857,308616.8670120744
1998-09-10,1349835.3520249934,301173.54759135895
1998-09-11,1431551.492251975,311878.2391472172
1998-09-14,1468103.650032407,316454.6621283162
1998-09-15,1487175.7937403568,318821.80806450604
1998-09-16,1505491.2885508747,321071.2741071453
1998-09-17,1435321.4181249174,312783.81269818643
1998-09-18,1462052.999884479,316120.0244010892
1998-09-21,1487887.8898826267,319292.99481932446
1998-09-22,1515239.8235950212,322601.0127507112
1998-09-23,1616055.3677284722,334478.68738708604
1998-09-24,1548701.8726804676,326899.3197875912
1998-09-25,1586455.3832681538,331325.07242246054
1998-09-28,1578853.7878771285,330502.5543234596
1998-09-29,1569949.2881440062,329527.9873892316
1998-09-30,1503228.2836812884,321894.56150037167
1998-10-01,1372169.2524680372,306412.1974480061
1998-10-02,1375758.7602953317,306923.11185487005
1998-10-05,1258178.2218467218,292051.58345907705
1998-10-06,1221985.7842372614,287155.19953750644
1998-10-07,1159299.5942648393,277986.0798041534
1998-10-08,1110709.050083653,269726.91884082416
1998-10-09,1190547.612800463,283678.506073532
1998-10-12,1261724.6056746095,293871.1386504388
1998-10-13,1209352.495639569,286915.6876173612
1998-10-14,1252272.336732992,292913.8325807181
1998-10-15,1352806.912790088,306234.3018985632
1998-10-16,1367546.9081011335,308131.0606677716
1998-10-19,1409487.2195353429,313419.183173282
1998-10-20,1394500.0658154609,311613.10948835604
1998-10-21,1448827.7005267912,318380.56327247526
1998-10-22,1492271.6448869014,323690.21187579376
1998-10-23,1478016.9607628991,322028.7406158579
1998-10-26,1527037.9072246086,327952.7959340863
1998-10-27,1514908.7699803738,326563.2286712294
1998-10-28,1539916.1669105422,330320.24991448707
1998-10-29,1569516.3989361494,334100.2633916719
1998-10-30,1590554.6874553612,336808.1244696911
1998-11-02,1637021.2055990647,342429.01401622134
1998-11-03,1616292.0974136177,340064.1960201633
1998-11-04,1671737.8970972542,346754.02981806017
1998-11-05,1693263.0579232615,349335.0372937721
1998-11-06,1724793.6954195343,353043.8005589717
1998-11-09,1731629.8633780326,353906.0237285442
1998-11-10,1738714.8342165488,354783.4925263103
1998-11-11,1732279.807472655,354124.4439457228
1998-11-12,1712706.8409277531,352031.4694409675
1998-11-13,1707004.3838809552,351455.9907374344
1998-11-16,1729074.1685519728,354067.9739341789
1998-11-17,1756618.0585117228,357279.1523982257
1998-11-18,1788270.478115322,360886.073530934
1998-11-19,1826196.7934746572,365124.6533300715
1998-11-20,1840464.6961755157,366755.7418254028
1998-11-23,1927316.9023349504,376124.4923936656
1998-11-24,1905499.429435828,373938.42025941896
1998-11-25,1939992.067076129,377624.1569390797
1998-11-27,1996877.833766468,383573.6758327227
1998-11-30,1872620.7092998785,370856.8944528301
1998-12-01,1969620.6819226493,381177.9710416235
1998-12-02,1953179.376644988,379562.4554350068
1998-12-03,1878048.388247736,371794.6093331657
1998-12-04,1965291.9180028804,381092.9675691097
1998-12-07,2034099.0638055345,388232.45352850977
1998-12-08,2022385.697770928,387121.1198777638
1998-12-09,2051154.756043101,390111.61617476825
1998-12-10,1985321.3617072825,383564.5738597661
1998-12-11,2009273.4539672765,386113.7491171977
1998-12-14,1892792.028445694,374252.0887762031
1998-12-15,1974755.5246290711,382952.6644018834
1998-12-16,1968169.7955497596,382345.2848028673
1998-12-17,2031577.9091525436,388922.9308802237
1998-12-18,2110961.9362608646,396973.6803436426
1998-12-21,2211296.6983624515,406857.35895111255
1998-12-22,2176805.762369233,403622.499536818
1998-12-23,2278315.6527669784,413443.9889716724
1998-12-24,2258447.5579979373,411645.94081222353
1998-12-28,2292753.330861726,414940.4767376269
1998-12-29,2295082.6273827897,415230.111504033
1998-12-30,2264213.197840778,412419.4721317731
1998-12-31,2315814.654019586,417328.1925979703
1999-01-04,2346819.807255762,420261.5728081152
1999-01-05,2435853.2588751004,428497.7027482512
1999-01-06,2582895.896482192,441753.40318734135
1999-01-07,2593688.1301601017,442759.3976142872
1999-01-08,2633261.456265913,446257.02471164666
1999-01-11,2721320.1727581816,453915.92230938224
1999-01-12,2577320.6461325097,441774.522824217
1999-01-13,2568017.7074405053,441035.0398714194
1999-01-14,2480473.5261883037,433432.9240079912
1999-01-15,2632790.691314088,447031.665582944
1999-01-19,2764866.843534806,458458.9161465162
1999-01-20,2780810.271990485,459863.4006922733
1999-01-21,2619574.077506145,446401.0827072428
1999-01-22,2606115.1228484185,445299.8422582294
1999-01-25,2672332.2322073425,451104.0523255252
1999-01-26,2814572.3008077526,463319.0645888086
1999-01-27,2753879.9866936263,458328.307839574
1999-01-28,2912213.2743959324,471705.5963513592
1999-01-29,2978133.4858730645,477152.9412397139
1999-02-01,2987340.909994461,477964.072019142
1999-02-02,2876526.7087697,469088.65450741496
1999-02-03,2945315.6061761547,474810.568758223
1999-02-04,2749813.5143976808,458951.7842132924
1999-02-05,2667078.131441504,452021.51505309006
1999-02-08,2735911.798333893,457992.8711781233
1999-02-09,2524386.975885576,440077.6839695552
1999-02-10,2520989.598196124,439842.4809251469
1999-02-11,2727158.1154007087,458145.61055050936
1999-02-12,2539754.893042296,442223.1428004871
1999-02-16,2521906.858180268,440706.239339188
1999-02-17,2382661.702631173,428344.22816929326
1999-02-18,2406163.6175208604,430571.4944756853
1999-02-19,2453609.6133060413,434972.1351351746
1999-02-22,2576353.0549801216,446108.2067559284
1999-02-23,2650161.161902537,452659.9597007937
1999-02-24,2568304.3820800395,445628.45176600525
1999-02-25,2540514.457544061,443246.5430307727
1999-02-26,2456720.9102392173,435867.80546456616
1999-03-01,2471146.698543852,437240.2336813638
1999-03-02,2394235.501025295,430363.954570533
1999-03-03,2406438.900814007,431549.6226153055
1999-03-04,2463551.249367202,436835.18633212335
1999-03-05,2556264.5013917885,445270.3030070746
1999-03-08,2686242.576642413,456809.37751487904
1999-03-09,2675200.026049018,455928.5579631314
1999-03-10,2703430.2737651467,458427.7557066599
1999-03-11,2716699.849520814,459629.5158207914
1999-03-12,2647651.66766424,453787.0837934576
1999-03-15,2756867.800615228,463307.9398490673
1999-03-16,2773820.714325604,464810.9829062185
1999-03-17,2749973.605277219,462859.34140872746
1999-03-18,2825656.0181889143,469347.4219746027
1999-03-19,2730206.649820144,461414.0639806405
1999-03-22,2673023.937327261,456597.9740761202
1999-03-23,2511368.864240642,442678.09350242047
1999-03-24,2601335.5846211896,450776.6772479087
1999-03-25,2752110.1663615447,464036.5826475083
1999-03-26,2716471.961062354,461068.762009831
1999-03-29,2880008.697799334,475120.5113991567
1999-03-30,2850569.5675526545,472739.8590424128
1999-03-31,2806826.76947042,469150.6807601111
1999-04-01,2878614.41764309,475255.4760461337
1999-04-05,3031116.545632225,487978.406198832
1999-04-06,3037791.1134880884,488582.80228156864
1999-04-07,2992918.669545484,485022.2814963478
1999-04-08,3060056.9710961487,490554.21209043165
1999-04-09,3105965.565942672,494313.62271297607
1999-04-12,3119048.197082678,495423.4238392476
1999-04-13,3081778.984959987,492516.5909254972
1999-04-14,2900169.800421947,477997.7968486597
1999-04-15,2932870.0669452576,480771.6068859204
1999-04-16,2844970.5136250397,473589.89061530825
1999-04-19,2530163.488211104,447209.07338114775
1999-04-20,2666280.2731568627,459427.5049386448
1999-04-21,2840171.96812119,474584.6928648644
1999-04-22,3004190.2219261765,488425.0540801657
1999-04-23,3071433.760797602,493981.3676032092
1999-04-26,3215784.440629214,505693.0045670376
1999-04-27,3095082.2845922317,496239.6617118557
1999-04-28,2971148.604688322,486328.28609197616
1999-04-29,2919644.9927751534,482158.0155224129
1999-04-30,2952152.9655791875,484919.3328415714
1999-05-03,2934686.7755075307,483542.58866142033
1999-05-04,2817851.82231447,473931.2384152864
1999-05-05,2928541.798094653,483350.0956512672
1999-05-06,2784990.2286017123,471505.05196815735
1999-05-07,2854587.1939108204,477493.35595395777
1999-05-10,2905630.031042125,481847.4030280457
1999-05-11,2997310.776800581,489543.22024924
1999-05-12,3089472.3981101355,497157.3998711741
1999-05-13,3030823.5381572894,492488.6021526528
1999-05-14,2903545.1170957703,482173.7285301189
1999-05-17,2980685.5749425963,488666.6806084883
1999-05-18,2971974.187159052,488014.51511806936
1999-05-19,3015436.378527433,491658.02990388224
1999-05-20,2932765.8770583896,484960.8142052445
1999-05-21,2881353.532129812,480758.4120780084
1999-05-24,2729401.52516495,468087.7016808791
1999-05-25,2567941.935069584,454218.3305948256
1999-05-26,2666535.630459276,463058.259731416
1999-05-27,2648395.7698558364,461537.3130526785
1999-05-28,2759700.218801092,471348.9455743479
1999-06-01,2629084.9708718616,460200.9000766851
1999-06-02,2672670.129970586,464100.2169628057
1999-06-03,2608496.524977789,458560.9677652843
1999-06-04,2769970.486148903,472885.9396839409
1999-06-07,2871546.794086094,481649.5158471281
1999-06-08,2758365.640032105,472187.1872194728
1999-06-09,2857277.9627971714,480745.113650538
1999-06-10,2778136.2837047875,474129.3474832229
1999-06-11,2695681.3310685027,467129.6557131806
1999-06-14,2586436.218820257,457681.3533541586
1999-06-15,2620944.895380237,460814.2840379675
1999-06-16,2843508.712006007,480512.2834674076
1999-06-17,2902200.0303230747,485546.6997520386
1999-06-18,2945503.9762898786,489239.7316706522
1999-06-21,3098248.8839010275,502007.99923668674
1999-06-22,2979945.149617222,492473.26869946433
1999-06-23,3020503.0310916845,495893.80788004777
1999-06-24,2917428.974055509,487482.65684815
1999-06-25,2913759.3917873097,487238.4796447668
1999-06-28,3026651.378549029,496753.78215041937
1999-06-29,3118197.802944175,504337.8516137389
1999-06-30,3221355.7190424497,512750.6881139687
1999-07-01,3268750.318354638,516592.09367585205
1999-07-02,3352179.7386552137,523255.13896717865
1999-07-06,3341105.4771311367,522458.19192290894
1999-07-07,3355678.794116829,523665.6830148898
1999-07-08,3425460.318807336,529180.1054885503
1999-07-09,3477148.5319340364,533241.9315022621
1999-07-12,3469871.808641431,532752.4942647157
1999-07-13,3438784.7903923457,530434.0456642864
1999-07-14,3536816.899580364,538064.5708902958
1999-07-15,3589382.071202361,542132.772607664
1999-07-16,3652109.238065347,546940.0113995097
1999-07-19,3564174.7070989395,540424.8516778784
1999-07-20,3316375.862687673,521704.25363065
1999-07-21,3387497.372664677,527366.8428303025
1999-07-22,3197132.6295053465,512613.0287516267
1999-07-23,3215413.272242746,514145.2453620791
1999-07-26,3039934.8931326293,500177.18878211913
1999-07-27,3178848.3988277325,511673.8412101644
1999-07-28,3241069.4334244654,516748.66201742407
1999-07-29,3082725.4663835648,504189.0456775343
1999-07-30,3078526.062220045,503910.7568865368
1999-08-02,3043198.3183216527,501084.7042077524
1999-08-03,2959894.199080373,494289.8038677372
1999-08-04,2849523.071308244,485135.7865026007
1999-08-05,2906844.885469317,490080.839428123
1999-08-06,2865766.413193531,486681.1767267093
1999-08-09,2799964.529516079,481155.4610606319
1999-08-10,2735210.1219562227,475652.4242989759
1999-08-11,2899044.7153730816,489965.1396910281
1999-08-12,2863418.637125497,487017.89150621765
1999-08-13,3061168.2636791784,503900.88248262927
1999-08-16,3077854.916835771,505339.8687025373
1999-08-17,3137585.103972273,510309.237737784
1999-08-18,3105208.4297997644,507742.3607830459
1999-08-19,3019732.447878127,500819.55709340784
1999-08-20,3081063.8951711785,505970.7068292476
1999-08-23,3246167.635147315,519593.3487862262
1999-08-24,3323782.7439183053,525872.4044155695
1999-08-25,3451641.309197843,536055.1336344682
1999-08-26,3374685.4048471795,530148.6720899882
1999-08-27,3335732.615378676,527157.6218600996
1999-08-30,3223285.612839104,518340.5911608158
1999-08-31,3285960.5239295643,523447.1532661825
1999-09-01,3312716.414702733,525647.5236922182
1999-09-02,3272111.642377257,522495.5947160039
1999-09-03,3531974.664117484,543312.4110125551
1999-09-07,3516672.9259817284,542207.4055630995
1999-09-08,3445210.676572043,536770.0689892131
1999-09-09,3550637.714643948,545053.9688029633
1999-09-10,3637113.567361707,551763.5024832181
1999-09-13,3529770.238192944,543694.3346656845
1999-09-14,3587370.995384023,548202.4415157352
1999-09-15,3451216.2233882034,537871.7769759732
1999-09-16,3432194.282462483,536460.6756564772
1999-09-17,3585284.020658178,548495.8289004306
1999-09-20,3625810.1904416895,551668.3721034674
1999-09-21,3461581.721801899,539247.6692281979
1999-09-22,3551777.537902037,546344.4182361953
1999-09-23,3281767.987735882,525649.9076322891
1999-09-24,3258570.75592245,523861.6902408625
1999-09-27,3308613.6469692336,527953.5727414886
1999-09-28,3294717.319768822,526914.7283275881
1999-09-29,3231891.178874605,521960.6582789347
1999-09-30,3268808.206238956,525010.8436192042
1999-10-01,3245937.950759531,523243.4935786392
1999-10-04,3385469.748586818,534558.7589292383
1999-10-05,3393697.6646376257,535278.8765577073
1999-10-06,3532461.223559799,546292.9065607474
1999-10-07,3540326.8346761083,546973.1927809255
1999-10-08,3603593.518638811,551932.6489361332
1999-10-11,3676169.850155147,557563.4319451599
1999-10-12,3565642.48061132,549255.1750526569
1999-10-13,3388205.0246958174,535661.3236107661
1999-10-14,3400946.5276403744,536739.190835799
1999-10-15,3218437.1784930406,522408.1492869519
1999-10-18,3117175.967544601,514258.8531331956
1999-10-19,3114253.0987871005,514085.6053069388
1999-10-20,3345163.367364353,533212.2025352499
1999-10-21,3377602.19980446,535867.8987126377
1999-10-22,3411998.617084989,538667.1568928547
1999-10-25,3409879.5162401,538570.9551684898
1999-10-26,3398292.2999633118,537726.9493647817
1999-10-27,3375921.303447077,536027.9681639132
1999-10-28,3519115.84938193,549945.7900528731
1999-10-29,3713180.807266561,567404.6914652745
1999-11-01,3713004.2570841135,567651.5513286201
1999-11-02,3742464.028334783,570339.1550468153
1999-11-03,3846304.0567285134,579320.1694924023
1999-11-04,3907397.744420483,584582.9174163735
1999-11-05,4013743.1779460674,593461.3869187876
1999-11-08,4111146.9595804815,601448.7978915892
1999-11-09,4064476.728436891,597841.7779688358
1999-11-10,4137083.7446405,603771.2072503376
1999-11-11,4235952.423799248,611692.4990261202
1999-11-12,4293295.847986323,616271.8349301735
1999-11-15,4287965.799385391,615978.508308642
1999-11-16,4476192.083142935,630530.0444706877
1999-11-17,4408204.492843601,625545.5941798931
1999-11-18,4604407.910756705,640431.0112390468
1999-11-19,4660663.719753808,644682.4733263525
1999-11-22,4720559.4677321,649158.039938835
1999-11-23,4587523.098761028,639665.4477619518
1999-11-24,4788792.943373896,654535.3243505972
1999-11-26,4860424.72306704,659776.8690745244
1999-11-29,4787637.202285305,654733.0006744042
1999-11-30,4558525.317890491,638442.2761931855
1999-12-01,4602381.297593372,641816.037165805
1999-12-02,4860571.613796364,660790.8467289893
1999-12-03,5042364.208574924,673791.641671265
1999-12-06,5110667.6225371,678665.0303086116
1999-12-07,5223158.893634144,686510.8698707515
1999-12-08,5219350.753488152,686366.4752686473
1999-12-09,5240738.279751273,687931.1925504424
1999-12-10,5312833.936190712,692937.434226701
1999-12-13,5419730.7719409,700213.9678679558
1999-12-14,5168602.453889693,683671.6720327418
1999-12-15,5308213.603047726,693314.2514081427
1999-12-16,5573108.724738601,711153.9108653602
1999-12-17,5683090.443644407,718444.9781588194
1999-12-20,5772891.931940983,724360.0263447728
1999-12-21,6153384.066136483,748742.9054660331
1999-12-22,6232942.611571003,753766.8656941768
1999-12-23,6331632.570677356,759937.7563670278
1999-12-27,6348771.812696866,761093.0346660016
1999-12-28,6336879.211800008,760485.152037761
1999-12-29,6554208.2682996895,773780.7190354825
1999-12-30,6537846.7205628455,772920.3677274057
1999-12-31,6640279.419644123,779149.8922575905
2000-01-03,6838607.821155685,791008.9045805002
2000-01-04,6086159.888086469,747092.0600127674
2000-01-05,6009970.600131022,742485.6464672671
2000-01-06,5551005.240399711,713702.2340638421
2000-01-07,6004616.607506752,743493.8071840855
2000-01-10,6513283.289459395,775500.3446700162
2000-01-11,6103480.144401066,750915.2558203808
2000-01-12,5883931.433411948,737303.9607313243
2000-01-13,6205017.438231,757849.0889373997
2000-01-14,6534958.609638655,778370.3078435487
2000-01-18,6745074.427970925,791132.2828199923
2000-01-19,6809707.52783569,795073.4428836494
2000-01-20,6932096.307011166,802412.384404617
2000-01-21,7081198.526950411,811220.778921286
2000-01-24,6617452.57548708,784555.6863428543
2000-01-25,6844157.904717522,798236.7989399174
2000-01-26,6525056.704026905,779580.3491126905
2000-01-27,6426824.914742196,773785.4773507623
2000-01-28,5946239.966432655,744594.1506998403
2000-01-31,6105473.212839542,754818.0234684496
2000-02-01,6445540.023186462,776219.9448271522
2000-02-02,6513074.684742306,780449.0342310023
2000-02-03,6945790.052272786,806716.5591335203
2000-02-04,7052640.546647486,813088.4084011673
2000-02-07,7307444.754531608,827980.0281839987
2000-02-08,7661301.567718115,848255.8666405263
2000-02-09,7437917.786802288,835964.6632809759
2000-02-10,7851615.512145399,859433.5215907645
2000-02-11,7534839.350845625,842175.820818548
2000-02-14,7611880.782585285,846621.7975283181
2000-02-15,7617458.184366228,847067.3622501728
2000-02-16,7639208.009607744,848405.790498224
2000-02-17,8054703.823888863,871663.1907430127
2000-02-18,7568282.430766533,845397.5983825845
2000-02-22,7465107.520558611,839741.7862013635
2000-02-23,8034792.374644215,871995.705476979
2000-02-24,8270067.790484422,884917.2012052374
2000-02-25,8170954.077805563,879735.3176228482
2000-02-28,8124018.529159927,877332.0036307627
2000-02-29,8543092.613144277,900128.211907414
2000-03-01,8858475.682722311,916898.1043591
2000-03-02,8746912.964377034,911252.604654443
2000-03-03,9333920.773055878,941993.7283508858
2000-03-06,9293879.408447372,940111.016901206
2000-03-07,9075741.829484431,929206.2637431236
2000-03-08,9258396.629190996,938700.9161763268
2000-03-09,9821423.36044048,967398.434649628
2000-03-10,9825861.67191212,967758.8791121634
2000-03-13,9273499.756842723,940681.12240691
2000-03-14,8513864.334861169,902248.0208315244
2000-03-15,8063870.430505521,878497.1714746573
2000-03-16,8535432.690918775,904353.7624109662
2000-03-17,8825131.668844966,919853.6186827169
2000-03-20,8131925.808023719,883808.9778452406
2000-03-21,8487999.172956964,903323.6981882352
2000-03-22,9036831.896921664,932691.7647736392
2000-03-23,9316201.061982015,947258.1661310832
2000-03-24,9398411.42589324,951579.2689967118
2000-03-27,9379162.82661123,950744.9291500672
2000-03-28,8905590.989512917,926863.5908607732
2000-03-29,8207024.575744842,890604.0467513757
2000-03-30,7546258.930154941,854810.6866761656
2000-03-31,7932648.635411084,876871.0374332553
2000-04-03,6723477.996953509,809940.0645230795
2000-04-04,6484943.320547145,795617.4842412969
2000-04-05,6546341.10318519,799535.0522262144
2000-04-06,6851841.996728551,818412.8076857835
2000-04-07,7422473.131958093,852739.0116068423
2000-04-10,6562266.470222183,803232.2000105483
2000-04-11,6148729.462876556,777878.1689524249
2000-04-12,5290517.407494719,722993.1656173632
2000-04-13,5033558.379901623,705202.3159231484
2000-04-14,4093406.573629948,637036.5221270951
2000-04-17,4604837.322736691,678839.9901639542
2000-04-18,5247363.198446311,727654.1141910963
2000-04-19,5009753.546225645,710953.0328418303
2000-04-20,4843513.24239906,698975.6274968162
2000-04-24,4427320.3293836815,668032.2486843899
2000-04-25,4988608.614925246,711928.4859729796
2000-04-26,4774657.794273742,696380.3002465314
2000-04-27,5142009.004264127,724009.6774338218
2000-04-28,5371781.269230602,740645.98689148
2000-05-01,5636701.856053237,759353.1346787005
2000-05-02,5151693.967068389,726252.3221597489
2000-05-03,4942059.640370253,711278.1916808625
2000-05-04,4973735.731254998,713775.8415316895
2000-05-05,5224815.915081514,732322.9650894464
2000-05-08,4828559.811218907,704051.4508841081
2000-05-09,4611253.963307561,687879.9932717991
2000-05-10,4115348.6417357535,649467.2945079766
2000-05-11,4380196.11283801,671520.3747906854
2000-05-12,4449240.827658701,677193.1584982414
2000-05-15,4639017.460697652,692289.9278781028
2000-05-16,4912442.936233192,713399.5397017337
2000-05-17,4723744.414001834,699482.6879090745
2000-05-18,4455191.890257699,679109.5337597041
2000-05-19,4095690.132457099,650663.6996898013
2000-05-22,4033536.884860343,645652.9869100902
2000-05-23,3583895.8444878366,607349.9965621462
2000-05-24,3804329.9087905376,627719.8238303247
2000-05-25,3661378.492178336,615209.5829581685
2000-05-26,3658888.4325239584,615178.1689751586
2000-05-30,4203882.052888424,664015.7230881485
2000-05-31,4066313.261139719,652789.540978113
2000-06-01,4480903.920053541,687660.4938098951
2000-06-02,5041944.447543854,731994.2356182551
2000-06-05,5061837.922097018,733620.2645097589
2000-06-06,4890133.421099004,721085.5697840581
2000-06-07,5100015.976207755,737014.5638818636
2000-06-08,5062413.686398001,734402.1614112686
2000-06-09,5188907.210196052,743880.0554507634
2000-06-12,4905522.197239041,723369.6358390416
2000-06-13,5116523.244230558,739350.1628753823
2000-06-14,4974165.631779735,729067.681814773
2000-06-15,5096995.635731246,738363.9698488088
2000-06-16,5133960.143459767,741226.9332856885
2000-06-19,5471854.744379008,766064.4052732991
2000-06-20,5533950.453395931,770600.5109630601
2000-06-21,5670691.800660865,780344.0862293773
2000-06-22,5317228.718783816,755944.3459538862
2000-06-23,5071293.647342948,738392.6933067719
2000-06-26,5243512.539250442,751233.5574787405
2000-06-27,5100914.11898638,741043.2468765009
2000-06-28,5311939.366418969,756688.4676542599
2000-06-29,5141839.2972576935,744587.0503392632
2000-06-30,5373511.749793833,761673.4054042788
2000-07-03,5441172.30315602,766650.1202794086
2000-07-05,5091539.793754606,741926.6049822456
2000-07-06,5344284.7601821255,760663.8377674792
2000-07-07,5510325.375840452,772710.5927177473
2000-07-10,5391892.695859029,764487.5549104592
2000-07-11,5325999.851716855,759921.0640845309
2000-07-12,5707345.620432969,787438.2201121057
2000-07-13,5914267.189429088,801914.6320822563
2000-07-14,6113888.074679026,815633.0598837647
2000-07-17,6193904.811524156,821124.9697730659
2000-07-18,5910328.331171422,802415.6626976202
2000-07-19,5566027.794347443,779087.4698262272
2000-07-20,5916810.034550305,803873.5371111276
2000-07-21,5661137.200037208,786582.1043358997
2000-07-24,5348678.725737592,764915.5519628081
2000-07-25,5475325.902301523,774155.2386471558
2000-07-26,5360457.04368211,766133.4900049039
2000-07-27,4969986.412058316,738199.7299348637
2000-07-28,4509376.5347784525,703782.2192420643
2000-07-31,4760901.632432439,723778.8575084193
2000-08-01,4555511.5446283575,708142.6794002852
2000-08-02,4487774.860444763,702960.1698932338
2000-08-03,4732400.665582232,722464.3870926821
2000-08-04,4799439.983488252,727761.9391284826
2000-08-07,4988294.478683375,742311.9620248254
2000-08-08,4949633.337820289,739554.8577055742
2000-08-09,4960690.878716317,740523.671254701
2000-08-10,4719817.457788928,722571.5672754961
2000-08-11,4791747.280084285,728254.0512536971
2000-08-14,4941746.926866787,739844.3646850064
2000-08-15,4945260.514807024,740240.5746009974
2000-08-16,4968148.327510346,742091.6748542958
2000-08-17,5171011.861372663,757421.3108854307
2000-08-18,5141928.256066392,755415.5103046973
2000-08-21,5199947.234408261,759817.5667841563
2000-08-22,5211723.599873918,760808.2292995806
2000-08-23,5349031.6988353655,770975.0504067736
2000-08-24,5460118.895900321,779118.3257065945
2000-08-25,5430059.610499435,777099.3336394249
2000-08-28,5503446.816316332,782482.8325390862
2000-08-29,5533208.037306246,784727.4355095122
2000-08-30,5590308.743974633,788906.0661216107
2000-08-31,5868025.594555392,808636.8873598347
2000-09-01,5944466.477145772,814035.0662408799
2000-09-05,5686988.680877854,796531.1998582743
2000-09-06,5329134.713215352,771588.2572194496
2000-09-07,5553338.218816941,787950.3031741568
2000-09-08,5226900.480282537,764909.3195320765
2000-09-11,5009954.907163601,749150.294465748
2000-09-12,4888189.367656909,740162.1989647301
2000-09-13,4999461.880781441,748712.936886001
2000-09-14,5049340.227844698,752570.6146947286
2000-09-15,4845152.889873265,737469.2591416134
2000-09-18,4569314.900791167,716583.181186245
2000-09-19,4909016.318676965,743352.0005428342
2000-09-20,4988419.721238729,749484.7619952234
2000-09-21,4811566.318138369,736316.5054405273
2000-09-22,4747157.55181767,731505.2006064918
2000-09-25,4589797.504747123,719495.4748583102
2000-09-26,4460693.684244181,709489.1339207308
2000-09-27,4380171.3180741,703197.9086531206
2000-09-28,4671272.738131813,726682.1517756277
2000-09-29,4409171.513960435,706408.6986803653
2000-10-02,4158513.763166038,686438.1219082229
2000-10-03,3893974.306071012,664706.7451134706
2000-10-04,4044427.299688571,677661.5281596023
2000-10-05,3926253.445524863,667867.9110410697
2000-10-06,3674018.393937517,646515.3316666352
2000-10-09,3661078.8989932113,645482.3861515888
2000-10-10,3409202.8078843323,623372.2689098659
2000-10-11,3256749.7848888496,609527.0748561053
2000-10-12,3063215.7996445755,591495.2085995257
2000-10-13,3544329.1374182045,638081.6603971019
2000-10-16,3486759.0481649223,633000.6969632115
2000-10-17,3324069.0787475538,618332.9280319951
2000-10-18,3235469.80234122,610190.343967225
2000-10-19,3738635.572326936,657733.9884611509
2000-10-20,3878796.1655020514,670167.0171659979
2000-10-23,3845572.967582209,667402.7576913675
2000-10-24,3736115.345789718,658009.9290261538
2000-10-25,3319483.0685153147,621424.9192818275
2000-10-26,3390864.7110863877,629638.5868793536
2000-10-27,3400495.22711209,630842.7785098607
2000-10-30,3238814.6856433293,614124.3661299954
2000-10-31,3560236.003766442,648435.9666215251
2000-11-01,3489713.957557326,641477.5497149813
2000-11-02,3669495.817446879,659895.8845860418
2000-11-03,3712057.306545862,664253.1545456541
2000-11-06,3641288.309353315,657462.0262084571
2000-11-07,3639133.303549767,657396.864574804
2000-11-08,3284557.0852709394,621982.8665821606
2000-11-09,3226865.412256479,615963.9869115746
2000-11-10,2924289.3075064444,582997.3688785991
2000-11-13,2820925.933736368,571025.9815225556
2000-11-14,3098331.1316197664,604059.0520784851
2000-11-15,3144038.1733061266,609312.776366722
2000-11-16,2912282.704894699,583609.1972758231
2000-11-17,2903448.479366938,582720.3218299743
2000-11-20,2657320.6272173543,553561.499683481
2000-11-21,2649802.4932457083,552768.1148031786
2000-11-22,2474095.2617199235,530429.5611957964
2000-11-24,2689352.717634467,559133.7895112535
2000-11-27,2651719.129757759,554547.9634345612
2000-11-28,2432804.2383699343,526547.7803988107
2000-11-29,2392551.176783939,521160.0250891729
2000-11-30,2242172.9453118923,500186.8728342548
2000-12-01,2303786.2509333477,509317.1588500335
2000-12-04,2263612.74073019,503641.7243327069
2000-12-05,2632874.3447158947,556419.859029041
2000-12-06,2493517.5617082315,538468.5423970069
2000-12-07,2430269.530713926,530039.9154724319
2000-12-08,2662581.83380408,561779.9155367095
2000-12-11,2809650.0185112213,580600.6452901686
2000-12-12,2678152.1142282686,564568.070798442
2000-12-13,2513782.850631803,543591.490039866
2000-12-14,2378715.780089712,525452.4264008786
2000-12-15,2276062.590289439,510975.33101810014
2000-12-18,2237685.297953829,505450.7290117535
2000-12-19,2093304.8190184464,483736.9142807729
2000-12-20,1872914.795674184,449287.8395006357
2000-12-21,1878615.3103798856,450712.220155925
2000-12-22,2099182.028510773,484794.25703230087
2000-12-26,2067041.5235643347,480279.5484905568
2000-12-27,2127250.9241986247,489118.3639100607
2000-12-28,2151553.9695463288,492676.0452812876
2000-12-29,2032292.6003683892,475883.59809585806
2001-01-02,1801950.5278544603,441480.5862771887
2001-01-03,2193852.942891021,504063.0082317712
2001-01-04,2125201.085299546,494470.31324963766
2001-01-05,1913595.8587043576,463817.85499067634
2001-01-08,1898132.694725129,461569.1949934861
2001-01-09,1952691.18622228,470322.5756964628
2001-01-10,2055981.349284072,486300.7910889899
2001-01-11,2207491.427170827,508735.7377013962
2001-01-12,2187385.0737846964,506037.09239307337
2001-01-16,2175724.6573526254,504517.4560768143
2001-01-17,2262205.163662507,516904.693520146
2001-01-18,2381236.2375110085,533431.1691397363
2001-01-19,2383216.543754992,533808.0133720117
2001-01-22,2364484.929430039,531417.9586393499
2001-01-23,2482249.704610122,547323.5681600943
2001-01-24,2509255.631476746,550951.5243395875
2001-01-25,2352443.6667055725,530756.4620445311
2001-01-26,2390343.397187955,535975.9225990328
2001-01-29,2471835.407931452,546980.6973864211
2001-01-30,2471059.099012325,546995.6497330305
2001-01-31,2373490.883077255,534362.6229513452
2001-02-01,2388224.342766228,536314.1279864237
2001-02-02,2211957.5796093685,512758.50926331134
2001-02-05,2187717.2424547696,509438.4063334345
2001-02-06,2215804.1707290085,513551.9369081044
2001-02-07,2137806.2428166755,502641.6432335736
2001-02-08,2076395.039915032,493833.6440611936
2001-02-09,1957595.2671862205,476287.90959191567
2001-02-12,1980194.1924321,479901.7998833655
2001-02-13,1902149.542142464,467973.8085195572
2001-02-14,1979290.572500989,480260.0650561229
2001-02-15,2056078.595999766,492128.6092558624
2001-02-16,1891961.723085255,467556.1547696189
2001-02-20,1762890.421361315,446934.4636617016
2001-02-21,1706312.167386437,437419.7525514313
2001-02-22,1678909.7331358427,432807.1638813036
2001-02-23,1697476.8285568524,436200.953148218
2001-02-26,1747792.6010607868,445077.9858785473
2001-02-27,1634471.3110897653,425677.5276591761
2001-02-28,1574540.6906320755,414892.5437260316
2001-03-01,1606917.118453764,420983.6304685283
2001-03-02,1538107.4951968312,408318.0372728786
2001-03-05,1562727.0555325234,413204.1443747928
2001-03-06,1625243.2302095178,425074.5242045561
2001-03-07,1645326.606750199,428842.8494524384
2001-03-08,1586121.8910918818,418210.6751241728
2001-03-09,1467162.728914564,395861.2296462858
2001-03-12,1345285.1821789804,370916.9569773257
2001-03-13,1424737.594416728,388551.9562447525
2001-03-14,1384835.450288006,380328.39425414073
2001-03-15,1356375.2661261314,374285.64319461887
2001-03-16,1312620.0642783777,364690.1326683344
2001-03-19,1363064.6014230037,376322.7857184852
2001-03-20,1281333.0708188645,358252.1533202561
2001-03-21,1258807.530577612,353012.58499560354
2001-03-22,1312241.1939350434,366034.5178769652
2001-03-23,1337757.0120934127,372018.7755826467
2001-03-26,1328599.0458765342,370062.094652886
2001-03-27,1374124.518906217,380436.94011661154
2001-03-28,1271086.5716393343,357664.88549761765
2001-03-29,1243680.7210278492,351199.6079682033
2001-03-30,1258367.06112137,355006.30927263486
2001-04-02,1214642.9467526104,343962.8858635959
2001-04-03,1132456.999022263,322756.14244944043
2001-04-04,1109302.3810005228,316165.9524559043
2001-04-05,1206812.1319328195,344379.1462125476
2001-04-06,1159039.2514715649,331916.3804186645
2001-04-09,1176031.64686005,336815.1619660629
2001-04-10,1252271.4944776,357336.44637631666
2001-04-11,1288500.778587265,366397.8303564731
2001-04-12,1338025.3227061904,378461.9397745216
2001-04-16,1293905.2440770846,368464.4369977612
2001-04-17,1302562.692438046,371107.0744966468
2001-04-18,1432307.22996706,401260.3229732133
2001-04-19,1525747.3377003346,421087.43187147984
2001-04-20,1506905.3498847613,417483.1343174519
2001-04-23,1407272.897151195,397406.3797827368
2001-04-24,1368383.4202404274,389173.6750537965
2001-04-25,1404682.9145643725,397517.9368792174
2001-04-26,1381918.126772095,392718.1170880427
2001-04-27,1417087.4855731332,400601.5782164506
2001-04-30,1453270.1884095366,408439.1168215563
2001-05-01,1502486.1187449326,418484.95947568
2001-05-02,1552065.2255917897,428600.7777050592
2001-05-03,1478440.770354862,414250.9179793908
2001-05-04,1520863.089039334,423010.2112067161
2001-05-07,1502816.2891133302,419553.64232689067
2001-05-08,1526229.608921361,424427.8555191738
2001-05-09,1484805.2430889376,416303.6641784085
2001-05-10,1457463.3116163344,410953.0554150144
2001-05-11,1436864.4067350894,406825.9800156134
2001-05-14,1413099.0446052223,401911.1207836137
2001-05-15,1415783.0789009193,402627.27707144106
2001-05-16,1488618.528703448,418247.0943338994
2001-05-17,1513987.1073631383,423515.93217622855
2001-05-18,1518338.96619094,424529.9281443124
2001-05-21,1622041.0075490512,445142.1962396833
2001-05-22,1630021.9737799014,446747.5618201763
2001-05-23,1556286.5217565508,433171.4592707778
2001-05-24,1593913.0619944388,440623.08953963296
2001-05-25,1561929.9688442317,434649.8884309724
2001-05-29,1486813.569911671,420083.92532463296
2001-05-30,1399729.939827503,402514.6337753257
2001-05-31,1422349.4268558312,407542.8556921572
2001-06-01,1457116.6134467951,415073.92825567146
2001-06-04,1461779.6168440487,416337.079640255
2001-06-05,1534368.3117395402,431357.625470205
2001-06-06,1518236.11240748,428291.5558216373
2001-06-07,1562647.4292264231,437237.4933105447
2001-06-08,1513637.807367714,427804.0562341583
2001-06-11,1470496.7289519454,419254.671740827
2001-06-12,1469070.556953298,419104.3364467909
2001-06-13,1423496.2631613824,409787.57246210455
2001-06-14,1353497.1276041183,394811.23113214
2001-06-15,1339650.4570504096,391799.7928735697
2001-06-18,1305823.3358554968,384121.5746801036
2001-06-19,1308395.1757299071,384909.1564384398
2001-06-20,1339680.0533527348,392370.55970127374
2001-06-21,1362445.0116272783,397695.8888990575
2001-06-22,1341273.6880572175,393084.6623358575
2001-06-25,1354265.4768155734,396190.6810565171
2001-06-26,1365465.022045792,398856.36324921343
2001-06-27,1373684.3633303854,400820.8808650825
2001-06-28,1417490.6658845923,410629.060882473
2001-06-29,1448698.8763810764,417416.1470536366
2001-07-02,1437481.1666388188,415142.44935752207
2001-07-03,1429698.8931959567,413622.1688542329
2001-07-05,1374235.5429742185,401906.1646937776
2001-07-06,1308302.0908186769,387241.12482009456
2001-07-09,1326258.9329104251,391607.4115747733
2001-07-10,1273097.1901448471,379265.9228465692
2001-07-11,1279918.4979698951,381062.3116538308
2001-07-12,1363018.7514176616,401109.5898403491
2001-07-13,1370211.186142194,402867.94357516913
2001-07-16,1321813.0104608396,392119.7731592847
2001-07-17,1353122.643547443,399511.1291807617
2001-07-18,1309244.4842794803,389635.8613766402
2001-07-19,1333618.3496246478,395523.954296817
2001-07-20,1318496.966380895,392205.4401850327
2001-07-23,1284431.100924704,384327.6611484768
2001-07-24,1260532.20356566,378670.1419730045
2001-07-25,1279589.4741956517,383526.4612541582
2001-07-26,1309963.743260535,391003.8784367003
2001-07-27,1314237.1675051863,392194.1446786808
2001-07-30,1304120.0401703904,390032.8661938289
2001-07-31,1311013.8806062543,391837.8454234541
2001-08-01,1344692.170383232,399820.64638176735
2001-08-02,1360297.920873324,403502.89177968295
2001-08-03,1341549.7862319408,399443.4470987582
2001-08-06,1314008.3419437555,393253.4744332262
2001-08-07,1308058.7092790045,392012.09363241
2001-08-08,1257755.3710987796,380145.7776532434
2001-08-09,1254871.4959755267,379567.1143764798
2001-08-10,1248976.0115989267,378251.8512497597
2001-08-13,1268337.3478403536,383245.0092919105
2001-08-14,1253873.2913166154,379828.1836941983
2001-08-15,1218384.2945308974,371013.04861010687
2001-08-16,1226343.588852242,373231.8337109642
2001-08-17,1179018.7600993782,360999.5972822
2001-08-20,1188619.2781415954,363780.9263788144
2001-08-21,1152888.6027093537,354111.8516520052
2001-08-22,1171914.3487837224,359671.82395431434
2001-08-23,1159583.661329134,356385.33974809205
2001-08-24,1210281.2795733928,370670.75739896944
2001-08-27,1206531.8257621091,369830.641943028
2001-08-28,1171768.1062363817,360667.205656953
2001-08-29,1156182.3142030744,356457.98423141765
2001-08-30,1121185.1914735772,346508.6173630324
2001-08-31,1129431.3268354847,349176.0998786156
2001-09-04,1107524.201745974,342482.98511250183
2001-09-05,1099716.8497294728,340214.7237896445
2001-09-06,1066906.6987336187,329900.39388305286
2001-09-07,1056188.752646147,326438.3288844101
2001-09-10,1060011.8074851455,327931.59270609467
2001-09-17,996328.4596501256,305534.8058420531
2001-09-18,984400.378664356,300808.79263669165
2001-09-19,971649.9520489868,295539.0325423245
2001-09-20,940838.9922767133,284545.0855490519
2001-09-21,910030.3112195062,275316.7412599311
2001-09-24,955429.761403597,290066.1716294397
2001-09-25,956510.8873342423,290506.4148890903
2001-09-26,932710.1141091022,283239.26202412444
2001-09-27,930516.6228092508,282601.7550815062
2001-09-28,953725.3690639564,289977.72603369487
2001-10-01,942870.0396267604,286436.31373969733
2001-10-02,950081.531276432,288739.71561644407
2001-10-03,1006006.676531021,305865.94091546413
2001-10-04,1016822.5826551542,309065.75627738755
2001-10-05,1022052.674013422,310619.109366329
2001-10-08,1022280.1263619906,310752.2585516226
2001-10-09,997648.2427253928,303840.07452730584
2001-10-10,1035026.0472426126,314697.16417293425
2001-10-11,1087578.3696473618,329258.5175275721
2001-10-12,1088746.3691283714,329639.84972212947
2001-10-15,1083390.9639321982,328275.65694088663
2001-10-16,1102000.95272868,333268.6135764437
2001-10-17,1045879.5270271637,318620.68299547577
2001-10-18,1050129.5586084565,319863.0090223476
2001-10-19,1062440.7631058153,323468.5007679624
2001-10-22,1088703.131220742,330592.71770016244
2001-10-23,1085831.467662376,329896.07724274724
2001-10-24,1105579.5163166132,335149.18326479505
2001-10-25,1137732.8448962024,343660.0450533456
2001-10-26,1132523.6600698188,342408.1496608836
2001-10-29,1079505.7731245577,328975.1829485439
2001-10-30,1056041.3538948994,322767.50296733866
2001-10-31,1071803.7288917273,327186.72703120625
2001-11-01,1112783.963057348,338054.30175446824
2001-11-02,1112210.7039603265,337951.995025464
2001-11-05,1148141.35739402,347236.77652597416
2001-11-06,1179900.09793371,355265.5585046277
2001-11-07,1181699.979229794,355748.34348279145
2001-11-08,1173677.7461727716,353867.2623537728
2001-11-09,1174087.559873675,354013.140469797
2001-11-12,1183184.95653076,356277.1377898581
2001-11-13,1224734.2400571357,366349.7348613428
2001-11-14,1233463.9441183414,368503.75504892005
2001-11-15,1231135.713612656,368005.23431693134
2001-11-16,1229068.0279094423,367628.6767615714
2001-11-19,1258656.3189711976,374577.2713864823
2001-11-20,1212701.869705898,364147.1574984107
2001-11-21,1208078.9789548928,363098.5457372673
2001-11-23,1230781.301042463,368558.3460232641
2001-11-26,1262279.3669661,375931.7098392926
2001-11-27,1257442.8603563022,374922.0257674739
2001-11-28,1216793.335820955,365635.2208805535
2001-11-29,1253815.965382438,374415.05827513256
2001-11-30,1251141.4920380726,373904.926096243
2001-12-03,1229560.815192022,368940.26978790254
2001-12-04,1277646.3437208217,380221.1971908573
2001-12-05,1349691.624905027,396449.3523818579
2001-12-06,1356102.9754475155,397897.9075728168
2001-12-07,1326203.0026207818,391513.57054337376
2001-12-10,1300291.8081494882,385878.5362371611
2001-12-11,1307844.6997598396,387787.9562671112
2001-12-12,1315919.1659147202,389627.7114365635
2001-12-13,1258799.982012831,377070.91540301824
2001-12-14,1264007.763181424,378370.0511399438
2001-12-17,1293020.7851760678,385019.7978068665
2001-12-18,1307880.7885691307,388382.365243549
2001-12-19,1288482.617899571,384154.7360135716
2001-12-20,1232731.4582813452,371697.0549945887
2001-12-21,1255306.0968548898,376993.0407519811
2001-12-24,1254027.368329439,376740.46699462296
2001-12-26,1267476.3794842532,379892.03523185547
2001-12-27,1280346.9775297842,382946.89972564223
2001-12-28,1289573.3085144076,385056.3459875924
2001-12-31,1257077.4323013695,377923.43334061553
2002-01-02,1281532.7443487127,383522.6087575257
2002-01-03,1337716.2146563292,396130.7790316335
2002-01-04,1351123.2059758124,399068.141888111
2002-01-07,1330837.7357405876,394760.2267713771
2002-01-08,1346946.7707707426,398381.7884564835
2002-01-09,1335783.0381446397,396288.6573074723
2002-01-10,1337761.66299235,396753.5053474744
2002-01-11,1315127.7715944008,391960.6016059719
2002-01-14,1286944.7818772749,385822.4803854261
2002-01-15,1295669.5232033608,387802.7083580659
2002-01-16,1246165.7935661231,376867.2942981344
2002-01-17,1281024.748702931,384896.45357700286
2002-01-18,1232940.1908118962,374152.3529785931
2002-01-22,1192842.8225486465,364894.3961717978
2002-01-23,1225212.4308884465,372627.28111989936
2002-01-24,1241891.226559374,376551.6396600172
2002-01-25,1237666.8110703712,375614.66015278135
2002-01-28,1242790.2595460897,376827.400787514
2002-01-29,1199711.336018995,366965.5108067049
2002-01-30,1216365.9785523668,370938.572676503
2002-01-31,1233255.4284043866,374938.9893617064
2002-02-01,1214031.0381844498,370529.7460880202
2002-02-04,1167924.0015865497,359738.1466209421
2002-02-05,1154240.4238374657,356448.92126963375
2002-02-06,1133733.6973469637,351453.4008787805
2002-02-07,1109908.27533135,345528.95787734445
2002-02-08,1137698.291150949,352666.434149416
2002-02-11,1159293.843586314,358061.1587349318
2002-02-12,1149303.4307378556,355655.6567465888
2002-02-13,1168846.9738733035,360501.97584259947
2002-02-14,1156097.1019721476,357448.7785392204
2002-02-15,1125738.8317450942,350055.71730930044
2002-02-19,1083664.1148144605,339478.2275952027
2002-02-20,1102087.6428543124,344326.54516877804
2002-02-21,1057310.477834039,332829.2103170758
2002-02-22,1063145.6890472472,334446.7574347581
2002-02-25,1095985.9972040742,343247.6763757232
2002-02-26,1093440.9448117255,342670.1512176512
2002-02-27,1082065.151900382,339773.04746610054
2002-02-28,1066829.6929573556,335826.5414403062
2002-03-01,1119211.3693414554,349653.6417883184
2002-03-04,1162706.986101898,360636.03290446784
2002-03-05,1168019.3048499648,361996.5474285127
2002-03-06,1187189.4169532936,366681.6803725384
2002-03-07,1179955.2040968882,364989.2865462243
2002-03-08,1218706.345875231,374316.54605968745
2002-03-11,1218449.4977009282,374290.5316187801
2002-03-12,1191441.5690712044,368020.1763714914
2002-03-13,1162797.5396511485,361221.87571197614
2002-03-14,1156368.3665436525,359699.86402686767
2002-03-15,1167317.588570091,362455.4497472132
2002-03-18,1173972.0200023963,364163.5461037927
2002-03-19,1176812.545655751,364911.3725526093
2002-03-20,1138019.8826851458,355607.48433013045
2002-03-21,1166142.254463154,362592.78601852537
2002-03-22,1152045.9832973783,359217.6993708097
2002-03-25,1121132.2465655303,351678.63812917256
2002-03-26,1129907.801363031,353953.3000189662
2002-03-27,1131807.3979314938,354462.329909986
2002-03-28,1146164.0261268974,358079.9063073673
2002-04-01,1159708.1074521102,361439.5833226936
2002-04-02,1113292.1242188504,350150.6608102667
2002-04-03,1097758.605512025,346268.20979490754
2002-04-04,1101506.099949008,347324.37470218114
2002-04-05,1086392.78552434,343505.7263284136
2002-04-08,1098204.7104450576,346587.9313939649
2002-04-09,1065263.3378742377,338192.84259846254
2002-04-10,1082984.8815973822,342955.78264653473
2002-04-11,1051596.6224338815,334845.5229841852
2002-04-12,1073605.9738272002,340860.4583801451
2002-04-15,1071630.1472351905,340400.8321334257
2002-04-16,1118637.8117728406,352638.8970005896
2002-04-17,1113616.911788192,351459.40227957664
2002-04-18,1107134.4534336436,349868.3502717344
2002-04-19,1102688.3174221397,348789.64970099635
2002-04-22,1073408.7798668195,341392.5283275179
2002-04-23,1052171.8848570578,335889.6265256287
2002-04-24,1039286.351451522,332607.2196057095
2002-04-25,1039302.4135073968,332685.0220528789
2002-04-26,1003301.1983004285,323023.2107895889
2002-04-29,998186.4934052888,321679.7133929753
2002-04-30,1019867.6007667808,327764.0027937088
2002-05-01,1012149.0359549816,325694.44824242376
2002-05-02,989065.9118182588,319351.50139369775
2002-05-03,967182.1302374444,313186.90497159964
2002-05-06,944045.637352757,306486.103021019
2002-05-07,940863.0168927332,305588.5831855296
2002-05-08,1021283.8310625356,329375.87423327804
2002-05-09,988734.0535904206,320490.5256257019
2002-05-10,954792.0709112386,310859.10705146065
2002-05-13,988903.1329255132,320903.8806178185
2002-05-14,1034710.8766827758,333826.98449089815
2002-05-15,1039295.4474449224,335099.12917914405
2002-05-16,1042734.9948675988,336054.7678665122
2002-05-17,1050604.3218676886,338189.29447397264
2002-05-20,1021490.8081273816,330467.9176266315
2002-05-21,994909.202074268,323210.3600429838
2002-05-22,1001136.777954496,325018.4177477061
2002-05-23,1017909.298739748,329722.4203033886
2002-05-24,992291.9818697692,322710.971540298
2002-05-28,985639.9943966586,320908.44325315923
2002-05-29,966576.4272376368,315520.24347929674
2002-05-30,971472.9706867303,316990.38285570446
2002-05-31,960460.3830048512,313853.1104741577
2002-06-03,925246.1178996929,303532.4060795955
2002-06-04,934953.6354229378,306562.2016433634
2002-06-05,945796.1045999924,309899.0831852208
2002-06-06,919443.5501160172,302062.14393358823
2002-06-07,907123.2709160756,298300.5479774844
2002-06-10,904043.9129793365,297377.0805852591
2002-06-11,883329.6120301628,290873.97737864894
2002-06-12,896317.5238580339,295143.4216789812
2002-06-13,882683.4875158031,290829.534928783
2002-06-14,887209.4779011903,292363.5797697256
2002-06-17,916502.0255040734,301803.5765248087
2002-06-18,909895.1100536742,299803.6326540001
2002-06-19,881243.3536554697,290847.5161898926
2002-06-20,862094.162395287,284621.017287087
2002-06-21,848403.4843322634,280005.0630551086
2002-06-24,859093.4341548539,283777.62177292974
2002-06-25,838433.9391978064,276720.7426099915
2002-06-26,841163.9922416995,277765.034636234
2002-06-27,857557.8492520915,283576.3541289122
2002-06-28,859694.4188739101,284362.3987013966
2002-07-01,826128.4109087822,272823.3586093826
2002-07-02,802047.2267052573,263893.7911698557
2002-07-03,813025.4411654593,268243.840271926
2002-07-05,848593.2413983741,281503.32713241974
2002-07-08,824805.2816130402,273201.13722009707
2002-07-09,811804.6364351788,268447.649370817
2002-07-10,793982.8323501621,261629.7295021426
2002-07-11,807638.7010358985,267160.0844237999
2002-07-12,806889.8936522895,266985.6626404577
2002-07-15,811315.2151994742,268764.795517406
2002-07-16,807307.1202118275,267340.5015277889
2002-07-17,818362.5875813067,271621.560272949
2002-07-18,797225.3920717363,263793.8087077264
2002-07-19,778808.3607520144,256451.7074742092
2002-07-22,762161.7667145906,249361.96602793105
2002-07-23,739894.4901934192,238947.44944084485
2002-07-24,763814.4929415872,250847.5189121293
2002-07-25,742698.91874346,241103.28461899655
2002-07-26,751111.7099441844,245394.1729053224
2002-07-29,781947.714904015,259618.69303332703
2002-07-30,785918.8665886153,261363.10764829387
2002-07-31,778173.6285507219,258271.92870937497
2002-08-01,756280.98291481,248894.21817166157
2002-08-02,742974.913478383,242662.24142665276
2002-08-05,727086.6299758992,234518.47227380943
2002-08-06,746274.626984871,244935.35285606052
2002-08-07,754585.8458280135,249092.9559977897
2002-08-08,769501.941029117,256025.8051267868
2002-08-09,764610.5580911636,254009.39119254408
2002-08-12,764653.5432019192,254155.45627760488
2002-08-13,748329.9224992892,246856.816086756
2002-08-14,775485.1480194218,259508.15769853143
2002-08-15,780211.0594998335,261597.31790030407
2002-08-16,787594.011211528,264715.4616025669
2002-08-19,804014.2308972424,271243.3307759865
2002-08-20,794519.1914327672,267758.43157282524
2002-08-21,810968.3224599133,274117.4606096499
2002-08-22,818067.2797025873,276788.80596746784
2002-08-23,795123.8068775435,268561.4748200381
2002-08-26,800545.6027774705,270730.95695592515
2002-08-27,777863.0445688226,262186.0051298749
2002-08-28,761862.5463660096,255694.88251853903
2002-08-29,771183.1146363714,259862.10902286245
2002-08-30,761104.464844517,255798.4887932558
2002-09-03,739038.1295225507,245880.7980769409
2002-09-04,749884.4136586513,251425.525436612
2002-09-05,732959.0915403233,243394.4287701775
2002-09-06,749537.0462500236,252019.236728552
2002-09-09,753015.2628686444,253834.67156839903
2002-09-10,759350.1314079462,256854.58667319332
2002-09-11,756727.7174476879,255957.8781514914
2002-09-12,740701.1267906609,249003.93027513145
2002-09-13,744797.7147695061,251290.36550842013
2002-09-16,737821.2324113082,248276.34605159337
2002-09-17,731047.8962974568,245180.44476137788
2002-09-18,727639.6769664048,243666.4927189476
2002-09-19,716669.9824626008,236728.89903654845
2002-09-20,717865.093270344,237637.51180729704
2002-09-23,679770.269398343,230606.0540030441
2002-09-24,676350.0812482822,230074.4032460723
2002-09-25,715855.8976753949,237888.0505844468
2002-09-26,714888.3954093789,237761.35921465285
2002-09-27,691916.5508273474,233397.59708650995
2002-09-30,664832.1876646599,228128.5711285433
2002-10-01,705264.0168980473,236242.64544819892
2002-10-02,678577.3129998181,231105.80546494463
2002-10-03,656574.6885472634,226879.6582348663
2002-10-04,632112.8741317487,221890.2597846033
2002-10-07,613164.6587572957,217905.0610646736
2002-10-08,621867.3524202676,219821.82329247383
2002-10-09,607958.7019945373,216885.6421721736
2002-10-10,652166.5671071578,226480.33407278656
2002-10-11,696830.1246037576,235654.96604178788
2002-10-14,706770.9339255907,237619.07466745612
2002-10-15,770183.1257110785,249677.67293373847
2002-10-16,716565.1892389067,239945.26561672107
2002-10-17,757127.4131673682,247713.442878789
2002-10-18,773595.6966926011,250750.79188824716
2002-10-21,797103.9697925681,255003.25596107467
2002-10-22,778259.6035858735,251724.6041868143
2002-10-23,808063.7313096405,257071.5540223445
2002-10-24,783924.0128836352,252887.35570397484
2002-10-25,819269.3764588168,259206.2714975326
2002-10-28,801908.3819789345,256233.11829428383
2002-10-29,784550.0236422049,253261.7955248985
2002-10-30,813108.1623083755,258367.94658354655
2002-10-31,816300.5577945617,258962.2180572222
2002-11-01,851344.8689477984,264995.733329287
2002-11-04,892886.2502029451,271981.8845343964
2002-11-05,898144.0948035248,272890.07268145896
2002-11-06,919331.5445799883,276367.1598465992
2002-11-07,867969.8916437627,268139.1423839493
2002-11-08,847441.1190546028,264750.73249903304
2002-11-11,801363.0095882359,256948.5787382536
2002-11-12,835043.1481082663,262870.113441649
2002-11-13,848204.6508618062,265168.93734651385
2002-11-14,906364.909987138,274951.60653532814
2002-11-15,905756.3191505264,274884.1314143764
2002-11-18,884631.4212598656,271491.47550328384
2002-11-19,861727.541736988,267761.6796142419
2002-11-20,914055.5942272232,276503.1128232188
2002-11-21,972638.7791158936,285899.5370162492
2002-11-22,973952.9773490034,286138.1615892631
2002-11-25,990366.4880194172,288708.79646213085
2002-11-26,942636.5269094134,281415.6435110239
2002-11-27,996411.3169028738,289899.2950611597
2002-11-29,984474.7145226438,288121.5473938082
2002-12-02,992013.3061064776,289297.43138966715
2002-12-03,946322.1794656514,282325.0675722283
2002-12-04,923042.1298096748,278705.69535519526
2002-12-05,898788.5398286465,274893.24852052296
2002-12-06,912667.6755131684,277177.6500346425
2002-12-09,846029.946790133,266408.46677900286
2002-12-10,873112.0173028029,271017.53276082675
2002-12-11,879810.2958484804,272160.06963911804
2002-12-12,883151.7403809316,272743.39496922627
2002-12-13,839112.8050422927,265514.0178770181
2002-12-16,882562.8195736478,272908.37912559725
2002-12-17,872575.1051380539,271301.2172129243
2002-12-18,836694.491393997,265355.6280025535
2002-12-19,828079.4114075038,263917.74487936904
2002-12-20,837936.5614801792,265668.4220988809
2002-12-23,859118.4510758015,269307.79890900594
2002-12-24,848258.2487014948,267517.1290770554
2002-12-26,842814.0734168201,266630.7892410842
2002-12-27,820230.389955611,262820.5886892323
2002-12-30,810197.9030723375,261117.3421312328
2002-12-31,805497.4735567279,260337.98318618367
2003-01-02,860662.8014166147,269962.28048699524
2003-01-03,862947.6569673222,270403.41995107435
2003-01-06,902930.7419485118,277084.7512498356
2003-01-07,915108.3875665888,279089.5746671589
2003-01-08,878083.3380930498,273150.1378400632
2003-01-09,922277.1430495433,280446.13305087184
2003-01-10,933422.6542879228,282258.16745868995
2003-01-13,931195.8751316852,281937.35602325306
2003-01-14,949386.7832512882,284858.8910853031
2003-01-15,921742.75522771,280539.1536522544
2003-01-16,903186.3589432832,277611.35455055954
2003-01-17,846085.7070107699,268344.41752208874
2003-01-21,832101.6519822828,266022.6276019938
2003-01-22,826437.879249119,265098.8290720887
2003-01-23,859009.0540653018,270719.20349792985
2003-01-24,805477.2772736477,261730.0806053426
2003-01-27,786582.8702158444,258446.5026164839
2003-01-28,804994.2061736315,261750.35327461985
2003-01-29,822476.3738189316,264853.4850382662
2003-01-30,782155.7158024029,257895.489402446
2003-01-31,780403.8141620818,257620.80064088103
2003-02-03,783354.2199281597,258188.6299252983
2003-02-04,763862.5045372078,254754.3138469918
2003-02-05,758704.3051820025,253853.4286493099
2003-02-06,758764.1461089756,253904.32973631567
2003-02-07,738057.9738461851,250153.68210458785
2003-02-10,752747.9641337028,252931.4025279141
2003-02-11,751249.3438006266,252699.43247507437
2003-02-12,733630.189253632,249488.82237063235
2003-02-13,731837.4830991669,249196.29958608063
2003-02-14,765973.4936023831,255587.0499749068
2003-02-18,805182.8020147181,262688.1684283335
2003-02-19,791295.8782028466,260310.48058557612
2003-02-20,787697.379469758,259713.86164855535
2003-02-21,807018.3906259818,263190.7602233917
2003-02-24,777169.4943472338,257999.61995543184
2003-02-25,784111.9463389502,259293.43441577023
2003-02-26,756314.3125673528,254363.412643975
2003-02-27,777876.8170593677,258322.4128602669
2003-02-28,792548.8085385363,260978.2595306925
2003-03-03,773172.4034404322,257622.5420762009
2003-03-04,759291.6446039169,255185.6981436043
2003-03-05,766251.30012818,256485.48955474293
2003-03-06,753644.5211880187,254245.5902392998
2003-03-07,756043.8816469456,254719.983793448
2003-03-10,727096.8610548216,249472.7539213896
2003-03-11,719759.1966659322,248132.1601949821
2003-03-12,727597.9166414357,249654.4167200969
2003-03-13,792224.4478483459,261668.46231759965
2003-03-14,791574.1235778285,261588.80848859585
2003-03-17,849325.1626697172,271732.0476514307
2003-03-18,858783.5942043756,273354.54688446445
2003-03-19,854560.2296028872,272681.8208685144
2003-03-20,860991.4199396083,273800.86055997247
2003-03-21,883193.0889182789,277529.5633303835
2003-03-24,821384.9397046021,267374.5694514237
2003-03-25,845353.7880742544,271524.9270775883
2003-03-26,841071.6991386807,270836.4690998346
2003-03-27,837222.0640333142,270218.2727299505
2003-03-28,820223.1602311649,267364.8876125842
2003-03-31,787902.5554939234,261821.33696147683
2003-04-01,795516.17475415,263219.4803667153
2003-04-02,849566.1913324482,272678.4406765943
2003-04-03,849244.9520204569,272657.59828131075
2003-04-04,833910.9016818054,270112.4136928983
2003-04-07,840639.6514805172,271290.26724405604
2003-04-08,832844.7310876382,270013.97535874
2003-04-09,802675.7491891354,264904.95943533344
2003-04-10,812410.7139464765,266643.1428948241
2003-04-11,804581.1290864154,265329.56105636177
2003-04-14,833835.0951606818,270432.16954819334
2003-04-15,840535.360796414,271621.925388958
2003-04-16,844674.1965739068,272352.83505174983
2003-04-17,880386.5147643432,278369.8654286448
2003-04-21,878888.7091648343,278155.8273357844
2003-04-22,910953.451758756,283433.14737670193
2003-04-23,928852.3371340052,286330.16729791387
2003-04-24,917696.7254406392,284593.01150569046
2003-04-25,889816.443301237,280168.5043128206
2003-04-28,922986.6439364632,285585.03019109875
2003-04-29,933992.120586719,287361.3185125315
2003-04-30,925175.2173525334,286002.9373511005
2003-05-01,935203.3763963588,287621.1025585703
2003-05-02,972729.0509319102,293550.0564239197
2003-05-05,974049.7438329196,293783.62940215337
2003-05-06,998923.333087865,297632.7434018325
2003-05-07,976954.1803028916,294328.923885298
2003-05-08,954799.149572476,291001.4824227707
2003-05-09,993030.9749052456,296958.5950668704
2003-05-12,1020252.0606994012,301116.81509604864
2003-05-13,1017844.364864947,300787.98344633647
2003-05-14,1011421.621002004,299861.3306861155
2003-05-15,1032778.0647399734,303088.034248669
2003-05-16,1015746.0958850144,300584.7929551883
2003-05-19,956026.5169181804,291651.7517553629
2003-05-20,953763.1292319868,291330.45331474475
2003-05-21,952083.939631467,291099.03081794915
2003-05-22,974237.1511115804,294560.3883193247
2003-05-23,977352.034401863,295063.67635347974
2003-05-27,1036903.79169308,304176.0930303436
2003-05-28,1045447.233596761,305463.2101402925
2003-05-29,1060875.3133645367,307758.65525531827
2003-05-30,1088822.1124924617,311861.761857881
2003-06-02,1081724.175095693,310860.8487503848
2003-06-03,1098924.585429395,313371.5635337522
2003-06-04,1141246.2647524574,319454.7006596604
2003-06-05,1156955.2751573888,321682.35423613945
2003-06-06,1130816.0931657625,318056.9467516571
2003-06-09,1098269.9838356029,313481.524061603
2003-06-10,1130501.3501422552,318120.9543506983
2003-06-11,1155811.026335372,321714.9507152669
2003-06-12,1166363.4355538394,323208.0273834536
2003-06-13,1128112.6281365035,317913.0321177355
2003-06-16,1183489.690872545,325756.5689073241
2003-06-17,1186030.2165278627,326127.8853986393
2003-06-18,1198290.7141492406,327836.2428712064
2003-06-19,1157551.3614247793,322273.05690307304
2003-06-20,1151969.133326453,321514.44723540853
2003-06-23,1104412.302968337,314881.5577210768
2003-06-24,1097296.1745747246,313884.2460733279
2003-06-25,1093183.1205100245,313315.0270307652
2003-06-26,1135771.670290065,319451.3091445505
2003-06-27,1123545.664437065,317748.2775320591
2003-06-30,1120069.4201539042,317274.905550462
2003-07-01,1143871.2446749131,320670.65296420536
2003-07-02,1197578.5878566764,328225.1771523756
2003-07-03,1175741.9058649195,325247.398806903
2003-07-07,1256544.769978267,336448.9280467893
2003-07-08,1294070.216412334,341491.81392886187
2003-07-09,1295483.177598566,341695.4784068721
2003-07-10,1248574.2952843069,335524.6061867981
2003-07-11,1274798.1778549051,339066.07232049166
2003-07-14,1305442.4373221851,343159.1162312204
2003-07-15,1302979.9664016732,342852.45031152834
2003-07-16,1295125.2237828458,341835.8967845658
2003-07-17,1221053.7574660687,332075.7407183485
2003-07-18,1236057.636731082,334133.1798196421
2003-07-21,1196802.9983642458,328843.1216631748
2003-07-22,1231880.741813304,333679.70643742173
2003-07-23,1250702.6092238275,336245.8580333103
2003-07-24,1224799.247629956,332780.2720957814
2003-07-25,1266888.6015560543,338515.0443277695
2003-07-28,1273646.575154292,339434.58033008204
2003-07-29,1267725.1366346728,338662.2242299984
2003-07-30,1252343.9622197188,336624.2814786975
2003-07-31,1272816.7730774437,339392.3265511572
2003-08-01,1244288.3243414368,335605.51196117606
2003-08-04,1241962.0509609045,335308.3514879069
2003-08-05,1183122.2125468547,327381.8835315644
2003-08-06,1153623.8782422538,323316.733473577
2003-08-07,1152866.8383374729,323226.61560322024
2003-08-08,1141434.168210963,321639.8697538991
2003-08-11,1165647.9582109966,325067.33073350164
2003-08-12,1201367.912494192,330064.03642362123
2003-08-13,1200737.066470964,329993.6301893412
2003-08-14,1220225.3635894852,332687.8261306563
2003-08-15,1222560.3296379729,333022.5073884541
2003-08-18,1276342.2309225083,340363.9286614812
2003-08-19,1308004.525440429,344602.39118519775
2003-08-20,1307091.4696580763,344499.07267176674
2003-08-21,1332282.825240276,347835.76087042567
2003-08-22,1313882.1052176766,345450.82340878283
2003-08-25,1312312.101489096,345261.42615791527
2003-08-26,1321676.90884232,346510.32748278114
2003-08-27,1338747.9172639798,348765.1717686442
2003-08-28,1365798.5509215067,352305.8938541479
2003-08-29,1381312.741616411,354324.16182219447
2003-09-02,1428593.4243805015,360405.5023170486
2003-09-03,1446241.003180127,362649.1588388056
2003-09-04,1471254.7885296308,365802.9994667852
2003-09-05,1454287.9258518016,363711.5902258518
2003-09-08,1501766.953448556,369666.500211314
2003-09-09,1477534.8064149609,366702.11899844086
2003-09-10,1399192.4405633868,356998.3137269028
2003-09-11,1433307.9243442714,361367.9527606368
2003-09-12,1447118.4251071713,363126.5540488586
2003-09-15,1432489.185740213,361308.8148661048
2003-09-16,1496913.413464783,369451.1332812144
2003-09-17,1490255.2034156576,368647.5141993888
2003-09-18,1532045.0205274369,373834.3244867659
2003-09-19,1525790.4990891945,373089.4882352146
2003-09-22,1475946.1423181964,367013.67530319694
2003-09-23,1509072.535295051,372328.0552227563
2003-09-24,1431140.7530618375,360977.4764261351
2003-09-25,1396213.2349114022,355805.4830829847
2003-09-26,1364437.128845472,350885.8000266953
2003-09-29,1404275.8035680635,357255.6913272299
2003-09-30,1356397.6434099036,349898.0376056189
2003-10-01,1411597.3836198463,358778.4633245313
2003-10-02,1415970.398697036,359564.3777460201
2003-10-03,1472952.5794248136,368257.44917123707
2003-10-06,1489468.6882354582,370790.3689521733
2003-10-07,1508335.7337758697,373617.1490602633
2003-10-08,1488914.5986267645,370870.7058240427
2003-10-09,1512968.7081384216,374428.0872700416
2003-10-10,1516173.1894448325,375104.8261478863
2003-10-13,1540016.484535386,378682.05620277295
2003-10-14,1553187.7168533436,380582.967227852
2003-10-15,1545605.8177903856,379790.9895210801
2003-10-16,1559647.1353233778,381962.3277712832
2003-10-17,1505816.1654104614,374571.6724405474
2003-10-20,1523036.4253451852,377083.7999292636
2003-10-21,1544520.768604008,380179.7454649481
2003-10-22,1484641.2589996448,371799.3244413016
2003-10-23,1467137.2283481194,369347.9008170944
2003-10-24,1440089.8298392685,365454.60658540553
2003-10-27,1462333.1458298075,368856.1749593968
2003-10-28,1528802.5296206898,378532.4628116967
2003-10-29,1534393.70284186,379383.8611232488
2003-10-30,1528477.4461601682,378634.7146422158
2003-10-31,1527525.7705395597,378549.6964261399
2003-11-03,1576826.562211589,385511.7453130498
2003-11-04,1562240.1206670643,383614.626534688
2003-11-05,1563950.0700084034,383898.0595419901
2003-11-06,1587887.9219840511,387237.99866159743
2003-11-07,1578846.7311106925,386144.1094650212
2003-11-10,1536899.3455792866,380451.49379133485
2003-11-11,1520700.7630690276,378326.72595705057
2003-11-12,1579729.350911366,386636.0908874223
2003-11-13,1571138.889746301,385516.6074462967
2003-11-14,1517346.6409995486,378257.7365131288
2003-11-17,1488481.08980175,374220.1212337962
2003-11-18,1450257.1658967857,368769.3995968146
2003-11-19,1473834.3515315035,372286.07473542367
2003-11-20,1448959.6779088771,368820.2855961109
2003-11-21,1463980.2104984652,371172.9903149814
2003-11-24,1536672.3289634788,381620.0165847676
2003-11-25,1530577.3284022957,380825.5484655574
2003-11-26,1544314.567099996,382847.4851318419
2003-11-28,1553391.0687786369,384218.78640095104
2003-12-01,1595599.907557794,390021.80001601885
2003-12-02,1581124.8605655262,388120.0025067014
2003-12-03,1551846.460860805,384244.2708005698
2003-12-04,1563676.438606187,385929.3828851225
2003-12-05,1519066.6534118135,379865.770197784
2003-12-08,1534263.073315464,382037.0023835732
2003-12-09,1476134.8853895369,374100.9148851232
2003-12-10,1470673.8687593995,373390.3823490653
2003-12-11,1522283.312756666,380784.1392918097
2003-12-12,1531424.8900789183,382102.8036764591
2003-12-15,1487477.9634523345,376085.304926375
2003-12-16,1495085.911137137,377276.47936867713
2003-12-17,1490675.7092422629,376705.10799934727
2003-12-18,1538711.131957974,383546.9534062219
2003-12-19,1531075.226514016,382544.3609242247
2003-12-22,1537577.763985291,383490.7087386066
2003-12-23,1564368.125516174,387221.4091497386
2003-12-24,1556050.644652279,386142.3567496188
2003-12-26,1561405.6883802146,386918.2613743294
2003-12-29,1609493.3266580903,393465.1960821454
2003-12-30,1614238.3404441385,394141.29972123104
2003-12-31,1604313.4520015891,392874.0587149923
2004-01-02,1608244.2707106585,393532.5371635349
2004-01-05,1668795.1412023949,401519.6993003576
2004-01-06,1683592.5758532956,403492.4045893256
2004-01-07,1714675.6663219775,407485.18200861104
2004-01-08,1749510.2152685612,411921.44092518894
2004-01-09,1727922.302195044,409316.82411055465
2004-01-12,1766856.1351585644,414202.4924476985
2004-01-13,1742195.0154922146,411203.5644097609
2004-01-14,1765190.0771787094,414094.69497389445
2004-01-15,1761568.674938292,413702.4885137993
2004-01-16,1811497.9129128112,419867.5982729771
2004-01-20,1823011.833273074,421352.70448824856
2004-01-21,1813721.9438204267,420277.9534008099
2004-01-22,1775419.2755691656,415689.8173192347
2004-01-23,1782855.017983798,416653.1302800209
2004-01-26,1830598.143027242,422540.48697948497
2004-01-27,1768539.142649572,415136.86071889725
2004-01-28,1706583.15245468,407560.25806048553
2004-01-29,1692038.386426004,405776.75398845895
2004-01-30,1688214.3781387089,405378.31403690303
2004-02-02,1683314.540200375,404799.36633247376
2004-02-03,1687830.8357021832,405409.40178476064
2004-02-04,1607288.7590951603,395202.4519265532
2004-02-05,1615150.2472736563,396275.34996592905
2004-02-06,1682205.2313030018,405006.694541681
2004-02-09,1676523.4983743224,404341.34117168345
2004-02-10,1699132.3796064246,407247.2940943726
2004-02-11,1721331.628788492,410068.97018958325
2004-02-12,1695763.5384509235,406929.1653106411
2004-02-13,1664331.3500866669,403004.1946361694
2004-02-17,1705294.2186295565,408271.2442528531
2004-02-18,1698725.220185526,407519.4853492776
2004-02-19,1650910.4930948704,401541.4187329602
2004-02-20,1638376.1626279831,399975.02448251983
2004-02-23,1591952.257237302,394016.11215496826
2004-02-24,1588389.932373849,393617.2363937488
2004-02-25,1614360.2843525698,397069.2751306175
2004-02-26,1628433.1358108933,398961.04179558746
2004-02-27,1623939.2964428018,398430.759756448
2004-03-01,1666349.2503067325,403932.42472519056
2004-03-02,1638020.9607203829,400379.3134261778
2004-03-03,1628131.0811705808,399154.1238924864
2004-03-04,1661123.513691266,403433.2359846513
2004-03-05,1649305.516553126,401974.4423694296
2004-03-08,1589694.8178733492,394357.29486880143
2004-03-09,1568906.7287053005,391692.8502835564
2004-03-10,1522984.0442229917,385614.2440555931
2004-03-11,1493554.592993158,381645.8532404961
2004-03-12,1550977.8011070078,389673.0910140971
2004-03-15,1484395.1571156422,380743.2047135956
2004-03-16,1488996.0440630785,381516.0368807793
2004-03-17,1537030.7022184078,388136.0660249131
2004-03-18,1515894.560964394,385333.5674567664
2004-03-19,1484013.3408603435,381028.8433268414
2004-03-22,1440563.5462035455,375035.2297778892
2004-03-23,1428330.6000634884,373453.6171878938
2004-03-24,1438548.4962245645,374970.6055740364
2004-03-25,1519333.0847739289,386308.31314408965
2004-03-26,1508709.1940754035,384913.4056683738
2004-03-29,1555731.678131634,391314.8025146545
2004-03-30,1567258.4451819016,392907.01013328345
2004-03-31,1557472.654266176,391657.48792926985
2004-04-01,1587804.5055293932,395749.9005265908
2004-04-02,1651585.5130600205,404039.5703592307
2004-04-05,1685514.709434331,408360.3303229321
2004-04-06,1655111.8325902645,404595.0075724471
2004-04-07,1639885.8851665102,402707.2902367262
2004-04-08,1643633.7233580332,403235.4051130198
2004-04-12,1662979.5954080925,405719.9707727032
2004-04-13,1607690.7640514993,398776.0427409256
2004-04-14,1599404.7775820263,397758.193185679
2004-04-15,1564803.986026364,393312.4552134278
2004-04-16,1554963.1721370588,392058.6802237833
2004-04-19,1591546.0113735772,396918.322984684
2004-04-20,1528315.953908284,388716.0537174774
2004-04-21,1553063.7197154777,392065.0807729308
2004-04-22,1608698.8970375438,399398.5176495297
2004-04-23,1634328.4896157745,402720.4477783044
2004-04-26,1613956.4927345852,400175.9128386174
2004-04-27,1607157.9155705303,399352.3855842568
2004-04-28,1541508.6419368528,390915.2019654749
2004-04-29,1495838.0733966825,384880.6223436614
2004-04-30,1440013.6176300205,377299.377802561
2004-05-03,1465792.0526238102,380957.2578695663
2004-05-04,1482361.527109807,383277.16282105766
2004-05-05,1491849.7636403134,384618.5915002612
2004-05-06,1463358.719705722,380791.8957087525
2004-05-07,1434928.2849859186,376913.9211495601
2004-05-10,1403931.6358293598,372621.11036113446
2004-05-11,1452621.1426780706,379563.3149554581
2004-05-12,1444186.6046029394,378440.3520589561
2004-05-13,1444542.9767146113,378535.8491683839
2004-05-14,1413559.1308422913,374264.2838674786
2004-05-17,1375153.9027269147,368846.6850648553
2004-05-18,1403353.841738162,373018.30470795126
2004-05-19,1403562.0873756765,373095.99812148896
2004-05-20,1401099.9520019512,372794.3081171489
2004-05-21,1422302.882285284,375849.8689484397
2004-05-24,1437354.3002512923,377999.412942113
2004-05-25,1496374.6846268426,386199.47695822513
2004-05-26,1513028.911379649,388469.2753090185
2004-05-27,1525161.5376529242,390119.9530746283
2004-05-28,1528246.9790452167,390569.5867621591
2004-06-01,1534036.4908971458,391371.1421384081
2004-06-02,1531136.8113136878,391028.5516267452
2004-06-03,1488073.1943992618,385391.58652488
2004-06-04,1514804.3667766051,389010.3774885399
2004-06-07,1577265.1320729435,397277.13016147446
2004-06-08,1581484.696928674,397858.7353287517
2004-06-09,1531009.7874722823,391395.595018631
2004-06-10,1544677.9623087626,393225.6257325179
2004-06-14,1499562.3015733005,387359.8145383143
2004-06-15,1537256.825357444,392404.73768662
2004-06-16,1540923.42095828,392931.2315829932
2004-06-17,1518798.053330035,390077.52635683777
2004-06-18,1523167.997315181,390688.533176457
2004-06-21,1504436.8925493327,388269.2245049337
2004-06-22,1533684.017608673,392166.3174147717
2004-06-23,1573975.3933385173,397451.9904568839
2004-06-24,1565506.229453156,396397.5000354326
2004-06-25,1580487.867106669,398353.9530756378
2004-06-28,1571588.519650948,397252.2340752127
2004-06-29,1594638.4371982513,400233.50385586
2004-06-30,1614425.9935222266,402772.3570154681
2004-07-01,1563985.3988110395,396440.7806938232
2004-07-02,1550142.6230023815,394701.6328918176
2004-07-06,1484314.0423387608,386207.8742650407
2004-07-07,1487882.4486041777,386738.30707784055
2004-07-08,1442123.8809482784,380696.85881748697
2004-07-09,1457930.1815607462,382871.7024600552
2004-07-12,1443887.838461115,381029.7504682706
2004-07-13,1435998.420760926,380004.0766358205
2004-07-14,1411445.382549076,376712.0882347815
2004-07-15,1408102.1431286708,376294.147380483
2004-07-16,1365717.902103715,370487.67664857896
2004-07-19,1366246.6070869956,370630.2663579609
2004-07-20,1412861.9867672615,377178.8246866466
2004-07-21,1351510.2289279725,368786.6941433838
2004-07-22,1371705.762991039,371685.77923346375
2004-07-23,1315555.8121805033,363830.2335777722
2004-07-26,1301576.9581403553,361857.5156431936
2004-07-27,1342061.198966206,367784.8586928127
2004-07-28,1326781.5040209962,365660.6234739141
2004-07-29,1358019.3256771984,370155.82781507936
2004-07-30,1366629.0118880116,371404.3434145357
2004-08-02,1373055.030133177,372343.9761046595
2004-08-03,1326654.4814093604,365923.73456105386
2004-08-04,1320356.2363036748,365074.42566685966
2004-08-05,1274257.0627349322,358504.10846361984
2004-08-06,1215085.437401652,349707.6343293305
2004-08-09,1211822.7461969834,349273.14084736246
2004-08-10,1254986.0537850915,355984.91273509874
2004-08-11,1220262.809097078,350821.026796414
2004-08-12,1182041.3114658429,344938.46063756244
2004-08-13,1187374.9707631357,345877.6643286597
2004-08-16,1218991.5639083048,350928.74230771104
2004-08-17,1234611.498876782,353379.85076048865
2004-08-18,1281951.6128996632,360498.1815607392
2004-08-19,1266049.5912761516,358246.9745875464
2004-08-20,1290299.5086749413,361824.4119291142
2004-08-23,1290963.2405959629,361966.8751020719
2004-08-24,1288212.3493197286,361619.1888605843
2004-08-25,1320903.1619748597,366319.0810140524
2004-08-26,1309751.580758604,364792.2349195453
2004-08-27,1322387.84914354,366606.24189589854
2004-08-30,1286205.3223874404,361574.8753388861
2004-08-31,1288218.2670256663,361900.46407700353
2004-09-01,1305115.0385433675,364332.7878310842
2004-09-02,1337278.020228574,368873.94318868296
2004-09-03,1295954.3605710464,363182.52500471374
2004-09-07,1315512.0796642536,365963.5733071053
2004-09-08,1304186.996106806,364412.7742580166
2004-09-09,1330818.212667278,368164.7451494613
2004-09-10,1365802.798989239,373029.4760400209
2004-09-13,1388871.4838681724,376202.86796907743
2004-09-14,1396067.7145903378,377200.39590441575
2004-09-15,1368442.6855986635,373491.3309093985
2004-09-16,1379251.4391539046,374989.0403006121
2004-09-17,1387856.5331326711,376181.5784626894
2004-09-20,1384818.6350910966,375792.7035729357
2004-09-21,1403746.249889747,378383.67518450064
2004-09-22,1351808.8625545634,371406.7154424104
2004-09-23,1350026.7653870916,371557.3868940058
2004-09-24,1340369.5942108275,370197.3245121357
2004-09-27,1317800.3905478637,366345.571663565
2004-09-28,1328297.0694174631,368322.0494483319
2004-09-29,1354905.8687989877,373072.0534225001
2004-09-30,1357287.6184744737,373652.1886626434
2004-10-01,1409507.134429176,382596.3976155022
2004-10-04,1421699.9391904713,384614.8322394056
2004-10-05,1424466.268737871,385234.6722671784
2004-10-06,1443490.1784907244,388303.2696025796
2004-10-07,1415066.5389688348,383877.9247494949
2004-10-08,1380079.3158327297,378262.41964343545
2004-10-11,1390165.2193419095,380003.1933125116
2004-10-12,1385521.0133727498,379304.9479961767
2004-10-13,1379518.6746533727,378399.7842291566
2004-10-14,1358460.7962529536,374958.81701427634
2004-10-15,1368101.4274259375,376638.585380469
2004-10-18,1397725.264188308,381577.4534431785
2004-10-19,1380454.3850786488,378902.8157567885
2004-10-20,1392198.7408997389,380896.0959007982
2004-10-21,1417077.207081457,384974.2987782784
2004-10-22,1369400.679976686,377400.7191941541
2004-10-25,1367706.2041454047,377192.9418826248
2004-10-26,1384865.3565201391,380108.65177356993
2004-10-27,1435181.2489745524,388237.0190518831
2004-10-28,1441311.0400099806,389379.44766477874
2004-10-29,1440040.2493280352,389240.9083723023
2004-11-01,1445403.7324889963,390211.95179049537
2004-11-02,1451369.0157584045,391190.932457928
2004-11-03,1475919.214953582,395051.45405997423
2004-11-04,1500970.1024444853,398864.8806025469
2004-11-05,1521119.2035500424,401892.0219097231
2004-11-08,1521155.3932816088,401962.7058952156
2004-11-09,1526346.7106322115,402776.4888549449
2004-11-10,1513979.3269486087,401057.37680793216
2004-11-11,1549838.019577796,406332.05759541626
2004-11-12,1582419.9520708583,411086.5934965496
2004-11-15,1594410.0739173123,412821.2834667081
2004-11-16,1572042.094738498,409781.4189343835
2004-11-17,1601191.9529787863,413942.9302424887
2004-11-18,1607240.6431928815,414859.6756312552
2004-11-19,1559420.0294986584,408235.4129850606
2004-11-22,1579311.5709678873,411115.7238889692
2004-11-23,1577713.7805078323,410946.1142289032
2004-11-24,1602523.798331124,414556.1250949776
2004-11-26,1601424.9160074275,414453.5955599004
2004-11-29,1608105.5503781673,415429.644446017
2004-11-30,1593477.7600234426,413455.9076242822
2004-12-01,1652041.3233109417,421633.0683142931
2004-12-02,1659554.7970566298,422696.1078857402
2004-12-03,1665645.7792299944,423571.8263133724
2004-12-06,1670201.7799273657,424230.6980566496
2004-12-07,1616120.475663863,417025.1620518002
2004-12-08,1632325.7490618585,419293.146774604
2004-12-09,1635918.8787227818,419875.023740296
2004-12-10,1634263.8211025256,419699.6491983308
2004-12-13,1663569.817757027,423738.8492006838
2004-12-14,1680056.8950664136,425985.4919991705
2004-12-15,1683646.8056485087,426530.1203970074
2004-12-16,1658999.0701114123,423305.5963095501
2004-12-17,1642611.8787192253,421155.9118004295
2004-12-20,1631381.8338920418,419716.222981862
2004-12-21,1664842.5864646938,424274.7406892729
2004-12-22,1673633.209964122,425492.05766555184
2004-12-23,1678648.0699082003,426210.3630314242
2004-12-27,1668845.3289551358,424957.9989290677
2004-12-28,1702791.4836438496,429499.35005323193
2004-12-29,1702089.78388644,429472.1060429356
2004-12-30,1703842.834258187,429746.7001354937
2004-12-31,1699198.6605630296,429184.78628533246
2005-01-03,1663883.355348089,424600.1962392253
2005-01-04,1598211.998801716,415872.31981480337
2005-01-05,1574094.863373275,412603.1392740704
2005-01-06,1571974.0916413665,412368.31220208254
2005-01-07,1569627.3963710472,412103.8971667212
2005-01-10,1581294.8911236338,413777.0199323313
2005-01-11,1556126.04655104,410349.6634979968
2005-01-12,1574058.2342210005,412906.8115140938
2005-01-13,1542608.9303823195,408581.4357618095
2005-01-14,1566715.973056309,412014.7922135548
2005-01-18,1592122.524332539,415602.2854206622
2005-01-19,1545483.2571958422,409208.56367898535
2005-01-20,1506563.3153782326,403749.9148272403
2005-01-21,1490279.9354478172,401468.3228714489
2005-01-24,1455463.7186908447,396431.5641112216
2005-01-25,1470003.414392284,398661.2723882958
2005-01-26,1504876.5082219378,403829.8087313336
2005-01-27,1505787.0340151906,404048.6438814693
2005-01-28,1489936.073082947,401824.0075771504
2005-01-31,1526155.536300209,407079.8206678139
2005-02-01,1534402.200474928,408331.04507870646
2005-02-02,1543026.532564271,409596.159218064
2005-02-03,1517848.378507384,406167.3444822965
2005-02-04,1558196.6150736543,411905.41508922126
2005-02-07,1551042.0005747315,411001.2862707866
2005-02-08,1557350.0092930885,411928.9818524546
2005-02-09,1508806.294960369,405201.250465988
2005-02-10,1509234.231059034,405319.4852223925
2005-02-11,1541775.6925619252,409980.2736785639
2005-02-14,1550270.338040243,411223.9283936966
2005-02-15,1558844.9390341933,412477.5230304967
2005-02-16,1556013.2985681852,412135.9086497916
2005-02-17,1518599.4597879353,406994.6208636044
2005-02-18,1514490.4298629735,406467.2754010931
2005-02-22,1474813.56170547,400889.18434643967
2005-02-23,1475774.687442598,401082.36958246655
2005-02-24,1503510.6499969582,405129.8834082879
2005-02-25,1522290.8222006948,407844.7298029144
2005-02-28,1502845.285332268,405153.1291263504
2005-03-01,1529603.03411727,409019.3703862845
2005-03-02,1523973.646448491,408288.579002373
2005-03-03,1510881.3948120377,406501.21868822834
2005-03-04,1527645.0687329925,408922.21845082426
2005-03-07,1555122.7054459292,412802.7054222236
2005-03-08,1530862.3176910095,409522.3111046935
2005-03-09,1513226.805659104,407110.7323141404
2005-03-10,1510597.5804853635,406810.3323940751
2005-03-11,1484923.611182434,403241.1817448063
2005-03-14,1497489.705828976,405115.311720992
2005-03-15,1474567.6539467885,401952.8224459545
2005-03-16,1447871.0171830803,398164.0532102327
2005-03-17,1448304.705213335,398305.8847457031
2005-03-18,1436259.483549251,396610.67293974577
2005-03-21,1435497.5786358898,396564.8002033749
2005-03-22,1410608.8712514022,392984.9202206404
2005-03-23,1411454.9360537075,393168.11790375225
2005-03-24,1412253.024426072,393343.4384808829
2005-03-28,1413359.2253336122,393641.2260675309
2005-03-29,1388241.8690253189,389968.0868099362
2005-03-30,1430003.1157097076,396257.9464103349
2005-03-31,1420992.7832539824,394995.0251165933
2005-04-01,1401218.0729500025,392155.4341673257
2005-04-04,1409188.7975897857,393401.5892870948
2005-04-05,1419717.5170476304,395041.01580826833
2005-04-06,1419109.737488096,395014.8692689664
2005-04-07,1445433.184575947,398906.9698280306
2005-04-08,1418565.515529194,395075.16828786174
2005-04-11,1408510.426441389,393655.9176332513
2005-04-12,1426088.390442943,396289.5108878797
2005-04-13,1383800.814251347,390167.0649406409
2005-04-14,1347199.436252284,384710.2898227562
2005-04-15,1297825.9645277655,377099.2058710564
2005-04-18,1303376.4493657658,378050.862176484
2005-04-19,1327296.8429932396,381901.7838235016
2005-04-20,1303193.293622387,378234.87229889375
2005-04-21,1364568.4471042452,387859.05203920434
2005-04-22,1324881.7398651163,381895.45932072256
2005-04-25,1348284.3291806746,385578.86482838256
2005-04-26,1317950.3504521293,380974.7908568991
2005-04-27,1321393.7092937722,381574.8826480568
2005-04-28,1287764.1340675422,376395.3101124796
2005-04-29,1308992.8549390172,379857.5246731631
2005-05-02,1317104.5350334323,381250.2769835828
2005-05-03,1322341.5060821818,382133.0724733044
2005-05-04,1359627.5423564825,387906.5838416207
2005-05-05,1358735.6697878437,387830.8279860778
2005-05-06,1365679.3329255974,388937.2343626021
2005-05-09,1381664.3605669362,391382.123092418
2005-05-10,1358788.9808394604,388050.29531693534
2005-05-11,1369933.965736705,389795.3940978737
2005-05-12,1359438.5725418122,388288.2296420354
2005-05-13,1376234.4911063518,390848.0009200368
2005-05-16,1399577.086519852,394347.0612012243
2005-05-17,1412430.5924988587,396278.3237233824
2005-05-18,1448530.874091427,401527.5740305873
2005-05-19,1464928.923602133,403896.0815688705
2005-05-20,1470067.2100366724,404665.03020525584
2005-05-23,1484240.1613613549,406697.5469337149
2005-05-24,1491040.1598847196,407690.078180182
2005-05-25,1474322.902720129,405425.6338695248
2005-05-26,1504027.139915958,409611.8899024963
2005-05-27,1510220.0961419742,410509.5905562567
2005-05-31,1499172.4102844251,409034.1371979973
2005-06-01,1527099.059794814,412928.12753527466
2005-06-02,1541271.3600920816,414903.83866149926
2005-06-03,1502621.9280827327,409698.22366792994
2005-06-06,1508584.5626971445,410564.4038398617
2005-06-07,1495908.6082327436,408873.1665654599
2005-06-08,1485665.362397131,407502.2988630504
2005-06-09,1509304.3928004636,410821.1809467116
2005-06-10,1489022.7615801217,408079.5255277231
2005-06-13,1497287.9452040424,409268.17434458464
2005-06-14,1497149.925025943,409293.75935767806
2005-06-15,1505364.2322534395,410466.6522333459
2005-06-16,1525654.194148169,413291.4410876916
2005-06-17,1526819.9876861747,413491.2363939773
2005-06-20,1523710.1836852608,413109.32908502856
2005-06-21,1527748.0615952525,413700.8424777337
2005-06-22,1528909.145935143,413900.6127948686
2005-06-23,1497597.0513962354,409682.46678956936
2005-06-24,1472364.4202699545,406251.6107049704
2005-06-27,1460639.0447842656,404664.5726334773
2005-06-28,1495479.1619676414,409559.37512895575
2005-06-29,1493815.0725163906,409371.26124720654
2005-06-30,1476431.185388907,407020.4325033042
2005-07-01,1476774.428804417,407111.2830303104
2005-07-05,1507103.7173627212,411351.6157722361
2005-07-06,1492274.1506093834,409362.7609152805
2005-07-07,1502120.995524234,410759.7104549093
2005-07-08,1555670.09050988,418135.082614614
2005-07-11,1588616.1249582565,422607.651825784
2005-07-12,1599866.1819431027,424145.5180530932
2005-07-13,1601069.81873582,424345.648577688
2005-07-14,1613843.635386997,426079.55998350657
2005-07-15,1619548.3067216512,426873.4480856215
2005-07-18,1601439.4774821051,424526.38236041326
2005-07-19,1643475.2568862978,430139.7492839336
2005-07-20,1666517.907575048,433196.1763689675
2005-07-21,1651102.6380367177,431233.0773064919
2005-07-22,1652598.3855921763,431468.9756072338
2005-07-25,1632656.722403483,428905.96163099166
2005-07-26,1646366.9547402598,430747.2102409063
2005-07-27,1661616.3967456382,432782.5377345047
2005-07-28,1679959.3129038697,435211.8987184958
2005-07-29,1658925.3060190417,432527.99833955895
2005-08-01,1674698.6005925643,434626.8278799268
2005-08-02,1709188.0950659155,439145.034407325
2005-08-03,1706868.8596336544,438890.2305630977
2005-08-04,1667362.1136123,433854.1010587827
2005-08-05,1646706.5435353962,431209.3868793943
2005-08-08,1626016.709236863,428542.79404260026
2005-08-09,1640499.296662205,430493.3781109136
2005-08-10,1615536.855840543,427260.3827561657
2005-08-11,1640362.549157094,430585.1822302588
2005-08-12,1613489.841717659,427100.50824166136
2005-08-15,1628420.5474972338,429118.585754394
2005-08-16,1583121.3960136103,423192.1489080477
2005-08-17,1594871.5853245584,424804.2193652003
2005-08-18,1581147.8218334992,423018.2356825106
2005-08-19,1580142.6749477647,422925.3255705335
2005-08-22,1588564.3695322876,424093.897503801
2005-08-23,1582156.0701645615,423280.1483474585
2005-08-24,1569572.6861847392,421638.4806796714
2005-08-25,1577390.3634100845,422729.9334983631
2005-08-26,1557053.5305582015,420046.384895511
2005-08-29,1581607.9937183473,423399.6687168283
2005-08-30,1569697.4614522457,421847.01579169824
2005-08-31,1602379.7596988454,426280.0354914605
2005-09-01,1595893.91466371,425460.20468504616
2005-09-02,1585499.6703893384,424117.4678445949
2005-09-06,1623452.1290110792,429236.229171064
2005-09-07,1630949.617518512,430270.5658496576
2005-09-08,1621688.503466303,429092.2340964297
2005-09-09,1635634.6220692724,430980.4420850092
2005-09-12,1646390.470171443,432440.8491375278
2005-09-13,1629423.4263318768,430256.06913001183
2005-09-14,1595530.6969184168,425824.5923799724
2005-09-15,1590564.1344688355,425204.6756450909
2005-09-16,1611368.0927270567,428028.2048343016
2005-09-19,1588609.7570335767,425048.6105590048
2005-09-20,1567734.9824410118,422298.73987150326
2005-09-21,1531171.676949781,417416.7160133015
2005-09-22,1532729.7363232756,418246.995125302
2005-09-23,1538514.903701214,419457.7423191157
2005-09-26,1542403.860804646,420383.1700828016
2005-09-27,1536459.17587291,419394.45774169615
2005-09-28,1534228.0514199228,419202.3139952578
2005-09-29,1561999.598182357,424328.9787993879
2005-09-30,1571171.4116598892,426413.9326737337
2005-10-03,1573842.2710670417,427165.2627806644
2005-10-04,1555342.1516647493,423990.6995225823
2005-10-05,1516266.9238150374,416798.7067598099
2005-10-06,1496103.341744291,413054.91302234336
2005-10-07,1500916.8031895757,414307.4361755877
2005-10-10,1488954.8763784182,412051.8395424945
2005-10-11,1471358.3819000158,408527.692203062
2005-10-12,1449485.1093291936,403855.686788543
2005-10-13,1457410.7955646375,405797.8918384106
2005-10-14,1473512.2786279966,409298.211545632
2005-10-17,1477541.4919827832,410392.2344498604
2005-10-18,1463264.015357745,407567.3301137163
2005-10-19,1497903.363218435,414562.7679173472
2005-10-20,1474385.3993828737,409987.4218964772
2005-10-21,1486042.517687882,412792.37442087225
2005-10-24,1520926.8260961785,419467.29819616704
2005-10-25,1513445.1666957128,418212.41332723823
2005-10-26,1501378.1443989878,416358.7779167016
2005-10-27,1465461.4822687495,409183.70148504194
2005-10-28,1491067.7184337866,414362.2079721475
2005-10-31,1522830.872290552,420403.5051436406
2005-11-01,1514215.5413753868,419174.2930150012
2005-11-02,1547029.9938238405,425184.2345232901
2005-11-03,1564490.0840906927,428349.0527621667
2005-11-04,1574570.1253781172,430185.49058824335
2005-11-07,1584502.1370268185,431942.7170992631
2005-11-08,1576679.6264796983,430729.5123800885
2005-11-09,1580531.6071727849,431481.4217136785
2005-11-10,1604825.5735366552,435630.3663116908
2005-11-11,1611079.4350118197,436788.9789517563
2005-11-14,1608659.8135638149,436497.9317738996
2005-11-15,1590685.8689364945,433690.1693772682
2005-11-16,1591334.0119493278,433936.4931625644
2005-11-17,1631403.010356243,440398.57036718266
2005-11-18,1638630.0807500454,441720.0825508473
2005-11-21,1656883.734072497,444626.3543428971
2005-11-22,1671981.3103217678,446995.30223036447
2005-11-23,1679841.0903544144,448279.34122168313
2005-11-25,1683399.2319684257,448891.037357597
2005-11-28,1651903.7917568132,444212.5122635246
2005-11-29,1642759.0258050684,442901.9472768278
2005-11-30,1641521.6411238424,442934.3345346783
2005-12-01,1685972.3394827654,449759.0120663766
2005-12-02,1693840.6280855276,450999.7094613749
2005-12-05,1672312.5072159104,447889.8264616664
2005-12-06,1675365.0542144757,448519.4859216696
2005-12-07,1663206.3376675197,446794.22417392174
2005-12-08,1655402.493191329,445703.7436865461
2005-12-09,1668533.4664829802,447751.95538504777
2005-12-12,1673519.4568206863,448599.8896125189
2005-12-13,1678433.5966057484,449414.1493660749
2005-12-14,1674727.2408878703,448946.6825503457
2005-12-15,1671511.8085746896,448568.42478357913
2005-12-16,1660114.3049318686,446961.9500114464
2005-12-19,1620816.5074503138,441071.2547060409
2005-12-20,1619663.7297821292,441018.2433720511
2005-12-21,1631121.3465417463,442862.332599349
2005-12-22,1650098.5774695354,445815.83565730846
2005-12-23,1653484.327208391,446407.8951199331
2005-12-27,1623302.215168752,441947.3342817022
2005-12-28,1625475.9352277797,442364.7083918887
2005-12-29,1611098.3985509947,440235.7913521064
2005-12-30,1594290.5548460938,437697.9632970982
2006-01-03,1643007.576514655,445333.7274997409
2006-01-04,1668058.2602783572,449258.317196262
2006-01-05,1685702.5852736428,451930.70182891714
2006-01-06,1725045.606501771,457647.9833207051
2006-01-09,1743011.2137022647,460253.1399835498
2006-01-10,1744860.8257502725,460587.67380177137
2006-01-11,1760058.0548533194,462790.1076280111
2006-01-12,1738652.8231992703,459889.0033031876
2006-01-13,1738550.8930867694,459969.4513627872
2006-01-17,1717772.11828952,457131.6794575965
2006-01-18,1685194.345635092,452566.6511121351
2006-01-19,1715143.425707506,456978.76981766167
2006-01-20,1640299.5520269645,446247.1607911011
2006-01-23,1640787.2690549437,446410.6615686041
2006-01-24,1662597.3198277613,449752.7931834036
2006-01-25,1655866.8721381202,448850.1777691745
2006-01-26,1685681.2987748038,453298.4581754042
2006-01-27,1714764.227688297,457524.54552653263
2006-01-30,1717863.3088920854,458041.7729456244
2006-01-31,1715882.4115635268,457862.0657246451
2006-02-01,1721900.9277862064,458814.17755528353
2006-02-02,1680805.1982178823,453068.4807146343
2006-02-03,1654197.8717242235,449308.28326977626
2006-02-06,1648331.888665224,448568.33429545857
2006-02-07,1629210.521479622,445830.5529048212
2006-02-08,1658482.6315502373,450214.1623826585
2006-02-09,1642511.7381077488,448018.50242824736
2006-02-10,1650206.0240026722,449222.716173946
2006-02-13,1619792.7305527409,444850.2143939319
2006-02-14,1649444.965305567,449301.7138722911
2006-02-15,1668519.953792677,452144.66863430856
2006-02-16,1693350.4938519222,455770.30952942907
2006-02-17,1675580.8614237602,453344.0800124947
2006-02-21,1648376.3263791231,449501.4322420719
2006-02-22,1675493.0731496732,453526.5257836917
2006-02-23,1669697.901248534,452772.5930902839
2006-02-24,1679887.039926313,454316.89700637513
2006-02-27,1707707.653529736,458328.4719745818
2006-02-28,1670907.571296621,453216.1130544158
2006-03-01,1716985.2522242796,459832.2789130981
2006-03-02,1711511.3303617693,459141.991156928
2006-03-03,1698965.644972736,457462.262497124
2006-03-06,1675164.7452918473,454181.1451445734
2006-03-07,1650116.7974904475,450685.2842485252
2006-03-08,1648320.3140274517,450513.24332497566
2006-03-09,1623554.5350015322,446999.27670510206
2006-03-10,1639868.9950060258,449457.8071565101
2006-03-13,1646178.1436305814,450459.998528514
2006-03-14,1685838.8482143197,456207.1819529032
2006-03-15,1707909.182428844,459385.4413183814
2006-03-16,1689927.3787694003,456956.2160524677
2006-03-17,1699300.474515695,458342.1856468381
2006-03-20,1709725.3909601122,459869.3523687878
2006-03-21,1680992.6488995338,455929.64212741016
2006-03-22,1693377.43597248,457752.927822588
2006-03-23,1688406.1629121727,457127.8405460952
2006-03-24,1705986.7465390328,459656.7715722689
2006-03-27,1709513.062928668,460216.2483694183
2006-03-28,1693118.682142639,458017.1080226717
2006-03-29,1740290.1965935589,464650.4590611239
2006-03-30,1744297.619056998,465265.751619273
2006-03-31,1742354.839442467,465072.0988359635
2006-04-03,1737417.3274955745,464476.9241613411
2006-04-04,1749559.5515537371,466201.4153249695
2006-04-05,1770248.621015637,469072.8813489762
2006-04-06,1771900.0516418775,469366.3028901001
2006-04-07,1738792.7975354465,464974.3992469139
2006-04-10,1729985.3584329356,463842.42606745503
2006-04-11,1696337.858432993,459297.1039424719
2006-04-12,1701997.265030503,460168.8096553328
2006-04-13,1717959.045198328,462452.13655115885
2006-04-17,1695720.385718034,459490.9106444293
2006-04-18,1760353.5128942474,468444.5000381175
2006-04-19,1781703.7603406229,471386.2381088447
2006-04-20,1768892.671236863,469741.29624279664
2006-04-21,1739201.6918967185,465837.5672631648
2006-04-24,1724831.379549933,463963.6784955848
2006-04-25,1719917.9445274936,463362.3384220096
2006-04-26,1724330.947845193,464035.48287392745
2006-04-27,1740492.316727216,466297.4938516113
2006-04-28,1707215.662948167,461858.3164289927
2006-05-01,1680997.400736265,458333.63742236793
2006-05-02,1687856.9008636991,459348.8096090696
2006-05-03,1678997.1811762478,458192.3793779215
2006-05-04,1707248.9265250775,462166.7704129203
2006-05-05,1734044.3196429885,465890.8131086824
2006-05-08,1737205.806059707,466383.1803032837
2006-05-09,1726901.5161360465,465053.8021493094
2006-05-10,1700865.681926912,461582.3145607232
2006-05-11,1631105.8629429913,452038.407248886
2006-05-12,1590136.181062107,446297.0181329613
2006-05-15,1582440.6915871282,445261.4068124522
2006-05-16,1569081.3473362648,443404.2271293555
2006-05-17,1523468.5439454855,436785.0274474589
2006-05-18,1502418.8230802545,433716.1741792404
2006-05-19,1519812.9476565877,436423.8619966521
2006-05-22,1491624.7746985666,432252.8338000567
2006-05-23,1472870.8321872836,429458.15564775176
2006-05-24,1485823.6153560658,431539.3019423449
2006-05-25,1523513.472917138,437332.8382388392
2006-05-26,1539284.2926109736,439756.5010128859
2006-05-30,1478104.7989716786,430688.7881577904
2006-05-31,1496006.4564618263,433512.2642066637
2006-06-01,1549914.674560571,441676.0551011241
2006-06-02,1548866.214439476,441596.9977651028
2006-06-05,1481609.3897951394,431700.8138804956
2006-06-06,1472264.914953566,430350.08393068047
2006-06-07,1457651.5472085334,428175.5332703413
2006-06-08,1448892.8243430797,426896.3102152212
2006-06-09,1435376.996335042,424864.8395184512
2006-06-12,1381396.642312663,416170.9454271811
2006-06-13,1358970.2686090996,412429.70058279554
2006-06-14,1373930.5477139477,415132.0495470022
2006-06-15,1443892.8184950033,426714.2673638988
2006-06-16,1425494.95251163,423898.4486172896
2006-06-19,1400910.488785232,420021.713432057
2006-06-20,1396268.3961598286,419363.02450119454
2006-06-21,1437784.76419942,426167.7888903098
2006-06-22,1414426.1021865092,422551.5744472341
2006-06-23,1411926.4626708382,422261.08737954265
2006-06-26,1426530.4025879854,424699.4407991857
2006-06-27,1384679.5086042243,418057.4356099406
2006-06-28,1398035.523034927,420374.4111044132
2006-06-29,1476279.839431475,432833.3405653733
2006-06-30,1472798.541780809,432387.8381948601
2006-07-03,1496418.2820965757,436048.96025967767
2006-07-05,1446993.6123417204,428675.8659333772
2006-07-06,1448739.2715120404,429034.4534980025
2006-07-07,1416171.1916892012,424061.700606197
2006-07-10,1398997.2186092003,421457.7940403229
2006-07-11,1413306.7319446404,423842.9973805258
2006-07-12,1364887.5717218737,416164.0602914688
2006-07-13,1322056.471766773,408980.5563374064
2006-07-14,1302760.0309655326,405653.292697089
2006-07-17,1302375.6060560269,405736.6202080751
2006-07-18,1307612.8844022756,406841.40232965857
2006-07-19,1349759.7894972293,414316.0122484458
2006-07-20,1301428.3666344157,406104.1285336333
2006-07-21,1280108.3880954096,402324.4000581433
2006-07-24,1325007.2972026798,410588.0171579618
2006-07-25,1338389.6894277155,412999.3446348
2006-07-26,1333648.5293231455,412324.1431807173
2006-07-27,1314265.3024067911,409149.6153263274
2006-07-28,1360561.2127768467,417059.65901143145
2006-07-31,1356686.3526072677,416537.8591457606
2006-08-01,1320468.8176592456,410676.5339400348
2006-08-02,1339767.380952328,414036.2832945956
2006-08-03,1355685.164057382,416740.91517920746
2006-08-04,1346082.4676846534,415298.8472634633
2006-08-07,1330149.698511666,412809.0251615402
2006-08-08,1315485.6417613234,410498.3787585892
2006-08-09,1314155.313579274,410394.6012636673
2006-08-10,1327342.6344578369,412687.1234677322
2006-08-11,1309700.382401719,409902.1911001121
2006-08-14,1322782.737162267,412168.9372956514
2006-08-15,1379452.2935952926,421336.3280826725
2006-08-16,1423592.1743273789,428225.1716717518
2006-08-17,1433853.0575059478,429843.0632700309
2006-08-18,1441889.3600782508,431116.3329883956
2006-08-21,1420030.5183925405,427899.1369077048
2006-08-22,1422668.8563160491,428361.584043357
2006-08-23,1402067.6768897534,425311.4953701872
2006-08-24,1404926.3599773657,425809.8008770273
2006-08-25,1408756.8804862413,426453.52661601774
2006-08-28,1435257.6875073423,430530.3622809126
2006-08-29,1450336.0737992718,432851.99096434587
2006-08-30,1467943.1724184025,435538.3419480157
2006-08-31,1464961.1331671686,435154.1721354855
2006-09-01,1477264.486349814,437039.6388512589
2006-09-05,1493834.623965806,439548.9476751341
2006-09-06,1442227.1468017662,432014.75001125375
2006-09-07,1425213.5406786003,429524.0184798156
2006-09-08,1438788.457589389,431626.772054004
2006-09-11,1448386.010083457,433123.76680055726
2006-09-12,1504812.442411292,441618.1967729874
2006-09-13,1520579.0065149649,443990.4154120192
2006-09-14,1521694.2989961698,444212.2638086972
2006-09-15,1530729.8378016208,445590.1408948969
2006-09-18,1530614.73663062,445632.6233165822
2006-09-19,1511960.695532255,442976.3378204682
2006-09-20,1553158.17108852,449070.27226020495
2006-09-21,1531944.090845263,446063.117996168
2006-09-22,1510820.329943831,442322.2299449726
2006-09-25,1540451.599796593,448340.9062960105
2006-09-26,1552480.178533794,450797.5483058164
2006-09-27,1553997.7567963814,451216.9096029735
2006-09-28,1560340.5964346707,452549.3983577793
2006-09-29,1547282.8943625938,450249.5825747884
2006-10-02,1525698.0339460724,446107.5841707784
2006-10-03,1531172.064898918,447324.3479125934
2006-10-04,1580509.3645829929,456765.3750747538
2006-10-05,1595813.0069772622,459844.7075091256
2006-10-06,1587997.1314045545,458589.5554927781
2006-10-09,1600417.2699027488,460949.26642641606
2006-10-10,1603811.3563521844,461689.99990038655
2006-10-11,1595040.7098773825,460273.3268509994
2006-10-12,1637357.3829688376,467843.5925883991
2006-10-13,1649721.9034369828,470070.1596604771
2006-10-16,1656709.015770871,471387.505249181
2006-10-17,1634072.0114034445,467631.7334947867
2006-10-18,1624363.5079163502,466087.37581166223
2006-10-19,1627400.31734144,466854.3037078357
2006-10-20,1628032.1546906675,467136.6658879891
2006-10-23,1642863.6121598436,469792.2985522055
2006-10-24,1629130.9717928884,467665.4958545236
2006-10-25,1642320.6039649558,470020.1038074146
2006-10-26,1668652.0861294465,474520.8991194744
2006-10-27,1633501.009205933,468851.75278897386
2006-10-30,1648127.8339675255,471485.77902398055
2006-10-31,1650586.9021521767,472083.4158011032
2006-11-01,1612182.3904880383,465639.8916549563
2006-11-02,1610716.0160628818,465585.1366346632
2006-11-03,1606296.4340422195,464951.91265525663
2006-11-06,1647113.8976123435,471976.7714441056
2006-11-07,1658457.5974696968,473968.9034147898
2006-11-08,1668875.85962051,475787.5971165453
2006-11-09,1657477.9279177263,474017.4336896925
2006-11-10,1673431.692402901,476763.8768566497
2006-11-13,1693482.9209682303,480098.9836219626
2006-11-14,1723565.4335496165,484954.5447188674
2006-11-15,1738419.8921970967,487378.2522656664
2006-11-16,1746022.798531732,488648.8413952928
2006-11-17,1740960.3642390326,488022.0054599028
2006-11-20,1749301.6563195146,489402.3722568392
2006-11-21,1751451.4000233773,489837.061320313
2006-11-22,1765459.8338370584,492071.570422736
2006-11-24,1757394.1015848038,490941.9004365668
2006-11-27,1687428.2289950557,480110.09091017465
2006-11-28,1694999.917087649,481456.573016984
2006-11-29,1719262.641169778,485383.3464181402
2006-11-30,1718120.9933332794,485303.1119355051
2006-12-01,1693682.9063763856,481610.67580158927
2006-12-04,1738020.8984749308,488643.0944532695
2006-12-05,1742558.5791995693,489451.04037270864
2006-12-06,1733557.041718042,488161.463735247
2006-12-07,1709673.2178868132,484546.5608044496
2006-12-08,1721463.1430615503,486488.18169834407
2006-12-11,1727957.0618386916,487597.5446766912
2006-12-12,1712947.7912232329,485361.64389858727
2006-12-13,1713425.2755147952,485534.8438436324
2006-12-14,1740532.1398886482,489826.0928669874
2006-12-15,1744349.5981499376,490506.4375023196
2006-12-18,1715778.6969667426,486200.3574069096
2006-12-19,1707214.1091904442,485010.1879917109
2006-12-20,1704186.314258818,484634.4660596525
2006-12-21,1688697.1696932714,482298.30258450704
2006-12-22,1669693.0868961124,479381.0461452573
2006-12-26,1684566.902829819,481854.08548002265
2006-12-27,1706312.5534257065,485401.3285046899
2006-12-28,1698546.6752863594,484284.8634777214
2006-12-29,1684913.4322517577,482243.9023072462
2007-01-03,1694244.5914380911,483826.7062693252
2007-01-04,1732254.6537377364,489882.1703806288
2007-01-05,1706737.719995883,486064.131824536
2007-01-08,1711229.305077169,486864.41982046096
2007-01-09,1717745.795591917,488000.24632616783
2007-01-10,1737394.6479767344,491107.0084854519
2007-01-11,1770678.3395324445,496214.8293371023
2007-01-12,1794324.9700526437,499815.1767224205
2007-01-16,1786918.023261672,498820.5772372348
2007-01-17,1761685.975984465,495165.83825297625
2007-01-18,1713355.5697622374,487946.1236826704
2007-01-19,1723201.943313671,489575.45393069176
2007-01-22,1696300.98940858,485544.78121632506
2007-01-23,1695372.584882249,485624.2170031198
2007-01-24,1740308.621494073,492600.3695651745
2007-01-25,1697760.8347276223,486212.6078622288
2007-01-26,1698825.5509843342,486473.85807539534
2007-01-29,1705414.0954776425,487604.0251875347
2007-01-30,1714605.2433903094,489123.6967886985
2007-01-31,1734158.5090759003,492189.5770878605
2007-02-01,1739511.968426091,493090.20898391766
2007-02-02,1748961.7502616453,494600.1694130832
2007-02-05,1741214.644504348,493557.2164784159
2007-02-06,1741794.9012470648,493746.74363868247
2007-02-07,1766734.491099962,497556.26137192576
2007-02-08,1763705.4463833682,497202.4918765425
2007-02-09,1724466.701499015,491450.5206435508
2007-02-12,1711470.2406466466,489576.1553972306
2007-02-13,1723442.792697146,491485.8741907508
2007-02-14,1760799.4097446415,497191.8979428315
2007-02-15,1771999.846837488,498946.08242117456
2007-02-16,1770386.1174272778,498800.10422276665
2007-02-20,1792634.3897746594,502154.8808590123
2007-02-21,1799501.0619063247,503241.843441927
2007-02-22,1807938.429963606,504556.6846237382
2007-02-23,1793788.6037376318,502602.409944588
2007-02-26,1778753.7713452012,500500.1177697609
2007-02-27,1649803.8187887282,481195.6396741335
2007-02-28,1659652.862177372,482863.759888041
2007-03-01,1643819.0235076917,480489.0781233216
2007-03-02,1598085.048985022,473263.84141339874
2007-03-05,1564748.4335304624,467814.9742540541
2007-03-06,1617839.8223523528,476712.0074410045
2007-03-07,1604284.7175141291,474624.7487129316
2007-03-08,1619737.2299925853,477252.3953406476
2007-03-09,1618946.8825886394,477227.79428959975
2007-03-12,1636694.1988198345,480185.4125925719
2007-03-13,1572572.2621620111,469858.7202616914
2007-03-14,1597486.80033508,474101.5925019208
2007-03-15,1605217.4981866456,475504.1497361602
2007-03-16,1597176.4362045936,474308.0623016049
2007-03-19,1623413.2707483063,478667.3026913308
2007-03-20,1640167.7531804235,481437.4720027668
2007-03-21,1700857.639105023,490986.8751602676
2007-03-22,1694773.0693737792,490162.9144721837
2007-03-23,1690549.7659351327,489612.7854323142
2007-03-26,1698787.7002670204,490963.9592590218
2007-03-27,1674431.7121172615,487336.8594372875
2007-03-28,1647698.8143015632,483283.7397193134
2007-03-29,1648119.0328731071,483451.1595407875
2007-03-30,1652189.2521426114,484214.478134675
2007-04-02,1652449.9127657062,484350.00142391
2007-04-03,1688229.1856368992,489974.3652178293
2007-04-04,1698689.6528506482,491657.691244001
2007-04-05,1714908.5498953774,494199.0135420266
2007-04-09,1711493.1006664676,493778.809250458
2007-04-10,1722218.5362013297,495476.405833322
2007-04-11,1697237.9719351728,491828.5300499208
2007-04-12,1724631.0004914769,496041.95617055806
2007-04-13,1739693.5263855844,498377.6379670979
2007-04-16,1775036.454705587,503667.4218332118
2007-04-17,1772639.978262653,503403.3877534111
2007-04-18,1763277.8522109983,502125.3489814192
2007-04-19,1755575.022076355,501107.2718786076
2007-04-20,1783894.924818145,505327.4748317063
2007-04-23,1779649.8385242638,504795.4590087285
2007-04-24,1780343.732053843,504981.5225811056
2007-04-25,1812212.4488446808,509664.1966030548
2007-04-26,1820941.260167331,510990.5674614034
2007-04-27,1824335.613343995,511552.8400245475
2007-04-30,1778826.411502474,505139.65293882135
2007-05-01,1787231.3023057445,506439.97857115977
2007-05-02,1823349.1309172325,511715.44075599255
2007-05-03,1833611.7604951416,513252.0382438708
2007-05-04,1842601.7384429085,514602.6641633145
2007-05-07,1840427.3136990843,514374.8458134776
2007-05-08,1841090.5893466985,514547.1601240828
2007-05-09,1847141.486308808,515477.7807186416
2007-05-10,1786365.151800015,506966.56600876624
2007-05-11,1825569.742922116,512677.0895030234
2007-05-14,1802786.915351494,509531.8546688615
2007-05-15,1772732.2524257037,505311.9804359987
2007-05-16,1802982.855431222,509752.21387528593
2007-05-17,1791272.6490560935,508155.496447756
2007-05-18,1817421.1449956167,511983.7081801092
2007-05-21,1845647.7397971824,516066.2509513514
2007-05-22,1858329.734563552,517925.63759766426
2007-05-23,1842219.4121884224,515742.6116949247
2007-05-24,1786288.8840034776,507923.8156369129
2007-05-25,1812747.5824021248,511792.493251694
2007-05-29,1833230.8968577837,514780.76367914665
2007-05-30,1861907.3625247765,518901.96957942727
2007-05-31,1878497.8370322888,521302.077490494
2007-06-01,1891576.233779619,523195.9065900128
2007-06-04,1897429.2774961037,524083.0757506047
2007-06-05,1886791.5797784775,522682.3960306858
2007-06-06,1851676.9669680768,517880.8117368594
2007-06-07,1785989.291009881,508725.2578596592
2007-06-08,1830570.3646492965,515175.0870927376
2007-06-11,1828174.587963991,514909.0735225263
2007-06-12,1796065.398046038,510441.1881845029
2007-06-13,1841304.4261660592,516967.56678032456
2007-06-14,1865210.364330096,520403.1939807792
2007-06-15,1903905.296401864,525881.0682721545
2007-06-18,1903301.231814917,525871.59404663
2007-06-19,1903107.442141796,525916.1308015866
2007-06-20,1863893.748476243,520562.8872102362
2007-06-21,1887824.011269452,523979.0143973265
2007-06-22,1847048.4439959445,518385.2092805976
2007-06-25,1829704.8240646697,516018.8531456228
2007-06-26,1825153.3062485813,515446.42301255977
2007-06-27,1868928.072862957,521704.1776152145
2007-06-28,1872838.1327647213,522321.33814065286
2007-06-29,1865046.685518586,521304.47140039527
2007-07-02,1906259.4354669617,527138.2502264436
2007-07-03,1924156.3867776387,529684.0409895078
2007-07-05,1940752.8844909049,532039.7128861361
2007-07-06,1954729.921909533,534027.036141582
2007-07-09,1959446.941313916,534742.7074091111
2007-07-10,1913727.9390518016,528574.8799544374
2007-07-11,1931622.654467949,531117.0457176446
2007-07-12,2003949.935057038,541131.9742543856
2007-07-13,2011328.658228391,542200.3953915427
2007-07-16,1996518.99262295,540276.4613843044
2007-07-17,2018228.0091711995,543285.8122000165
2007-07-18,1998737.656650624,540734.8311724127
2007-07-19,2028731.190564098,544864.0860252386
2007-07-20,1979897.5084684568,538378.8608755249
2007-07-23,1983854.8575870208,538988.6277871113
2007-07-24,1908626.9959749363,528841.0171472436
2007-07-25,1920225.068158008,530518.3069358803
2007-07-26,1848992.4202982376,520748.6654271624
2007-07-27,1795809.838978813,513328.4752829326
2007-07-30,1824907.4440802531,517555.9353113877
2007-07-31,1772220.58491859,510153.3630534428
2007-08-01,1782427.931586621,511688.21349730593
2007-08-02,1812915.7175396895,516130.2837110325
2007-08-03,1721430.8906687414,503173.0993802933
2007-08-06,1770531.299974909,510414.3578349565
2007-08-07,1789996.8365217138,513285.8270310699
2007-08-08,1861428.0962364625,523593.39659063454
2007-08-09,1780555.188579087,512286.3022610071
2007-08-10,1764024.2769847908,509973.9955828925
2007-08-13,1759981.5129957816,509455.1202353721
2007-08-14,1699911.3901851005,500826.1933377602
2007-08-15,1644748.1285077357,492763.9532862722
2007-08-16,1634021.5376732573,491220.5343404904
2007-08-17,1705621.7101337546,502046.3806651812
2007-08-20,1710112.7042993223,502771.82441244606
2007-08-21,1727083.6948738543,505331.1265494992
2007-08-22,1769877.2248129498,511656.540299086
2007-08-23,1754115.5138551951,509443.9351269865
2007-08-24,1802044.2773575387,516469.26010881097
2007-08-27,1780071.1415375797,513386.789951592
2007-08-28,1695450.7394845728,501250.0906596948
2007-08-29,1779874.1416940144,513794.0837004038
2007-08-30,1782474.169769624,514235.314545032
2007-08-31,1825264.9744964307,520473.8002796904
2007-09-04,1872524.7936692245,527277.8510776667
2007-09-05,1837553.9333549344,522421.0399132336
2007-09-06,1848979.657542413,524111.4559868187
2007-09-07,1779825.63346851,514376.7119420449
2007-09-10,1770316.327093838,513067.813812381
2007-09-11,1823024.1533025785,520770.6762131374
2007-09-12,1815068.8964014451,519700.4409410176
2007-09-13,1827285.3645689008,521515.2744807409
2007-09-14,1828482.4874517007,521752.22723354807
2007-09-17,1799268.1654358222,517650.2665137912
2007-09-18,1896469.5330092208,531698.3359208618
2007-09-19,1917277.6027979625,534682.6455962866
2007-09-20,1899352.881464369,532251.0487193614
2007-09-21,1923191.095351668,535658.5929628863
2007-09-24,1918086.3951408607,535015.6111273604
2007-09-25,1930778.487475599,538136.6320299619
2007-09-26,1946373.0174615283,541273.8596167718
2007-09-27,1957271.4588039776,543404.5018425402
2007-09-28,1947645.711925541,541794.9842352415
2007-10-01,1993186.9874240155,549727.7355452033
2007-10-02,1999415.902524827,550968.2633555846
2007-10-03,1978179.4776286532,547435.3950052068
2007-10-04,1982175.8215141003,548278.8067461062
2007-10-05,2035150.2747532325,557668.6223720196
2007-10-08,2042832.4253528148,559095.9787632066
2007-10-09,2062296.5580304328,562426.8739722071
2007-10-10,2071050.016987768,563984.8214093687
2007-10-11,2022855.4168946813,556092.9110108594
2007-10-12,2062771.1185466456,562822.1098087706
2007-10-15,2030286.203832568,557694.13103672
2007-10-16,2010410.905155678,554469.6046217068
2007-10-17,2044252.807147776,560252.3688735277
2007-10-18,2051398.283229776,561597.8213655667
2007-10-19,1964822.8757623655,546735.18406587
2007-10-22,1997124.7178720904,552520.1864927157
2007-10-23,2050602.4474990703,561627.9025414638
2007-10-24,2020560.3154570488,556725.7313964319
2007-10-25,1991951.206257685,551943.7285988232
2007-10-26,2054907.1494244963,562657.1842962614
2007-10-29,2070200.9916130945,565329.176728446
2007-10-30,2068091.2502266415,565196.1638131697
2007-10-31,2120812.5843603625,573719.5696885427
2007-11-01,2042428.685401944,560832.5987028906
2007-11-02,2059855.5255826977,563966.2980450786
2007-11-05,2040822.8157254532,560929.5117681801
2007-11-06,2076730.1031414864,566963.1899899892
2007-11-07,1985683.9237735197,551640.5746948675
2007-11-08,1927583.7110642272,541065.4575628503
2007-11-09,1859532.393974148,527419.2351980838
2007-11-12,1819135.368270147,518639.2525915021
2007-11-13,1906121.1408796904,536618.4209750782
2007-11-14,1876301.8769377077,530744.5146893967
2007-11-15,1850802.5890579915,525576.7849919043
2007-11-16,1867739.9437235128,529348.7049830246
2007-11-19,1827024.795851919,520557.676260284
2007-11-20,1829265.405607469,521258.5945074131
2007-11-21,1798902.6243320364,514313.6600970123
2007-11-23,1828305.8466965735,521241.2723319158
2007-11-26,1781666.4878396203,510090.5148275629
2007-11-27,1814443.103135783,518094.3218933686
2007-11-28,1889853.951803539,534590.1715504981
2007-11-29,1894193.6202741344,535650.8305824476
2007-11-30,1886059.5526087205,534224.1585173917
2007-12-03,1864593.104726174,529452.6635632883
2007-12-04,1847514.5030685808,525992.0133960613
2007-12-05,1890888.2125504704,535346.5260236452
2007-12-06,1933965.981052691,543926.4551659665
2007-12-07,1930114.9852298065,543363.1358206851
2007-12-10,1942604.408025622,545944.1532544442
2007-12-11,1875244.014729285,532584.4156525137
2007-12-12,1892833.134471966,536370.0340362579
2007-12-13,1889282.712284612,535850.6992580178
2007-12-14,1857203.9239852207,529287.0378106905
2007-12-17,1802937.4259748785,516993.90210020746
2007-12-18,1820583.271626043,521337.8359666382
2007-12-19,1823749.575968665,522350.3343688924
2007-12-20,1859585.5553493823,530365.7054330495
2007-12-21,1909421.806061957,540646.7818234249
2007-12-24,1930761.8599289863,544979.6249448494
2007-12-26,1941307.7894261545,547183.7485439028
2007-12-27,1891845.6723843417,537632.5696231553
2007-12-28,1888503.0388219408,537177.3748250118
2007-12-31,1866117.946785173,532735.2252133911
2008-01-02,1828943.6893371264,524181.2289663992
2008-01-03,1821935.65601029,522797.7130623508
2008-01-04,1747015.078254857,503118.9667522033
2008-01-07,1742273.7438639812,502088.4216462507
2008-01-08,1699332.7608986888,490258.5829441195
2008-01-09,1730408.3397482715,497108.343399766
2008-01-10,1744108.0511633868,499926.5840556036
2008-01-11,1694870.606205283,490179.0829580008
2008-01-14,1732649.066725162,497897.22319917625
2008-01-15,1672816.0799899828,485712.2815524073
2008-01-16,1650710.0943648345,481102.970767234
2008-01-17,1607348.7423896852,471532.8733922226
2008-01-18,1600870.8416237466,470161.81264706
2008-01-22,1561033.746246855,460578.9751443612
2008-01-23,1580292.7778811874,465440.2978953907
2008-01-24,1617717.9792849612,474394.8539723054
2008-01-25,1587135.3871619704,467429.64163456496
2008-01-28,1606947.608967577,472205.0812792205
2008-01-29,1613525.2783187262,473854.0638844101
2008-01-30,1605088.0591175638,472044.7200682848
2008-01-31,1641084.0496403885,480267.0269038586
2008-02-01,1668893.7053461906,485001.02910685807
2008-02-04,1640786.9854765243,478881.1311825124
2008-02-05,1579236.711903168,464165.4534052101
2008-02-06,1554884.7737541662,457982.44694391225
2008-02-07,1565224.0437404558,460863.34701353207
2008-02-08,1574001.352748271,463249.96972225327
2008-02-11,1585407.7998130266,466318.0373146343
2008-02-12,1584830.1603302192,466325.11632036703
2008-02-13,1630195.4271068466,477168.0196139203
2008-02-14,1594438.5644892035,468859.8710656136
2008-02-15,1585102.88256438,466712.2073866057
2008-02-19,1572102.1881778927,463587.49571283255
2008-02-20,1588350.4522673143,467799.8372888008
2008-02-21,1566055.053189565,462319.0227365693
2008-02-22,1568299.792642597,463047.7122384368
2008-02-25,1587199.4267382775,467909.6224420427
2008-02-26,1601171.8037912543,471440.9232033407
2008-02-27,1604683.884197114,473219.312942248
2008-02-28,1585578.9938475166,468765.34443733655
2008-02-29,1538432.024536754,456695.3113338809
2008-03-03,1531116.335224161,454116.6037272563
2008-03-04,1531487.2617786522,454465.1849187597
2008-03-05,1539331.9516245276,456995.36683984415
2008-03-06,1502385.0695005534,446488.2308656471
2008-03-07,1496459.7462454294,444888.2445193596
2008-03-10,1463817.83669352,436222.2399641371
2008-03-11,1539340.179434911,453610.3956541806
2008-03-12,1527258.7045371204,451230.259430928
2008-03-13,1545273.83680664,455210.609291176
2008-03-14,1497960.70108144,444941.2233125478
2008-03-17,1466541.7890429995,437816.6409548987
2008-03-18,1548816.283914873,456178.275448105
2008-03-19,1495160.1601743062,444464.1954186472
2008-03-20,1538107.6323015853,454158.6710444999
2008-03-24,1603773.407733325,467974.56953289633
2008-03-25,1617663.246886772,470861.8519778004
2008-03-26,1600673.328641053,467516.1690352158
2008-03-27,1558048.4118503118,458771.7755853933
2008-03-28,1539121.53112066,454830.219895304
2008-03-31,1555591.7529330866,458445.6420518615
2008-04-01,1638491.5746365257,475282.90622178046
2008-04-02,1636772.2334286084,475022.6413417865
2008-04-03,1638193.0610374964,475416.1876371104
2008-04-04,1645650.8935240123,476972.4500509233
2008-04-07,1638998.0487400903,475746.6244390194
2008-04-08,1622399.1450041528,472525.0425986035
2008-04-09,1595575.9395481432,467176.8625493397
2008-04-10,1624516.529573626,473139.0190612765
2008-04-11,1563821.5908761232,460785.1415140652
2008-04-14,1549804.784202665,457894.894476296
2008-04-15,1558918.562464518,459962.0543773707
2008-04-16,1620936.333894452,472864.2062551612
2008-04-17,1612301.7155848288,471209.4453352008
2008-04-18,1674112.2496747985,483522.8786490702
2008-04-21,1678987.2005073507,484554.58447507536
2008-04-22,1646363.1183719998,478308.0466013224
2008-04-23,1675198.9021921733,484008.168365936
2008-04-24,1699739.503490087,488790.9243836829
2008-04-25,1693015.8542848434,487597.1487630562
2008-04-28,1694223.4107091536,487904.5792058962
2008-04-29,1695529.3200391638,488258.3561498505
2008-04-30,1681084.907028765,485593.3152113266
2008-05-01,1754219.9054363926,499272.2338408583
2008-05-02,1749786.2381963648,498535.4331526383
2008-05-05,1735342.4343816992,495957.02703982673
2008-05-06,1756036.9112213592,499831.2228577638
2008-05-07,1706775.866897757,490821.9103623637
2008-05-08,1720122.1605766355,493399.9304287615
2008-05-09,1713368.069145672,492260.3288685037
2008-05-12,1759688.4227237843,500921.502941477
2008-05-13,1766693.1532640303,502268.0434744378
2008-05-14,1768072.078915289,502598.02304883295
2008-05-15,1809333.3164459493,510064.3173337597
2008-05-16,1803442.0714624403,509094.094179312
2008-05-19,1788587.0167269309,506537.44097985607
2008-05-20,1761430.540983959,501752.0472618646
2008-05-21,1712687.344723148,492907.7477726117
2008-05-22,1730003.905483739,496203.1714114255
2008-05-23,1707854.0661788369,492206.3991731575
2008-05-27,1747205.513235105,499581.0844339623
2008-05-28,1752884.9980723846,500692.3058554905
2008-05-29,1776595.7425207042,505057.3965785019
2008-05-30,1792437.8168931296,507956.7901742459
2008-06-02,1756961.6570299994,501700.6453410737
2008-06-03,1744367.1390873066,499487.5254486466
2008-06-04,1769194.9044222792,504062.3830459933
2008-06-05,1821805.871240472,513498.60576996446
2008-06-06,1735587.2733573264,498331.0764754456
2008-06-09,1718600.4215834937,495302.058377714
2008-06-10,1706854.0229823024,493195.2612637967
2008-06-11,1648079.8780087992,482144.5922565429
2008-06-12,1658304.8207362995,484238.5266161073
2008-06-13,1710981.9931230051,494350.2968495396
2008-06-16,1732613.577885028,498446.58064248326
2008-06-17,1713628.396130031,495024.39026453486
2008-06-18,1683091.56491403,489392.5162738771
2008-06-19,1717363.338181642,495920.1296194269
2008-06-20,1656951.652227684,484658.1931145621
2008-06-23,1635381.81700169,480570.6169348768
2008-06-24,1617154.1626204378,477065.01857931615
2008-06-25,1650546.4534041623,483719.8462859071
2008-06-26,1569126.783337501,467638.00976888783
2008-06-27,1563167.9001969495,466492.7787387663
2008-06-30,1541092.3703362008,461940.9734926186
2008-07-01,1551922.0327734775,464367.46101787983
2008-07-02,1501473.1924213306,453598.2002062812
2008-07-03,1495527.0399563715,452384.0561082546
2008-07-07,1493225.8526675384,451979.8295773934
2008-07-08,1539853.3593963366,462290.1250869574
2008-07-09,1484471.985861536,450302.8229411969
2008-07-10,1504648.8232376752,454939.743336678
2008-07-11,1486893.480641367,451168.5580514443
2008-07-14,1463332.888483576,445898.0641745825
2008-07-15,1465348.1684835372,446480.91538807336
2008-07-16,1527163.256855444,460423.76268179074
2008-07-17,1552695.5746082377,465966.2082973084
2008-07-18,1524195.0968362042,460028.53687892907
2008-07-21,1520617.5666856968,459384.5460876814
2008-07-22,1543170.523823537,464318.74997661007
2008-07-23,1563545.28402161,468747.3432051971
2008-07-24,1519335.770610953,459534.2697192888
2008-07-25,1547331.5917951737,465676.05378881696
2008-07-28,1503111.027103067,456353.5749619351
2008-07-29,1554596.89610384,467530.3410226145
2008-07-30,1563818.752119481,469577.1456610255
2008-07-31,1559327.7489415014,468747.8387848112
2008-08-01,1544740.0449193758,465818.15877647983
2008-08-04,1519619.8704748088,460709.413797399
2008-08-05,1580813.794697474,473675.5460331114
2008-08-06,1609022.6734769952,479439.8862171329
2008-08-07,1585418.7247280774,474887.4261776254
2008-08-08,1644113.1040532067,486665.46135868144
2008-08-11,1670988.089191384,491888.19579959824
2008-08-12,1660664.474448925,490017.0167971984
2008-08-13,1658001.9966176385,489627.496909783
2008-08-14,1684205.830489145,494689.3777045023
2008-08-15,1682600.0622757557,494469.32187541056
2008-08-18,1643873.649905618,487315.6247953566
2008-08-19,1609434.7513687927,480750.353125272
2008-08-20,1613882.2385532032,481713.47107160295
2008-08-21,1604436.6214481534,479970.7082058232
2008-08-22,1639553.8758500298,486904.3219163798
2008-08-25,1588018.2648144264,477011.3388132938
2008-08-26,1583935.2421949685,476292.7147491499
2008-08-27,1603998.528614979,480435.87433619273
2008-08-28,1633479.022589266,486331.603557271
2008-08-29,1587205.111268622,477445.9637425765
2008-09-02,1568509.2388440624,473770.8890943086
2008-09-03,1552539.1833264309,470654.2679271253
2008-09-04,1480286.132096246,455602.4032795946
2008-09-05,1476925.3032595443,454975.911751005
2008-09-08,1488997.8203064492,457786.15039399953
2008-09-09,1434332.2209486673,445705.7905279074
2008-09-10,1450225.8719869158,449526.383646414
2008-09-11,1476350.326713766,455491.2428523377
2008-09-12,1478684.2760182093,456117.2939068104
2008-09-15,1406127.9804862433,439717.1318464635
2008-09-16,1429341.7040042626,445373.5585765943
2008-09-17,1339768.359075165,423386.83415061387
2008-09-18,1418499.4099495048,443619.6692258663
2008-09-19,1483701.4842205865,458719.43315415806
2008-09-22,1399580.0533168209,439581.925199124
2008-09-23,1378266.1716250416,434417.8448335876
2008-09-24,1379531.8564239666,434902.2530582294
2008-09-25,1404013.341735539,441144.6044977098
2008-09-26,1400764.2007952817,440503.4533346586
2008-09-29,1256976.3495109468,400241.26840566384
2008-09-30,1325157.8182120963,422071.335289952
2008-10-01,1311365.61736474,417545.6770595759
2008-10-02,1253444.569505311,398855.46078388975
2008-10-03,1237041.789274102,392946.8640817523
2008-10-06,1192426.6028913616,375919.815032664
2008-10-07,1115450.7120451247,354119.7100546648
2008-10-08,1105927.7440187463,351192.066611977
2008-10-09,1048405.7724326088,331987.4148258071
2008-10-10,1050608.1673691857,332881.2301143316
2008-10-13,1171230.274733317,372188.8794836402
2008-10-14,1126840.4569921235,359031.6308550333
2008-10-15,1035681.0135199492,328630.6227186926
2008-10-16,1085394.1531066357,346677.1786299351
2008-10-17,1081364.0748834377,345389.7307490141
2008-10-20,1116509.274754664,357253.448676849
2008-10-21,1071432.3188621397,342457.3856900755
2008-10-22,1026242.2260503588,326130.6420257957
2008-10-23,1019931.6244277996,323748.57219377154
2008-10-24,990434.9406959836,313284.32312125684
2008-10-27,962405.7778351018,303980.2308955499
2008-10-28,1045559.540895757,332968.4265618428
2008-10-29,1050354.404533255,334538.77892741817
2008-10-30,1076857.1349368915,342885.95092684304
2008-10-31,1091586.8460331743,347422.1206427107
2008-11-03,1096025.6421439885,348516.4978064172
2008-11-04,1132828.0647201228,359384.084892866
2008-11-05,1064399.242292774,339510.7585488506
2008-11-06,1017763.6266339136,324792.7794472673
2008-11-07,1041167.4524787684,332613.96740737685
2008-11-10,1021878.1701725326,326431.5532570079
2008-11-11,1000178.5014554956,319202.97588028904
2008-11-12,953323.053844816,302716.35686146177
2008-11-13,1006919.9356791658,322408.4754090036
2008-11-14,960963.0386460266,306292.7036410785
2008-11-17,942343.9819997008,299272.95751069335
2008-11-18,942785.8212380988,299526.43387432565
2008-11-19,894815.310549969,279976.01529590605
2008-11-20,864260.3865013595,265786.1702894354
2008-11-21,892641.313904522,279571.32210009824
2008-11-24,933277.1149771377,297283.0607479025
2008-11-25,929423.3950858138,295817.8728484917
2008-11-26,963359.2952490788,309431.00661551603
2008-11-28,965075.4052464028,310139.187638805
2008-12-01,895385.1665197934,282375.6856597206
2008-12-02,918882.13273595,292830.6151567548
2008-12-03,939455.3209957584,301437.88687620166
2008-12-04,916080.0432130344,291988.15244027774
2008-12-05,946916.8207550158,304871.94393949216
2008-12-08,979494.635896864,317489.6896272905
2008-12-09,966043.436088552,312568.4717374754
2008-12-10,975530.64500578,316240.2647824617
2008-12-11,944580.6015280208,304612.1095653928
2008-12-12,961361.3926649996,311253.4785000126
2008-12-15,944252.9128773098,304719.5389250444
2008-12-16,986741.5468972588,321201.78907461365
2008-12-17,980697.9017566504,319071.9927736029
2008-12-18,965851.2791669756,313636.8207824112
2008-12-19,972033.8045165977,316058.6255687147
2008-12-22,954671.7481079366,309606.8679247733
2008-12-23,948875.0143627292,307430.12319695926
2008-12-24,950439.5623672128,308116.33453484275
2008-12-26,952995.5861898074,309202.64674713754
2008-12-29,942547.6137178198,305184.933987739
2008-12-30,963198.16593194,313351.64303818066
2008-12-31,977126.5254344302,318679.6516097232
2009-01-02,1007706.3095004509,329837.76968876546
2009-01-05,1004854.627046913,329000.9403835503
2009-01-06,1018831.8929970948,333929.54591296
2009-01-07,987538.2078498754,323162.06638864416
2009-01-08,997413.5399083348,326797.3563733298
2009-01-09,971725.474525618,317625.75667882146
2009-01-12,953905.6344452515,311004.29904397466
2009-01-13,957693.177672978,312561.8690483172
2009-01-14,928093.047129756,301085.18010513345
2009-01-15,938913.962283062,305579.39011939854
2009-01-16,947562.577215299,309121.8154843691
2009-01-20,903335.3692335888,291246.8357150993
2009-01-21,934312.214374192,304637.0564036693
2009-01-22,913734.0725151566,296239.3942553371
2009-01-23,919071.8758713912,298631.75169800245
2009-01-26,924726.7466283236,301098.9916689692
2009-01-27,932086.1650419264,304227.417836795
2009-01-28,958949.3846699146,315037.9672937303
2009-01-29,932583.4415801878,304836.2598752158
2009-01-30,916922.6314218028,298491.4303342771
2009-02-02,925250.3197275596,302139.6647403906
2009-02-03,935815.9640205996,306568.47263900714
2009-02-04,934842.0867666202,306323.04447395314
2009-02-05,950430.335312456,312636.5307450966
2009-02-06,974212.3164575192,321837.6145172176
2009-02-09,973943.6354253804,321814.9676418642
2009-02-10,938048.545575842,308309.5241215535
2009-02-11,940782.969870906,309483.59729428345
2009-02-12,946204.5546086242,311757.74088534806
2009-02-13,942198.4119123534,310278.8842702048
2009-02-17,910256.3422246207,297404.8424938504
2009-02-18,908802.5383880564,296867.9243462433
2009-02-19,896940.1022930404,291788.8970736621
2009-02-20,896016.2977803649,291474.2974645166
2009-02-23,872280.3197610723,280659.3749506902
2009-02-24,895204.5847988811,291609.52933414874
2009-02-25,887673.3255518666,288299.5987580764
2009-02-26,872797.2794661862,281437.88447476714
2009-02-27,866952.6866891659,278687.788736991
2009-03-02,844978.5492498905,267571.91417297896
2009-03-03,844110.7035846321,267206.11636827124
2009-03-04,856259.4944054161,273832.9058985524
2009-03-05,835577.5860314108,262886.0235647191
2009-03-06,833296.4857508147,261731.17560065247
2009-03-09,824456.2196968815,256637.71812150851
2009-03-10,855896.9218220364,274777.42715773097
2009-03-11,860665.2804112503,277486.6687166002
2009-03-12,882820.7824341909,288510.6802383184
2009-03-13,884944.7245908288,289610.01482574607
2009-03-16,872824.4380585704,284057.37306794384
2009-03-17,897600.8940889849,295816.7344947272
2009-03-18,910487.5803128312,301713.3625928748
2009-03-19,906531.6495799472,300154.54087565467
2009-03-20,894100.8170698131,294858.5900364825
2009-03-23,939998.7904058534,314795.73374337965
2009-03-24,920049.8078171406,306861.3528993136
2009-03-25,925896.3973987332,309383.8027340636
2009-03-26,954832.2233700316,321137.626014264
2009-03-27,932880.6033877162,312686.81691951834
2009-03-30,911218.2411088818,303911.8532575841
2009-03-31,923618.4345780128,309340.43234704435
2009-04-01,934830.7768901518,314004.3284692237
2009-04-02,960806.1907358402,324338.9833740363
2009-04-03,970931.801583607,328240.479623529
2009-04-06,962484.1544426302,325180.14705279254
2009-04-07,938382.241369962,316060.15820406505
2009-04-08,953095.4496073724,321947.2328305872
2009-04-09,986036.7371271072,334479.3194946389
2009-04-13,986164.1895324632,334643.1376713469
2009-04-14,970542.5533534648,329066.6516007538
2009-04-15,970912.327368672,329293.10823846335
2009-04-16,994734.8881669276,338134.4348051259
2009-04-17,996028.5260567744,338674.85748258355
2009-04-20,959116.7006961544,325553.4962200489
2009-04-21,978164.9756566068,332775.9344164689
2009-04-22,979190.6930435628,333243.3934268716
2009-04-23,982346.51480017,334484.19106084364
2009-04-24,1005960.1021310964,343011.12121790147
2009-04-27,997081.4003977216,340006.8126930283
2009-04-28,993643.345114546,338881.1588531913
2009-04-29,1015474.967915116,346609.0393915019
2009-04-30,1018450.8691061636,347702.5296409364
2009-05-01,1019240.9762060584,348095.4823727574
2009-05-04,1045834.3053344702,357085.5952962697
2009-05-05,1039760.9397199156,355182.6735243653
2009-05-06,1042624.9745590788,356199.5007093388
2009-05-07,1016000.2803743066,347529.27913461474
2009-05-08,1029433.3250861984,352146.332035863
2009-05-11,1024499.3429491188,350583.3197066544
2009-05-12,1014993.3815223532,347489.31389948423
2009-05-13,984230.8946618916,337021.7742588069
2009-05-14,998289.2419718892,342096.7030095181
2009-05-15,992765.1912390036,340268.0139130336
2009-05-18,1023018.9792021628,350851.89229079586
2009-05-19,1024122.2840809984,351301.7684408433
2009-05-20,1019836.2530780818,349953.1461752978
2009-05-21,1000047.8011640582,343360.77387286886
2009-05-22,997918.2035666,342712.71225918434
2009-05-26,1032215.417275451,354553.7168059956
2009-05-27,1020101.9116902855,350642.7508532988
2009-05-28,1032464.0188566511,354846.076418274
2009-05-29,1046194.4139098172,359420.2555753125
2009-06-01,1080458.7299340735,370438.3359352067
2009-06-02,1085592.697644899,372092.0349289133
2009-06-03,1078207.5523663033,369896.8638573382
2009-06-04,1093873.2389316116,374787.8701312554
2009-06-05,1093243.13519738,374675.24709052464
2009-06-08,1088280.4642935975,373261.9774646478
2009-06-09,1099919.120877355,376862.8791370448
2009-06-10,1094975.069938128,375443.510122955
2009-06-11,1100992.3583437991,377334.6588498046
2009-06-12,1098387.7883126573,376620.3364319824
2009-06-15,1069669.056413016,368034.3763166195
2009-06-16,1056300.2802096626,363950.2309417897
2009-06-17,1063742.838067532,366366.077436182
2009-06-18,1063308.034565415,366305.88864171685
2009-06-19,1075955.859406707,370316.6356446988
2009-06-22,1035622.4841697932,357907.7305860342
2009-06-23,1034601.8613858316,357658.9151435376
2009-06-24,1051647.2252605385,363224.0448807581
2009-06-25,1075427.1540003717,370771.41972604
2009-06-26,1080888.2121442808,372539.3075494313
2009-06-29,1084588.9354839108,373731.747689659
2009-06-30,1078357.1946258675,371912.5778040834
2009-07-01,1085291.5611720188,374085.9637872295
2009-07-02,1052256.3276024228,364123.1460414864
2009-07-06,1046169.6324081472,362283.3523456932
2009-07-07,1019713.1888394948,353935.1831653405
2009-07-08,1020053.8753071392,354146.3024710431
2009-07-09,1023106.4850813944,355245.2459177726
2009-07-10,1025039.029401744,355959.1028329389
2009-07-13,1048202.1319444916,363504.20036784944
2009-07-14,1052196.0412676402,364834.53787581
2009-07-15,1093359.5903123475,377648.819718662
2009-07-16,1108234.56679711,382144.0264599351
2009-07-17,1109150.3609650244,382473.4228195678
2009-07-20,1124752.800354299,387080.46840549394
2009-07-21,1129473.9517999294,388490.5676375767
2009-07-22,1136541.1120778655,390563.7225092912
2009-07-23,1170258.626580911,400146.6299096669
2009-07-24,1164488.4556964547,398607.1472023478
2009-07-27,1165767.0505006404,399007.9648436385
2009-07-28,1171227.331709112,400562.48976595845
2009-07-29,1165356.3675108969,399000.60526922287
2009-07-30,1177416.060656535,402363.9114207453
2009-07-31,1172989.365610141,401197.3940107302
2009-08-03,1195239.105686363,407312.6059994599
2009-08-04,1197173.5128704975,407869.8337411072
2009-08-05,1183240.2286618666,404176.63143828267
2009-08-06,1168247.655358296,400152.6986226168
2009-08-07,1188226.9263356044,405656.0140732633
2009-08-10,1182082.4239052937,404041.2212890908
2009-08-11,1165122.8007216158,399485.6424056312
2009-08-12,1186506.1907564076,405374.6831359679
2009-08-13,1194427.0437169513,407540.2821825228
2009-08-14,1176289.3782045054,402716.7473445951
2009-08-17,1135414.1996136447,391635.75344279216
2009-08-18,1153460.836243359,396732.1155933658
2009-08-19,1163153.2573487775,399443.3338322624
2009-08-20,1177888.1835536282,403505.6109616952
2009-08-21,1201614.7865365855,409941.3951397453
2009-08-24,1199313.480548937,409358.8220975924
2009-08-25,1204016.5247658663,410636.4171107629
2009-08-26,1204111.870378807,410686.7811372466
2009-08-27,1206586.9822398073,411366.0003043193
2009-08-28,1207333.4015548597,411586.7876725012
2009-08-31,1192121.2573520895,407597.9283530485
2009-09-01,1161515.6847625135,399457.93807571306
2009-09-02,1160095.5270086557,399098.1846988308
2009-09-03,1172031.946940277,402380.2985062545
2009-09-04,1198748.3819962677,409608.8800027146
2009-09-08,1213275.490939106,413471.6866764132
2009-09-09,1230772.2927486063,418071.1939459155
2009-09-10,1249285.5778090612,422875.9081904002
2009-09-11,1246802.0632462224,422252.8625978608
2009-09-14,1255419.7082710743,424470.6941061514
2009-09-15,1264070.1467339918,426684.5187435676
2009-09-16,1288527.736986623,432886.0133146302
2009-09-17,1283329.5785840864,431597.5702297051
2009-09-18,1288293.7683611857,432847.816982818
2009-09-21,1292521.4888141945,433909.3508071553
2009-09-22,1299273.5398309813,435596.0282664258
2009-09-23,1287113.0916597866,432586.4470991868
2009-09-24,1267779.7362208294,427764.379895313
2009-09-25,1254387.09903333,424387.094353357
2009-09-28,1286159.318464631,432479.34625475673
2009-09-29,1280738.7150940537,431129.7447008243
2009-09-30,1279452.0984268324,430811.1643356251
2009-10-01,1226933.1644859856,417639.8399655166
2009-10-02,1219617.7847745516,415747.8297707335
2009-10-05,1235277.4349934433,419825.6256683086
2009-10-06,1263203.4166838245,427025.7644273274
2009-10-07,1268646.32938979,428408.217033756
2009-10-08,1279602.0370134516,431179.2597425887
2009-10-09,1292042.679643657,434305.7510063897
2009-10-12,1291957.5211272524,434287.6417756144
2009-10-13,1292597.2140157183,434450.2467685079
2009-10-14,1318969.2316130952,441026.42358439264
2009-10-15,1319874.1522055422,441252.1472122849
2009-10-16,1306264.366804753,437914.6216748336
2009-10-19,1322313.8984763213,441888.3743329696
2009-10-20,1311701.5040853657,439289.762367835
2009-10-21,1301243.2654187726,436713.3832085262
2009-10-22,1313186.122103035,439680.2529050823
2009-10-23,1304301.744557427,437493.6161031717
2009-10-26,1293987.2664106684,434941.400523118
2009-10-27,1264326.182757443,429720.7203839664
2009-10-28,1203133.2377879869,418261.3938778838
2009-10-29,1241384.6360639834,425976.1179228323
2009-10-30,1187199.738002265,415336.5907668263
2009-11-02,1191045.8717041744,416177.1013
2009-11-03,1198984.3903918993,417836.1450208599
2009-11-04,1196721.2879252655,417480.5084489789
2009-11-05,1245930.5248942124,427604.9447968057
2009-11-06,1252533.7303910316,429061.2209129533
2009-11-09,1295748.5493630648,437524.9684916897
2009-11-10,1292261.1271252667,436930.102787082
2009-11-11,1308805.3849761628,440153.8485642258
2009-11-12,1288555.233859787,436532.4581946453
2009-11-13,1307387.6305268165,440373.8735947833
2009-11-16,1338784.2764194375,446472.3803102796
2009-11-17,1344926.9652970934,447687.6199173447
2009-11-18,1333045.6013005,445536.7850680853
2009-11-19,1291884.7582900866,438169.0139093153
2009-11-20,1279310.0660021198,435989.4284889088
2009-11-23,1310385.131115643,442088.5075180641
2009-11-24,1301730.4498133278,440711.4023895736
2009-11-25,1308954.510707412,442117.6944264068
2009-11-27,1267637.7489652736,434486.8094863427
2009-11-30,1273981.7356867588,435748.7708730035
2009-12-01,1304251.903147288,442100.5155622109
2009-12-02,1313701.4091010815,443984.4377377498
2009-12-03,1300354.07968319,441579.00737021904
2009-12-04,1322836.9424945505,445899.4053639799
2009-12-07,1316925.696409063,444946.83987467975
2009-12-08,1298131.397856007,441580.0889052077
2009-12-09,1309511.420502842,443773.1097066869
2009-12-10,1317085.811090621,445232.64544955327
2009-12-11,1315833.0420374628,445131.4637839201
2009-12-14,1339444.8196109391,449570.3995675062
2009-12-15,1326880.7875124062,447335.37574272056
2009-12-16,1332336.545083656,448536.9691281352
2009-12-17,1302545.8480397982,443088.5939979596
2009-12-18,1336823.64109265,449529.8564176971
2009-12-21,1365528.6007919249,454819.0015654246
2009-12-22,1382141.816733881,457880.7131734141
2009-12-23,1401267.370591118,461340.95412730856
2009-12-24,1419545.9255438382,464614.370006656
2009-12-28,1425628.5962563527,465721.0904749429
2009-12-29,1422295.662141693,465187.3642492191
2009-12-30,1425295.0547983355,465783.9141482841
2009-12-31,1399422.1831801648,461296.2712097115
2010-01-04,1444178.8008274692,469290.47035436286
2010-01-05,1444359.5994706664,469360.6074586494
2010-01-06,1435221.7221884169,467822.6629419205
2010-01-07,1433509.579640804,467622.3566418745
2010-01-08,1453349.672377817,471114.1258022356
2010-01-11,1447328.8657063206,470157.5640427102
2010-01-12,1411733.7504965153,464048.87713134167
2010-01-13,1441239.282168347,469262.9605383877
2010-01-14,1451025.4066656686,471071.5796250845
2010-01-15,1417021.729283202,465236.9484456437
2010-01-19,1454562.720316105,471838.2154526514
2010-01-20,1418979.5378694553,465922.00680613937
2010-01-21,1388632.574711989,460737.538801986
2010-01-22,1319415.2591219177,448463.9543785763
2010-01-25,1325341.2130209813,449595.1381133816
2010-01-26,1317335.4747612583,448168.0517832744
2010-01-27,1336726.0826078309,451774.2539315574
2010-01-28,1289108.5022834905,443159.98979410063
2010-01-29,1254288.530438649,436733.6571473301
2010-02-01,1279444.194952279,441594.7009094903
2010-02-02,1299714.9494066776,445441.1231767106
2010-02-03,1300434.5986268742,445624.5824899729
2010-02-04,1229139.2997361396,432316.7586477063
2010-02-05,1245366.1892552404,435518.46746512473
2010-02-08,1229001.3064930898,432463.4820366777
2010-02-09,1255003.0357395322,437522.47140428127
2010-02-10,1251013.8223644327,436922.6391056865
2010-02-11,1282469.6862150545,442942.0669907346
2010-02-12,1288953.4421292264,444197.6049713831
2010-02-16,1322350.2465089278,450445.3563874677
2010-02-17,1335083.9863259362,452917.6735274922
2010-02-18,1352230.6475522576,456065.4946932189
2010-02-19,1354417.396612221,456515.8271659156
2010-02-22,1352182.4925849498,456152.3303385055
2010-02-23,1319333.649384606,450346.3933644999
2010-02-24,1343833.9793898417,454926.8185645949
2010-02-25,1341740.844581301,454595.8432812991
2010-02-26,1345949.9584794834,455428.6921230353
2010-03-01,1385784.787912093,462624.22990526905
2010-03-02,1393467.514692661,464104.35866631166
2010-03-03,1393196.4881827747,464093.00366767385
2010-03-04,1406415.2013052732,466470.65500261664
2010-03-05,1445651.674290647,473408.69493829366
2010-03-08,1452484.9078033546,474612.4398096606
2010-03-09,1462351.9082947625,476347.40715463593
2010-03-10,1483121.305951793,480076.84635793365
2010-03-11,1494535.60426652,482023.68683200073
2010-03-12,1493122.8813163524,481872.3394339877
2010-03-15,1486362.6436764435,480774.62426461047
2010-03-16,1505384.847201306,484001.8152922074
2010-03-17,1518547.4151572087,486268.4927835228
2010-03-18,1521073.7371983388,486725.80495037785
2010-03-19,1500124.5598972598,483303.6170771459
2010-03-22,1525698.0234859851,487587.5703361672
2010-03-23,1549395.8280223955,491637.6619236503
2010-03-24,1528508.4427621874,488294.76137379
2010-03-25,1526723.660447736,488031.5597743241
2010-03-26,1523533.6507973613,487579.04273616354
2010-03-29,1534754.0620259675,489469.65803600487
2010-03-30,1542393.0384292006,490769.9134235881
2010-03-31,1526312.8435842628,488190.0202574398
2010-04-01,1531929.2548939672,489142.23297182977
2010-04-05,1565382.1048563018,494640.6304853735
2010-04-06,1574497.0652309372,496134.5865988159
2010-04-07,1567215.1191596591,494996.0293668154
2010-04-08,1574142.141443315,496158.2124002313
2010-04-09,1595953.0493910036,499680.25526606495
2010-04-12,1600573.3035549838,500469.9738509798
2010-04-13,1610934.923320372,502135.25326691207
2010-04-14,1661039.9794383436,510062.10560975416
2010-04-15,1675193.863158262,512279.51797997527
2010-04-16,1629681.7046840065,505280.617084274
2010-04-19,1628116.4842966695,505058.48293156864
2010-04-20,1654101.5558350964,509184.0983582789
2010-04-21,1659630.3834830874,510071.9197762957
2010-04-22,1678575.323862648,513028.8819896561
2010-04-23,1693169.7149272098,515297.59427648265
2010-04-26,1683489.7627049878,513843.5005369549
2010-04-27,1615318.241082468,503370.9239174541
2010-04-28,1615585.1714031938,503435.8658264472
2010-04-29,1667586.3861038918,511633.6405306217
2010-04-30,1600773.2594494454,501313.0229119639
2010-05-03,1649130.789591004,508973.4253028617
2010-05-04,1551719.6684928143,493812.5262655378
2010-05-05,1523901.2925894074,489351.10487308697
2010-05-06,1420944.141768419,472526.7621664069
2010-05-07,1356334.7527657135,461537.8376304514
2010-05-10,1483958.119659232,483759.5425145381
2010-05-11,1484652.2489545634,483901.4670369981
2010-05-12,1545798.896970198,494039.9708441216
2010-05-13,1507051.0193538435,487805.5081178525
2010-05-14,1448172.7486130295,478137.8581740314
2010-05-17,1457013.8885437895,479652.7902344367
2010-05-18,1411953.462019191,472131.9177087183
2010-05-19,1389366.547503369,468294.42329558026
2010-05-20,1278922.6705531715,449079.6392034318
2010-05-21,1306670.3095287485,454190.34313476447
2010-05-24,1289054.2227775652,451044.90882515215
2010-05-25,1285772.672571136,450525.83805337816
2010-05-26,1268769.2007444748,447465.73316811136
2010-05-27,1360197.7852408132,464145.2036138756
2010-05-28,1336097.372070899,459950.2611218012
2010-06-01,1296040.1810532592,452887.8528209104
2010-06-02,1362489.743562641,464869.2374933899
2010-06-03,1388011.3668040193,469355.6222129182
2010-06-04,1289720.466339611,452276.1765571534
2010-06-07,1239094.624493658,443060.7243933159
2010-06-08,1235327.8543128413,442392.6227734677
2010-06-09,1222448.8854844398,440014.4615260453
2010-06-10,1287396.71005079,452225.509808422
2010-06-11,1315231.9056715963,457309.4750060376
2010-06-14,1315522.3533760775,457393.7136928272
2010-06-15,1386163.8516671674,470025.9446452893
2010-06-16,1386101.9567640752,470047.3375922605
2010-06-17,1387447.3571373946,470309.25192422536
2010-06-18,1390462.316832648,470858.6355731559
2010-06-21,1365924.475121686,466648.0680950667
2010-06-22,1333822.7707232053,461095.9009901808
2010-06-23,1325005.669936746,459563.6274455467
2010-06-24,1282805.6152372104,452070.204664494
2010-06-25,1289420.6036626622,453316.4455185674
2010-06-28,1286112.9527025423,452750.2509070537
2010-06-29,1190859.4462055,435335.2533653184
2010-06-30,1163281.936418743,430056.80381158384
2010-07-01,1154916.5182640117,428460.39952389913
2010-07-02,1144677.8726466056,426519.29556780215
2010-07-06,1146656.9708737056,426955.57323327655
2010-07-07,1214736.253456452,440339.97955369216
2010-07-08,1231833.7956212224,443598.7543306093
2010-07-09,1254735.107705765,447901.7570708124
2010-07-12,1256721.00760019,448301.9419245172
2010-07-13,1305156.673545036,457218.0315554996
2010-07-14,1313938.088765276,458821.625901008
2010-07-15,1312822.1613205275,458677.557469175
2010-07-16,1233118.3624221552,444406.54900934914
2010-07-19,1254034.542074466,448328.78292032366
2010-07-20,1280856.2781820414,453287.2839612831
2010-07-21,1241302.2521793956,446127.04711422353
2010-07-22,1306033.7663587094,458081.5076420674
2010-07-23,1332803.0443529538,462901.91002539056
2010-07-26,1363914.9014438656,468411.9323997732
2010-07-27,1354238.691605193,466754.5919251569
2010-07-28,1326518.7431074672,461933.4582450744
2010-07-29,1311588.563331853,459319.161863252
2010-07-30,1314929.6792176676,459944.1058229104
2010-08-02,1361612.7625458564,468249.4639400763
2010-08-03,1347631.8411277272,465845.25542977976
2010-08-04,1370947.9631364057,469946.61991204217
2010-08-05,1358481.0733127538,467813.6835130956
2010-08-06,1353009.9039058313,466888.3850903976
2010-08-09,1373081.609898381,470412.6803361783
2010-08-10,1339373.7473869363,464605.1542820429
2010-08-11,1259867.4867231194,450632.1674613354
2010-08-12,1239219.3410788868,446896.888900679
2010-08-13,1220534.3330353692,443481.7342388803
2010-08-16,1229592.2719254224,445204.2356580485
2010-08-17,1259868.5101955745,450840.3780044447
2010-08-18,1266772.8832638122,452128.4790725911
2010-08-19,1225399.5234257064,444640.1593353431
2010-08-20,1226161.3968606512,444816.0479128079
2010-08-23,1203855.8568845112,440718.7537400991
2010-08-24,1164798.084384347,433409.2308354976
2010-08-25,1183603.218644923,437048.03391762177
2010-08-26,1158909.412677519,432395.1647625664
2010-08-27,1195990.5943699493,439536.21622033225
2010-08-30,1159415.6130858462,432677.000312676
2010-08-31,1152942.2837841837,431474.9849598271
2010-09-01,1219748.7693990474,444304.8343914482
2010-09-02,1245238.682992112,449044.5194366896
2010-09-03,1282954.1649753093,455941.8876849456
2010-09-07,1254560.259356183,450878.4225461436
2010-09-08,1276967.3001679436,454967.5195447318
2010-09-09,1285226.232373661,456474.5525162343
2010-09-10,1292326.338164997,457767.3606886086
2010-09-13,1341885.4977104452,466602.9871037683
2010-09-14,1346588.306332743,467442.91378399695
2010-09-15,1360095.3193193325,469811.9170642836
2010-09-16,1362326.8003110357,470217.0964473887
2010-09-17,1376886.80875561,472751.6542215737
2010-09-20,1424641.597832081,480974.162021969
2010-09-21,1416776.3364901976,479662.6392638828
2010-09-22,1398903.6196444272,476652.3601042537
2010-09-23,1389924.0293876803,475138.5417681186
2010-09-24,1454547.774056193,486204.0292417979
2010-09-27,1440533.6608618146,483877.7230717869
2010-09-28,1452443.39561667,485894.38045112457
2010-09-29,1448717.8817041127,485287.2401950563
2010-09-30,1439011.7861008735,483677.479745327
2010-10-01,1441573.1747929382,484123.92266858567
2010-10-04,1409649.348127986,478779.1018441078
2010-10-05,1476133.5005701056,490085.47855118674
2010-10-06,1452524.5980359032,486182.2784165877
2010-10-07,1456172.1235221135,486808.5633245764
2010-10-08,1478432.0510919043,490545.2433551416
2010-10-11,1478923.4653445228,490642.7340657919
2010-10-12,1498092.4880963394,493838.4262725488
2010-10-13,1526951.1768858058,498611.0544270124
2010-10-14,1519606.2265624213,497428.06804141327
2010-10-15,1561248.642410622,504259.8706692664
2010-10-18,1576259.7040252043,506700.452886947
2010-10-19,1520683.858171894,497784.30542229686
2010-10-20,1546166.807836447,501971.3281305058
2010-10-21,1549008.9576225777,502449.0216867658
2010-10-22,1573819.7248268127,506489.2813603635
2010-10-25,1588341.225291896,508842.4290764264
2010-10-26,1596526.6115846497,510170.125519271
2010-10-27,1599884.9318879398,511401.8747380542
2010-10-28,1602836.471178556,512253.7226943313
2010-10-29,1602161.917025013,512274.049282458
2010-11-01,1598251.2810179351,511761.2207374989
2010-11-02,1628265.7721094112,517632.97193273937
2010-11-03,1635194.2067745973,519024.4143292645
2010-11-04,1675256.8404184275,526610.876527128
2010-11-05,1676105.6525800736,526958.4833001378
2010-11-08,1676994.5160629228,527189.6751330416
2010-11-09,1657433.43232911,523714.2469489583
2010-11-10,1674531.9353719049,526955.2669826295
2010-11-11,1648600.203797685,522214.7967934885
2010-11-12,1608067.3976618077,514603.00350458594
2010-11-15,1603038.6502212686,513718.1695580574
2010-11-16,1556857.4607946416,504742.75884885725
2010-11-17,1562833.13751822,506015.6773523686
2010-11-18,1602338.0855507946,513873.3670907969
2010-11-19,1605577.6262911437,514645.9105555933
2010-11-22,1620022.9171029555,517498.9847869748
2010-11-23,1580329.7213630043,509934.8563236867
2010-11-24,1630941.7272553733,519792.3440964506
2010-11-26,1621422.1651496235,518055.1161862217
2010-11-29,1610723.240002605,516158.36988465633
2010-11-30,1581948.5913769642,510653.8689418086
2010-12-01,1635773.612409935,521131.6183496575
2010-12-02,1668212.0235785374,527260.0384343707
2010-12-03,1681346.847065946,529748.040220991
2010-12-06,1684833.2211928857,530467.9408809952
2010-12-07,1688541.060018853,531210.3842698613
2010-12-08,1700208.4467995358,533404.2886815508
2010-12-09,1708430.5913265727,534952.2995932576
2010-12-10,1732056.3282814291,539231.7257094361
2010-12-13,1717221.8533874494,536662.3989618025
2010-12-14,1720067.1360791274,537249.6926543801
2010-12-15,1707716.4717860338,535115.7099862646
2010-12-16,1730472.8542391958,539236.0618763149
2010-12-17,1736566.487028017,540406.1514562303
2010-12-20,1743755.8623960523,541766.4887568072
2010-12-21,1764517.4833220828,545470.155995593
2010-12-22,1768784.38307174,546274.4510187667
2010-12-23,1761507.8892184258,545085.1166116135
2010-12-27,1763164.8428955562,545439.5749932235
2010-12-28,1757704.1807475002,544554.8069085926
2010-12-29,1762207.6369723908,545396.0012044803
2010-12-30,1757267.4498841714,544601.2087306511
2010-12-31,1744984.5457163877,542546.6256121846
2011-01-03,1790196.3607399843,550463.9537711537
2011-01-04,1777615.8136847792,548376.6574893901
2011-01-05,1802473.8567215404,552674.4559685752
2011-01-06,1811533.4885781747,554260.4201021368
2011-01-07,1803068.454004582,552899.1647041334
2011-01-10,1808416.18055486,553859.3627853851
2011-01-11,1818978.5373608745,555719.5719169533
2011-01-12,1843790.9896469663,559926.0178157019
2011-01-13,1841008.1712496744,559522.0555589505
2011-01-14,1865449.9828705615,563628.5601864941
2011-01-18,1878287.220959941,565800.1146818436
2011-01-19,1827272.165695188,557530.6928581969
2011-01-20,1801076.4343923174,553233.6343239927
2011-01-21,1782236.8496333312,550229.3062156189
2011-01-24,1815937.115873769,555972.7280897177
2011-01-25,1817757.2626274663,556333.7517672173
2011-01-26,1842426.211403225,560489.9631388097
2011-01-27,1861520.7494492128,563731.8345255703
2011-01-28,1776373.57628695,549752.5965011754
2011-01-31,1791944.4675838314,552464.4710772226
2011-02-01,1854325.3349102396,562935.2346816187
2011-02-02,1852047.241935076,562615.1391307423
2011-02-03,1856433.1233602783,563512.4574122167
2011-02-04,1875568.884980028,566681.2246503503
2011-02-07,1893934.3961154693,569700.716352469
2011-02-08,1910338.9571296903,572386.8207012034
2011-02-09,1899866.1024923609,570767.4300388956
2011-02-10,1901299.1064145465,571063.4049602548
2011-02-11,1925502.1759691453,574963.2883904856
2011-02-14,1935217.679671672,576560.9984130581
2011-02-15,1918326.135168772,573948.9861063539
2011-02-16,1945600.7587578548,578303.5630535869
2011-02-17,1953275.289598464,579549.4414572576
2011-02-18,1956181.50993894,580048.2904949544
2011-02-22,1855111.684809818,564193.3802205618
2011-02-23,1812957.2911049195,557364.2615836255
2011-02-24,1831181.0563428064,560429.4171050104
2011-02-25,1885109.569470845,569275.3010419705
2011-02-28,1886295.350191157,569538.5807428863
2011-03-01,1829169.382649208,560369.1496950007
2011-03-02,1842239.4383191504,562564.7089079368
2011-03-03,1906039.319941945,572950.8773402433
2011-03-04,1887594.360496304,570084.1306963107
2011-03-07,1837703.679438382,562105.3361433856
2011-03-08,1862768.308115258,566241.9550009132
2011-03-09,1844743.0300700783,563378.9406925503
2011-03-10,1781307.0854370662,553012.1976700258
2011-03-11,1798903.138065874,556012.5681688305
2011-03-14,1780668.6266477394,553028.2849407892
2011-03-15,1739583.1260825146,546153.6259444926
2011-03-16,1679582.7211959325,535824.3681752837
2011-03-17,1701615.692890314,539774.6882318249
2011-03-18,1710225.7763494896,541347.8345880097
2011-03-21,1767493.2677704531,551275.786139916
2011-03-22,1757220.315879288,549605.6579757774
2011-03-23,1774405.9532953517,552573.7199330104
2011-03-24,1820955.597346295,560393.2877727301
2011-03-25,1829003.0303943949,561766.4685626454
2011-03-28,1813278.8886374056,559244.4491583384
2011-03-29,1845775.4423211769,564625.5760122805
2011-03-30,1870727.1358548107,568714.6743319551
2011-03-31,1875970.110334483,569604.8084301484
2011-04-01,1886662.088085787,571365.4482231027
2011-04-04,1885915.02473338,571295.0440244701
2011-04-05,1888269.3295182197,571718.2957240164
2011-04-06,1899186.977397431,573499.613443494
2011-04-07,1894191.4670781305,572759.4414014654
2011-04-08,1873696.31733824,569553.0101565224
2011-04-11,1862060.0060747107,567741.4267539337
2011-04-12,1827715.055892445,562281.3815345959
2011-04-13,1848587.1508756308,565721.9735982189
2011-04-14,1846602.9487673077,565469.116586695
2011-04-15,1852012.581447912,566390.1127098382
2011-04-18,1814614.8279299268,560407.0885954832
2011-04-19,1826424.188996643,562385.187327887
2011-04-20,1899302.4726941788,574187.2913507782
2011-04-21,1922081.2767571304,577817.131405348
2011-04-25,1929390.0134955745,579002.8427340394
2011-04-26,1957588.658095816,583454.6416527642
2011-04-27,1987196.902169028,588045.917891949
2011-04-28,1990504.857866953,588602.9409532542
2011-04-29,1991543.8650448811,588823.9138829225
2011-05-02,1978560.5864409348,586899.4704373985
2011-05-03,1947924.5183975268,582311.0103565246
2011-05-04,1929922.181502024,579580.9387975385
2011-05-05,1911406.9110058,576826.1713611005
2011-05-06,1927936.625977216,579471.2501102865
2011-05-09,1947883.269825126,582700.4942050612
2011-05-10,1986136.2255781,588583.876356345
2011-05-11,1949585.7035460991,583099.208804765
2011-05-12,1973513.2326826483,586798.1153418756
2011-05-13,1926659.4214172703,579726.7331560295
2011-05-16,1865356.2635198345,570279.5430121246
2011-05-17,1866263.867367196,570477.5706677166
2011-05-18,1907602.2132176016,577007.1923251493
2011-05-19,1917905.9208192404,578724.2924307939
2011-05-20,1891189.302567826,574640.507829557
2011-05-23,1832705.4288421029,565548.6912180061
2011-05-24,1816132.657240204,562950.5777517958
2011-05-25,1835491.3797957932,566084.0076919309
2011-05-26,1862834.5066660985,570513.2027183053
2011-05-27,1880926.1103026296,573384.5976311716
2011-05-31,1931509.852467374,581278.8262526111
2011-06-01,1843003.944497668,567739.1075240592
2011-06-02,1848199.846889353,568597.3312288491
2011-06-03,1794956.5800426805,560301.2082396221
2011-06-06,1756112.529279177,554118.555683886
2011-06-07,1754690.7297666231,553926.7142958415
2011-06-08,1721645.0128619666,548571.9310273766
2011-06-09,1733007.1169941823,550530.9126284259
2011-06-10,1681653.100053585,542108.261597233
2011-06-13,1676535.229373205,541292.741461547
2011-06-14,1723923.160174822,549309.0964677426
2011-06-15,1665182.4421545106,539630.8474770618
2011-06-16,1655584.5556461716,538052.3584329246
2011-06-17,1646673.4679265232,536584.5417166351
2011-06-20,1662336.858040811,539300.2419382622
2011-06-21,1732591.4978757894,551125.9204448706
2011-06-22,1709810.7508769897,547433.0806480976
2011-06-23,1731424.096807171,551047.5658397498
2011-06-24,1688931.4307183707,544116.0392258451
2011-06-27,1732563.0571511665,551387.6224314114
2011-06-28,1783811.1456306593,559816.3361589612
2011-06-29,1798037.6591439908,562122.8118249961
2011-06-30,1840705.829736416,568911.2370295458
2011-07-01,1896505.297193583,577644.5401253968
2011-07-05,1909446.4391390127,579656.2311318499
2011-07-06,1920355.380920492,581362.3725669378
2011-07-07,1972392.941198528,589302.6862786133
2011-07-08,1954763.3705943231,586680.6749416195
2011-07-11,1877005.242346809,574962.3142007189
2011-07-12,1849371.4695446831,570727.2697588223
2011-07-13,1869098.479446457,573820.2615621162
2011-07-14,1823629.649144177,566807.1428803097
2011-07-15,1858972.5752021207,572386.8297551125
2011-07-18,1826231.62773317,567334.791283802
2011-07-19,1906812.407551112,579948.1518163421
2011-07-20,1890227.4558979624,577440.277828243
2011-07-21,1917157.9913571088,581598.7713268355
2011-07-22,1950016.4518841472,586619.3029969417
2011-07-25,1928155.1024212972,583343.978924994
2011-07-26,1924264.623336824,582775.0806246318
2011-07-27,1822781.427948573,567363.6833715382
2011-07-28,1824626.877023896,567676.7912057843
2011-07-29,1811614.3924432355,565664.808375866
2011-08-01,1796140.5961508711,563262.8810218357
2011-08-02,1698330.597141913,547808.4522810975
2011-08-03,1728219.994591492,552712.1452110419
2011-08-04,1556515.841951134,524673.7537289248
2011-08-05,1528257.3407036727,519764.5920290183
2011-08-08,1336683.877432561,483916.5587366044
2011-08-09,1462414.036515736,509549.4910647674
2011-08-10,1354510.2321207218,488734.4107165129
2011-08-11,1468309.1672555646,511659.20063869626
2011-08-12,1484755.5379607314,514811.94294726726
2011-08-15,1537413.9864272545,524517.0229061199
2011-08-16,1500749.9221712383,518012.05062257615
2011-08-17,1486978.6669191637,515567.19698340335
2011-08-18,1345839.8428158434,488676.9659566926
2011-08-19,1308324.0934529423,480766.5163302878
2011-08-22,1310951.5561715637,481504.66301599145
2011-08-23,1408766.5818785287,502185.6890761514
2011-08-24,1431143.8098753926,506638.3453478824
2011-08-25,1379864.4507888225,496783.2574532568
2011-08-26,1442198.7302895114,509159.12307951663
2011-08-29,1532688.2473399276,526060.7484209371
2011-08-30,1548610.2415877718,528947.7990364602
2011-08-31,1552137.300824629,529648.212096194
2011-09-01,1512911.1931832775,522798.61046861415
2011-09-02,1438063.2278441116,509318.3102010438
2011-09-06,1430536.0940472998,507995.7076132068
2011-09-07,1513213.294925008,523431.4522890129
2011-09-08,1490199.7653351452,519377.9233729117
2011-09-09,1421107.2074063886,506832.6965603264
2011-09-12,1450258.0459902596,512410.10893253423
2011-09-13,1491433.1536923451,520033.18609230034
2011-09-14,1537620.9735285465,528342.6346377905
2011-09-15,1578061.3234476806,535444.8325877105
2011-09-16,1596161.2283771746,538587.5984220783
2011-09-19,1584579.445908938,536653.3600711516
2011-09-20,1557317.8517768409,532026.3231514071
2011-09-21,1495469.1505495994,521348.0906817503
2011-09-22,1400843.5038324203,504410.7656824515
2011-09-23,1430675.243467942,510083.7929037713
2011-09-26,1467998.901066849,516968.9957971842
2011-09-27,1502418.8139831426,523172.5782698445
2011-09-28,1438074.7119496248,511835.5202406843
2011-09-29,1425581.9100235654,509624.9826079649
2011-09-30,1352564.670364781,496210.1250186014
2011-10-03,1269185.8326232815,479875.4321264786
2011-10-04,1337811.390098548,494060.23519047926
2011-10-05,1397408.9501792411,505513.2643068087
2011-10-06,1449102.8206782842,515039.7297832664
2011-10-07,1417456.893358296,509408.1387065769
2011-10-10,1516000.880096259,527233.6697799802
2011-10-11,1535996.5394222762,530735.0159498625
2011-10-12,1561761.9279613828,535206.3400859616
2011-10-13,1580334.5383135504,538405.9990598604
2011-10-14,1637741.9423385772,548201.7265134343
2011-10-17,1572735.6090655825,537338.4505490409
2011-10-18,1623850.4385930982,546086.6027505103
2011-10-19,1558580.9101292172,535128.2882362414
2011-10-20,1552073.2068552033,534027.2394780354
2011-10-21,1598449.106468364,542021.7038039893
2011-10-24,1673555.518389676,554772.0515890651
2011-10-25,1597873.8390723837,542244.8068132942
2011-10-26,1607609.7099293342,544775.3222887312
2011-10-27,1698363.5207020566,562866.144194021
2011-10-28,1696502.6081688306,562575.3677909983
2011-10-31,1640507.8205800278,551748.9398307812
2011-11-01,1561497.6396057403,535843.1485852558
2011-11-02,1593877.956537342,542642.9504757668
2011-11-03,1652404.0303870053,554575.6046468994
2011-11-04,1639840.9439319822,552159.1592660513
2011-11-07,1648974.677976656,554042.9022881037
2011-11-08,1682400.843966988,560683.4336463442
2011-11-09,1572577.4682137736,538939.4957427249
2011-11-10,1575655.920536696,539671.8318810372
2011-11-11,1628961.9462455646,550703.6568754623
2011-11-14,1606685.2247965974,546290.575356728
2011-11-15,1635609.9889866265,552261.4970803794
2011-11-16,1587812.7469598085,542696.1422079377
2011-11-17,1536378.3470093834,532096.1179512112
2011-11-18,1521192.4801878764,528924.0127372907
2011-11-21,1474450.1454544475,518787.8224589849
2011-11-22,1472215.0603560477,518417.7643536412
2011-11-23,1416471.6705909066,505846.3638621641
2011-11-25,1400021.1961013018,502039.9949025115
2011-11-28,1475687.9306255274,519700.916215377
2011-11-29,1464413.014516367,517280.6524804774
2011-11-30,1562236.0801836082,538849.8581449139
2011-12-01,1567601.8208191686,540067.7171713756
2011-12-02,1567984.836076836,540230.6935461744
2011-12-05,1596309.4729711872,546172.4897679964
2011-12-06,1589766.751990437,544910.4378624806
2011-12-07,1589085.2039527274,544851.4105833434
2011-12-08,1536543.486652285,533999.0524346953
2011-12-09,1585528.5761617543,544392.006924307
2011-12-12,1550923.1315949268,537290.6377655661
2011-12-13,1518685.115143316,530518.0365926572
2011-12-14,1480679.006420631,522311.4897347653
2011-12-15,1481864.3664908714,522673.5892172545
2011-12-16,1494848.4384517896,525631.603304196
2011-12-19,1464640.952073404,519022.5945773936
2011-12-20,1539629.920428722,535612.7395768077
2011-12-21,1514516.235988957,530326.4061401762
2011-12-22,1534717.1611013147,534757.7814224665
2011-12-23,1553001.685952274,538718.2606527458
2011-12-27,1559096.1750025984,540080.6517467228
2011-12-28,1524443.2963891816,532847.7295034288
2011-12-29,1547031.362592348,537748.6654340724
2011-12-30,1538323.9627407726,535994.15152195
2012-01-03,1580478.254213348,544971.1966099024
2012-01-04,1579773.659677097,544910.1306435455
2012-01-05,1600970.2530422383,549346.8111894771
2012-01-06,1605053.5610664454,550256.9704580617
2012-01-09,1607096.696236397,550751.5765850163
2012-01-10,1633317.5009535134,556102.3108857331
2012-01-11,1641545.0208737128,557815.2407855303
2012-01-12,1655721.9559227452,560697.0577675559
2012-01-13,1640709.7690659368,557823.2655210708
2012-01-17,1658527.0613739174,561419.3477713095
2012-01-18,1702354.5610914524,569999.8467228811
2012-01-19,1722034.7325392722,573845.3948141412
2012-01-20,1719898.1132256892,573523.5735425589
2012-01-23,1716804.11886994,573016.5300216089
2012-01-24,1719103.678093828,573538.5237255197
2012-01-25,1753516.5773640256,580070.4454752456
2012-01-26,1738732.5786248904,577402.3889110176
2012-01-27,1750847.9801096169,579735.8109625708
2012-01-30,1744983.2804391233,578800.7070869316
2012-01-31,1746763.78936213,579205.608119749
2012-02-01,1784571.5211230223,586306.5141555523
2012-02-02,1797192.188048681,588669.1647063921
2012-02-03,1849555.9322375385,598148.2247496876
2012-02-06,1844974.3770386076,597406.9900551433
2012-02-07,1847101.1841981844,597851.4819230919
2012-02-08,1860545.7027863448,600290.8245311277
2012-02-09,1873603.0460855025,602645.8434785727
2012-02-10,1845866.6624624075,597852.9719190303
2012-02-13,1877731.2172101943,603530.9879920441
2012-02-14,1877964.9256642603,603635.9856460742
2012-02-15,1858786.2171090636,600356.1097953086
2012-02-16,1910402.1897558847,609433.9251713235
2012-02-17,1900456.106600532,607786.8062735609
2012-02-21,1896344.3369968624,607140.3297946446
2012-02-22,1877280.8599993552,603983.7399595672
2012-02-23,1905203.727300816,608900.9691906315
2012-02-24,1913038.9996137668,610309.5484569953
2012-02-27,1915540.4240703,610820.3402428086
2012-02-28,1940151.8492258603,615077.0549547262
2012-02-29,1915608.652768005,610999.7561621559
2012-03-01,1941982.9942851225,615561.4635416449
2012-03-02,1925991.1174110563,612944.1450013464
2012-03-05,1894632.705409862,607663.7912297738
2012-03-06,1846389.4549970268,599407.1562017743
2012-03-07,1875946.245058681,604646.5862365869
2012-03-08,1917110.597997108,611814.1099745842
2012-03-09,1938376.520690688,615519.6737755697
2012-03-12,1932393.753922376,614570.3355562362
2012-03-13,2000957.9139802596,626165.0836380384
2012-03-14,2001695.6502433645,626355.0984171102
2012-03-15,2020859.6177996688,629591.6983460264
2012-03-16,2019201.5201257688,629378.013958112
2012-03-19,2048049.990462057,634143.3293444201
2012-03-20,2042385.661870797,633299.3610682425
2012-03-21,2043633.6136118623,633555.5031423675
2012-03-22,2028152.24109148,631098.4333974301
2012-03-23,2033662.0043807416,632061.1112105005
2012-03-26,2103004.622453077,643335.3304045126
2012-03-27,2099898.4475344704,642893.2728801087
2012-03-28,2079721.551451978,639737.7127948281
2012-03-29,2067123.4851373348,637775.0162954876
2012-03-30,2062035.9523712844,637009.293171307
2012-04-02,2097929.0657714624,642820.5430756895
2012-04-03,2089764.9589233843,641572.7734604795
2012-04-04,2030889.5003812404,632216.5826262826
2012-04-05,2046421.9576558948,634788.8459140478
2012-04-09,2003647.664328489,627917.2228338578
2012-04-10,1933459.8694091905,616420.9813420938
2012-04-11,1964225.6788388288,621637.0339595808
2012-04-12,2012609.546157488,629707.584497636
2012-04-13,1956727.357571707,620609.4389864779
2012-04-16,1928144.6139723863,615898.5017939947
2012-04-17,1994893.3764594528,627128.9670786033
2012-04-18,1980343.1784848515,624800.5035519955
2012-04-19,1950299.9015018905,619891.5257726904
2012-04-20,1941099.537873841,618440.8130003152
2012-04-23,1903937.1619541347,612272.0570730376
2012-04-24,1892916.3141839704,610462.4944934151
2012-04-25,1975571.4921104675,624499.7302118395
2012-04-26,2001569.5453011629,628839.2676498807
2012-04-27,2024817.5977709568,632686.2681382078
2012-04-30,1995589.4514382563,627993.11636097
2012-05-01,2000475.71818312,628849.1075779266
2012-05-02,2012106.8736247043,630803.9867051604
2012-05-03,1966918.426387662,623490.1786788403
2012-05-04,1882327.3919104468,609494.3873362322
2012-05-07,1883766.5796358676,609801.6375567728
2012-05-08,1869590.8140679903,607447.2643609446
2012-05-09,1855372.1935767129,605078.3321414363
2012-05-10,1853777.8237665289,604872.112135169
2012-05-11,1853701.2193524523,604923.6633692266
2012-05-14,1816046.187318917,598496.7001439334
2012-05-15,1805246.8850755624,596692.2984981226
2012-05-16,1781821.6250498916,592640.2544190125
2012-05-17,1711750.2735092505,580209.8976206728
2012-05-18,1672308.6598642713,573027.016988165
2012-05-21,1748224.3866498473,587149.8458474682
2012-05-22,1738486.6827437817,585487.2862898085
2012-05-23,1750788.8721257772,587777.9507307892
2012-05-24,1738130.1553651397,585576.9956552117
2012-05-25,1735672.1238775884,585209.4350630166
2012-05-29,1773747.2595093923,592124.1184404832
2012-05-30,1734390.1386088864,585202.2590786008
2012-05-31,1722406.8357877594,583149.574960823
2012-06-01,1632246.78466438,566692.0106032392
2012-06-04,1645413.0133378236,569289.9324727878
2012-06-05,1664862.9723703405,573036.8804740054
2012-06-06,1738910.8374230706,586790.0474058028
2012-06-07,1722850.1752098026,583978.0831519533
2012-06-08,1753877.7953925775,589643.9935024984
2012-06-11,1697444.3875682296,579614.1159783483
2012-06-12,1734864.3758083764,586505.5827463401
2012-06-13,1706458.606668706,581473.6273323083
2012-06-14,1726157.000407001,585143.0664547699
2012-06-15,1767802.4981867897,592680.8584569194
2012-06-18,1793887.9683312436,597343.0891198583
2012-06-19,1834435.9508262344,604460.6404416919
2012-06-20,1834878.504020976,604617.3793194392
2012-06-21,1749286.1527315462,589908.6388507299
2012-06-22,1787810.744050979,596799.5424537278
2012-06-25,1721398.5886598986,585205.4969436998
2012-06-26,1741613.5630807062,588912.8977875299
2012-06-27,1765945.119752844,593313.7557148007
2012-06-28,1735443.1422825744,587997.9223332356
2012-06-29,1834969.7489472087,605667.4104098009
2012-07-02,1854212.785057464,609020.6692881348
2012-07-03,1884249.1528394176,614163.2767751893
2012-07-05,1884065.2129203072,614186.1624321787
2012-07-06,1836169.335361146,606195.6301072667
2012-07-09,1829189.01539694,605062.598416704
2012-07-10,1793375.575654219,599001.1503810806
2012-07-11,1776018.3787657795,596053.748831549
2012-07-12,1749993.5578139597,591570.6675598811
2012-07-13,1799399.5262038931,600311.189297318
2012-07-16,1785338.3296834412,597945.6725312879
2012-07-17,1800671.7734034397,600663.8475787934
2012-07-18,1839458.870687525,607398.8985765699
2012-07-19,1867637.1563437933,612222.8062630882
2012-07-20,1817581.48927934,603856.7372999428
2012-07-23,1774952.394533118,596615.2257299755
2012-07-24,1742455.3250274048,591022.7953367034
2012-07-25,1731911.663328163,589230.5566059801
2012-07-26,1777292.5395730704,597297.8294465021
2012-07-27,1854757.742980692,610697.9814405857
2012-07-30,1839510.7003143425,608183.5081976064
2012-07-31,1831572.6734990317,606893.1788449837
2012-08-01,1807724.121622349,602920.8748024256
2012-08-02,1794868.6008103222,600779.7485412736
2012-08-03,1864638.4901040937,612796.1203879947
2012-08-06,1891720.022796396,617355.2200335395
2012-08-07,1923589.2396572628,622728.1033300884
2012-08-08,1917450.72165095,621791.0148657986
2012-08-09,1926560.054087274,623331.7534298452
2012-08-10,1929158.018352583,623805.056241057
2012-08-13,1931171.771234252,624162.6791885347
2012-08-14,1924024.703134864,623033.4996022567
2012-08-15,1941635.0171994336,625929.1241110474
2012-08-16,1981707.1707483784,632440.9460315614
2012-08-17,1999881.2043120016,635388.6107971697
2012-08-20,1999321.4400289876,635325.2338920622
2012-08-21,1987654.215704124,633491.94009639
2012-08-22,1995856.6109845357,634830.8848097407
2012-08-23,1969523.401589177,630659.4623166283
2012-08-24,1990575.0263702497,634059.7518574176
2012-08-27,1994922.5773662413,634777.0923879477
2012-08-28,1999988.0949350528,635608.0810229814
2012-08-29,2005204.8879764483,636459.7848229227
2012-08-30,1962923.8207611784,629765.7769809111
2012-08-31,1986360.04320514,633550.636552764
2012-09-04,1996799.735218008,635238.981288021
2012-09-05,1989244.434749023,634058.0127964015
2012-09-06,2075429.7132012236,647819.1287203073
2012-09-07,2076201.359515905,647960.5431097155
2012-09-10,2033276.6009835247,641282.3969083768
2012-09-11,2033909.8071812352,641403.0322171436
2012-09-12,2046688.6279339504,643438.8802261073
2012-09-13,2101224.5860180934,652032.5351665869
2012-09-14,2138635.8479795177,657857.9644849851
2012-09-17,2131509.2826434816,656782.6843257257
2012-09-18,2130309.306573132,656618.587223763
2012-09-19,2136738.459505316,657630.1761975294
2012-09-20,2127762.2584293527,656269.6347115005
2012-09-21,2133088.7802505945,657111.8066629333
2012-09-24,2107324.2977807904,653164.0816721766
2012-09-25,2049887.9629480056,644283.4919454121
2012-09-26,2018257.0529220435,639332.9910853257
2012-09-27,2074199.6965555288,648213.8044694364
2012-09-28,2047226.5132561591,644019.5235524472
2012-10-01,2043645.6809028063,643476.868601971
2012-10-02,2052158.4421586045,644837.6207616954
2012-10-03,2072106.9511982196,647992.3714670293
2012-10-04,2090882.7293892065,650948.8660137963
2012-10-05,2073229.1475971784,648221.6392900476
2012-10-08,2041675.9869206368,643309.5965237404
2012-10-09,1979546.4876281095,633541.9865287109
2012-10-10,1962412.1567311452,630820.3547354812
2012-10-11,1959332.0752237008,630345.457514029
2012-10-12,1952489.6485267123,629264.9397499957
2012-10-15,1978203.418392041,633428.6672946136
2012-10-16,2025931.9567667537,641090.3365125621
2012-10-17,2029753.6017354133,641715.4806306586
2012-10-18,1988852.4429333047,635270.4397336056
2012-10-19,1901767.705777469,621382.6225501127
2012-10-22,1916087.046650845,623741.819386007
2012-10-23,1882395.295085676,618277.9240848572
2012-10-24,1871336.3979897243,616481.5120104098
2012-10-25,1872590.6661199883,617410.0817716825
2012-10-26,1871825.9356719272,617803.1184166867
2012-10-31,1860779.1021910664,615601.3145396344
2012-11-01,1902825.6022996204,624471.939364443
2012-11-02,1862288.319774408,616643.807945603
2012-11-05,1879213.2907005968,620283.343466467
2012-11-06,1890362.9803645613,622835.3626599776
2012-11-07,1816166.9041581212,607415.4490289119
2012-11-08,1776490.1499625735,598804.5204429611
2012-11-09,1784446.1254874647,600739.9531524662
2012-11-12,1779887.0867576636,600626.0135150714
2012-11-13,1760638.3970154554,596429.6538415805
2012-11-14,1725927.304287797,588775.2148382097
2012-11-15,1716654.3282829206,586747.9027369614
2012-11-16,1730376.1239311213,590110.3449977603
2012-11-19,1787509.491523609,603142.258479471
2012-11-20,1786792.4684537249,603282.7594341137
2012-11-21,1795721.0437814984,605338.6471214708
2012-11-23,1833771.935596239,613688.8740037476
2012-11-26,1843270.8326839136,615757.4783856996
2012-11-27,1832596.8098829496,613912.527999093
2012-11-28,1856132.6994457075,618889.6778109145
2012-11-29,1874053.819287588,623093.396377438
2012-11-30,1871806.1390924123,622737.929677129
2012-12-03,1859785.322533948,621089.4882949076
2012-12-04,1853799.810365715,619964.3756663839
2012-12-05,1830196.2898428824,615222.8972651067
2012-12-06,1845352.7396864432,618458.8060554693
2012-12-07,1833630.0813062703,616150.1278029708
2012-12-10,1842310.6120756927,618010.3108415138
2012-12-11,1877511.4893441217,625336.9876983246
2012-12-12,1867615.9482763803,623595.232782822
2012-12-13,1844596.3203855825,619130.3924931072
2012-12-14,1822782.3030749827,614835.0755178556
2012-12-17,1862060.2959023004,622975.5654271643
2012-12-18,1908107.839816809,632080.7034717766
2012-12-19,1896884.9343702204,629991.2684234305
2012-12-20,1902645.1121615432,631254.0548980789
2012-12-21,1869325.7104335928,625189.1504494603
2012-12-24,1859981.3920379812,623463.629289749
2012-12-26,1836345.2809587691,618834.4322791921
2012-12-27,1831565.7856873225,617969.5993140294
2012-12-28,1805355.7797577945,612686.1184610794
2012-12-31,1865415.4369805143,624953.1350520647
2013-01-02,1965544.3657321,644164.6405294002
2013-01-03,1952216.6580004285,641760.4347882216
2013-01-04,1952679.5624630984,642001.292219316
2013-01-07,1949220.25622138,641426.6971613433
2013-01-08,1941080.0246963464,639993.0301827578
2013-01-09,1956302.156314216,642906.215350965
2013-01-10,1973871.480378599,646223.180679319
2013-01-11,1977811.2611039283,647039.6540442627
2013-01-14,1968349.3449519249,645372.0848749601
2013-01-15,1960482.1187606764,643996.3100580637
2013-01-16,1967722.7012453957,645411.1062369596
2013-01-17,1988265.343368852,649248.1606718224
2013-01-18,1986173.5065469767,648996.5413183382
2013-01-22,1995504.1946715435,650765.5790394825
2013-01-23,2007278.0904343105,652952.9263959659
2013-01-24,1980307.0842156785,648146.3768795821
2013-01-25,2002123.146653876,652164.1091586833
2013-01-28,2006962.898933418,653130.0388545676
2013-01-29,2005912.9873515824,653013.0427246725
2013-01-30,1992549.474111169,650678.4316056401
2013-01-31,1992059.6345001776,650656.6149337259
2013-02-01,2034596.1109449505,658327.7148138111
2013-02-04,1978562.2420772735,648418.0135091183
2013-02-05,2024813.2244503305,656801.7852425593
2013-02-06,2020587.9925638863,656175.4248732829
2013-02-07,2016411.120852108,655497.2606139362
2013-02-08,2049859.057047471,661464.9598962269
2013-02-11,2047370.9236087436,661093.3993264007
2013-02-12,2040582.0519736395,659967.9644930894
2013-02-13,2052531.9109592317,662135.574390152
2013-02-14,2054291.444332184,662520.0179731527
2013-02-15,2046160.7640347187,661162.5827900829
2013-02-19,2071557.9131974825,665644.0421506366
2013-02-20,2012608.0310336463,655473.0001118452
2013-02-21,1974189.9067147751,648669.6038422383
2013-02-22,2008903.274141428,654967.7443969037
2013-02-25,1956049.318523049,645543.5465195458
2013-02-26,1970924.5693530063,648334.759518387
2013-02-27,2008252.7914143808,655105.6692962474
2013-02-28,2005568.167641359,654692.4239083894
2013-03-01,2016424.3829146489,656686.4829694901
2013-03-04,2030560.1325075703,659248.2901464968
2013-03-05,2080432.7971762165,667986.1721171649
2013-03-06,2078043.006031178,667637.4823348391
2013-03-07,2089489.024206228,669667.2429603243
2013-03-08,2104013.13681135,672227.526573367
2013-03-11,2114140.6741492045,674004.7163714506
2013-03-12,2100834.568212745,671834.7614614535
2013-03-13,2104008.3378244312,672430.9501352308
2013-03-14,2120760.040491208,675308.5329475228
2013-03-15,2108058.219269507,673281.4718120261
2013-03-18,2093739.847797599,670918.5883621102
2013-03-19,2083117.6473956,669175.2008331906
2013-03-20,2113609.584052717,674390.5701752816
2013-03-21,2074533.7541828668,667860.023139363
2013-03-22,2101637.2566603194,672518.1385709292
2013-03-25,2089509.1280420264,670523.8602738675
2013-03-26,2110365.284813556,674100.4080439683
2013-03-27,2115145.6088195145,674953.7858764215
2013-03-28,2128324.442996472,677249.7413581676
2013-04-01,2092936.570337755,671389.8208525458
2013-04-02,2112030.0179825416,674657.9453346287
2013-04-03,2067140.9784454468,667158.1391564773
2013-04-04,2074685.9043338364,668496.4592857708
2013-04-05,2048687.8150934132,664134.5005207198
2013-04-08,2070747.812526824,667962.3904639365
2013-04-09,2089439.8701772585,671214.2209868783
2013-04-10,2162912.056512799,683541.833774825
2013-04-11,2166324.235727526,684161.3526957495
2013-04-12,2159298.8833894813,683097.5570384972
2013-04-15,2060816.379834749,666847.7752149728
2013-04-16,2119515.982390902,676844.0909594501
2013-04-17,2045022.3413107812,664428.9210615545
2013-04-18,1998685.717140181,656501.9107080286
2013-04-19,2045573.4278977315,664748.7892314952
2013-04-22,2078797.377188705,670464.4280002223
2013-04-23,2122737.29307109,677899.2457984689
2013-04-24,2122939.8302588924,677981.7021659245
2013-04-25,2148194.828933495,682215.4849532448
2013-04-26,2134465.981241394,680006.7491211604
2013-04-29,2169023.3343894165,685779.4195553395
2013-04-30,2196640.814486016,690310.2142168435
2013-05-01,2158433.624830651,684175.8540669173
2013-05-02,2211168.964074246,692796.4176849922
2013-05-03,2260318.675624693,700695.589867296
2013-05-06,2279026.872297421,703686.2704530717
2013-05-07,2283678.367823783,704462.0737227816
2013-05-08,2305403.985001288,707930.0160602804
2013-05-09,2299830.443451578,707096.4898843532
2013-05-10,2336221.549157284,712798.4704963089
2013-05-13,2339079.6763537964,713273.8210736696
2013-05-14,2371041.8374199737,718231.5623016414
2013-05-15,2383167.740514317,720117.5634460528
2013-05-16,2374366.3765823888,718811.2804664519
2013-05-17,2420124.519923928,725825.1659570123
2013-05-20,2416540.805360388,725315.5426510067
2013-05-21,2424179.562752381,726513.2103888061
2013-05-22,2370731.8139541545,718477.3029646184
2013-05-23,2365264.4717326025,717689.459632286
2013-05-24,2364797.7429143083,717648.452744124
2013-05-28,2405127.229339938,723837.6061176381
2013-05-29,2375775.323499553,719421.2473624684
2013-05-30,2408086.5767653496,724372.12108804
2013-05-31,2359487.7915810244,717046.6509917685
2013-06-03,2372219.8145815567,719026.5664701243
2013-06-04,2344791.4243060574,714871.0578300944
2013-06-05,2285432.0462711453,705803.9816460898
2013-06-06,2315450.4137297818,710504.0550228345
2013-06-07,2376116.6644337834,719893.9109077294
2013-06-10,2382186.423366792,720855.2267231604
2013-06-11,2331878.4102151743,713231.7175391077
2013-06-12,2282561.7434238675,705670.1087449491
2013-06-13,2342420.9469161,715010.9908001773
2013-06-14,2312850.623178913,710503.8797951979
2013-06-17,2351192.7196459016,716449.9961608122
2013-06-18,2391912.8087451207,722703.5977581801
2013-06-19,2338497.391501416,714630.7657933368
2013-06-20,2232385.033981861,698342.7634934459
2013-06-21,2222550.0384096694,696825.5926821962
2013-06-24,2174590.5464474903,689268.3781017787
2013-06-25,2209614.455609829,694915.9611146796
2013-06-26,2246676.27814205,700812.934136442
2013-06-27,2280514.0280486518,706151.8265319203
2013-06-28,2282302.885812668,706457.1510002533
2013-07-01,2323995.209567596,712958.865112644
2013-07-02,2322460.7854454583,712749.5511723207
2013-07-03,2336207.818773953,714898.504862079
2013-07-05,2384521.794653202,722328.8377111631
2013-07-08,2391932.4595006136,723477.5115607334
2013-07-09,2418528.04848776,727528.5403791999
2013-07-10,2441233.0767586166,730971.4704281542
2013-07-11,2520938.165779652,742935.1948635895
2013-07-12,2551573.250493378,747474.9054520575
2013-07-15,2562034.6333777807,749031.2025161615
2013-07-16,2549230.378892466,747182.4248446063
2013-07-17,2565479.9664019863,749588.0425765696
2013-07-18,2567261.2691908083,749871.677904015
2013-07-19,2533578.1446399526,744974.5423235802
2013-07-22,2551586.348204274,747646.0282169691
2013-07-23,2521620.497069878,743278.1406316357
2013-07-24,2522047.185494163,743364.3823925903
2013-07-25,2558063.462421896,748696.2445448257
2013-07-26,2569335.7451754715,750369.208719481
2013-07-29,2549362.4186336463,747475.4429462055
2013-07-30,2573874.516363193,751092.3798332491
2013-07-31,2587928.842536507,753166.3908235903
2013-08-01,2658356.564551431,763438.0282727858
2013-08-02,2678354.1724003674,766332.8210363353
2013-08-05,2683196.684555771,767048.9151759412
2013-08-06,2643665.6030058027,761421.7356167866
2013-08-07,2626668.6670060875,758997.1781763231
2013-08-08,2648357.335770133,762153.8640638023
2013-08-09,2635315.801807222,760300.4409603784
2013-08-12,2649450.542257383,762362.5358336231
2013-08-13,2670337.114216564,765390.7081256496
2013-08-14,2648313.0514398464,762257.5932660967
2013-08-15,2557121.7592450297,749156.9223496438
2013-08-16,2552351.1385137425,748480.8696198817
2013-08-19,2532920.7644374315,745654.5926559658
2013-08-20,2567467.6622049264,750762.3655540675
2013-08-21,2547824.0947201243,747913.1316714697
2013-08-22,2602883.0469919457,756017.1664730452
2013-08-23,2630145.980004528,759999.4472874644
2013-08-26,2629795.157457988,759971.8379719508
2013-08-27,2516087.0340193165,743564.8716994349
2013-08-28,2536908.177933593,746664.0520672023
2013-08-29,2574928.168992392,752281.7739012063
2013-08-30,2531608.101890994,745976.4849064301
2013-09-03,2563647.728727821,750719.6255625624
2013-09-04,2615318.263840712,758307.8337052646
2013-09-05,2629245.575915142,760349.958221538
2013-09-06,2630978.8976316005,760623.6703802277
2013-09-09,2697322.4436896164,770236.8185533138
2013-09-10,2730532.715643905,775001.8986324259
2013-09-11,2724624.389758721,774186.9510860397
2013-09-12,2711364.20268805,772326.5488139746
2013-09-13,2720390.914900128,773635.6147364988
2013-09-16,2714026.289217756,772754.1013033052
2013-09-17,2754651.4702484985,778561.0844620235
2013-09-18,2810418.75417504,786465.6141850257
2013-09-19,2818909.071334033,787677.451235826
2013-09-20,2797076.1144824745,784651.01123493
2013-09-23,2783049.486943169,782707.4180580017
2013-09-24,2787388.650862902,783341.3540609598
2013-09-25,2776774.5302123013,781873.6880062764
2013-09-26,2815616.1610916327,787365.8633422658
2013-09-27,2806896.484575411,786170.5695724741
2013-09-30,2791851.2130195918,784087.455429447
2013-10-01,2860657.1196327764,793773.4343235501
2013-10-02,2856182.9667714303,793176.9458757908
2013-10-03,2795232.914255803,784738.1076814075
2013-10-04,2844681.19507079,791703.1800577381
2013-10-07,2788806.128943844,783952.0765870092
2013-10-08,2677005.886807388,768262.1323408523
2013-10-09,2652263.3110087537,764735.2255748619
2013-10-10,2771896.570034593,782005.7049691114
2013-10-11,2817733.928375423,788495.4028416362
2013-10-14,2852487.6639865898,793382.1196696872
2013-10-15,2820644.1897528525,788977.939053904
2013-10-16,2888140.714746037,798441.9593004772
2013-10-17,2923787.573195356,803393.738546788
2013-10-18,3001142.807628282,814046.061352899
2013-10-21,3009950.2535637966,815265.4244044076
2013-10-22,3024529.2448356287,817264.7445857759
2013-10-23,2989852.6343755964,812604.6947149619
2013-10-24,3023314.408875353,817176.7710031392
2013-10-25,3045435.2948993845,820191.2861639127
2013-10-28,3040404.8363390425,819538.950431061
2013-10-29,3049145.7553433194,822098.160925955
2013-10-30,3024053.82404396,817599.9180126275
2013-10-31,3011083.1778426077,815349.9863153637
2013-11-01,3011866.966192929,815854.0855697788
2013-11-04,3026179.60991892,818900.1796106234
2013-11-05,3029016.287925816,819599.9155929547
2013-11-06,3019345.17657409,817973.8985080165
2013-11-07,2934305.857634571,802470.0054634138
2013-11-08,2999786.2835707506,815366.6240484302
2013-11-11,2999674.767818882,815502.5535610268
2013-11-12,2999098.5727703813,815548.9920840993
2013-11-13,3050443.6845184774,825068.1178577773
2013-11-14,3056788.191660835,826577.4347407421
2013-11-15,3071593.9994182247,829349.7753713261
2013-11-18,3028078.2116089766,821691.8609127703
2013-11-19,3004615.3589541903,818065.9952699335
2013-11-20,2992348.026445118,815946.4331381195
2013-11-21,3047147.509005859,825930.8939151004
2013-11-22,3072220.784554262,830630.4353207415
2013-11-25,3075038.7388550634,831257.8754398336
2013-11-26,3102475.7336173933,836101.3405300996
2013-11-27,3135084.934515339,841739.9985465922
2013-11-29,3153366.352505732,844910.7546439482
2013-12-02,3134266.7909927145,841886.2211809471
2013-12-03,3123509.7361098924,840228.8331804557
2013-12-04,3123831.349118544,840415.3461344313
2013-12-05,3116735.9051320893,839430.0881238533
2013-12-06,3153074.552972814,845558.7571885976
2013-12-09,3160281.9041478243,846875.5759604912
2013-12-10,3149149.11341076,845176.4891509596
2013-12-11,3077897.707823394,833398.8870659382
2013-12-12,3070588.983432221,832292.5980043054
2013-12-13,3072654.415246913,832849.4743132008
2013-12-16,3106882.9650330325,838810.2376953779
2013-12-17,3098183.592478421,837614.4999313559
2013-12-18,3155512.296528296,847289.452355295
2013-12-19,3139565.0093275383,844828.1315892854
2013-12-20,3199680.435703658,854549.5581638686
2013-12-23,3257777.7850623187,863763.3303766474
2013-12-24,3266036.5864538727,865141.3051019909
2013-12-26,3281257.7735231253,867610.3401090126
2013-12-27,3266216.871427635,865426.0816585941
2013-12-30,3261982.9511901755,864949.1483952572
2013-12-31,3290773.599127237,869631.5079703308
2014-01-02,3240570.2797292173,862672.8197131816
2014-01-03,3224779.060813452,860369.6858794258
2014-01-06,3199698.5686340965,856594.221304708
2014-01-07,3252964.47988144,864839.7263543888
2014-01-08,3269595.650340616,867448.6204941683
2014-01-09,3256043.8015467213,865507.6649277655
2014-01-10,3281150.1240352406,869376.6441920622
2014-01-13,3196896.2530517303,856616.9927261733
2014-01-14,3292270.6371110543,871157.001236272
2014-01-15,3336771.887075295,877812.887732175
2014-01-16,3341749.948772359,878627.2907317707
2014-01-17,3311243.794930426,874251.6555175416
2014-01-21,3350911.694711842,880141.5999098629
2014-01-22,3375315.922035731,883753.3531299697
2014-01-23,3340157.260217597,878750.5357102364
2014-01-24,3213342.7231383137,859877.479612561
2014-01-27,3153332.209480859,850616.3628183538
2014-01-28,3171754.9352726312,853625.6914025387
2014-01-29,3110500.281366188,843953.5764617053
2014-01-30,3204800.681468145,858909.4910935701
2014-01-31,3178446.0564062973,854919.8790189466
2014-02-03,3041336.272457855,832666.6859817286
2014-02-04,3082615.4647155474,839886.2356038826
2014-02-05,3056242.110093559,835745.8905335884
2014-02-06,3113634.7553502694,845259.6250192494
2014-02-07,3204154.701965504,859600.975730742
2014-02-10,3233707.999259163,864269.6245623735
2014-02-11,3292711.1467929245,873224.2096758549
2014-02-12,3306608.526877068,875378.5999424395
2014-02-13,3362361.384659162,883604.6141210397
2014-02-14,3366738.181252531,884323.6933907226
2014-02-18,3408149.7800966627,890337.402389808
2014-02-19,3356891.709114332,883101.010265882
2014-02-20,3398659.4964849683,889289.9817694931
2014-02-21,3391762.521994973,888448.5179836904
2014-02-24,3434748.793584692,894629.6676934656
2014-02-25,3425677.6188958017,893529.7308037746
2014-02-26,3431900.8487191484,894482.5939319166
2014-02-27,3471539.8649667315,900103.7317242735
2014-02-28,3454879.4653555835,897872.2497327926
2014-03-03,3408432.1800174788,891470.2451543631
2014-03-04,3520183.859914764,907054.1975639766
2014-03-05,3528712.122549382,908326.3369309546
2014-03-06,3519403.157314254,907130.670573266
2014-03-07,3494731.63032094,903836.1574641076
2014-03-10,3491663.6003421764,903488.736780929
2014-03-11,3449985.409104291,897828.0208554812
2014-03-12,3473933.8613155205,901213.78776874
2014-03-13,3379265.799877959,888121.3956890298
2014-03-14,3356747.7328149746,885011.4884056282
2014-03-17,3407226.73436027,892235.0397111842
2014-03-18,3486960.447564804,903380.1370833968
2014-03-19,3447566.738214167,898041.8016454078
2014-03-20,3464754.786787712,900500.2844853493
2014-03-21,3400155.300120409,891661.1803546124
2014-03-24,3325388.429027257,881174.6145818644
2014-03-25,3336376.9424692616,882838.4987971118
2014-03-26,3248505.409920745,870205.7634467492
2014-03-27,3216564.84389012,865566.4105999086
2014-03-28,3222366.4395697075,866531.5176767312
2014-03-31,3282918.1510176733,875566.2805633601
2014-04-01,3383040.84167081,889985.2748600997
2014-04-02,3394827.131560643,891762.2138576886
2014-04-03,3337065.5123633016,883709.2939796885
2014-04-04,3179459.1138039124,860789.550572129
2014-04-07,3113657.380941548,850804.3848182164
2014-04-08,3157946.51997655,857756.6690667939
2014-04-09,3255433.994009454,872565.1747564642
2014-04-10,3077021.428135362,845517.8897599734
2014-04-11,3006581.3874257305,834196.5999711475
2014-04-14,3032821.726058993,839005.0653864637
2014-04-15,3046262.1707693646,841417.3124566453
2014-04-16,3113300.957061511,852297.7627282741
2014-04-17,3124748.613696945,854255.7534949338
2014-04-21,3159418.5378107824,859705.4629673298
2014-04-22,3214438.788529646,868050.7082564186
2014-04-23,3165310.7463967046,860877.0624027207
2014-04-24,3194591.156979765,865355.2178544817
2014-04-25,3093723.399596867,850193.7561429008
2014-04-28,3091493.468075012,849971.9811689714
2014-04-29,3130274.9822892,856071.2241763265
2014-04-30,3144771.0830009286,858390.5783273603
2014-05-01,3161842.918664997,861100.1911659869
2014-05-02,3156015.8965888573,860380.0043100901
2014-05-05,3175014.940063918,863354.7599195164
2014-05-06,3095102.618302312,851420.3735245351
2014-05-07,3076776.572801803,848709.4954821446
2014-05-08,3054401.0780785265,845355.8877431492
2014-05-09,3081160.116569604,849626.2925686105
2014-05-12,3179912.424409047,864667.7231590959
2014-05-13,3160103.459386981,861831.7345261114
2014-05-14,3118305.323526181,855688.2117875379
2014-05-15,3074799.4583627884,849168.8254203455
2014-05-16,3103239.188490621,853633.8823268318
2014-05-19,3151367.172204033,861003.9925927684
2014-05-20,3110481.861189308,854989.2734590679
2014-05-21,3158244.084448666,862240.796875697
2014-05-22,3189793.434821621,867019.5815912458
2014-05-23,3234591.622598353,873608.1258405522
2014-05-27,3309297.3256253176,884327.2011950637
2014-05-28,3291000.732416789,881845.8530460245
2014-05-29,3324543.1626344523,886640.2306201317
2014-05-30,3316143.917841439,885548.8370750031
2014-06-02,3307494.815756518,884438.6382177075
2014-06-03,3302456.519038075,883808.4284458221
2014-06-04,3328305.998929324,887494.9023653163
2014-06-05,3395212.861804465,896823.7962601886
2014-06-06,3433544.401318996,902099.2871356528
2014-06-09,3456132.513189576,905218.7092382134
2014-06-10,3458611.857161303,905607.6247294032
2014-06-11,3448794.0945887137,904362.0408744277
2014-06-12,3395195.6700055045,897222.820084718
2014-06-13,3414850.670399368,899962.3920948126
2014-06-16,3430730.4716796493,902165.5749549188
2014-06-17,3455533.5827796534,905554.675525189
2014-06-18,3495356.82638983,910923.2277573698
2014-06-19,3489527.0239554006,910212.1076970336
2014-06-20,3502737.6445711395,912052.3872643564
2014-06-23,3503557.680349854,912207.7641689146
2014-06-24,3474309.7731832857,908402.04836137
2014-06-25,3520486.6765380222,914564.7465563676
2014-06-26,3519165.167784604,914438.270569591
2014-06-27,3549023.041436468,918402.6639483416
2014-06-30,3565265.836152365,920564.9983369056
2014-07-01,3646184.378929668,931126.5637289892
2014-07-02,3644566.900224345,930956.6206141448
2014-07-03,3690327.933943649,936868.1421855898
2014-07-07,3633896.608881713,929706.0678969292
2014-07-08,3536399.195718802,917182.5660156253
2014-07-09,3580343.043726656,922962.5256749004
2014-07-10,3543475.3623346067,918216.2923556898
2014-07-11,3574179.732944242,922267.185939126
2014-07-14,3614206.860477409,927496.2296295376
2014-07-15,3575178.1219558865,922499.0724581488
2014-07-16,3590494.4484387417,924522.1310342834
2014-07-17,3489570.166267266,911484.6019680488
2014-07-18,3598740.175315546,925857.040742473
2014-07-21,3586578.1863209177,924322.8732188832
2014-07-22,3637061.33537835,930887.6134379716
2014-07-23,3665739.263678793,934603.2654665308
2014-07-24,3663051.0651914096,934293.2807513736
2014-07-25,3626118.837615939,929604.5210362528
2014-07-28,3618470.403078077,928655.1943364056
2014-07-29,3614789.988335065,928215.5879221052
2014-07-30,3647497.844083582,932458.0232502726
2014-07-31,3495688.4543228247,913022.0901602282
2014-08-01,3468269.589924954,909464.7018846376
2014-08-04,3517769.6239362387,916015.903630232
2014-08-05,3468027.871787024,909549.7402293718
2014-08-06,3471421.131640463,910033.179624712
2014-08-07,3439431.281414978,905859.0068934114
2014-08-08,3496151.7458118154,913388.6383249996
2014-08-11,3544627.591479289,919769.3912425954
2014-08-12,3525128.352389561,917266.8522403908
2014-08-13,3597022.2203294705,926667.7040219752
2014-08-14,3627531.958622093,930633.3435346836
2014-08-15,3646875.224601267,933148.7912482728
2014-08-18,3717637.919015007,942237.1945750224
2014-08-19,3749232.245296127,946272.3692342977
2014-08-20,3747469.551075195,946079.6692388532
2014-08-21,3756716.340495689,947276.8557485314
2014-08-22,3767350.2661313135,948647.4954088236
2014-08-25,3798502.313764303,952599.7187249098
2014-08-26,3820600.150460107,955400.3489616284
2014-08-27,3818839.5095439786,955209.882031077
2014-08-28,3798864.589107141,952740.945973808
2014-08-29,3836434.049845063,957481.622856184
2014-09-02,3866399.755052637,961250.486493406
2014-09-03,3823246.08100914,955915.4526547962
2014-09-04,3806019.985736365,953791.2160624586
2014-09-05,3840354.2802355327,958122.618247066
2014-09-08,3856039.27057306,960108.5768577146
2014-09-09,3788813.501985572,951768.6496651274
2014-09-10,3845739.875819151,958947.933536252
2014-09-11,3854559.024649501,960076.8050684596
2014-09-12,3813861.32741414,955037.733853196
2014-09-15,3732482.677932827,944877.7678869125
2014-09-16,3788366.403708048,951980.181046805
2014-09-17,3804008.910089964,953974.693091074
2014-09-18,3856054.436745151,960529.882050973
2014-09-19,3833101.382857858,957700.4696565932
2014-09-22,3745838.3063777257,946828.3865694891
2014-09-23,3714349.683241634,942877.6590575264
2014-09-24,3790964.658932196,952630.7300285656
2014-09-25,3643659.46681,934151.683722
2014-09-26,3717743.631048124,943676.9864402014
2014-09-29,3707246.246305961,942373.5434152768
2014-09-30,3686693.037098251,939790.0491951202
2014-10-01,3569643.768512375,924900.0085104726
2014-10-02,3582689.432025562,926618.3464986626
2014-10-03,3656102.99224629,936140.4158490584
2014-10-06,3622037.726127028,931807.8366444112
2014-10-07,3508810.973180696,917271.9134749786
2014-10-08,3642211.819790951,934736.738546384
2014-10-09,3495042.612889903,915880.5574493784
2014-10-10,3331991.901725992,894544.7147720564
2014-10-13,3234423.750200053,881474.9158867288
2014-10-14,3255120.415924962,884322.07328841
2014-10-15,3236826.227805883,881864.0934006292
2014-10-16,3239962.0263503776,882318.2089628567
2014-10-17,3302990.4040999664,890927.2268906884
2014-10-20,3392345.222129687,903005.4444471007
2014-10-21,3554856.1133186272,924662.3531562886
2014-10-22,3495880.8729136456,917020.5094257264
2014-10-23,3607405.7189833126,931675.8258599518
2014-10-24,3657472.903997655,938169.6582603366
2014-10-27,3661028.9882832337,938654.4059081376
2014-10-28,3788880.706371535,955073.093604742
2014-10-29,3763965.3136895904,951944.5313477762
2014-10-30,3783710.1961496687,955505.7143847845
2014-10-31,3865363.702385049,969046.6134633126
2014-11-03,3875155.650971357,970779.355455104
2014-11-04,3854520.1373511273,967606.9299482324
2014-11-05,3849928.4468947942,967018.904942814
2014-11-06,3872091.386526587,970756.6283758862
2014-11-07,3860794.503947238,969536.5059871384
2014-11-10,3883429.620197485,973554.9824859012
2014-11-11,3894463.7651786143,975449.2361600654
2014-11-12,3913129.978985242,978524.0527727946
2014-11-13,3918262.892548008,979593.869383395
2014-11-14,3928809.524013903,981375.3653663654
2014-11-17,3904426.867319625,977727.3620862898
2014-11-18,3945612.839380948,984331.6070499972
2014-11-19,3908561.5216639647,978759.828062926
2014-11-20,3943226.968370225,984259.2007963388
2014-11-21,3956854.4424252775,986606.2584755364
2014-11-24,4014498.605358352,995405.2039394764
2014-11-25,4018508.530214092,996132.2695036988
2014-11-26,4059082.284619472,1002241.7096251992
2014-11-28,4064359.871190952,1003167.8979686404
2014-12-01,3972701.2155682063,989734.270853987
2014-12-02,4011787.183628876,995716.3112336048
2014-12-03,4037530.773244233,999646.865699285
2014-12-04,4029637.317615058,998617.4615694986
2014-12-05,4045071.6889173584,1001011.364283952
2014-12-08,3987403.759296255,992645.2449569018
2014-12-09,4023139.9876633855,998066.96828656
2014-12-10,3908333.649603553,980826.2126005362
2014-12-11,3939302.606297176,985904.4711719238
2014-12-12,3864848.91202197,974502.8864811842
2014-12-15,3800735.902553781,964382.3589732444
2014-12-16,3727439.752343838,952399.6324674626
2014-12-17,3851544.0711652967,972626.9988773656
2014-12-18,3993062.5783139006,994449.0010689824
2014-12-19,4016199.970246472,998028.7657318942
2014-12-22,4037679.286975256,1001411.845056318
2014-12-23,4013576.020971994,998084.6774533428
2014-12-24,4024281.465349014,999794.5202912752
2014-12-26,4071660.046340364,1006811.7251200046
2014-12-29,4070954.832646063,1006846.230846225
2014-12-30,4027733.614328109,1000697.4283967686
2014-12-31,3968319.846237601,992051.5477618424
2015-01-02,3954323.948030577,990139.7356002132
2015-01-05,3852630.360292708,974611.97549706
2015-01-06,3773750.194358796,962102.185456679
2015-01-07,3848181.904395534,974218.5570194536
2015-01-08,3964983.6664886503,992199.0224940084
2015-01-09,3919660.4264399926,985493.7039721784
2015-01-12,3865384.326465896,977271.351421089
2015-01-13,3858901.5000678273,976622.122913338
2015-01-14,3826976.9479499874,971998.4487893682
2015-01-15,3737492.4640958,957669.9417417472
2015-01-16,3819224.866053313,971009.7324705768
2015-01-20,3845434.829466613,975321.835031754
2015-01-21,3861261.981528892,977978.7881994424
2015-01-22,3975550.627840392,995389.1228068548
2015-01-23,3985178.415262784,996980.1624246128
2015-01-26,4001821.594968491,999912.3315678
2015-01-27,3874447.04199681,981022.392896799
2015-01-28,3815142.551595378,971928.1484393552
2015-01-29,3874834.322555108,981469.399443556
2015-01-30,3807710.772481032,971398.1352797174
2015-02-02,3862591.659610736,980107.7969921147
2015-02-03,3928943.5171685615,990829.8943674208
2015-02-04,3912346.845701692,988539.7372959972
2015-02-05,3980205.596471401,998707.066176994
2015-02-06,3949310.9044662695,994392.3355661464
2015-02-09,3921219.749465493,990561.5702581533
2015-02-10,4008945.136926286,1003502.7494327804
2015-02-11,4027635.843153888,1006364.672374066
2015-02-12,4111042.6514712377,1018216.7344241076
2015-02-13,4165258.026042345,1025835.241821812
2015-02-17,4172975.700929279,1026997.9271948368
2015-02-18,4183148.0899041374,1028508.571307326
2015-02-19,4210727.649931887,1032377.6998736426
2015-02-20,4259048.723686699,1038957.4957515142
2015-02-23,4266375.644860223,1040030.4206271584
2015-02-24,4277022.61812717,1041554.1069787951
2015-02-25,4274892.010194065,1041373.4554022372
2015-02-26,4307443.078089657,1045748.5398340188
2015-02-27,4267883.038164867,1040666.108379349
2015-03-02,4338647.377118285,1050035.609690641
2015-03-03,4292534.199696954,1044147.9473127268
2015-03-04,4270752.73273891,1041497.4363146916
2015-03-05,4295266.460615282,1044807.8636336596
2015-03-06,4206511.248275737,1033207.9567947664
2015-03-09,4229617.177457288,1036392.510858188
2015-03-10,4100340.789591939,1019086.123503327
2015-03-11,4084524.990039238,1017044.845993698
2015-03-12,4150340.200483062,1026159.6880203424
2015-03-13,4115710.882214607,1021669.0602814988
2015-03-16,4204806.815722082,1033804.2842750108
2015-03-17,4216561.637590367,1035489.9469904668
2015-03-18,4287955.92733282,1045035.9802054964
2015-03-19,4302726.623523464,1047063.7176901184
2015-03-20,4357520.890480244,1054227.946206987
2015-03-23,4331509.225617451,1051012.6664094967
2015-03-24,4304206.169791948,1047631.4256054716
2015-03-25,4115560.756178112,1022862.1420189864
2015-03-26,4093941.9016721314,1020126.1205386394
2015-03-27,4136305.298433656,1025994.3264560984
2015-03-30,4224123.872983433,1037811.5423676393
2015-03-31,4149658.2576214727,1028069.4703974776
2015-04-01,4116097.379482497,1023762.1680976432
2015-04-02,4125931.996966361,1025194.1418375795
2015-04-06,4172714.7237849887,1031591.7168966492
2015-04-07,4159030.411018749,1030128.9187520712
2015-04-08,4222651.455783724,1038668.8862562372
2015-04-09,4260287.787445565,1043674.2547607129
2015-04-10,4294066.210347137,1048193.0535094044
2015-04-13,4278789.153587354,1046596.2041820432
2015-04-14,4260012.194563786,1044321.5885299196
2015-04-15,4314822.149278835,1051423.5869722022
2015-04-16,4309082.594271897,1050770.8990386268
2015-04-17,4184058.593457368,1034853.245723163
2015-04-20,4285332.069830042,1048053.2659201538
2015-04-21,4316986.082986706,1052170.046399489
2015-04-22,4351410.987277399,1056616.4373891924
2015-04-23,4385810.637395353,1061025.332151517
2015-04-24,4446099.907427159,1068609.475041451
2015-04-27,4391355.748693582,1061955.1482553296
2015-04-28,4382887.213861946,1060966.782127285
2015-04-29,4329178.289058003,1054322.5089759442
2015-04-30,4192979.9735691543,1037091.8728582956
2015-05-01,4296929.160231091,1050542.4615130369
2015-05-04,4315675.325186291,1052989.5236020854
2015-05-05,4187310.513705337,1036727.3260731576
2015-05-06,4154638.5953631233,1032619.2430660892
2015-05-07,4195994.681407263,1038080.1491339912
2015-05-08,4290410.537180111,1050281.2476190496
2015-05-11,4273485.1854338255,1048211.3843236982
2015-05-12,4243984.907665655,1044588.09175542
2015-05-13,4252636.116704881,1045767.5077575318
2015-05-14,4366849.705376936,1060300.1042382838
2015-05-15,4362215.255378043,1059798.481486324
2015-05-18,4412777.744410516,1066153.1492006264
2015-05-19,4398131.763860703,1064412.9296621897
2015-05-20,4400675.3874345,1064797.368205536
2015-05-21,4432723.9097983455,1068822.1725775015
2015-05-22,4429988.16256482,1068547.3522840189
2015-05-26,4333309.995894425,1056687.149887745
2015-05-27,4457606.66261464,1072215.8835013758
2015-05-28,4442568.291344089,1070433.624387442
2015-05-29,4394482.580570426,1064590.3493564958
2015-06-01,4416153.652631869,1067324.4838622664
2015-06-02,4404945.279407628,1066003.878113566
2015-06-03,4443445.630362872,1070798.0587174378
2015-06-04,4374505.972817113,1062400.7991205514
2015-06-05,4390023.922467287,1064387.434933702
2015-06-08,4310186.397999737,1054578.3609001734
2015-06-09,4296843.295318969,1052973.8633657214
2015-06-10,4402383.084314701,1066191.8632781566
2015-06-11,4412072.830879097,1067439.5115918608
2015-06-12,4358108.779133989,1060868.2015424436
2015-06-15,4322012.900078332,1056455.6110595348
2015-06-16,4364991.777862023,1061853.301790581
2015-06-17,4380611.438186812,1063838.2470844658
2015-06-18,4496766.986928054,1078161.2111805864
2015-06-19,4468908.360040625,1074836.5897010174
2015-06-22,4532681.571964702,1082627.8522704295
2015-06-23,4543170.324566721,1083939.1004060549
2015-06-24,4477219.358668401,1076049.835717759
2015-06-25,4459309.661314434,1073928.5250799195
2015-06-26,4404415.42614593,1067298.9734514805
2015-06-29,4196055.960249508,1041686.6652450082
2015-06-30,4242931.772187812,1047677.78318492
2015-07-01,4286548.148975299,1053217.5179652383
2015-07-02,4279704.372116011,1052421.1011786328
2015-07-06,4250360.0415893,1048817.7756828072
2015-07-07,4259323.859594242,1050002.516016291
2015-07-08,4112213.085421104,1031601.0701510604
2015-07-09,4132609.442417502,1034281.4806743866
2015-07-10,4256793.535540708,1050128.0022576742
2015-07-13,4381001.911028922,1065662.0381785997
2015-07-14,4438031.863272855,1072701.534282067
2015-07-15,4427570.49864004,1071476.7474674506
2015-07-16,4538362.282585114,1085001.5190914304
2015-07-17,4620420.222903496,1094895.6172161812
2015-07-20,4635677.605503258,1096754.1110359535
2015-07-21,4616529.7483080905,1094523.2445460828
2015-07-22,4552161.620317214,1086910.0747417137
2015-07-23,4507546.221003838,1081606.271299095
2015-07-24,4406653.0210395465,1069488.5093775515
2015-07-27,4322388.523871488,1059247.0411646038
2015-07-28,4406552.36644622,1069661.3596009384
2015-07-29,4445242.439416406,1074420.1350385095
2015-07-30,4474655.640319386,1078029.3669222405
2015-07-31,4473593.508673131,1077949.9382017131
2015-08-03,4451024.981953893,1075264.0806088918
2015-08-04,4433837.85489917,1073223.378133835
2015-08-05,4493300.473967186,1080477.98575028
2015-08-06,4347620.574130897,1062950.9942956627
2015-08-07,4325378.7118647685,1060264.520414277
2015-08-10,4424888.308588895,1072537.265963836
2015-08-11,4312327.239063034,1058895.9792964251
2015-08-12,4325165.843462819,1060518.9771533257
2015-08-13,4306511.293937985,1058267.3411898927
2015-08-14,4331437.251817941,1061378.932235726
2015-08-17,4405753.678702952,1070541.5430659542
2015-08-18,4349758.886505867,1063765.3505636516
2015-08-19,4280503.218782316,1055317.2470491142
2015-08-20,4040062.139893748,1025577.7245933312
2015-08-21,3760142.285829264,989551.7375248492
2015-08-24,3485854.622829852,951770.361631602
2015-08-25,3456773.508717249,947637.9807374188
2015-08-26,3735365.076425648,987835.0566860758
2015-08-27,3914541.88470472,1012077.3986237244
2015-08-28,3939308.43488218,1015384.1347896474
2015-08-31,3855595.693659935,1004512.778940468
2015-09-01,3634280.1938971938,975008.1671985594
2015-09-02,3807695.408158937,998981.2131066445
2015-09-03,3781350.4698764617,995539.0488436588
2015-09-04,3703390.971479525,985135.1818959414
2015-09-08,3902245.9811662654,1012082.1133170178
2015-09-09,3813134.303090228,1000453.974842987
2015-09-10,3875764.528190371,1008832.2570664173
2015-09-11,3917326.805808168,1014343.954954894
2015-09-14,3890342.7446748754,1010880.6076990198
2015-09-15,3978288.912376167,1022423.3708194336
2015-09-16,4024975.094691028,1028489.0881504673
2015-09-17,4032568.820462007,1029504.3523023864
2015-09-18,3922802.495907676,1015493.4228316228
2015-09-21,3925424.008315712,1015879.4789416838
2015-09-22,3808307.970613579,1000708.447721304
2015-09-23,3801760.769615695,999894.9744827184
2015-09-24,3772481.143772442,996077.1374830508
2015-09-25,3696196.021730176,986006.4479264036
2015-09-28,3473938.875471208,956042.6657223112
2015-09-29,3433551.011627994,950458.2372902088
2015-09-30,3586999.506319725,972118.7951586604
2015-10-01,3597346.7838366576,973597.947971332
2015-10-02,3722112.883151189,990601.3989028056
2015-10-05,3838032.016082421,1006086.4919352552
2015-10-06,3785163.9904973465,999187.5538834787
2015-10-07,3853267.326512781,1008215.5635606928
2015-10-08,3884783.384040618,1012372.4995999156
2015-10-09,3916502.150539779,1016538.0583509752
2015-10-12,3929690.006234493,1018281.5635176704
2015-10-13,3861362.712464714,1009460.6263355612
2015-10-14,3839151.569201884,1006588.8780443468
2015-10-15,3979164.0457625263,1024975.301520159
2015-10-16,4006215.391539041,1028491.2520193076
2015-10-19,4036949.525466037,1032468.384164971
2015-10-20,3996565.774420583,1027336.3814837504
2015-10-21,3929610.516733186,1018762.7989310524
2015-10-22,4059339.9050970143,1035610.8922384166
2015-10-23,4243780.48178915,1059170.2127310524
2015-10-26,4248509.142636339,1059793.300478279
2015-10-27,4240767.275171092,1058860.7070057415
2015-10-28,4351214.660053357,1072682.2805975822
2015-10-29,4315642.209552578,1068198.7608559958
2015-10-30,4287885.709284952,1063904.4675091642
2015-11-02,4383417.733888079,1079381.7865012812
2015-11-03,4406877.635448677,1083192.681314355
2015-11-04,4402294.890042501,1082660.5936053712
2015-11-05,4381430.59017051,1079583.1715535636
2015-11-06,4406769.683778375,1083689.0738957257
2015-11-09,4336252.156890517,1072804.48240155
2015-11-10,4319275.083698343,1070290.9086140953
2015-11-11,4297003.070598495,1066901.178661627
2015-11-12,4216443.909745777,1053884.636054078
2015-11-13,4120245.865242996,1037654.2244435288
2015-11-16,4189445.051733404,1049626.6129269188
2015-11-17,4190122.0757096857,1049946.3857294277
2015-11-18,4304041.192235078,1068750.7721957169
2015-11-19,4300830.7018699385,1068447.6968578033
2015-11-20,4341222.414330588,1075060.283286317
2015-11-23,4336998.501009565,1074572.045435476
2015-11-24,4336085.682576829,1074667.144274979
2015-11-25,4353012.255255169,1077500.0861292712
2015-11-27,4367242.337871582,1079922.43535095
2015-11-30,4340933.801066263,1075978.0719462042
2015-12-01,4402001.943925088,1086037.5629351642
2015-12-02,4355807.717382829,1079093.9383664462
2015-12-03,4241713.847641636,1061070.822054057
2015-12-04,4380539.420761317,1083157.852290666
2015-12-07,4324996.445550407,1074661.2335221593
2015-12-08,4318848.758955603,1073934.861751517
2015-12-09,4219343.5581979295,1058083.8560539044
2015-12-10,4245432.56340314,1062806.5745989145
2015-12-11,4104396.01058782,1039301.4167476386
2015-12-14,4125568.5706314,1043278.1572972024
2015-12-15,4177851.798319155,1052389.098836359
2015-12-16,4274026.193972725,1068376.8780771545
2015-12-17,4182280.947922433,1053953.983305673
2015-12-18,4080314.6565407855,1037236.128725408
2015-12-21,4135722.001613372,1046918.7506177466
2015-12-22,4175194.215304664,1053725.8862194612
2015-12-23,4231836.786799152,1063194.543418995
2015-12-24,4234148.921372039,1063759.270573562
2015-12-28,4223136.908793376,1062204.2852185136
2015-12-29,4310838.98955282,1076336.777436955
2015-12-30,4253702.745220919,1067493.30124338
2015-12-31,4176697.953327269,1055204.0529314943
2016-01-04,4045592.457931392,1033245.913410277
2016-01-05,4029154.6071966216,1030813.4303658276
2016-01-06,3962152.8732673777,1019106.0660226936
2016-01-07,3802383.895707191,988292.286406804
2016-01-08,3753119.531443603,978663.4554685652
2016-01-11,3746098.759379745,977498.1786545306
2016-01-12,3793155.8500486407,987623.0653752588
2016-01-13,3640920.723287717,953953.8814793678
2016-01-14,3723269.793867386,972722.3915023828
2016-01-15,3606868.1833578567,946065.7517087688
2016-01-19,3594806.219979576,943670.696805868
2016-01-20,3575951.9250067035,942584.3863549278
2016-01-21,3570413.9264194407,942684.845582674
2016-01-22,3710873.813069674,967817.1342020752
2016-01-25,3622796.5131240473,952517.1955575962
2016-01-26,3680986.208145759,962907.1644043196
2016-01-27,3561727.928444383,941954.56834433
2016-01-28,3605431.4003362767,950095.5119669102
2016-01-29,3734077.686175616,972732.7320952888
2016-02-01,3740504.955618445,974109.3678112484
2016-02-02,3614524.006372312,952328.6118220752
2016-02-03,3598383.956368288,949671.5889656089
2016-02-04,3603864.691597642,950815.8290715874
2016-02-05,3438706.569808378,919966.6357904376
2016-02-08,3354925.792840538,903249.1560335048
2016-02-09,3338835.2322161715,900109.8994217673
2016-02-10,3352366.731272979,903258.3981569624
2016-02-11,3334497.2251726226,899747.9185868093
2016-02-12,3406584.8200092087,914671.4976567038
2016-02-16,3513548.7898211027,935453.9406446542
2016-02-17,3626339.0643702312,956163.5332923916
2016-02-18,3571188.18606786,946375.9424415736
2016-02-19,3589961.834077305,949960.4309542652
2016-02-22,3667669.321308007,963939.994112645
2016-02-23,3587472.4860528726,949826.3872221428
2016-02-24,3632670.053440468,958080.5688421504
2016-02-25,3679503.302952234,966453.3660798216
2016-02-26,3688735.190593521,968220.6455383968
2016-02-29,3648581.6241553584,961384.5853288436
2016-03-01,3810822.367541008,989175.7004843324
2016-03-02,3827681.621030157,992114.2629523432
2016-03-03,3832080.9873614446,992981.6233442604
2016-03-04,3843699.826902905,995030.3072331127
2016-03-07,3831283.885118358,993204.0094140064
2016-03-08,3754968.549125042,980690.8783113086
2016-03-09,3785552.934415885,986106.2452640329
2016-03-10,3769338.5098997625,983551.8529123168
2016-03-11,3879325.800076152,1001783.65817261
2016-03-14,3880935.6537163258,1002189.2747929426
2016-03-15,3851545.602464654,997654.000098861
2016-03-16,3897079.357017046,1005125.4037531128
2016-03-17,3910716.501258698,1007474.392160239
2016-03-18,3937552.173766815,1011857.3595404708
2016-03-21,3954483.800085114,1014670.8484310976
2016-03-22,3971054.515448072,1017393.703518105
2016-03-23,3899480.404866559,1006276.8090006702
2016-03-24,3903307.073175105,1007279.882918974
2016-03-28,3893680.3351000887,1005887.9636747608
2016-03-29,4000328.162635676,1022757.6552956532
2016-03-30,4030494.076834677,1027565.9252718776
2016-03-31,4030388.162327648,1027708.5802518312
2016-04-01,4091894.3152231006,1037164.189130865
2016-04-04,4059367.131504484,1032389.7860303444
2016-04-05,3992302.360048372,1022311.7219222808
2016-04-06,4098140.0225490974,1038542.604516868
2016-04-07,3996384.9451528415,1023297.4818671754
2016-04-08,3998843.631795984,1023811.468424572
2016-04-11,3974430.683364845,1020186.5206691755
2016-04-12,4026915.84853422,1028377.1031870784
2016-04-13,4131826.7306744223,1044301.89602898
2016-04-14,4128920.8625134574,1044003.8531547864
2016-04-15,4117383.4426383222,1042409.7039477648
2016-04-18,4147310.6022544745,1047036.247524206
2016-04-19,4118187.947987708,1042904.7255163802
2016-04-20,4128655.926650295,1044576.09700227
2016-04-21,4124804.0432930742,1044128.1457474504
2016-04-22,4067814.947369583,1035780.3400995226
2016-04-25,4052379.889673179,1033600.9699063186
2016-04-26,4041125.912488304,1032040.0119227906
2016-04-27,4005414.19361817,1026756.9660388128
2016-04-28,3925132.2014319273,1014567.4954758688
2016-04-29,3883374.092447157,1008272.3280923011
2016-05-02,3939292.272908639,1017212.7978254756
2016-05-03,3865075.651690185,1005757.1103924214
2016-05-04,3813923.826861583,997845.99854694
2016-05-05,3801939.573137408,996064.3134210472
2016-05-06,3826209.796634644,1000114.931068662
2016-05-09,3843753.373600146,1003105.5812277714
2016-05-10,3923229.148134012,1015730.0091239102
2016-05-11,3856004.452543199,1005366.4702242538
2016-05-12,3824201.578857243,1000457.2521212024
2016-05-13,3797062.12608653,996331.2904861572
2016-05-16,3873015.5987928766,1008557.5795493464
2016-05-17,3792651.2872952046,995966.8656530384
2016-05-18,3822745.8662355994,1000930.599306094
2016-05-19,3786922.140298018,995338.3933434044
2016-05-20,3861715.218788511,1007407.5161652524
2016-05-23,3855931.446957688,1006633.0477299374
2016-05-24,3984782.8034717785,1026782.215331742
2016-05-25,4031051.354624383,1033952.4542154408
2016-05-26,4040138.154328543,1035430.3165389636
2016-05-27,4084569.282926038,1042157.4839558788
2016-05-31,4104830.469178837,1045255.8125521349
2016-06-01,4110247.413564405,1046167.9741251642
2016-06-02,4137255.521380228,1050229.861422422
2016-06-03,4094783.697109744,1044162.2753433078
2016-06-06,4131994.178219907,1049720.0524942176
2016-06-07,4121155.230862092,1048274.6419175024
2016-06-08,4139288.310086912,1051022.9148806003
2016-06-09,4115133.6271861033,1047663.2908669031
2016-06-10,4022316.255009137,1034151.3816599636
2016-06-13,3956616.956427332,1024433.6213097392
2016-06-14,3949115.0974117527,1023424.7687950257
2016-06-15,3936413.64624829,1021627.8392595684
2016-06-16,3949638.8738554814,1023763.0117370654
2016-06-17,3886821.200433784,1014367.3273181908
2016-06-20,3936970.334169977,1022182.5611043068
2016-06-21,3945335.903941058,1023590.9809689536
2016-06-22,3930123.308792914,1021409.1672391976
2016-06-23,4037174.555220182,1037646.5105969948
2016-06-24,3755586.057960941,994969.5453876894
2016-06-27,3608527.589064757,970998.0436727968
2016-06-28,3730245.361910644,991612.249135908
2016-06-29,3845123.707648419,1010103.3271379884
2016-06-30,3931024.284930591,1023531.2950061412
2016-07-01,3958012.237367159,1027761.644794416
2016-07-05,3902067.229245945,1019401.4081222132
2016-07-06,3951625.822637017,1027089.8970964636
2016-07-07,3975188.702091356,1030845.0449473456
2016-07-08,4088227.813406044,1047769.1109719528
2016-07-11,4133656.09921666,1054532.9900729214
2016-07-12,4183051.062157779,1061783.2349266151
2016-07-13,4157138.548611831,1058195.8615889254
2016-07-14,4198479.8121968405,1064209.9477688218
2016-07-15,4191086.10656388,1063290.274112574
2016-07-18,4229504.858962525,1068852.3263137997
2016-07-19,4199894.474604689,1064774.3391820954
2016-07-20,4279632.785213493,1076123.1986905343
2016-07-21,4254794.024058267,1072759.6682603818
2016-07-22,4294008.064639936,1078337.338068931
2016-07-25,4289539.514619364,1077828.0318571338
2016-07-26,4307888.721636235,1080479.7265772186
2016-07-27,4352908.668863813,1086798.023244674
2016-07-28,4375857.036706025,1090031.5356467357
2016-07-29,4386490.697601734,1091569.3509120485
2016-08-01,4420358.136432122,1096262.2663726818
2016-08-02,4347514.162400823,1086461.6749953404
2016-08-03,4381081.147856069,1091141.9911876682
2016-08-04,4390732.154474802,1092544.6056869216
2016-08-05,4475756.987547085,1104174.4029356714
2016-08-08,4462767.743531243,1102513.068313457
2016-08-09,4481762.112353536,1105149.0391842937
2016-08-10,4448227.397080662,1100755.1828022562
2016-08-11,4485396.626776927,1105819.2222787158
2016-08-12,4492144.901801352,1106795.2467360853
2016-08-15,4538065.450799096,1112982.7862240248
2016-08-16,4481935.850339906,1105625.3528708504
2016-08-17,4484011.311445736,1105979.591419255
2016-08-18,4501861.815444863,1108436.2647957029
2016-08-19,4498234.481492823,1108088.248174806
2016-08-22,4507125.2404155815,1109430.4096032658
2016-08-23,4530809.868683915,1112731.4233912493
2016-08-24,4462560.549609207,1103790.5939771023
2016-08-25,4452715.688281099,1102655.5312432605
2016-08-26,4462866.480994967,1104103.3618975636
2016-08-29,4483975.815187254,1106966.6735989477
2016-08-30,4468735.030160792,1105017.065967932
2016-08-31,4452511.122350073,1102976.3534009194
2016-09-01,4474356.386647685,1105962.466522485
2016-09-02,4510441.740923506,1110789.490679243
2016-09-06,4552045.344441878,1116319.2652021854
2016-09-07,4564617.520108853,1118042.7841052192
2016-09-08,4524738.3247937765,1112895.913317219
2016-09-09,4309687.295305951,1084659.2912781788
2016-09-12,4444198.079424748,1102878.7605229171
2016-09-13,4353747.942326228,1090919.5014004698
2016-09-14,4382640.136606876,1094864.5582547807
2016-09-15,4502709.255884423,1110956.6733474943
2016-09-16,4494269.267369205,1109899.5886363946
2016-09-19,4478684.788014124,1107907.072218172
2016-09-20,4488628.225962523,1109271.0400844582
2016-09-21,4574978.1149372365,1120689.9638464649
2016-09-22,4646936.979981089,1130100.8824606116
2016-09-23,4591377.49852281,1122980.4189369683
2016-09-26,4512585.582301889,1112792.8095237513
2016-09-27,4590112.567960905,1123025.4224537108
2016-09-28,4610887.892238983,1125769.888104596
2016-09-29,4529939.762802799,1115340.2849377792
2016-09-30,4599178.129307025,1124437.0779865582
2016-10-03,4580823.771759591,1122107.891542664
2016-10-04,4562385.239662422,1119761.6421947384
2016-10-05,4605115.67385485,1125368.390171763
2016-10-06,4589979.418854555,1123453.96920272
2016-10-07,4566258.1198852975,1120421.6286316658
2016-10-10,4625174.255582752,1128126.8094380011
2016-10-11,4490879.133304969,1110818.9702645186
2016-10-12,4478200.702263539,1109200.396325519
2016-10-13,4436702.878283931,1103787.7556006706
2016-10-14,4437857.822764953,1103989.7838272462
2016-10-17,4414740.749383731,1100979.8027501258
2016-10-18,4484970.047626995,1110326.5611236014
2016-10-19,4488984.193267503,1110897.233435575
2016-10-20,4481463.889273827,1109953.87811879
2016-10-21,4506427.799210544,1113277.2050557502
2016-10-24,4591106.083799996,1124406.028511834
2016-10-25,4547811.55097429,1118835.9639242506
2016-10-26,4493847.982616677,1111846.8734105888
2016-10-27,4438334.725799225,1104609.6946651607
2016-10-28,4396721.024279337,1099157.3627201137
2016-10-31,4395072.613769394,1098980.232982739
2016-11-01,4338205.042124002,1091475.3245790023
2016-11-02,4262031.400872328,1081333.2334557471
2016-11-03,4187936.913639585,1071370.8061745774
2016-11-04,4169100.829119554,1068846.23583646
2016-11-07,4354803.029940302,1094245.8777527849
2016-11-08,4398076.033976543,1100058.6435843746
2016-11-09,4489915.1651033545,1112281.0508424817
2016-11-10,4421576.598901352,1103353.9026899734
2016-11-11,4466806.433998785,1109376.9505524829
2016-11-14,4436581.819740508,1105440.0333775694
2016-11-15,4528287.661752938,1117587.6007703734
2016-11-16,4558944.673359939,1121630.688969048
2016-11-17,4622968.04908739,1130002.0007447684
2016-11-18,4602442.23850075,1127389.1584278296
2016-11-21,4679812.8007870605,1137447.3622568771
2016-11-22,4708585.326062826,1141179.9277098826
2016-11-23,4699104.132280776,1140005.8397527249
2016-11-25,4729178.660671108,1143897.4415874172
2016-11-28,4679118.160383328,1137545.1428019805
2016-11-29,4697358.9123353055,1139926.188492969
2016-11-30,4604273.461325941,1128036.9515912698
2016-12-01,4485436.974263246,1112686.8539393658
2016-12-02,4492651.764185979,1113675.3605934267
2016-12-05,4578508.533489337,1124983.5142096884
2016-12-06,4617716.506995331,1130119.3144145582
2016-12-07,4717138.87344393,1143021.8613707633
2016-12-08,4756118.807240923,1148050.305138553
2016-12-09,4801156.403400385,1153829.1944911291
2016-12-12,4747601.943866333,1147083.531159856
2016-12-13,4832732.687700869,1157980.777803981
2016-12-14,4787049.671135345,1152252.1414240028
2016-12-15,4820616.428888992,1156556.5784823776
2016-12-16,4787511.438039703,1152410.9147308848
2016-12-19,4821244.480639275,1156736.671526295
2016-12-20,4865522.090123842,1162381.0445997508
2016-12-21,4844343.609092787,1159757.1387041248
2016-12-22,4803899.903323389,1154695.394621206
2016-12-23,4829313.585354806,1157959.689649664
2016-12-27,4870691.504085436,1163233.6685044863
2016-12-28,4788250.675688096,1152899.7522063684
2016-12-29,4777334.701237788,1151555.6058570037
2016-12-30,4695589.247503574,1141201.8694922265
2017-01-03,4771367.218340826,1150972.38538302
2017-01-04,4851046.984558364,1161158.878319088
2017-01-05,4869288.045633853,1163505.862204284
2017-01-06,4924903.1024329,1170555.4073316895
2017-01-09,4942982.221794991,1172864.5247236127
2017-01-10,4976773.371025648,1177132.8793024695
2017-01-11,4996773.026711944,1179669.196235937
2017-01-12,4969054.930440505,1176270.9244884013
2017-01-13,5014216.032524316,1181945.44054089
2017-01-17,4953576.76491726,1174469.4002989207
2017-01-18,4982169.747420235,1178085.177410389
2017-01-19,4955502.794433413,1174811.618883914
2017-01-20,4967768.285024981,1178073.4566949096
2017-01-23,4957563.868236903,1177594.6492989475
2017-01-24,5020462.916312434,1187806.1429958104
2017-01-25,5097348.219789119,1199578.9402955768
2017-01-26,5090176.858626409,1199361.5629272952
2017-01-27,5096682.012486412,1200577.6951548688
2017-01-30,5024188.6754400665,1190623.3834198783
2017-01-31,5024619.760984293,1190880.80760432
2017-02-01,5058499.898607328,1196818.1587289658
2017-02-02,5048054.769991034,1195478.657690937
2017-02-03,5091302.763745118,1201991.2013727727
2017-02-06,5075935.717356602,1201336.773273161
2017-02-07,5087434.154041803,1203628.7548963586
2017-02-08,5098412.894658845,1205403.175272604
2017-02-09,5146276.036549567,1212374.7997958648
2017-02-10,5173728.800644123,1216423.5124048209
2017-02-13,5216590.197566624,1222780.550645447
2017-02-14,5241012.26977375,1226757.6063387224
2017-02-15,5294814.570416139,1234608.717239349
2017-02-16,5285835.313338382,1233674.9320594375
2017-02-17,5322548.583547636,1238728.233411662
2017-02-21,5364398.847449317,1244564.6417145317
2017-02-22,5353279.094867285,1243465.4762108077
2017-02-23,5311716.674714326,1238165.280256895
2017-02-24,5326174.450064347,1240274.164406876
2017-02-27,5352086.35428706,1243823.7739851594
2017-02-28,5292299.522759187,1236117.0291296353
2017-03-01,5413002.503231201,1252822.6678045385
2017-03-02,5342114.114091481,1243768.3963880483
2017-03-03,5356807.023968775,1245820.2587308
2017-03-06,5320940.9519399125,1241272.6313356904
2017-03-07,5295449.432871922,1238065.9357393354
2017-03-08,5299223.306877228,1238863.5644912058
2017-03-09,5300286.112425378,1239160.5163735233
2017-03-10,5336593.069803586,1244054.2754015997
2017-03-13,5356863.596863058,1247065.7321017934
2017-03-14,5325045.95804461,1243071.393557872
2017-03-15,5395185.830786887,1252276.268834163
2017-03-16,5395325.993175384,1252456.773025439
2017-03-17,5394932.423770449,1252537.5840060152
2017-03-20,5394962.394634186,1252679.8577477883
2017-03-21,5219248.431953304,1229848.9577494443
2017-03-22,5262918.710280416,1235781.4457115107
2017-03-23,5254838.554446621,1234972.3462644778
2017-03-24,5271827.444736525,1237347.4935017424
2017-03-27,5289819.509226573,1239845.7906062738
2017-03-28,5344439.03791845,1247256.6001984305
2017-03-29,5380662.844449936,1252043.733310232
2017-03-30,5407884.93096259,1255638.0518297036
2017-03-31,5402392.111788484,1255116.0404849832
2017-04-03,5372231.493873162,1251523.9191148058
2017-04-04,5377385.138954164,1252388.0455034005
2017-04-05,5318738.548204577,1245171.4353247343
2017-04-06,5340572.667542666,1248273.4600783202
2017-04-07,5337901.986768064,1248061.096428005
2017-04-10,5342212.540468439,1248753.3202860786
2017-04-11,5317648.540691949,1245776.2931001373
2017-04-12,5265224.847365183,1239306.11860508
2017-04-13,5213854.621856219,1232750.6117102162
2017-04-17,5297621.494792014,1243745.986394364
2017-04-18,5284675.207187412,1242221.163955436
2017-04-19,5306207.131918366,1245130.3151407817
2017-04-20,5395410.613022254,1256574.8364963627
2017-04-21,5384095.73985758,1255275.3385642592
2017-04-24,5508023.905822246,1270872.6273909428
2017-04-25,5579664.37505873,1279753.0497364271
2017-04-26,5578518.465211597,1279728.244755454
2017-04-27,5619326.852248441,1284794.58975205
2017-04-28,5615716.216316886,1284542.6715614828
2017-05-01,5692815.354991313,1293917.0023600878
2017-05-02,5698726.580110971,1294748.5998960272
2017-05-03,5656865.5903141415,1289932.0484806623
2017-05-04,5660943.327573815,1290555.421714306
2017-05-05,5705703.632861598,1295985.9817998174
2017-05-08,5708487.101413792,1296420.539083039
2017-05-09,5740130.697256462,1300260.305069602
2017-05-10,5754602.971877675,1302107.6909580464
2017-05-11,5729826.428652367,1299338.6256708158
2017-05-12,5738667.172010567,1300489.180480603
2017-05-15,5789571.1491918815,1306562.3674296492
2017-05-16,5825559.524557541,1310885.221036498
2017-05-17,5538115.246606329,1277213.0376970985
2017-05-18,5614722.408300987,1286568.716364167
2017-05-19,5664835.394119728,1292669.849667027
2017-05-22,5753639.435113752,1303307.6554532398
2017-05-23,5762302.216436553,1304420.2065056085
2017-05-24,5805126.718210782,1309616.9311594218
2017-05-25,5882016.235816157,1318623.888429484
2017-05-26,5890617.417983137,1319702.9515065153
2017-05-30,5877092.759272326,1318246.830635851
2017-05-31,5867943.887167512,1317285.8071457543
2017-06-01,5956682.765429959,1327583.8402867387
2017-06-02,6066605.718339048,1340147.7666285047
2017-06-05,6046907.280592891,1338028.98847746
2017-06-06,6007491.387073205,1333678.4263380412
2017-06-07,6048985.544227288,1338453.9547911948
2017-06-08,6094594.189086751,1343667.5572376335
2017-06-09,5879117.416320169,1319503.2953615857
2017-06-12,5818210.312889225,1312635.295560856
2017-06-13,5900286.029650269,1322212.5027023389
2017-06-14,5852475.408358961,1316827.9157587597
2017-06-15,5797708.502078373,1310611.901760715
2017-06-16,5771960.050814277,1307722.3194075916
2017-06-19,5931743.176378953,1326300.7944173762
2017-06-20,5836249.416076412,1315494.949901312
2017-06-21,5920695.4107330665,1325288.3553875266
2017-06-22,5925286.563929274,1325902.358156333
2017-06-23,5977859.20844124,1332005.7136394607
2017-06-26,5940957.121869205,1328189.3081145948
2017-06-27,5751492.263610141,1306847.571356634
2017-06-28,5912730.942261703,1325543.936481472
2017-06-29,5743595.813738772,1306427.1635930203
2017-06-30,5735694.147602444,1305622.6251472884
2017-07-03,5679306.281239417,1299198.3671566003
2017-07-05,5753463.574176139,1307904.6717439713
2017-07-06,5639955.919022796,1294879.878542459
2017-07-07,5755632.6654487,1308439.0695181764
2017-07-10,5797965.513168386,1313427.0559908887
2017-07-11,5828885.343302908,1317054.2173980922
2017-07-12,5955082.732174299,1331518.6933775856
2017-07-13,5979694.642822854,1334372.4373377543
2017-07-14,6051281.31423729,1342492.0293552051
2017-07-17,6054600.324459656,1342940.8242395478
2017-07-18,6111176.477260115,1349327.5948356392
2017-07-19,6188884.274486876,1358022.3006044093
2017-07-20,6198018.238543443,1359109.5593434232
2017-07-21,6193264.776441406,1358663.359390842
2017-07-24,6237424.736273746,1363600.543034001
2017-07-25,6239667.948768548,1363922.2571397128
2017-07-26,6259804.209336998,1366205.2027256857
2017-07-27,6180603.086379101,1357610.0621089898
2017-07-28,6165713.441789186,1356044.919854173
2017-07-31,6114131.943159511,1350427.255340984
2017-08-01,6142176.431617582,1353612.0101135804
2017-08-02,6141189.269157906,1353582.537876499
2017-08-03,6097873.795728701,1348868.5508238769
2017-08-04,6118994.086463656,1351287.6988739728
2017-08-07,6180464.915366728,1358172.5075848852
2017-08-08,6154373.742471074,1355373.0770262142
2017-08-09,6119055.308147934,1351548.050977368
2017-08-10,5858923.734416924,1322759.2084948858
2017-08-11,5932948.548037747,1331235.5044851482
2017-08-14,6090683.603842478,1349070.0138740411
2017-08-15,6076457.983174882,1347565.821967595
2017-08-16,6099204.602314195,1350172.6191530316
2017-08-17,5863024.432869834,1323989.1647034043
2017-08-18,5852531.696640906,1322875.7740965409
2017-08-21,5845758.323722295,1322183.7728848872
2017-08-22,6003460.675063161,1340165.3579016242
2017-08-23,5966841.407659749,1336139.021417071
2017-08-24,5953013.928139003,1334664.0883674722
2017-08-25,5941859.125573639,1333484.9330975204
2017-08-28,5974323.974033367,1337215.5564952982
2017-08-29,6009719.016979655,1341263.5232205198
2017-08-30,6135743.834275598,1355431.9498954874
2017-08-31,6251481.198599833,1368309.144802095
2017-09-01,6264063.743435563,1369761.3841231333
2017-09-05,6147530.135895791,1357074.0146583277
2017-09-06,6181313.792995893,1360882.4293748338
2017-09-07,6189748.273156966,1361885.4871573932
2017-09-08,6116575.730129173,1353897.1055132572
2017-09-11,6254586.891211834,1369270.8839904494
2017-09-12,6296994.489257415,1373991.0096134022
2017-09-13,6308147.044121374,1375281.8813452814
2017-09-14,6247066.68315929,1368691.7819802314
2017-09-15,6284355.534764096,1372852.3509371118
2017-09-18,6296015.724090441,1374198.5884717028
2017-09-19,6308681.441984464,1375653.4188566816
2017-09-20,6298016.096612879,1374562.074848566
2017-09-21,6232613.770386115,1367494.1991822447
2017-09-22,6240461.32333006,1368427.3895818046
2017-09-25,6130765.36748797,1356466.1043417717
2017-09-26,6148818.984200118,1358536.1723543452
2017-09-27,6289318.233839549,1374133.7176162233
2017-09-28,6289333.733580521,1374206.9844923364
2017-09-29,6371818.266934237,1383291.794458179
2017-10-02,6412180.939538196,1387745.55292737
2017-10-03,6441316.860123936,1390970.6838820996
2017-10-04,6446714.799397299,1391625.6188389503
2017-10-05,6546442.607296113,1402462.293568735
2017-10-06,6555660.517213529,1403522.2515267478
2017-10-09,6534504.956124235,1401330.072265654
2017-10-10,6549076.482389419,1402965.027232988
2017-10-11,6581120.151267116,1406469.99455016
2017-10-12,6556756.077207594,1403939.1106192684
2017-10-13,6584819.75259203,1407016.2023102944
2017-10-16,6620737.545794773,1410926.2915190742
2017-10-17,6619689.908374025,1410887.4975502307
2017-10-18,6620441.099091831,1411040.3866389832
2017-10-19,6581794.438687514,1406994.7140771532
2017-10-20,6629218.980926474,1412136.366728047
2017-10-23,6544409.578037641,1403176.2398383997
2017-10-24,6567096.185826447,1405680.7891201363
2017-10-25,6497979.58118354,1398356.1031080938
2017-10-26,6483521.116566195,1396872.5438624995
2017-10-27,6768910.901439255,1427688.3006068196
2017-10-30,6763888.734556256,1427232.3249763134
2017-10-31,6821489.29362437,1433383.0448991528
2017-11-01,6798516.610486187,1431043.6792308437
2017-11-02,6794917.6745787,1430739.0148930133
2017-11-03,6894716.545424674,1441319.9475190055
2017-11-06,6939178.147075628,1446041.8720782383
2017-11-07,6900629.614436434,1442100.230612324
2017-11-08,6943761.975216863,1446681.832750418
2017-11-09,6863452.952692437,1438390.8524172087
2017-11-10,6864879.105189702,1438614.7820505437
2017-11-13,6878040.12277517,1440068.3037023223
2017-11-14,6837492.027856417,1435898.0629419168
2017-11-15,6772852.927123084,1429185.199438965
2017-11-16,6948364.839602414,1447777.1850657088
2017-11-17,6926496.68129961,1445573.9095342683
2017-11-20,6942284.568768137,1447296.251715087
2017-11-21,7088640.10984982,1462626.9733741626
2017-11-22,7098324.892321608,1463701.8661756578
2017-11-24,7142994.697543746,1468383.2077593135
2017-11-27,7120530.674253395,1466150.287877891
2017-11-28,7190193.161801272,1473398.128144558
2017-11-29,7006779.743172994,1454682.0975630672
2017-11-30,7108198.021625346,1465285.1866761802
2017-12-01,7053202.267495094,1459696.720552679
2017-12-04,6903991.906296719,1444336.4383800358
2017-12-05,6876747.285823944,1441565.4170290427
2017-12-06,6905144.171172547,1444620.4787167113
2017-12-07,6979024.991044656,1452427.5800956178
2017-12-08,7034405.132804139,1458269.5002891514
2017-12-11,7105961.144477605,1465766.0389713238
2017-12-12,7079146.526068725,1463080.4539484505
2017-12-13,7106522.909270236,1465989.2875606816
2017-12-14,7066252.520011954,1461915.6311718724
2017-12-15,7230815.520022065,1479018.3692928832
2017-12-18,7351665.867540116,1491458.6634013464
2017-12-19,7286240.027579605,1484903.455895603
2017-12-20,7279743.996047966,1484322.5461818955
2017-12-21,7288499.03444912,1485296.101792667
2017-12-22,7276749.9012812,1484179.988666568
2017-12-26,7226724.0336271105,1479159.2843320868
2017-12-27,7232718.011198091,1479853.4133592772
2017-12-28,7254828.678869861,1482196.140715438
2017-12-29,7156741.971589909,1472257.2231833858
2018-01-02,7370887.605995645,1494367.372943874
2018-01-03,7493753.126661771,1506906.9970155254
2018-01-04,7519520.916767066,1509583.3101433406
2018-01-05,7643644.053304428,1522128.158730076
2018-01-08,7687760.837084454,1526607.1633653245
2018-01-09,7700551.667216833,1527963.7701754775
2018-01-10,7678523.192568156,1525865.0020387706
2018-01-11,7802980.598163488,1538317.5864682486
2018-01-12,7909106.847259463,1548866.002615298
2018-01-16,7827175.079288793,1540931.4129113045
2018-01-17,7988302.011636225,1556879.3374596029
2018-01-18,7982894.166257535,1556440.7034364385
2018-01-19,8070621.748546283,1565081.2355990256
2018-01-22,8164303.706960493,1580403.6836135346
2018-01-23,8243688.887082232,1591590.3357209146
2018-01-24,8170542.990589347,1581978.7935861188
2018-01-25,8159543.229674749,1581184.4283474348
2018-01-26,8310037.684948018,1601407.2611044017
2018-01-29,8245605.62409771,1593068.9467236688
2018-01-30,8143291.121045242,1579445.3582887866
2018-01-31,8154528.511073093,1581403.2676319235
2018-02-01,8112883.081774589,1575974.3011233187
2018-02-02,7919418.929582206,1545091.4011162918
2018-02-05,7670773.629020942,1486785.0830294054
2018-02-06,7826864.388430564,1518476.5672640982
2018-02-07,7760776.518552649,1504876.951056355
2018-02-08,7575370.532188973,1446266.8380078168
2018-02-09,7702072.607912462,1467071.811194502
2018-02-12,7864764.786085741,1490041.650250227
2018-02-13,7912050.413720401,1496810.2687429313
2018-02-14,8125678.282007481,1524613.8174152367
2018-02-15,8319517.520925744,1548726.3943734404
2018-02-16,8288162.542535829,1545143.535896571
2018-02-20,8277346.361658835,1544078.9761952057
2018-02-21,8247533.989380304,1540683.6351400448
2018-02-22,8231732.197449231,1538982.8595288969
2018-02-23,8457623.671075912,1566191.5585178027
2018-02-26,8611651.180907803,1584173.8464780222
2018-02-27,8443464.42024324,1564763.3884893972
2018-02-28,8339017.261570292,1552560.567403945
2018-03-01,8173587.414691143,1532862.4063781418
2018-03-02,8305757.632104587,1549402.5854731493
2018-03-05,8434860.736205507,1564989.250312377
2018-03-06,8508527.731791101,1573843.359267982
2018-03-07,8552376.850633344,1579141.2311015662
2018-03-08,8609326.553608239,1585861.2580752987
2018-03-09,8863324.450092748,1614264.4882254642
2018-03-12,8915786.902158905,1620176.3728150544
2018-03-13,8764148.324440176,1603708.536850418
2018-03-14,8735236.248722574,1600714.8788507346
2018-03-15,8704498.821451047,1597535.290292997
2018-03-16,8703483.715238193,1597626.7079874843
2018-03-19,8446459.89418341,1568251.0383159912
2018-03-20,8481471.382198676,1572571.7944220142
2018-03-21,8440432.960487649,1568549.8932846338
2018-03-22,8127957.812552555,1530445.9981123754
2018-03-23,7849803.153488067,1493322.5124576453
2018-03-26,8227639.55023827,1542020.9647197025
2018-03-27,7889449.52462509,1496840.553503445
2018-03-28,7797847.694043341,1484151.9388930998
2018-03-29,7972383.399401276,1508581.3675344123
2018-04-02,7684102.561212279,1467326.678067448
2018-04-03,7784820.74070976,1482559.962834699
2018-04-04,7936332.345436956,1504131.151732364
2018-04-05,7988149.734740813,1511523.025238248
2018-04-06,7746298.531457811,1477076.081469216
2018-04-09,7795199.361445783,1484636.417664107
2018-04-10,8016351.441585037,1515422.521580641
2018-04-11,7974337.350367631,1510060.6416392669
2018-04-12,8086143.240213327,1525310.4008366903
2018-04-13,8029449.806562578,1518169.0169108007
2018-04-16,8107218.099145696,1528807.4238491766
2018-04-17,8315866.002774291,1555509.3857599786
2018-04-18,8338225.24172651,1558567.27226797
2018-04-19,8238198.389611662,1546388.3130378074
2018-04-20,8083141.428613042,1526784.5446480615
2018-04-23,8052417.832447906,1523075.6239768686
2018-04-24,7860244.273479937,1497205.9711098983
2018-04-25,7851716.685035882,1496470.3274721904
2018-04-26,8030731.704371083,1521064.8656729537
2018-04-27,8030051.275463605,1521340.315202291
2018-04-30,7943028.693321081,1509938.432242799
2018-05-01,8043028.992841955,1523741.9859156543
2018-05-02,7992861.673588569,1517410.3133438542
2018-05-03,7969941.939896736,1514721.8605217214
2018-05-04,8167830.104947323,1540715.839926381
2018-05-07,8260242.243358955,1552632.22761744
2018-05-08,8260975.442806741,1553030.3487557613
2018-05-09,8386793.639439335,1568670.5597315666
2018-05-10,8501739.95322838,1582612.4114506436
2018-05-11,8495854.926844276,1582203.3406764842
2018-05-14,8509216.964049261,1584044.8646986806
2018-05-15,8399501.002266418,1571324.8597812734
2018-05-16,8481526.773699235,1581337.421954292
2018-05-17,8443822.22968171,1577991.603202948
2018-05-18,8390655.422093939,1572016.351069076
2018-05-21,8460468.521739647,1580539.838261803
2018-05-22,8429630.861676186,1577247.0940720106
2018-05-23,8514755.521928113,1587438.424563629
2018-05-24,8509925.602416184,1587149.2004052638
2018-05-25,8525131.123184636,1589200.7228632837
2018-05-29,8454544.737388369,1581273.102745609
2018-05-30,8574765.71482428,1595390.6463082205
2018-05-31,8534901.227930315,1591082.2823260415
2018-06-01,8744258.210976996,1615110.0065645725
2018-06-04,8843329.868054993,1626293.7907336657
2018-06-05,8903400.022862587,1633045.945921041
2018-06-06,9003893.14676961,1644070.4323403912
2018-06-07,8894238.360119928,1632527.1621064532
2018-06-08,8913193.193305772,1634798.295330644
2018-06-11,8938001.419487305,1637920.6579629246
2018-06-12,9024156.49865333,1647338.1979763284
2018-06-13,9006041.190339396,1645647.5304085675
2018-06-14,9136975.340483189,1659658.976195149
2018-06-15,9105313.920270871,1656563.49196362
2018-06-18,9105093.722107964,1656741.915580657
2018-06-19,9058928.208768915,1652196.32076483
2018-06-20,9171492.608671024,1664194.7054016478
2018-06-21,9029163.567096837,1649571.817907305
2018-06-22,8986824.854533158,1645305.8027144847
2018-06-25,8665696.654192815,1610951.6425421897
2018-06-26,8721464.107998282,1617325.1704094857
2018-06-27,8493587.80818535,1592435.3312676076
2018-06-28,8602216.80218878,1605007.2775861914
2018-06-29,8611728.263348812,1606461.4042803198
2018-07-02,8721043.791550027,1618775.466847208
2018-07-03,8592422.371894011,1604905.8266648098
2018-07-05,8753826.984224608,1622861.3029538104
2018-07-06,8955137.188043231,1644710.843185536
2018-07-09,9091491.941511748,1659256.0226495229
2018-07-10,9096199.67666047,1659937.3079596837
2018-07-11,9007207.927108098,1650865.4168167128
2018-07-12,9226412.510292629,1673862.274152439
2018-07-13,9229351.588338736,1674342.8603340592
2018-07-16,9185528.205429854,1670048.2149449943
2018-07-17,9287535.335083714,1680657.178078814
2018-07-18,9284729.127953175,1680551.6654218163
2018-07-19,9221969.742692692,1674356.7966735128
2018-07-20,9209942.27696686,1673305.5136232327
2018-07-23,9254081.028778514,1677982.1152914914
2018-07-24,9250429.441584311,1677786.6713315262
2018-07-25,9442717.212790344,1697399.633388968
2018-07-26,9270590.301114071,1680308.2021732735
2018-07-27,9028597.96741167,1655790.3680450567
2018-07-30,8807632.31662882,1632842.1712333497
2018-07-31,8890333.817250721,1641824.23822066
2018-08-01,8961173.02491111,1649460.612327849
2018-08-02,9156452.927348278,1669916.708822194
2018-08-03,9174557.362707969,1671951.079615602
2018-08-06,9273400.932044184,1682193.4601830335
2018-08-07,9322888.07572602,1687365.9052560346
2018-08-08,9331554.906936606,1688405.5994871303
2018-08-09,9337633.921145516,1689184.1694161454
2018-08-10,9223122.517917927,1677950.7336441586
2018-08-13,9180848.854724577,1673838.1623159922
2018-08-14,9287314.302884366,1684833.323641884
2018-08-15,9081164.676680388,1664158.9641439796
2018-08-16,9147681.000368854,1671134.238485565
2018-08-17,9166078.229983397,1673274.0572116654
2018-08-20,9174741.356833708,1674315.6970979765
2018-08-21,9254285.336861031,1682524.8583735672
2018-08-22,9316588.982113725,1688972.4990948327
2018-08-23,9292671.626554357,1686734.7725193873
2018-08-24,9436188.719890162,1701230.596204966
2018-08-27,9590951.382970816,1716669.1233202696
2018-08-28,9616490.33730441,1719309.2553167704
2018-08-29,9790423.743658612,1736404.0058798066
2018-08-30,9742025.223051071,1731878.2650881174
2018-08-31,9787867.812022911,1736454.595991121
2018-09-04,9746261.833382985,1732579.587033447
2018-09-05,9532776.521097472,1712047.2091332332
2018-09-06,9373931.16982004,1696576.0317372135
2018-09-07,9329339.371162826,1692292.9456402443
2018-09-10,9374759.669333654,1696963.0879245524
2018-09-11,9478053.843240457,1707349.116402831
2018-09-12,9437356.299356,1703483.5192948966
2018-09-13,9565658.275527876,1716262.3531185528
2018-09-14,9556616.22164948,1715517.244868853
2018-09-17,9306004.03122502,1691089.0686062337
2018-09-18,9434943.75525543,1704048.393910146
2018-09-19,9420774.352307947,1702788.924838812
2018-09-20,9589782.622322898,1719576.6744408
2018-09-21,9498215.67009732,1710777.93936508
2018-09-24,9510999.258688262,1712165.9757928725
2018-09-25,9541078.229025764,1715252.732707386
2018-09-26,9502688.141324222,1711630.618784848
2018-09-27,9614579.388821654,1722724.7155804571
2018-09-28,9623325.132457428,1723703.977093012
2018-10-01,9602286.90105325,1721806.247190978
2018-10-02,9518210.268273802,1713760.1751035445
2018-10-03,9573201.841079598,1719272.474549435
2018-10-04,9252810.6736251,1688124.7467975563
2018-10-05,9056217.75472354,1668656.1232426404
2018-10-08,8943965.285743322,1657447.8584564808
2018-10-09,8947216.727418313,1657930.786832348
2018-10-10,8290460.953694245,1590271.192932417
2018-10-11,8107281.89916758,1570384.7878541276
2018-10-12,8432229.545160381,1606382.833157848
2018-10-15,8299027.637185393,1592246.9274057734
2018-10-16,8725587.37760782,1638301.1186428217
2018-10-17,8718591.885628045,1637742.2669468871
2018-10-18,8395379.975676056,1604017.9623756418
2018-10-19,8322084.365660481,1596317.9344250858
2018-10-22,8359387.306534024,1600556.2188508066
2018-10-23,8296123.04848887,1593931.65378459
2018-10-24,7663991.679454794,1523431.9160429123
2018-10-25,8045677.845305162,1568461.3247437298
2018-10-26,7760598.053482705,1536108.621418296
2018-10-29,7547575.088499031,1511086.392776744
2018-10-30,7742457.863014535,1534990.0946459773
2018-10-31,8006678.560833732,1565944.4227322328
2018-11-01,8250666.018243442,1593451.5170821568
2018-11-02,8098558.736607188,1576969.9465594818
2018-11-05,8042549.2501399135,1570975.6586386976
2018-11-06,8131341.148263401,1581111.297538701
2018-11-07,8511683.899751227,1622904.1495600268
2018-11-08,8429825.991965432,1614396.0307482926
2018-11-09,8180912.996345731,1587856.858765123
2018-11-12,7782466.081062942,1543726.9548018938
2018-11-13,7780300.409637688,1543763.7102055794
2018-11-14,7659409.274177282,1529976.8795758025
2018-11-15,7882987.188369645,1556306.128341401
2018-11-16,7859693.83286676,1553950.596338288
2018-11-19,7453605.5698790755,1506950.130600334
2018-11-20,7245409.56911782,1481330.123375603
2018-11-21,7348733.137361183,1494965.5495356657
2018-11-23,7288895.249708664,1487867.50229815
2018-11-26,7534040.235131921,1518537.3732689929
2018-11-27,7533095.127248045,1518755.812511062
2018-11-28,7914776.209381127,1563584.546674667
2018-11-29,7877421.377725786,1559652.601609503
2018-11-30,7985616.593160887,1572011.555369788
2018-12-03,8199881.423175486,1595846.0975972004
2018-12-04,7645516.233698394,1535177.1308313152
2018-12-06,7698730.192311973,1541610.85397847
2018-12-07,7296227.974346639,1494678.2169294811
2018-12-10,7382992.759073117,1505709.561779082
2018-12-11,7400423.702227128,1508171.1102914168
2018-12-12,7517646.937311317,1522465.4959167412
2018-12-13,7464269.6693863,1516500.520227823
2018-12-14,7176650.255664577,1482289.3550616042
2018-12-17,6911423.835749082,1448664.197897973
2018-12-18,6955310.167124504,1455172.2889756416
2018-12-19,6720739.471719369,1423657.748369279
2018-12-20,6561304.193830409,1400434.6292025158
2018-12-21,6319832.218141245,1358547.6861252503
2018-12-24,6186370.901126449,1328532.2680305606
2018-12-26,6569310.953714501,1406101.5768358517
2018-12-27,6597932.751185544,1411526.253846875
2018-12-28,6598965.214857479,1412638.9229928865
2018-12-31,6667485.146030903,1423562.5265189293
2019-01-02,6708509.40954546,1430174.3875682307
2019-01-03,6409539.32051274,1386775.0418342915
2019-01-04,6803535.935225964,1445887.8446028754
2019-01-07,6939464.998911315,1464076.243332247
2019-01-08,7062736.494969753,1479888.0029340852
2019-01-09,7166515.636314892,1492814.6095143186
2019-01-10,7216628.421982867,1499070.6239527676
2019-01-11,7188083.981510785,1495975.627937588
2019-01-14,7067221.752789579,1481943.0356236824
2019-01-15,7278157.960113512,1507280.6890882857
2019-01-16,7296798.051873433,1509647.0519812417
2019-01-17,7388066.347075,1520363.660478104
2019-01-18,7523767.604510335,1536016.7018108184
2019-01-22,7263070.903037232,1506679.509408082
2019-01-23,7272083.334097586,1507876.4872490636
2019-01-24,7360077.395553578,1518147.6431597562
2019-01-25,7531099.066745,1537800.5749659997
2019-01-28,7379625.631509365,1520842.778867073
2019-01-29,7270882.386922893,1508560.9941229287
2019-01-30,7559312.866456192,1541821.2404796616
2019-01-31,7746902.013035427,1563034.983598183
2019-02-01,7711676.459789704,1559236.3548902222
2019-02-04,7872385.191309954,1577233.7654588916
2019-02-05,7978080.8419009,1588978.963749695
2019-02-06,7924733.289802087,1583263.670258185
2019-02-07,7753897.1151953,1564640.0253282727
2019-02-08,7772273.781854473,1566791.8665785217
2019-02-11,7790381.058832138,1568911.5231894755
2019-02-12,7962756.842114803,1591860.3270774037
2019-02-13,7969461.896457048,1593134.8046628826
2019-02-14,7979028.917519972,1594583.364159315
2019-02-15,8056495.66305464,1604381.6890616228
2019-02-19,8078931.027941331,1607503.0574057496
2019-02-20,8081038.588876321,1608035.1280865474
2019-02-21,8025863.846160583,1601769.3351426718
2019-02-22,8146993.659494347,1616372.1324891993
2019-02-25,8194454.793278296,1622191.073213637
2019-02-26,8181043.855317816,1621121.6415097206
2019-02-27,8187843.59917911,1622279.0163048864
2019-02-28,8144353.452217824,1617597.5923565945
2019-03-01,8257938.760660416,1631126.6587831755
2019-03-04,8221770.87386605,1627347.1223605024
2019-03-05,8216825.308210843,1627126.0193895083
2019-03-06,8084287.011981375,1612036.827871835
2019-03-07,7929322.901794528,1593935.8518436716
2019-03-08,7903450.665022561,1591113.0521880516
2019-03-11,8172708.979163998,1623350.5891966976
2019-03-12,8229963.523512072,1630470.6111002923
2019-03-13,8326016.909923794,1641760.1656668333
2019-03-14,8299800.097942323,1639114.3277013197
2019-03-15,8406825.698112639,1651530.0114550996
2019-03-18,8454414.399932658,1657143.549678455
2019-03-19,8470587.70302742,1659217.2975464726
2019-03-20,8476282.56048475,1660335.1762246678
2019-03-21,8688252.870157775,1684002.673886764
2019-03-22,8305344.80699401,1641874.8091165528
2019-03-25,8290138.236996673,1640811.848629301
2019-03-26,8386918.370847643,1652447.711285714
2019-03-27,8287658.757056215,1642144.61860314
2019-03-28,8329465.496054065,1647724.587228116
2019-03-29,8442233.564217014,1660687.052182404
2019-04-01,8632814.506965509,1682124.1252106589
2019-04-02,8665883.515233709,1686414.071765322
2019-04-03,8756859.16495599,1696522.800693201
2019-04-04,8746392.1110368,1695753.1271248567
2019-04-05,8838772.05546852,1705873.36331055
2019-04-08,8864967.786389092,1709178.0086257278
2019-04-09,8772582.06650304,1699634.763524715
2019-04-10,8879931.309974706,1711485.7488726105
2019-04-11,8843584.710099215,1707898.9692634076
2019-04-12,8916231.138710994,1715848.0689686963
2019-04-15,8897536.354312815,1714137.3504137334
2019-04-16,8945056.219368603,1719383.3693344991
2019-04-17,8933340.84017343,1718532.4235389663
2019-04-18,8935517.319630157,1718998.8820677905
2019-04-22,8968747.695945174,1722738.695516598
2019-04-23,9185340.321806172,1745465.7526760902
2019-04-24,9143894.820378764,1741464.331267713
2019-04-25,9175757.625667777,1745088.9704240884
2019-04-26,9232387.74660852,1751088.8025472907
2019-04-29,9262311.29291157,1754451.5528238248
2019-04-30,9119852.292678015,1740207.253048682
2019-05-01,9022321.114255138,1730414.141155114
2019-05-02,8993422.971052963,1727688.6795788135
2019-05-03,9257447.830290178,1755080.827485623
2019-05-06,9169308.465992128,1746370.8669703924
2019-05-07,8833229.250492098,1712116.1189444854
2019-05-08,8789415.98821157,1707762.5329326668
2019-05-09,8721084.117230516,1700766.4592317755
2019-05-10,8731616.596656306,1702172.216353321
2019-05-13,8194774.589061531,1644178.9338445235
2019-05-14,8360347.403652788,1663024.973610064
2019-05-15,8529652.983552177,1681912.6399157906
2019-05-16,8678407.663415186,1698272.623926237
2019-05-17,8512880.997751512,1680730.5178472998
2019-05-20,8287967.719918918,1656278.6993402704
2019-05-21,8447426.672484605,1674239.1951597575
2019-05-22,8377096.545656588,1666778.3923155142
2019-05-23,8139075.229221144,1640462.1649248125
2019-05-24,8153358.207977996,1642378.6065309572
2019-05-28,8095275.622920861,1636039.245174094
2019-05-29,7980920.261384767,1623165.9676959366
2019-05-30,8016622.946865638,1627594.1348454691
2019-05-31,7803197.010916276,1602992.181120049
2019-06-03,7587013.300294166,1577193.3168966947
2019-06-04,7930538.379859881,1618978.1132303723
2019-06-05,8017655.561121553,1629418.1895974327
2019-06-06,8090458.799721873,1638075.647136157
2019-06-07,8329127.306349512,1665335.1331264123
2019-06-10,8485124.65983374,1682813.001604759
2019-06-11,8481928.497367999,1682723.9838048343
2019-06-12,8421080.912910653,1676343.057257078
2019-06-13,8506387.372415815,1685936.2245734206
2019-06-14,8424399.718995182,1677270.452008603
2019-06-17,8517471.959778199,1687713.889047062
2019-06-18,8733320.367666235,1711173.2995278605
2019-06-19,8799461.52653908,1718408.2080825914
2019-06-20,8928994.166110773,1732222.5195811605
2019-06-21,8886266.870627098,1728040.4503675832
2019-06-24,8830430.158748677,1722485.5346534124
2019-06-25,8581753.160121245,1696496.8097439783
2019-06-26,8628788.516838513,1701970.0578806882
2019-06-27,8743715.956936361,1714445.0254083956
2019-06-28,8819630.65316996,1722765.794994954
2019-07-01,8992937.495302038,1741079.701929629
2019-07-02,9028588.124665752,1744979.319236212
2019-07-03,9155291.434392815,1758177.493827251
2019-07-05,9135291.687658029,1756403.1376520726
2019-07-08,8999028.625494359,1742799.200529325
2019-07-09,9087727.754003378,1752169.7858418894
2019-07-10,9214583.875573063,1765296.2461802051
2019-07-11,9198888.43520744,1763941.4901985307
2019-07-12,9299934.36878886,1774335.4265991224
2019-07-15,9327951.958065543,1777401.7358342223
2019-07-16,9249806.2461318,1769826.9675185108
2019-07-17,9167380.733074889,1761778.489829098
2019-07-18,9212519.494822163,1766562.216566877
2019-07-19,9080894.198505048,1753528.1823692943
2019-07-22,9201536.717400646,1765978.9422390268
2019-07-23,9301164.948113477,1776194.082340752
2019-07-24,9451204.717587257,1791325.9944919664
2019-07-25,9268658.216899067,1773510.2860975582
2019-07-26,9464876.68545548,1793286.2940767857
2019-07-29,9382246.513879033,1785389.67307081
2019-07-30,9337092.226401782,1781186.915872089
2019-07-31,9122576.154439244,1760090.366251218
2019-08-01,8985141.880327964,1746289.1350918184
2019-08-02,8758866.308934364,1723283.247602197
2019-08-05,8192266.838097285,1663464.221757345
2019-08-06,8400111.918390207,1686591.1062798332
2019-08-07,8456957.793465994,1692995.876176021
2019-08-08,8811689.173637986,1731002.9344878937
2019-08-09,8644611.467003988,1713814.1290486
2019-08-12,8448378.296164839,1693241.7284132913
2019-08-13,8755148.446346369,1726216.969017279
2019-08-14,8260096.117259134,1674056.148611179
2019-08-15,8243583.051529521,1672519.741152078
2019-08-16,8496320.194755975,1700419.0529763417
2019-08-19,8710490.896949612,1723463.4257937726
2019-08-20,8597404.583662963,1711821.328066965
2019-08-21,8741766.290468186,1727292.7838669585
2019-08-22,8680452.856915498,1721127.055620233
2019-08-23,8193663.718901295,1669560.409665933
2019-08-26,8391547.122885386,1691562.2979116335
2019-08-27,8336036.889180298,1685832.4536581696
2019-08-28,8393202.055613233,1692319.093047551
2019-08-29,8625205.930380277,1717454.9115756927
2019-08-30,8601576.745259617,1715231.912230976
2019-09-03,8419919.041213559,1696162.214636413
2019-09-04,8624883.104125403,1718329.3171499246
2019-09-05,8911162.92425801,1748517.4210203774
2019-09-06,8880192.849529497,1745594.835637759
2019-09-09,8845485.687274825,1742269.347238457
2019-09-10,8836812.749224614,1741604.268904922
2019-09-11,9014394.224885955,1760069.66941696
2019-09-12,9065280.265895093,1765452.217761183
2019-09-13,9025696.46927529,1761668.0111463813
2019-09-16,8974631.369778436,1756718.0077143328
2019-09-17,9041824.788143924,1763757.7967285856
2019-09-18,9021376.671222894,1761940.398600341
2019-09-19,9031283.909262368,1763165.1970549845
2019-09-20,8890824.280989334,1749156.3863480024
2019-09-23,8877942.268091917,1748075.4156586304
2019-09-24,8626838.383611245,1722511.4940139684
2019-09-25,8798364.965083878,1740599.418513651
2019-09-26,8698887.885188775,1730573.1995572555
2019-09-27,8508660.462150494,1710997.7658836374
2019-09-30,8629022.535277966,1723906.0571080062
2019-10-01,8441223.50759839,1704409.396404629
2019-10-02,8190361.804712949,1677849.3885158647
2019-10-03,8361395.37448103,1696641.372511859
2019-10-04,8582901.029554846,1720434.4920183774
2019-10-07,8526656.031128714,1714832.9310381936
2019-10-08,8254405.400114408,1686313.5965506171
2019-10-09,8412858.553865645,1703588.1778535622
2019-10-10,8506828.862186844,1713767.7395231705
2019-10-11,8721509.673300408,1736712.6359530406
2019-10-14,8702082.675614273,1734945.4738987165
2019-10-15,8910101.793225782,1756555.4610805805
2019-10-16,8856245.94084258,1751309.584515051
2019-10-17,8923303.133475278,1758393.857251963
2019-10-18,8778244.644284183,1743925.5155246423
2019-10-21,8931892.717457516,1759801.2715353668
2019-10-22,8804953.528961483,1747190.5173512476
2019-10-23,8836360.656152379,1750571.627171223
2019-10-24,8975603.070826616,1764844.5649391331
2019-10-25,9096014.708192555,1777244.747278751
2019-10-28,9274644.048928456,1795154.1418891938
2019-10-29,9164999.95940232,1784601.7479384192
2019-10-30,9222986.853410188,1790494.022051287
2019-10-31,9196146.212031052,1788031.1375319038
2019-11-01,9401626.037221072,1808350.990342065
2019-11-04,9504627.974979354,1818485.4406245816
2019-11-05,9506918.682407266,1818847.766846863
2019-11-06,9452098.0513256,1813704.9915705444
2019-11-07,9504476.88247731,1818899.8432356492
2019-11-08,9594746.252439007,1827739.501534016
2019-11-11,9568975.206767216,1825404.5005271733
2019-11-12,9617077.957896914,1830151.4088472116
2019-11-13,9606973.762906663,1829334.4305284463
2019-11-14,9599153.705299152,1828713.705658084
2019-11-15,9737782.642871829,1842088.2446742416
2019-11-18,9757614.883119617,1844097.0266908463
2019-11-19,9803967.867268668,1848609.8755598709
2019-11-20,9702724.6021459,1839178.674325775
2019-11-21,9655268.438861957,1834796.2800148556
2019-11-22,9685427.83305952,1837788.578703206
2019-11-25,9940290.723045388,1862123.0557241628
2019-11-26,9975000.183944996,1865497.8517795585
2019-11-27,10106188.62585198,1877892.01635484
2019-11-29,10013242.165851308,1869370.4466955224
2019-12-02,9787386.436181944,1848386.0571865328
2019-12-03,9678553.08576937,1838215.0497347536
2019-12-04,9782266.900796391,1848189.2380505635
2019-12-05,9790646.252847686,1849102.741213413
2019-12-06,9985920.831020782,1867664.3481945093
2019-12-09,9905126.34978516,1860222.1773342749
2019-12-10,9891417.166423269,1859047.355707422
2019-12-11,9977621.155594831,1867262.5650025655
2019-12-12,10122764.573480764,1880958.7420066183
2019-12-13,10162808.161672223,1884792.4006242547
2019-12-16,10346703.362464285,1901959.364557906
2019-12-17,10367391.627048329,1903974.7210170235
2019-12-18,10376940.361953098,1904965.179621584
2019-12-19,10516028.54591788,1917845.7982460663
2019-12-20,10604589.085030794,1926035.7349452851
2019-12-23,10652998.541579949,1930546.6557654648
2019-12-24,10669455.569358414,1932152.8064315205
2019-12-26,10834367.067982685,1947199.9594747296
2019-12-27,10795720.062377274,1943842.9624229253
2019-12-30,10649601.807615116,1930803.8728066403
2019-12-31,10712194.424960423,1936592.9183703088
2020-01-02,10996983.063467337,1962450.804223068
2020-01-03,10823430.742141891,1947082.1020510567
2020-01-06,10944321.322746055,1958071.8116601729
2020-01-07,10936567.12249218,1957494.7033723968
2020-01-08,11082096.35662485,1970635.084005538
2020-01-09,11261423.746953202,1986696.517192764
2020-01-10,11200492.70836773,1981440.1646801224
2020-01-13,11431709.146490453,2002009.9550317044
2020-01-14,11375176.80546393,1997178.9303264264
2020-01-15,11392488.4728989,1998817.544532608
2020-01-16,11633902.910525894,2020114.6609676448
2020-01-17,11712173.269800585,2027030.351126999
2020-01-21,11666102.238483516,2023164.24210402
2020-01-22,11697537.711183932,2026010.477176183
2020-01-23,11743351.207854904,2030098.515868333
2020-01-24,11523768.21811412,2011239.4619460767
2020-01-27,11088463.08020673,1973372.3475903545
2020-01-28,11404019.720970675,2001569.028444455
2020-01-29,11416689.837100536,2002800.063011941
2020-01-30,11474389.654146552,2007980.341360447
2020-01-31,11108348.14960515,1976071.836043855
2020-02-03,11404850.34220132,2002563.1270018888
2020-02-04,11882602.602578236,2044627.474251371
2020-02-05,11983924.2862239,2053467.5553883603
2020-02-06,12143040.085295448,2067223.4008953904
2020-02-07,12011137.724518277,2056120.1935030571
2020-02-10,12282469.426224189,2079467.6916792917
2020-02-11,12308495.724252738,2081795.8817561928
2020-02-12,12453000.585492514,2100639.723806648
2020-02-13,12422340.090562804,2097668.089536059
2020-02-14,12456945.101993091,2101867.1534200576
2020-02-18,12456255.93821936,2102254.2651508995
2020-02-19,12622646.037971482,2120543.087783528
2020-02-20,12487134.665577682,2106292.007668116
2020-02-21,12150162.410280151,2068674.6265792763
2020-02-24,11540874.075754669,1991972.145027503
2020-02-25,11157362.929125668,1936790.0009463064
2020-02-26,11175486.231402732,1940113.1872567984
2020-02-27,10629508.529940791,1850658.413910627
2020-02-28,10612787.19220597,1850894.6722823752
2020-03-02,11345037.919590138,1934070.892452517
2020-03-03,10864913.567087715,1876199.6009948663
2020-03-04,11473147.3314923,1948405.0489613253
2020-03-05,10965801.8445483,1888064.0159879688
2020-03-06,10687354.632725151,1852897.650684884
2020-03-09,9786322.017843269,1717913.6604733458
2020-03-10,10435197.366714705,1802993.6997599653
2020-03-11,9773056.10654977,1718291.506547561
2020-03-12,8740589.943908669,1556217.210919858
2020-03-13,9658995.2589012,1701698.295801522
2020-03-16,8406595.72027551,1492066.9278431144
2020-03-17,9015851.90473183,1585065.56891103
2020-03-18,8498896.386882538,1510560.8627844353
2020-03-19,8727853.735592233,1545334.0918256294
2020-03-20,8337423.166003732,1486791.253506498
2020-03-23,8308209.379769416,1482752.7992730418
2020-03-24,9103404.018939918,1603210.008461869
2020-03-25,9050255.244168269,1595994.899153668
2020-03-26,9698588.544619683,1685347.976105458
2020-03-27,9215564.421568608,1621592.6539155657
2020-03-30,9645432.828666896,1680372.6592095045
2020-03-31,9522230.94184952,1664406.896547224
2020-04-01,8991824.301736329,1591057.938789589
2020-04-02,9182680.47656762,1618489.6867363087
2020-04-03,9006200.998324094,1593835.7700616224
2020-04-06,9846216.48824931,1710639.923357318
2020-04-07,9801644.659583785,1705064.3407549434
2020-04-08,10142084.413306404,1749127.7725504905
2020-04-09,10249085.09206176,1762719.9057343935
2020-04-13,10315680.933130624,1771158.6488275356
2020-04-14,10888559.801349169,1841100.9920272175
2020-04-15,10662156.009271989,1814647.266986542
2020-04-16,10914167.957597837,1844782.025904049
2020-04-17,11131817.17700387,1870291.016505713
2020-04-20,10962787.280196128,1851003.9303733823
2020-04-21,10414537.04626426,1786722.4549931695
2020-04-22,10827007.310547013,1836961.656085991
2020-04-23,10824716.738615464,1836869.1932877772
2020-04-24,11081230.689122375,1867136.1068333772
2020-04-27,11259952.485485427,1887861.9754243083
2020-04-28,11026857.507793024,1861431.997649623
2020-04-29,11603731.272992143,1927860.9993975605
2020-04-30,11553596.868318092,1922465.86191701
2020-05-01,11003620.312565807,1860963.744935104
2020-05-04,11199501.97423939,1883880.3637234396
2020-05-05,11385021.420423064,1905208.5533351083
2020-05-06,11470159.006678686,1915044.666051484
2020-05-07,11711924.578442236,1942184.0121568304
2020-05-08,11990409.28460247,1972869.50888581
2020-05-11,12132084.75677997,1988277.4453976944
2020-05-12,11746185.390856495,1947273.7297358655
2020-05-13,11470943.69465991,1917171.8809293224
2020-05-14,11625799.192437269,1934641.0706883187
2020-05-15,11763479.377437783,1950010.6986367127
2020-05-18,12199646.366275132,1997705.5836606736
2020-05-19,12097244.004211985,1986995.306921511
2020-05-20,12483091.204669291,2028292.2054209048
2020-05-21,12294130.59351628,2008675.729038867
2020-05-22,12374185.124989236,2017314.342657659
2020-05-26,12405500.8782972,2020743.7974028648
2020-05-27,12553648.099167489,2036399.43616643
2020-05-28,12462420.92989451,2027064.634478338
2020-05-29,12712482.450501803,2053266.3391509412
2020-06-01,12842049.494632576,2066768.6728824684
2020-06-02,12960361.796864452,2079005.971462087
2020-06-03,13118051.041754406,2095181.9034711432
2020-06-04,12972787.67984736,2080712.6069073728
2020-06-05,13396982.592363177,2123664.821885708
2020-06-08,13638475.015679538,2147663.2050027167
2020-06-09,13701991.127104428,2153989.785866783
2020-06-10,13849559.814010672,2168453.2153375205
2020-06-11,12674227.1077257,2054325.453581553
2020-06-12,12875198.03346778,2075166.8814331023
2020-06-15,13166171.336422725,2104910.6505216947
2020-06-16,13532691.195984509,2141719.9273622464
2020-06-17,13564067.10506467,2144943.75425038
2020-06-18,13635088.295359828,2152033.0517122
2020-06-19,13641140.877223125,2152748.8164801905
2020-06-22,13885137.90414079,2176686.584271664
2020-06-23,14052526.489304809,2192947.9869982866
2020-06-24,13550280.96563992,2144904.684297481
2020-06-25,13787564.314470766,2168296.2796058394
2020-06-26,13208785.613714226,2112115.440857029
2020-06-29,13461444.366152631,2137477.351687468
2020-06-30,13866475.333384614,2177493.1236317293
2020-07-01,14080700.475947464,2198296.538339721
2020-07-02,14200078.040920043,2209822.4349218067
2020-07-06,14715087.288982945,2258805.62369965
2020-07-07,14505302.13141884,2239426.889640246
2020-07-08,14848371.062840812,2271653.98811722
2020-07-09,14977479.145928102,2283669.8461765964
2020-07-10,15141485.655493144,2298812.738890312
2020-07-13,14603211.218823804,2249805.5242124973
2020-07-14,14829623.272238754,2271021.6267191963
2020-07-15,14974282.11661597,2284480.687966299
2020-07-16,14792960.485449834,2267935.9799806927
2020-07-17,14861188.655023478,2274347.480649663
2020-07-20,15481329.27477112,2331546.0748459008
2020-07-21,15271871.506647298,2312820.857862364
2020-07-22,15332992.160736648,2318456.2900517765
2020-07-23,14746917.814389111,2265518.546753385
2020-07-24,14516978.243861496,2244297.6440384598
2020-07-27,14917035.068213789,2281836.208802698
2020-07-28,14600966.613682313,2252831.2902248628
2020-07-29,14927646.858508311,2283389.6268722643
2020-07-30,15032754.753696064,2293161.750017703
2020-07-31,15405100.7455695,2327319.829830103
2020-08-03,15783437.532881564,2361494.7520158007
2020-08-04,15876050.324630152,2369861.763567229
2020-08-05,16015869.957245557,2382314.331176708
2020-08-06,16285844.116598316,2406126.164353839
2020-08-07,16043667.43900246,2385152.7603623406
2020-08-10,15938140.48907283,2375977.35731772
2020-08-11,15482157.216373537,2335842.056536448
2020-08-12,16035626.493613528,2385596.051894045
2020-08-13,16109502.058241308,2392208.064533315
2020-08-14,16051803.674029354,2387239.013778956
2020-08-17,16324057.5612401,2411219.7312926664
2020-08-18,16526049.338730562,2428849.222294155
2020-08-19,16363991.100741666,2414959.031150624
2020-08-20,16659782.14779967,2440688.273725133
2020-08-21,16777850.427710302,2450896.922214833
2020-08-24,16949619.954643752,2465671.301793813
2020-08-25,17170829.630256053,2484526.3398476746
2020-08-26,17681695.9443221,2527615.452092587
2020-08-27,17577532.034075625,2519069.0597381224
2020-08-28,17760690.96436755,2534360.0299558938
2020-08-31,17970081.36087089,2551718.9834979745
2020-09-01,18404029.990480997,2587363.7138596475
2020-09-02,18716899.83760438,2612729.851026937
2020-09-03,17098369.877895385,2483126.6794979936
2020-09-04,16726800.949828155,2451768.881826485
2020-09-08,15551045.265176471,2350957.738463234
2020-09-09,16261304.154443571,2414702.287240728
2020-09-10,15710310.993368767,2366652.439070847
2020-09-11,15549573.5909986,2352395.629499342
2020-09-14,16040023.112421302,2396471.6083581955
2020-09-15,16368875.559074787,2425500.929269803
2020-09-16,16020261.167354736,2395246.0772682475
2020-09-17,15675358.998028502,2364916.322846944
2020-09-18,15391268.355611715,2339611.6677965038
2020-09-21,15356217.62100847,2336528.5056165745
2020-09-22,15799081.389793651,2376652.008598956
2020-09-23,14993238.606976416,2305031.7966715544
2020-09-24,15085595.138297848,2313601.689328255
2020-09-25,15657259.80144547,2365965.1468267897
2020-09-28,16151575.634969054,2410240.5603238284
2020-09-29,16071635.25035031,2403299.6998730595
2020-09-30,16274007.603349824,2421190.9683424262
2020-10-01,16668440.32744297,2455720.881457043
2020-10-02,16035406.61115924,2401253.3025706145
2020-10-05,16668548.346308894,2457134.519140144
2020-10-06,16220869.182482911,2418622.4005044503
2020-10-07,16740633.076795114,2464213.7326410017
2020-10-08,16882700.498174928,2476497.6030577733
2020-10-09,17285636.075029537,2511025.058264141
2020-10-12,18047484.70258228,2575339.5168944104
2020-10-13,18014810.462657165,2572720.732561633
2020-10-14,17764117.755330317,2552144.118055759
2020-10-15,17620745.37268571,2540307.9737017304
2020-10-16,17510670.421712577,2531192.8544119257
2020-10-19,17011623.974471953,2489466.978683657
2020-10-20,17107266.40000876,2497682.947240616
2020-10-21,17025932.699287675,2490845.7113935114
2020-10-22,17080143.05196358,2495528.840307608
2020-10-23,17187932.978647992,2504756.2727669054
2020-10-26,16702886.912775273,2463749.175200077
2020-10-27,16885155.126703694,2479513.3550702394
2020-10-28,15804542.769042471,2387066.988619209
2020-10-29,16244519.482498422,2426323.74947811
2020-10-30,15566491.167459276,2366946.7716488424
2020-11-02,15677333.490224969,2376985.91591324
2020-11-03,16168927.31597331,2421069.716854946
2020-11-04,17230624.554227624,2514453.0856988938
2020-11-05,17999103.2619667,2579626.052364518
2020-11-06,18010345.294926066,2580620.4863256435
2020-11-09,17533778.563243583,2541317.06889704
2020-11-10,17120303.869156625,2506682.779580492
2020-11-11,17713213.57587242,2557199.844860368
2020-11-12,17513384.822633315,2540589.453371132
2020-11-13,17822538.25653261,2566620.883469885
2020-11-16,18069977.08019568,2587259.553323332
2020-11-17,18004744.00153926,2581942.291375803
2020-11-18,17748181.51145496,2560795.8968469454
2020-11-19,18016546.095054243,2583230.493274707
2020-11-20,17885927.522220533,2572498.750493533
2020-11-23,17952995.772075914,2578128.1901271176
2020-11-24,18362161.70300426,2612076.7421500017
2020-11-25,18515066.817930497,2624640.82731146
2020-11-27,18812298.413844325,2648889.23623026
2020-11-30,18793152.20406416,2647409.442581334
2020-12-01,19213764.99741182,2681408.4168043463
2020-12-02,19198118.712025825,2680226.4666370954
2020-12-03,19273827.80071729,2686325.8886867785
2020-12-04,19511367.12894908,2705283.2294844906
2020-12-07,19664470.393507056,2717441.258979361
2020-12-08,19837850.42139136,2731140.826928055
2020-12-09,19161527.83835652,2678283.8847960364
2020-12-10,19343315.407776505,2692860.102556161
2020-12-11,19266936.96848924,2686859.5565366973
2020-12-14,19436500.190170366,2700418.730668924
2020-12-15,19861415.31332483,2734133.8542034226
2020-12-16,20036584.20585068,2747903.391174331
2020-12-17,20333729.04589782,2771101.3027917203
2020-12-18,20308103.01547421,2769189.5139421043
2020-12-21,20271229.725296445,2766407.131148347
2020-12-22,20454792.98710649,2780671.4543074467
2020-12-23,20350937.406266067,2772746.096017146
2020-12-24,20445503.33993574,2780111.4046114306
2020-12-28,20712553.35764046,2800736.1896739043
2020-12-29,20572762.37448262,2790120.47354506
2020-12-30,20628733.19354649,2794481.7222771123
2020-12-31,20680537.14881628,2798517.4797783834
2021-01-04,20141710.413444817,2757365.0516176973
2021-01-05,20478645.38690737,2783598.4174153027
2021-01-06,20258027.162143458,2766690.3312576
2021-01-07,21174337.219182637,2837697.7438121005
2021-01-08,21560998.395620026,2866972.9542659866
2021-01-11,21080187.563545875,2831089.820694426
2021-01-12,21183393.68688468,2838975.2602916104
2021-01-13,21345880.265126955,2851317.567998195
2021-01-14,21298765.64310136,2847843.166522307
2021-01-15,20969588.82503077,2823121.774519097
2021-01-19,21537494.098474152,2866339.890033697
2021-01-20,22292056.565046497,2922893.6830265545
2021-01-21,22509874.84945133,2938962.1466314243
2021-01-22,22545967.70120198,2941671.0181678967
2021-01-25,22822511.72352245,2961926.4111788794
2021-01-26,22792716.98080582,2959839.8551171566
2021-01-27,21728360.627246022,2882697.6488143564
2021-01-28,21922291.841417868,2897224.85738031
2021-01-29,21141919.487175222,2839408.748958479
2021-02-01,22096332.08775285,2911750.200331233
2021-02-02,22711896.98602076,2957307.513240252
2021-02-03,22705181.19088169,2956891.2457613475
2021-02-04,23204168.90742608,2993285.907837602
2021-02-05,23441440.697189804,3010424.6528369505
2021-02-08,23840388.19685048,3039031.2710560523
2021-02-09,23901856.545894608,3043462.0933305803
2021-02-10,23793818.184719108,3035893.165010656
2021-02-11,23956840.925353263,3047533.0523116547
2021-02-12,24171086.936868805,3062750.1398794954
2021-02-16,24022831.01735739,3052399.9060133453
2021-02-17,23770274.66669862,3034652.5714604603
2021-02-18,23463743.70081385,3012966.948981536
2021-02-19,23491357.217470545,3015016.04725273
2021-02-22,22453185.760544803,2940897.046631132
2021-02-23,22252056.80818424,2926222.5189996297
2021-02-24,22643571.374600425,2955145.322484538
2021-02-25,21218571.221143648,2851218.1462129103
2021-02-26,21427776.83976272,2867133.5660876785
2021-03-01,22571586.043827973,2953370.140375328
2021-03-02,21888566.623596825,2903443.999962281
2021-03-03,20835082.79049895,2825043.4828470843
2021-03-04,20057008.625492822,2765496.297213505
2021-03-05,20602931.13330761,2808311.459954284
2021-03-08,19726621.282907672,2740781.786336108
2021-03-09,21003661.18609245,2841847.5916389287
2021-03-10,20989461.15892794,2840830.530762825
2021-03-11,21927796.038335588,2912596.943904154
2021-03-12,21698071.297685213,2895534.7018985646
2021-03-15,22103282.396488328,2926004.817560508
2021-03-16,22137992.72241751,2928652.8048191066
2021-03-17,22222821.34391897,2940381.406113965
2021-03-18,21057472.16754233,2851528.1465420662
2021-03-19,21317450.43995232,2873134.475928549
2021-03-22,21742453.45205646,2908488.596146752
2021-03-23,21325356.791791484,2875980.2960773823
2021-03-24,20550516.77706173,2818255.967001633
2021-03-25,20588286.720831472,2821756.2384208
2021-03-26,20987099.705040444,2856840.9345156546
2021-03-29,20754765.71474466,2839714.0509032244
2021-03-30,20702238.7728392,2836680.7815143964
2021-03-31,21239527.008342087,2880559.644073461
2021-04-01,21857823.46804896,2931346.806164124
2021-04-05,22491305.38195604,2980448.7350397524
2021-04-06,22464286.58420043,2978951.80360337
2021-04-07,22388424.698160503,2976948.083016712
2021-04-08,22791905.931302488,3007567.284430452
2021-04-09,22991656.84348135,3023053.9037848287
2021-04-12,22840388.138712566,3012210.320413218
2021-04-13,23268167.893835284,3044056.9675887064
2021-04-14,22841665.508147288,3014058.881576114
2021-04-15,23370963.398255337,3053480.4500133293
2021-04-16,23406739.224930968,3056506.8674817905
2021-04-19,22991128.26384001,3026656.8948095487
2021-04-20,22608016.6039232,2998778.411700964
2021-04-21,23072612.226901785,3034512.127608584
2021-04-22,22673255.45841066,3005912.590105596
2021-04-23,23255142.66210954,3049141.895390518
2021-04-26,23616668.446797136,3075747.349365
2021-04-27,23465951.547096778,3065256.730076669
2021-04-28,23342525.2663914,3056804.243134388
2021-04-29,23424253.567331843,3063734.104059636
2021-04-30,23060773.13084236,3037728.664364367
2021-05-03,22846149.4074141,3023102.692065275
2021-05-04,22074858.972253736,2966255.0849831025
2021-05-05,21924473.938117348,2955212.163217489
2021-05-06,22065523.914979767,2966252.7035723347
2021-05-07,22405430.626163032,2992302.635630572
2021-05-10,21392787.156751063,2916135.927772989
2021-05-11,21354523.269412044,2913500.548074941
2021-05-12,20362733.858061872,2835724.5685733124
2021-05-13,20606198.927994955,2856096.683284799
2021-05-14,21435457.15438724,2922532.856631305
2021-05-17,21289570.833749928,2911519.286941984
2021-05-18,21072096.338595223,2895178.0170793543
2021-05-19,21057653.782096785,2894398.347689317
2021-05-20,21707591.94352803,2945827.513941903
2021-05-21,21520022.529374085,2931805.897958103
2021-05-24,22055815.76369736,2973266.12181134
2021-05-25,22041177.66780417,2972466.339485341
2021-05-26,22270880.49391568,2990129.680193683
2021-05-27,22262436.25237206,2989826.568513913
2021-05-28,22294355.196577888,2992609.778895821
2021-06-01,22254716.865128797,2990012.5183316027
2021-06-02,22309111.99196634,2994404.363195538
2021-06-03,21894614.760827582,2963604.971360926
2021-06-04,22467684.791653585,3007207.259576574
2021-06-07,22658869.08755797,3021913.711527073
2021-06-08,22782685.29705299,3031387.7931636563
2021-06-09,22740549.59537891,3028595.0646178103
2021-06-10,23060178.61450925,3052305.1123658144
2021-06-11,23178626.872276723,3063064.9227773314
2021-06-14,23492397.74209422,3085936.470246042
2021-06-15,23179712.396862257,3063959.825222856
2021-06-16,23074475.24380327,3056808.643164662
2021-06-17,23439434.42401171,3083372.176040752
2021-06-18,23038308.26968641,3054929.352022408
2021-06-21,23370874.26341652,3079192.769218409
2021-06-22,23708830.024467755,3103607.2457504487
2021-06-23,23762643.42155604,3107700.955650833
2021-06-24,24058937.05038145,3129110.2002139087
2021-06-25,24026437.38079132,3127155.1361316303
2021-06-28,24456450.065991253,3157742.506887966
2021-06-29,24541088.83290668,3163876.0564050814
2021-06-30,24459019.45093834,3158642.1098729866
2021-07-01,24513910.512525845,3162730.8971946267
2021-07-02,24883265.86750301,3188275.992393001
2021-07-06,24955843.944797896,3193646.2456802665
2021-07-07,24957180.58629626,3194031.534713193
2021-07-08,24615307.857537206,3171177.884600838
2021-07-09,25067143.956802137,3202211.967962018
2021-07-12,25165720.139881477,3209110.060227273
2021-07-13,24979715.671983,3197078.2060197634
2021-07-14,24871350.039863758,3190031.5873230314
2021-07-15,24541857.96127545,3167928.563486236
2021-07-16,24170504.89873972,3142759.759544319
2021-07-19,23689935.754978266,3109667.061239291
2021-07-20,24381834.697398983,3158515.432669551
2021-07-21,24802186.132021934,3187579.401381838
2021-07-22,24969089.57487221,3199125.003551964
2021-07-23,25456871.99466304,3232400.3527239934
2021-07-26,25465986.189838503,3233287.6976907733
2021-07-27,24873374.15313306,3194120.484488757
2021-07-28,25199435.406681232,3216419.413449346
2021-07-29,25247253.314281408,3219912.230440993
2021-07-30,24900961.02715301,3196984.9290410504
2021-08-02,24924655.4222571,3198889.2551358147
2021-08-03,25181147.58559216,3216444.6639270443
2021-08-04,25241505.992048997,3220713.6403084127
2021-08-05,25614244.96297945,3245759.730745491
2021-08-06,25415740.5629071,3232901.9395755967
2021-08-09,25493127.15473507,3238300.3269646266
2021-08-10,25253604.87176006,3222667.75628778
2021-08-11,25174309.83237376,3217743.1066312734
2021-08-12,25336946.254552163,3228960.2443800857
2021-08-13,25356453.872678563,3230484.339436262
2021-08-16,25258411.410386574,3224210.3844280136
2021-08-17,24805848.58140188,3194302.4061785145
2021-08-18,24382660.306177523,3165986.32293744
2021-08-19,24430697.1902863,3169522.7942120885
2021-08-20,24983381.942912992,3207276.961276771
2021-08-23,25726309.38319347,3257047.15540774
2021-08-24,25980707.80540787,3273940.9497983847
2021-08-25,26052227.125236973,3278827.5486067864
2021-08-26,25727231.63025806,3257968.4485666268
2021-08-27,26337742.73134193,3298087.853137954
2021-08-30,26797409.18040968,3327898.0319560687
2021-08-31,26772603.267279997,3326527.724067119
2021-09-01,26941557.51858228,3337537.414343475
2021-09-02,27014228.448061805,3342369.368799575
2021-09-03,27113621.732672434,3349499.39819518
2021-09-07,27148555.82574545,3351936.0248182854
2021-09-08,26837042.28307811,3332897.425134918
2021-09-09,26701105.330253214,3324606.806880587
2021-09-10,26243220.138693117,3295740.083807322
2021-09-13,26207680.9480984,3293657.770488136
2021-09-14,25975036.15758176,3278948.483447692
2021-09-15,26390989.07978089,3306014.4245302235
2021-09-16,26458183.515362404,3310539.1594904247
2021-09-17,25985525.339396883,3280536.8375697806
2021-09-20,24873891.563614484,3208638.955530177
2021-09-21,24978551.631647717,3215802.579642575
2021-09-22,25471777.290207136,3248688.169111496
2021-09-23,25985631.785114605,3282652.9311529235
2021-09-24,25968633.04840768,3281740.979625298
2021-09-27,25702900.38975932,3264866.9401454167
2021-09-28,24286578.468037512,3172627.4773847256
2021-09-29,24173837.355464756,3165235.4419196714
2021-09-30,23965952.58118311,3151382.544354084
2021-10-01,24342578.152209885,3177220.7784603653
2021-10-04,23334797.520116907,3109414.6298293048
2021-10-05,23893535.42446156,3148390.395783734
2021-10-06,24108585.605181176,3163315.3773750365
2021-10-07,24597183.931210868,3196570.4562320365
2021-10-08,24351942.297306634,3180399.9001824865
2021-10-11,24046486.80022094,3160114.348603017
2021-10-12,23976731.846135,3155765.518082646
2021-10-13,24315738.71461505,3178903.597048037
2021-10-14,25135303.24550183,3233909.01724178
2021-10-15,25379471.281400345,3250110.402332824
2021-10-18,25794828.99110237,3277342.9933078564
2021-10-19,26155632.028043497,3300826.6110640047
2021-10-20,26128998.086495973,3299288.472998755
2021-10-21,26448416.28642951,3319880.6730640647
2021-10-22,26016531.853334457,3292577.144636597
2021-10-25,26480062.73759857,3322441.0245128926
2021-10-26,26509126.930745862,3324483.9142401894
2021-10-27,26508298.956879534,3324591.409492088
2021-10-28,27236501.634626392,3370991.9494793685
2021-10-29,27411134.356461693,3382041.713232981
2021-11-01,27752100.55074866,3403405.1881066803
2021-11-02,27941206.59768033,3415200.421677968
2021-11-03,28515869.35943312,3450630.61255758
2021-11-04,28976718.78238876,3478805.9732772456
2021-11-05,29089022.244091023,3485715.39476189
2021-11-08,29127495.74445563,3488148.994610132
2021-11-09,28778322.321235303,3467319.2694809325
2021-11-10,27824838.22116892,3409819.549926752
2021-11-11,28113380.70304709,3427704.308402969
2021-11-12,28672099.901538126,3461983.707926328
2021-11-15,28645766.21930449,3460514.1543049887
2021-11-16,29077908.131242763,3486792.006787645
2021-11-17,28887300.294507604,3475461.097751189
2021-11-18,29147970.218165748,3491290.945686992
2021-11-19,29379314.16686961,3505285.891311907
2021-11-22,28638337.637261786,3461124.834987441
2021-11-23,28350680.14286286,3443826.0165765258
2021-11-24,28601469.10838225,3459209.340719881
2021-11-26,27327592.58924393,3382102.94058742
2021-11-29,28351779.371773217,3445751.001834581
2021-11-30,27472529.77395568,3392313.47922569
2021-12-01,26472257.855387792,3330467.54720978
2021-12-02,26911631.85594433,3358334.2383162677
2021-12-03,25880078.088000536,3293818.6287046
2021-12-06,26356345.11196418,3324395.4584894963
2021-12-07,27950145.99969588,3425301.498718812
2021-12-08,28305529.40454782,3447233.805167495
2021-12-09,27339834.028575663,3388441.861926993
2021-12-10,27737394.66973242,3413247.833957016
2021-12-13,26967177.304222368,3365873.1646134607
2021-12-14,26353674.27907937,3327597.804789668
2021-12-15,27484639.830916777,3399292.708643546
2021-12-16,26127461.96638056,3315262.489443345
2021-12-17,26089796.73004581,3312993.7257806733
2021-12-20,25442347.470365576,3271852.7529135505
2021-12-21,26661058.53684149,3350587.65553682
2021-12-22,27287638.402855966,3390155.212280724
2021-12-23,27748721.556033783,3418952.7428757465
2021-12-27,28519994.113573503,3466624.8190381154
2021-12-28,28197941.238226667,3447149.885520092
2021-12-29,28142092.19169628,3443846.3457585624
2021-12-30,28053629.053189386,3438541.775728462
2021-12-31,27709134.147349466,3417524.833333387
2022-01-03,28373529.592230868,3458636.257210685
2022-01-04,27620564.238656648,3412827.128248457
2022-01-05,25774882.269339018,3298755.90935506
2022-01-06,25708256.012454543,3294616.1172294286
2022-01-07,25214445.633398674,3263026.113675888
2022-01-10,25237060.839735355,3264617.724301999
2022-01-11,25946695.76153308,3310710.442696368
2022-01-12,26065657.780847557,3318422.8054478117
2022-01-13,24757660.085346144,3235132.606357874
2022-01-14,25047100.625818897,3254205.205433401
2022-01-18,23748901.058207493,3169758.103208135
2022-01-19,23204675.6457208,3133422.592851099
2022-01-20,22604527.434705146,3092802.7220656783
2022-01-21,21385963.02694962,3008728.029250785
2022-01-24,21648517.85036225,3027637.913464871
2022-01-25,20675132.47389159,2958692.337049586
2022-01-26,20680274.010707814,2959381.228895094
2022-01-27,20112252.27199247,2918074.950623337
2022-01-28,21346498.430903487,3009446.960553696
2022-01-31,22790290.672594704,3112082.4315188834
2022-02-01,23128055.91225388,3135348.7575198608
2022-02-02,23357567.69848773,3151060.770400239
2022-02-03,21617937.402536277,3033392.531947767
2022-02-04,22296201.068505604,3081371.39571317
2022-02-07,22035788.63262238,3063447.9207633063
2022-02-08,22595429.486226644,3102597.4121720805
2022-02-09,23535637.111142628,3167352.9282090594
2022-02-10,22546408.90154643,3100819.349698574
2022-02-11,21295436.21523568,3014662.317508462
2022-02-14,21293623.09960273,3014683.716103619
2022-02-15,22367386.072127245,3091011.596305095
2022-02-16,22317290.083973687,3087659.6802807893
2022-02-17,21031873.14876767,2998678.2338832887
2022-02-18,20515539.538460087,2961880.369441407
2022-02-22,20012623.974744886,2925539.5433899867
2022-02-23,18992692.621396583,2850395.669737333
2022-02-24,20249720.753993217,2945808.3009596025
2022-02-25,20911933.616060782,2994203.556894206
2022-02-28,21084648.99410197,3006689.335424314
2022-03-01,20413131.234554514,2958890.463797127
2022-03-02,21074660.92272439,3006967.907177173
2022-03-03,20418199.501450628,2960229.7231649505
2022-03-04,19740767.471320197,2911210.6423245748
2022-03-07,18311899.968430083,2805777.37976823
2022-03-08,18209395.10216089,2798100.9585647173
2022-03-09,19516809.312103342,2898759.306091707
2022-03-10,19146629.62168105,2871363.999137887
2022-03-11,18311737.13111568,2808854.723246706
2022-03-14,17562645.522517372,2751494.968956456
2022-03-15,18588069.867687657,2831910.4268013528
2022-03-16,19731081.07890559,2938689.854756221
2022-03-17,20163162.475412317,2977740.371242864
2022-03-18,20882727.62752338,3038845.4497226365
2022-03-21,20731318.953966115,3026805.175806719
2022-03-22,21446212.83588085,3086011.5764569063
2022-03-23,20936066.78070472,3045353.1396311168
2022-03-24,21656535.99505766,3104317.781410388
2022-03-25,21589905.76822988,3099461.293957673
2022-03-28,22097537.3629081,3140134.2621158888
2022-03-29,22840542.00429057,3198120.736206103
2022-03-30,22329127.12538869,3159396.2641797857
2022-03-31,21703133.053180963,3110961.375271184
2022-04-01,21804894.333917905,3120000.565172669
2022-04-04,22558679.314739987,3179372.648734786
2022-04-05,21632508.77605801,3107606.7214013683
2022-04-06,20774682.455172382,3038688.115421592
2022-04-07,20793346.993999276,3040615.6646123906
2022-04-08,20301542.030968737,2999927.184916152
2022-04-11,19536328.83492344,2934569.515221033
2022-04-12,19431370.64852093,2925802.032443719
2022-04-13,20106832.16227877,2985391.651948278
2022-04-14,19366777.762876064,2921457.8613732364
2022-04-18,19315806.66250396,2917431.205055039
2022-04-19,20026696.42771437,2980368.5615564943
2022-04-20,19600558.9505566,2943984.932268388
2022-04-21,18913288.45226837,2883127.3700550757
2022-04-22,18121587.66626169,2809806.090614512
2022-04-25,18496838.16149192,2846104.767408257
2022-04-26,17339201.29093017,2733659.9547991334
2022-04-27,17331054.549587216,2733328.7948494204
2022-04-28,18168006.213850558,2817129.888691896
2022-04-29,16992253.977548923,2699690.29582268
2022-05-02,17384323.818584874,2743830.7150879903
2022-05-03,17434787.705497738,2749967.709079201
2022-05-04,18322310.29233264,2837826.4629459465
2022-05-05,16896807.481564537,2696237.592724774
2022-05-06,16540872.916387904,2658426.9347540163
2022-05-09,15542427.514266388,2544355.229275147
2022-05-10,15743678.828908175,2569462.5840787203
2022-05-11,15076583.768281866,2487777.2468034374
2022-05-12,15082354.737581078,2489307.513513895
2022-05-13,15833389.124786442,2584385.9485905934
2022-05-16,15570243.814987168,2553314.4511110554
2022-05-17,16159356.05688602,2623810.925568607
2022-05-18,15133033.739219207,2499876.3079120214
2022-05-19,15074264.514675695,2493444.207409813
2022-05-20,15012920.32485385,2486085.7766879294
2022-05-23,15310589.226199497,2525698.026396593
2022-05-24,14852599.994087482,2466461.0766828884
2022-05-25,15128040.311273515,2503806.4644833533
2022-05-26,15656215.294479096,2570849.65800485
2022-05-27,16383115.905339297,2656414.1445558933
2022-05-31,16281349.919977278,2645585.52477774
2022-06-01,16081581.845060697,2626612.631652823
2022-06-02,16707897.11540538,2697284.943921998
2022-06-03,16098747.195746468,2630738.8227267726
2022-06-06,16186495.012946395,2641453.3433647365
2022-06-07,16402956.02390201,2666451.7775402097
2022-06-08,16223543.00871999,2647032.261636764
2022-06-09,15593081.425177552,2574374.906424064
2022-06-10,14870658.013209589,2483717.0130837047
2022-06-13,13983964.536620753,2367521.514785809
2022-06-14,13997315.227744674,2371765.506850799
2022-06-15,14523113.8897699,2431136.275145808
2022-06-16,13635149.2403496,2331958.7989759417
2022-06-17,13917749.87185628,2365363.6929517803
2022-06-21,14438811.933028685,2424771.280335747
2022-06-22,14403334.958439425,2421276.021573212
2022-06-23,14758678.001750648,2460569.3950166474
2022-06-24,15532011.193863096,2542871.136831348
2022-06-27,15352249.475584738,2524733.5410355204
2022-06-28,14634359.781732043,2449649.003852084
2022-06-29,14624161.601331584,2448907.602160397
2022-06-30,14323476.808618965,2416289.5147940954
2022-07-01,14501425.057098426,2438060.943779053
2022-07-05,14890617.163771035,2480709.089524247
2022-07-06,14969248.098818518,2489446.5899682827
2022-07-07,15509028.35055834,2546363.804857684
2022-07-08,15535747.122377224,2549483.211490883
2022-07-11,14974568.241047911,2491979.9414218497
2022-07-12,14749404.42968731,2468402.837229878
2022-07-13,14711440.929656992,2464703.500798273
2022-07-14,14715770.153080896,2465553.3273829464
2022-07-15,15125498.399019947,2509708.879907593
2022-07-18,14929812.460142694,2489526.441097864
2022-07-19,15665795.86521634,2566966.823909881
2022-07-20,16062796.089742435,2607461.588387182
2022-07-21,16419515.119294364,2643018.4418856264
2022-07-22,15911525.50618109,2593660.1507015843
2022-07-25,15795207.271368964,2582447.800365598
2022-07-26,15316437.497317126,2534269.308006099
2022-07-27,16324297.032571089,2637310.68157326
2022-07-28,16613979.435935048,2665904.6037185765
2022-07-29,17133639.04362023,2715965.192559266
2022-08-01,17067306.38054619,2711271.164878637
2022-08-02,17016861.259305917,2706903.3561206204
2022-08-03,17763336.708737243,2776981.799973067
2022-08-04,17886541.34553184,2788538.866539337
2022-08-05,17730491.11333914,2774788.0942673697
2022-08-08,17695700.2729103,2771984.605076717
2022-08-09,17331864.269380316,2739050.5713472757
2022-08-10,18188928.02628979,2818229.52650006
2022-08-11,18002200.60705924,2801878.151484857
2022-08-12,18653228.34837239,2860543.6127284816
2022-08-15,18852473.25170657,2878339.811101413
2022-08-16,18785012.16432562,2872817.4390764893
2022-08-17,18369368.775253527,2836833.5839541685
2022-08-18,18433195.270686597,2842869.3698098846
2022-08-19,17788281.243224807,2785901.335587696
2022-08-22,17009116.23932585,2715000.3512240103
2022-08-23,17004001.605009113,2715005.677800272
2022-08-24,17117643.34935349,2726084.996957957
2022-08-25,17603199.652873393,2771704.623198522
2022-08-26,16423139.351436514,2662659.2345354897
2022-08-29,16139666.766971985,2635520.832053127
2022-08-30,15837497.061096525,2606080.580678445
2022-08-31,15687787.16454434,2591462.199451872
2022-09-01,15612237.833065256,2584709.735715736
2022-09-02,15276457.690414222,2550936.9476287863
2022-09-06,15091043.266587486,2532146.6687130686
2022-09-07,15610146.247557282,2586379.358632237
2022-09-08,15758871.060531648,2601844.741953075
2022-09-09,16305891.242148766,2656781.2124050776
2022-09-12,16650290.937794724,2690645.7469793432
2022-09-13,15224581.290243544,2551895.942475385
2022-09-14,15403145.277255047,2570845.328417825
2022-09-15,15044101.49358548,2534203.1354621933
2022-09-16,14824257.153707236,2511458.120357704
2022-09-19,14999097.644793997,2530519.7282963493
2022-09-20,14765213.623952676,2506455.1333916998
2022-09-21,14344736.939409304,2461572.26439661
2022-09-22,14036968.635654137,2427980.992565702
2022-09-23,13649123.394858873,2384405.9395908057
2022-09-26,13523153.396698669,2370199.675261149
2022-09-27,13568998.627670582,2376087.873794296
2022-09-28,13982448.862954684,2424883.846635592
2022-09-29,13378541.51539182,2356017.105343811
2022-09-30,13078939.533003116,2320551.484201742
2022-10-03,13497894.970669298,2373226.8605973367
2022-10-04,14178524.331447937,2452493.2142749545
2022-10-05,14118935.630515795,2446457.7914237725
2022-10-06,13967203.236680187,2429985.606000891
2022-10-07,13161121.917858316,2337676.926709927
2022-10-10,12958335.410601849,2313526.999913007
2022-10-11,12749500.25185807,2288145.119083216
2022-10-12,12729674.682844397,2286204.515647817
2022-10-13,13134275.77645877,2337186.3246391416
2022-10-14,12546592.969208011,2265307.789740118
2022-10-17,13159484.967790376,2343146.608786657
2022-10-18,13330930.92226624,2364404.494273621
2022-10-19,13158054.965011094,2344291.9694065917
2022-10-20,13035276.44715521,2329933.729450159
2022-10-21,13475780.175222725,2383739.7935231025
2022-10-24,13645592.887647558,2404186.309266161
2022-10-25,14113196.104577497,2458354.4335499643
2022-10-26,13665090.224349923,2408335.4505142453
2022-10-27,13325483.593770225,2369248.1821897863
2022-10-28,13899815.98925099,2437308.7433659825
2022-10-31,13675649.45098164,2412274.6634673523
2022-11-01,13473122.552180324,2390971.250664874
2022-11-02,12794932.40488882,2310665.8018125263
2022-11-03,12473198.827990584,2270794.5248755766
2022-11-04,12695327.126535542,2299897.182564152
2022-11-07,12847238.73749744,2319551.545219915
2022-11-08,12934529.698703412,2330953.806814609
2022-11-09,12467061.409879103,2273256.870201418
2022-11-10,13811354.90823912,2440400.311171544
2022-11-11,14211956.302554198,2486389.247945467
2022-11-14,13956346.06276154,2458537.417166905
2022-11-15,14269060.094483385,2494210.7639340344
2022-11-16,13918758.718643704,2455896.5285085114
2022-11-17,13839169.497697314,2447456.561296306
2022-11-18,13836497.595483933,2447756.3105945177
2022-11-21,13598508.14082855,2421121.363218727
2022-11-22,13878907.324843444,2454099.0249854703
2022-11-23,14089885.138969362,2478515.296955747
2022-11-25,13969316.011516232,2465625.3488899725
2022-11-28,13620304.673851851,2426840.533081136
2022-11-29,13489553.0185166,2412464.0603947723
2022-11-30,14412748.897498442,2518874.928305445
2022-12-01,14431782.645732816,2522108.7971128765
2022-12-02,14384346.293671684,2517567.157700333
2022-12-05,13935436.38354354,2468960.5990825053
2022-12-06,13495023.042878982,2419584.8236690667
2022-12-07,13380465.58985801,2407266.545713617
2022-12-08,13607331.220389923,2434442.1875058995
2022-12-09,13454566.7407269,2417501.697862968
2022-12-12,13712857.783210788,2448121.2501108386
2022-12-13,13925832.495768692,2473019.263815337
2022-12-14,13753082.1531562,2454202.315390655
2022-12-15,13061253.629311878,2375091.1534889657
2022-12-16,12863734.19371496,2352052.641882575
2022-12-19,12576142.057507044,2317091.780730806
2022-12-20,12572539.413364952,2317384.2559512
2022-12-21,12849685.439533949,2353090.7347019385
2022-12-22,12431956.815951724,2301896.462301009
2022-12-23,12463847.630267438,2306728.2066262574
2022-12-27,12211081.61452632,2275003.145088608
2022-12-28,11973848.470335322,2244307.014266025
2022-12-29,12406996.812532073,2302548.561594603
2022-12-30,12382027.812512008,2300052.236965944
2023-01-03,12237874.445089148,2282636.547330936
2023-01-04,12353383.10747995,2298465.0707000988
2023-01-05,12088019.701250996,2264781.638939366
2023-01-06,12523385.337948892,2322865.762076205
2023-01-09,12634133.58794896,2337505.414943156
2023-01-10,12818271.643147694,2361073.044475104
2023-01-11,13155753.84000172,2402677.498261668
2023-01-12,13278886.290348835,2417994.692506501
2023-01-13,13420522.779748434,2435209.638502144
2023-01-17,13443733.357407482,2438773.4873502622
2023-01-18,13176899.232013294,2408476.195313506
2023-01-19,12975370.677470893,2385510.437278904
2023-01-20,13504291.205592148,2448909.659361304
2023-01-23,13931766.85450372,2498203.7636303464
2023-01-24,13864856.136377806,2491637.5226350385
2023-01-25,13818294.92541492,2487100.3361527203
2023-01-26,14206341.06495222,2530918.1551140263
2023-01-27,14423368.978690969,2555007.168066173
2023-01-30,13952688.256171806,2504964.6059761425
2023-01-31,14327210.382691164,2546959.084016785
2023-02-01,14795192.385774847,2597976.388889038
2023-02-02,15608798.308384689,2682575.723729444
2023-02-03,15177718.37191089,2640013.668076449
2023-02-06,14912599.111563075,2613801.607417875
2023-02-07,15391194.088337123,2663631.237303978
2023-02-08,14943957.387902183,2618998.6806514645
2023-02-09,14681390.18097726,2592467.7168467185
2023-02-10,14525428.374089172,2576815.7662470136
2023-02-13,14882891.642540814,2615067.151904107
2023-02-14,15022234.247179393,2630162.2161279256
2023-02-15,15255203.28914262,2654511.630365048
2023-02-16,14783657.61844797,2607345.799233714
2023-02-17,14633452.303875769,2592329.9760655384
2023-02-21,14010990.75596058,2527520.1126236846
2023-02-22,14035359.580200933,2530828.793384193
2023-02-23,14199258.793948645,2549216.406077608
2023-02-24,13794044.57798228,2506287.237477286
2023-02-27,13930503.72316289,2522191.928480294
2023-02-28,13901583.375700705,2519735.6286534
2023-03-01,13742845.699641144,2503065.724984913
2023-03-02,13904191.90125851,2521492.240085275
2023-03-03,14358294.75851448,2571271.5540918047
2023-03-06,14325188.28430137,2568413.830559241
2023-03-07,14018256.47709584,2536487.850212462
2023-03-08,14103943.935580714,2546594.893758327
2023-03-09,13613702.24544502,2494375.009410883
2023-03-10,13211713.051761184,2450554.2968890434
2023-03-13,13302665.008863706,2461601.6799950944
2023-03-14,13766129.866503876,2514309.8271744684
2023-03-15,13772056.047786327,2515667.623051811
2023-03-16,14342200.744275656,2578042.599182217
2023-03-17,14153422.040224217,2559012.6851934018
2023-03-20,14241821.980343975,2568981.4378223456
2023-03-21,14623741.51265928,2609653.8053447423
2023-03-22,14214076.56906955,2567875.9674991225
2023-03-23,14454739.22389238,2593778.8804697488
2023-03-24,14527450.098867266,2601885.450912049
2023-03-27,14404912.805721764,2589818.111271994
2023-03-28,14288551.401175763,2578269.606558703
2023-03-29,14728247.269667989,2624579.3585501816
2023-03-30,14912140.94108374,2643838.235673938
2023-03-31,15364074.083844028,2689773.2586673778
2023-04-03,15287025.841659777,2682693.5783607485
2023-04-04,15142389.367905172,2668865.772710183
2023-04-05,14851895.70601457,2640434.519482393
2023-04-06,15046244.13205816,2660547.8456956623
2023-04-10,15033724.529547269,2659818.921665117
2023-04-11,14913864.296689069,2648331.077125686
2023-04-12,14684836.403422724,2625824.095796718
2023-04-13,15196275.5570973,2678038.3430572776
2023-04-14,15097022.545197489,2668681.016054949
2023-04-17,15168752.62944845,2676283.8436644115
2023-04-18,15154984.39496801,2675398.897222968
2023-04-19,15159599.813894972,2676303.5841886858
2023-04-20,14938070.589679023,2654865.9468009
2023-04-21,14962593.0728905,2657769.129584638
2023-04-24,14880607.312913356,2650069.9225460785
2023-04-25,14352975.7594502,2597726.9168964373
2023-04-26,14467634.137869734,2609939.388938592
2023-04-27,15088297.335718175,2673385.6135501787
2023-04-28,15272843.693587773,2692018.5675113173
2023-05-01,15237578.998808628,2689004.477695877
2023-05-02,14937222.784345103,2659984.5888773943
2023-05-03,14811244.680132518,2647898.0108535565
2023-05-04,14677669.840840846,2634985.129288208
2023-05-05,15265781.28579188,2694283.452411474
2023-05-08,15310611.330670558,2699084.1335148844
2023-05-09,15132873.6581754,2682110.800943446
2023-05-10,15414070.05980188,2710117.7884515207
2023-05-11,15461013.624014098,2715042.412527934
2023-05-12,15358543.757575186,2705467.924336005
2023-05-15,15537619.91264638,2723254.185385169
2023-05-16,15484142.02628415,2718438.578870527
2023-05-17,15839312.543043915,2753195.687748107
2023-05-18,16269766.972835597,2794726.777087007
2023-05-19,16194479.17150552,2787978.879750769
2023-05-22,16337997.762978315,2801894.933513587
2023-05-23,15959213.99910767,2766603.0469922908
2023-05-24,15780486.300830884,2749908.870439914
2023-05-25,16268768.04827931,2797097.029362448
2023-05-26,16913751.867439244,2858312.648836865
2023-05-30,17010127.374347504,2867575.116267045
2023-05-31,16810615.61385915,2849549.066213001
2023-06-01,17201037.830460187,2886117.29318836
2023-06-02,17533989.468597695,2916981.2344595063
2023-06-05,17503181.17473828,2914552.4848093498
2023-06-06,17613970.464906573,2924974.215153938
2023-06-07,17193048.283062916,2887255.793351748
2023-06-08,17510894.718567867,2916763.344882089
2023-06-09,17557673.058154147,2921375.897965754
2023-06-12,18047085.10876279,2966123.8740333384
2023-06-13,18318397.735700324,2990739.8328119465
2023-06-14,18447098.85775047,3002524.3279365143
2023-06-15,18769418.06433599,3037044.4906733558
2023-06-16,18543364.917185523,3016569.1635209266
2023-06-20,18466549.436771777,3011731.4105999144
2023-06-21,18086861.114698667,2975423.8314065286
2023-06-22,18361362.551225036,3003791.8881425527
2023-06-23,18045522.36529532,2973432.1882046843
2023-06-26,17692162.140277207,2938961.3588844384
2023-06-27,18157236.561246224,2987490.979314437
2023-06-28,18231203.58597472,2995513.683714766
2023-06-29,18213485.781392485,2995492.458025092
2023-06-30,18652946.23674209,3038891.6501220856
2023-07-03,18709165.94858105,3045322.5299403146
2023-07-05,18644273.209093597,3039858.5853609843
2023-07-06,18377178.756216247,3015110.1812195685
2023-07-07,18329362.131430656,3011143.8381836605
2023-07-10,18374067.69237974,3016673.3818728034
2023-07-11,18539323.05188569,3033325.797890404
2023-07-12,18892674.79888183,3068283.848635585
2023-07-13,19403477.06590152,3116767.6245455365
2023-07-14,19337462.641826823,3111359.357039914
2023-07-17,19646579.395809952,3140367.4451132226
2023-07-18,19902292.334502853,3164403.325882262
2023-07-19,19905824.04710602,3165444.257761768
2023-07-20,19174179.785679743,3100546.322477246
2023-07-21,19093189.193612035,3093895.791657714
2023-07-24,19146916.133117,3099715.177389644
2023-07-25,19340918.57408918,3118681.885193306
2023-07-26,19292877.182861287,3114946.290946786
2023-07-27,19098514.650366925,3098005.138646862
2023-07-28,19716310.37184848,3156852.294189373
2023-07-31,19780870.737211525,3163401.258443206
2023-08-01,19612000.61174076,3149781.010286397
2023-08-02,18857071.174616054,3081395.6970251705
2023-08-03,18818350.817046247,3078441.2496470152
2023-08-04,18687305.26946122,3067382.6496648057
2023-08-07,18880204.91491649,3086235.9165390385
2023-08-08,18615265.01619517,3062033.0391370454
2023-08-09,18234316.79927646,3026312.3052938404
2023-08-10,18262785.48992304,3029906.6068578013
2023-08-11,18036568.106185723,3009436.631050697
2023-08-14,18355617.562716875,3041153.5857074987
2023-08-15,17986420.804666925,3006536.262678281
2023-08-16,17630633.417035554,2972107.0436308794
2023-08-17,17280075.00432812,2937393.783191111
2023-08-18,17215894.26354525,2931695.7905339217
2023-08-21,17658232.175309185,2977383.8886749013
2023-08-22,17665797.512590297,2979281.2939462746
2023-08-23,18133016.49521967,3026814.7490792195
2023-08-24,17549856.01277416,2970180.093702171
2023-08-25,17823212.066954043,2998196.833716527
2023-08-28,18071145.49993753,3023523.232260385
2023-08-29,18595385.652452946,3076239.96056206
2023-08-30,18764968.083492443,3092980.827171009
2023-08-31,18794146.461222127,3096509.45876273
2023-09-01,18779866.10630296,3095885.9657394034
2023-09-05,18747688.095850773,3093563.7363951444
2023-09-06,18391449.66873596,3060876.8602363807
2023-09-07,18099812.34921989,3033669.3947874177
2023-09-08,18118216.156328544,3036543.9139046613
2023-09-11,18470976.511337392,3071117.616054516
2023-09-12,18126873.47078488,3039354.108826031
2023-09-13,18210580.256425224,3048248.550148336
2023-09-14,18436429.31367127,3073137.697029195
2023-09-15,17926387.059930816,3025165.4622494066
2023-09-18,17922170.10845329,3025659.024837694
2023-09-19,17842296.30064943,3018658.118923815
2023-09-20,17368159.268420238,2972592.140357734
2023-09-21,16830363.548861098,2918559.2565259
2023-09-22,16794695.937877066,2915942.6041113557
2023-09-25,16912397.753533483,2929146.4855802804
2023-09-26,16465534.226618402,2883372.0392623087
2023-09-27,16519302.002106886,2889894.317207682
2023-09-28,16739251.702757165,2913896.2762206546
2023-09-29,16767030.819129577,2917947.6020265818
2023-10-02,16939490.390398264,2937540.7876937543
2023-10-03,16406892.530679524,2882801.3336121654
2023-10-04,16763511.810427662,2921840.1497556623
2023-10-05,16712185.703455923,2918338.062371585
2023-10-06,17158607.78933813,2965099.296500455
2023-10-09,17267467.461495794,2976848.171389421
2023-10-10,17419079.994454443,2994271.0907679885
2023-10-11,17628066.232587006,3015721.736222384
2023-10-12,17428591.2501574,2996926.0789993973
2023-10-13,17053750.02292013,2960129.424895709
2023-10-16,17395738.817447346,2995691.2613246823
2023-10-17,17303202.5061395,2988204.799591996
2023-10-18,16805594.033012863,2939822.109556467
2023-10-19,16525935.987846447,2911602.9456421384
2023-10-20,16098965.21894678,2866987.4977928298
2023-10-23,16162717.139184669,2874678.3191563566
2023-10-24,16402115.617523164,2901584.961489275
2023-10-25,15745145.20535593,2831288.725638804
2023-10-26,15296442.674758969,2781535.192508653
2023-10-27,15375440.56381352,2792068.80735226
2023-10-30,15649219.950099258,2824481.719215897
2023-10-31,15756450.021109805,2838188.250643347
2023-11-01,16172834.445443004,2884684.8764966093
2023-11-02,16651893.239844125,2936150.9830987705
2023-11-03,17031070.39140016,2976878.9201308056
2023-11-06,17110793.853566248,2985894.8263359247
2023-11-07,17372719.85322319,3012708.892291821
2023-11-08,17389751.637533437,3015110.815230235
2023-11-09,17094909.67687073,2986697.8497548094
2023-11-10,17703116.651326545,3047879.292367952
2023-11-13,17584099.275707737,3041243.373388796
2023-11-14,18338379.11789765,3113469.2854920817
2023-11-15,18353928.537201043,3115633.13502439
2023-11-16,18370153.48706689,3117878.847176243
2023-11-17,18390535.79382134,3120562.1737485966
2023-11-20,18769856.51629194,3155773.316890051
2023-11-21,18557014.0184662,3137169.504991927
2023-11-22,18710503.631286416,3151798.892716849
2023-11-24,18666692.86307992,3148557.5676988265
2023-11-27,18636144.598298315,3146460.6932390025
2023-11-28,18729608.415257238,3155536.8989275093
2023-11-29,18664617.83837783,3150470.6570282285
2023-11-30,18579391.546685454,3143415.369985409
2023-12-01,18754442.30694657,3160904.1354679265
2023-12-04,18454753.073821586,3134565.287842326
2023-12-05,18557137.13297553,3144455.3826911594
2023-12-06,18345374.928460788,3126145.081752789
2023-12-07,18808349.55436929,3168930.6584810857
2023-12-08,18961253.06452582,3183144.652612634
2023-12-11,19026131.26809473,3189523.21133085
2023-12-12,19273504.80389348,3211899.8974419087
2023-12-13,19777484.952158477,3256300.2903597066
2023-12-14,19842718.82673021,3262477.51320495
2023-12-15,19972463.655488364,3274127.442041613
2023-12-18,20198936.332313143,3294293.550607188
2023-12-19,20452057.92800097,3316122.813746039
2023-12-20,19850056.442639694,3266408.8692971347
2023-12-21,20329223.85173014,3307583.191786116
2023-12-22,20399815.864769448,3314094.0618020147
2023-12-26,20608827.739531204,3332210.223745442
2023-12-27,20669019.8926778,3337729.4259923287
2023-12-28,20651860.16793588,3336915.830187328
2023-12-29,20421575.385583792,3318472.741901363
2024-01-02,19764418.37366294,3264300.556922459
2024-01-03,19309076.62870065,3225971.752982756
2024-01-04,19094292.690974817,3207940.280014316
2024-01-05,19123465.86809426,3211061.0464480664
2024-01-08,19933601.234482683,3281818.355292171
2024-01-09,19962516.00862674,3284978.5922046914
2024-01-10,20250851.520779707,3309806.374796645
2024-01-11,20246584.68418477,3310004.5829485524
2024-01-12,20247126.952147327,3310651.489144326
2024-01-16,20166398.378828604,3304448.497896866
2024-01-17,19926734.3515893,3284907.583567472
2024-01-18,20447252.84503407,3329216.932217582
2024-01-19,21124412.79848504,3385754.3020110736
2024-01-22,21253120.62932313,3396741.24336467
2024-01-23,21426128.112463597,3411339.903231319
2024-01-24,21574096.377158143,3423800.602655939
2024-01-25,21647648.51501521,3430202.558020517
2024-01-26,21489832.730367325,3418089.8990165438
2024-01-29,21960404.56691341,3456360.925196503
2024-01-30,21625630.10046854,3430314.9741481296
2024-01-31,20665651.19084445,3353896.234999332
2024-02-01,21192764.55656565,3397686.8317597946
2024-02-02,21918877.605226077,3456891.4649355304
2024-02-05,21825304.672128607,3450057.2003709865
2024-02-06,21851224.53830347,3452643.289178825
2024-02-07,22257158.686299533,3485382.746646384
2024-02-08,22355912.6331052,3493665.718145098
2024-02-09,22906142.794701435,3537315.494404077
2024-02-12,22763340.857806683,3526757.1604621275
2024-02-13,21941799.201045457,3463362.97534274
2024-02-14,22504931.634642866,3508475.346236752
2024-02-15,22632730.465342782,3518960.880343745
2024-02-16,22257213.787746057,3490169.509960696
2024-02-20,21844533.65256268,3458201.869430524
2024-02-21,21700436.223552894,3447241.931200958
2024-02-22,22974930.185005523,3549264.1893844847
2024-02-23,22841605.634628035,3539436.583225517
2024-02-26,22777734.185801957,3534969.493743928
2024-02-27,22940468.2059799,3548119.2575674783
2024-02-28,22685144.327718757,3528829.4934342653
2024-02-29,23089512.45280896,3560816.81271914
2024-03-01,23608897.114668865,3601400.335331729
2024-03-04,23408126.40748274,3586564.6878719097
2024-03-05,22629868.174751237,3527362.0025537303
2024-03-06,22885451.954303853,3547794.1662218748
2024-03-07,23570058.991952367,3601398.011490943
2024-03-08,23019879.511316385,3559818.565946604
2024-03-11,22826314.393188126,3545331.998285808
2024-03-12,23522697.878939804,3599942.2342543225
2024-03-13,23263434.09093688,3580580.3660778315
2024-03-14,23116637.84056846,3569767.631132051
2024-03-15,22666430.891634338,3535466.333434792
2024-03-18,23030752.121919703,3564386.4606687534
2024-03-19,23206672.074815158,3578491.159952277
2024-03-20,23782998.328219604,3623425.9764513858
2024-03-21,23871899.37931057,3630690.672826143
2024-03-22,23945093.5496082,3636749.48052661
2024-03-25,23810508.480603527,3627018.662597969
2024-03-26,23605369.80505065,3611881.341630535
2024-03-27,23842617.76426577,3630522.809420535
2024-03-28,23778998.807728164,3626168.4662187854
2024-04-01,23824137.103417844,3630100.288783736
2024-04-02,23364470.746363584,3595565.719522044
2024-04-03,23465747.15144913,3603845.130924061
2024-04-04,22802161.25785708,3553367.413296164
2024-04-05,23363734.672952823,3597609.168359403
2024-04-08,23374188.83489928,3598899.399447159
2024-04-09,23520503.643690918,3610649.254055051
2024-04-10,23122178.21398506,3580559.983328221
2024-04-11,23894420.32401222,3640837.793771988
2024-04-12,23112813.283655908,3581777.775335757
2024-04-15,22278785.551114425,3517630.497632036
2024-04-16,22218386.57968798,3513336.421306046
2024-04-17,21704097.014262825,3473143.0379892
2024-04-18,21472708.011567365,3455095.27742125
2024-04-19,20588753.63519552,3384423.498715871
2024-04-22,21040169.98673624,3421997.986206083
2024-04-23,21703513.73450721,3476412.6584754013
2024-04-24,21743238.88247493,3480063.469693992
2024-04-25,21458927.78091321,3457778.9881024184
2024-04-26,22323216.135401256,3527881.8921253867
2024-04-29,22472933.806937024,3540187.677218181
2024-04-30,21553319.505586915,3468228.243129299
2024-05-01,21404451.414620902,3456717.4742575246
2024-05-02,22045656.22981123,3508960.0471022124
2024-05-03,22918559.477770157,3578901.805897909
2024-05-06,23460816.076846007,3621722.060609306
2024-05-07,23407720.09471294,3618110.9911465137
2024-05-08,23317119.06143165,3611595.660594145
2024-05-09,23436388.08839959,3621318.326811746
2024-05-10,23415743.76154221,3620210.536533119
2024-05-13,23546317.35863268,3630791.2648180234
2024-05-14,23894377.71963336,3658114.772836212
2024-05-15,24558286.902748752,3709427.535000472
2024-05-16,24423561.44025061,3699751.6797823664
2024-05-17,24382027.403333955,3697103.536530503
2024-05-20,24694879.67611717,3721320.143968788
2024-05-21,24800425.393916424,3729773.196367998
2024-05-22,24703349.88740999,3722975.274108667
2024-05-23,24505241.47659652,3708547.910627429
2024-05-24,25040873.48354266,3749577.249261255
2024-05-28,25328618.25025045,3771624.859463981
2024-05-29,25027455.224489223,3749709.494554353
2024-05-30,24479078.845671665,3709133.99182108
2024-05-31,24467631.107944947,3708765.663088746
2024-06-03,24736058.57401674,3729608.490350886
2024-06-04,24814013.993847933,3735987.121810044
2024-06-05,25782557.797047447,3809401.467271437
2024-06-06,25732503.8357319,3806216.158360636
2024-06-07,25606967.63594308,3797443.858994376
2024-06-10,25778849.876725838,3810699.540706172
2024-06-11,26226031.45588388,3844263.9677633583
2024-06-12,27021326.49751861,3903069.0790386
2024-06-13,27196793.738506436,3916266.731768584
2024-06-14,27256411.003164954,3921085.927504408
2024-06-17,27596455.92947368,3958450.507263843
2024-06-18,27595584.476682182,3959699.8894017353
2024-06-20,27256675.00458687,3928616.949188578
2024-06-21,27163051.023039635,3921565.4647561326
2024-06-24,26716761.86774344,3878974.726678228
2024-06-25,27205088.69438392,3928024.2238104944
2024-06-26,27391357.67064735,3947518.767610549
2024-06-27,27496318.08610751,3959478.381184316
2024-06-28,27190860.824766107,3931619.224977631
2024-07-01,27527687.82138218,3964238.982302264
2024-07-02,27871486.9835247,3997471.752786646
2024-07-03,28257994.641813137,4032941.560535981
2024-07-05,28666316.040947963,4069503.522299736
2024-07-08,28783985.11520023,4080904.720413156
2024-07-09,28839870.7425155,4086667.16436686
2024-07-10,29406787.947645854,4135141.152885212
2024-07-11,28451955.10141421,4054512.593851764
2024-07-12,28732139.79243116,4080120.088910472
2024-07-15,28905705.07352357,4096654.650630023
2024-07-16,28991483.15652244,4104906.5545057207
2024-07-17,27697248.397473387,3991362.4255812895
2024-07-18,27384862.80455746,3963579.8466941896
2024-07-19,27038604.8070051,3931674.710488054
2024-07-22,27675182.30263689,3994009.7061934895
2024-07-23,27639562.22331385,3991837.889093307
2024-07-24,26171261.40975096,3846666.425239442
2024-07-25,25827045.943543453,3811115.981314882
2024-07-26,26186193.01514199,3850281.20128549
2024-07-29,26199623.43226227,3853105.301947537
2024-07-30,25713322.749360614,3803779.5270026103
2024-07-31,26682394.78456321,3904132.0603739303
2024-08-01,25820054.033269573,3814327.094245589
2024-08-02,24992023.042630896,3721691.522646863
2024-08-05,24061993.445899203,3593980.189478321
2024-08-06,24312555.2240495,3631063.5029544258
2024-08-07,24039209.348933905,3593203.9099167334
2024-08-08,24805098.26255575,3696279.1301453575
2024-08-09,24936717.10792132,3715288.081270185
2024-08-12,24988996.745974056,3723210.475489314
2024-08-13,25764955.285317957,3813602.5580936912
2024-08-14,25758998.40757034,3814800.595942168
2024-08-15,26592866.47429735,3904067.574993688
2024-08-16,26655720.94560054,3912419.481507867
2024-08-19,27191329.796811644,3966888.1445606383
2024-08-20,27042890.3331374,3953706.189546107
2024-08-21,27257663.509013493,3976446.123050936
2024-08-22,26575735.806109056,3910046.830199227
2024-08-23,27138508.435951862,3967492.234491784
2024-08-26,26766415.77764781,3933850.071114962
2024-08-27,26817184.2878582,3940390.924991666
2024-08-28,26366870.981746167,3896366.341037287
2024-08-29,26258081.622367837,3887670.4167678
2024-08-30,26680192.00464724,3931528.040757537
2024-09-03,25503952.56088525,3803486.155741416
2024-09-04,25391652.94358956,3792035.0594392777
2024-09-05,25463740.94850653,3801749.4021472754
2024-09-06,24661988.467838757,3704878.7196159656
2024-09-09,24991432.4767075,3747978.129946509
2024-09-10,25242856.12425116,3779428.433073186
2024-09-11,25966206.32561351,3861573.487655491
2024-09-12,26316240.3246766,3900324.473813046
2024-09-13,26552305.04658585,3925791.172605289
2024-09-16,26339313.86897452,3905494.303180139
2024-09-17,26393212.51290645,3913563.766017511
2024-09-18,26263278.57125776,3901499.8608727735
2024-09-19,27246128.756143857,3999429.338945991
2024-09-20,27071960.091130327,3984946.82169612
2024-09-23,27105394.242731795,3990803.034754103
2024-09-24,27328135.718621783,4013156.427352717
2024-09-25,27334109.270129222,4014959.731777805
2024-09-26,27569970.890860323,4039052.906953678
2024-09-27,27389071.20450749,4023450.7050503744
2024-09-30,27542384.221988056,4038996.741639333
2024-10-01,26902074.920619342,3977181.622820695
2024-10-02,26922838.17440165,3980553.8771258695
2024-10-03,26880522.69642195,3979174.430994675
2024-10-04,27377852.36448014,4027984.692220583
2024-10-07,26866910.05297601,3980567.567422311
2024-10-08,27457694.41987844,4038185.801627597
2024-10-09,27709510.35742376,4062422.606387709
2024-10-10,27673818.67893152,4060394.274493481
2024-10-11,27810620.64752088,4074014.160696265
2024-10-14,28196835.96402464,4109592.048043622
2024-10-15,27713265.510175727,4068133.608814173
2024-10-16,27825181.613182846,4079667.128004962
2024-10-17,27829412.392406527,4081214.540156293
2024-10-18,28099172.581664227,4107065.048868628
2024-10-21,28212436.544566505,4118371.2388441153
2024-10-22,28294549.409732915,4127301.301179374
2024-10-23,27522516.952825207,4060064.826336112
2024-10-24,27853623.42632826,4091004.058914212
2024-10-25,28082993.74133732,4114009.39712015
2024-10-28,28185568.676780205,4124899.677262616
2024-10-29,28553210.617830683,4157335.721137047
2024-10-30,28265754.855249785,4134147.2019097335
2024-10-31,26978977.831317943,4020320.8110220754
2024-11-01,27321187.7441888,4052580.9497496574
2024-11-04,27155432.536179826,4039359.975281571
2024-11-05,27780964.023026045,4097044.743904416
2024-11-06,29194544.478252,4218081.828607595
2024-11-07,29969166.16031518,4281728.605822388
2024-11-08,30007246.80469908,4285678.7400734825
2024-11-11,30027985.32479621,4288442.9373393
2024-11-12,29961349.841796644,4284687.557460222
2024-11-13,29808547.08624279,4273527.600008819
2024-11-14,29445118.4952762,4246280.174037081
2024-11-15,28281854.12068674,4151371.296511414
2024-11-18,28564808.77673914,4176291.8485726784
2024-11-19,29079144.25528484,4219874.79589176
2024-11-20,29008167.49206263,4215234.76097973
2024-11-21,29013373.313779604,4216730.700755738
2024-11-22,29087476.178496078,4223772.25247045
2024-11-25,29216908.66638266,4235250.242670455
2024-11-26,29536655.26348538,4261903.231897884
2024-11-27,29210486.884244934,4236705.678548187
2024-11-29,29637222.92343494,4271857.284954626
2024-12-02,30155716.814650036,4313254.428548777
2024-12-03,30366008.865289874,4330464.575775165
2024-12-04,31093857.3492925,4387076.4895610055
2024-12-05,30981366.38382149,4379431.776230196
2024-12-06,31443102.146834645,4414995.587756854
2024-12-09,31065030.591298606,4387738.959071503
2024-12-10,30909309.123263765,4376850.183998185
2024-12-11,31933880.58792765,4454243.728217097
2024-12-12,31524896.645787746,4424991.679556273
2024-12-13,31585342.870545726,4430406.45992324
2024-12-16,32324557.580802225,4485466.458121202
2024-12-17,32116639.19483454,4471158.923749279
2024-12-18,29964014.63196596,4311983.497945054
2024-12-19,29896540.189668737,4307656.950075363
2024-12-20,30456116.917793017,4352192.985973056
2024-12-23,31007263.539208945,4395052.560500267
2024-12-24,31791912.847625963,4454362.355024829
2024-12-26,31749821.07881689,4452073.134896589
2024-12-27,30844131.530936923,4385837.304242497
2024-12-30,30145380.71488184,4333628.380255348
2024-12-31,29629911.62879869,4294591.270864817
2025-01-02,29533089.52611099,4288021.722227052
2025-01-03,30497066.77946434,4363937.4374439325
2025-01-06,31203878.69248305,4418152.375284441
2025-01-07,30084399.990702003,4334787.261389356
2025-01-08,30037868.374593254,4332488.654708078
2025-01-10,29121837.619288668,4262029.129771352
2025-01-13,28905853.8475779,4245775.405381116
2025-01-14,28774285.791110795,4236154.284331327
2025-01-15,30076948.823494103,4340097.039757894
2025-01-16,29568824.259719327,4301731.121167868
2025-01-17,30397945.900544323,4366767.881616633
2025-01-21,30759131.586869564,4395029.784528096
2025-01-22,31501195.026097152,4451318.2376735145
2025-01-23,31626728.24808989,4461288.152819185
2025-01-24,31316142.418763947,4439285.81613479
2025-01-27,29487794.86859157,4303133.544019586
2025-01-28,30607917.905039027,4390393.966631309
2025-01-29,30299734.99375085,4367967.721461655
2025-01-30,30434274.92719727,4379069.263319013
2025-01-31,30264358.14959643,4367089.761633816
2025-02-03,29562575.19682268,4314799.956395023
2025-02-04,30310402.891462937,4373211.924803119
2025-02-05,30411779.676995344,4381840.520960568
2025-02-06,30698076.427886825,4404120.738735958
2025-02-07,29892561.45124495,4344458.890753726
2025-02-10,30441932.329188537,4387035.624778084
2025-02-11,30224306.378709026,4371471.637270687
2025-02-12,30232094.580604903,4372930.931179232
2025-02-13,31101907.83749646,4438838.68410731
2025-02-14,31336982.12766994,4456999.349985099
2025-02-18,31371961.942698512,4460330.300914854
2025-02-19,31409401.697008543,4463772.686570048
2025-02-20,31114144.098430056,4442982.418045684
2025-02-21,29784742.675215025,4345525.6071159085
2025-02-24,29084633.628905836,4292861.34843421
2025-02-25,28325093.76193425,4234973.09181781
2025-02-26,28452256.78180992,4245951.420912507
2025-02-27,26976332.13251895,4127893.1705582384
2025-02-28,27777876.43131253,4195406.403938723
2025-03-03,26432046.039608795,4084854.041743426
2025-03-04,26251921.02474788,4070475.4176841415
2025-03-05,26931927.4896284,4130136.3939228463
2025-03-06,25672178.82902828,4022606.370907992
2025-03-07,25970666.39278086,4050966.3862211136
2025-03-10,24226912.55778061,3889012.703158521
2025-03-11,24136398.477852613,3881931.928763317
2025-03-12,24588289.30938937,3929301.3699064422
2025-03-13,23814572.40343258,3852485.2937436025
2025-03-14,24789204.956216637,3953009.2213116097
2025-03-17,24901191.85639424,3965253.6085125855
2025-03-18,24187675.373529147,3897539.3043082897
2025-03-19,24729057.296881814,3952556.644222517
2025-03-20,24575148.40103029,3939478.034138061
2025-03-21,24775138.150101703,3960151.40668633
2025-03-24,25743763.735469468,4050328.431211624
2025-03-25,25942740.075889383,4068967.7537074215
2025-03-26,24992871.92360538,3986036.778303797
2025-03-27,24749557.17726976,3964977.7560886582
2025-03-28,23638271.15633153,3857944.2090679673
2025-03-31,23569178.98179429,3852757.657543658
2025-04-01,23877577.917605344,3886390.151056399
2025-04-02,24200927.37735892,3920148.6454559015
2025-04-03,22083942.9079039,3686285.129012108
2025-04-04,20918804.917899314,3471926.0142360427
2025-04-07,20899090.30726435,3475454.30844144
2025-04-08,20581040.114399876,3400841.6243322897
2025-04-09,24518352.61208789,3814572.450732258
2025-04-10,22824289.9270627,3650350.110446646
2025-04-11,23559729.0762652,3725538.850786677
2025-04-14,23791173.695825197,3749467.211643037
2025-04-15,23761896.55574512,3747705.1844801703
2025-04-16,22601291.272407766,3632842.686312584
2025-04-17,22549940.50395043,3628315.501864511
2025-04-21,21667392.540917747,3535825.191289884
2025-04-22,22555420.956015795,3631600.607550933
2025-04-23,23431145.19428697,3722503.904943042
2025-04-24,24463541.71431877,3824630.959721494
2025-04-25,24963859.098209977,3873047.902675075
2025-04-28,24916833.49758437,3869395.038683322
2025-04-29,25136376.868910275,3890696.589122409
2025-04-30,25089108.18208205,3887451.3065668247
2025-05-01,25720378.409158863,3946458.4368814486
2025-05-02,26367864.3605523,4006045.4450232624
2025-05-05,26027141.20248092,3976394.694958145
2025-05-06,25636190.09558204,3942042.883274496
2025-05-07,25744115.714221504,3952944.6980723753
2025-05-08,26204971.28557604,3995375.917287733
2025-05-09,26199911.927145552,3995644.715496854
2025-05-12,28170814.750960715,4169441.618075148
2025-05-13,28965781.96985413,4236790.524548846
2025-05-14,29328787.90713468,4267362.428492581
2025-05-15,29227661.13206082,4259776.990700353
2025-05-16,29489317.236840524,4281894.462725643
2025-05-19,29492838.712653425,4282968.493689018
2025-05-20,29286575.065963916,4266855.091370292
2025-05-21,28546335.47313424,4206758.788947641
2025-05-22,28681093.640338533,4218694.985583755
2025-05-23,28169516.704080176,4176770.781229696
2025-05-27,29394394.61574323,4279844.785344243
2025-05-28,29119136.722422898,4258051.49096132
2025-05-29,29314832.082643133,4274856.473942119
2025-05-30,29138259.91570287,4261114.455198382
2025-06-02,29481542.118298218,4289938.728151091
2025-06-03,29902937.22785589,4324897.816967703
2025-06-04,30066371.55682388,4338718.428623052
2025-06-05,29609527.040844183,4302694.66926615
2025-06-06,30241030.68049421,4354411.303924085
2025-06-09,30402935.133963782,4368180.468618061
2025-06-10,30743306.983735576,4395876.515405587
2025-06-11,30456435.172680408,4373882.635392601
2025-06-12,30580257.801663287,4384379.575932699
2025-06-13,29854959.62309801,4327476.376645705
2025-06-16,30664629.767008413,4393222.600796125
2025-06-17,30150303.18348528,4353161.545403089
2025-06-18,30213491.362483457,4358880.208902623
2025-06-20,29930087.838616207,4336938.037038542
2025-06-23,30433620.226877496,4377976.862226778
2025-06-24,31219244.29952076,4440872.544343054
2025-06-25,31386638.77354304,4454587.230357872
2025-06-26,31937384.97777672,4498040.155991808
2025-06-27,32236200.08415343,4521688.196630938
2025-06-30,32510394.81376513,4543267.315753716
2025-07-01,32014043.15238725,4506163.508477415
2025-07-02,32560708.10830361,4548703.023150811
2025-07-03,33165731.002905417,4595198.910147242
2025-07-07,32598197.46906576,4553244.401412256
2025-07-08,32608326.473011084,4554678.110161501
2025-07-09,33169482.182833567,4597811.41041957
2025-07-10,33219907.4076081,4602230.701565753
2025-07-11,33078464.25873185,4592272.61099473
2025-07-14,33233790.72619304,4604607.049487198
2025-07-15,33336872.307148423,4613075.941929757
2025-07-16,33487164.660673656,4624940.433728179
2025-07-17,33945344.55209089,4659666.543175937
2025-07-18,33968523.881144546,4662008.52493542
2025-07-21,34196178.2446705,4679640.121274167
2025-07-22,33941680.85566368,4661569.901949316
2025-07-23,34319586.730919585,4690090.736268729
2025-07-24,34427371.28158327,4698668.079340736
2025-07-25,34574005.55819413,4710016.652301995
2025-07-28,34777710.547863714,4725806.246967263
2025-07-29,34524069.0518003,4708002.561119831
2025-07-30,34612853.923584044,4715117.175242587
2025-07-31,34583847.21293457,4713618.129327657
2025-08-01,33134320.506468337,4608329.305710947
2025-08-04,34330960.203267746,4698473.656227424
2025-08-05,33905248.79476991,4668005.046690643
2025-08-06,34662340.98507054,4724549.701910697
2025-08-07,34876947.01996439,4741016.521231643
2025-08-08,35508512.486681186,4787399.841970598
2025-08-11,35300455.41655306,4773091.572113209
2025-08-12,36212131.96891338,4839382.217593988
2025-08-13,36303541.74603059,4846470.235430058
2025-08-14,36288904.730575226,4846034.155575336
2025-08-15,36004893.424086146,4826576.392594301
2025-08-18,36019390.98554703,4828206.732547184
2025-08-19,35024924.35250591,4758047.360289915
2025-08-20,34579825.051477976,4726442.522962713
2025-08-21,34350560.32746983,4710359.896316403
2025-08-22,35554969.39399715,4798924.722674978
2025-08-25,35401123.59877087,4788490.810707855
2025-08-26,35688944.892686665,4809808.933191195
2025-08-27,35825076.66330287,4820164.282207838
2025-08-28,36178056.74596205,4845958.039463606
2025-08-29,35386863.070646085,4790344.894550067
2025-09-02,34834414.00220115,4751181.604010458
2025-09-03,35499521.77074534,4799990.630931824
2025-09-04,36146326.519045055,4846984.337455174
2025-09-05,36115180.37548931,4845470.028756545
2025-09-08,36417598.17072189,4867536.676807899
2025-09-09,36666139.88503803,4885692.786046799
2025-09-10,36679537.634985454,4887276.263632551
2025-09-11,37170719.469902,4922453.761313429
2025-09-12,37477177.24492445,4944461.954831852
2025-09-15,38136484.75638052,4990951.33619795
2025-09-16,38081867.27842496,4987767.456084664
2025-09-17,37840196.11240394,4971665.809913597
2025-09-18,38508942.35832839,5018547.795306692
2025-09-19,39025685.81667313,5054570.920120198
2025-09-22,39535428.15185472,5089867.707272163
2025-09-23,38816845.97351234,5041855.271501142
2025-09-24,38562986.72305636,5025087.289091836
2025-09-25,38187786.59656149,4999931.655462992
2025-09-26,38503155.749797344,5022246.607346723
2025-09-29,38845021.72505741,5046284.565598532
2025-09-30,39063496.75372478,5061786.136506673
2025-10-01,39369129.83415039,5083161.320739818
2025-10-02,39655325.69547456,5103139.18014512
2025-10-03,39438585.51012545,5089066.237408748
2025-10-06,39963279.590075225,5125189.879628076
2025-10-07,39447881.64334695,5091062.192660583
2025-10-08,40281956.61380227,5148156.805065801
2025-10-09,40212776.21043818,5144090.414177921
2025-10-10,37476995.62871448,4960966.133356603
2025-10-13,39041404.94927696,5070601.355309651
2025-10-14,38468994.80185735,5032089.188403199
2025-10-15,38944502.10769139,5065362.169843578
2025-10-16,38586545.39306583,5041454.001403291
2025-10-17,38962063.51024984,5067813.379603353
2025-10-20,39971094.95505172,5137330.184684359
2025-10-21,39842362.31256764,5129213.941481751
2025-10-22,39130454.968911335,5081678.978250957
2025-10-23,39783814.95289047,5126805.868202617
2025-10-24,40646695.136679895,5185715.840171376
2025-10-27,42085913.63423932,5282512.905115605
2025-10-28,42725810.581122674,5325106.532093007
2025-10-29,43168152.74256546,5354505.599667214
2025-10-30,41860023.58508492,5270303.163783398
2025-10-31,42341111.2490842,5302571.9883492505
2025-11-03,42709158.67764417,5327229.747625446
2025-11-04,41036389.60215488,5218714.228745446
2025-11-05,41537273.55712555,5252624.675980871
2025-11-06,40025634.3441669,5153103.1286518285
2025-11-07,39855702.5789784,5142172.334273288
2025-11-10,41575788.103459135,5259117.709533904
2025-11-11,41370595.017421,5246083.683881427
2025-11-12,41155988.77524588,5232384.965383403
2025-11-13,39349735.27600213,5112667.004936106
2025-11-14,39442751.0059946,5119546.753968602
2025-11-17,38804870.29114898,5076629.898805777
2025-11-18,37903571.86615612,5015222.26451538
2025-11-19,38319686.75657754,5044713.966656224
2025-11-20,36743203.19697079,4936138.26215683
2025-11-21,37353533.1684049,4979859.800503894
2025-11-24,39256391.75245788,5113888.266266724
2025-11-25,39752568.42679022,5148348.562767126
2025-11-26,40368893.50234164,5190752.39169416
2025-11-28,40863717.14956732,5224639.241696776
2025-12-01,40557969.26018077,5204690.897596826
2025-12-02,41010097.57716988,5235616.874046463
2025-12-03,41139253.01411353,5244779.979033218
2025-12-04,41304219.76066477,5256320.779099546
2025-12-05,41543164.34641828,5272768.320161421
2025-12-08,41428538.967393234,5265686.174955116
2025-12-09,41525284.60794933,5272652.50650699
2025-12-10,41780552.16026991,5290145.983719158
2025-12-11,41570867.705920815,5276788.120926931
2025-12-12,40222439.83013686,5187746.499718623
2025-12-15,39760768.02844548,5157059.174358694
2025-12-16,39932663.48189651,5169271.050214653
2025-12-17,38548959.080774814,5075869.870431894
2025-12-18,39555677.41716658,5146008.929116882
2025-12-19,40537311.06767193,5213516.536481418
2025-12-22,40933716.08752174,5240753.485453636
2025-12-23,41371485.53823422,5270630.984084492
2025-12-24,41538092.92124274,5282270.138257753
2025-12-26,41464072.4901357,5277874.743354242
2025-12-29,41059234.982410245,5251435.536964297
2025-12-30,40868600.811248034,5239196.250711132
2025-12-31,40272541.696574695,5199703.363652432
2026-01-02,40245755.41818756,5198404.445286006
2026-01-05,40769393.8851766,5234366.691370676
2026-01-06,41267092.81117282,5268352.895425604
2026-01-07,41385419.78492282,5276781.040702567
2026-01-08,41029954.70448953,5253579.446352876
2026-01-09,41662588.59338991,5296514.026031947
2026-01-12,41867022.8848908,5310636.001750197
2026-01-13,41779992.04496903,5305385.275285304
2026-01-14,40972006.35495111,5252229.402716636
2026-01-15,41160382.76220677,5265393.319338451
2026-01-16,41105617.9723953,5262245.125229767
2026-01-20,39226592.39720224,5136814.793914151
2026-01-21,40101857.5578883,5197470.732036676
2026-01-22,40791790.20473459,5244858.647146576
2026-01-23,41002691.13386574,5259579.577117735
2026-01-26,41330400.675895765,5282111.47744906
2026-01-27,42046217.9673051,5330521.0696483655
2026-01-28,42176382.5246964,5339678.660007512
2026-01-29,41587807.22568181,5301235.567851831
2026-01-30,40832640.67367662,5251382.740442907
2026-02-02,41259726.82870402,5280669.949401421
2026-02-03,40128311.81693372,5205382.206492695
2026-02-04,38968493.08249608,5127026.637225268
2026-02-05,37783336.54420297,5045672.095398386
2026-02-06,39342042.30693527,5155616.914687167
2026-02-09,40011794.42822319,5202180.084861411
2026-02-10,39558819.18915936,5171814.556592124
2026-02-11,39435676.63766673,5163878.586273249
2026-02-12,37900796.84146135,5058935.045834644
2026-02-13,37734369.94720056,5047754.186190757
2026-02-17,37829939.74639744,5054973.823552416
2026-02-18,38383025.22286788,5094330.127418962
2026-02-19,38149932.74093972,5078577.4711065255
2026-02-20,38795230.33168059,5124225.4107526
2026-02-23,37954281.75644656,5066401.533689914
2026-02-24,38703197.65581227,5119456.024978492
2026-02-25,39627255.2679878,5184154.272719563
2026-02-26,38728577.37476223,5122991.679279425
2026-02-27,38045633.85987737,5076051.812582025
2026-03-02,38297733.48284933,5094232.130899244
2026-03-03,37548485.42907718,5042362.794551288
2026-03-04,38465021.756524816,5107602.2726145005
2026-03-05,38271794.3641485,5094625.335229776
2026-03-06,37109668.3665928,5013831.314008573
2026-03-09,38075214.374557726,5082989.173293417
2026-03-10,38073479.54127261,5083367.838551864
2026-03-11,38128805.44730628,5087751.215024283
2026-03-12,36832798.06174499,4997354.444058783
2026-03-13,36179825.88728547,4951195.204192194
2026-03-16,37009456.30086686,5011523.911044299
2026-03-17,37335228.10504519,5035240.16905396
2026-03-18,36297484.682677954,4962090.093399279
2026-03-19,36100421.52039734,4948380.758219855
2026-03-20,34721764.24033623,4849247.309093284
2026-03-23,35625120.203540966,4916374.981118944
2026-03-24,35051250.12118991,4875078.816422707
2026-03-25,35558560.85713418,4912814.344594491
2026-03-26,33950093.15102703,4796048.785132524
2026-03-27,32567132.93976205,4693171.820549028
2026-03-30,32111931.758822344,4658845.137612022
2026-03-31,34423378.87290901,4837290.244840632
2026-04-01,35173580.13506922,4893488.196443035
2026-04-02,35285242.33143363,4902170.285766652
2026-04-06,35638227.11062557,4928537.487207518
2026-04-07,35699256.64618252,4933474.348174583
2026-04-08,37591081.40198061,5071872.683808876
2026-04-09,38177461.28466239,5113991.230281183
2026-04-10,38428131.51611282,5132144.667473628
2026-04-13,38694059.1001119,5195200.438151734
2026-04-14,39925523.6168429,5297360.376553575
2026-04-15,41028615.09256481,5381956.124689025
2026-04-16,41281171.62252905,5401509.062289167
2026-04-17,42399662.397948,5483610.676851627
2026-04-20,42156896.35615484,5469378.117773296
2026-04-21,41697414.91465543,5437139.551998092
2026-04-22,42908339.5759956,5526381.173406647
2026-04-23,42187398.51441746,5477413.59145037
2026-04-24,43423837.55970965,5566770.276540355
2026-04-27,43559010.43684064,5578221.674869253
2026-04-28,42827210.94526024,5528304.046567149
2026-04-29,42847191.74581105,5530551.493013693
2026-04-30,43539539.16690423,5579788.180194158
2026-05-01,44252571.23104578,5629712.804063496
2026-05-04,44084980.90641166,5619392.208629819
2026-05-05,44920906.99281182,5677435.273064988
2026-05-06,46631444.4936541,5792528.301914553
2026-05-07,46507283.48415979,5785326.570715222
2026-05-08,48015035.50450595,5884302.573573783
2026-05-11,48098265.24540748,5890507.159427223
2026-05-12,47438496.26789796,5848962.618343217
2026-05-13,48492966.283027455,5919532.067241793
2026-05-14,49305378.97164386,5971886.021535462
2026-05-15,47835979.1499123,5880084.105903327
2026-05-18,47356412.31159845,5850087.261940409
2026-05-19,46584202.55515095,5800893.570777042
2026-05-20,47955157.0560188,5890643.374316379
2026-05-21,48024739.006153226,5895882.705707607
2026-05-22,48189545.6819932,5907430.259374034
2026-05-26,49283637.93344128,5977581.345691063
2026-05-27,49338253.0521051,5981883.635159905
2026-05-28,50192384.21812584,6036461.244000503
2026-05-29,50382180.76954772,6048972.453914436
2026-06-01,50787985.48495161,6074725.435073948
2026-06-02,50803978.39389525,6076460.10186583
2026-06-03,49919043.33471423,6022796.95514686
2026-06-04,49825603.61419652,6017777.546421741
2026-06-05,45829515.27224406,5766378.379679992
2026-06-08,46567059.25039248,5815911.255284842
2026-06-09,45697750.50856844,5759787.43121619
2026-06-10,43981063.51355216,5645683.466862609
2026-06-11,46094362.2688162,5789409.997803761
2026-06-12,46353300.62541616,5807308.775047645
2026-06-15,49087948.43312174,5985801.461359119
2026-06-16,47985556.78363416,5916942.542533729
2026-06-17,46737383.414787136,5837518.958497525
2026-06-18,48440773.77768109,5948987.615474275
2026-06-22,47199285.65614998,5870312.46093589
2026-06-23,45203697.707897104,5740431.4575784905
2026-06-24,44823883.3387682,5715800.334619558
2026-06-25,44418961.35837796,5689453.3857368175
2026-06-26,44207761.52389874,5675907.275807771
2026-06-29,45929434.86104719,5793278.093002236
2026-06-30,47259470.268857054,5881723.790633522
2026-07-01,46649958.08252596,5842891.688502013
2026-07-02,45930181.244310245,5796503.270193172
2026-07-06,46900204.24730785,5861374.605987494
2026-07-07,45852595.31046426,5793642.211672589
2026-07-08,46016673.25484778,5805440.045607993
